study	note	group_key	options	n_runs_raw	n_after_run_collapse	n_before_subject_collapse	n	n_case	n_control	frac_female	sex_diff	age_smd	n_genes_detected	n_female	n_male	n_female_case	n_female_control	n_sex_meta_missing	n_sex_mismatch	n_sex_ambiguous	n_sex_ambiguous_excluded	n_age_missing	n_sv	sv_sex_r2	qc_mito_smd	qc_unique_smd	qc_intron_smd	qc_assigned_smd	qc_depth_smd	cell_panel	cell_a_smd	cell_b_smd	globin_smd	globin_max	globin_range	batch_var	batch_v_max	batch_v_platform	batch_v_layout	batch_v_center	batch_v_pubmonth	batch_v_readlen	intron_range	models	M1_n_deg_ref	M1_n_deg_alt	M1_jaccard	M1_top100_overlap	M1_t_spearman	M1_sign_flip_deg	M1_sexgene_deg_ref	M1_sexgene_deg_alt	M0perm_n_deg_ref	M0perm_n_deg_alt	M0perm_jaccard	M0perm_top100_overlap	M0perm_t_spearman	M0perm_sign_flip_deg	M0perm_sexgene_deg_ref	M0perm_sexgene_deg_alt	M0permw_n_deg_ref	M0permw_n_deg_alt	M0permw_jaccard	M0permw_top100_overlap	M0permw_t_spearman	M0permw_sign_flip_deg	M0permw_sexgene_deg_ref	M0permw_sexgene_deg_alt	M3_n_deg_ref	M3_n_deg_alt	M3_jaccard	M3_top100_overlap	M3_t_spearman	M3_sign_flip_deg	M3_sexgene_deg_ref	M3_sexgene_deg_alt	M3v1_n_deg_ref	M3v1_n_deg_alt	M3v1_jaccard	M3v1_top100_overlap	M3v1_t_spearman	M3v1_sign_flip_deg	M3v1_sexgene_deg_ref	M3v1_sexgene_deg_alt	M4_n_deg_ref	M4_n_deg_alt	M4_jaccard	M4_top100_overlap	M4_t_spearman	M4_sign_flip_deg	M4_sexgene_deg_ref	M4_sexgene_deg_alt	M4v1_n_deg_ref	M4v1_n_deg_alt	M4v1_jaccard	M4v1_top100_overlap	M4v1_t_spearman	M4v1_sign_flip_deg	M4v1_sexgene_deg_ref	M4v1_sexgene_deg_alt	M5_n_deg_ref	M5_n_deg_alt	M5_jaccard	M5_top100_overlap	M5_t_spearman	M5_sign_flip_deg	M5_sexgene_deg_ref	M5_sexgene_deg_alt	M5v1_n_deg_ref	M5v1_n_deg_alt	M5v1_jaccard	M5v1_top100_overlap	M5v1_t_spearman	M5v1_sign_flip_deg	M5v1_sexgene_deg_ref	M5v1_sexgene_deg_alt	M4perm_n_deg_ref	M4perm_n_deg_alt	M4perm_jaccard	M4perm_top100_overlap	M4perm_t_spearman	M4perm_sign_flip_deg	M4perm_sexgene_deg_ref	M4perm_sexgene_deg_alt	M4permv1_n_deg_ref	M4permv1_n_deg_alt	M4permv1_jaccard	M4permv1_top100_overlap	M4permv1_t_spearman	M4permv1_sign_flip_deg	M4permv1_sexgene_deg_ref	M4permv1_sexgene_deg_alt	M5perm_n_deg_ref	M5perm_n_deg_alt	M5perm_jaccard	M5perm_top100_overlap	M5perm_t_spearman	M5perm_sign_flip_deg	M5perm_sexgene_deg_ref	M5perm_sexgene_deg_alt	M5permv1_n_deg_ref	M5permv1_n_deg_alt	M5permv1_jaccard	M5permv1_top100_overlap	M5permv1_t_spearman	M5permv1_sign_flip_deg	M5permv1_sexgene_deg_ref	M5permv1_sexgene_deg_alt	M7_n_deg_ref	M7_n_deg_alt	M7_jaccard	M7_top100_overlap	M7_t_spearman	M7_sign_flip_deg	M7_sexgene_deg_ref	M7_sexgene_deg_alt	M7v1_n_deg_ref	M7v1_n_deg_alt	M7v1_jaccard	M7v1_top100_overlap	M7v1_t_spearman	M7v1_sign_flip_deg	M7v1_sexgene_deg_ref	M7v1_sexgene_deg_alt	M7perm_n_deg_ref	M7perm_n_deg_alt	M7perm_jaccard	M7perm_top100_overlap	M7perm_t_spearman	M7perm_sign_flip_deg	M7perm_sexgene_deg_ref	M7perm_sexgene_deg_alt	M7permv1_n_deg_ref	M7permv1_n_deg_alt	M7permv1_jaccard	M7permv1_top100_overlap	M7permv1_t_spearman	M7permv1_sign_flip_deg	M7permv1_sexgene_deg_ref	M7permv1_sexgene_deg_alt	M2_n_deg_ref	M2_n_deg_alt	M2_jaccard	M2_top100_overlap	M2_t_spearman	M2_sign_flip_deg	M2_sexgene_deg_ref	M2_sexgene_deg_alt	M2perm_n_deg_ref	M2perm_n_deg_alt	M2perm_jaccard	M2perm_top100_overlap	M2perm_t_spearman	M2perm_sign_flip_deg	M2perm_sexgene_deg_ref	M2perm_sexgene_deg_alt	M6_n_deg_ref	M6_n_deg_alt	M6_jaccard	M6_top100_overlap	M6_t_spearman	M6_sign_flip_deg	M6_sexgene_deg_ref	M6_sexgene_deg_alt	M6v1_n_deg_ref	M6v1_n_deg_alt	M6v1_jaccard	M6v1_top100_overlap	M6v1_t_spearman	M6v1_sign_flip_deg	M6v1_sexgene_deg_ref	M6v1_sexgene_deg_alt	M6perm_n_deg_ref	M6perm_n_deg_alt	M6perm_jaccard	M6perm_top100_overlap	M6perm_t_spearman	M6perm_sign_flip_deg	M6perm_sexgene_deg_ref	M6perm_sexgene_deg_alt	M6permv1_n_deg_ref	M6permv1_n_deg_alt	M6permv1_jaccard	M6permv1_top100_overlap	M6permv1_t_spearman	M6permv1_sign_flip_deg	M6permv1_sexgene_deg_ref	M6permv1_sexgene_deg_alt	design_type	experimental_setting	sex_composition	scope_flags	confidence	tissue_category	first_published	valid	single_sex	design_sex	design_age	design
ERP001304	unknown | between_subject_case_control | conf=high |  | n=18	disease_factor	tissue:unknown	18	18	18	18	9	9	0	0	0.115	18801.5	0	18	0	0	0	0	0	0	0	0		-0.14	-0.405	0.132	-0.174	-0.402	generic	0.066	0.34	0.076	5e-04	5e-04								6.02	M0																																																																																																																																																																																									between_subject_case_control	in_vivo_tissue	male_only	""	high	unknown	2012-08-03	TRUE	TRUE	single_sex	balanced	single_sex
ERP004043	unknown | genotype_comparison | conf=high | tumor_tissue | n=34	genotype	in:disease=clear cell renal carcinoma;subj:individual;tissue:unknown	34	34	32	24	9	15	0.58	0.044		26978.5	14	10	5	9	24	0	0	8	24	5	0.397	-0.397	-0.076	-0.071	-0.041	0.276	generic	-0.139	0.427	0.161	3e-04	3e-04								30.02	M0,M1,M0perm,M3,M4,M5,M4perm,M5perm,M0permw	0	0		0.95	0.997	0	0	0	0	0		0.57	0.938	0	0	0	0	0		0.91	0.997	0	0	0	0	0		0.33	0.723	0	0	0	0	0		0.31	0.737	0	0	0	0	0		0.68	0.964	0	0	0	0	0		0.69	0.967	0	0	0	0	0		0.71	0.965	0	0	0	0	0		0.73	0.967	0	0	0	0	0		0.77	0.971	0	0	0	0	0		0.77	0.975	0	0	0	0	0		0.57	0.934	0	0	0	0	0		0.57	0.935	0	0	0																																																																																	genotype_comparison	in_vivo_tissue	unknown	tumor_tissue	high	unknown	2013-10-24	TRUE	FALSE	balanced		balanced
ERP006121	other | between_subject_case_control | conf=medium | tumor_tissue | n=124	disease	subj:individual;tissue:other	124	56	56	17	11	6	0.41	0.379		15830	7	10	6	1	17	0	0	0	17	5	0.203	0.498	1.045	1.708	-1.394	0.506	generic	0.136	0.716	-0.597	0.0414	0.0414								13.27	M0,M1,M0perm,M3,M4,M5,M7,M4perm,M5perm,M7perm,M0permw	106	27	0.22	0.76	0.969	0	0	1	106	469	0.152	0.37	0.902	0	0	0	106	59	0.435	0.73	0.963	0	0	0	106	7	0.037	0.33	0.669	0	0	0	27	7	0.097	0.38	0.707	0	1	0	106	9	0.045	0.45	0.813	0	0	1	27	9	0.161	0.54	0.824	0	1	1	106	24	0.193	0.62	0.94	0	0	1	27	24	0.5	0.71	0.973	0	1	1	106	9	0.085	0.65	0.95	0	0	0	27	9	0.286	0.76	0.98	0	1	0	106	13	0.123	0.54	0.938	0	0	0	27	13	0.429	0.59	0.971	0	1	0	106	14	0.062	0.44	0.856	0	0	1	27	14	0.242	0.5	0.885	0	1	1	106	23	0.173	0.64	0.959	0	0	1	27	23	0.562	0.75	0.985	0	1	1																																																	between_subject_case_control	ex_vivo_primary_cells	unknown	tumor_tissue	medium	other	2016-06-23	TRUE	FALSE	partially_confounded		partially_confounded
ERP010142	tumor | between_subject_case_control | conf=medium | tumor_tissue | n=78	molecular subtype	tissue:tumor	78	78	63	63	25	38	1	0	0.163	18722	63	0	25	38	63	0	0	0	0	0		0.363	-0.192	-0.192	-0.119	-0.479	generic	0.188	-0.008	0.02	3e-04	3e-04								9.51	M0																																																																																																																																																																																									between_subject_case_control	in_vivo_tissue	unknown	tumor_tissue	medium	tumor	2015-04-24	TRUE	TRUE	single_sex	balanced	single_sex
ERP010889	unknown | between_subject_case_control | conf=high |  | n=30	disease staging	tissue:unknown	30	30	15	15	10	5	0.67	0.1	0.304	19025	10	5	7	3	0	0	0	0	0	4	0.145	0.181	0.455	-0.069	0.056	0.541	generic	0.998	0.779	-0.091	0	0	readlen	0.189					0.189	24.41	M0,M1,M0perm,M2,M2perm,M3,M4,M5,M6,M4perm,M5perm,M6perm,M0permw	1769	1682	0.826	0.8	0.998	0	0	0	1769	1655	0.807	0.84	0.997	0	0	0	1769	1222	0.668	0.84	0.994	0	0	0	1769	6	0.003	0.29	0.735	0	0	0	1682	6	0.003	0.28	0.732	0	0	0	1769	1021	0.456	0.5	0.964	0	0	0	1682	1021	0.484	0.56	0.965	0	0	0	1769	0	0	0.42	0.832	0	0	0	1682	0	0	0.51	0.832	0	0	0	1769	0	0	0.42	0.843	0	0	0	1682	0	0	0.44	0.845	0	0	0	1769	0	0	0.41	0.862	0	0	0	1682	0	0	0.42	0.864	0	0	0																																	1769	1390	0.684	0.71	0.993	0	0	0	1769	1462	0.724	0.7	0.996	0	0	0	1769	1235	0.608	0.69	0.991	0	0	0	1682	1235	0.67	0.73	0.994	0	0	0	1769	911	0.501	0.72	0.995	0	0	0	1682	911	0.539	0.84	0.996	0	0	0	between_subject_case_control	in_vivo_tissue	both_sexes	""	high	unknown	2016-01-01	TRUE	FALSE	balanced	balanced	balanced
ERP010930	unknown | between_subject_case_control | conf=high | tumor_tissue | n=49	disease	tissue:unknown	49	49	40	40	22	18	0.42	0.167	0.474	23623	17	23	11	6	1	0	5	0	1	5	0.119	0.395	-0.32	-0.437	0.374	-0.02	generic	-0.879	0.093	0.347	0.0076	0.0076								37.29	M0,M1,M0perm,M0a,M2,M2perm,M3,M4,M5,M4perm,M5perm,M0permw	2196	2706	0.777	0.78	0.993	0	0	0	2196	1926	0.851	0.93	0.998	0	0	0	2196	1945	0.811	0.84	0.994	0	0	0	2196	925	0.331	0.47	0.885	0	0	0	2706	925	0.277	0.48	0.866	1	0	0	2196	2558	0.561	0.54	0.947	0	0	0	2706	2558	0.613	0.63	0.956	0	0	0	2196	386	0.147	0.37	0.84	0	0	0	2706	386	0.124	0.44	0.85	0	0	0	2196	2585	0.754	0.75	0.991	0	0	0	2706	2585	0.876	0.92	0.998	0	0	0	2196	1932	0.669	0.65	0.979	0	0	0	2706	1932	0.668	0.81	0.987	0	0	0																																	2288	2433	0.78	0.73	0.988	0	0	0	2288	2631	0.785	0.74	0.991	0	0	0																																	between_subject_case_control	in_vivo_tissue	both_sexes	tumor_tissue	high	unknown	2015-07-07	TRUE	FALSE	mildly_imbalanced	mildly_imbalanced	mildly_imbalanced
ERP013206	unknown | between_subject_case_control | conf=medium | tumor_tissue | n=62	disease staging	tissue:unknown	62	62	19	19	14	5	0.42	0.514		19517	8	11	4	4	19	0	0	0	19	5	0.27	0.685	-0.985	2.058	-2.446	-0.133	generic	4.383	6.512	0.747	0.0012	0.0012	readlen	0.151					0.151	22.92	M0,M1,M0perm,M3,M4,M5,M6,M4perm,M5perm,M6perm,M0permw	8754	7805	0.733	0.78	0.961	0	0	0	8754	8473	0.895	0.87	0.995	0	0	0	8754	8263	0.776	0.87	0.978	0	0	0	8754	12978	0.667	0.42	0.973	0	0	1	7805	12978	0.569	0.42	0.955	0	0	1	8754	9401	0.661	0.61	0.92	2	0	1	7805	9401	0.744	0.65	0.967	0	0	1	8754	1121	0.082	0.08	0.4	1864	0	0	7805	1121	0.097	0.12	0.49	1171	0	0	8754	7365	0.683	0.67	0.946	0	0	0	7805	7365	0.851	0.77	0.99	0	0	0	8754	7444	0.693	0.69	0.954	0	0	0	7805	7444	0.853	0.81	0.988	0	0	0																																																	8754	7827	0.726	0.75	0.957	0	0	0	7805	7827	0.947	0.91	0.998	0	0	0	8754	5876	0.585	0.61	0.934	0	0	1	7805	5876	0.701	0.79	0.969	0	0	1	between_subject_case_control	in_vivo_tissue	unknown	tumor_tissue	medium	unknown	2017-07-24	TRUE	FALSE	partially_confounded		partially_confounded
ERP015831	unknown | between_subject_case_control | conf=medium | tumor_tissue | n=15	disease	subj:individual;tissue:unknown	15	15	15	14	10	4	0.43	0.1		18145	6	8	4	2	14	0	0	1	14	4	0.241	-1.862	0.815	-0.441	0.292	-0.048	generic	2.117	1.637	0.38	0.0016	0.0015	readlen	0.258					0.258	5.01	M0,M1,M0perm,M3,M4,M5,M6,M4perm,M5perm,M6perm,M0permw	4680	4786	0.894	0.8	0.998	0	0	0	4680	5840	0.764	0.72	0.992	0	0	0	4680	4393	0.874	0.88	0.997	0	0	0	4680	4241	0.591	0.5	0.925	0	0	0	4786	4241	0.56	0.44	0.912	0	0	0	4680	1486	0.252	0.34	0.823	47	0	0	4786	1486	0.244	0.32	0.818	48	0	0	4680	364	0.069	0.45	0.831	38	0	1	4786	364	0.067	0.44	0.838	26	0	1	4680	2769	0.569	0.77	0.989	0	0	0	4786	2769	0.566	0.87	0.991	0	0	0	4680	5435	0.679	0.57	0.98	0	0	0	4786	5435	0.695	0.6	0.983	0	0	0																																																	4680	3602	0.712	0.78	0.992	0	0	0	4786	3602	0.716	0.9	0.994	0	0	0	4680	4049	0.774	0.74	0.99	0	0	1	4786	4049	0.796	0.86	0.993	0	0	1	between_subject_case_control	in_vivo_tissue	unknown	tumor_tissue	medium	unknown	2018-07-04	TRUE	FALSE	balanced		balanced
ERP016798	unknown | between_subject_case_control | conf=high | tumor_tissue | n=63	disease	tissue:unknown	63	63	63	63	12	51	1	0		21259	63	0	12	51	63	0	0	0	63	0		-0.643	-0.784	0.584	-0.525	-0.081	generic	0.467	-0.822	0.067	2e-04	2e-04								7.42	M0																																																																																																																																																																																									between_subject_case_control	in_vivo_tissue	unknown	tumor_tissue	high	unknown	2016-10-02	TRUE	TRUE	single_sex		single_sex
ERP022260	blood | between_subject_case_control | conf=medium |  | n=22	disease	subj:individual;tissue:blood	22	22	22	17	13	4	0.65	0.192		16887	11	6	9	2	0	1	0	0	17	5	0.626	-0.127	0.557	0.702	-0.434	-0.245	blood	-1.001	-2.739	0.416	7e-04	7e-04								3.48	M0,M1,M0perm,M3,M4,M5,M4perm,M5perm,M0permw	1	1	1	0.71	0.973	0	0	0	1	2	0.5	0.69	0.985	0	0	0	1	0	0	0.86	0.984	0	0	0	1	3	0.333	0.34	0.7	0	0	0	1	3	0.333	0.37	0.688	0	0	0	1	0	0	0.57	0.932	0	0	0	1	0	0	0.73	0.961	0	0	0	1	0	0	0.05	0.21	0	0	0	1	0	0	0.07	0.194	0	0	0	1	0	0	0.45	0.879	0	0	0	1	0	0	0.58	0.915	0	0	0	1	0	0	0.39	0.86	0	0	0	1	0	0	0.46	0.864	0	0	0																																																																																	between_subject_case_control	ex_vivo_primary_cells	both_sexes	""	medium	blood	2019-01-24	TRUE	FALSE	mildly_imbalanced		mildly_imbalanced
ERP022906	unknown | between_subject_case_control | conf=medium |  | n=13	disease	tissue:unknown	13	13	13	13	8	5	0.54	0.225		14515	7	6	5	2	13	0	0	0	13	4	0.323	-0.557	-0.211	-0.935	0.581	-0.929	generic	-0.653	0.131	0.189	0.7026	0.5051	readlen	0.592					0.592	1.16	M0,M1,M0perm,M3,M4,M5,M6,M7,M4perm,M5perm,M6perm,M7perm,M0permw	208	229	0.707	0.84	0.962	0	0	0	208	194	0.648	0.85	0.985	0	0	0	208	158	0.726	0.9	0.99	0	0	0	208	407	0.395	0.61	0.871	0	0	0	229	407	0.429	0.63	0.912	0	0	0	208	93	0.42	0.8	0.938	0	0	1	229	93	0.388	0.79	0.972	0	0	1	208	150	0.361	0.6	0.873	0	0	0	229	150	0.378	0.63	0.928	0	0	0	208	154	0.508	0.73	0.929	0	0	0	229	154	0.544	0.8	0.981	0	0	0	208	133	0.543	0.78	0.963	0	0	0	229	133	0.521	0.86	0.986	0	0	0	208	313	0.588	0.79	0.96	0	0	0	229	313	0.732	0.83	0.996	0	0	0	208	174	0.598	0.79	0.95	0	0	0	229	174	0.686	0.89	0.993	0	0	0																	208	162	0.386	0.56	0.918	0	0	0	229	162	0.401	0.63	0.946	0	0	0	208	124	0.482	0.74	0.95	0	0	0	229	124	0.471	0.82	0.961	0	0	0	between_subject_case_control	in_vivo_tissue	unknown	""	medium	unknown	2018-02-27	TRUE	FALSE	mildly_imbalanced		mildly_imbalanced
ERP022968	unknown | between_subject_case_control | conf=medium | tumor_tissue | n=29	disease	subj:individual;tissue:unknown	29	29	9	8	4	4	0.5	0.5		20379.5	4	4	1	3	8	0	0	0	8	0		3.741	-0.243	-15.665	19.364	-0.229	generic	2.391	-1.55	-0.662	1e-04	1e-04								31.66	M0,M1,M0perm,M4,M5,M4perm,M5perm,M0permw	16646	14777	0.86	0.8	0.993	0	2	5	16646	16185	0.857	0.73	0.986	0	2	1	16646	14549	0.846	0.81	0.993	0	2	1																	16646	0	0	0.06	0.669	2765	2	0	14777	0	0	0.08	0.696	2013	5	0	16646	10636	0.5	0.11	0.856	894	2	3	14777	10636	0.539	0.13	0.874	262	5	3	16646	12326	0.728	0.56	0.989	0	2	4	14777	12326	0.818	0.67	0.995	0	5	4	16646	12438	0.728	0.55	0.986	0	2	5	14777	12438	0.797	0.66	0.988	0	5	5																																																																																	between_subject_case_control	in_vivo_tissue	unknown	tumor_tissue	medium	unknown	2017-05-18	TRUE	FALSE	partially_confounded		partially_confounded
ERP023222	unknown | between_subject_case_control | conf=high | tumor_tissue | n=30	disease	subj:individual;tissue:unknown	30	30	30	30	26	4	1	0		20129.5	30	0	26	4	0	0	0	0	30	0		-0.096	0.579	1.531	-0.806	-0.364	generic	0.509	-1.604	-0.314	5e-04	5e-04	readlen	0.09		0.043			0.09	4.21	M0																																																																																																																																																																																									between_subject_case_control	in_vivo_tissue	female_only	tumor_tissue	high	unknown	2018-07-04	TRUE	TRUE	single_sex		single_sex
ERP023272	unknown | between_subject_case_control | conf=high | ffpe_or_degraded | n=68	disease	tissue:unknown	68	68	68	49	25	24	0.84	0.075		19889	41	8	20	21	49	0	0	19	49	5	0.047	0.379	0.24	-0.313	0.248	1.485	generic	0.335	0.015	-0.485	0	0								8.87	M0,M1,M0perm,M3,M4,M5,M4perm,M5perm,M0permw	1927	1824	0.9	0.97	0.997	0	0	0	1927	1918	0.957	0.96	0.999	0	0	0	1927	1849	0.923	0.95	0.997	0	0	0	1927	1986	0.575	0.67	0.895	0	0	0	1824	1986	0.575	0.68	0.895	1	0	0	1927	2200	0.722	0.7	0.977	0	0	0	1824	2200	0.718	0.71	0.979	0	0	0	1927	1984	0.776	0.84	0.98	0	0	0	1824	1984	0.8	0.86	0.984	0	0	0	1927	1673	0.775	0.88	0.983	0	0	0	1824	1673	0.808	0.88	0.986	0	0	0	1927	1824	0.858	0.91	0.994	0	0	0	1824	1824	0.905	0.92	0.997	0	0	0																																																																																	between_subject_case_control	in_vivo_tissue	unknown	ffpe_or_degraded	high	unknown	2018-07-04	TRUE	FALSE	balanced		balanced
ERP104782	unknown | between_subject_case_control | conf=high |  | n=17	clinical history	ex:clinical history=cured infection (6 months after treatment);subj:individual;tissue:unknown	17	17	11	11	6	5	0.27	0.5	1.239	16486	3	8	3	0	0	0	0	0	0	2	0.363	-1.299	-0.247	0.017	-0.246	1.288	generic	-0.928	-1.311	0.832	0.0147	0.0142								2.79	M0,M1,M0perm,M2,M2perm,M3,M4,M5,M7,M4perm,M5perm,M7perm,M0permw	0	409	0	0.18	0.905	0	0	1	0	0		0.82	0.994	0	0	0	0	409	0	0.18	0.905	0	0	1	0	0		0.05	0.256	0	0	0	409	0	0	0.03	0.18	22	1	0	0	0		0.1	0.799	0	0	0	409	0	0	0.6	0.921	0	1	0	0	0		0.06	0.743	0	0	0	409	0	0	0.43	0.828	0	1	0	0	963	0	0.13	0.842	0	0	1	409	963	0.308	0.28	0.949	0	1	1	0	349	0	0.04	0.842	0	0	1	409	349	0.371	0.41	0.943	0	1	1	0	0		0.25	0.878	0	0	0	409	0	0	0.38	0.904	0	1	0	0	1775	0	0.17	0.891	0	0	1	409	1775	0.23	0.43	0.974	0	1	1	0	0		0.16	0.861	0	0	0	0	143	0	0.17	0.909	0	0	1																																	between_subject_case_control	in_vivo_tissue	both_sexes	""	high	unknown	2018-01-26	TRUE	FALSE	partially_confounded	partially_confounded	partially_confounded
ERP104864	unknown | between_subject_case_control | conf=medium |  | n=154	pathotype	in:organism part=synovium;ex:pathotype=ungraded;subj:individual;tissue:unknown	154	154	61	61	45	16	0.75	0.006	0.146	18218	46	15	34	12	0	2	0	0	0	5	0.43	-0.304	0.293	-0.329	0.422	0.201	generic	2.025	-0.865	-0.68	0.0931	0.0931	readlen	0.158					0.158	3.37	M0,M1,M0perm,M2,M2perm,M3,M4,M5,M6,M7,M4perm,M5perm,M6perm,M7perm,M0permw	9237	9203	0.985	0.96	1	0	0	0	9237	9187	0.987	0.97	1	0	0	0	9237	9279	0.983	0.94	1	0	0	0	9237	12093	0.729	0.35	0.971	0	0	0	9203	12093	0.729	0.37	0.971	0	0	0	9237	8598	0.882	0.83	0.993	0	0	0	9203	8598	0.886	0.83	0.993	0	0	0	9237	187	0.019	0.27	0.711	785	0	0	9203	187	0.019	0.29	0.711	782	0	0	9237	9005	0.905	0.78	0.995	0	0	0	9203	9005	0.909	0.78	0.996	0	0	0	9237	9199	0.974	0.89	0.999	0	0	0	9203	9199	0.981	0.88	1	0	0	0	9237	7999	0.832	0.87	0.988	1	0	0	9203	7999	0.835	0.88	0.988	2	0	0	9237	8911	0.931	0.86	0.998	0	0	0	9203	8911	0.936	0.89	0.998	0	0	0	9237	9087	0.967	0.92	0.999	0	0	0	9237	9188	0.97	0.96	0.999	0	0	0	9237	8928	0.929	0.89	0.997	0	0	0	9203	8928	0.932	0.92	0.998	0	0	0	9237	9196	0.919	0.8	0.996	0	0	0	9203	9196	0.919	0.8	0.997	0	0	0	between_subject_case_control	in_vivo_tissue	both_sexes	""	medium	unknown	2019-01-02	TRUE	FALSE	balanced	balanced	balanced
ERP105501	unknown | between_subject_case_control | conf=high |  | n=75	disease	tissue:unknown	75	70	70	70	60	10	0.4	0.35	0.917	16780.5	28	42	27	1	0	0	0	0	0	5	0.116	0.329	0.139	0.009	0.923	0.149	generic	-0.566	0.819	0.138	0.0021	0.0021	readlen	0					0	1.96	M0,M1,M0perm,M2,M2perm,M3,M4,M5,M6,M4perm,M5perm,M6perm,M0permw	7335	6857	0.834	0.86	0.987	5	7	3	7335	7167	0.956	0.95	0.999	0	7	6	7335	6569	0.857	0.94	0.994	0	7	6	7335	9152	0.745	0.71	0.967	0	7	1	6857	9152	0.702	0.69	0.967	2	3	1	7335	7658	0.843	0.82	0.987	5	7	3	6857	7658	0.834	0.82	0.988	0	3	3	7335	4124	0.354	0.51	0.702	421	7	1	6857	4124	0.401	0.55	0.76	167	3	1	7335	6803	0.824	0.87	0.985	5	7	3	6857	6803	0.916	0.93	0.997	0	3	3	7335	7006	0.837	0.86	0.986	5	7	3	6857	7006	0.956	0.94	0.998	0	3	3																																	7335	6387	0.775	0.85	0.978	9	7	4	7335	6553	0.818	0.87	0.987	5	7	3	7335	7680	0.856	0.85	0.989	5	7	3	6857	7680	0.888	0.88	0.997	0	3	3	7335	6875	0.82	0.88	0.983	5	7	3	6857	6875	0.903	0.95	0.995	0	3	3	between_subject_case_control	in_vivo_tissue	both_sexes	""	high	unknown	2017-12-15	TRUE	FALSE	partially_confounded	partially_confounded	partially_confounded
ERP106168	unknown | between_subject_case_control | conf=medium | tumor_tissue | n=14	type	tissue:unknown	14	14	10	10	5	5	0.5	0.2	1.572	16937.5	5	5	3	2	0	0	0	0	0	3	0.091	0.892	-0.162	1.567	-1.363	1.133	generic	0.515	-0.209	0.207	2e-04	2e-04								1.35	M0,M1,M0perm,M2,M2perm,M3,M4,M5,M4perm,M5perm,M0permw	0	2	0	0.7	0.982	0	0	0	0	0		0.74	0.987	0	0	0	0	0		0.82	0.984	0	0	0	0	0		0.29	0.788	0	0	0	2	0	0	0.25	0.785	0	0	0	0	1	0	0.21	0.887	0	0	0	2	1	0.5	0.27	0.909	0	0	0	0	3	0	0.22	0.91	0	0	0	2	3	0.667	0.22	0.894	0	0	0	0	0		0.11	0.62	0	0	0	2	0	0	0.13	0.675	0	0	0	0	1	0	0.39	0.951	0	0	0	2	1	0.5	0.46	0.972	0	0	0																																	0	0		0.14	0.723	0	0	0	0	1	0	0.35	0.839	0	0	0																																	between_subject_case_control	in_vivo_tissue	both_sexes	tumor_tissue	medium	unknown	2019-06-28	TRUE	FALSE	mildly_imbalanced	partially_confounded	partially_confounded
ERP106487	gut | between_subject_case_control | conf=high |  | n=79	disease	in:organism part=terminal ileum;subj:individual;tissue:gut	79	79	21	21	10	11	0.29	0.164	0.194	19365	6	15	2	4	0	0	0	0	0	5	0.344	-1.756	0.263	0.148	-0.255	0.031	gut	-1.082	1.326	0.475	0	0								9.86	M0,M1,M0perm,M2,M2perm,M3,M4,M5,M4perm,M5perm,M0permw	3421	2935	0.833	0.91	0.996	0	0	0	3421	3204	0.844	0.87	0.993	0	0	0	3421	2834	0.805	0.9	0.994	0	0	0	3421	99	0.022	0.44	0.681	100	0	1	2935	99	0.026	0.45	0.688	40	0	1	3421	13	0.004	0.51	0.783	4	0	0	2935	13	0.004	0.53	0.789	1	0	0	3421	591	0.133	0.46	0.739	6	0	0	2935	591	0.151	0.46	0.746	0	0	0	3421	2378	0.656	0.75	0.983	0	0	0	2935	2378	0.743	0.77	0.987	0	0	0	3421	2545	0.71	0.82	0.992	0	0	0	2935	2545	0.811	0.87	0.996	0	0	0																																	3421	3018	0.764	0.85	0.99	0	0	0	3421	2546	0.726	0.86	0.995	0	0	0																																	between_subject_case_control	ex_vivo_primary_cells	both_sexes	""	high	gut	2018-01-27	TRUE	FALSE	mildly_imbalanced	balanced	mildly_imbalanced
ERP106532	unknown | between_subject_case_control | conf=medium | tumor_tissue | n=23	disease	ex:disease=uc;subj:individual;tissue:unknown	23	23	17	14	4	10	0.21	0.05	0.864	18539	3	11	1	2	0	0	0	0	0	4	0.204	-0.795	-0.464	0.312	-0.672	-0.123	generic	0.666	-0.213	0.974	1e-04	1e-04	readlen	0.091					0.091	3.17	M0,M1,M0perm,M2,M2perm,M3,M4,M5,M6,M4perm,M5perm,M6perm,M0permw	0	0		0.72	0.995	0	0	0	0	0		0.51	0.927	0	0	0	0	0		0.88	0.994	0	0	0	0	0		0.22	0.745	0	0	0	0	0		0.16	0.73	0	0	0	0	0		0.24	0.819	0	0	0	0	0		0.34	0.827	0	0	0	0	0		0.32	0.676	0	0	0	0	0		0.38	0.669	0	0	0	0	0		0.29	0.699	0	0	0	0	0		0.33	0.691	0	0	0	0	0		0.38	0.879	0	0	0	0	0		0.48	0.872	0	0	0																																	0	0		0.47	0.912	0	0	0	0	0		0.62	0.98	0	0	0	0	0		0.65	0.977	0	0	0	0	0		0.83	0.983	0	0	0	0	0		0.62	0.99	0	0	0	0	0		0.82	0.995	0	0	0	between_subject_case_control	in_vivo_tissue	both_sexes	tumor_tissue	medium	unknown	2018-07-12	TRUE	FALSE	balanced	partially_confounded	partially_confounded
ERP109255	unknown | between_subject_case_control | conf=high |  | n=69	disease staging	tissue:unknown	69	69	69	69	27	42	0.28	0.087	1.289	18549	19	50	6	13	0	1	3	0	0	5	0.435	0.59	0.226	0.34	-0.338	-0.331	generic	0.372	1.262	-0.417	7e-04	7e-04								24.84	M0,M1,M0perm,M2,M2perm,M3,M4,M5,M4perm,M5perm,M0permw	4395	4453	0.905	0.91	0.996	0	0	0	4395	4397	0.97	0.97	1	0	0	0	4395	4448	0.939	0.93	0.999	0	0	0	4395	1461	0.26	0.52	0.779	34	0	0	4453	1461	0.259	0.55	0.777	39	0	0	4395	5326	0.769	0.74	0.989	0	0	0	4453	5326	0.779	0.77	0.991	0	0	0	4395	0	0	0.41	0.699	328	0	0	4453	0	0	0.44	0.714	311	0	0	4395	4038	0.867	0.87	0.995	0	0	0	4453	4038	0.899	0.92	0.999	0	0	0	4395	3228	0.688	0.81	0.979	0	0	0	4453	3228	0.697	0.84	0.986	0	0	0																																	4395	380	0.086	0.67	0.96	0	0	0	4395	4445	0.911	0.89	0.996	0	0	0																																	between_subject_case_control	in_vivo_tissue	both_sexes	""	high	unknown	2018-07-29	TRUE	FALSE	balanced	partially_confounded	partially_confounded
ERP109626	unknown | between_subject_case_control | conf=high | tumor_tissue | n=62	disease	in:sampling site=pre-lesion;subj:individual;tissue:unknown	62	62	31	31	16	15	0.58	0.092	0.996	17986	18	13	10	8	0	0	2	0	0	5	0.392	-0.257	-0.591	-0.441	0.659	-0.088	generic	0.425	-0.714	0.65	1e-04	1e-04	readlen	0.193					0.193	4.67	M0,M1,M0perm,M2,M2perm,M3,M4,M5,M6,M4perm,M5perm,M6perm,M0permw	9645	9559	0.963	0.98	0.999	0	0	3	9645	9388	0.957	0.97	0.999	0	0	0	9645	9523	0.965	0.96	0.999	0	0	0	9645	10714	0.771	0.34	0.966	0	0	0	9559	10714	0.769	0.34	0.966	5	3	0	9645	9121	0.82	0.79	0.978	0	0	2	9559	9121	0.816	0.79	0.976	0	3	2	9645	6830	0.649	0.58	0.961	1	0	0	9559	6830	0.653	0.57	0.962	1	3	0	9645	9213	0.905	0.89	0.996	0	0	4	9559	9213	0.918	0.89	0.997	0	3	4	9645	9202	0.893	0.81	0.994	0	0	3	9559	9202	0.898	0.83	0.995	0	3	3																																	9645	7125	0.707	0.89	0.978	0	0	1	9645	9611	0.952	0.94	0.999	0	0	3	9645	10515	0.872	0.69	0.993	0	0	4	9559	10515	0.87	0.68	0.993	0	3	4	9645	9349	0.901	0.87	0.996	0	0	3	9559	9349	0.922	0.88	0.998	0	3	3	between_subject_case_control	in_vivo_tissue	both_sexes	tumor_tissue	high	unknown	2018-11-24	TRUE	FALSE	balanced	partially_confounded	partially_confounded
ERP110099	unknown | between_subject_case_control | conf=medium |  | n=28	disease	subj:individual;tissue:unknown	28	28	28	13	8	5	0.23	0.275		16221	3	10	1	2	13	0	0	0	13	4	0.491	-0.92	3.693	1.804	-1.735	-1.13	generic	1.862	0.928	-3.068	0.467	0.4327	readlen	0.539					0.539	5.14	M0,M1,M0perm,M3,M4,M5,M6,M7,M4perm,M5perm,M6perm,M7perm,M0permw	5964	5370	0.78	0.86	0.988	0	0	2	5964	4470	0.71	0.9	0.988	0	0	0	5964	5002	0.768	0.85	0.99	0	0	0	5964	4930	0.587	0.37	0.924	0	0	0	5370	4930	0.568	0.37	0.908	7	2	0	5964	14	0.002	0.36	0.306	1422	0	0	5370	14	0.002	0.37	0.31	1087	2	0	5964	3973	0.537	0.45	0.949	0	0	2	5370	3973	0.601	0.52	0.964	0	2	2	5964	2495	0.402	0.6	0.953	0	0	1	5370	2495	0.45	0.62	0.958	0	2	1	5964	6277	0.693	0.58	0.972	0	0	2	5370	6277	0.698	0.61	0.979	0	2	2	5964	31	0.005	0.54	0.831	37	0	0	5370	31	0.006	0.6	0.836	21	2	0	5964	4606	0.703	0.82	0.988	0	0	1	5370	4606	0.837	0.89	0.998	0	2	1																	5964	2132	0.292	0.38	0.933	0	0	0	5370	2132	0.313	0.36	0.927	0	2	0	5964	5312	0.767	0.74	0.987	0	0	2	5370	5312	0.907	0.79	0.999	0	2	2	between_subject_case_control	in_vivo_tissue	unknown	""	medium	unknown	2019-01-02	TRUE	FALSE	mildly_imbalanced		mildly_imbalanced
ERP113396	unknown | between_subject_case_control | conf=medium |  | n=43	clinical history	tissue:unknown	43	43	43	43	25	18	0.63	0.029		19378	27	16	16	11	43	0	0	0	43	5	0.166	0.186	-0.374	0.364	-0.31	-0.249	generic	0.321	0.234	0.11	4e-04	4e-04								1.2	M0,M1,M0perm,M3,M4,M5,M4perm,M5perm,M0permw	0	0		0.9	0.998	0	0	0	0	0		0.86	0.994	0	0	0	0	0		0.8	0.997	0	0	0	0	0		0.27	0.64	0	0	0	0	0		0.28	0.64	0	0	0	0	0		0.61	0.963	0	0	0	0	0		0.64	0.964	0	0	0	0	0		0.58	0.933	0	0	0	0	0		0.62	0.937	0	0	0	0	0		0.67	0.973	0	0	0	0	0		0.69	0.976	0	0	0	0	0		0.71	0.982	0	0	0	0	0		0.73	0.984	0	0	0																																																																																	between_subject_case_control	in_vivo_tissue	unknown	""	medium	unknown	2019-02-08	TRUE	FALSE	balanced		balanced
ERP114636	unknown | between_subject_case_control | conf=high |  | n=47	clinical information	tissue:unknown	47	47	47	46	23	23	0.5	0.043		19375	23	23	11	12	46	0	0	1	46	5	0.337	-0.464	0.239	0.189	-0.385	0.456	generic	0.628	0.846	-0.505	3e-04	3e-04								1.51	M0,M1,M0perm,M3,M4,M5,M4perm,M5perm,M0permw	1	1	1	0.96	0.999	0	0	0	1	1	1	0.81	0.996	0	0	0	1	1	1	0.93	0.999	0	0	0	1	0	0	0.24	0.572	0	0	0	1	0	0	0.24	0.577	0	0	0	1	28	0.036	0.46	0.934	0	0	0	1	28	0.036	0.48	0.938	0	0	0	1	0	0	0.2	0.643	0	0	0	1	0	0	0.22	0.652	0	0	0	1	1	1	0.68	0.988	0	0	0	1	1	1	0.7	0.99	0	0	0	1	1	1	0.71	0.992	0	0	0	1	1	1	0.74	0.993	0	0	0																																																																																	between_subject_case_control	in_vivo_tissue	unknown	""	high	unknown	2019-08-29	TRUE	FALSE	balanced		balanced
ERP114936	other | between_subject_case_control | conf=medium |  | n=15	disease	subj:individual;tissue:other	15	15	9	9	4	5	0.89	0.25	1.179	16829	8	1	3	5	1	0	0	0	1	0		0.841	0.355	-0.834	2.294	-1.628	generic	0.199	0.653	0.15	0	0								8.26	M0,M1,M0perm,M0a,M2,M2perm,M4,M5,M4perm,M5perm,M0permw	0	0		0.46	0.962	0	0	0	0	0		0.66	0.966	0	0	0	0	0		0.6	0.956	0	0	0																	0	0		0.16	0.848	0	0	0	0	0		0.15	0.872	0	0	0	0	0		0.13	0.833	0	0	0	0	0		0.14	0.889	0	0	0	0	0		0.13	0.549	0	0	0	0	0		0.21	0.659	0	0	0	0	0		0.1	0.535	0	0	0	0	0		0.15	0.643	0	0	0																																	0	0		0.26	0.83	0	0	0	0	0		0.29	0.919	0	0	0																																	between_subject_case_control	ex_vivo_primary_cells	both_sexes	""	medium	other	2019-07-02	TRUE	FALSE	mildly_imbalanced	partially_confounded	partially_confounded
ERP115010	unknown | between_subject_case_control | conf=medium |  | n=360	clinical information	tissue:unknown	360	360	301	292	103	189	0.51	0.012		18063	148	144	53	95	292	0	0	9	292	5	0.4	0.492	0.158	-0.16	0.216	-0.053	generic	0.193	0.454	0.055	0.0414	0.041								14.6	M0,M1,M0perm,M3,M4,M5,M7,M4perm,M5perm,M7perm,M0permw	5889	5992	0.98	0.96	1	0	0	3	5889	5954	0.966	0.96	0.999	0	0	0	5889	5915	0.991	0.98	1	0	0	0	5889	7160	0.718	0.55	0.935	0	0	0	5992	7160	0.721	0.57	0.934	0	3	0	5889	6684	0.729	0.62	0.963	5	0	4	5992	6684	0.734	0.63	0.963	5	3	4	5889	7496	0.701	0.76	0.965	0	0	3	5992	7496	0.708	0.76	0.965	0	3	3	5889	6028	0.961	0.94	0.999	0	0	3	5992	6028	0.972	0.96	1	0	3	3	5889	5919	0.974	0.95	0.999	0	0	3	5992	5919	0.98	0.99	1	0	3	3	5889	6142	0.955	0.94	0.999	0	0	3	5992	6142	0.971	0.97	0.999	0	3	3	5889	5936	0.972	0.95	0.999	0	0	3	5992	5936	0.981	0.99	1	0	3	3																																																	between_subject_case_control	in_vivo_tissue	both_sexes	""	medium	unknown	2019-06-15	TRUE	FALSE	balanced		balanced
ERP115036	unknown | between_subject_case_control | conf=high |  | n=120	disease	subj:individual;tissue:unknown	120	30	20	20	10	10	0.65	0.5		19955.5	13	7	4	9	20	0	0	0	20	5	0.047	0.231	1.319	0.775	-0.136	0.15	generic	1.064	1.422	-0.197	0	0	readlen	0.519					0.519	17.24	M0,M1,M0perm,M3,M4,M5,M6,M4perm,M5perm,M6perm,M0permw	361	7	0.019	0.68	0.906	0	0	0	361	427	0.791	0.81	0.986	0	0	0	361	13	0.036	0.67	0.879	0	0	0	361	709	0.41	0.6	0.876	0	0	0	7	709	0.01	0.44	0.778	0	0	0	361	1	0.003	0.58	0.826	0	0	0	7	1	0	0.5	0.856	0	0	0	361	1	0.003	0.29	0.724	0	0	0	7	1	0	0.41	0.868	0	0	0	361	3	0.008	0.57	0.842	0	0	0	7	3	0	0.59	0.852	0	0	0	361	0	0	0.45	0.856	0	0	0	7	0	0	0.62	0.964	0	0	0																																																	361	0	0	0.29	0.737	0	0	0	7	0	0	0.33	0.796	0	0	0	361	0	0	0.36	0.804	0	0	0	7	0	0	0.37	0.863	0	0	0	between_subject_case_control	in_vivo_tissue	unknown	""	high	unknown	2019-09-03	TRUE	FALSE	partially_confounded		partially_confounded
ERP116722	unknown | between_subject_case_control | conf=high | mixed_organisms | n=53	disease	subj:individual;tissue:unknown	53	46	26	26	5	21	0.38	0.019	0.879	18676.5	10	16	2	8	0	0	0	0	0	4	0.251	0.314	0.236	-0.007	-0.095	0.355	generic	-0.921	-0.23	0.149	0.022	0.022								22.27	M0,M1,M0perm,M2,M2perm,M3,M4,M5,M7,M4perm,M5perm,M7perm,M0permw	0	0		0.75	0.99	0	0	0	0	1	0	0.75	0.974	0	0	0	0	0		0.92	0.996	0	0	0	0	0		0.48	0.745	0	0	0	0	0		0.45	0.752	0	0	0	0	0		0.64	0.957	0	0	0	0	0		0.76	0.964	0	0	0	0	0		0.45	0.825	0	0	0	0	0		0.43	0.813	0	0	0	0	0		0.5	0.837	0	0	0	0	0		0.51	0.847	0	0	0	0	0		0.67	0.966	0	0	0	0	0		0.77	0.974	0	0	0	0	0		0.58	0.95	0	0	0	0	0		0.75	0.959	0	0	0	0	0		0.67	0.981	0	0	0	0	0		0.82	0.985	0	0	0	0	0		0.53	0.939	0	0	0	0	0		0.77	0.968	0	0	0																																	between_subject_case_control	in_vivo_tissue	both_sexes	mixed_organisms	high	unknown	2019-08-07	TRUE	FALSE	balanced	partially_confounded	partially_confounded
SRP002628	tumor | between_subject_case_control | conf=medium | tumor_tissue | n=30	tissue	tissue:tumor	30	30	30	30	20	10	0	0		21005.5	0	30	0	0	30	0	0	0	30	0		0.674	0.031	1.007	-0.853	0.7	generic	0.004	-0.334	-1.136	0	0	pubmonth	0.131				0.131		4.13	M0																																																																																																																																																																																									between_subject_case_control	in_vivo_tissue	male_only	tumor_tissue	medium	tumor	2011-05-03	TRUE	TRUE	single_sex		single_sex
SRP003726	reproductive | between_subject_case_control | conf=medium | tumor_tissue;targeted_assay_suspected | n=14	disease state	tissue:reproductive	14	14	14	14	7	7	0.93	0.143		16161.5	13	1	6	7	14	0	0	0	14	4	0.09	-1.376	-2.94	4.801	-0.287	0.34	generic	-0.014	0.657	-0.538	0.0239	0.0239								10.49	M0,M1,M0perm,M3,M4,M5,M7,M4perm,M5perm,M7perm,M0permw	4653	4435	0.83	0.81	0.991	0	1	1	4653	3843	0.787	0.89	0.993	0	1	1	4653	4022	0.795	0.92	0.992	0	1	1	4653	6392	0.668	0.48	0.974	0	1	1	4435	6392	0.63	0.43	0.965	0	1	1	4653	0	0	0.09	0.563	497	1	0	4435	0	0	0.11	0.559	449	1	0	4653	5200	0.694	0.6	0.961	0	1	1	4435	5200	0.747	0.7	0.974	0	1	1	4653	3803	0.7	0.7	0.979	0	1	1	4435	3803	0.739	0.75	0.984	0	1	1	4653	4315	0.753	0.68	0.981	0	1	1	4435	4315	0.797	0.73	0.987	0	1	1	4653	4961	0.727	0.63	0.973	0	1	1	4435	4961	0.722	0.66	0.976	0	1	1	4653	4657	0.727	0.62	0.977	0	1	1	4435	4657	0.771	0.68	0.985	0	1	1																																																	between_subject_case_control	ex_vivo_primary_cells	female_only	tumor_tissue;targeted_assay_suspected	medium	reproductive	2010-10-07	TRUE	FALSE	balanced		balanced
SRP005279	musculoskeletal | between_subject_case_control | conf=medium | tumor_tissue | n=36	disease state	tissue:musculoskeletal	36	36	36	33	25	8	0.48	0.145		13354.5	16	17	13	3	33	0	0	3	33	5	0.1	0.781	3.22	-0.901	-1.592	-1.206	muscle	-0.989	0.369	0.816	0.1995	0.1995	platform	1	1			0.8		11.56	M0,M1,M0perm,M3,M4,M5,M7,M4perm,M5perm,M7perm,M0permw	6364	6373	0.921	0.98	0.997	0	0	3	6364	6258	0.926	0.95	0.998	0	0	0	6364	6272	0.931	0.96	0.998	0	0	0	6364	9165	0.69	0.76	0.988	0	0	1	6373	9165	0.689	0.77	0.988	0	3	1	6364	2446	0.317	0.62	0.815	130	0	0	6373	2446	0.32	0.61	0.821	114	3	0	6364	6203	0.704	0.87	0.961	0	0	2	6373	6203	0.733	0.89	0.967	0	3	2	6364	5959	0.825	0.91	0.989	0	0	2	6373	5959	0.849	0.92	0.992	0	3	2	6364	6346	0.885	0.96	0.994	0	0	2	6373	6346	0.941	0.97	0.998	0	3	2	6364	3256	0.458	0.77	0.91	17	0	1	6373	3256	0.466	0.76	0.919	12	3	1	6364	6207	0.876	0.95	0.994	0	0	3	6373	6207	0.891	0.96	0.996	0	3	3																																																	between_subject_case_control	ex_vivo_primary_cells	unknown	tumor_tissue	medium	musculoskeletal	2011-12-21	TRUE	FALSE	balanced		balanced
SRP007584	gut | between_subject_case_control | conf=low | tumor_tissue | n=24	disease	tissue:gut	24	24	24	23	12	11	0.35	0.03		16419.5	8	15	4	4	23	0	0	1	23	5	0.353	-1.481	-1.366	-1.579	-1.129	-0.382	gut	-0.787	0.158	-0.034	0.0012	0.0011								1.96	M0,M1,M0perm,M3,M4,M5,M4perm,M5perm,M0permw	4482	4594	0.912	0.9	0.995	0	0	5	4482	4172	0.877	0.95	0.994	0	0	0	4482	4316	0.92	0.95	0.997	0	0	0	4482	4653	0.716	0.63	0.957	0	0	1	4594	4653	0.702	0.63	0.955	0	5	1	4482	1752	0.348	0.73	0.882	5	0	1	4594	1752	0.345	0.69	0.882	5	5	1	4482	4396	0.708	0.73	0.961	0	0	5	4594	4396	0.72	0.78	0.966	0	5	5	4482	4518	0.849	0.82	0.988	0	0	5	4594	4518	0.873	0.84	0.993	0	5	5	4482	4533	0.85	0.81	0.988	0	0	5	4594	4533	0.892	0.88	0.994	0	5	5																																																																																	between_subject_case_control	in_vivo_tissue	unknown	tumor_tissue	low	gut	2011-07-29	TRUE	FALSE	balanced		balanced
SRP008496	gut | between_subject_case_control | conf=medium | tumor_tissue | n=12	tissue	tissue:gut	12	12	12	12	7	5	0.17	0.057		19261.5	2	10	1	1	12	0	0	0	12	3	0.048	0.473	0.227	2.861	-4.427	0.699	gut	4.759	2.834	0.93	1e-04	1e-04								6.63	M0,M1,M0perm,M3,M4,M5,M4perm,M5perm,M0permw	8998	8669	0.919	0.89	0.997	0	0	4	8998	8652	0.907	0.86	0.995	0	0	0	8998	8647	0.92	0.93	0.998	0	0	0	8998	9510	0.841	0.7	0.988	0	0	0	8669	9510	0.819	0.68	0.987	0	4	0	8998	8500	0.796	0.72	0.983	0	0	4	8669	8500	0.818	0.75	0.985	0	4	4	8998	0	0	0.14	0.502	1569	0	0	8669	0	0	0.17	0.502	1480	4	0	8998	8654	0.851	0.72	0.992	0	0	4	8669	8654	0.886	0.76	0.994	0	4	4	8998	4848	0.492	0.63	0.946	0	0	4	8669	4848	0.513	0.63	0.95	0	4	4																																																																																	between_subject_case_control	in_vivo_tissue	unknown	tumor_tissue	medium	gut	2012-12-05	TRUE	FALSE	balanced		balanced
SRP010181	gut | between_subject_case_control | conf=low | tumor_tissue | n=520	disease	tissue:gut	520	130	130	124	62	62	0.56	0.016		15726	69	55	35	34	124	0	0	6	124	5	0.062	-1.136	-0.16	-0.771	-0.263	0.054	gut	-0.285	0.439	-0.401	0.0015	0.0015								6.66	M0,M1,M0perm,M3,M4,M5,M4perm,M5perm,M0permw	8886	8911	0.983	0.98	1	0	0	9	8886	8900	0.966	0.97	0.999	0	0	0	8886	8861	0.987	0.98	1	0	0	0	8886	8580	0.693	0.6	0.926	69	0	0	8911	8580	0.695	0.59	0.927	74	9	0	8886	6140	0.575	0.6	0.911	121	0	8	8911	6140	0.576	0.6	0.913	121	9	8	8886	9225	0.809	0.73	0.977	1	0	9	8911	9225	0.811	0.73	0.978	1	9	9	8886	8892	0.951	0.96	0.999	0	0	9	8911	8892	0.957	0.97	0.999	0	9	9	8886	8889	0.929	0.92	0.997	0	0	9	8911	8889	0.934	0.93	0.998	0	9	9																																																																																	between_subject_case_control	in_vivo_tissue	unknown	tumor_tissue	low	gut	2012-11-09	TRUE	FALSE	balanced		balanced
SRP015668	brain | between_subject_case_control | conf=high |  | n=33	disease state	tissue:brain	33	33	33	33	17	16	0.3	0.018		15935	10	23	5	5	0	14	9	0	33	2	0.027	0.777	-0.067	0.523	-1.17	-0.112	brain	-0.472	-0.566	-0.779	9e-04	9e-04	readlen	0.097					0.097	19.53	M0,M1,M0perm,M3,M4,M5,M6,M4perm,M5perm,M6perm,M0permw	0	0		0.94	0.999	0	0	0	0	0		0.92	0.995	0	0	0	0	0		0.9	0.999	0	0	0	0	1112	0	0.1	0.873	0	0	0	0	1112	0	0.1	0.873	0	0	0	0	52	0	0.38	0.898	0	0	0	0	52	0	0.39	0.899	0	0	0	0	127	0	0.24	0.826	0	0	1	0	127	0	0.25	0.824	0	0	1	0	0		0.64	0.939	0	0	0	0	0		0.64	0.94	0	0	0	0	0		0.69	0.955	0	0	0	0	0		0.71	0.956	0	0	0																																																	0	1	0	0.86	0.994	0	0	0	0	1	0	0.87	0.995	0	0	0	0	0		0.78	0.983	0	0	0	0	0		0.81	0.984	0	0	0	between_subject_case_control	in_vivo_tissue	both_sexes	""	high	brain	2012-10-04	TRUE	FALSE	balanced		balanced
SRP017262	musculoskeletal | between_subject_case_control | conf=medium | tumor_tissue | n=43	primary_disease	tissue:musculoskeletal	43	23	15	15	5	10	0.53	0.7	1.797	16787	8	7	5	3	0	0	0	0	0	5	0.173	0.286	-1.538	1.051	-1.079	-1.023	muscle	-0.139	-0.368	-0.666	0.0166	0.0166	readlen	0.588					0.588	9.54	M0,M1,M0perm,M2,M2perm,M3,M4,M5,M6,M7,M4perm,M5perm,M6perm,M7perm,M0permw	0	0		0.35	0.757	0	0	0	0	0		0.9	0.99	0	0	0	0	0		0.32	0.838	0	0	0	0	51	0	0.27	0.788	0	0	0	0	51	0	0.12	0.719	0	0	0	0	0		0.03	0.474	0	0	0	0	0		0.1	0.682	0	0	0	0	0		0.31	0.752	0	0	0	0	0		0.62	0.986	0	0	0	0	0		0.31	0.722	0	0	0	0	0		0.83	0.984	0	0	0	0	0		0.3	0.756	0	0	0	0	0		0.69	0.963	0	0	0	0	0		0.19	0.711	0	0	0	0	0		0.33	0.84	0	0	0	0	0		0.32	0.761	0	0	0	0	0		0.74	0.994	0	0	0	0	0		0.32	0.645	0	0	0	0	0		0.17	0.638	0	0	0	0	0		0.18	0.718	0	0	0	0	0		0.33	0.85	0	0	0	0	0		0.1	0.605	0	0	0	0	0		0.19	0.838	0	0	0	between_subject_case_control	in_vivo_tissue	both_sexes	tumor_tissue	medium	musculoskeletal	2015-07-22	TRUE	FALSE	partially_confounded	completely_confounded	completely_confounded
SRP019994	muscle | between_subject_case_control | conf=medium | tumor_tissue;ffpe_or_degraded | n=99	subtypes	ex:subtypes=not assigned;tissue:muscle	99	99	69	60	32	28	0.92	0.089		14061	55	5	28	27	60	0	0	9	60	5	0.027	-0.019	-0.199	0.016	-0.327	0.241	muscle	-0.459	0.891	0.337	0.01	0.0099	pubmonth	0.121				0.121		56.05	M0,M1,M0perm,M3,M4,M5,M6,M7,M4perm,M5perm,M6perm,M7perm,M0permw	1973	1819	0.852	0.96	0.993	0	0	0	1973	1752	0.822	0.96	0.989	0	0	0	1973	1897	0.866	0.98	0.993	0	0	0	1973	2992	0.618	0.78	0.965	0	0	0	1819	2992	0.57	0.79	0.954	0	0	0	1973	2004	0.801	0.92	0.988	0	0	0	1819	2004	0.839	0.92	0.992	0	0	0	1973	1725	0.502	0.76	0.889	1	0	0	1819	1725	0.511	0.76	0.888	1	0	0	1973	1376	0.615	0.9	0.962	0	0	0	1819	1376	0.658	0.91	0.967	0	0	0	1973	1771	0.791	0.92	0.988	0	0	0	1819	1771	0.866	0.95	0.996	0	0	0	1973	1786	0.748	0.91	0.978	0	0	0	1819	1786	0.804	0.92	0.987	0	0	0	1973	1805	0.853	0.94	0.993	0	0	0	1819	1805	0.955	0.98	0.999	0	0	0																	1973	2232	0.762	0.85	0.981	0	0	0	1819	2232	0.758	0.87	0.983	0	0	0	1973	1764	0.825	0.93	0.991	0	0	0	1819	1764	0.904	0.96	0.996	0	0	0	between_subject_case_control	in_vivo_tissue	unknown	tumor_tissue;ffpe_or_degraded	medium	muscle	2015-05-19	TRUE	FALSE	balanced		balanced
SRP023262	reproductive | between_subject_case_control | conf=medium | tumor_tissue | n=80	disease state	subj:patient number;tissue:reproductive	80	72	49	44	22	22	1	0		17507	44	0	22	22	44	0	0	1	44	0		-0.388	0.236	0.427	-0.57	0.082	generic	-0.631	-0.178	-0.034	0.0069	0.0068								25.62	M0																																																																																																																																																																																									between_subject_case_control	in_vivo_tissue	female_only	tumor_tissue	medium	reproductive	2015-07-22	TRUE	TRUE	single_sex		single_sex
SRP026042	skin | between_subject_case_control | conf=medium |  | n=84	tissue	in:treatment=untreated;ex:tissue=nonlesion;subj:patient id;tissue:skin	84	84	13	13	8	5	0.62	0.625	0.169	18847	8	5	3	5	0	0	0	0	0	4	0.332	-1.255	2.356	0.579	-0.617	-0.034	generic	0.867	-0.892	-3.063	1e-04	1e-04	readlen	0.732					0.732	2.34	M0,M1,M0perm,M2,M2perm,M3,M4,M5,M6,M4perm,M5perm,M6perm,M0permw	7653	3292	0.411	0.75	0.941	3	1	1	7653	7061	0.816	0.85	0.991	0	1	1	7653	4089	0.505	0.78	0.964	0	1	0	7653	9242	0.776	0.61	0.985	0	1	0	3292	9242	0.351	0.56	0.941	0	1	0	7653	2494	0.277	0.52	0.865	51	1	1	3292	2494	0.366	0.54	0.812	0	1	1	7653	1920	0.231	0.69	0.886	10	1	0	3292	1920	0.471	0.79	0.938	0	1	0	7653	3455	0.426	0.71	0.94	2	1	0	3292	3455	0.779	0.84	0.992	0	1	0	7653	3058	0.364	0.72	0.911	2	1	0	3292	3058	0.705	0.85	0.982	0	1	0																																	7653	1754	0.227	0.67	0.936	6	1	0	7653	2941	0.372	0.74	0.938	2	1	0	7653	1695	0.212	0.57	0.91	32	1	0	3292	1695	0.41	0.69	0.909	0	1	0	7653	3301	0.376	0.72	0.906	1	1	1	3292	3301	0.748	0.81	0.987	0	1	1	between_subject_case_control	in_vitro_culture_or_stimulation	both_sexes	""	medium	skin	2014-06-11	TRUE	FALSE	partially_confounded	balanced	partially_confounded
SRP026208	heart | between_subject_case_control | conf=high |  | n=30	diagnosis	tissue:heart	30	30	30	25	14	11	0.32	0.078		13579	8	17	4	4	25	0	0	5	25	5	0.471	-0.557	-0.539	0.455	-0.659	0.164	heart	0.162	0.224	0.46	3e-04	3e-04								3.83	M0,M1,M0perm,M3,M4,M5,M4perm,M5perm,M0permw	0	0		0.85	0.988	0	0	0	0	0		0.84	0.996	0	0	0	0	0		0.86	0.993	0	0	0	0	0		0.1	0.442	0	0	0	0	0		0.12	0.462	0	0	0	0	0		0.62	0.914	0	0	0	0	0		0.66	0.922	0	0	0	0	0		0.54	0.971	0	0	0	0	0		0.61	0.98	0	0	0	0	0		0.61	0.919	0	0	0	0	0		0.67	0.939	0	0	0	0	0		0.69	0.963	0	0	0	0	0		0.76	0.976	0	0	0																																																																																	between_subject_case_control	in_vivo_tissue	unknown	""	high	heart	2015-07-22	TRUE	FALSE	balanced		balanced
SRP027383	tumor | between_subject_case_control | conf=medium | tumor_tissue | n=274	history	tissue:tumor	274	274	93	84	52	32	0.39	0.022		19155	33	51	20	13	84	0	0	9	84	5	0.388	-1.012	0.438	-0.03	0.052	0.635	generic	1.253	1.994	0.24	0.0038	0.0038								4.21	M0,M1,M0perm,M3,M4,M5,M4perm,M5perm,M0permw	13674	13645	0.991	0.98	1	0	0	3	13674	13745	0.964	0.92	0.999	0	0	0	13674	13728	0.988	0.94	1	0	0	0	13674	13871	0.846	0.63	0.982	0	0	0	13645	13871	0.846	0.64	0.982	0	3	0	13674	7035	0.491	0.62	0.94	84	0	1	13645	7035	0.493	0.63	0.94	86	3	1	13674	902	0.059	0.19	0.687	1871	0	0	13645	902	0.059	0.19	0.688	1866	3	0	13674	13505	0.975	0.89	0.999	0	0	3	13645	13505	0.978	0.89	1	0	3	3	13674	13152	0.945	0.92	0.999	0	0	3	13645	13152	0.948	0.94	0.999	0	3	3																																																																																	between_subject_case_control	in_vivo_tissue	unknown	tumor_tissue	medium	tumor	2014-07-21	TRUE	FALSE	balanced		balanced
SRP027530	tumor | genotype_comparison | conf=high | tumor_tissue | n=20	genotype/variation	tissue:tumor	20	20	18	18	10	8	0.67	0.075	1.004	19555.5	12	6	7	5	0	10	0	0	0	4	0.092	0.52	-0.843	-0.991	1.183	0.081	generic	-0.481	-0.143	-0.209	6e-04	6e-04								4.35	M0,M1,M0perm,M2,M2perm,M3,M4,M5,M4perm,M5perm,M0permw	0	0		0.86	0.995	0	0	0	0	0		0.8	0.959	0	0	0	0	0		0.83	0.995	0	0	0	0	0		0.28	0.685	0	0	0	0	0		0.31	0.701	0	0	0	0	0		0.16	0.852	0	0	0	0	0		0.19	0.849	0	0	0	0	0		0.48	0.93	0	0	0	0	0		0.49	0.927	0	0	0	0	0		0.43	0.888	0	0	0	0	0		0.44	0.887	0	0	0	0	0		0.47	0.955	0	0	0	0	0		0.49	0.954	0	0	0																																	0	0		0.55	0.917	0	0	0	0	0		0.68	0.952	0	0	0																																	genotype_comparison	in_vivo_tissue	both_sexes	tumor_tissue	high	tumor	2015-07-08	TRUE	FALSE	balanced	partially_confounded	partially_confounded
SRP032279	blood | between_subject_case_control | conf=high |  | n=124	mutation_carrier_status	tissue:blood	124	124	124	110	81	29	0.59	0.006	0.649	12886	65	45	48	17	110	0	0	14	0	5	0.017	0.06	-0.048	0.297	-0.107	-0.103	blood	0.254	-0.241	-0.116	0.7949	0.5283	center	0.16	0.029		0.16	0.16		16.14	M0,M1,M0perm,M2,M2perm,M3,M4,M5,M6,M7,M4perm,M5perm,M6perm,M7perm,M0permw	0	0		0.97	0.998	0	0	0	0	0		0.96	0.999	0	0	0	0	0		0.98	0.997	0	0	0	0	0		0.39	0.82	0	0	0	0	0		0.4	0.819	0	0	0	0	0		0.71	0.984	0	0	0	0	0		0.7	0.985	0	0	0	0	0		0.48	0.858	0	0	0	0	0		0.48	0.858	0	0	0	0	0		0.72	0.978	0	0	0	0	0		0.73	0.979	0	0	0	0	0		0.84	0.989	0	0	0	0	0		0.84	0.991	0	0	0	0	0		0.87	0.992	0	0	0	0	0		0.88	0.994	0	0	0	0	0		0.95	0.995	0	0	0	0	0		0.97	0.997	0	0	0	0	0		0.57	0.956	0	0	0	0	0		0.92	0.995	0	0	0	0	0		0.77	0.985	0	0	0	0	0		0.8	0.987	0	0	0	0	0		0.77	0.985	0	0	0	0	0		0.8	0.987	0	0	0	between_subject_case_control	in_vivo_tissue	unknown	""	high	blood	2015-07-22	TRUE	FALSE	balanced	mildly_imbalanced	mildly_imbalanced
SRP032775	blood | between_subject_case_control | conf=medium |  | n=233	class	in:time-point=pre-infection;subj:id;tissue:blood	232	198	29	29	14	15	0.55	0.038	0.295	20370	16	13	8	8	0	0	0	0	0	5	0.7	0.236	-0.813	0.007	-0.553	-0.147	blood	-0.623	0.018	-0.024	0.0061	0.0061								16.05	M0,M1,M0perm,M2,M2perm,M3,M4,M5,M4perm,M5perm,M0permw	0	0		0.89	0.997	0	0	0	0	0		0.65	0.949	0	0	0	0	0		0.93	0.998	0	0	0	0	0		0.39	0.849	0	0	0	0	0		0.39	0.849	0	0	0	0	0		0.5	0.814	0	0	0	0	0		0.52	0.815	0	0	0	0	0		0.52	0.88	0	0	0	0	0		0.53	0.876	0	0	0	0	0		0.75	0.982	0	0	0	0	0		0.78	0.986	0	0	0	0	0		0.61	0.919	0	0	0	0	0		0.62	0.924	0	0	0																																	0	0		0.69	0.967	0	0	0	0	0		0.79	0.984	0	0	0																																	between_subject_case_control	in_vivo_tissue	both_sexes	""	medium	blood	2013-11-19	TRUE	FALSE	balanced	balanced	balanced
SRP032789	tumor | between_subject_case_control | conf=medium | tumor_tissue | n=20	tumor type	ex:tumor type=normal breast organoids;tissue:tumor	20	20	12	12	6	6	1	0		20198	12	0	6	6	12	0	0	0	12	0		-1.245	-0.252	0.309	0.346	-2.011	generic	1.831	0.17	-0.622	3e-04	3e-04	pubmonth	0.302				0.302		12.9	M0																																																																																																																																																																																									between_subject_case_control	in_vivo_tissue	unknown	tumor_tissue	medium	tumor	2013-11-14	TRUE	TRUE	single_sex		single_sex
SRP033095	lung | between_subject_case_control | conf=high |  | n=15	phenotype	tissue:lung	15	15	15	15	8	7	0.47	0.071		20185	7	8	4	3	0	0	0	0	15	3	0.831	1.16	0.133	0.495	-0.29	0.687	lung	-1.214	0.544	0.362	0.0021	0.002								14.17	M0,M1,M0perm,M3,M4,M5,M4perm,M5perm,M0permw	687	667	0.83	0.9	0.996	0	0	1	687	455	0.554	0.79	0.973	0	0	0	687	542	0.761	0.93	0.994	0	0	0	687	436	0.443	0.58	0.823	0	0	0	667	436	0.481	0.63	0.823	0	1	0	687	52	0.071	0.63	0.89	0	0	0	667	52	0.073	0.63	0.895	0	1	0	687	203	0.208	0.5	0.891	0	0	1	667	203	0.21	0.52	0.897	0	1	1	687	175	0.247	0.79	0.965	0	0	1	667	175	0.26	0.82	0.973	0	1	1	687	394	0.422	0.55	0.951	0	0	1	667	394	0.449	0.58	0.956	0	1	1																																																																																	between_subject_case_control	in_vivo_tissue	both_sexes	""	high	lung	2014-05-23	TRUE	FALSE	balanced		balanced
SRP033276	other | between_subject_case_control | conf=high | tumor_tissue;ffpe_or_degraded | n=13	tissue group	tissue:other	13	13	13	11	6	5	0.64	0.067		14967	7	4	4	3	11	0	0	2	11	3	0.254	0.878	-0.41	1.915	-1.41	-0.883	generic	-0.616	0.304	-0.299	0.0034	0.0034								18.34	M0,M1,M0perm,M3,M4,M5,M4perm,M5perm,M0permw	159	143	0.65	0.83	0.994	0	0	1	159	130	0.69	0.87	0.993	0	0	0	159	148	0.687	0.85	0.993	0	0	0	159	1210	0.131	0.51	0.982	0	0	0	143	1210	0.114	0.48	0.975	1	1	0	159	9	0.024	0.32	0.851	0	0	1	143	9	0.034	0.33	0.859	0	1	1	159	39	0.145	0.5	0.924	0	0	0	143	39	0.167	0.51	0.933	0	1	0	159	31	0.124	0.49	0.907	0	0	0	143	31	0.137	0.51	0.91	0	1	0	159	72	0.328	0.63	0.98	0	0	0	143	72	0.396	0.68	0.981	0	1	0																																																																																	between_subject_case_control	in_vivo_tissue	unknown	tumor_tissue;ffpe_or_degraded	high	other	2015-07-22	TRUE	FALSE	balanced		balanced
SRP033725	brain | between_subject_case_control | conf=high |  | n=62	disease state	tissue:brain	62	22	22	21	10	11	0.48	0.045		19340.5	10	11	5	5	21	0	0	1	21	4	0.499	0.935	-0.545	0.672	-0.752	-0.042	brain	-0.778	-0.459	0.849	0.0015	0.0014	readlen	0.235	0.045				0.235	14.19	M0,M1,M0perm,M3,M4,M5,M6,M4perm,M5perm,M6perm,M0permw	0	0		0.9	0.999	0	0	0	0	0		0.54	0.974	0	0	0	0	0		0.84	0.998	0	0	0	0	0		0.15	0.279	0	0	0	0	0		0.17	0.286	0	0	0	0	0		0.5	0.708	0	0	0	0	0		0.51	0.713	0	0	0	0	0		0.38	0.738	0	0	0	0	0		0.36	0.74	0	0	0	0	0		0.5	0.955	0	0	0	0	0		0.52	0.958	0	0	0	0	0		0.5	0.983	0	0	0	0	0		0.52	0.985	0	0	0																																																	0	0		0.52	0.953	0	0	0	0	0		0.5	0.955	0	0	0	0	0		0.43	0.971	0	0	0	0	0		0.44	0.971	0	0	0	between_subject_case_control	in_vivo_tissue	unknown	""	high	brain	2014-01-08	TRUE	FALSE	balanced		balanced
SRP034831	brain | between_subject_case_control | conf=high |  | n=17	disease status	tissue:brain	17	17	17	15	9	6	0.87	0.056		20852	13	2	8	5	15	0	0	2	15	2	0.125	0.066	-0.302	0.575	-0.569	-0.004	brain	-0.941	2.007	0.139	1e-04	1e-04	readlen	0.167					0.167	5.65	M0,M1,M0perm,M3,M4,M5,M6,M4perm,M5perm,M6perm,M0permw	0	0		0.88	0.997	0	0	0	0	0		0.87	0.998	0	0	0	0	0		0.87	0.998	0	0	0	0	0		0.39	0.721	0	0	0	0	0		0.39	0.744	0	0	0	0	1	0	0.57	0.982	0	0	0	0	1	0	0.6	0.989	0	0	0	0	0		0.01	0.143	0	0	0	0	0		0.01	0.142	0	0	0	0	0		0.47	0.861	0	0	0	0	0		0.49	0.873	0	0	0	0	0		0.71	0.979	0	0	0	0	0		0.76	0.984	0	0	0																																																	0	0		0.75	0.98	0	0	0	0	0		0.78	0.984	0	0	0	0	0		0.76	0.993	0	0	0	0	0		0.78	0.994	0	0	0	between_subject_case_control	in_vivo_tissue	unknown	""	high	brain	2016-02-17	TRUE	FALSE	balanced		balanced
SRP035524	unknown | between_subject_case_control | conf=medium |  | n=35	disease	in:body_site=frontal cortex;tissue:unknown	35	35	10	10	5	5	0.3	0.2	0.514	18732.5	3	7	2	1	0	1	0	0	0	3	0.218	-0.079	-1.23	0.663	-0.75	0.146	generic	-0.147	0.553	0.483	5e-04	5e-04								5.07	M0,M1,M0perm,M2,M2perm,M3,M4,M5,M4perm,M5perm,M0permw	0	0		0.69	0.961	0	0	0	0	0		0.64	0.968	0	0	0	0	0		0.79	0.954	0	0	0	0	0		0.27	0.622	0	0	0	0	0		0.26	0.725	0	0	0	0	0		0.26	0.746	0	0	0	0	0		0.38	0.785	0	0	0	0	0		0.39	0.812	0	0	0	0	0		0.43	0.843	0	0	0	0	0		0.18	0.744	0	0	0	0	0		0.21	0.795	0	0	0	0	0		0.45	0.909	0	0	0	0	0		0.61	0.944	0	0	0																																	0	0		0.62	0.921	0	0	0	0	1	0	0.32	0.867	0	0	0																																	between_subject_case_control	in_vivo_tissue	both_sexes	""	medium	unknown	2015-07-22	TRUE	FALSE	mildly_imbalanced	mildly_imbalanced	mildly_imbalanced
SRP035988	skin | between_subject_case_control | conf=high |  | n=179	tissue type	tissue:skin	178	173	173	173	92	81	0.35	0.057		19263	61	112	30	31	173	0	0	0	173	5	0.653	-0.752	-0.054	-0.6	0.794	-0.303	generic	1.385	-1.314	0.121	0.0039	0.0039	readlen	0.074					0.074	3.95	M0,M1,M0perm,M3,M4,M5,M6,M4perm,M5perm,M6perm,M0permw	19022	19040	0.991	0.98	1	0	0	5	19022	18973	0.992	0.98	1	0	0	0	19022	19005	0.994	0.98	1	0	0	0	19022	20507	0.924	0.68	0.992	0	0	4	19040	20507	0.925	0.67	0.992	0	5	4	19022	18873	0.896	0.91	0.991	13	0	3	19040	18873	0.897	0.91	0.991	13	5	3	19022	14712	0.609	0.76	0.871	1949	0	3	19040	14712	0.611	0.75	0.872	1944	5	3	19022	19015	0.988	0.96	1	0	0	5	19040	19015	0.992	0.97	1	0	5	5	19022	19025	0.991	0.95	1	0	0	5	19040	19025	0.995	0.96	1	0	5	5																																																	19022	19052	0.983	0.96	1	0	0	5	19040	19052	0.985	0.97	1	0	5	5	19022	19016	0.987	0.98	1	0	0	5	19040	19016	0.991	0.98	1	0	5	5	between_subject_case_control	in_vivo_tissue	unknown	""	high	skin	2014-01-31	TRUE	FALSE	balanced		balanced
SRP036821	tumor | between_subject_case_control | conf=medium | tumor_tissue;ffpe_or_degraded | n=45	tissue subtype	tissue:tumor	45	45	20	19	14	5	0.95	0.2		15649	18	1	14	4	19	0	0	1	19	5	0.079	0.203	1.917	0.505	0.204	0.036	generic	0.435	2.202	0.448	0.013	0.013								48.41	M0,M1,M0perm,M3,M4,M5,M7,M4perm,M5perm,M7perm,M0permw	1224	978	0.584	0.73	0.947	0	0	0	1224	635	0.457	0.84	0.92	0	0	0	1224	614	0.468	0.81	0.96	0	0	1	1224	1409	0.505	0.61	0.901	0	0	1	978	1409	0.407	0.56	0.802	0	0	1	1224	177	0.133	0.56	0.799	0	0	0	978	177	0.171	0.58	0.837	0	0	0	1224	336	0.192	0.36	0.798	0	0	0	978	336	0.24	0.43	0.83	0	0	0	1224	677	0.39	0.46	0.892	0	0	0	978	677	0.499	0.54	0.941	0	0	0	1224	484	0.354	0.76	0.91	0	0	0	978	484	0.484	0.83	0.958	0	0	0	1224	900	0.483	0.66	0.909	0	0	0	978	900	0.623	0.71	0.961	0	0	0	1224	718	0.496	0.77	0.932	0	0	0	978	718	0.676	0.83	0.982	0	0	0																																																	between_subject_case_control	in_vivo_tissue	unknown	tumor_tissue;ffpe_or_degraded	medium	tumor	2016-01-25	TRUE	FALSE	mildly_imbalanced		mildly_imbalanced
SRP036848	reproductive | between_subject_case_control | conf=high | tumor_tissue;ffpe_or_degraded | n=89	bcr	subj:external id;tissue:reproductive	88	88	88	72	37	35	0.01	0.029		23147	1	71	0	1	72	0	0	13	72	5	0.015	0.084	-0.728	-0.711	0.851	0.664	generic	0.055	0.03	-0.153	2e-04	2e-04	readlen	0.136					0.136	41.6	M0,M1,M0perm,M3,M4,M5,M6,M4perm,M5perm,M6perm,M0permw	72	74	0.759	0.89	0.994	0	0	0	72	46	0.639	0.89	0.997	0	0	0	72	207	0.348	0.76	0.988	0	0	0	72	52	0.363	0.55	0.83	0	0	0	74	52	0.34	0.57	0.835	0	0	0	72	1	0.014	0.56	0.833	0	0	0	74	1	0.014	0.59	0.846	0	0	0	72	341	0.211	0.74	0.982	0	0	0	74	341	0.217	0.76	0.987	0	0	0	72	42	0.583	0.87	0.992	0	0	0	74	42	0.568	0.9	0.998	0	0	0	72	53	0.562	0.8	0.985	0	0	0	74	53	0.608	0.85	0.991	0	0	0																																																	72	33	0.438	0.79	0.985	0	0	0	74	33	0.446	0.88	0.993	0	0	0	72	266	0.271	0.8	0.983	0	0	0	74	266	0.278	0.79	0.988	0	0	0	between_subject_case_control	in_vivo_tissue	male_only	tumor_tissue;ffpe_or_degraded	high	reproductive	2014-04-14	TRUE	FALSE	balanced		balanced
SRP039338	other | between_subject_case_control | conf=high |  | n=18	tissue	tissue:other	18	18	18	18	8	10	0	0	0.039	18674.5	0	18	0	0	0	0	0	0	0	0		0.042	-0.643	0.035	0.11	-0.042	generic	1.776	3.73	0.113	0.0031	0.0029								1.95	M0																																																																																																																																																																																									between_subject_case_control	in_vivo_tissue	male_only	""	high	other	2015-12-09	TRUE	TRUE	single_sex	balanced	single_sex
SRP040622	other | between_subject_case_control | conf=medium |  | n=13	tissue	tissue:other	13	13	13	13	7	6	0.38	0.095		21661	5	8	3	2	13	0	0	0	13	2	0.495	0.274	0.277	0.024	-0.119	0.203	generic	0.772	0.912	1.063	4e-04	4e-04								29.87	M0,M1,M0perm,M3,M4,M5,M4perm,M5perm,M0permw	0	0		0.76	0.96	0	0	0	0	0		0.79	0.996	0	0	0	0	0		0.87	0.99	0	0	0	0	0		0.14	0.483	0	0	0	0	0		0.17	0.513	0	0	0	0	0		0.37	0.883	0	0	0	0	0		0.4	0.816	0	0	0	0	0		0.42	0.713	0	0	0	0	0		0.53	0.606	0	0	0	0	0		0.46	0.946	0	0	0	0	0		0.56	0.966	0	0	0	0	0		0.23	0.924	0	0	0	0	0		0.21	0.948	0	0	0																																																																																	between_subject_case_control	in_vivo_tissue	unknown	""	medium	other	2014-03-31	TRUE	FALSE	balanced		balanced
SRP040998	tumor | between_subject_case_control | conf=medium | tumor_tissue | n=35	tissue	ex:tissue=hcc recurrent tumor's adjacent normal;ex:tissue=hcc non-recurrent tumor's adjacent normal;subj:individual;tissue:tumor	35	35	16	16	7	9	0	0	0.041	17645.5	0	16	0	0	0	1	1	0	0	0		0.245	-0.46	-0.232	0.584	8.673	generic	0.104	-0.16	-0.828	1e-04	1e-04								3.29	M0																																																																																																																																																																																									between_subject_case_control	in_vivo_tissue	male_only	tumor_tissue	medium	tumor	2016-02-01	TRUE	TRUE	single_sex	balanced	single_sex
SRP041538	lung | between_subject_case_control | conf=high |  | n=170	disease state	tissue:lung	170	170	170	170	88	82	0	0		19497.5	0	170	0	0	170	0	0	0	170	0		-0.349	0.067	0.579	-0.381	0.035	lung	-0.229	0.15	0.097	0.0385	0.0385								6.71	M0																																																																																																																																																																																									between_subject_case_control	in_vivo_tissue	unknown	""	high	lung	2015-02-23	TRUE	TRUE	single_sex		single_sex
SRP041620	blood | between_subject_case_control | conf=medium |  | n=26	source_name	ex:source_name=nomid patients with inactive disease after anakinra treatment;ex:source_name=patient with nlrc4-mas;tissue:blood	26	26	12	11	6	5	0.45	0.1		17687.5	5	6	3	2	11	0	0	1	11	2	0.054	1.058	1.096	-0.579	0.984	-1.172	blood	1.58	-0.417	-0.124	0.3407	0.3212								2.9	M0,M1,M0perm,M3,M4,M5,M7,M4perm,M5perm,M7perm,M0permw	10	15	0.562	0.79	0.996	0	0	0	10	0	0	0.85	0.977	0	0	0	10	0	0	0.87	0.998	0	0	0	10	557	0.018	0.45	0.958	0	0	0	15	557	0.025	0.43	0.944	0	0	0	10	1	0	0.6	0.891	0	0	0	15	1	0	0.65	0.896	0	0	0	10	0	0	0.23	0.789	0	0	0	15	0	0	0.26	0.776	0	0	0	10	80	0.125	0.59	0.969	0	0	0	15	80	0.188	0.65	0.974	0	0	0	10	0	0	0.4	0.821	0	0	0	15	0	0	0.49	0.824	0	0	0	10	718	0.014	0.41	0.948	0	0	1	15	718	0.021	0.5	0.96	0	0	1	10	0	0	0.55	0.85	0	0	0	15	0	0	0.6	0.86	0	0	0																																																	between_subject_case_control	in_vivo_tissue	unknown	""	medium	blood	2014-09-08	TRUE	FALSE	balanced		balanced
SRP042086	adipose | between_subject_case_control | conf=high |  | n=18	phenotype	tissue:adipose	18	18	18	18	7	11	0.5	0.351		20000.5	9	9	2	7	18	0	0	0	18	5	0.424	0.691	0.227	0.152	0.605	0.067	adipose	0.501	-0.645	0.365	0.0086	0.0084								0.63	M0,M1,M0perm,M3,M4,M5,M4perm,M5perm,M0permw	197	28	0.142	0.81	0.956	0	0	0	197	129	0.606	0.92	0.994	0	0	0	197	58	0.288	0.79	0.969	0	0	0	197	0	0	0.38	0.693	0	0	0	28	0	0	0.46	0.755	0	0	0	197	14	0.06	0.57	0.856	0	0	0	28	14	0.273	0.66	0.918	0	0	0	197	54	0.201	0.59	0.864	0	0	1	28	54	0.464	0.67	0.932	0	0	1	197	3	0.015	0.63	0.885	0	0	0	28	3	0.107	0.69	0.932	0	0	0	197	9	0.046	0.7	0.95	0	0	0	28	9	0.321	0.8	0.987	0	0	0																																																																																	between_subject_case_control	in_vivo_tissue	unknown	""	high	adipose	2015-05-01	TRUE	FALSE	partially_confounded		partially_confounded
SRP042184	other | genotype_comparison | conf=medium | tumor_tissue | n=24	final gtf2i mutation status	ex:sample type=cell line;tissue:other	24	24	22	22	7	15	0.45	0.457		18647	10	12	1	9	0	0	0	0	22	5	0.162	-0.332	-0.291	0.089	-0.351	0.558	generic	-0.101	0.184	-0.713	2e-04	2e-04	platform	0.293	0.293			0.293	0.171	3.05	M0,M1,M0perm,M3,M4,M5,M6,M4perm,M5perm,M6perm,M0permw	3814	3000	0.633	0.74	0.96	0	8	2	3814	2516	0.635	0.84	0.982	0	8	8	3814	2196	0.539	0.81	0.961	0	8	7	3814	7394	0.511	0.56	0.969	0	8	9	3000	7394	0.389	0.5	0.916	0	2	9	3814	2831	0.491	0.62	0.905	0	8	2	3000	2831	0.577	0.62	0.937	0	2	2	3814	3631	0.643	0.63	0.961	0	8	2	3000	3631	0.791	0.77	0.994	0	2	2	3814	2272	0.493	0.68	0.935	0	8	1	3000	2272	0.682	0.83	0.985	0	2	1	3814	2301	0.514	0.68	0.942	1	8	0	3000	2301	0.631	0.8	0.969	0	2	0																																																	3814	2539	0.567	0.7	0.956	0	8	1	3000	2539	0.736	0.86	0.979	0	2	1	3814	3120	0.602	0.71	0.946	0	8	3	3000	3120	0.813	0.86	0.991	0	2	3	genotype_comparison	in_vivo_tissue	both_sexes	tumor_tissue	medium	other	2014-06-25	TRUE	FALSE	partially_confounded		partially_confounded
SRP042228	gut | between_subject_case_control | conf=high |  | n=322	diagnosis	tissue:gut	322	322	260	260	218	42	0.42	0.041		20730.5	108	152	92	16	0	0	23	0	260	5	0.339	-0.178	-0.012	-0.302	0.328	0.078	gut	-0.669	0.451	0.044	0.0024	0.0024	pubmonth	0.061				0.061		18.23	M0,M1,M0perm,M3,M4,M5,M6,M4perm,M5perm,M6perm,M0permw	9206	9149	0.986	1	1	0	0	1	9206	9223	0.973	0.98	1	0	0	0	9206	9266	0.983	0.97	1	0	0	0	9206	12839	0.681	0.55	0.959	0	0	0	9149	12839	0.679	0.55	0.96	1	1	0	9206	9409	0.858	0.92	0.989	0	0	1	9149	9409	0.856	0.92	0.988	0	1	1	9206	8641	0.532	0.45	0.836	169	0	1	9149	8641	0.53	0.45	0.834	174	1	1	9206	9346	0.957	1	0.999	0	0	1	9149	9346	0.954	1	0.999	0	1	1	9206	9124	0.947	0.96	0.998	0	0	2	9149	9124	0.943	0.96	0.998	0	1	2																																																	9206	8960	0.966	0.98	0.999	0	0	1	9149	8960	0.973	0.98	1	0	1	1	9206	9239	0.973	0.99	0.999	0	0	1	9149	9239	0.976	0.99	1	0	1	1	between_subject_case_control	in_vivo_tissue	both_sexes	""	high	gut	2015-02-03	TRUE	FALSE	balanced		balanced
SRP042620	tumor | between_subject_case_control | conf=medium | tumor_tissue | n=168	tissue	ex:tissue=breast cancer cell line;tissue:tumor	168	168	84	84	42	42	1	0		19585.5	84	0	42	42	84	0	0	0	84	0		0.398	0.504	-0.021	0.012	0.82	generic	0.7	-0.227	-0.455	1e-04	1e-04								20.38	M0																																																																																																																																																																																									between_subject_case_control	in_vivo_tissue	female_only	tumor_tissue	medium	tumor	2014-06-12	TRUE	TRUE	single_sex		single_sex
SRP042623	blood | between_subject_case_control | conf=high |  | n=16	sample group	tissue:blood	16	16	16	16	8	8	0	0		11543.5	0	16	0	0	0	0	0	0	16	0		-1.396	-1.011	-1.029	0.541	0.085	blood	-1.323	-1.338	1.617	0.8912	0.3602								7.79	M0																																																																																																																																																																																									between_subject_case_control	in_vivo_tissue	male_only	""	high	blood	2014-06-10	TRUE	TRUE	single_sex		single_sex
SRP043085	skin | between_subject_case_control | conf=medium | tumor_tissue | n=21	source_name	tissue:skin	21	21	13	13	9	4	0	0		21093	0	13	0	0	13	0	0	0	13	0		0.028	-0.104	0.179	0.337	-0.137	generic	0.054	0.986	-0.763	2e-04	2e-04								13.04	M0																																																																																																																																																																																									between_subject_case_control	in_vivo_tissue	unknown	tumor_tissue	medium	skin	2015-03-16	TRUE	TRUE	single_sex		single_sex
SRP043221	muscle | between_subject_case_control | conf=high |  | n=38	tissue	ex:tissue=control myotubes;ex:tissue=fshd2 myotubes;ex:tissue=fshd1 myotubes;ex:tissue=control myoblasts;ex:tissue=fshd1 myoblasts;ex:tissue=fshd2 myoblasts;subj:source_name;tissue:muscle	38	38	18	18	9	9	0.5	0.111		15477	9	9	5	4	0	1	0	0	18	1	0.064	-0.097	0.455	0.646	-0.647	0.478	muscle	0.447	0.577	-0.172	8e-04	8e-04								1.98	M0,M1,M0perm,M3,M4,M5,M4perm,M5perm,M0permw	0	0		0.7	0.986	0	0	0	0	0		0.6	0.962	0	0	0	0	0		0.83	0.992	0	0	0	0	0		0.21	0.719	0	0	0	0	0		0.2	0.699	0	0	0	0	0		0.16	0.658	0	0	0	0	0		0.16	0.653	0	0	0	0	0		0.18	0.602	0	0	0	0	0		0.23	0.603	0	0	0	0	0		0.57	0.966	0	0	0	0	0		0.62	0.969	0	0	0	0	0		0.61	0.984	0	0	0	0	0		0.71	0.987	0	0	0																																																																																	between_subject_case_control	in_vivo_tissue	both_sexes	""	high	muscle	2014-07-03	TRUE	FALSE	balanced		balanced
SRP043320	tumor | in_vivo_treatment_arms | conf=medium | tumor_tissue;mixed_organisms | n=12	source_name	tissue:tumor	12	12	12	11	5	6	1	0		20248	11	0	5	6	11	0	0	1	11	0		-0.625	-0.576	0.566	-0.44	0.758	generic	0.537	0.437	0.462	2e-04	2e-04								3.17	M0																																																																																																																																																																																									in_vivo_treatment_arms	in_vivo_tissue	female_only	tumor_tissue;mixed_organisms	medium	tumor	2015-06-17	TRUE	TRUE	single_sex		single_sex
SRP043388	gut | between_subject_case_control | conf=high |  | n=16	patient cohort	tissue:gut	16	16	16	16	10	6	0.44	0.1		16739.5	7	9	4	3	16	0	0	0	16	4	0.046	2.535	0.734	1.023	0.294	-6.234	gut	0.931	2.587	-0.719	0	0	readlen	0.2					0.2	3.11	M0,M1,M0perm,M3,M4,M5,M6,M4perm,M5perm,M6perm,M0permw	7822	7540	0.948	0.93	0.999	0	0	0	7822	8103	0.912	0.86	0.997	0	0	0	7822	7583	0.943	0.94	0.999	0	0	0	7822	9628	0.802	0.46	0.991	0	0	0	7540	9628	0.773	0.45	0.99	0	0	0	7822	1202	0.151	0.64	0.857	87	0	0	7540	1202	0.157	0.64	0.857	68	0	0	7822	1554	0.183	0.61	0.834	146	0	0	7540	1554	0.189	0.6	0.834	125	0	0	7822	7808	0.901	0.79	0.996	0	0	0	7540	7808	0.912	0.8	0.997	0	0	0	7822	7304	0.89	0.74	0.997	0	0	0	7540	7304	0.913	0.77	0.998	0	0	0																																																	7822	7243	0.869	0.84	0.994	0	0	0	7540	7243	0.888	0.85	0.994	0	0	0	7822	6422	0.809	0.82	0.995	0	0	0	7540	6422	0.836	0.88	0.996	0	0	0	between_subject_case_control	in_vivo_tissue	unknown	""	high	gut	2014-11-19	TRUE	FALSE	balanced		balanced
SRP044042	kidney | between_subject_case_control | conf=medium | tumor_tissue | n=24	sample type	ex:sample type=e;ex:sample type=r;tissue:kidney	24	24	12	10	6	4	0.9	0.167		14592.5	9	1	5	4	10	0	0	2	10	2	0.068	0.217	-0.171	-2.03	2.751	0.145	kidney	-1.713	2.052	1.681	0	0								27.28	M0,M1,M0perm,M3,M4,M5,M4perm,M5perm,M0permw	265	25	0.09	0.83	0.984	0	0	0	265	25	0.09	0.83	0.984	0	0	0	265	33	0.12	0.82	0.986	0	0	0	265	10	0.034	0.43	0.864	0	0	0	25	10	0.167	0.37	0.865	0	0	0	265	46	0.16	0.65	0.975	0	0	0	25	46	0.511	0.71	0.989	0	0	0	265	0	0	0.1	0.496	3	0	0	25	0	0	0.11	0.512	0	0	0	265	2	0.008	0.6	0.928	0	0	0	25	2	0.038	0.63	0.946	0	0	0	265	0	0	0.22	0.77	0	0	0	25	0	0	0.24	0.79	0	0	0																																																																																	between_subject_case_control	in_vivo_tissue	unknown	tumor_tissue	medium	kidney	2015-05-21	TRUE	FALSE	mildly_imbalanced		mildly_imbalanced
SRP044373	tumor | between_subject_case_control | conf=medium | tumor_tissue;ffpe_or_degraded | n=67	tumor stage	in:source_name=ffpe bladder tumor block;ex:tumor stage=unknown;tissue:tumor	67	67	47	45	8	37	0.29	0.105		22637	13	32	3	10	45	0	0	2	45	5	0.492	-0.404	-0.041	-0.525	0.861	0.15	generic	1.815	1.703	0.425	3e-04	3e-04	readlen	0.2		0.1			0.2	21.56	M0,M1,M0perm,M3,M4,M5,M6,M4perm,M5perm,M6perm,M0permw	8746	8437	0.922	0.9	0.995	0	0	1	8746	8778	0.972	0.96	1	0	0	0	8746	8527	0.942	0.95	0.998	0	0	0	8746	9875	0.783	0.54	0.977	0	0	0	8437	9875	0.794	0.57	0.982	2	1	0	8746	8679	0.864	0.85	0.987	0	0	1	8437	8679	0.908	0.9	0.994	0	1	1	8746	1808	0.175	0.28	0.767	611	0	0	8437	1808	0.181	0.29	0.778	578	1	0	8746	7570	0.8	0.77	0.983	0	0	1	8437	7570	0.836	0.81	0.99	0	1	1	8746	8240	0.847	0.85	0.988	0	0	1	8437	8240	0.892	0.88	0.995	0	1	1																																																	8746	8483	0.836	0.82	0.983	0	0	1	8437	8483	0.88	0.89	0.991	0	1	1	8746	7127	0.739	0.66	0.975	0	0	1	8437	7127	0.769	0.75	0.981	0	1	1	between_subject_case_control	in_vivo_tissue	unknown	tumor_tissue;ffpe_or_degraded	medium	tumor	2017-07-03	TRUE	FALSE	balanced		balanced
SRP044668	tumor | between_subject_case_control | conf=medium | tumor_tissue | n=94	tissue type	tissue:tumor	94	92	56	54	37	17	0.41	0.079		19770	22	32	16	6	54	0	0	2	54	5	0.565	-2.312	0.336	0.94	-0.939	-1.471	generic	2.634	2.519	0.779	0.002	0.002	pubmonth	0.562				0.562		5.01	M0,M1,M0perm,M3,M4,M5,M6,M4perm,M5perm,M6perm,M0permw	17164	17464	0.964	0.8	0.998	0	0	4	17164	17085	0.985	1	1	0	0	0	17164	17107	0.987	0.97	1	0	0	0	17164	19989	0.858	0.22	0.99	0	0	1	17464	19989	0.871	0.28	0.991	1	4	1	17164	12709	0.634	0.7	0.92	428	0	5	17464	12709	0.639	0.76	0.926	413	4	5	17164	13859	0.529	0.3	0.771	1930	0	3	17464	13859	0.524	0.26	0.767	2048	4	3	17164	17359	0.955	0.78	0.998	0	0	5	17464	17359	0.972	0.96	0.999	0	4	5	17164	17484	0.958	0.84	0.998	0	0	4	17464	17484	0.981	0.9	1	0	4	4																																																	17164	16455	0.771	0.52	0.953	78	0	1	17464	16455	0.769	0.46	0.953	102	4	1	17164	17458	0.957	0.75	0.998	0	0	4	17464	17458	0.986	0.93	1	0	4	4	between_subject_case_control	in_vivo_tissue	unknown	tumor_tissue	medium	tumor	2014-07-31	TRUE	FALSE	balanced		balanced
SRP045225	tumor | between_subject_case_control | conf=high | tumor_tissue | n=86	disease status	tissue:tumor	86	86	86	60	54	6	0.47	0.333		22774	28	32	27	1	60	0	0	26	60	5	0.308	-0.598	-0.048	0.359	-0.766	-0.238	generic	-1.617	-1.525	-2.822	9e-04	9e-04								37.51	M0,M1,M0perm,M3,M4,M5,M4perm,M5perm,M0permw	4261	4470	0.781	0.94	0.954	0	1	0	4261	4162	0.965	0.99	0.999	0	1	1	4261	3841	0.855	0.97	0.993	0	1	0	4261	1321	0.24	0.62	0.788	66	1	0	4470	1321	0.242	0.65	0.795	53	0	0	4261	4513	0.704	0.89	0.919	0	1	0	4470	4513	0.83	0.94	0.982	0	0	0	4261	1967	0.374	0.75	0.865	21	1	0	4470	1967	0.386	0.78	0.903	11	0	0	4261	4119	0.752	0.92	0.951	0	1	0	4470	4119	0.893	0.96	0.997	0	0	0	4261	3391	0.659	0.84	0.916	0	1	0	4470	3391	0.696	0.88	0.969	0	0	0																																																																																	between_subject_case_control	in_vivo_tissue	unknown	tumor_tissue	high	tumor	2016-02-10	TRUE	FALSE	partially_confounded		partially_confounded
SRP045500	blood | between_subject_case_control | conf=medium |  | n=134	diseasestatus	in:celltype=whole blood;ex:diseasestatus=ms posttreatment;subj:donorid;tissue:blood	134	134	8	8	4	4	0.88	0.25	0.034	17242	7	1	3	4	0	0	0	0	0	0		-1.069	-1.807	-0.431	0.46	-0.527	blood	-0.689	0.955	-0.236	0.0041	0.0031								2	M0,M1,M0perm,M2,M2perm,M4,M5,M4perm,M5perm,M0permw	0	0		0.65	0.934	0	0	0	0	0		0.65	0.934	0	0	0	0	0		0.65	0.934	0	0	0																	0	0		0.02	0.157	0	0	0	0	0		0.01	0.109	0	0	0	0	0		0.23	0.775	0	0	0	0	0		0.27	0.758	0	0	0	0	0		0.35	0.901	0	0	0	0	0		0.44	0.945	0	0	0	0	0		0.04	0.433	0	0	0	0	0		0.04	0.54	0	0	0																																	0	0		0.45	0.814	0	0	0	0	1	0	0.15	0.708	0	0	0																																	between_subject_case_control	ex_vivo_primary_cells	both_sexes	""	medium	blood	2015-01-07	TRUE	FALSE	mildly_imbalanced	balanced	mildly_imbalanced
SRP046233	musculoskeletal | between_subject_case_control | conf=medium | tumor_tissue | n=14	source_name	tissue:musculoskeletal	14	14	14	14	6	8	0.36	0.542	0.161	17345	5	9	4	1	0	1	0	0	0	4	0.115	0.275	0.369	0.452	-0.429	-1.425	muscle	-0.808	0.614	-0.978	0.1634	0.1554								3.12	M0,M1,M0perm,M2,M2perm,M3,M4,M5,M7,M4perm,M5perm,M7perm,M0permw	0	0		0.24	0.884	0	0	0	0	0		0.49	0.952	0	0	0	0	0		0.18	0.632	0	0	0	0	0		0.31	0.651	0	0	0	0	0		0.05	0.451	0	0	0	0	0		0.18	0.828	0	0	0	0	0		0.62	0.955	0	0	0	0	0		0.17	0.769	0	0	0	0	0		0.41	0.807	0	0	0	0	0		0.03	0.742	0	0	0	0	0		0.27	0.88	0	0	0	0	0		0.17	0.87	0	0	0	0	0		0.69	0.982	0	0	0	0	0		0.24	0.804	0	0	0	0	0		0.53	0.884	0	0	0	0	0		0.15	0.779	0	0	0	0	0		0.43	0.918	0	0	0	0	0		0.23	0.848	0	0	0	0	0		0.07	0.681	0	0	0																																	between_subject_case_control	ex_vivo_primary_cells	both_sexes	tumor_tissue	medium	musculoskeletal	2015-03-31	TRUE	FALSE	partially_confounded	balanced	partially_confounded
SRP047122	blood | between_subject_case_control | conf=high |  | n=19	source_name	tissue:blood	19	19	19	19	11	8	0.53	0.386		17186	10	9	4	6	0	0	0	0	19	5	0.125	0.229	0.194	-0.089	0.549	-0.353	blood	1.447	-0.564	-0.373	0.0728	0.061								4.91	M0,M1,M0perm,M3,M4,M5,M7,M4perm,M5perm,M7perm,M0permw	1	4	0.25	0.5	0.94	0	0	0	1	1	1	0.62	0.975	0	0	0	1	0	0	0.55	0.945	0	0	0	1	0	0	0.44	0.912	0	0	0	4	0	0	0.26	0.817	0	0	0	1	9	0.111	0.35	0.932	0	0	0	4	9	0.444	0.64	0.993	0	0	0	1	0	0	0.14	0.659	0	0	0	4	0	0	0.19	0.733	0	0	0	1	0	0	0.51	0.92	0	0	0	4	0	0	0.8	0.991	0	0	0	1	0	0	0.36	0.886	0	0	0	4	0	0	0.51	0.942	0	0	0	1	1	0	0.41	0.929	0	0	0	4	1	0.25	0.75	0.996	0	0	0	1	5	0.2	0.45	0.928	0	0	0	4	5	0.5	0.73	0.984	0	0	0																																																	between_subject_case_control	in_vivo_tissue	both_sexes	""	high	blood	2017-09-15	TRUE	FALSE	partially_confounded		partially_confounded
SRP048683	brain | between_subject_case_control | conf=medium |  | n=12	disease	tissue:brain	12	12	12	12	6	6	0	0		20140.5	0	12	0	0	12	0	0	0	12	0		0.452	-1.377	-0.764	0.49	1.153	brain	-0.364	-0.388	0.953	2e-04	2e-04								10.42	M0																																																																																																																																																																																									between_subject_case_control	in_vivo_tissue	unknown	""	medium	brain	2014-12-31	TRUE	TRUE	single_sex		single_sex
SRP048801	gut | between_subject_case_control | conf=high |  | n=310	diagnosis	tissue:gut	310	310	259	259	208	51	0.39	0.003		20695	101	158	81	20	0	4	20	0	259	5	0.01	-0.12	0.079	-0.424	0.449	0.071	gut	-0.753	0.567	0.043	0.0024	0.0024								18.23	M0,M1,M0perm,M3,M4,M5,M4perm,M5perm,M0permw	11726	11731	0.995	0.99	1	0	0	0	11726	11731	0.995	0.99	1	0	0	0	11726	11722	0.995	0.98	1	0	0	0	11726	15822	0.717	0.53	0.972	0	0	0	11731	15822	0.716	0.52	0.972	0	0	0	11726	12139	0.886	0.9	0.991	0	0	0	11731	12139	0.885	0.89	0.991	0	0	0	11726	11416	0.553	0.6	0.817	486	0	1	11731	11416	0.553	0.6	0.817	483	0	1	11726	11745	0.968	0.97	0.999	0	0	0	11731	11745	0.969	0.97	0.999	0	0	0	11726	11761	0.961	0.95	0.999	0	0	1	11731	11761	0.962	0.95	0.999	0	0	1																																																																																	between_subject_case_control	in_vivo_tissue	both_sexes	""	high	gut	2015-10-01	TRUE	FALSE	balanced		balanced
SRP049097	muscle | between_subject_case_control | conf=medium | tumor_tissue;ffpe_or_degraded | n=54	tissue type	ex:tissue type=normal lung;ex:tissue type=normal skeletal muscle;tissue:muscle	54	54	50	38	32	6	0.79	0.25		22589.5	30	8	24	6	38	0	0	12	38	5	0.174	0.246	-0.499	-0.637	0.136	-0.608	muscle	-0.865	-0.778	-1.036	0.0047	0.0047								28.76	M0,M1,M0perm,M3,M4,M5,M4perm,M5perm,M0permw	8112	8327	0.821	0.87	0.982	0	0	0	8112	8183	0.964	0.9	0.999	0	0	0	8112	7576	0.857	0.89	0.992	0	0	0	8112	12798	0.633	0.57	0.989	0	0	1	8327	12798	0.626	0.59	0.967	0	0	1	8112	8972	0.783	0.81	0.977	0	0	0	8327	8972	0.88	0.85	0.995	0	0	0	8112	8442	0.662	0.6	0.947	0	0	2	8327	8442	0.705	0.66	0.96	0	0	2	8112	8081	0.795	0.84	0.979	0	0	0	8327	8081	0.925	0.94	0.998	0	0	0	8112	8126	0.795	0.83	0.978	0	0	0	8327	8126	0.924	0.92	0.998	0	0	0																																																																																	between_subject_case_control	in_vivo_tissue	unknown	tumor_tissue;ffpe_or_degraded	medium	muscle	2015-12-27	TRUE	FALSE	mildly_imbalanced		mildly_imbalanced
SRP049408	tumor | genotype_comparison | conf=medium | tumor_tissue | n=40	genotype	tissue:tumor	40	40	27	27	8	19	0.48	0.559		18097	13	14	7	6	27	0	0	0	27	5	0.045	-0.148	0.507	0.403	-0.507	-0.089	generic	-0.118	-0.455	-0.5	0.1281	0.128								18.51	M0,M1,M0perm,M3,M4,M5,M7,M4perm,M5perm,M7perm,M0permw	193	0	0	0.6	0.944	0	0	0	193	127	0.553	0.77	0.974	0	0	0	193	2	0.01	0.65	0.95	0	0	0	193	473	0.257	0.42	0.717	0	0	0	0	473	0	0.28	0.64	0	0	0	193	5	0.026	0.55	0.931	0	0	0	0	5	0	0.73	0.989	0	0	0	193	0	0	0.49	0.921	0	0	0	0	0		0.66	0.976	0	0	0	193	0	0	0.59	0.937	0	0	0	0	0		0.85	0.995	0	0	0	193	1	0.005	0.45	0.876	0	0	0	0	1	0	0.63	0.947	0	0	0	193	0	0	0.53	0.94	0	0	0	0	0		0.84	0.996	0	0	0	193	1	0.005	0.48	0.927	0	0	0	0	1	0	0.73	0.98	0	0	0																																																	genotype_comparison	in_vivo_tissue	unknown	tumor_tissue	medium	tumor	2016-10-03	TRUE	FALSE	partially_confounded		partially_confounded
SRP049820	blood | between_subject_case_control | conf=high |  | n=83	group	tissue:blood	83	83	48	43	32	11	0.63	0.5		11332	27	16	16	11	43	0	0	5	43	5	0.077	0.415	0.529	0.579	-0.437	0.28	blood	1.154	-1.213	-0.649	0.4452	0.4323								34.77	M0,M1,M0perm,M3,M4,M5,M7,M4perm,M5perm,M7perm,M0permw	382	759	0.397	0.53	0.938	2	6	0	382	309	0.719	0.88	0.984	0	6	5	382	503	0.497	0.62	0.944	2	6	2	382	306	0.354	0.49	0.877	2	6	2	759	306	0.224	0.38	0.8	7	0	2	382	587	0.41	0.47	0.908	4	6	0	759	587	0.595	0.59	0.949	4	0	0	382	50	0.064	0.2	0.683	3	6	0	759	50	0.031	0.27	0.747	15	0	0	382	529	0.444	0.56	0.924	2	6	0	759	529	0.63	0.79	0.978	1	0	0	382	452	0.416	0.5	0.912	2	6	0	759	452	0.553	0.77	0.973	1	0	0	382	750	0.344	0.41	0.873	2	6	0	759	750	0.612	0.57	0.903	5	0	0	382	798	0.369	0.49	0.931	1	6	0	759	798	0.858	0.84	0.993	1	0	0																																																	between_subject_case_control	in_vivo_tissue	unknown	""	high	blood	2014-11-17	TRUE	FALSE	partially_confounded		partially_confounded
SRP050000	blood | between_subject_case_control | conf=high |  | n=129	sirs vs sepsis	subj:patient id;tissue:blood	129	129	129	107	84	23	0.62	0.045		13135	66	41	51	15	107	0	0	22	107	5	0.016	0.14	-0.051	0.167	-0.22	-0.044	blood	0.762	-0.164	-0.604	0.931	0.8925								21.87	M0,M1,M0perm,M3,M4,M5,M7,M4perm,M5perm,M7perm,M0permw	918	843	0.902	0.95	1	0	0	0	918	878	0.948	0.98	1	0	0	0	918	925	0.938	0.92	1	0	0	0	918	76	0.057	0.38	0.665	0	0	0	843	76	0.061	0.39	0.666	0	0	0	918	1028	0.839	0.89	0.996	0	0	0	843	1028	0.809	0.88	0.996	0	0	0	918	22	0.023	0.34	0.66	0	0	0	843	22	0.025	0.37	0.661	0	0	0	918	671	0.723	0.89	0.996	0	0	0	843	671	0.785	0.9	0.996	0	0	0	918	624	0.667	0.88	0.995	0	0	0	843	624	0.73	0.9	0.996	0	0	0	918	184	0.198	0.76	0.937	0	0	0	843	184	0.214	0.76	0.937	0	0	0	918	718	0.772	0.93	0.998	0	0	0	843	718	0.843	0.94	0.998	0	0	0																																																	between_subject_case_control	in_vivo_tissue	unknown	""	high	blood	2015-01-02	TRUE	FALSE	balanced		balanced
SRP050493	musculoskeletal | between_subject_case_control | conf=medium |  | n=22	disease	in:source_name=bone marrow;ex:disease=erythroleukemia;tissue:musculoskeletal	22	22	16	16	12	4	0.06	0.083	0.975	16319.5	1	15	1	0	0	0	1	0	0	4	0.149	0.289	0.572	0.171	-0.238	0.735	muscle	0.477	-0.695	0.364	0.1533	0.1353								3.74	M0,M1,M0perm,M2,M2perm,M3,M4,M5,M7,M4perm,M5perm,M7perm,M0permw	0	0		0.71	0.989	0	0	0	0	0		0.83	0.991	0	0	0	0	0		0.85	0.992	0	0	0	0	0		0.13	0.539	0	0	0	0	0		0.1	0.504	0	0	0	0	0		0.57	0.959	0	0	0	0	0		0.58	0.948	0	0	0	0	0		0.38	0.832	0	0	0	0	0		0.39	0.831	0	0	0	0	0		0.39	0.924	0	0	0	0	0		0.47	0.936	0	0	0	0	0		0.58	0.952	0	0	0	0	0		0.7	0.963	0	0	0	0	0		0.69	0.984	0	0	0	0	0		0.86	0.998	0	0	0	0	0		0.59	0.979	0	0	0	0	0		0.71	0.994	0	0	0	0	0		0.33	0.902	0	0	0	0	0		0.46	0.912	0	0	0																																	between_subject_case_control	in_vivo_tissue	both_sexes	""	medium	musculoskeletal	2015-01-15	TRUE	FALSE	balanced	partially_confounded	partially_confounded
SRP050971	skin | between_subject_case_control | conf=medium |  | n=45	tissue type	ex:tissue type=uninvolved skin;tissue:skin	45	42	15	15	7	8	0.4	0.214		18714	6	9	2	4	15	0	0	0	15	3	0.356	0.961	-0.352	-0.129	0.466	-0.806	generic	0.75	-0.877	-0.235	5e-04	5e-04	layout	0.04		0.04				1.24	M0,M1,M0perm,M3,M4,M5,M6,M4perm,M5perm,M6perm,M0permw	6392	6612	0.872	0.91	0.995	0	0	0	6392	5639	0.821	0.88	0.993	0	0	0	6392	5539	0.843	0.92	0.997	0	0	0	6392	11396	0.557	0.63	0.969	0	0	0	6612	11396	0.575	0.62	0.969	0	0	0	6392	4911	0.585	0.75	0.914	0	0	0	6612	4911	0.574	0.8	0.914	0	0	0	6392	4730	0.583	0.79	0.943	1	0	0	6612	4730	0.599	0.81	0.957	0	0	0	6392	8611	0.659	0.82	0.97	0	0	0	6612	8611	0.711	0.85	0.981	0	0	0	6392	5468	0.788	0.86	0.991	0	0	0	6612	5468	0.803	0.9	0.996	0	0	0																																																	6392	6317	0.854	0.88	0.993	0	0	1	6612	6317	0.918	0.91	0.999	0	0	1	6392	5738	0.828	0.9	0.993	0	0	0	6612	5738	0.858	0.98	0.998	0	0	0	between_subject_case_control	in_vivo_tissue	unknown	""	medium	skin	2014-12-11	TRUE	FALSE	mildly_imbalanced		mildly_imbalanced
SRP051844	brain | between_subject_case_control | conf=high |  | n=69	diagnosis	tissue:brain	69	69	69	69	20	49	0	0		19070	0	69	0	0	69	0	0	0	69	0		0.446	0.326	-0.517	0.717	0.04	brain	-0.268	0.611	-0.148	5e-04	5e-04								4.44	M0																																																																																																																																																																																									between_subject_case_control	in_vivo_tissue	unknown	""	high	brain	2015-12-08	TRUE	TRUE	single_sex		single_sex
SRP051848	blood | between_subject_case_control | conf=medium |  | n=188	condition	in:time-point=post-deployment;tissue:blood	188	188	94	94	47	47	0	0		17300	0	94	0	0	94	0	0	0	94	0		-0.331	0.136	0.151	-0.149	0.3	blood	0.096	-0.061	-0.296	0.0339	0.031								1.05	M0																																																																																																																																																																																									between_subject_case_control	ex_vivo_primary_cells	unknown	""	medium	blood	2015-02-27	TRUE	TRUE	single_sex		single_sex
SRP052056	tumor | between_subject_case_control | conf=high | tumor_tissue | n=22	diagnosis	tissue:tumor	22	22	22	22	18	4	0.68	0.528		19385.5	15	7	14	1	22	0	0	0	22	5	0.217	-0.354	-0.03	0.012	-0.007	-0.438	generic	0.55	-0.007	-2.362	2e-04	2e-04	readlen	0					0	4.54	M0,M1,M0perm,M3,M4,M5,M6,M4perm,M5perm,M6perm,M0permw	2589	1500	0.464	0.79	0.937	1	2	1	2589	2043	0.701	0.81	0.986	0	2	0	2589	1282	0.461	0.75	0.968	0	2	1	2589	4026	0.508	0.48	0.919	0	2	9	1500	4026	0.334	0.48	0.846	0	1	9	2589	341	0.124	0.59	0.938	0	2	0	1500	341	0.221	0.71	0.967	0	1	0	2589	1113	0.328	0.54	0.919	1	2	0	1500	1113	0.499	0.57	0.952	0	1	0	2589	805	0.273	0.72	0.919	1	2	0	1500	805	0.508	0.81	0.989	0	1	0	2589	1146	0.365	0.64	0.925	1	2	2	1500	1146	0.683	0.77	0.993	0	1	2																																																	2589	775	0.254	0.66	0.945	0	2	2	1500	775	0.453	0.8	0.957	0	1	2	2589	940	0.316	0.77	0.926	1	2	1	1500	940	0.596	0.93	0.992	0	1	1	between_subject_case_control	in_vivo_tissue	unknown	tumor_tissue	high	tumor	2015-05-01	TRUE	FALSE	partially_confounded		partially_confounded
SRP052896	lung | between_subject_case_control | conf=low | tumor_tissue | n=35	tissue	subj:isolate;tissue:lung	35	35	21	21	10	11	0.1	0.2	1.701	17799	2	19	2	0	0	1	0	0	0	5	0.315	1.488	-1.066	0.592	0.973	-0.932	lung	-1.126	-1.049	0.35	3e-04	3e-04	center	1			1			0.08	M0,M1,M0perm,M2,M2perm,M3,M4,M5,M4perm,M5perm,M0permw	4634	3788	0.739	0.8	0.988	0	0	0	4634	4549	0.928	0.85	0.999	0	0	0	4634	3086	0.628	0.79	0.985	0	0	0	4634	1335	0.244	0.44	0.878	1	0	0	3788	1335	0.276	0.39	0.862	0	0	0	4634	110	0.021	0.44	0.792	21	0	0	3788	110	0.025	0.45	0.795	6	0	0	4634	636	0.131	0.63	0.904	0	0	0	3788	636	0.16	0.63	0.927	0	0	0	4634	3875	0.718	0.57	0.985	0	0	0	3788	3875	0.84	0.57	0.997	0	0	0	4634	957	0.198	0.63	0.94	0	0	0	3788	957	0.242	0.62	0.951	0	0	0																																	4634	147	0.031	0.56	0.871	3	0	0	4634	3883	0.742	0.66	0.987	0	0	1																																	between_subject_case_control	in_vivo_tissue	both_sexes	tumor_tissue	low	lung	2015-06-03	TRUE	FALSE	mildly_imbalanced	completely_confounded	completely_confounded
SRP053296	other | between_subject_case_control | conf=medium |  | n=35	mi type	ex:mi type=non-myocardial infarction control;tissue:other	35	33	31	31	15	16	0.32	0.279		11422	10	21	7	3	0	1	3	0	31	5	0.137	0.259	0.274	-0.069	0.118	0.159	generic	-0.283	-0.237	-0.447	0.002	0.0019	pubmonth	0.271				0.271		8.19	M0,M1,M0perm,M3,M4,M5,M6,M4perm,M5perm,M6perm,M0permw	0	0		0.7	0.949	0	0	0	0	0		0.61	0.925	0	0	0	0	0		0.53	0.934	0	0	0	0	3	0	0.41	0.787	0	0	0	0	3	0	0.35	0.736	0	0	0	0	0		0.42	0.813	0	0	0	0	0		0.53	0.881	0	0	0	0	0		0.6	0.881	0	0	0	0	0		0.66	0.932	0	0	0	0	0		0.69	0.943	0	0	0	0	0		0.86	0.99	0	0	0	0	0		0.55	0.907	0	0	0	0	0		0.62	0.939	0	0	0																																																	0	0		0.46	0.848	0	0	0	0	0		0.6	0.902	0	0	0	0	0		0.66	0.926	0	0	0	0	0		0.7	0.946	0	0	0	between_subject_case_control	ex_vivo_primary_cells	both_sexes	""	medium	other	2015-09-15	TRUE	FALSE	mildly_imbalanced		mildly_imbalanced
SRP055749	adipose | between_subject_case_control | conf=high |  | n=16	phenotype	tissue:adipose	16	16	16	16	5	11	0.69	0.164		20035.5	11	5	4	7	16	0	0	0	16	5	0.278	0.366	0.675	-1.01	1.95	-0.437	adipose	-0.166	-0.214	-0.189	0.005	0.0048								0.84	M0,M1,M0perm,M3,M4,M5,M4perm,M5perm,M0permw	5	6	0.571	0.77	0.987	0	0	0	5	2	0.167	0.88	0.993	0	0	0	5	1	0.2	0.85	0.991	0	0	0	5	0	0	0.17	0.581	0	0	0	6	0	0	0.19	0.582	0	0	0	5	0	0	0.57	0.955	0	0	0	6	0	0	0.64	0.961	0	0	0	5	533	0.009	0.23	0.948	0	0	0	6	533	0.011	0.27	0.962	0	0	0	5	0	0	0.39	0.841	0	0	0	6	0	0	0.45	0.842	0	0	0	5	15	0.333	0.57	0.981	0	0	0	6	15	0.4	0.69	0.993	0	0	0																																																																																	between_subject_case_control	in_vivo_tissue	unknown	""	high	adipose	2015-08-02	TRUE	FALSE	mildly_imbalanced		mildly_imbalanced
SRP056443	blood | between_subject_case_control | conf=medium |  | n=24	location	in:time=pre;subj:individual;tissue:blood	24	24	12	12	6	6	0.5	0.667	0.452	16265.5	6	6	5	1	0	0	0	0	0	4	0.165	0.011	0.152	0.194	-0.347	-0.649	blood	0.396	0.651	-0.278	0.429	0.3665								1.28	M0,M1,M0perm,M2,M2perm,M3,M4,M5,M7,M4perm,M5perm,M7perm,M0permw	0	0		0.27	0.735	0	0	0	0	0		0.57	0.924	0	0	0	0	1	0	0.21	0.777	0	0	1	0	0		0.23	0.801	0	0	0	0	0		0.21	0.794	0	0	0	0	0		0.26	0.685	0	0	0	0	0		0.52	0.908	0	0	0	0	0		0.19	0.68	0	0	0	0	0		0.41	0.89	0	0	0	0	0		0.22	0.685	0	0	0	0	0		0.34	0.849	0	0	0	0	0		0.19	0.711	0	0	0	0	0		0.61	0.975	0	0	0	0	0		0.24	0.725	0	0	0	0	0		0.8	0.993	0	0	0	0	0		0.25	0.684	0	0	0	0	0		0.61	0.949	0	0	0	0	0		0.21	0.633	0	0	0	0	0		0.3	0.715	0	0	0																																	between_subject_case_control	ex_vivo_primary_cells	both_sexes	""	medium	blood	2015-07-15	TRUE	FALSE	partially_confounded	mildly_imbalanced	partially_confounded
SRP056477	brain | between_subject_case_control | conf=high |  | n=53	genotype	in:tissue=cerebellum;tissue:brain	53	53	16	16	8	8	0.5	0.25		18243	8	8	5	3	16	0	0	0	16	4	0.148	0.332	0.528	0.326	0.035	-0.611	brain	-0.822	-0.819	-0.453	8e-04	8e-04								4.01	M0,M1,M0perm,M3,M4,M5,M4perm,M5perm,M0permw	0	0		0.61	0.983	0	0	0	0	0		0.92	0.999	0	0	0	0	0		0.87	0.976	0	0	0	0	0		0.19	0.355	0	0	0	0	0		0.09	0.302	0	0	0	0	0		0.37	0.951	0	0	0	0	0		0.52	0.969	0	0	0	0	0		0.22	0.674	0	0	0	0	0		0.2	0.676	0	0	0	0	0		0.48	0.951	0	0	0	0	0		0.74	0.975	0	0	0	0	0		0.47	0.982	0	0	0	0	0		0.68	0.995	0	0	0																																																																																	between_subject_case_control	in_vivo_tissue	unknown	""	high	brain	2015-07-20	TRUE	FALSE	mildly_imbalanced		mildly_imbalanced
SRP056696	liver | between_subject_case_control | conf=medium | tumor_tissue | n=55	tumor status	tissue:liver	55	55	55	55	50	5	0.16	0.26		17681	9	46	7	2	5	3	3	0	5	5	0.09	0.277	0.57	-0.074	-0.16	-1.29	liver	-1.455	1.208	-1.394	6e-04	6e-04								8.14	M0,M1,M0perm,M3,M4,M5,M4perm,M5perm,M0permw	3497	2533	0.716	0.96	0.993	0	0	0	3497	3355	0.854	0.96	0.993	0	0	0	3497	2753	0.773	0.99	0.994	0	0	0	3497	1358	0.308	0.68	0.829	1	0	0	2533	1358	0.397	0.69	0.854	0	0	0	3497	3427	0.702	0.84	0.975	0	0	0	2533	3427	0.679	0.88	0.982	0	0	0	3497	3423	0.424	0.56	0.872	2	0	0	2533	3423	0.419	0.56	0.867	0	0	0	3497	2487	0.696	0.92	0.99	0	0	0	2533	2487	0.863	0.93	0.996	0	0	0	3497	2304	0.648	0.93	0.99	0	0	0	2533	2304	0.831	0.94	0.994	0	0	0																																																																																	between_subject_case_control	in_vivo_tissue	both_sexes	tumor_tissue	medium	liver	2015-06-15	TRUE	FALSE	mildly_imbalanced		mildly_imbalanced
SRP056835	other | between_subject_case_control | conf=medium |  | n=24	developmental stage	in:tissue=beta cells;tissue:other	24	24	13	13	6	7	0.23	0.19		17599	3	10	2	1	13	0	0	0	13	4	0.236	1.3	0.848	-0.227	0.541	-0.283	generic	1.061	1.539	1.165	4e-04	4e-04	layout	1		1			1	23.81	M0,M1,M0perm,M3,M4,M5,M4perm,M5perm,M0permw	8533	8351	0.873	0.87	0.992	0	0	2	8533	8164	0.897	0.9	0.996	0	0	0	8533	8083	0.854	0.87	0.991	0	0	0	8533	10889	0.775	0.59	0.989	0	0	0	8351	10889	0.744	0.63	0.985	0	2	0	8533	5221	0.538	0.67	0.928	1	0	2	8351	5221	0.539	0.72	0.926	5	2	2	8533	6537	0.634	0.65	0.941	2	0	1	8351	6537	0.664	0.73	0.954	1	2	1	8533	6974	0.754	0.72	0.981	0	0	0	8351	6974	0.799	0.81	0.99	0	2	0	8533	7749	0.798	0.72	0.983	0	0	1	8351	7749	0.845	0.83	0.991	0	2	1																																																																																	between_subject_case_control	ex_vivo_primary_cells	unknown	""	medium	other	2015-06-09	TRUE	FALSE	mildly_imbalanced		mildly_imbalanced
SRP056840	blood | between_subject_case_control | conf=high |  | n=133	sirs outcomes	subj:patient id;tissue:blood	133	133	75	64	12	52	0.62	0.256		13276	40	24	10	30	64	0	0	11	64	5	0.065	-0.137	0.915	0.261	-0.114	0.845	blood	0.468	-0.165	0.02	0.9126	0.8741								13.6	M0,M1,M0perm,M3,M4,M5,M7,M4perm,M5perm,M7perm,M0permw	18	41	0.439	0.78	0.981	0	0	0	18	22	0.739	0.92	0.998	0	0	0	18	5	0.278	0.81	0.983	0	0	0	18	1	0	0.12	0.464	0	0	0	41	1	0	0.11	0.485	0	0	0	18	5	0.278	0.59	0.94	0	0	0	41	5	0.122	0.67	0.947	0	0	0	18	17	0.167	0.49	0.842	0	0	0	41	17	0.208	0.58	0.867	0	0	0	18	13	0.348	0.6	0.913	0	0	0	41	13	0.256	0.7	0.945	0	0	0	18	5	0.278	0.58	0.941	0	0	0	41	5	0.122	0.64	0.96	0	0	0	18	97	0.186	0.69	0.98	0	0	0	41	97	0.423	0.79	0.994	0	0	0	18	4	0.222	0.55	0.936	0	0	0	41	4	0.098	0.64	0.948	0	0	0																																																	between_subject_case_control	in_vivo_tissue	unknown	""	high	blood	2015-07-08	TRUE	FALSE	mildly_imbalanced		mildly_imbalanced
SRP057350	lung | between_subject_case_control | conf=high |  | n=68	disease	subj:isolate;tissue:lung	68	68	37	37	16	21	0.51	0.134	0.153	17327	19	18	7	12	0	1	0	0	0	5	0.403	0.608	-0.636	0.146	-0.112	0.019	lung	0.63	-0.524	0.421	1e-04	1e-04								3.08	M0,M1,M0perm,M2,M2perm,M3,M4,M5,M4perm,M5perm,M0permw	0	0		0.71	0.997	0	0	0	0	0		0.91	0.999	0	0	0	0	918	0	0.51	0.997	0	0	0	0	12	0	0.29	0.733	0	0	0	0	12	0	0.29	0.751	0	0	0	0	0		0.3	0.91	0	0	0	0	0		0.56	0.926	0	0	0	0	0		0.47	0.863	0	0	0	0	0		0.58	0.877	0	0	0	0	0		0.63	0.991	0	0	0	0	0		0.78	0.995	0	0	0	0	0		0.58	0.984	0	0	0	0	0		0.79	0.989	0	0	0																																	0	0		0.7	0.995	0	0	0	0	73	0	0.5	0.996	0	0	0																																	between_subject_case_control	ex_vivo_primary_cells	both_sexes	""	high	lung	2017-12-07	TRUE	FALSE	balanced	balanced	balanced
SRP057793	tumor | between_subject_case_control | conf=medium | tumor_tissue | n=149	disease	subj:rna_seq_id;tissue:tumor	149	149	84	84	44	40	0.61	0.225	0.142	18918.5	51	33	22	29	0	0	2	0	0	5	0.036	-0.229	-0.072	-0.269	0.384	-0.151	generic	0.548	0.672	-0.326	3e-04	3e-04	center	0.235			0.235			5.7	M0,M1,M0perm,M2,M2perm,M3,M4,M5,M6,M4perm,M5perm,M6perm,M0permw	4824	3831	0.775	0.91	0.994	0	0	0	4824	4866	0.948	0.95	0.999	0	0	0	4824	4326	0.827	0.9	0.994	0	0	0	4824	614	0.109	0.64	0.731	85	0	0	3831	614	0.133	0.66	0.738	35	0	0	4824	3506	0.712	0.88	0.991	0	0	0	3831	3506	0.889	0.9	0.998	0	0	0	4824	1329	0.255	0.79	0.895	0	0	0	3831	1329	0.315	0.78	0.905	0	0	0	4824	3675	0.713	0.83	0.984	0	0	0	3831	3675	0.822	0.82	0.992	0	0	0	4824	3649	0.734	0.84	0.99	0	0	0	3831	3649	0.876	0.89	0.996	0	0	0																																	4824	3607	0.731	0.9	0.992	0	0	0	4824	3418	0.692	0.9	0.991	0	0	0	4824	2809	0.574	0.88	0.986	0	0	0	3831	2809	0.721	0.94	0.994	0	0	0	4824	3645	0.738	0.91	0.992	0	0	0	3831	3645	0.927	0.98	0.999	0	0	0	between_subject_case_control	in_vivo_tissue	both_sexes	tumor_tissue	medium	tumor	2016-05-15	TRUE	FALSE	mildly_imbalanced	balanced	mildly_imbalanced
SRP058243	tumor | between_subject_case_control | conf=high | tumor_tissue | n=46	tissue	tissue:tumor	46	46	46	46	42	4	0.24	0.286	0.559	19042	11	35	9	2	0	1	1	0	0	5	0.191	-0.399	-1.066	-0.607	0.233	-0.212	generic	-1	0.394	0.75	9e-04	9e-04	layout	0.046		0.046			0.046	8.99	M0,M1,M0perm,M2,M2perm,M3,M4,M5,M6,M4perm,M5perm,M6perm,M0permw	6930	6702	0.889	0.95	0.995	0	0	0	6930	6866	0.975	0.95	1	0	0	0	6930	6906	0.91	0.87	0.997	0	0	0	6930	8005	0.685	0.55	0.952	1	0	0	6702	8005	0.715	0.55	0.965	0	0	0	6930	6581	0.83	0.84	0.988	0	0	0	6702	6581	0.868	0.86	0.992	0	0	0	6930	6661	0.725	0.74	0.967	0	0	0	6702	6661	0.759	0.76	0.974	0	0	0	6930	6695	0.879	0.93	0.994	0	0	0	6702	6695	0.942	0.96	0.999	0	0	0	6930	6517	0.861	0.93	0.993	0	0	0	6702	6517	0.921	0.96	0.998	0	0	0																																	6930	6966	0.862	0.89	0.992	0	0	0	6930	6662	0.886	0.95	0.995	0	0	0	6930	6767	0.888	0.91	0.995	0	0	0	6702	6767	0.971	0.95	1	0	0	0	6930	6611	0.883	0.95	0.995	0	0	0	6702	6611	0.976	0.99	1	0	0	0	between_subject_case_control	in_vivo_tissue	both_sexes	tumor_tissue	high	tumor	2016-06-30	TRUE	FALSE	mildly_imbalanced	mildly_imbalanced	mildly_imbalanced
SRP058722	tumor | between_subject_case_control | conf=medium | tumor_tissue | n=35	tissue	tissue:tumor	35	35	35	35	25	10	1	0	1.763	19226	35	0	25	10	35	0	0	0	0	0		1.553	-0.307	0.563	-0.794	0.287	generic	2.022	2.205	0.329	4e-04	4e-04								27.32	M0																																																																																																																																																																																									between_subject_case_control	in_vivo_tissue	female_only	tumor_tissue	medium	tumor	2015-07-27	TRUE	TRUE	single_sex	completely_confounded	single_sex
SRP059039	blood | between_subject_case_control | conf=high |  | n=255	group	tissue:blood	255	255	255	252	205	47	0.45	0.176		18043	114	138	86	28	252	0	0	3	0	5	0.009	-0.535	0.062	0.364	-0.165	-0.277	blood	0.954	-0.863	-0.423	0.0093	0.0092	pubmonth	0.364				0.364	0.364	27.51	M0,M1,M0perm,M3,M4,M5,M6,M4perm,M5perm,M6perm,M0permw	9527	9680	0.937	0.93	0.997	0	0	2	9527	9518	0.984	0.99	1	0	0	0	9527	9777	0.928	0.96	0.998	0	0	0	9527	7459	0.54	0.41	0.864	147	0	0	9680	7459	0.534	0.39	0.857	174	2	0	9527	7797	0.752	0.83	0.98	2	0	4	9680	7797	0.75	0.83	0.982	2	2	4	9527	2673	0.151	0.36	0.466	1899	0	3	9680	2673	0.147	0.39	0.469	1928	2	3	9527	9809	0.924	0.92	0.996	0	0	3	9680	9809	0.966	0.94	0.999	0	2	3	9527	9728	0.933	0.92	0.997	0	0	2	9680	9728	0.982	0.98	1	0	2	2																																																	9527	7898	0.715	0.65	0.936	180	0	4	9680	7898	0.713	0.67	0.941	169	2	4	9527	9688	0.934	0.93	0.997	0	0	2	9680	9688	0.983	0.97	1	0	2	2	between_subject_case_control	in_vivo_tissue	unknown	""	high	blood	2015-06-05	TRUE	FALSE	mildly_imbalanced		mildly_imbalanced
SRP059057	blood | between_subject_case_control | conf=medium |  | n=74	phenotype	in:cell stimulation=unstimulated;tissue:blood	74	74	23	23	13	10	0.7	0.008		17484	16	7	9	7	23	0	0	0	23	4	0.21	-0.027	-0.685	-0.362	0.282	-0.05	blood	-0.217	0.248	0.385	0	0								2.89	M0,M1,M0perm,M3,M4,M5,M4perm,M5perm,M0permw	0	2	0	0.76	0.999	0	0	0	0	0		0.91	0.999	0	0	0	0	0		0.89	0.999	0	0	0	0	882	0	0.38	0.883	0	0	0	2	882	0.002	0.32	0.883	0	0	0	0	174	0	0.34	0.73	0	0	0	2	174	0.011	0.35	0.735	0	0	0	0	4	0	0.72	0.983	0	0	0	2	4	0.5	0.78	0.985	0	0	0	0	0		0.75	0.983	0	0	0	2	0	0	0.82	0.985	0	0	0	0	3	0	0.45	0.95	0	0	0	2	3	0.667	0.53	0.953	0	0	0																																																																																	between_subject_case_control	ex_vivo_primary_cells	unknown	""	medium	blood	2015-08-18	TRUE	FALSE	balanced		balanced
SRP059172	blood | between_subject_case_control | conf=medium |  | n=169	group	tissue:blood	169	169	152	150	103	47	0.23	0.228		18492	34	116	16	18	150	0	0	2	150	5	0.019	-0.149	0.271	0.308	-0.33	0.09	blood	-0.245	-0.063	-0.639	0.0436	0.0433								18.69	M0,M1,M0perm,M3,M4,M5,M7,M4perm,M5perm,M7perm,M0permw	2914	2203	0.696	0.75	0.983	1	6	1	2914	2786	0.891	0.91	0.997	0	6	7	2914	2132	0.697	0.82	0.988	0	6	9	2914	317	0.081	0.31	0.735	54	6	0	2203	317	0.097	0.28	0.715	59	1	0	2914	2020	0.591	0.75	0.947	2	6	1	2203	2020	0.758	0.87	0.976	0	1	1	2914	1979	0.535	0.62	0.927	3	6	0	2203	1979	0.676	0.66	0.96	0	1	0	2914	2076	0.662	0.75	0.98	1	6	1	2203	2076	0.919	0.91	0.998	0	1	1	2914	2238	0.701	0.76	0.982	1	6	1	2203	2238	0.92	0.92	0.998	0	1	1	2914	837	0.262	0.59	0.914	4	6	0	2203	837	0.326	0.55	0.913	2	1	0	2914	2153	0.682	0.75	0.982	1	6	1	2203	2153	0.959	0.97	1	0	1	1																																																	between_subject_case_control	in_vivo_tissue	unknown	""	medium	blood	2015-06-16	TRUE	FALSE	mildly_imbalanced		mildly_imbalanced
SRP059588	tumor | between_subject_case_control | conf=medium | tumor_tissue;ffpe_or_degraded | n=41	disease	subj:rna_seq_id;tissue:tumor	41	41	23	23	13	10	0.74	0.069	0.706	21644	17	6	10	7	0	1	1	0	0	5	0.214	0.419	0.191	0.113	-0.089	0.41	generic	-0.205	0.246	-0.229	1e-04	1e-04								37.58	M0,M1,M0perm,M2,M2perm,M3,M4,M5,M4perm,M5perm,M0permw	1563	1588	0.886	0.91	0.996	0	0	0	1563	1388	0.587	0.69	0.955	0	0	0	1563	1780	0.83	0.76	0.996	0	0	0	1563	1028	0.421	0.4	0.826	0	0	0	1588	1028	0.427	0.4	0.831	1	0	0	1563	1475	0.789	0.79	0.983	0	0	0	1588	1475	0.809	0.84	0.986	0	0	0	1563	1966	0.598	0.66	0.96	0	0	0	1588	1966	0.612	0.66	0.961	0	0	0	1563	1051	0.613	0.75	0.949	0	0	0	1588	1051	0.604	0.79	0.953	0	0	0	1563	1323	0.671	0.76	0.971	0	0	0	1588	1323	0.681	0.79	0.973	0	0	0																																	1563	1276	0.723	0.84	0.979	0	0	0	1563	1264	0.731	0.81	0.98	0	0	0																																	between_subject_case_control	in_vivo_tissue	both_sexes	tumor_tissue;ffpe_or_degraded	medium	tumor	2016-05-15	TRUE	FALSE	balanced	mildly_imbalanced	mildly_imbalanced
SRP060205	brain | between_subject_case_control | conf=medium | targeted_assay_suspected | n=144	source_name	tissue:brain	144	72	16	13	6	7	0.62	0.095		15700.5	8	5	4	4	13	0	0	3	13	4	0.205	-0.422	-0.915	0.358	-0.405	0.288	brain	0.112	0.692	-0.741	0.0017	0.0017	readlen	0.141					0.141	13.71	M0,M1,M0perm,M3,M4,M5,M6,M4perm,M5perm,M6perm,M0permw	0	0		0.73	0.961	0	0	0	0	0		0.78	0.96	0	0	0	0	0		0.83	0.971	0	0	0	0	0		0.19	0.729	0	0	0	0	0		0.2	0.706	0	0	0	0	0		0.24	0.774	0	0	0	0	0		0.32	0.796	0	0	0	0	0		0.38	0.817	0	0	0	0	0		0.38	0.835	0	0	0	0	0		0.58	0.909	0	0	0	0	0		0.61	0.936	0	0	0	0	0		0.39	0.807	0	0	0	0	0		0.45	0.85	0	0	0																																																	0	0		0.64	0.94	0	0	0	0	0		0.79	0.975	0	0	0	0	0		0.62	0.935	0	0	0	0	0		0.71	0.963	0	0	0	between_subject_case_control	in_vivo_tissue	unknown	targeted_assay_suspected	medium	brain	2017-08-02	TRUE	FALSE	balanced		balanced
SRP060715	other | between_subject_case_control | conf=high | tumor_tissue | n=15	cell type	tissue:other	15	15	15	15	10	5	0.13	0.4		18353	2	13	0	2	15	0	0	0	15	4	0.015	-0.844	-1.783	-9.177	8.445	0.639	generic	2.192	0.285	0.595	7e-04	7e-04								8.76	M0,M1,M0perm,M3,M4,M5,M4perm,M5perm,M0permw	9296	6331	0.666	0.78	0.985	1	2	3	9296	8982	0.925	0.91	0.998	1	2	2	9296	6331	0.666	0.78	0.985	1	2	3	9296	13181	0.698	0.53	0.983	0	2	2	6331	13181	0.473	0.47	0.968	9	3	2	9296	5819	0.452	0.61	0.862	17	2	3	6331	5819	0.547	0.66	0.887	1	3	3	9296	4603	0.441	0.6	0.903	20	2	4	6331	4603	0.549	0.72	0.909	1	3	4	9296	4741	0.454	0.67	0.926	10	2	3	6331	4741	0.585	0.81	0.945	1	3	3	9296	4319	0.445	0.73	0.955	3	2	3	6331	4319	0.605	0.81	0.969	0	3	3																																																																																	between_subject_case_control	ex_vivo_primary_cells	unknown	tumor_tissue	high	other	2015-07-15	TRUE	FALSE	partially_confounded		partially_confounded
SRP061286	other | between_subject_case_control | conf=high |  | n=19	diagnosis	tissue:other	19	19	19	19	7	12	0.58	0.214		17297	11	8	5	6	0	0	0	0	19	2	0.289	-0.082	1.052	-1.143	0.529	0.202	generic	0.982	2.116	0.426	3e-04	3e-04	readlen	0.031					0.031	9.06	M0,M1,M0perm,M3,M4,M5,M6,M4perm,M5perm,M6perm,M0permw	144	165	0.522	0.71	0.988	0	0	0	144	173	0.651	0.76	0.992	0	0	0	144	1	0.007	0.93	0.997	0	0	0	144	2811	0.051	0.32	0.914	0	0	0	165	2811	0.052	0.26	0.876	0	0	0	144	628	0.184	0.41	0.932	0	0	0	165	628	0.224	0.45	0.948	0	0	0	144	0	0	0.18	0.595	0	0	0	165	0	0	0.2	0.605	0	0	0	144	85	0.405	0.66	0.983	0	0	0	165	85	0.437	0.77	0.994	0	0	0	144	1	0.007	0.65	0.984	0	0	0	165	1	0.006	0.8	0.992	0	0	0																																																	144	6725	0.021	0.4	0.967	0	0	1	165	6725	0.025	0.39	0.974	0	0	1	144	1	0.007	0.61	0.979	0	0	0	165	1	0.006	0.83	0.987	0	0	0	between_subject_case_control	in_vivo_tissue	both_sexes	""	high	other	2016-06-29	TRUE	FALSE	mildly_imbalanced		mildly_imbalanced
SRP061571	adipose | in_vivo_treatment_arms | conf=medium | tumor_tissue | n=35	treatment	tissue:adipose	35	35	35	35	18	17	1	0		18302	35	0	18	17	35	0	0	0	35	0		-0.865	-0.047	1.204	-1.177	-0.453	adipose	0.071	1.425	0.639	0.004	0.004								2.58	M0																																																																																																																																																																																									in_vivo_treatment_arms	in_vivo_tissue	female_only	tumor_tissue	medium	adipose	2016-07-27	TRUE	TRUE	single_sex		single_sex
SRP062025	musculoskeletal | between_subject_case_control | conf=high |  | n=73	phenotype	in:tissue=bone marrow hsc;subj:source_name;tissue:musculoskeletal	73	73	24	24	17	7	0.67	0.067		16765	16	8	11	5	24	0	0	0	24	5	0.099	0.677	-0.118	0.393	-0.335	-0.055	muscle	0.386	0.254	0.369	2e-04	2e-04	readlen	0.265					0.265	19.8	M0,M1,M0perm,M3,M4,M5,M6,M4perm,M5perm,M6perm,M0permw	8	11	0.727	0.91	0.995	0	0	0	8	6	0.75	0.78	0.976	0	0	0	8	7	0.875	0.9	0.993	0	0	0	8	23	0.24	0.45	0.831	0	0	0	11	23	0.259	0.43	0.828	0	0	0	8	15	0.353	0.59	0.911	0	0	0	11	15	0.529	0.6	0.914	0	0	0	8	10	0.636	0.73	0.978	0	0	0	11	10	0.615	0.78	0.984	0	0	0	8	12	0.667	0.76	0.982	0	0	0	11	12	0.643	0.78	0.985	0	0	0	8	4	0.5	0.63	0.945	0	0	0	11	4	0.364	0.67	0.951	0	0	0																																																	8	9	0.7	0.74	0.946	0	0	0	11	9	0.667	0.8	0.953	0	0	0	8	10	0.8	0.82	0.99	0	0	0	11	10	0.75	0.86	0.994	0	0	0	between_subject_case_control	ex_vivo_primary_cells	unknown	""	high	musculoskeletal	2015-09-08	TRUE	FALSE	balanced		balanced
SRP062298	muscle | in_vivo_treatment_arms | conf=medium |  | n=48	subject group	in:time point=3 hours after exercise;subj:subject id;tissue:muscle	48	48	16	16	8	8	0.38	0.25		14932.5	6	10	2	4	16	0	0	0	16	3	0.676	-0.232	0.639	-0.306	0.216	-0.673	muscle	0.67	-0.225	-0.526	0.0039	0.0039								4.45	M0,M1,M0perm,M3,M4,M5,M4perm,M5perm,M0permw	0	0		0.8	0.957	0	0	0	0	0		0.79	0.999	0	0	0	0	0		0.56	0.968	0	0	0	0	0		0.28	0.621	0	0	0	0	0		0.32	0.678	0	0	0	0	0		0.44	0.801	0	0	0	0	0		0.49	0.788	0	0	0	0	0		0.24	0.68	0	0	0	0	0		0.31	0.657	0	0	0	0	0		0.39	0.882	0	0	0	0	0		0.48	0.944	0	0	0	0	0		0.48	0.909	0	0	0	0	0		0.57	0.955	0	0	0																																																																																	in_vivo_treatment_arms	in_vivo_tissue	unknown	""	medium	muscle	2016-03-22	TRUE	FALSE	mildly_imbalanced		mildly_imbalanced
SRP062966	blood | between_subject_case_control | conf=high |  | n=117	disease status	tissue:blood	117	117	117	117	99	18	0.95	0.061		16941	111	6	93	18	117	0	0	0	117	5	0.079	-0.859	1.719	1.233	-0.881	-0.029	blood	1.426	-0.171	-0.979	0.6584	0.6411								3.8	M0,M1,M0perm,M3,M4,M5,M7,M4perm,M5perm,M7perm,M0permw	6269	5883	0.903	0.97	0.997	0	0	0	6269	6396	0.975	0.95	1	0	0	0	6269	6307	0.926	0.96	0.998	0	0	0	6269	10328	0.589	0.29	0.954	0	0	0	5883	10328	0.561	0.28	0.962	0	0	0	6269	6897	0.227	0.13	0.481	897	0	2	5883	6897	0.224	0.13	0.473	794	0	2	6269	5494	0.379	0.44	0.716	68	0	0	5883	5494	0.409	0.44	0.748	32	0	0	6269	5831	0.891	0.94	0.997	0	0	0	5883	5831	0.94	0.95	0.999	0	0	0	6269	5950	0.849	0.9	0.991	0	0	0	5883	5950	0.909	0.92	0.997	0	0	0	6269	6227	0.654	0.68	0.938	3	0	0	5883	6227	0.644	0.69	0.929	3	0	0	6269	5876	0.86	0.93	0.993	0	0	0	5883	5876	0.92	0.95	0.998	0	0	0																																																	between_subject_case_control	in_vivo_tissue	unknown	""	high	blood	2015-09-18	TRUE	FALSE	balanced		balanced
SRP063006	tumor | between_subject_case_control | conf=high | tumor_tissue | n=46	hpv status	tissue:tumor	46	23	23	22	10	12	0.18	0.15		20249	4	18	1	3	22	0	0	1	22	5	0.181	0.334	0.343	1.158	-1.42	-0.634	generic	1.404	-0.195	-0.16	3e-04	3e-04								2.46	M0,M1,M0perm,M3,M4,M5,M4perm,M5perm,M0permw	2034	1722	0.766	0.9	0.993	0	0	2	2034	2338	0.838	0.86	0.997	0	0	0	2034	2448	0.768	0.79	0.994	0	0	0	2034	178	0.069	0.45	0.798	0	0	0	1722	178	0.08	0.45	0.816	3	2	0	2034	2624	0.61	0.58	0.979	0	0	2	1722	2624	0.595	0.57	0.982	0	2	2	2034	35	0.016	0.4	0.81	5	0	0	1722	35	0.019	0.44	0.818	2	2	0	2034	1241	0.475	0.61	0.967	0	0	0	1722	1241	0.532	0.67	0.971	0	2	0	2034	1076	0.459	0.75	0.976	0	0	2	1722	1076	0.529	0.79	0.983	0	2	2																																																																																	between_subject_case_control	in_vivo_tissue	unknown	tumor_tissue	high	tumor	2016-09-01	TRUE	FALSE	mildly_imbalanced		mildly_imbalanced
SRP063477	musculoskeletal | in_vivo_treatment_arms | conf=high |  | n=40	source_name	tissue:musculoskeletal	40	40	27	27	14	13	1	0		19504	27	0	14	13	0	0	0	0	27	0		-0.42	-0.036	-0.498	0.414	0.252	muscle	0.012	0.247	-0.07	0.1299	0.0581								3.81	M0																																																																																																																																																																																									in_vivo_treatment_arms	in_vivo_tissue	female_only	""	high	musculoskeletal	2015-09-10	TRUE	TRUE	single_sex		single_sex
SRP063496	gut | between_subject_case_control | conf=medium |  | n=73	remission at week 10	ex:remission at week 10=n/a;subj:inventory sample name;tissue:gut	73	73	70	70	12	58	0.34	0.089		18232	24	46	5	19	70	0	0	0	70	5	0.147	0.151	-0.138	-0.055	0.389	-0.317	gut	0.309	-0.34	-0.364	0.0041	0.0041								1.73	M0,M1,M0perm,M3,M4,M5,M4perm,M5perm,M0permw	0	0		0.88	0.995	0	0	0	0	0		0.85	0.994	0	0	0	0	0		0.92	0.998	0	0	0	0	0		0.3	0.688	0	0	0	0	0		0.3	0.704	0	0	0	0	0		0.75	0.976	0	0	0	0	0		0.78	0.982	0	0	0	0	0		0.45	0.779	0	0	0	0	0		0.46	0.798	0	0	0	0	0		0.66	0.975	0	0	0	0	0		0.68	0.98	0	0	0	0	0		0.73	0.981	0	0	0	0	0		0.77	0.986	0	0	0																																																																																	between_subject_case_control	in_vivo_tissue	unknown	""	medium	gut	2015-10-27	TRUE	FALSE	balanced		balanced
SRP063838	lung | between_subject_case_control | conf=high |  | n=24	tissue	tissue:lung	24	12	9	9	4	5	0.22	0.05	0.308	21034	2	7	1	1	0	5	0	0	0	0		-0.598	0.521	-0.226	0.49	1.222	lung	-1.497	-0.578	-0.84	0.0014	0.0012								1.44	M0,M1,M0perm,M2,M2perm,M4,M5,M4perm,M5perm,M0permw	0	0		0.64	0.983	0	0	0	0	0		0.59	0.982	0	0	0	0	0		0.79	0.99	0	0	0																	0	0		0.34	0.806	0	0	0	0	0		0.41	0.816	0	0	0	0	0		0.04	0.534	0	0	0	0	0		0.1	0.531	0	0	0	0	0		0.17	0.841	0	0	0	0	0		0.27	0.828	0	0	0	0	0		0.11	0.783	0	0	0	0	0		0.11	0.769	0	0	0																																	0	0		0.48	0.952	0	0	0	0	0		0.44	0.972	0	0	0																																	between_subject_case_control	in_vivo_tissue	both_sexes	""	high	lung	2015-09-21	TRUE	FALSE	balanced	balanced	balanced
SRP064431	liver | between_subject_case_control | conf=medium | tumor_tissue | n=12	tissue type	subj:subject id;tissue:liver	12	12	12	12	8	4	0.17	0.125		16592	2	10	1	1	12	0	0	0	12	1	0.105	0.406	0.282	-1.41	1.293	0.528	liver	-0.366	0.072	0.899	1e-04	1e-04								27.48	M0,M1,M0perm,M3,M4,M5,M4perm,M5perm,M0permw	128	66	0.504	0.87	0.993	0	0	0	128	4	0.031	0.81	0.985	0	0	0	128	79	0.605	0.88	0.995	0	0	0	128	59	0.299	0.6	0.717	0	0	0	66	59	0.42	0.56	0.748	0	0	0	128	23	0.18	0.75	0.986	0	0	0	66	23	0.328	0.82	0.994	0	0	0	128	161	0.513	0.69	0.985	0	0	0	66	161	0.41	0.7	0.992	0	0	0	128	51	0.346	0.75	0.981	0	0	0	66	51	0.444	0.72	0.98	0	0	0	128	0	0	0.5	0.727	0	0	0	66	0	0	0.51	0.758	0	0	0																																																																																	between_subject_case_control	in_vivo_tissue	unknown	tumor_tissue	medium	liver	2017-04-03	TRUE	FALSE	balanced		balanced
SRP064478	brain | between_subject_case_control | conf=high |  | n=15	isolate	subj:label;tissue:brain	15	15	15	15	7	8	0.47	0.071	0.208	18754	7	8	3	4	0	0	0	0	0	4	0.583	-1.067	0.442	0.825	-0.817	0.074	brain	-0.166	0.443	-0.566	8e-04	8e-04								9.59	M0,M1,M0perm,M2,M2perm,M3,M4,M5,M4perm,M5perm,M0permw	0	0		0.88	0.998	0	0	0	0	0		0.85	0.98	0	0	0	0	0		0.87	0.995	0	0	0	0	0		0.2	0.694	0	0	0	0	0		0.2	0.693	0	0	0	0	0		0.45	0.789	0	0	0	0	0		0.52	0.779	0	0	0	0	0		0.67	0.973	0	0	0	0	0		0.72	0.974	0	0	0	0	1	0	0.42	0.891	0	0	0	0	1	0	0.43	0.895	0	0	0	0	0		0.65	0.98	0	0	0	0	0		0.64	0.978	0	0	0																																	0	0		0.86	0.992	0	0	0	0	0		0.81	0.994	0	0	0																																	between_subject_case_control	in_vivo_tissue	both_sexes	""	high	brain	2016-10-05	TRUE	FALSE	balanced	balanced	balanced
SRP065232	other | between_subject_case_control | conf=medium |  | n=41	group	tissue:other	41	41	25	25	13	12	0.36	0.051		17078	9	16	5	4	25	0	0	0	25	5	0.484	-0.705	0.136	0.408	-0.445	-0.747	generic	-0.609	0.046	-0.51	0.0244	0.0223								27.52	M0,M1,M0perm,M3,M4,M5,M7,M4perm,M5perm,M7perm,M0permw	0	0		0.81	0.997	0	0	0	0	0		0.68	0.969	0	0	0	0	0		0.8	0.995	0	0	0	0	0		0.2	0.576	0	0	0	0	0		0.23	0.572	0	0	0	0	0		0.37	0.817	0	0	0	0	0		0.4	0.812	0	0	0	0	0		0.66	0.91	0	0	0	0	0		0.68	0.913	0	0	0	0	0		0.65	0.974	0	0	0	0	0		0.71	0.978	0	0	0	0	0		0.68	0.975	0	0	0	0	0		0.72	0.977	0	0	0	0	0		0.65	0.961	0	0	0	0	0		0.7	0.961	0	0	0	0	0		0.66	0.973	0	0	0	0	0		0.7	0.978	0	0	0																																																	between_subject_case_control	in_vivo_tissue	unknown	""	medium	other	2018-10-16	TRUE	FALSE	balanced		balanced
SRP065445	blood | between_subject_case_control | conf=medium | tumor_tissue | n=13	diagnosis	ex:diagnosis=juvenile xanthogranuloma;tissue:blood	13	13	12	12	7	5	0.5	0.514		19491.5	6	6	2	4	12	0	0	0	12	4	0.197	-3.069	-0.971	0.448	-1.615	-0.594	blood	-0.093	0.742	-0.303	0.0036	0.0036								20.55	M0,M1,M0perm,M3,M4,M5,M4perm,M5perm,M0permw	1567	826	0.373	0.67	0.89	0	0	0	1567	1332	0.748	0.83	0.991	0	0	0	1567	613	0.362	0.75	0.972	0	0	0	1567	4876	0.318	0.3	0.966	0	0	0	826	4876	0.164	0.36	0.882	0	0	0	1567	0	0	0.12	0.394	114	0	0	826	0	0	0.11	0.344	18	0	0	1567	1054	0.404	0.54	0.887	0	0	0	826	1054	0.626	0.63	0.989	0	0	0	1567	552	0.287	0.54	0.919	0	0	0	826	552	0.491	0.68	0.982	0	0	0	1567	603	0.276	0.58	0.881	0	0	0	826	603	0.597	0.79	0.997	0	0	0																																																																																	between_subject_case_control	in_vivo_tissue	unknown	tumor_tissue	medium	blood	2015-11-12	TRUE	FALSE	partially_confounded		partially_confounded
SRP065758	skin | between_subject_case_control | conf=medium |  | n=120	health_state	subj:isolate;tissue:skin	60	60	60	60	40	20	0.38	0.25	0.417	1	23	37	12	11	0	0	60	0	0	0			-0.463	-0.334	0.348	-0.512	generic	-0.129	-0.129		0	0	readlen	0.213					0.213	12.6	M0,M1,M0perm,M2,M2perm,M6,M6perm,M0permw	0	0		0.02	1	0	0	0	0	0		0.02	1	0	0	0	0	0		0.02	1	0	0	0																																																																																																																	0	0		0.02	1	0	0	0	0	0		0.02	1	0	0	0	0	0		0.02	1	0	0	0	0	0		0.02	1	0	0	0	0	0		0.02	1	0	0	0	0	0		0.02	1	0	0	0	between_subject_case_control	in_vivo_tissue	both_sexes	""	medium	skin	2017-10-01	FALSE	FALSE	mildly_imbalanced	mildly_imbalanced	mildly_imbalanced
SRP065812	skin | between_subject_case_control | conf=high |  | n=52	source_name	ex:source_name=post-treated psoriasis;tissue:skin	52	52	34	32	18	14	0.31	0.206		19407	10	22	4	6	32	0	0	2	32	5	0.718	-0.277	0.05	-0.802	0.892	0.75	generic	0.272	1.138	0.361	0.0012	0.0012								27	M0,M1,M0perm,M3,M4,M5,M4perm,M5perm,M0permw	10657	10249	0.905	0.76	0.995	0	1	2	10657	10022	0.864	0.93	0.992	0	1	0	10657	10238	0.924	0.9	0.998	0	1	0	10657	11519	0.766	0.47	0.968	0	1	1	10249	11519	0.77	0.6	0.972	2	2	1	10657	9999	0.833	0.63	0.986	0	1	2	10249	9999	0.877	0.81	0.993	0	2	2	10657	9728	0.717	0.59	0.952	0	1	3	10249	9728	0.73	0.58	0.955	0	2	3	10657	9479	0.838	0.66	0.991	0	1	3	10249	9479	0.888	0.87	0.996	0	2	3	10657	10064	0.888	0.78	0.994	0	1	2	10249	10064	0.943	0.9	0.999	0	2	2																																																																																	between_subject_case_control	in_vivo_tissue	unknown	""	high	skin	2015-12-24	TRUE	FALSE	mildly_imbalanced		mildly_imbalanced
SRP065865	blood | between_subject_case_control | conf=high |  | n=30	condition	tissue:blood	30	30	20	20	10	10	0.05	0.1		19159.5	1	19	1	0	20	0	0	0	20	5	0.294	-0.97	0.999	0.444	0.321	0.632	blood	0.764	0.443	0.335	0.0053	0.0049	readlen	0.333					0.333	12.7	M0,M1,M0perm,M3,M4,M5,M6,M4perm,M5perm,M6perm,M0permw	0	0		0.78	0.973	0	0	0	0	0		0.76	0.973	0	0	0	0	0		0.69	0.985	0	0	0	0	0		0.14	0.635	0	0	0	0	0		0.22	0.738	0	0	0	0	0		0.25	0.812	0	0	0	0	0		0.32	0.843	0	0	0	0	0		0.26	0.828	0	0	0	0	0		0.34	0.866	0	0	0	0	0		0.54	0.929	0	0	0	0	0		0.62	0.955	0	0	0	0	0		0.57	0.945	0	0	0	0	0		0.69	0.977	0	0	0																																																	0	0		0.54	0.906	0	0	0	0	0		0.56	0.929	0	0	0	0	0		0.55	0.946	0	0	0	0	0		0.61	0.96	0	0	0	between_subject_case_control	in_vivo_tissue	unknown	""	high	blood	2016-03-01	TRUE	FALSE	balanced		balanced
SRP067631	musculoskeletal | between_subject_case_control | conf=medium |  | n=33	phenotype	in:treatment stage=pre-treatment;tissue:musculoskeletal	33	33	19	18	6	12	0.5	0.25		16949	9	9	2	7	18	0	0	1	18	5	0.228	0.106	0.671	0.11	-0.057	-0.157	muscle	0.128	0.864	-0.142	0.0019	0.0018								14.2	M0,M1,M0perm,M3,M4,M5,M4perm,M5perm,M0permw	492	404	0.747	0.91	0.98	0	0	0	492	560	0.563	0.74	0.936	0	0	0	492	382	0.717	0.91	0.985	0	0	0	492	1479	0.326	0.67	0.945	0	0	0	404	1479	0.27	0.65	0.94	0	0	0	492	248	0.445	0.78	0.886	0	0	0	404	248	0.534	0.79	0.904	0	0	0	492	102	0.179	0.69	0.866	0	0	0	404	102	0.213	0.7	0.894	0	0	0	492	270	0.443	0.77	0.943	0	0	0	404	270	0.511	0.77	0.95	0	0	0	492	201	0.372	0.81	0.943	0	0	0	404	201	0.451	0.81	0.962	0	0	0																																																																																	between_subject_case_control	ex_vivo_primary_cells	unknown	""	medium	musculoskeletal	2017-07-21	TRUE	FALSE	mildly_imbalanced		mildly_imbalanced
SRP068292	other | between_subject_case_control | conf=high |  | n=17	tissue	tissue:other	17	17	17	17	9	8	0	0	0.14	18635	0	17	0	0	0	0	0	0	0	0		-0.132	-0.425	0.07	0.368	-0.399	generic	2.076	3.817	0.077	0.0031	0.0029								1.95	M0																																																																																																																																																																																									between_subject_case_control	in_vivo_tissue	male_only	""	high	other	2016-09-22	TRUE	TRUE	single_sex	balanced	single_sex
SRP068591	gut | between_subject_case_control | conf=medium | tumor_tissue | n=86	tissue	ex:tissue=colon adenocarcinoma;ex:tissue=uninvolved right colon;ex:tissue=uninvolved left colon;tissue:gut	86	86	31	30	21	9	0.47	0.286		20209	14	16	8	6	30	0	0	1	30	5	0.336	-0.836	0.671	-0.3	0.379	-0.277	gut	0.061	0.106	0.739	1e-04	1e-04								2.55	M0,M1,M0perm,M3,M4,M5,M4perm,M5perm,M0permw	4117	4163	0.834	0.86	0.988	0	0	0	4117	2964	0.683	0.86	0.983	0	0	0	4117	3101	0.728	0.91	0.989	0	0	0	4117	961	0.176	0.47	0.749	65	0	0	4163	961	0.174	0.48	0.736	56	0	0	4117	769	0.17	0.71	0.818	0	0	0	4163	769	0.168	0.74	0.804	0	0	0	4117	5191	0.746	0.65	0.986	0	0	0	4163	5191	0.796	0.64	0.997	0	0	0	4117	3480	0.752	0.77	0.981	0	0	0	4163	3480	0.791	0.83	0.993	0	0	0	4117	4317	0.8	0.74	0.985	0	0	0	4163	4317	0.864	0.77	0.995	0	0	0																																																																																	between_subject_case_control	in_vivo_tissue	unknown	tumor_tissue	medium	gut	2016-04-10	TRUE	FALSE	mildly_imbalanced		mildly_imbalanced
SRP069976	skin | between_subject_case_control | conf=high |  | n=41	health_state	subj:hpgl_id;tissue:skin	41	41	41	41	31	10	0.29	0.255		18324	12	29	11	1	10	5	0	0	10	5	0.353	-0.173	0.115	-0.035	-0.1	1.088	generic	5.518	0.718	-0.651	0.0029	0.0029	platform	0.235	0.235			0.235	0.235	2.36	M0,M1,M0perm,M3,M4,M5,M6,M4perm,M5perm,M6perm,M0permw	13320	13101	0.946	0.92	0.998	0	0	0	13320	13318	0.992	0.88	1	0	0	0	13320	13028	0.949	0.94	0.998	0	0	0	13320	16623	0.788	0.3	0.979	0	0	0	13101	16623	0.777	0.29	0.979	0	0	0	13320	14766	0.882	0.7	0.993	0	0	0	13101	14766	0.885	0.66	0.996	0	0	0	13320	6729	0.217	0.25	0.364	4307	0	0	13101	6729	0.218	0.26	0.383	4090	0	0	13320	12960	0.901	0.83	0.993	0	0	0	13101	12960	0.904	0.84	0.994	0	0	0	13320	13001	0.921	0.92	0.996	0	0	0	13101	13001	0.953	0.94	0.999	0	0	0																																																	13320	14249	0.822	0.55	0.974	0	0	0	13101	14249	0.81	0.57	0.969	0	0	0	13320	13103	0.946	0.88	0.998	0	0	0	13101	13103	0.986	0.9	1	0	0	0	between_subject_case_control	in_vivo_tissue	both_sexes	""	high	skin	2016-06-15	TRUE	FALSE	mildly_imbalanced		mildly_imbalanced
SRP070148	other | between_subject_case_control | conf=high |  | n=132	disease state	tissue:other	132	50	50	50	25	25	0.48	0.32		20102.5	24	26	8	16	50	0	0	0	50	5	0.175	0.426	0.639	0.492	-0.403	-0.553	generic	-1.832	-2.012	-0.859	0	0	readlen	0.284					0.284	21.85	M0,M1,M0perm,M3,M4,M5,M6,M4perm,M5perm,M6perm,M0permw	13683	12813	0.886	0.81	0.994	2	0	1	13683	13419	0.965	0.87	0.999	0	0	1	13683	12920	0.882	0.85	0.993	0	0	8	13683	13685	0.752	0.37	0.96	3	0	0	12813	13685	0.743	0.31	0.958	6	1	0	13683	10341	0.669	0.62	0.943	6	0	0	12813	10341	0.706	0.66	0.951	1	1	0	13683	2734	0.115	0.32	0.478	3023	0	0	12813	2734	0.123	0.32	0.506	2440	1	0	13683	12895	0.867	0.73	0.991	3	0	1	12813	12895	0.925	0.81	0.997	0	1	1	13683	13063	0.884	0.73	0.992	3	0	1	12813	13063	0.927	0.71	0.997	0	1	1																																																	13683	13230	0.851	0.79	0.985	2	0	1	12813	13230	0.883	0.82	0.99	0	1	1	13683	13640	0.804	0.66	0.977	3	0	1	12813	13640	0.823	0.76	0.982	0	1	1	between_subject_case_control	in_vivo_tissue	unknown	""	high	other	2017-02-06	TRUE	FALSE	partially_confounded		partially_confounded
SRP070710	tumor | between_subject_case_control | conf=medium | tumor_tissue | n=28	anti-pd-1 response	in:biopsy time=pre-treatment;subj:patient id;tissue:tumor	28	28	22	22	12	10	0.32	0.033		17477	7	15	4	3	0	1	0	0	22	5	0.203	-0.224	-0.567	0.214	-0.251	0.339	generic	0.238	1.47	0.236	0.0022	0.0022								11.52	M0,M1,M0perm,M3,M4,M5,M4perm,M5perm,M0permw	0	0		0.87	0.998	0	0	0	0	0		0.7	0.971	0	0	0	0	0		0.91	0.998	0	0	0	0	0		0.14	0.647	0	0	0	0	0		0.13	0.648	0	0	0	0	0		0.63	0.948	0	0	0	0	0		0.64	0.951	0	0	0	0	0		0.19	0.672	0	0	0	0	0		0.18	0.675	0	0	0	0	1	0	0.6	0.945	0	0	0	0	1	0	0.61	0.948	0	0	0	0	0		0.63	0.995	0	0	0	0	0		0.72	0.996	0	0	0																																																																																	between_subject_case_control	in_vivo_tissue	both_sexes	tumor_tissue	medium	tumor	2016-03-18	TRUE	FALSE	balanced		balanced
SRP071203	brain | between_subject_case_control | conf=high |  | n=82	disease stage	in:brain region=brodmann's area 11;tissue:brain	82	82	28	27	15	12	0.3	0.083		18758.5	8	19	5	3	27	0	0	1	27	5	0.544	-0.138	0.573	0.133	-0.168	0.101	brain	-0.336	-0.197	-0.234	0.0013	0.0013								12.11	M0,M1,M0perm,M3,M4,M5,M4perm,M5perm,M0permw	0	0		0.85	0.99	0	0	0	0	0		0.62	0.99	0	0	0	0	0		0.85	0.992	0	0	0	0	0		0.32	0.69	0	0	0	0	0		0.36	0.712	0	0	0	0	0		0.53	0.931	0	0	0	0	0		0.57	0.934	0	0	0	0	0		0.58	0.933	0	0	0	0	0		0.61	0.945	0	0	0	0	0		0.61	0.948	0	0	0	0	0		0.64	0.957	0	0	0	0	0		0.63	0.949	0	0	0	0	0		0.71	0.961	0	0	0																																																																																	between_subject_case_control	in_vivo_tissue	unknown	""	high	brain	2016-09-01	TRUE	FALSE	balanced		balanced
SRP071758	lung | between_subject_case_control | conf=high |  | n=82	dysplasia status	tissue:lung	82	82	75	75	50	25	0.32	0.06	0.326	19183	24	51	15	9	0	0	4	0	0	5	0.784	-0.138	-0.616	-1.139	1.064	0.063	lung	-0.269	0.018	-0.341	0.0053	0.0053								5.98	M0,M1,M0perm,M2,M2perm,M3,M4,M5,M4perm,M5perm,M0permw	6111	5968	0.954	0.99	0.999	0	0	5	6111	5592	0.903	0.96	0.999	0	0	0	6111	5961	0.959	0.98	0.999	0	0	0	6111	6835	0.697	0.45	0.951	0	0	1	5968	6835	0.692	0.44	0.95	2	5	1	6111	3312	0.501	0.65	0.973	0	0	1	5968	3312	0.518	0.65	0.977	0	5	1	6111	5374	0.817	0.82	0.992	0	0	4	5968	5374	0.836	0.83	0.993	0	5	4	6111	5271	0.835	0.81	0.995	0	0	4	5968	5271	0.862	0.82	0.997	0	5	4	6111	5703	0.904	0.95	0.997	0	0	5	5968	5703	0.937	0.96	0.999	0	5	5																																	6111	4842	0.78	0.95	0.995	0	0	4	6111	5588	0.875	0.91	0.996	0	0	5																																	between_subject_case_control	in_vivo_tissue	both_sexes	""	high	lung	2017-05-26	TRUE	FALSE	balanced	balanced	balanced
SRP071965	blood | between_subject_case_control | conf=medium |  | n=355	group	tissue:blood	355	355	355	355	110	245	0.7	0.099	0.128	17446	250	105	85	165	0	0	0	0	0	5	0.032	0.073	-0.134	-0.225	0.311	-0.397	blood	0.309	-0.616	-0.192	0.0404	0.0402	pubmonth	0.036				0.036		3.33	M0,M1,M0perm,M2,M2perm,M3,M4,M5,M6,M7,M4perm,M5perm,M6perm,M7perm,M0permw	7334	7249	0.915	0.94	0.997	0	0	3	7334	7313	0.992	0.98	1	0	0	0	7334	7553	0.952	0.99	0.999	0	0	0	7334	8225	0.694	0.65	0.941	0	0	0	7249	8225	0.692	0.63	0.941	2	3	0	7334	7788	0.849	0.78	0.99	0	0	4	7249	7788	0.873	0.81	0.992	0	3	4	7334	2311	0.21	0.65	0.618	758	0	1	7249	2311	0.216	0.66	0.625	699	3	1	7334	7412	0.909	0.94	0.996	0	0	4	7249	7412	0.963	0.97	1	0	3	4	7334	7289	0.914	0.94	0.997	0	0	3	7249	7289	0.981	0.98	1	0	3	3	7334	7979	0.758	0.83	0.974	0	0	5	7249	7979	0.771	0.85	0.977	1	3	5	7334	7247	0.915	0.93	0.997	0	0	3	7249	7247	0.993	0.99	1	0	3	3	7334	7305	0.907	0.92	0.996	0	0	3	7334	7391	0.91	0.94	0.996	0	0	4	7334	7182	0.911	0.93	0.997	0	0	3	7249	7182	0.988	0.99	1	0	3	3	7334	7246	0.912	0.94	0.997	0	0	3	7249	7246	0.983	1	1	0	3	3	between_subject_case_control	in_vivo_tissue	both_sexes	""	medium	blood	2016-03-22	TRUE	FALSE	balanced	balanced	balanced
SRP072242	lung | between_subject_case_control | conf=high |  | n=23	disease	tissue:lung	11	11	11	11	7	4	0.18	0.5	2.297	45969	2	9	0	2	0	2	7	0	0	2	0.449	-0.594	-0.027	0.278	-0.405	0.202	lung	0.206	-0.335	1.127	1e-04	0								5.2	M0,M1,M0perm,M2,M2perm,M3,M4,M5,M4perm,M5perm,M0permw	1	0	0	0.34	0.767	0	0	0	1	0	0	0.48	0.912	0	0	0	1	0	0	0.43	0.843	0	0	0	1	128	0.008	0.22	0.817	0	0	0	0	128	0	0.16	0.817	0	0	0	1	2	0	0.25	0.732	0	0	0	0	2	0	0.35	0.964	0	0	0	1	1	1	0.15	0.498	0	0	0	0	1	0	0.27	0.8	0	0	0	1	0	0	0.29	0.634	0	0	0	0	0		0.58	0.912	0	0	0	1	0	0	0.28	0.68	0	0	0	0	0		0.53	0.925	0	0	0																																	1	0	0	0.18	0.595	0	0	0	1	0	0	0.18	0.421	0	0	0																																	between_subject_case_control	ex_vivo_primary_cells	both_sexes	""	high	lung	2018-04-16	TRUE	FALSE	partially_confounded	completely_confounded	completely_confounded
SRP072463	brain | between_subject_case_control | conf=medium |  | n=14	diagnosis	tissue:brain	14	14	11	11	4	7	0.18	0.107	0.347	18892	2	9	1	1	11	0	0	0	0	2	0.929	-0.522	-0.595	1.419	-1.504	-1.735	brain	-1.564	0.628	1.091	2e-04	2e-04								1.78	M0,M1,M0perm,M2,M2perm,M3,M4,M5,M4perm,M5perm,M0permw	20	95	0.211	0.59	0.988	0	0	0	20	0	0	0.77	0.947	0	0	0	20	0	0	0.88	0.998	0	0	0	20	1757	0.011	0.41	0.961	0	0	0	95	1757	0.054	0.52	0.98	0	0	0	20	0	0	0.51	0.954	0	0	0	95	0	0	0.68	0.965	0	0	0	20	0	0	0.16	0.532	0	0	0	95	0	0	0.17	0.564	0	0	0	20	0	0	0.49	0.936	0	0	0	95	0	0	0.59	0.956	0	0	0	20	23	0.303	0.51	0.986	0	0	0	95	23	0.204	0.66	0.997	0	0	0																																	20	4	0.2	0.59	0.979	0	0	0	20	2	0.048	0.61	0.987	0	0	0																																	between_subject_case_control	in_vivo_tissue	unknown	""	medium	brain	2016-06-15	TRUE	FALSE	balanced	balanced	balanced
SRP072492	tumor | between_subject_case_control | conf=medium | tumor_tissue | n=51	diabetes status	tissue:tumor	51	51	51	45	20	25	0.49	0.07	0.093	20200	22	23	9	13	45	0	0	6	0	5	0.016	0.387	-0.566	-0.038	0.093	-0.134	generic	0.187	-0.27	0.503	1e-04	1e-04								19.98	M0,M1,M0perm,M2,M2perm,M3,M4,M5,M4perm,M5perm,M0permw	0	0		0.81	0.997	0	0	0	0	0		0.83	0.993	0	0	0	0	0		0.89	0.998	0	0	0	0	1	0	0.1	0.583	0	0	0	0	1	0	0.09	0.578	0	0	0	0	0		0.3	0.917	0	0	0	0	0		0.37	0.918	0	0	0	0	0		0.57	0.937	0	0	0	0	0		0.63	0.941	0	0	0	0	0		0.69	0.984	0	0	0	0	0		0.74	0.985	0	0	0	0	0		0.74	0.996	0	0	0	0	0		0.91	0.999	0	0	0																																	0	0		0.8	0.995	0	0	0	0	0		0.69	0.986	0	0	0																																	between_subject_case_control	in_vivo_tissue	both_sexes	tumor_tissue	medium	tumor	2016-06-11	TRUE	FALSE	balanced	balanced	balanced
SRP072494	other | between_subject_case_control | conf=high | tumor_tissue | n=36	subject group	in:time point=before bevacizumab combination treatment;subj:subject id;tissue:other	36	36	20	20	13	7	0.5	0.33		22216	10	10	8	2	0	0	5	0	20	5	0.22	-0.254	0.268	0.087	-0.276	-0.092	generic	-0.138	-0.141	-0.03	0.0013	0.0013								12.56	M0,M1,M0perm,M3,M4,M5,M4perm,M5perm,M0permw	0	0		0.66	0.937	0	0	0	0	0		0.9	0.987	0	0	0	0	0		0.69	0.932	0	0	0	0	0		0.29	0.638	0	0	0	0	0		0.16	0.524	0	0	0	0	0		0.58	0.856	0	0	0	0	0		0.73	0.893	0	0	0	0	0		0.57	0.901	0	0	0	0	0		0.74	0.959	0	0	0	0	0		0.52	0.883	0	0	0	0	0		0.51	0.901	0	0	0	0	0		0.39	0.821	0	0	0	0	0		0.52	0.9	0	0	0																																																																																	between_subject_case_control	in_vivo_tissue	both_sexes	tumor_tissue	high	other	2017-04-20	TRUE	FALSE	partially_confounded		partially_confounded
SRP072693	other | between_subject_case_control | conf=high |  | n=29	clinical information	tissue:other	29	29	29	29	17	12	0.55	0.054		17342	16	13	9	7	0	0	3	0	29	5	0.028	-0.246	-0.185	0.318	-0.543	-0.458	generic	-0.075	-0.621	0.149	0.0017	0.0017								13.91	M0,M1,M0perm,M3,M4,M5,M4perm,M5perm,M0permw	0	0		0.83	0.993	0	0	0	0	2	0	0.82	0.991	0	0	0	0	0		0.86	0.993	0	0	0	0	3	0	0.24	0.648	0	0	0	0	3	0	0.24	0.647	0	0	0	0	0		0.67	0.958	0	0	0	0	0		0.67	0.961	0	0	0	0	0		0.44	0.923	0	0	0	0	0		0.47	0.928	0	0	0	0	0		0.7	0.982	0	0	0	0	0		0.79	0.99	0	0	0	0	0		0.62	0.945	0	0	0	0	0		0.65	0.951	0	0	0																																																																																	between_subject_case_control	in_vivo_tissue	both_sexes	""	high	other	2016-06-20	TRUE	FALSE	balanced		balanced
SRP072920	blood | between_subject_case_control | conf=high |  | n=101	disease stage	tissue:blood	101	101	31	31	15	16	1	0		18007	31	0	15	16	31	0	0	0	31	0		-0.368	0.385	0.896	-0.922	-1.037	blood	-0.24	-0.412	-0.087	0.011	0.011								6.18	M0																																																																																																																																																																																									between_subject_case_control	ex_vivo_primary_cells	unknown	""	high	blood	2016-04-08	TRUE	TRUE	single_sex		single_sex
SRP073191	blood | between_subject_case_control | conf=high |  | n=16	disease state	tissue:blood	16	16	16	16	12	4	1	0		16598.5	16	0	12	4	16	0	0	0	16	0		-0.895	-0.006	0.78	-0.804	0.313	blood	0.357	-0.53	-0.468	0.3645	0.3635								3.42	M0																																																																																																																																																																																									between_subject_case_control	in_vivo_tissue	unknown	""	high	blood	2016-11-17	TRUE	TRUE	single_sex		single_sex
SRP073347	blood | between_subject_case_control | conf=high |  | n=16	health_state	tissue:blood	16	16	16	16	12	4	0.44	0.083	0.39	17960	7	9	5	2	0	0	0	0	0	4	0.93	-0.482	0.075	0.069	0.102	-0.303	blood	0.543	-0.192	0.274	0.0126	0.0124	readlen	0.447					0.447	3.33	M0,M1,M0perm,M2,M2perm,M3,M4,M5,M6,M7,M4perm,M5perm,M6perm,M7perm,M0permw	43	14	0.326	0.84	0.996	0	0	0	43	23	0.467	0.79	0.984	0	0	0	43	32	0.63	0.88	0.997	0	0	0	43	3	0.022	0.4	0.764	0	0	0	14	3	0.062	0.41	0.773	0	0	0	43	45	0.375	0.61	0.98	0	0	0	14	45	0.311	0.62	0.98	0	0	0	43	40	0.482	0.62	0.972	0	0	0	14	40	0.35	0.68	0.979	0	0	0	43	2	0.047	0.7	0.977	0	0	0	14	2	0.143	0.73	0.981	0	0	0	43	2	0.047	0.66	0.976	0	0	0	14	2	0.143	0.71	0.98	0	0	0	43	8	0.159	0.77	0.988	0	0	0	14	8	0.467	0.85	0.991	0	0	0	43	5	0.116	0.66	0.948	0	0	0	14	5	0.357	0.72	0.952	0	0	0	43	11	0.256	0.77	0.988	0	0	0	43	13	0.273	0.8	0.996	0	0	0	43	103	0.217	0.36	0.853	0	0	0	14	103	0.125	0.39	0.865	0	0	0	43	13	0.273	0.66	0.985	0	0	0	14	13	0.688	0.67	0.985	0	0	0	between_subject_case_control	ex_vivo_primary_cells	both_sexes	""	high	blood	2017-06-30	TRUE	FALSE	balanced	balanced	balanced
SRP073382	brain | between_subject_case_control | conf=high | ffpe_or_degraded | n=36	source_name	tissue:brain	36	36	36	36	18	18	0.64	0.056		19060	23	13	12	11	0	0	0	0	36	5	0.086	-0.134	0.14	0.361	-0.621	0.356	brain	0.218	-0.031	-0.238	4e-04	4e-04								22.31	M0,M1,M0perm,M3,M4,M5,M4perm,M5perm,M0permw	0	0		0.91	0.995	0	0	0	0	0		0.93	0.996	0	0	0	0	0		0.95	0.997	0	0	0	0	0		0.19	0.572	0	0	0	0	0		0.21	0.575	0	0	0	0	0		0.71	0.966	0	0	0	0	0		0.72	0.966	0	0	0	0	0		0.79	0.961	0	0	0	0	0		0.8	0.969	0	0	0	0	0		0.82	0.993	0	0	0	0	0		0.87	0.997	0	0	0	0	0		0.8	0.992	0	0	0	0	0		0.84	0.997	0	0	0																																																																																	between_subject_case_control	in_vivo_tissue	both_sexes	ffpe_or_degraded	high	brain	2016-08-10	TRUE	FALSE	balanced		balanced
SRP073789	other | between_subject_case_control | conf=high | tumor_tissue | n=44	progression step	tissue:other	44	44	20	20	12	8	0	0		19004	0	20	0	0	20	0	0	0	20	0		0.977	-0.856	0.659	-0.117	-0.573	generic	-1.583	-1.685	-1.16	3e-04	2e-04								3.69	M0																																																																																																																																																																																									between_subject_case_control	in_vivo_tissue	male_only	tumor_tissue	high	other	2018-04-23	TRUE	TRUE	single_sex		single_sex
SRP074349	other | between_subject_case_control | conf=medium | tumor_tissue | n=668	source_name	tissue:other	668	218	218	218	199	19	0.51	0.097		18824	111	107	103	8	19	3	1	0	19	5	0.355	0.386	-0.465	0.95	-1.106	0.2	generic	-0.913	0.081	-1.142	9e-04	9e-04								4.44	M0,M1,M0perm,M3,M4,M5,M4perm,M5perm,M0permw	14776	15022	0.962	0.97	0.999	0	0	6	14776	14645	0.966	0.96	0.999	0	0	0	14776	14766	0.983	0.98	1	0	0	0	14776	16476	0.866	0.66	0.991	0	0	1	15022	16476	0.878	0.67	0.991	0	6	1	14776	15023	0.918	0.93	0.996	0	0	7	15022	15023	0.934	0.95	0.997	0	6	7	14776	15049	0.811	0.74	0.971	25	0	6	15022	15049	0.808	0.75	0.969	34	6	6	14776	14659	0.942	0.94	0.998	0	0	6	15022	14659	0.953	0.95	0.999	0	6	6	14776	15011	0.962	0.96	0.999	0	0	6	15022	15011	0.985	0.98	1	0	6	6																																																																																	between_subject_case_control	in_vivo_tissue	both_sexes	tumor_tissue	medium	other	2016-06-01	TRUE	FALSE	balanced		balanced
SRP074581	gut | between_subject_case_control | conf=high |  | n=50	subject status	in:cell type=intestinal epithelial cell;tissue:gut	50	50	28	28	19	9	0.04	0.053		13831.5	1	27	1	0	28	0	0	0	28	5	0.014	-0.15	0.029	-0.139	0.161	-0.123	gut	-0.303	-0.051	0.166	8e-04	8e-04								10.22	M0,M1,M0perm,M3,M4,M5,M4perm,M5perm,M0permw	0	0		0.87	0.992	0	0	0	0	0		0.84	0.987	0	0	0	0	0		0.82	0.982	0	0	0	0	0		0.54	0.898	0	0	0	0	0		0.51	0.879	0	0	0	0	0		0.68	0.971	0	0	0	0	0		0.75	0.978	0	0	0	0	0		0.66	0.97	0	0	0	0	0		0.7	0.976	0	0	0	0	0		0.42	0.876	0	0	0	0	0		0.43	0.884	0	0	0	0	0		0.5	0.903	0	0	0	0	0		0.51	0.912	0	0	0																																																																																	between_subject_case_control	ex_vivo_primary_cells	unknown	""	high	gut	2018-01-08	TRUE	FALSE	balanced		balanced
SRP074739	gut | between_subject_case_control | conf=medium |  | n=77	prognosis	in:tissue=ileal pouch;in:biopsytime=4mo;subj:patient;tissue:gut	77	77	15	15	6	9	0.33	0.556	0.145	16122	5	10	4	1	0	0	0	0	2	2	0.067	-0.982	-0.604	-0.146	-0.423	-0.853	gut	0.118	0.333	0.234	0	0	layout	0.48		0.48			0.48	5.68	M0,M1,M0perm,M0a,M2,M2perm,M3,M4,M5,M6,M4perm,M5perm,M6perm,M0permw	0	0		0.32	0.865	0	0	0	0	0		0.95	0.998	0	0	0	0	0		0.28	0.821	0	0	0	0	1	0	0.29	0.914	0	0	0	0	1	0	0.09	0.885	0	0	0	0	0		0.16	0.594	0	0	0	0	0		0.4	0.79	0	0	0	0	0		0.17	0.863	0	0	0	0	0		0.42	0.936	0	0	0	0	0		0.21	0.883	0	0	0	0	0		0.5	0.968	0	0	0	0	0		0.25	0.779	0	0	0	0	0		0.46	0.909	0	0	0																																	0	0		0.46	0.893	0	0	0	0	0		0.31	0.83	0	0	0	0	0		0.17	0.716	0	0	0	0	0		0.36	0.78	0	0	0	0	0		0.17	0.847	0	0	0	0	0		0.45	0.96	0	0	0	between_subject_case_control	in_vivo_tissue	both_sexes	""	medium	gut	2016-05-12	TRUE	FALSE	partially_confounded	balanced	partially_confounded
SRP074904	brain | between_subject_case_control | conf=medium |  | n=16	subject status	in:tissue subtype=putamen;tissue:brain	16	16	8	8	4	4	0.5	0.5		20045.5	4	4	3	1	8	0	0	0	8	0		0.298	-0.381	-0.144	-0.647	0.469	brain	-0.672	0.117	-1.02	0.0016	0.0016								22.96	M0,M1,M0perm,M4,M5,M4perm,M5perm,M0permw	0	0		0.68	0.924	0	0	0	0	0		0.83	0.979	0	0	0	0	0		0.58	0.911	0	0	0																	0	0		0.13	0.78	0	0	0	0	0		0.11	0.759	0	0	0	0	0		0.28	0.898	0	0	0	0	0		0.29	0.94	0	0	0	0	0		0.02	0.006	0	0	0	0	0		0.02	0.204	0	0	0	0	0		0.19	0.449	0	0	0	0	0		0.29	0.629	0	0	0																																																																																	between_subject_case_control	in_vivo_tissue	unknown	""	medium	brain	2017-05-11	TRUE	FALSE	partially_confounded		partially_confounded
SRP076032	liver | between_subject_case_control | conf=high | tumor_tissue | n=27	disease state	tissue:liver	27	27	18	18	8	10	0.33	0.075	0.002	17108.5	6	12	3	3	0	1	2	0	0	5	0.185	0.017	-0.155	0.615	-0.825	0.03	liver	-1.518	0.764	-0.118	1e-04	1e-04	readlen	0.361					0.361	25.33	M0,M1,M0perm,M2,M2perm,M3,M4,M5,M6,M4perm,M5perm,M6perm,M0permw	0	90	0	0.73	0.992	0	0	0	0	0		0.86	0.992	0	0	0	0	0		0.9	0.991	0	0	0	0	0		0.33	0.807	0	0	0	90	0	0	0.29	0.8	0	0	0	0	123	0	0.69	0.969	0	0	0	90	123	0.677	0.79	0.976	0	0	0	0	0		0.03	0.629	0	0	0	90	0	0	0.03	0.621	1	0	0	0	119	0	0.67	0.983	0	0	0	90	119	0.713	0.84	0.99	0	0	0	0	0		0.53	0.95	0	0	0	90	0	0	0.6	0.953	0	0	0																																	0	74	0	0.71	0.989	0	0	0	0	0		0.74	0.966	0	0	0	0	353	0	0.51	0.952	0	0	0	90	353	0.255	0.65	0.96	0	0	0	0	0		0.65	0.957	0	0	0	90	0	0	0.7	0.961	0	0	0	between_subject_case_control	in_vivo_tissue	both_sexes	tumor_tissue	high	liver	2016-10-17	TRUE	FALSE	balanced	balanced	balanced
SRP076426	gut | between_subject_case_control | conf=medium |  | n=58	experimental group	in:visit=1;subj:source_name;tissue:gut	58	58	30	30	18	12	0	0		18444.5	0	30	0	0	30	0	0	0	30	0		0.425	0.19	0.151	0.039	0.227	gut	0.014	0.174	0.132	1e-04	1e-04								1.85	M0																																																																																																																																																																																									between_subject_case_control	in_vivo_tissue	male_only	""	medium	gut	2017-06-20	TRUE	TRUE	single_sex		single_sex
SRP076627	blood | between_subject_case_control | conf=medium |  | n=21	disease stage	tissue:blood	21	21	21	21	11	10	0.81	0.173		17221	17	4	8	9	21	0	0	0	21	5	0.282	-2.975	-2.251	0.821	-1.348	1.712	blood	0.22	0.7	0.473	0	0	readlen	0.309					0.309	3.03	M0,M1,M0perm,M3,M4,M5,M6,M4perm,M5perm,M6perm,M0permw	5552	5127	0.847	0.97	0.986	0	0	1	5552	5042	0.863	0.93	0.994	0	0	0	5552	5206	0.867	0.98	0.992	0	0	0	5552	5845	0.772	0.78	0.965	0	0	0	5127	5845	0.791	0.79	0.973	0	1	0	5552	245	0.036	0.35	0.664	324	0	0	5127	245	0.039	0.35	0.686	248	1	0	5552	4258	0.678	0.91	0.957	0	0	1	5127	4258	0.735	0.94	0.975	0	1	1	5552	4786	0.726	0.81	0.962	0	0	1	5127	4786	0.759	0.81	0.969	0	1	1	5552	4522	0.726	0.87	0.966	0	0	1	5127	4522	0.788	0.87	0.98	0	1	1																																																	5552	4210	0.683	0.94	0.961	0	0	1	5127	4210	0.736	0.96	0.972	0	1	1	5552	4310	0.712	0.95	0.968	0	0	1	5127	4310	0.776	0.96	0.985	0	1	1	between_subject_case_control	ex_vivo_primary_cells	unknown	""	medium	blood	2016-06-20	TRUE	FALSE	mildly_imbalanced		mildly_imbalanced
SRP077046	gut | between_subject_case_control | conf=high |  | n=138	clinical condition	tissue:gut	138	134	102	102	42	60	0.5	0.202		19934	51	51	16	35	0	5	10	0	102	5	0.023	-0.069	0.233	0.597	-0.623	-0.118	gut	-0.546	1.267	0.3	0.0015	0.0015								11.75	M0,M1,M0perm,M3,M4,M5,M4perm,M5perm,M0permw	14746	14916	0.956	0.91	0.998	0	3	1	14746	14728	0.995	0.98	1	0	3	3	14746	13972	0.918	0.83	0.998	0	3	5	14746	14005	0.795	0.2	0.966	2	3	1	14916	14005	0.785	0.21	0.963	9	1	1	14746	14577	0.918	0.68	0.995	0	3	1	14916	14577	0.927	0.68	0.997	0	1	1	14746	172	0.01	0.36	0.705	1901	3	0	14916	172	0.01	0.36	0.707	1945	1	0	14746	14577	0.918	0.83	0.995	0	3	1	14916	14577	0.926	0.87	0.997	0	1	1	14746	14676	0.948	0.86	0.998	0	3	1	14916	14676	0.962	0.86	0.999	0	1	1																																																																																	between_subject_case_control	in_vivo_tissue	both_sexes	""	high	gut	2017-07-07	TRUE	FALSE	mildly_imbalanced		mildly_imbalanced
SRP077708	gut | between_subject_case_control | conf=high |  | n=42	disease	in:cell_type=epithelial;subj:isolate;tissue:gut	42	42	22	22	10	12	0.55	0.283	0.058	14359.5	12	10	7	5	0	0	0	0	0	5	0.421	0.109	0.365	-0.034	0.236	-0.252	gut	0	0.606	-0.39	0.0101	0.01	pubmonth	0.083				0.083	0.083	15.65	M0,M1,M0perm,M2,M2perm,M3,M4,M5,M6,M7,M4perm,M5perm,M6perm,M7perm,M0permw	1147	735	0.59	0.85	0.979	0	0	0	1147	619	0.532	0.89	0.986	0	0	0	1147	643	0.557	0.9	0.983	0	0	0	1147	0	0	0.15	0.339	131	0	0	735	0	0	0.15	0.382	57	0	0	1147	1420	0.583	0.53	0.958	0	0	1	735	1420	0.498	0.56	0.971	0	0	1	1147	223	0.19	0.67	0.892	0	0	0	735	223	0.293	0.69	0.906	0	0	0	1147	394	0.337	0.73	0.968	0	0	0	735	394	0.532	0.81	0.987	0	0	0	1147	796	0.482	0.49	0.924	0	0	0	735	796	0.58	0.6	0.957	0	0	0	1147	1149	0.651	0.64	0.972	0	0	0	735	1149	0.638	0.72	0.995	0	0	0	1147	1356	0.604	0.62	0.954	0	0	1	735	1356	0.533	0.67	0.98	0	0	1	1147	732	0.58	0.83	0.978	0	0	0	1147	709	0.542	0.81	0.978	0	0	0	1147	994	0.649	0.74	0.972	0	0	0	735	994	0.727	0.83	0.994	0	0	0	1147	694	0.563	0.77	0.978	0	0	0	735	694	0.851	0.9	0.997	0	0	0	between_subject_case_control	ex_vivo_primary_cells	both_sexes	""	high	gut	2018-07-31	TRUE	FALSE	mildly_imbalanced	balanced	mildly_imbalanced
SRP078314	skin | between_subject_case_control | conf=low | tumor_tissue | n=26	cell type	tissue:skin	26	26	16	16	9	7	0.25	0.19		20631	4	12	3	1	16	0	0	0	16	1	0.017	-1.07	0.14	-0.367	0.337	0.758	generic	1.225	0.348	-1.013	2e-04	2e-04								32.92	M0,M1,M0perm,M3,M4,M5,M4perm,M5perm,M0permw	451	399	0.657	0.75	0.979	0	0	0	451	47	0.097	0.68	0.744	0	0	0	451	237	0.519	0.89	0.974	0	0	0	451	3698	0.122	0.51	0.934	0	0	0	399	3698	0.107	0.42	0.935	0	0	0	451	948	0.327	0.37	0.652	0	0	0	399	948	0.338	0.38	0.714	0	0	0	451	204	0.274	0.43	0.875	0	0	0	399	204	0.317	0.41	0.896	0	0	0	451	319	0.522	0.7	0.963	0	0	0	399	319	0.636	0.77	0.97	0	0	0	451	712	0.418	0.35	0.915	0	0	0	399	712	0.434	0.4	0.949	0	0	0																																																																																	between_subject_case_control	in_vivo_tissue	unknown	tumor_tissue	low	skin	2017-02-09	TRUE	FALSE	mildly_imbalanced		mildly_imbalanced
SRP078441	musculoskeletal | genotype_comparison | conf=medium | tumor_tissue | n=16	asxl1/2 genotype	tissue:musculoskeletal	16	16	14	14	7	7	0.57	0.571		16860.5	8	6	6	2	14	0	0	0	14	4	0.254	-0.535	0.503	0.583	-0.661	-0.459	muscle	0.475	0.452	0.21	0.0162	0.0161								29.1	M0,M1,M0perm,M3,M4,M5,M7,M4perm,M5perm,M7perm,M0permw	0	0		0.17	0.706	0	0	0	0	0		0.76	0.979	0	0	0	0	0		0.38	0.939	0	0	0	0	0		0.25	0.479	0	0	0	0	0		0.1	0.345	0	0	0	0	0		0.13	0.554	0	0	0	0	0		0.38	0.881	0	0	0	0	0		0.15	0.697	0	0	0	0	0		0.75	0.995	0	0	0	0	0		0.19	0.745	0	0	0	0	0		0.71	0.987	0	0	0	0	0		0.12	0.421	0	0	0	0	0		0.54	0.861	0	0	0	0	0		0.18	0.644	0	0	0	0	0		0.79	0.989	0	0	0	0	0		0.15	0.705	0	0	0	0	0		0.71	0.989	0	0	0																																																	genotype_comparison	in_vivo_tissue	unknown	tumor_tissue	medium	musculoskeletal	2017-06-27	TRUE	FALSE	partially_confounded		partially_confounded
SRP078450	liver | between_subject_case_control | conf=medium |  | n=46	infection status	in:treatment=none;subj:patient_identifier;tissue:liver	46	46	28	28	22	6	0.43	0.121		16881.5	12	16	10	2	28	0	0	0	28	5	0.901	-0.185	-0.361	0.835	-0.9	0.155	liver	-0.729	1.613	-1.464	1e-04	1e-04	readlen	0.101					0.101	2.47	M0,M1,M0perm,M3,M4,M5,M6,M4perm,M5perm,M6perm,M0permw	1840	1670	0.859	0.88	0.998	0	0	1	1840	1653	0.778	0.85	0.993	0	0	0	1840	1492	0.798	0.91	0.998	0	0	0	1840	11	0.006	0.47	0.703	0	0	0	1670	11	0.007	0.48	0.706	0	1	0	1840	1288	0.66	0.81	0.992	0	0	1	1670	1288	0.723	0.87	0.993	0	1	1	1840	3	0.002	0.58	0.664	0	0	0	1670	3	0.002	0.59	0.665	0	1	0	1840	1503	0.743	0.8	0.997	0	0	1	1670	1503	0.819	0.82	0.999	0	1	1	1840	2358	0.667	0.71	0.984	0	0	1	1670	2358	0.647	0.71	0.986	0	1	1																																																	1840	1542	0.786	0.85	0.996	0	0	1	1670	1542	0.859	0.94	0.997	0	1	1	1840	1387	0.729	0.83	0.997	0	0	1	1670	1387	0.821	0.85	0.999	0	1	1	between_subject_case_control	in_vivo_tissue	unknown	""	medium	liver	2017-03-28	TRUE	FALSE	balanced		balanced
SRP078541	blood | between_subject_case_control | conf=medium |  | n=26	disease	subj:donor;tissue:blood	26	26	15	13	6	7	0	0		15667	0	13	0	0	13	0	0	0	13	0		-1.319	0.106	0.871	-0.909	0.056	blood	0.461	-0.221	-0.364	0.0149	0.0141								2.51	M0																																																																																																																																																																																									between_subject_case_control	in_vivo_tissue	unknown	""	medium	blood	2019-01-01	TRUE	TRUE	single_sex		single_sex
SRP080292	adipose | between_subject_case_control | conf=medium |  | n=53	diagnosis	in:treatment=none;tissue:adipose	53	53	38	38	15	23	1	0		10904	38	0	15	23	0	1	4	0	0	0		0.749	-0.227	-0.953	1.034	-0.217	adipose	0.903	-0.093	0.186	0.2807	0.2801	readlen	0.204					0.204	39.6	M0																																																																																																																																																																																									between_subject_case_control	in_vivo_tissue	female_only	""	medium	adipose	2018-08-02	TRUE	TRUE	single_sex		single_sex
SRP081020	blood | between_subject_case_control | conf=medium |  | n=55	protected/suceptibible/duffy	in:time=diagnosis;tissue:blood	55	55	13	13	7	6	0.54	0.548	1.275	15024	7	6	2	5	0	1	0	0	0	4	0.359	0.477	1.353	1.728	-1.518	-0.096	blood	0.2	0.116	-1.395	0.5774	0.5108								1.56	M0,M1,M0perm,M2,M2perm,M3,M4,M5,M7,M4perm,M5perm,M7perm,M0permw	2428	0	0	0.57	0.977	0	0	0	2428	2982	0.727	0.55	0.992	0	0	0	2428	2029	0.574	0.38	0.973	0	0	0	2428	0	0	0.06	0.468	218	0	0	0	0		0.08	0.484	0	0	0	2428	0	0	0.08	0.825	0	0	0	0	0		0.15	0.877	0	0	0	2428	0	0	0.36	0.969	0	0	0	0	0		0.59	0.984	0	0	0	2428	0	0	0.47	0.97	0	0	0	0	0		0.57	0.989	0	0	0	2428	0	0	0.42	0.964	0	0	0	0	0		0.51	0.985	0	0	0	2428	0	0	0.25	0.875	0	0	0	0	0		0.36	0.923	0	0	0	2428	0	0	0.4	0.954	0	0	0	0	0		0.49	0.969	0	0	0	2428	0	0	0.35	0.887	0	0	0	2428	0	0	0.3	0.935	0	0	0																																	between_subject_case_control	in_vivo_tissue	both_sexes	""	medium	blood	2018-01-02	TRUE	FALSE	partially_confounded	partially_confounded	partially_confounded
SRP081599	lung | between_subject_case_control | conf=high |  | n=84	disease status	tissue:lung	84	84	84	79	53	26	0.75	0.024		21072	59	20	40	19	79	0	0	5	79	5	0.293	0.892	-0.039	0.482	-0.332	-0.352	lung	-0.19	0.236	0.462	0.0045	0.0045								4.87	M0,M1,M0perm,M3,M4,M5,M4perm,M5perm,M0permw	2039	2085	0.947	0.94	0.999	0	0	0	2039	1969	0.953	0.97	1	0	0	0	2039	1942	0.944	0.98	1	0	0	0	2039	768	0.239	0.48	0.73	0	0	0	2085	768	0.236	0.49	0.731	0	0	0	2039	715	0.244	0.54	0.857	0	0	0	2085	715	0.24	0.56	0.856	0	0	0	2039	2333	0.756	0.81	0.982	0	0	0	2085	2333	0.759	0.81	0.982	0	0	0	2039	2048	0.843	0.86	0.996	0	0	0	2085	2048	0.853	0.87	0.997	0	0	0	2039	1891	0.802	0.85	0.994	0	0	0	2085	1891	0.802	0.87	0.994	0	0	0																																																																																	between_subject_case_control	ex_vivo_primary_cells	unknown	""	high	lung	2017-01-06	TRUE	FALSE	balanced		balanced
SRP081605	blood | in_vivo_treatment_arms | conf=medium |  | n=190	treatmentgroup	in:visitmonth=0;subj:siteandparticipantcode;tissue:blood	190	190	45	45	30	15	0.44	0.167	0.207	18369	20	25	15	5	0	0	0	0	0	5	0.592	0.277	0.053	-0.13	0.147	-0.325	blood	0.144	0.139	0.095	0.0036	0.0035								4.54	M0,M1,M0perm,M2,M2perm,M3,M4,M5,M4perm,M5perm,M0permw	0	0		0.83	0.975	0	0	0	0	0		0.87	0.996	0	0	0	0	0		0.8	0.972	0	0	0	0	0		0.26	0.688	0	0	0	0	0		0.25	0.727	0	0	0	0	0		0.65	0.915	0	0	0	0	0		0.69	0.928	0	0	0	0	0		0.55	0.859	0	0	0	0	0		0.55	0.89	0	0	0	0	0		0.52	0.92	0	0	0	0	0		0.55	0.929	0	0	0	0	0		0.52	0.913	0	0	0	0	0		0.57	0.929	0	0	0																																	0	0		0.74	0.963	0	0	0	0	0		0.65	0.939	0	0	0																																	in_vivo_treatment_arms	in_vivo_tissue	both_sexes	""	medium	blood	2016-11-21	TRUE	FALSE	mildly_imbalanced	balanced	mildly_imbalanced
SRP084270	other | in_vivo_treatment_arms | conf=medium | tumor_tissue;mixed_organisms | n=16	treatment group	tissue:other	16	16	16	16	8	8	0	0		18772.5	0	16	0	0	0	4	0	0	16	0		0	0.347	-0.418	0.568	-0.364	generic	-0.949	-1.078	-0.384	0	0								3.59	M0																																																																																																																																																																																									in_vivo_treatment_arms	in_vivo_tissue	male_only	tumor_tissue;mixed_organisms	medium	other	2017-11-22	TRUE	TRUE	single_sex		single_sex
SRP086078	lung | in_vivo_treatment_arms | conf=medium |  | n=135	arm	in:timepoint=post;subj:patient id;tissue:lung	135	135	67	63	30	33	0.29	0.027		19069	18	45	9	9	63	0	0	4	63	5	0.382	-0.069	0.068	0.163	0.001	0.523	lung	-0.267	-0.062	0.523	0.0017	0.0017								4.19	M0,M1,M0perm,M3,M4,M5,M4perm,M5perm,M0permw	0	0		0.96	0.998	0	0	0	0	0		0.81	0.988	0	0	0	0	0		0.92	0.999	0	0	0	0	0		0.4	0.776	0	0	0	0	0		0.38	0.775	0	0	0	0	0		0.78	0.981	0	0	0	0	0		0.79	0.979	0	0	0	0	0		0.66	0.968	0	0	0	0	0		0.67	0.972	0	0	0	0	0		0.89	0.995	0	0	0	0	0		0.91	0.996	0	0	0	0	0		0.57	0.886	0	0	0	0	0		0.57	0.894	0	0	0																																																																																	in_vivo_treatment_arms	in_vivo_tissue	unknown	""	medium	lung	2016-09-27	TRUE	FALSE	balanced		balanced
SRP086245	blood | between_subject_case_control | conf=high |  | n=42	subject status	tissue:blood	42	42	42	42	21	21	0.43	0.095	0.096	17116	18	24	10	8	0	4	3	0	0	5	0.118	0.092	0.503	0.565	-0.539	0.065	blood	1.021	0.163	0.549	0	0								26.62	M0,M1,M0perm,M2,M2perm,M3,M4,M5,M4perm,M5perm,M0permw	0	0		0.85	0.997	0	0	0	0	0		0.8	0.995	0	0	0	0	0		0.82	0.997	0	0	0	0	0		0.22	0.449	0	0	0	0	0		0.25	0.456	0	0	0	0	0		0.59	0.941	0	0	0	0	0		0.58	0.943	0	0	0	0	0		0.12	0.188	0	0	0	0	0		0.1	0.194	0	0	0	0	0		0.76	0.992	0	0	0	0	0		0.85	0.995	0	0	0	0	0		0.71	0.985	0	0	0	0	0		0.81	0.988	0	0	0																																	0	0		0.73	0.994	0	0	0	0	0		0.81	0.994	0	0	0																																	between_subject_case_control	ex_vivo_primary_cells	both_sexes	""	high	blood	2018-02-14	TRUE	FALSE	balanced	balanced	balanced
SRP089788	muscle | between_subject_case_control | conf=high |  | n=122	disease classification	in:tissue=tibialis anterior muscle;subj:anonymized patient identifier;tissue:muscle	122	122	55	55	44	11	0.56	0.136		14899	31	24	26	5	55	0	0	0	55	5	0.674	-1.609	-0.644	1.253	-1.504	0.25	muscle	-0.79	0.838	-0.659	0.0026	0.0026	readlen	0.055					0.055	14.07	M0,M1,M0perm,M3,M4,M5,M6,M4perm,M5perm,M6perm,M0permw	4881	5020	0.919	0.94	0.998	0	0	0	4881	4744	0.944	0.97	0.999	0	0	0	4881	4911	0.936	0.96	0.999	0	0	0	4881	4533	0.606	0.67	0.931	0	0	0	5020	4533	0.606	0.68	0.931	0	0	0	4881	154	0.031	0.53	0.788	80	0	0	5020	154	0.03	0.54	0.788	75	0	0	4881	2750	0.511	0.86	0.942	0	0	0	5020	2750	0.503	0.88	0.946	0	0	0	4881	5122	0.831	0.83	0.989	0	0	0	5020	5122	0.85	0.83	0.991	0	0	0	4881	5524	0.821	0.87	0.991	0	0	0	5020	5524	0.864	0.89	0.995	0	0	0																																																	4881	5160	0.895	0.88	0.996	0	0	0	5020	5160	0.943	0.91	0.999	0	0	0	4881	5246	0.894	0.92	0.997	0	0	0	5020	5246	0.949	0.94	0.999	0	0	0	between_subject_case_control	in_vivo_tissue	unknown	""	high	muscle	2016-10-03	TRUE	FALSE	balanced		balanced
SRP090282	blood | in_vivo_treatment_arms | conf=medium |  | n=119	group	in:day=14;subj:subjectid;tissue:blood	119	119	16	16	8	8	0.5	0		18726	8	8	4	4	16	0	0	0	16	4	0.619	-0.856	0.687	1.37	-1.316	0.138	blood	-1.114	0.067	0.536	0.0947	0.0943								8.37	M0,M1,M0perm,M3,M4,M5,M7,M4perm,M5perm,M7perm,M0permw	0	0		0.78	0.998	0	0	0	0	0		0.45	0.94	0	0	0	0	0		0.51	0.998	0	0	0	0	0		0.11	0.339	0	0	0	0	0		0.13	0.336	0	0	0	0	0		0.41	0.864	0	0	0	0	0		0.4	0.864	0	0	0	0	0		0.08	0.432	0	0	0	0	0		0.07	0.432	0	0	0	0	0		0.37	0.962	0	0	0	0	0		0.44	0.964	0	0	0	0	0		0.31	0.961	0	0	0	0	0		0.39	0.964	0	0	0	0	0		0.55	0.973	0	0	0	0	0		0.61	0.975	0	0	0	0	0		0.41	0.963	0	0	0	0	0		0.49	0.965	0	0	0																																																	in_vivo_treatment_arms	in_vivo_tissue	unknown	""	medium	blood	2016-09-26	TRUE	FALSE	balanced		balanced
SRP090460	lung | between_subject_case_control | conf=medium | tumor_tissue | n=54	survstatus	ex:cell type=nl;tissue:lung	54	54	27	27	7	20	0.85	0.007	0.608	19512	23	4	6	17	0	0	1	0	0	5	0.213	-0.325	-0.628	-0.674	0.475	0.768	lung	-0.846	-0.219	-0.826	3e-04	3e-04								3.45	M0,M1,M0perm,M2,M2perm,M3,M4,M5,M4perm,M5perm,M0permw	373	380	0.882	0.86	0.999	0	0	0	373	7	0.019	0.84	0.985	0	0	0	373	394	0.875	0.88	0.999	0	0	0	373	0	0	0.18	0.619	0	0	0	380	0	0	0.2	0.62	0	0	0	373	134	0.303	0.56	0.972	0	0	0	380	134	0.301	0.57	0.972	0	0	0	373	2	0.005	0.63	0.952	0	0	0	380	2	0.005	0.69	0.952	0	0	0	373	269	0.558	0.58	0.969	0	0	0	380	269	0.556	0.6	0.969	0	0	0	373	12	0.032	0.59	0.951	0	0	0	380	12	0.032	0.64	0.952	0	0	0																																	373	900	0.408	0.59	0.979	0	0	0	373	469	0.677	0.65	0.989	0	0	0																																	between_subject_case_control	in_vivo_tissue	both_sexes	tumor_tissue	medium	lung	2016-12-05	TRUE	FALSE	balanced	mildly_imbalanced	mildly_imbalanced
SRP090552	adipose | in_vivo_treatment_arms | conf=medium |  | n=42	treatment	in:time=post-treatment pre-lps;tissue:adipose	42	42	14	14	8	6	0.5	0		17183.5	7	7	4	3	14	0	0	0	14	3	0.542	0.092	0.311	-0.012	0.106	0.72	adipose	0.065	-0.763	-0.76	9e-04	8e-04								0.57	M0,M1,M0perm,M3,M4,M5,M4perm,M5perm,M0permw	0	0		0.8	0.996	0	0	0	0	0		0.89	0.998	0	0	0	0	0		0.74	0.997	0	0	0	0	0		0.4	0.759	0	0	0	0	0		0.38	0.765	0	0	0	0	0		0.55	0.967	0	0	0	0	0		0.61	0.969	0	0	0	0	0		0.41	0.83	0	0	0	0	0		0.39	0.834	0	0	0	0	0		0.65	0.987	0	0	0	0	0		0.75	0.991	0	0	0	0	0		0.12	0.787	0	0	0	0	0		0.16	0.787	0	0	0																																																																																	in_vivo_treatment_arms	in_vivo_tissue	unknown	""	medium	adipose	2017-01-03	TRUE	FALSE	balanced		balanced
SRP090633	liver | between_subject_case_control | conf=medium |  | n=76	source_name	in:transplant stage=pre-reperfusion;tissue:liver	76	20	10	10	4	6	0.5	0		16835	5	5	2	3	10	0	0	0	10	2	0.656	0.307	-1.181	-1.135	1.119		liver	0.597	-0.946	0.509	1e-04	1e-04								2.85	M0,M1,M0perm,M3,M4,M5,M4perm,M5perm,M0permw	0	0		0.32	0.981	0	0	0	0	0		0.38	0.8	0	0	0	0	0		0.6	0.983	0	0	0	0	0		0.32	0.717	0	0	0	0	0		0.27	0.705	0	0	0	0	0		0.11	0.787	0	0	0	0	0		0.3	0.804	0	0	0	0	0		0.17	0.892	0	0	0	0	0		0.46	0.901	0	0	0	0	0		0.02	0.626	0	0	0	0	0		0.04	0.64	0	0	0	0	0		0.28	0.88	0	0	0	0	0		0.5	0.894	0	0	0																																																																																	between_subject_case_control	in_vivo_tissue	unknown	""	medium	liver	2016-12-09	TRUE	FALSE	balanced		balanced
SRP090689	blood | between_subject_case_control | conf=medium | tumor_tissue | n=41	tissue of origin	tissue:blood	41	41	41	37	18	19	1	0		9208	37	0	18	19	37	0	0	4	37	0		0.209	-0.037	-0.674	0.894	0.336	blood	0.115	-0.118	-0.282	4e-04	4e-04	platform	0.459	0.459				0.407	42.12	M0																																																																																																																																																																																									between_subject_case_control	ex_vivo_primary_cells	female_only	tumor_tissue	medium	blood	2017-06-28	TRUE	TRUE	single_sex		single_sex
SRP090779	other | between_subject_case_control | conf=high | tumor_tissue | n=18	tumor type	tissue:other	18	18	15	15	7	8	1	0		18767	15	0	7	8	15	0	0	0	15	0		-0.374	-1.579	-0.208	-0.43	0.443	generic	1.307	-0.111	0.302	2e-04	2e-04								1.62	M0																																																																																																																																																																																									between_subject_case_control	in_vivo_tissue	female_only	tumor_tissue	high	other	2017-09-08	TRUE	TRUE	single_sex		single_sex
SRP090787	adipose | genotype_comparison | conf=low |  | n=36	rs2059807	in:tissue=fat;subj:isolate;tissue:adipose	36	36	19	19	5	14	1	0	0.1	20082	19	0	5	14	0	0	0	0	0	0		-0.599	0.51	0.553	-0.557	0.725	adipose	-0.12	0.486	0.542	0.0572	0.0572								23.67	M0																																																																																																																																																																																									genotype_comparison	in_vivo_tissue	female_only	""	low	adipose	2017-10-01	TRUE	TRUE	single_sex	balanced	single_sex
SRP090799	liver | between_subject_case_control | conf=medium | tumor_tissue | n=53	case	tissue:liver	53	52	52	52	27	25	0.35	0.181		16124.5	18	34	7	11	1	3	0	0	52	5	0.175	-0.727	-0.859	-0.431	0.353	0.109	liver	-0.003	0.684	0.551	0.0025	0.0025	readlen	0.346					0.346	11.17	M0,M1,M0perm,M3,M4,M5,M6,M4perm,M5perm,M6perm,M0permw	0	24	0	0.64	0.99	0	0	0	0	6	0	0.84	0.999	0	0	0	0	1	0	0.71	0.994	0	0	0	0	0		0.24	0.549	0	0	0	24	0	0	0.23	0.532	0	0	0	0	6	0	0.22	0.66	0	0	0	24	6	0.154	0.35	0.703	0	0	0	0	0		0.38	0.738	0	0	0	24	0	0	0.46	0.753	0	0	0	0	16	0	0.61	0.983	0	0	0	24	16	0.6	0.89	0.996	0	0	0	0	7	0	0.62	0.986	0	0	0	24	7	0.292	0.9	0.997	0	0	0																																																	0	7	0	0.22	0.599	0	0	0	24	7	0.107	0.32	0.645	0	0	0	0	27	0	0.62	0.99	0	0	0	24	27	0.821	0.91	0.999	0	0	0	between_subject_case_control	in_vivo_tissue	both_sexes	tumor_tissue	medium	liver	2018-10-01	TRUE	FALSE	mildly_imbalanced		mildly_imbalanced
SRP091714	blood | between_subject_case_control | conf=high |  | n=20	group	tissue:blood	20	20	19	19	9	10	0	0		17330	0	19	0	0	0	0	0	0	19	0		0.517	1.11	0.603	-0.442	1.568	blood	-0.009	-0.276	-0.025	0	0	pubmonth	0.325				0.325		24.59	M0																																																																																																																																																																																									between_subject_case_control	ex_vivo_primary_cells	male_only	""	high	blood	2018-10-08	TRUE	TRUE	single_sex		single_sex
SRP092158	blood | between_subject_case_control | conf=low | tumor_tissue | n=249	tissue	in:cell type=regulatory t cells;tissue:blood	249	34	19	19	13	6	1	0		16494	19	0	13	6	19	0	0	0	19	0		-0.188	0.43	-0.015	-0.034	0.577	blood	0.072	0.679	-0.248	0.0012	0.0012								17.74	M0																																																																																																																																																																																									between_subject_case_control	ex_vivo_primary_cells	unknown	tumor_tissue	low	blood	2016-11-15	TRUE	TRUE	single_sex		single_sex
SRP092402	blood | between_subject_case_control | conf=medium |  | n=914	disease state	in:time=dx;subj:subject;tissue:blood	914	914	232	112	91	21	0.43	0.234		16378	48	64	35	13	112	0	0	0	112	5	0.85	-0.609	0.305	-0.956	0.966	0.472	blood	1.553	-2.082	-0.356	0.0071	0.007								2.18	M0,M1,M0perm,M3,M4,M5,M4perm,M5perm,M0permw	13031	12542	0.928	0.92	0.997	0	1	4	13031	13042	0.995	1	1	0	1	1	13031	12888	0.956	0.89	0.999	0	1	1	13031	8422	0.576	0.58	0.92	213	1	0	12542	8422	0.588	0.61	0.922	150	4	0	13031	12521	0.775	0.64	0.963	0	1	4	12542	12521	0.763	0.62	0.958	1	4	4	13031	3596	0.183	0.26	0.543	3029	1	1	12542	3596	0.183	0.26	0.527	2946	4	1	13031	12702	0.923	0.89	0.996	0	1	5	12542	12702	0.958	0.93	0.999	0	4	5	13031	12695	0.925	0.87	0.996	0	1	4	12542	12695	0.972	0.91	1	0	4	4																																																																																	between_subject_case_control	in_vivo_tissue	unknown	""	medium	blood	2017-11-15	TRUE	FALSE	mildly_imbalanced		mildly_imbalanced
SRP092408	musculoskeletal | between_subject_case_control | conf=high |  | n=63	disease	tissue:musculoskeletal	63	63	36	36	24	12	0.61	0.292	1.172	19118.5	22	14	17	5	0	0	2	0	4	5	0.139	-1.84	1.04	0.389	-0.332	0.727	muscle	0.392	0.733	0.422	0.0353	0.0353								28.38	M0,M1,M0perm,M0a,M2,M2perm,M3,M4,M5,M7,M4perm,M5perm,M7perm,M0permw	14205	13947	0.919	0.74	0.996	1	4	2	14205	13856	0.955	0.95	0.999	0	4	3	14205	13856	0.924	0.78	0.996	0	4	10	14205	15940	0.838	0.25	0.98	0	4	2	13947	15940	0.83	0.23	0.98	1	2	2	14205	10506	0.597	0.2	0.898	429	4	3	13947	10506	0.608	0.23	0.906	362	2	3	14205	11439	0.772	0.48	0.982	1	4	2	13947	11439	0.786	0.6	0.985	0	2	2	14205	13742	0.902	0.67	0.994	1	4	2	13947	13742	0.953	0.89	0.999	0	2	2	14205	13825	0.911	0.68	0.995	1	4	2	13947	13825	0.959	0.89	0.999	0	2	2	14205	12211	0.721	0.22	0.954	21	4	1	13947	12211	0.756	0.3	0.967	8	2	1	14205	13947	0.91	0.64	0.995	1	4	2	13947	13947	0.979	0.86	1	0	2	2	13880	11182	0.749	0.63	0.978	1	6	1	13880	13475	0.912	0.75	0.996	3	6	1																																	between_subject_case_control	in_vivo_tissue	both_sexes	""	high	musculoskeletal	2017-06-20	TRUE	FALSE	mildly_imbalanced	partially_confounded	partially_confounded
SRP092501	other | between_subject_case_control | conf=medium | tumor_tissue | n=27	subgroup	tissue:other	27	15	15	12	8	4	0.42	0.125		17711	5	7	3	2	12	0	0	3	12	3	0.027	-0.097	0.034	0.273	1.184	0.443	generic	0.73	1.031	-0.026	0.0022	0.0021	readlen	0.426					0.426	3.15	M0,M1,M0perm,M3,M4,M5,M6,M4perm,M5perm,M6perm,M0permw	12	13	0.786	0.83	0.99	0	0	0	12	5	0.417	0.85	0.989	0	0	0	12	5	0.417	0.85	0.993	0	0	0	12	2152	0.006	0.25	0.963	0	0	0	13	2152	0.006	0.26	0.949	0	0	0	12	352	0.034	0.43	0.973	0	0	0	13	352	0.037	0.5	0.982	0	0	0	12	16	0.273	0.44	0.847	0	0	0	13	16	0.261	0.47	0.832	0	0	0	12	0	0	0.23	0.797	0	0	0	13	0	0	0.28	0.815	0	0	0	12	1	0.083	0.58	0.92	0	0	0	13	1	0.077	0.61	0.939	0	0	0																																																	12	0	0	0.63	0.895	0	0	0	13	0	0	0.63	0.905	0	0	0	12	2	0.167	0.72	0.979	0	0	0	13	2	0.154	0.79	0.99	0	0	0	between_subject_case_control	in_vivo_tissue	unknown	tumor_tissue	medium	other	2016-11-25	TRUE	FALSE	balanced		balanced
SRP094553	kidney | between_subject_case_control | conf=medium |  | n=43	functional status/outcome	tissue:kidney	43	43	43	42	23	19	0.48	0.188		19978	20	22	9	11	42	0	0	1	42	5	0.224	-0.236	-0.178	0.125	-0.148	-0.039	kidney	0.068	0.258	-0.221	7e-04	7e-04								18.3	M0,M1,M0perm,M3,M4,M5,M4perm,M5perm,M0permw	1	1	1	0.58	0.963	0	0	0	1	1	1	0.93	0.999	0	0	0	1	1	1	0.78	0.985	0	0	0	1	78	0.013	0.3	0.878	0	0	0	1	78	0.013	0.25	0.87	0	0	0	1	2	0.5	0.43	0.932	0	0	0	1	2	0.5	0.71	0.985	0	0	0	1	1	1	0.47	0.932	0	0	0	1	1	1	0.61	0.969	0	0	0	1	1	1	0.53	0.947	0	0	0	1	1	1	0.74	0.981	0	0	0	1	13	0.077	0.24	0.854	0	0	0	1	13	0.077	0.35	0.914	0	0	0																																																																																	between_subject_case_control	in_vivo_tissue	unknown	""	medium	kidney	2019-01-23	TRUE	FALSE	mildly_imbalanced		mildly_imbalanced
SRP094784	adipose | in_vivo_treatment_arms | conf=medium |  | n=24	treatment	ex:treatment=pretreatment;subj:isolate;tissue:adipose	24	24	12	12	8	4	0.5	0.375	1.057	18429	6	6	5	1	0	0	1	0	0	3	0.776	0.478	0.016	-0.449	0.416	0.597	adipose	0.118	-0.362	-0.635	0.0052	0.0051								2.01	M0,M1,M0perm,M2,M2perm,M3,M4,M5,M4perm,M5perm,M0permw	0	0		0.4	0.82	0	0	0	0	0		0.47	0.906	0	0	0	0	0		0.44	0.922	0	0	0	0	0		0.39	0.845	0	0	0	0	0		0.6	0.97	0	0	0	0	0		0.1	0.785	0	0	0	0	0		0.13	0.9	0	0	0	0	3	0	0.09	0.755	0	0	0	0	3	0	0.12	0.826	0	0	0	0	0		0.15	0.499	0	0	0	0	0		0.22	0.625	0	0	0	0	0		0.29	0.782	0	0	0	0	0		0.49	0.881	0	0	0																																	0	0		0.28	0.696	0	0	0	0	0		0.24	0.723	0	0	0																																	in_vivo_treatment_arms	in_vivo_tissue	both_sexes	""	medium	adipose	2017-12-08	TRUE	FALSE	partially_confounded	partially_confounded	partially_confounded
SRP094795	tumor | between_subject_case_control | conf=medium | tumor_tissue | n=47	hpv-type infection	ex:source_name=caski cell line;tissue:tumor	47	25	24	24	10	14	1	0		17811.5	24	0	10	14	24	0	0	0	24	0		-0.541	0.508	-0.422	-0.132	0.109	generic	-0.17	-0.632	-0.376	0.0546	0.0546	readlen	0.344					0.344	2.46	M0																																																																																																																																																																																									between_subject_case_control	in_vivo_tissue	female_only	tumor_tissue	medium	tumor	2019-08-07	TRUE	TRUE	single_sex		single_sex
SRP095361	lung | between_subject_case_control | conf=high |  | n=39	disease state	tissue:lung	39	39	39	38	20	18	0.42	0.256		19684	16	22	6	10	38	0	0	1	38	5	0.806	-0.881	-1.655	-1.344	1.159	0.018	lung	-1.38	-0.528	-0.467	0.0021	0.0021								10.45	M0,M1,M0perm,M3,M4,M5,M4perm,M5perm,M0permw	11527	10949	0.909	0.94	0.997	0	1	2	11527	11397	0.95	0.97	0.999	0	1	0	11527	11370	0.912	0.88	0.996	0	1	1	11527	12558	0.783	0.48	0.966	0	1	4	10949	12558	0.79	0.47	0.973	2	2	4	11527	6012	0.427	0.7	0.849	281	1	1	10949	6012	0.442	0.7	0.85	208	2	1	11527	8880	0.677	0.74	0.96	2	1	2	10949	8880	0.684	0.74	0.958	0	2	2	11527	11028	0.904	0.85	0.996	0	1	2	10949	11028	0.938	0.86	0.998	0	2	2	11527	10195	0.857	0.85	0.994	0	1	2	10949	10195	0.914	0.88	0.998	0	2	2																																																																																	between_subject_case_control	in_vivo_tissue	unknown	""	high	lung	2017-01-03	TRUE	FALSE	mildly_imbalanced		mildly_imbalanced
SRP095491	tumor | genotype_comparison | conf=high | tumor_tissue | n=50	genotype	in:tissue=urothelial bladder carcinoma;ex:tissue=urothelial bladder carcinoma cell line;tissue:tumor	50	50	20	19	9	10	0.21	0.022		18884	4	15	2	2	19	0	0	1	19	4	0.164	0.008	-0.175	-0.246	-0.076	0.604	generic	-0.356	-0.993	-0.622	5e-04	5e-04								1.63	M0,M1,M0perm,M3,M4,M5,M4perm,M5perm,M0permw	2	1	0.5	0.85	0.998	0	0	0	2	2	0.333	0.72	0.981	0	0	0	2	2	1	0.84	0.999	0	0	0	2	0	0	0.28	0.709	0	0	0	1	0	0	0.34	0.713	0	0	0	2	1	0.5	0.54	0.991	0	0	0	1	1	1	0.59	0.991	0	0	0	2	0	0	0.24	0.785	0	0	0	1	0	0	0.31	0.79	0	0	0	2	0	0	0.56	0.939	0	0	0	1	0	0	0.59	0.94	0	0	0	2	0	0	0.71	0.991	0	0	0	1	0	0	0.76	0.993	0	0	0																																																																																	genotype_comparison	in_vivo_tissue	unknown	tumor_tissue	high	tumor	2017-03-01	TRUE	FALSE	balanced		balanced
SRP096201	blood | between_subject_case_control | conf=medium |  | n=108	disease	in:treatment=no treatment, immediately after isolation;subj:age;tissue:blood	108	27	9	9	5	4	0.44	0.55	4.858	16246	4	5	1	3	0	0	1	0	0	0		-0.286	-0.541	-1.587	1.955	-1.714	blood	2.513	-0.785	0.636	0.0119	0.0119								2.13	M0,M1,M0perm,M2,M2perm,M4,M5,M7,M4perm,M5perm,M7perm,M0permw	729	147	0.17	0.69	0.879	0	0	0	729	553	0.663	0.79	0.992	0	0	0	729	136	0.178	0.67	0.94	0	0	0																	729	22	0.025	0.43	0.821	0	0	0	147	22	0.09	0.48	0.91	0	0	0	729	1	0	0.21	0.367	4	0	0	147	1	0.007	0.32	0.583	0	0	0	729	0	0	0.39	0.833	0	0	0	147	0	0	0.44	0.861	0	0	0	729	0	0	0.15	0.241	15	0	0	147	0	0	0.24	0.454	0	0	0	729	22	0.013	0.27	0.824	0	0	0	147	22	0.037	0.26	0.808	0	0	0	729	154	0.159	0.43	0.896	0	0	0	147	154	0.326	0.43	0.91	0	0	0	729	0	0	0.12	0.407	81	0	0	729	0	0	0.5	0.767	0	0	0																																	between_subject_case_control	ex_vivo_primary_cells	both_sexes	""	medium	blood	2019-02-13	TRUE	FALSE	partially_confounded	completely_confounded	completely_confounded
SRP096757	gut | between_subject_case_control | conf=high |  | n=245	diagnosis	tissue:gut	245	245	245	245	210	35	0.38	0.024		20743	93	152	79	14	0	2	14	0	245	5	0.817	-0.513	-0.421	-0.353	0.371	0.241	gut	-0.692	0.292	0.309	0.0024	0.0024	pubmonth	0.153				0.153	0.053	6.28	M0,M1,M0perm,M3,M4,M5,M6,M4perm,M5perm,M6perm,M0permw	9944	9962	0.993	0.99	1	0	0	0	9944	9792	0.972	0.98	1	0	0	0	9944	10111	0.978	0.96	1	0	0	0	9944	13430	0.702	0.53	0.967	0	0	0	9962	13430	0.703	0.53	0.967	0	0	0	9944	9672	0.701	0.88	0.946	0	0	2	9962	9672	0.703	0.87	0.947	0	0	2	9944	10101	0.623	0.52	0.893	39	0	2	9962	10101	0.624	0.52	0.895	39	0	2	9944	9899	0.957	0.98	0.999	0	0	0	9962	9899	0.958	0.98	0.999	0	0	0	9944	9928	0.958	0.95	0.999	0	0	0	9962	9928	0.96	0.96	0.999	0	0	0																																																	9944	10176	0.854	0.89	0.987	0	0	0	9962	10176	0.853	0.9	0.987	0	0	0	9944	9965	0.988	0.99	1	0	0	0	9962	9965	0.993	0.99	1	0	0	0	between_subject_case_control	in_vivo_tissue	both_sexes	""	high	gut	2017-06-20	TRUE	FALSE	balanced		balanced
SRP098758	blood | between_subject_case_control | conf=high |  | n=428	group	subj:subjectid;tissue:blood	428	428	422	329	73	256	0.59	0.052	0.012	16850	194	135	46	148	0	7	1	0	0	5	0.859	-0.052	-0.132	-0.241	0.299	0.043	blood	0.536	-0.672	0.238	0.0566	0.0565								2.88	M0,M1,M0perm,M2,M2perm,M3,M4,M5,M7,M4perm,M5perm,M7perm,M0permw	5514	5567	0.961	0.96	0.999	0	0	2	5514	5484	0.99	1	1	0	0	0	5514	5365	0.969	0.99	1	0	0	0	5514	5857	0.593	0.63	0.921	0	0	2	5567	5857	0.593	0.63	0.921	0	2	2	5514	6235	0.874	0.86	0.997	0	0	2	5567	6235	0.883	0.87	0.997	0	2	2	5514	1622	0.145	0.63	0.573	504	0	0	5567	1622	0.145	0.62	0.58	501	2	0	5514	5350	0.941	0.97	0.999	0	0	2	5567	5350	0.946	0.99	0.999	0	2	2	5514	5348	0.93	0.95	0.998	0	0	2	5567	5348	0.932	0.98	0.999	0	2	2	5514	5575	0.927	0.95	0.997	0	0	3	5567	5575	0.924	0.97	0.997	0	2	3	5514	5498	0.959	0.95	0.999	0	0	2	5567	5498	0.979	0.97	1	0	2	2	5514	5618	0.958	0.96	0.999	0	0	2	5514	5526	0.96	0.96	0.999	0	0	2																																	between_subject_case_control	in_vivo_tissue	both_sexes	""	high	blood	2018-04-10	TRUE	FALSE	balanced	balanced	balanced
SRP099676	blood | between_subject_case_control | conf=high |  | n=39	disease	tissue:blood	39	39	23	23	15	8	0.13	0.008		16261	3	20	2	1	23	0	0	0	23	5	0.456	0.269	-0.105	-2.289	1.923	0.069	blood	-1.059	1.124	0.845	0.0375	0.0374								19.05	M0,M1,M0perm,M3,M4,M5,M7,M4perm,M5perm,M7perm,M0permw	12642	12902	0.969	0.76	0.999	0	0	5	12642	12682	0.982	0.74	1	0	0	0	12642	12528	0.983	0.96	1	0	0	0	12642	13843	0.86	0.32	0.981	0	0	1	12902	13843	0.867	0.18	0.982	0	5	1	12642	12481	0.932	0.64	0.997	0	0	5	12902	12481	0.937	0.76	0.998	0	5	5	12642	8123	0.562	0.42	0.931	31	0	5	12902	8123	0.559	0.53	0.933	41	5	5	12642	12294	0.929	0.69	0.997	0	0	5	12902	12294	0.931	0.81	0.998	0	5	5	12642	12308	0.931	0.73	0.997	0	0	5	12902	12308	0.935	0.82	0.998	0	5	5	12642	11873	0.883	0.63	0.993	0	0	5	12902	11873	0.882	0.82	0.994	0	5	5	12642	12194	0.923	0.66	0.996	0	0	5	12902	12194	0.925	0.87	0.998	0	5	5																																																	between_subject_case_control	ex_vivo_primary_cells	unknown	""	high	blood	2017-10-11	TRUE	FALSE	balanced		balanced
SRP099844	gut | in_vivo_treatment_arms | conf=medium | tumor_tissue | n=69	treatment	in:timepoint=endpoint;in:tissue=polyp;subj:patient number;tissue:gut	69	69	32	20	10	10	0.5	0		18878.5	10	10	5	5	20	0	0	0	20	5	0.355	-0.52	-0.575	-0.648	0.476	0.395	gut	0.469	0.06	0.698	0	0								7.01	M0,M1,M0perm,M3,M4,M5,M4perm,M5perm,M0permw	0	0		0.81	0.999	0	0	0	0	0		0.84	0.999	0	0	0	0	0		0.88	0.999	0	0	0	0	0		0.23	0.699	0	0	0	0	0		0.22	0.701	0	0	0	0	0		0.5	0.902	0	0	0	0	0		0.58	0.903	0	0	0	0	0		0.54	0.936	0	0	0	0	0		0.59	0.937	0	0	0	0	0		0.28	0.763	0	0	0	0	0		0.29	0.766	0	0	0	0	0		0.49	0.886	0	0	0	0	0		0.52	0.889	0	0	0																																																																																	in_vivo_treatment_arms	in_vivo_tissue	unknown	tumor_tissue	medium	gut	2018-02-16	TRUE	FALSE	balanced		balanced
SRP100652	blood | between_subject_case_control | conf=high |  | n=124	disease	subj:disease_phenotype_replicate;tissue:blood	124	124	124	124	54	70	0.26	0.228	0.176	6	32	92	7	25	0	0	124	0	23	1	0.002		-0.445	-0.581	0.525	-0.093	blood	-0.037	-0.037		0	0								12.9	M0,M1,M0perm,M0a,M2,M2perm,M3,M0permw	1	1	1	0.06	1	0	0	0	1	1	1	0.06	1	0	0	0	1	1	1	0.06	0.943	0	0	0	1	1	1	0.06	1	0	0	0	1	1	1	0.06	1	0	0	0																																																																																																	1	1	1	0.06	0.943	0	0	0	1	1	1	0.06	0.943	0	0	0																																	between_subject_case_control	ex_vivo_primary_cells	both_sexes	""	high	blood	2017-09-01	FALSE	FALSE	mildly_imbalanced	balanced	mildly_imbalanced
SRP100948	other | between_subject_case_control | conf=high |  | n=117	diagnosis	subj:sample_id;tissue:other	117	117	94	94	61	33	0.38	0.123		19189.5	36	58	26	10	0	0	0	0	94	5	0.408	0.241	-0.094	0.079	-0.016	-0.289	generic	0.572	0.839	0.125	7e-04	7e-04								5.25	M0,M1,M0perm,M3,M4,M5,M4perm,M5perm,M0permw	8896	8329	0.925	0.89	0.999	0	0	3	8896	8949	0.966	0.88	0.999	0	0	0	8896	8963	0.94	0.86	0.999	0	0	0	8896	3046	0.305	0.47	0.864	66	0	0	8329	3046	0.321	0.48	0.867	33	3	0	8896	9062	0.816	0.73	0.983	0	0	5	8329	9062	0.819	0.76	0.984	0	3	5	8896	1129	0.12	0.43	0.859	50	0	0	8329	1129	0.126	0.44	0.86	39	3	0	8896	8806	0.924	0.79	0.997	0	0	4	8329	8806	0.929	0.82	0.999	0	3	4	8896	9174	0.929	0.82	0.998	0	0	5	8329	9174	0.903	0.84	0.999	0	3	5																																																																																	between_subject_case_control	in_vivo_tissue	both_sexes	""	high	other	2017-12-21	TRUE	FALSE	balanced		balanced
SRP102186	brain | between_subject_case_control | conf=high |  | n=46	disease	tissue:brain	46	46	46	46	22	24	0.17	0.072	0.473	18419.5	8	38	3	5	0	0	0	0	0	5	0.283	0.91	-0.618	0.152	0.423	-0.608	brain	-0.684	-0.218	0.73	0.0012	0.0012	readlen	0.271					0.271	1.38	M0,M1,M0perm,M2,M2perm,M3,M4,M5,M6,M4perm,M5perm,M6perm,M0permw	0	0		0.83	0.997	0	0	0	0	0		0.95	1	0	0	0	0	0		0.81	0.997	0	0	0	0	0		0.09	0.256	0	0	0	0	0		0.12	0.272	0	0	0	0	0		0.17	0.534	0	0	0	0	0		0.18	0.539	0	0	0	0	0		0.17	0.667	0	0	0	0	0		0.17	0.666	0	0	0	0	0		0.84	0.996	0	0	0	0	0		0.87	0.999	0	0	0	0	0		0.69	0.978	0	0	0	0	0		0.64	0.978	0	0	0																																	0	0		0.71	0.984	0	0	0	0	0		0.69	0.988	0	0	0	0	0		0.52	0.949	0	0	0	0	0		0.55	0.951	0	0	0	0	0		0.64	0.951	0	0	0	0	0		0.69	0.958	0	0	0	between_subject_case_control	in_vivo_tissue	both_sexes	""	high	brain	2017-05-11	TRUE	FALSE	balanced	mildly_imbalanced	mildly_imbalanced
SRP102542	muscle | in_vivo_treatment_arms | conf=low |  | n=103	exercise type	in:biopsy timepoint=posttraining;tissue:muscle	103	103	37	37	19	18	0.43	0.023		15642	16	21	8	8	37	0	0	0	37	5	0.905	0.104	-0.169	0.184	-0.081	-0.219	muscle	-0.109	0.673	0.056	9e-04	8e-04								0.83	M0,M1,M0perm,M3,M4,M5,M4perm,M5perm,M0permw	0	0		0.91	0.998	0	0	0	0	0		0.94	0.997	0	0	0	0	0		0.95	0.999	0	0	0	0	0		0.42	0.716	0	0	0	0	0		0.39	0.718	0	0	0	0	0		0.73	0.984	0	0	0	0	0		0.8	0.987	0	0	0	0	1	0	0.49	0.778	0	0	0	0	1	0	0.49	0.778	0	0	0	0	1	0	0.57	0.924	0	0	0	0	1	0	0.57	0.924	0	0	0	0	0		0.8	0.987	0	0	0	0	0		0.87	0.989	0	0	0																																																																																	in_vivo_treatment_arms	in_vivo_tissue	unknown	""	low	muscle	2017-03-30	TRUE	FALSE	balanced		balanced
SRP102999	blood | between_subject_case_control | conf=high |  | n=324	ptsd	tissue:blood	324	324	282	282	81	201	0	0		16182	0	282	0	0	282	0	0	0	282	0		-0.02	-0.071	0.125	-0.352	0.294	blood	-0.04	0.094	-0.22	0.6189	0.5803								26.34	M0																																																																																																																																																																																									between_subject_case_control	in_vivo_tissue	unknown	""	high	blood	2018-02-13	TRUE	TRUE	single_sex		single_sex
SRP103812	tumor | genotype_comparison | conf=medium | tumor_tissue;mixed_organisms | n=47	notch1 mutation/expression	in:tissue/cell type=chronic lymphocytic leukemia biopsy;ex:cell type=mantle cell lymphoma cell line;subj:source_name;tissue:tumor	26	17	8	8	4	4	1	0		19673.5	8	0	4	4	8	0	0	0	8	0		-0.788	0.575	-3.088	3.03	-0.2	generic	1.04	0.185	0.926	1e-04	1e-04								2.44	M0																																																																																																																																																																																									genotype_comparison	in_vivo_tissue	unknown	tumor_tissue;mixed_organisms	medium	tumor	2018-06-04	TRUE	TRUE	single_sex		single_sex
SRP103819	lung | between_subject_case_control | conf=medium |  | n=33	disease status	in:time point=one week before infection;tissue:lung	33	33	11	10	5	5	0.6	0		18937	6	4	3	3	10	0	0	1	10	2	0.231	1.101	-0.03	0.181	-0.259	-0.135	lung	-0.103	0.649	-0.582	3e-04	3e-04								5.56	M0,M1,M0perm,M3,M4,M5,M4perm,M5perm,M0permw	0	0		0.3	0.974	0	0	0	0	0		0.7	0.976	0	0	0	0	0		0.59	0.981	0	0	0	0	0		0.29	0.45	0	0	0	0	0		0.18	0.504	0	0	0	0	0		0.18	0.872	0	0	0	0	0		0.56	0.868	0	0	0	0	0		0.31	0.686	0	0	0	0	0		0.2	0.719	0	0	0	0	0		0.27	0.956	0	0	0	0	0		0.63	0.974	0	0	0	0	0		0.25	0.951	0	0	0	0	0		0.62	0.957	0	0	0																																																																																	between_subject_case_control	in_vivo_tissue	unknown	""	medium	lung	2017-05-29	TRUE	FALSE	balanced		balanced
SRP106008	kidney | between_subject_case_control | conf=high |  | n=31	disease	in:source_name=kidney biopsy;tissue:kidney	31	31	27	27	20	7	0.81	0.136		19496	22	5	17	5	27	0	0	0	27	3	0.068	0.26	-0.663	-1.026	0.607	-0.386	kidney	-0.001	0.287	-1.364	2e-04	2e-04								3.11	M0,M1,M0perm,M3,M4,M5,M4perm,M5perm,M0permw	231	202	0.812	0.95	0.99	0	0	0	231	221	0.891	0.96	0.996	0	0	0	231	227	0.825	0.95	0.995	0	0	0	231	1456	0.159	0.77	0.96	0	0	0	202	1456	0.139	0.77	0.966	0	0	0	231	795	0.268	0.74	0.905	0	0	0	202	795	0.248	0.73	0.882	0	0	0	231	433	0.509	0.81	0.945	0	0	0	202	433	0.463	0.82	0.962	0	0	0	231	198	0.676	0.87	0.972	0	0	0	202	198	0.778	0.88	0.987	0	0	0	231	180	0.657	0.9	0.971	0	0	0	202	180	0.729	0.92	0.982	0	0	0																																																																																	between_subject_case_control	in_vivo_tissue	unknown	""	high	kidney	2019-05-02	TRUE	FALSE	balanced		balanced
SRP106011	skin | between_subject_case_control | conf=high | tumor_tissue | n=156	tissue	tissue:skin	156	78	78	78	51	27	0.6	0.608		20170	47	31	20	27	0	2	3	0	78	5	0.107	0.563	-1.363	-1.619	1.744	0.38	generic	2.765	2.001	-0.441	2e-04	2e-04								28.59	M0,M1,M0perm,M3,M4,M5,M4perm,M5perm,M0permw	20327	17279	0.802	0.7	0.981	23	10	0	20327	20296	0.989	0.97	1	0	10	10	20327	18483	0.851	0.65	0.987	2	10	10	20327	22349	0.899	0.5	0.991	0	10	10	17279	22349	0.762	0.43	0.982	2	0	10	20327	16193	0.747	0.65	0.969	88	10	0	17279	16193	0.816	0.74	0.978	0	0	0	20327	11008	0.444	0.36	0.791	2265	10	0	17279	11008	0.491	0.38	0.812	1306	0	0	20327	17463	0.807	0.7	0.981	27	10	0	17279	17463	0.955	0.88	0.999	0	0	0	20327	17485	0.823	0.69	0.986	23	10	0	17279	17485	0.937	0.94	0.997	0	0	0																																																																																	between_subject_case_control	in_vivo_tissue	both_sexes	tumor_tissue	high	skin	2017-05-04	TRUE	FALSE	partially_confounded		partially_confounded
SRP107025	other | between_subject_case_control | conf=medium | tumor_tissue | n=212	type	subj:patient_id;tissue:other	212	212	199	189	65	124	0.52	0.101		19507	98	91	38	60	189	0	0	10	189	5	0.055	-0.105	0.414	0.583	-0.318	0.435	generic	0.068	-0.583	0.285	6e-04	6e-04	layout	0.3		0.3			0.3	7.38	M0,M1,M0perm,M3,M4,M5,M6,M4perm,M5perm,M6perm,M0permw	4435	4173	0.909	0.96	0.998	0	0	4	4435	4431	0.935	0.97	0.999	0	0	0	4435	4257	0.921	0.95	0.999	0	0	0	4435	7256	0.59	0.72	0.968	0	0	0	4173	7256	0.561	0.75	0.969	5	4	0	4435	2375	0.506	0.91	0.95	0	0	6	4173	2375	0.538	0.93	0.955	0	4	6	4435	3295	0.507	0.81	0.912	4	0	4	4173	3295	0.522	0.85	0.917	3	4	4	4435	4219	0.887	0.94	0.996	0	0	4	4173	4219	0.935	0.96	0.999	0	4	4	4435	4161	0.898	0.96	0.997	0	0	5	4173	4161	0.966	0.98	1	0	4	5																																																	4435	4896	0.499	0.79	0.886	12	0	5	4173	4896	0.497	0.83	0.892	11	4	5	4435	4239	0.908	0.95	0.997	0	0	4	4173	4239	0.976	0.99	1	0	4	4	between_subject_case_control	in_vivo_tissue	unknown	tumor_tissue	medium	other	2018-02-26	TRUE	FALSE	balanced		balanced
SRP108120	brain | between_subject_case_control | conf=high |  | n=36	case/control	tissue:brain	36	36	35	35	18	17	0	0	0.35	23118	0	35	0	0	35	0	0	0	0	0		0.873	-0.729	-0.792	0.435	-0.184	brain	0.419	-0.213	0.466	0	0								29.52	M0																																																																																																																																																																																									between_subject_case_control	ex_vivo_primary_cells	unknown	""	high	brain	2018-01-02	TRUE	TRUE	single_sex	balanced	single_sex
SRP108496	lung | between_subject_case_control | conf=medium |  | n=18	disease_status	tissue:lung	18	18	18	18	10	8	0	0		20797	0	18	0	0	18	0	0	0	18	0		0.409	0.836	-0.083	0.142	-0.472	lung	-1.161	1.005	1.035	0.0037	0.0037	readlen	0.824					0.824	10.14	M0																																																																																																																																																																																									between_subject_case_control	in_vivo_tissue	unknown	""	medium	lung	2018-01-25	TRUE	TRUE	single_sex		single_sex
SRP108616	other | between_subject_case_control | conf=medium | tumor_tissue | n=41	grade	in:source_name=er+ breast tumor;tissue:other	41	41	13	13	6	7	1	0	0.695	20857	13	0	6	7	13	0	0	0	0	0		-0.618	-0.464	0.041	0.109	-0.028	generic	0.351	-1.113	-1.062	1e-04	1e-04								3.78	M0																																																																																																																																																																																									between_subject_case_control	in_vivo_tissue	female_only	tumor_tissue	medium	other	2018-06-05	TRUE	TRUE	single_sex	mildly_imbalanced	single_sex
SRP109111	blood | between_subject_case_control | conf=medium |  | n=172	severity	in:timepoint=1-2d post symptom onset;tissue:blood	172	172	86	86	42	44	0.26	0.221		13471	22	64	6	16	0	2	0	0	86	5	0.093	-0.17	0.087	0.448	-0.442	-0.251	blood	-0.132	-0.387	-0.095	6e-04	6e-04	readlen	0.138					0.138	12.66	M0,M1,M0perm,M3,M4,M5,M6,M4perm,M5perm,M6perm,M0permw	0	0		0.64	0.929	0	0	0	0	2	0	0.77	0.969	0	0	0	0	1	0	0.77	0.971	0	0	0	0	404	0	0.36	0.865	0	0	0	0	404	0	0.31	0.87	0	0	0	0	0		0.61	0.893	0	0	0	0	0		0.86	0.973	0	0	0	0	153	0	0.15	0.571	0	0	1	0	153	0	0.17	0.685	0	0	1	0	0		0.62	0.922	0	0	0	0	0		0.94	0.997	0	0	0	0	0		0.62	0.926	0	0	0	0	0		0.89	0.995	0	0	0																																																	0	0		0.63	0.899	0	0	0	0	0		0.94	0.985	0	0	0	0	0		0.64	0.928	0	0	0	0	0		0.98	1	0	0	0	between_subject_case_control	in_vivo_tissue	both_sexes	""	medium	blood	2018-06-13	TRUE	FALSE	mildly_imbalanced		mildly_imbalanced
SRP109781	other | between_subject_case_control | conf=medium | tumor_tissue | n=57	tissue	subj:isolate;tissue:other	57	57	51	51	21	30	0.35	0.033	0.619	21450	18	33	7	11	0	13	7	0	0	5	0.066	-0.817	0.99	0.598	-0.851	-1.013	generic	1.138	0.675	-0.02	0.0025	0.0025								43.17	M0,M1,M0perm,M2,M2perm,M3,M4,M5,M4perm,M5perm,M0permw	16274	16221	0.99	0.93	0.999	0	1	1	16274	16188	0.989	0.95	0.999	0	1	1	16274	16347	0.992	0.98	0.999	0	1	1	16274	11253	0.685	0.49	0.938	2	1	1	16221	11253	0.687	0.48	0.937	0	1	1	16274	4	0	0.12	0.538	4704	1	0	16221	4	0	0.14	0.538	4671	1	0	16274	18	0.001	0.1	0.586	919	1	0	16221	18	0.001	0.11	0.584	914	1	0	16274	15419	0.916	0.58	0.958	0	1	1	16221	15419	0.915	0.58	0.957	0	1	1	16274	16859	0.953	0.73	0.984	0	1	1	16221	16859	0.953	0.77	0.986	0	1	1																																	16274	16212	0.932	0.59	0.953	0	1	1	16274	16565	0.942	0.69	0.961	0	1	1																																	between_subject_case_control	in_vivo_tissue	both_sexes	tumor_tissue	medium	other	2017-09-01	TRUE	FALSE	balanced	mildly_imbalanced	mildly_imbalanced
SRP111102	tumor | between_subject_case_control | conf=medium | tumor_tissue | n=23	pgr status	tissue:tumor	23	23	23	23	11	12	1	0	0.732	18883	23	0	11	12	23	0	0	0	0	0		-0.047	0.752	0.955	-0.588	0.898	generic	-1.176	-0.66	-0.283	0	0	readlen	0.204					0.204	11.25	M0																																																																																																																																																																																									between_subject_case_control	in_vivo_tissue	unknown	tumor_tissue	medium	tumor	2019-04-18	TRUE	TRUE	single_sex	mildly_imbalanced	single_sex
SRP111343	tumor | between_subject_case_control | conf=medium | tumor_tissue | n=103	tissue	tissue:tumor	103	103	58	58	51	7	1	0		20255	58	0	51	7	58	0	0	0	9	0		-0.55	-0.701	0.295	-0.348	0.234	generic	-0.416	-0.567	0.017	2e-04	2e-04	readlen	0.101					0.101	8.15	M0																																																																																																																																																																																									between_subject_case_control	in_vivo_tissue	unknown	tumor_tissue	medium	tumor	2017-07-10	TRUE	TRUE	single_sex		single_sex
SRP111481	tumor | between_subject_case_control | conf=medium | tumor_tissue | n=96	figo stage	tissue:tumor	96	96	96	96	32	64	1	0	0.234	18824.5	96	0	32	64	96	0	0	0	0	0		-0.028	-0.365	-0.447	0.308	-0.082	generic	0.379	0.078	-0.274	6e-04	6e-04	readlen	0.076					0.076	22.19	M0																																																																																																																																																																																									between_subject_case_control	in_vivo_tissue	female_only	tumor_tissue	medium	tumor	2018-10-04	TRUE	TRUE	single_sex	balanced	single_sex
SRP111640	blood | between_subject_case_control | conf=high |  | n=30	disease_stage	tissue:blood	30	30	30	30	14	16	0.53	0.339	1.111	17823.5	16	14	10	6	8	1	0	0	8	5	0.075	-0.065	0.257	-0.508	0.446	0.015	blood	-0.451	0.342	0.54	0.0172	0.0163								2.72	M0,M1,M0perm,M0a,M2,M2perm,M3,M4,M5,M7,M4perm,M5perm,M7perm,M0permw	0	0		0.63	0.972	0	0	0	0	0		0.93	0.997	0	0	0	0	0		0.65	0.976	0	0	0	0	1	0	0.27	0.675	0	0	0	0	1	0	0.25	0.599	0	0	0	0	0		0.6	0.956	0	0	0	0	0		0.75	0.971	0	0	0	0	0		0.22	0.904	0	0	0	0	0		0.29	0.94	0	0	0	0	0		0.65	0.963	0	0	0	0	0		0.64	0.987	0	0	0	0	0		0.58	0.957	0	0	0	0	0		0.73	0.981	0	0	0	0	0		0.54	0.934	0	0	0	0	0		0.7	0.953	0	0	0	0	1	0	0.44	0.947	0	0	0	0	1	0	0.57	0.973	0	0	0	0	9	0	0.42	0.913	0	0	0	0	1	0	0.62	0.944	0	0	0																																	between_subject_case_control	in_vivo_tissue	both_sexes	""	high	blood	2017-08-09	TRUE	FALSE	partially_confounded	partially_confounded	partially_confounded
SRP112744	blood | between_subject_case_control | conf=high |  | n=16	disease status	tissue:blood	16	16	16	16	8	8	0.12	0	0.02	10934	2	14	1	1	0	12	2	0	0	5	0.1	0.332	1.435	2.152	-1.444	0.561	blood	0.048	0.172	-1.546	0.0055	0.0055								23.75	M0,M1,M0perm,M2,M2perm,M3,M4,M5,M4perm,M5perm,M0permw	23	18	0.783	0.96	0.996	0	0	0	23	18	0.783	0.98	0.995	0	0	0	23	12	0.522	0.96	0.995	0	0	0	23	20	0.593	0.74	0.945	0	0	0	18	20	0.583	0.74	0.942	0	0	0	23	25	0.043	0.3	0.728	1	0	0	18	25	0.049	0.28	0.719	1	0	0	23	32	0.528	0.86	0.979	0	0	0	18	32	0.515	0.86	0.983	0	0	0	23	22	0.452	0.49	0.786	0	0	0	18	22	0.481	0.5	0.79	0	0	0	23	36	0.341	0.47	0.77	0	0	0	18	36	0.35	0.47	0.781	0	0	0																																	23	20	0.72	0.94	0.988	0	0	0	23	20	0.654	0.84	0.979	0	0	0																																	between_subject_case_control	ex_vivo_primary_cells	both_sexes	""	high	blood	2019-03-28	TRUE	FALSE	balanced	balanced	balanced
SRP112751	gut | between_subject_case_control | conf=medium | tumor_tissue | n=17	t	tissue:gut	17	17	17	17	8	9	0.41	0.542	0.139	17752	7	10	1	6	0	10	0	0	0	5	0.068	0.029	-0.856	-0.104	-0.019	0.371	gut	-0.329	0.344	0.616	1e-04	1e-04								2.22	M0,M1,M0perm,M2,M2perm,M3,M4,M5,M4perm,M5perm,M0permw	0	1	0	0.37	0.855	0	0	0	0	0		0.68	0.979	0	0	0	0	0		0.27	0.821	0	0	0	0	0		0.16	0.663	0	0	0	1	0	0	0.05	0.463	0	0	0	0	1	0	0.22	0.587	0	0	0	1	1	0	0.46	0.753	0	0	0	0	0		0.26	0.815	0	0	0	1	0	0	0.49	0.901	0	0	0	0	0		0.24	0.826	0	0	0	1	0	0	0.47	0.933	0	0	0	0	0		0.24	0.756	0	0	0	1	0	0	0.52	0.89	0	0	0																																	0	1	0	0.33	0.825	0	0	0	0	0		0.13	0.734	0	0	0																																	between_subject_case_control	in_vivo_tissue	both_sexes	tumor_tissue	medium	gut	2019-03-05	TRUE	FALSE	partially_confounded	balanced	partially_confounded
SRP113226	blood | between_subject_case_control | conf=high | tumor_tissue | n=15	disease state	tissue:blood	15	15	15	14	9	5	0.57	0.267		17032	8	6	6	2	14	0	0	1	14	4	0.918	0.506	0.4	4.173	-4.057	1.068	blood	0.72	-2.497	0.595	0.0028	0.0028								7.86	M0,M1,M0perm,M3,M4,M5,M4perm,M5perm,M0permw	2578	1872	0.681	0.91	0.988	0	0	0	2578	2337	0.717	0.9	0.985	0	0	0	2578	2081	0.702	0.92	0.989	0	0	0	2578	2957	0.602	0.67	0.971	0	0	4	1872	2957	0.595	0.69	0.984	0	0	4	2578	1343	0.433	0.79	0.96	0	0	0	1872	1343	0.563	0.84	0.975	0	0	0	2578	0	0	0.07	0.645	139	0	0	1872	0	0	0.09	0.631	87	0	0	2578	1460	0.529	0.85	0.984	0	0	0	1872	1460	0.71	0.92	0.995	0	0	0	2578	1270	0.466	0.85	0.984	0	0	0	1872	1270	0.627	0.91	0.993	0	0	0																																																																																	between_subject_case_control	ex_vivo_primary_cells	unknown	tumor_tissue	high	blood	2018-02-22	TRUE	FALSE	mildly_imbalanced		mildly_imbalanced
SRP113245	blood | between_subject_case_control | conf=high |  | n=44	condition	tissue:blood	44	44	44	44	28	16	0.34	0.054		17010	15	29	9	6	44	0	0	0	44	5	0.727	-0.364	-0.617	-0.208	0.382	-0.466	blood	1.315	-1.393	0.521	0.4293	0.4005								3.91	M0,M1,M0perm,M3,M4,M5,M7,M4perm,M5perm,M7perm,M0permw	9209	9586	0.95	0.93	0.999	0	0	4	9209	9091	0.921	0.84	0.997	0	0	0	9209	9037	0.974	0.97	1	0	0	0	9209	9076	0.619	0.2	0.909	11	0	3	9586	9076	0.616	0.2	0.908	18	4	3	9209	7766	0.721	0.68	0.964	0	0	3	9586	7766	0.7	0.69	0.962	0	4	3	9209	2120	0.186	0.32	0.765	493	0	2	9586	2120	0.181	0.34	0.765	564	4	2	9209	9463	0.943	0.91	0.999	0	0	4	9586	9463	0.96	0.93	0.999	0	4	4	9209	9463	0.932	0.91	0.998	0	0	4	9586	9463	0.951	0.93	0.999	0	4	4	9209	9190	0.914	0.88	0.995	0	0	4	9586	9190	0.907	0.89	0.996	0	4	4	9209	9491	0.947	0.91	0.999	0	0	4	9586	9491	0.98	0.97	1	0	4	4																																																	between_subject_case_control	in_vivo_tissue	unknown	""	high	blood	2018-01-25	TRUE	FALSE	balanced		balanced
SRP113470	gut | between_subject_case_control | conf=high |  | n=304	diagnosis	tissue:gut	304	304	304	304	254	50	0.41	0.033		20721.5	124	180	105	19	0	2	21	0	304	5	0.096	-0.386	-0.144	-0.265	0.276	-0.021	gut	-0.64	0.502	0.096	0.0024	0.0024	readlen	0.082					0.082	17.7	M0,M1,M0perm,M3,M4,M5,M6,M4perm,M5perm,M6perm,M0permw	11531	11501	0.99	1	1	0	0	1	11531	11818	0.961	0.95	0.999	0	0	0	11531	11502	0.991	1	1	0	0	0	11531	14857	0.729	0.56	0.971	0	0	0	11501	14857	0.73	0.56	0.972	0	1	0	11531	11673	0.79	0.92	0.973	0	0	1	11501	11673	0.79	0.92	0.973	0	1	1	11531	11340	0.576	0.57	0.846	287	0	2	11501	11340	0.576	0.57	0.845	292	1	2	11531	11345	0.972	0.99	0.999	0	0	1	11501	11345	0.977	0.99	1	0	1	1	11531	11472	0.98	0.99	1	0	0	1	11501	11472	0.985	0.99	1	0	1	1																																																	11531	11512	0.943	0.95	0.993	0	0	1	11501	11512	0.943	0.95	0.993	0	1	1	11531	11664	0.961	0.96	0.999	0	0	1	11501	11664	0.963	0.96	0.999	0	1	1	between_subject_case_control	in_vivo_tissue	both_sexes	""	high	gut	2018-08-02	TRUE	FALSE	balanced		balanced
SRP113639	tumor | between_subject_case_control | conf=medium | tumor_tissue;ffpe_or_degraded | n=42	intrinsic subtype	tissue:tumor	42	42	42	42	21	21	1	0		22895.5	42	0	21	21	42	0	0	0	42	0		0.036	-1.415	-0.025	-0.036	-0.264	generic	-0.568	0.389	-0.152	6e-04	6e-04								15.19	M0																																																																																																																																																																																									between_subject_case_control	in_vivo_tissue	female_only	tumor_tissue;ffpe_or_degraded	medium	tumor	2017-10-11	TRUE	TRUE	single_sex		single_sex
SRP113755	other | between_subject_case_control | conf=medium | tumor_tissue | n=77	disease	tissue:other	77	77	44	44	24	20	0.84	0.35	0.611	18335.5	37	7	24	13	0	0	0	0	0	5	0.042	0.952	-0.242	-0.311	-0.05	0.351	generic	-0.108	-1.032	-0.05	0.0014	0.0014								5.78	M0,M1,M0perm,M2,M2perm,M3,M4,M5,M4perm,M5perm,M0permw	10625	9140	0.803	0.86	0.985	1	1	0	10625	10606	0.947	0.94	0.999	0	1	1	10625	9365	0.811	0.83	0.986	0	1	1	10625	11493	0.79	0.73	0.972	0	1	1	9140	11493	0.713	0.68	0.958	0	0	1	10625	9277	0.754	0.79	0.972	5	1	0	9140	9277	0.783	0.8	0.973	0	0	0	10625	6788	0.562	0.79	0.927	22	1	0	9140	6788	0.622	0.82	0.94	0	0	0	10625	9616	0.776	0.83	0.976	2	1	0	9140	9616	0.879	0.93	0.995	0	0	0	10625	9265	0.769	0.86	0.975	2	1	0	9140	9265	0.857	0.94	0.991	0	0	0																																	10625	9777	0.783	0.84	0.978	1	1	0	10625	8883	0.786	0.86	0.985	1	1	0																																	between_subject_case_control	in_vivo_tissue	both_sexes	tumor_tissue	medium	other	2019-01-01	TRUE	FALSE	partially_confounded	mildly_imbalanced	partially_confounded
SRP114429	tumor | between_subject_case_control | conf=high | tumor_tissue | n=85	stic	tissue:tumor	85	85	85	85	43	42	1	0	0.048	19609	85	0	43	42	85	0	0	0	0	0		-0.023	0.051	-0.01	0.083	-0.037	generic	-0.231	0.113	-0.095	3e-04	3e-04								25.83	M0																																																																																																																																																																																									between_subject_case_control	in_vivo_tissue	female_only	tumor_tissue	high	tumor	2017-08-03	TRUE	TRUE	single_sex	balanced	single_sex
SRP114567	muscle | between_subject_case_control | conf=high |  | n=12	patient	tissue:muscle	12	12	8	8	4	4	0.62	0.25		13557	5	3	2	3	8	0	0	0	8	0		-2.159	-1.018	2.188	-2.882	-0.712	muscle	-1.556	1.355	-0.493	8e-04	8e-04								5.93	M0,M1,M0perm,M4,M5,M4perm,M5perm,M0permw	3	2	0.667	0.74	0.981	0	0	0	3	0	0	0.73	0.982	0	0	0	3	3	0.5	0.58	0.986	0	0	0																	3	0	0	0.03	0.82	0	0	0	2	0	0	0.01	0.809	0	0	0	3	2	0	0.35	0.647	0	0	0	2	2	0	0.4	0.691	0	0	0	3	0	0	0.28	0.95	0	0	0	2	0	0	0.29	0.957	0	0	0	3	0	0	0.29	0.837	0	0	0	2	0	0	0.32	0.867	0	0	0																																																																																	between_subject_case_control	in_vivo_tissue	unknown	""	high	muscle	2017-08-03	TRUE	FALSE	mildly_imbalanced		mildly_imbalanced
SRP114762	blood | between_subject_case_control | conf=high |  | n=18	disease	tissue:blood	18	18	18	18	9	9	0.67	0	0.074	14514	12	6	6	6	0	0	0	0	0	4	0.117	-0.735	0.432	-2.56	2.395	1.525	blood	1.514	-2.306	0.438	0.0138	0.0134								8.55	M0,M1,M0perm,M2,M2perm,M3,M4,M5,M7,M4perm,M5perm,M7perm,M0permw	6725	6434	0.946	0.94	1	0	0	1	6725	6779	0.899	0.79	0.996	0	0	0	6725	6377	0.939	0.93	1	0	0	0	6725	4	0.001	0.44	0.8	80	0	0	6434	4	0.001	0.45	0.801	55	1	0	6725	4192	0.596	0.49	0.972	0	0	1	6434	4192	0.622	0.48	0.973	0	1	1	6725	0	0	0.14	0.403	1489	0	0	6434	0	0	0.14	0.405	1343	1	0	6725	8116	0.783	0.41	0.987	0	0	1	6434	8116	0.761	0.41	0.987	0	1	1	6725	5709	0.83	0.73	0.996	0	0	1	6434	5709	0.864	0.73	0.997	0	1	1	6725	6628	0.897	0.78	0.997	0	0	1	6434	6628	0.912	0.81	0.997	0	1	1	6725	7044	0.898	0.71	0.997	0	0	1	6434	7044	0.889	0.73	0.997	0	1	1	6725	6634	0.929	0.79	0.999	0	0	1	6725	6421	0.915	0.81	0.998	0	0	1																																	between_subject_case_control	ex_vivo_primary_cells	both_sexes	""	high	blood	2017-11-22	TRUE	FALSE	balanced	balanced	balanced
SRP115011	tumor | between_subject_case_control | conf=medium | tumor_tissue | n=110	expression-based subtype	tissue:tumor	110	110	80	80	21	59	0.24	0.128		18280.5	19	61	3	16	80	0	0	0	80	5	0.034	-0.032	-0.542	-0.799	1.171	-0.068	generic	1.82	1.202	0.305	0.0012	0.0012								3.86	M0,M1,M0perm,M3,M4,M5,M4perm,M5perm,M0permw	8499	8585	0.946	0.91	0.998	0	0	0	8499	8438	0.933	0.88	0.998	0	0	0	8499	8245	0.938	0.97	0.998	0	0	0	8499	8350	0.72	0.59	0.95	0	0	0	8585	8350	0.715	0.54	0.947	0	0	0	8499	8189	0.839	0.73	0.986	0	0	0	8585	8189	0.843	0.78	0.987	0	0	0	8499	456	0.046	0.14	0.709	580	0	0	8585	456	0.046	0.14	0.717	580	0	0	8499	8531	0.94	0.9	0.998	0	0	0	8585	8531	0.974	0.95	1	0	0	0	8499	8504	0.899	0.89	0.994	0	0	0	8585	8504	0.923	0.93	0.997	0	0	0																																																																																	between_subject_case_control	in_vivo_tissue	unknown	tumor_tissue	medium	tumor	2017-08-11	TRUE	FALSE	balanced		balanced
SRP115446	other | between_subject_case_control | conf=high | tumor_tissue | n=30	tissue	ex:tissue=mixed differentiated ovarian carcinoma;subj:isolate;tissue:other	30	30	29	29	14	15	1	0	1.614	19688	29	0	14	15	0	0	0	0	0	0		0.283	-0.135	-0.615	0.852	0.704	generic	1.423	0.297	0.26	0.0045	0.0045								2.73	M0																																																																																																																																																																																									between_subject_case_control	in_vivo_tissue	female_only	tumor_tissue	high	other	2017-11-01	TRUE	TRUE	single_sex	completely_confounded	single_sex
SRP115571	brain | between_subject_case_control | conf=high |  | n=52	disease status	subj:brainid;tissue:brain	52	52	52	52	13	39	0.23	0	0.024	20599.5	12	40	3	9	0	1	4	0	0	5	0.585	-0.116	-0.021	0.319	-0.849	0.477	brain	0.046	0.02	-0.12	3e-04	3e-04								26.32	M0,M1,M0perm,M2,M2perm,M3,M4,M5,M4perm,M5perm,M0permw	25	24	0.96	0.96	0.999	0	0	0	25	23	0.714	0.83	0.98	0	0	0	25	25	1	0.96	1	0	0	0	25	140	0.179	0.62	0.94	0	0	0	24	140	0.171	0.63	0.94	0	0	0	25	32	0.781	0.86	0.998	0	0	0	24	32	0.75	0.88	0.998	0	0	0	25	24	0.885	0.86	0.99	0	0	0	24	24	0.92	0.85	0.991	0	0	0	25	23	0.778	0.88	0.988	0	0	0	24	23	0.808	0.91	0.989	0	0	0	25	37	0.632	0.8	0.972	0	0	0	24	37	0.605	0.79	0.973	0	0	0																																	25	26	0.889	0.89	0.997	0	0	0	25	29	0.862	0.93	0.998	0	0	0																																	between_subject_case_control	in_vivo_tissue	both_sexes	""	high	brain	2017-08-18	TRUE	FALSE	balanced	balanced	balanced
SRP115911	blood | between_subject_case_control | conf=medium |  | n=12	disease state	tissue:blood	12	12	12	12	5	7	0.17	0.057		20133.5	2	10	1	1	12	0	0	0	12	3	0.5	-1.025	-0.91	-0.725	0.317	-0.011	blood	2.425	1.243	1.382	5e-04	5e-04								19.65	M0,M1,M0perm,M3,M4,M5,M4perm,M5perm,M0permw	0	0		0.8	0.99	0	0	0	0	0		0.79	0.995	0	0	0	0	0		0.79	0.993	0	0	0	0	17	0	0.37	0.784	0	0	0	0	17	0	0.42	0.809	0	0	0	0	0		0.33	0.676	0	0	0	0	0		0.39	0.682	0	0	0	0	0		0.14	0.558	0	0	0	0	0		0.12	0.582	0	0	0	0	0		0.49	0.886	0	0	0	0	0		0.54	0.889	0	0	0	0	0		0.51	0.831	0	0	0	0	0		0.54	0.859	0	0	0																																																																																	between_subject_case_control	ex_vivo_primary_cells	unknown	""	medium	blood	2018-02-28	TRUE	FALSE	balanced		balanced
SRP116272	blood | between_subject_case_control | conf=medium |  | n=1650	group	in:stimulation=unstim;in:cell type=tcells;in:timepoint=0;ex:group=not a pp case;subj:subjectid;tissue:blood	1650	1650	113	110	37	73	0.69	0.058	0.133	15316	76	34	27	49	0	0	0	0	0	5	0.299	0.125	-0.116	-0.103	0.093	-0.025	blood	0.061	-0.088	0.25	2e-04	2e-04	readlen	0.086					0.086	17.97	M0,M1,M0perm,M2,M2perm,M3,M4,M5,M6,M4perm,M5perm,M6perm,M0permw	0	0		0.9	0.993	0	0	0	0	0		0.87	0.996	0	0	0	0	0		0.9	0.997	0	0	0	0	0		0.24	0.617	0	0	0	0	0		0.23	0.616	0	0	0	0	0		0.79	0.948	0	0	0	0	0		0.81	0.961	0	0	0	0	0		0.79	0.965	0	0	0	0	0		0.83	0.982	0	0	0	0	0		0.84	0.985	0	0	0	0	0		0.87	0.993	0	0	0	0	0		0.84	0.985	0	0	0	0	0		0.87	0.988	0	0	0																																	0	0		0.68	0.936	0	0	0	0	0		0.89	0.983	0	0	0	0	0		0.69	0.861	0	0	0	0	0		0.67	0.878	0	0	0	0	0		0.85	0.986	0	0	0	0	0		0.88	0.992	0	0	0	between_subject_case_control	ex_vivo_primary_cells	both_sexes	""	medium	blood	2017-10-17	TRUE	FALSE	balanced	balanced	balanced
SRP116937	blood | between_subject_case_control | conf=medium |  | n=32	disease	in:treatment=exvivo;subj:donor;tissue:blood	32	32	12	12	7	5	0.5	0.171		15372.5	6	6	3	3	12	0	0	0	12	2	0.738	0.089	0.905	0.362	-0.274	0.869	blood	0.209	-0.689	0.092	0	0	readlen	0.076					0.076	9.56	M0,M1,M0perm,M3,M4,M5,M6,M4perm,M5perm,M6perm,M0permw	0	0		0.69	0.979	0	0	0	0	0		0.48	0.854	0	0	0	0	0		0.76	0.98	0	0	0	0	1	0	0.41	0.886	0	0	0	0	1	0	0.49	0.913	0	0	0	0	0		0.25	0.738	0	0	0	0	0		0.29	0.775	0	0	0	0	0		0.42	0.925	0	0	0	0	0		0.46	0.926	0	0	0	0	0		0.38	0.845	0	0	0	0	0		0.37	0.861	0	0	0	0	0		0.41	0.861	0	0	0	0	0		0.44	0.857	0	0	0																																																	0	0		0.67	0.977	0	0	0	0	0		0.84	0.998	0	0	0	0	0		0.49	0.927	0	0	0	0	0		0.57	0.957	0	0	0	between_subject_case_control	ex_vivo_primary_cells	unknown	""	medium	blood	2017-09-19	TRUE	FALSE	mildly_imbalanced		mildly_imbalanced
SRP117020	lung | between_subject_case_control | conf=medium | tumor_tissue | n=130	histology	tissue:lung	130	130	127	127	31	96	0.27	0.141		18560	34	93	5	29	0	6	5	0	127	5	0.302	0.289	0.09	-0.242	0.356	0.121	lung	-0.566	-0.492	-0.16	0.0023	0.0023								25.75	M0,M1,M0perm,M3,M4,M5,M4perm,M5perm,M0permw	9374	9146	0.915	0.94	0.996	0	1	1	9374	9380	0.971	0.94	1	0	1	1	9374	9143	0.943	0.94	0.999	0	1	1	9374	10446	0.752	0.78	0.967	1	1	1	9146	10446	0.765	0.8	0.972	0	1	1	9374	9460	0.893	0.92	0.993	0	1	1	9146	9460	0.901	0.93	0.994	0	1	1	9374	8296	0.761	0.83	0.969	0	1	1	9146	8296	0.764	0.86	0.968	0	1	1	9374	9171	0.903	0.9	0.995	0	1	1	9146	9171	0.95	0.92	0.999	0	1	1	9374	9236	0.901	0.89	0.994	0	1	0	9146	9236	0.926	0.92	0.997	0	1	0																																																																																	between_subject_case_control	in_vivo_tissue	both_sexes	tumor_tissue	medium	lung	2018-08-03	TRUE	FALSE	balanced		balanced
SRP118972	liver | between_subject_case_control | conf=medium | tumor_tissue | n=20	differentiation status	in:tissue=tumor;subj:individual;tissue:liver	20	20	12	12	6	6	0.25	0.5		16774.5	3	9	3	0	12	0	0	0	12	3	0.274	-0.987	-0.346	0.141	-0.313	-0.279	liver	0.018	0.755	-0.743	1e-04	1e-04								4.76	M0,M1,M0perm,M3,M4,M5,M4perm,M5perm,M0permw	18	0	0	0.62	0.81	0	0	0	18	3	0.167	0.82	0.978	0	0	0	18	6	0.043	0.59	0.886	0	0	0	18	0	0	0.23	0.436	0	0	0	0	0		0.2	0.385	0	0	0	18	0	0	0.6	0.794	0	0	0	0	0		0.81	0.989	0	0	0	18	1	0	0.48	0.782	0	0	0	0	1	0	0.67	0.983	0	0	0	18	0	0	0.5	0.821	0	0	0	0	0		0.61	0.914	0	0	0	18	0	0	0.43	0.768	0	0	0	0	0		0.5	0.895	0	0	0																																																																																	between_subject_case_control	in_vivo_tissue	unknown	tumor_tissue	medium	liver	2017-10-11	TRUE	FALSE	partially_confounded		partially_confounded
SRP119122	blood | between_subject_case_control | conf=medium |  | n=29	outcome after 1 year	tissue:blood	29	29	29	29	11	18	0.28	0.298	0.541	17604	8	21	1	7	0	3	1	0	0	5	0.224	-0.063	0.533	0.162	-0.148	0.924	blood	0.416	0.638	-0.713	0.1747	0.1747								26.58	M0,M1,M0perm,M2,M2perm,M3,M4,M5,M7,M4perm,M5perm,M7perm,M0permw	0	0		0.31	0.877	0	0	0	0	0		0.91	0.997	0	0	0	0	0		0.58	0.953	0	0	0	0	0		0.21	0.709	0	0	0	0	0		0.12	0.6	0	0	0	0	0		0.21	0.809	0	0	0	0	0		0.65	0.959	0	0	0	0	0		0.24	0.817	0	0	0	0	0		0.24	0.732	0	0	0	0	0		0.17	0.744	0	0	0	0	0		0.49	0.917	0	0	0	0	0		0.27	0.864	0	0	0	0	0		0.58	0.946	0	0	0	0	0		0.27	0.823	0	0	0	0	0		0.83	0.98	0	0	0	0	0		0.27	0.867	0	0	0	0	0		0.81	0.992	0	0	0	0	0		0.28	0.863	0	0	0	0	0		0.3	0.875	0	0	0																																	between_subject_case_control	ex_vivo_primary_cells	both_sexes	""	medium	blood	2018-02-14	TRUE	FALSE	mildly_imbalanced	mildly_imbalanced	mildly_imbalanced
SRP119561	other | between_subject_case_control | conf=high |  | n=30	study group	tissue:other	30	30	22	22	12	10	0.09	0.017		21776	2	20	1	1	22	0	0	0	22	5	0.132	-0.341	-0.064	0.707	-1.3	-0.528	generic	-0.12	0.197	0.172	0.0022	0.0022								10.85	M0,M1,M0perm,M3,M4,M5,M4perm,M5perm,M0permw	1204	1198	0.885	0.95	0.999	0	0	0	1204	1208	0.881	0.94	0.999	0	0	0	1204	995	0.813	0.95	1	0	0	0	1204	3734	0.306	0.39	0.907	0	0	0	1198	3734	0.308	0.39	0.905	0	0	0	1204	2221	0.534	0.63	0.987	0	0	1	1198	2221	0.536	0.63	0.989	0	0	1	1204	872	0.639	0.81	0.992	0	0	0	1198	872	0.649	0.82	0.992	0	0	0	1204	738	0.509	0.72	0.98	0	0	0	1198	738	0.523	0.72	0.981	0	0	0	1204	654	0.495	0.72	0.983	0	0	1	1198	654	0.494	0.72	0.983	0	0	1																																																																																	between_subject_case_control	in_vivo_tissue	unknown	""	high	other	2018-03-08	TRUE	FALSE	balanced		balanced
SRP119636	blood | between_subject_case_control | conf=high |  | n=132	tumor stage	in:cell subtype=cd4+ t cell;tissue:blood	132	132	42	42	22	20	0.67	0.255		18129	28	14	12	16	42	0	0	0	42	5	0.321	1.566	1.621	-0.451	0.92	-0.907	blood	0.411	-0.426	0.938	4e-04	4e-04	readlen	0.509					0.509	6.78	M0,M1,M0perm,M3,M4,M5,M6,M4perm,M5perm,M6perm,M0permw	9234	9074	0.862	0.94	0.989	0	1	0	9234	9201	0.98	0.99	1	0	1	0	9234	9002	0.897	0.97	0.996	0	1	0	9234	11329	0.774	0.39	0.975	0	1	2	9074	11329	0.719	0.39	0.963	2	0	2	9234	7832	0.592	0.7	0.89	104	1	0	9074	7832	0.625	0.73	0.912	58	0	0	9234	9753	0.806	0.9	0.97	0	1	0	9074	9753	0.856	0.93	0.984	0	0	0	9234	8622	0.803	0.9	0.981	1	1	0	9074	8622	0.854	0.96	0.991	0	0	0	9234	8526	0.796	0.92	0.978	1	1	0	9074	8526	0.87	0.97	0.992	0	0	0																																																	9234	9572	0.624	0.31	0.88	164	1	0	9074	9572	0.663	0.31	0.903	95	0	0	9234	8290	0.798	0.93	0.98	1	1	0	9074	8290	0.854	0.97	0.991	0	0	0	between_subject_case_control	ex_vivo_primary_cells	unknown	""	high	blood	2018-10-10	TRUE	FALSE	mildly_imbalanced		mildly_imbalanced
SRP119676	liver | between_subject_case_control | conf=medium | tumor_tissue | n=62	cell type	ex:cell type=cell line;tissue:liver	62	62	60	60	30	30	0.52	0.033		16855.5	31	29	15	16	60	0	0	0	60	5	0.676	-0.898	-0.218	0.68	-0.923	-0.208	liver	-1.455	2.131	0.696	0.0025	0.0025								5.7	M0,M1,M0perm,M3,M4,M5,M4perm,M5perm,M0permw	11820	11938	0.977	0.91	0.999	0	0	5	11820	11701	0.954	0.96	0.999	0	0	0	11820	11762	0.989	0.98	1	0	0	0	11820	13680	0.849	0.61	0.989	0	0	2	11938	13680	0.857	0.57	0.99	0	5	2	11820	9901	0.759	0.84	0.973	1	0	3	11938	9901	0.762	0.86	0.975	1	5	3	11820	9296	0.419	0.19	0.665	1726	0	4	11938	9296	0.419	0.21	0.665	1745	5	4	11820	11603	0.922	0.87	0.996	0	0	5	11938	11603	0.928	0.93	0.997	0	5	5	11820	11896	0.946	0.85	0.998	0	0	5	11938	11896	0.957	0.9	0.999	0	5	5																																																																																	between_subject_case_control	in_vivo_tissue	unknown	tumor_tissue	medium	liver	2017-11-22	TRUE	FALSE	balanced		balanced
SRP121330	other | between_subject_case_control | conf=medium |  | n=16	coronary artery disease status	tissue:other	16	16	16	16	11	5	0.5	0.436	2.919	15944	8	8	7	1	0	0	8	0	0	5	0.171	-0.705	0.047	0.446	-0.648	0.37	generic	0.499	1.848	-0.621	2e-04	2e-04								17.43	M0,M1,M0perm,M2,M2perm,M3,M4,M5,M4perm,M5perm,M0permw	271	231	0.438	0.58	0.914	0	0	0	271	9	0.029	0.3	0.818	0	0	0	271	253	0.519	0.66	0.942	0	0	0	271	1472	0.182	0.58	0.931	0	0	7	231	1472	0.135	0.46	0.858	0	0	7	271	8	0.03	0.46	0.811	0	0	0	231	8	0.03	0.5	0.875	0	0	0	271	4	0.015	0.34	0.797	1	0	0	231	4	0.017	0.27	0.81	0	0	0	271	18	0.062	0.48	0.82	0	0	0	231	18	0.073	0.52	0.882	0	0	0	271	3	0.011	0.5	0.872	0	0	0	231	3	0.013	0.6	0.909	0	0	0																																	271	18	0.036	0.29	0.761	0	0	0	271	103	0.243	0.5	0.886	0	0	0																																	between_subject_case_control	ex_vivo_primary_cells	both_sexes	""	medium	other	2018-10-24	TRUE	FALSE	partially_confounded	completely_confounded	completely_confounded
SRP124651	other | between_subject_case_control | conf=high | tumor_tissue | n=13	tumor type	tissue:other	13	13	13	13	5	8	0.46	0.55	1.343	16175	6	7	4	2	0	0	0	0	0	4	0.571	0.362	-2.226	2.733	-2.835	0.355	generic	0.065	0.014	-0.42	0.0273	0.0272								13.74	M0,M1,M0perm,M2,M2perm,M3,M4,M5,M7,M4perm,M5perm,M7perm,M0permw	964	209	0.179	0.68	0.945	0	0	0	964	570	0.562	0.86	0.989	0	0	0	964	35	0.035	0.67	0.889	0	0	0	964	2336	0.369	0.45	0.936	0	0	1	209	2336	0.084	0.43	0.89	0	0	1	964	1	0.001	0.27	0.734	0	0	0	209	1	0.005	0.37	0.793	0	0	0	964	410	0.258	0.58	0.933	0	0	0	209	410	0.484	0.67	0.992	0	0	0	964	4	0.003	0.32	0.872	0	0	0	209	4	0.014	0.4	0.929	0	0	0	964	2	0.002	0.56	0.916	0	0	0	209	2	0.01	0.64	0.959	0	0	0	964	148	0.114	0.56	0.941	0	0	0	209	148	0.5	0.73	0.996	0	0	0	964	61	0.056	0.62	0.937	0	0	0	209	61	0.256	0.81	0.987	0	0	0	964	114	0.096	0.55	0.91	0	0	0	964	268	0.195	0.6	0.932	0	0	0																																	between_subject_case_control	in_vivo_tissue	both_sexes	tumor_tissue	high	other	2018-07-02	TRUE	FALSE	partially_confounded	partially_confounded	partially_confounded
SRP125233	blood | between_subject_case_control | conf=high |  | n=33	disease status	ex:disease status=tb-hiv;tissue:blood	33	33	31	25	11	14	0.8	0.292		17549	20	5	7	13	25	0	0	6	25	5	0.2	0.724	-0.467	0.078	-0.08	0.163	blood	1.077	-0.835	-0.245	0.8222	0.8138								20.42	M0,M1,M0perm,M3,M4,M5,M7,M4perm,M5perm,M7perm,M0permw	5942	6487	0.723	0.41	0.974	0	0	0	5942	4588	0.767	0.85	0.996	0	0	0	5942	5269	0.806	0.73	0.99	0	0	0	5942	539	0.083	0.44	0.742	76	0	0	6487	539	0.076	0.33	0.704	242	0	0	5942	2659	0.411	0.4	0.938	0	0	0	6487	2659	0.391	0.4	0.952	2	0	0	5942	313	0.047	0.32	0.657	221	0	0	6487	313	0.046	0.51	0.707	174	0	0	5942	5782	0.68	0.31	0.966	0	0	0	6487	5782	0.774	0.7	0.986	0	0	0	5942	5878	0.659	0.37	0.961	0	0	0	6487	5878	0.802	0.76	0.989	0	0	0	5942	6774	0.707	0.33	0.97	0	0	0	6487	6774	0.915	0.82	0.997	0	0	0	5942	6697	0.679	0.37	0.964	0	0	0	6487	6697	0.874	0.82	0.995	0	0	0																																																	between_subject_case_control	in_vivo_tissue	unknown	""	high	blood	2018-05-24	TRUE	FALSE	mildly_imbalanced		mildly_imbalanced
SRP125882	blood | between_subject_case_control | conf=high |  | n=40	disease	subj:isolate;tissue:blood	40	40	40	40	27	13	0.48	0.02	0.454	16765	19	21	13	6	0	1	0	0	0	5	0.445	-0.607	0.782	1.018	-0.609	-0.586	blood	-0.573	0.189	-0.275	0.0166	0.0166								4.82	M0,M1,M0perm,M2,M2perm,M3,M4,M5,M7,M4perm,M5perm,M7perm,M0permw	8463	8990	0.935	0.85	0.999	0	0	4	8463	10043	0.821	0.7	0.993	0	0	0	8463	8447	0.978	0.93	1	0	0	0	8463	2947	0.333	0.46	0.92	1	0	0	8990	2947	0.316	0.51	0.92	6	4	0	8463	4850	0.561	0.6	0.974	0	0	2	8990	4850	0.534	0.71	0.977	0	4	2	8463	8152	0.834	0.76	0.986	0	0	4	8990	8152	0.822	0.81	0.988	0	4	4	8463	8330	0.924	0.78	0.997	0	0	4	8990	8330	0.91	0.89	0.998	0	4	4	8463	8259	0.848	0.62	0.99	0	0	2	8990	8259	0.855	0.61	0.992	0	4	2	8463	7627	0.862	0.73	0.994	0	0	3	8990	7627	0.83	0.86	0.995	0	4	3	8463	9570	0.869	0.74	0.996	0	0	4	8990	9570	0.918	0.74	0.998	0	4	4	8463	8274	0.901	0.71	0.995	0	0	4	8463	8837	0.938	0.84	0.998	0	0	4																																	between_subject_case_control	ex_vivo_primary_cells	both_sexes	""	high	blood	2018-06-20	TRUE	FALSE	balanced	mildly_imbalanced	mildly_imbalanced
SRP126056	brain | between_subject_case_control | conf=high |  | n=51	diagnosis	in:cell type=neun;subj:subject id;tissue:brain	51	51	50	50	23	27	0.42	0.188	0.071	20466.5	21	29	12	9	0	0	17	0	0	5	0.144	0.623	-0.15	-0.236	0.384	0.606	brain	-0.36	-0.164	-0.307	0	0								29.5	M0,M1,M0perm,M2,M2perm,M3,M4,M5,M4perm,M5perm,M0permw	21	1	0.048	0.85	0.992	0	0	0	21	23	0.913	0.92	0.999	0	0	0	21	115	0.183	0.84	0.994	0	0	0	21	1	0.048	0.43	0.653	0	0	0	1	1	1	0.43	0.666	0	0	0	21	0	0	0.54	0.93	0	0	0	1	0	0	0.6	0.939	0	0	0	21	2	0.095	0.66	0.968	0	0	0	1	2	0.5	0.7	0.974	0	0	0	21	1	0.048	0.82	0.988	0	0	0	1	1	1	0.88	0.997	0	0	0	21	0	0	0.54	0.957	0	0	0	1	0	0	0.59	0.966	0	0	0																																	21	10	0.409	0.73	0.982	0	0	0	21	1	0.048	0.77	0.988	0	0	0																																	between_subject_case_control	in_vivo_tissue	both_sexes	""	high	brain	2019-06-27	TRUE	FALSE	mildly_imbalanced	balanced	mildly_imbalanced
SRP126422	skin | between_subject_case_control | conf=medium |  | n=24	group	in:tissue=skin biopsy;ex:group=uninvolved skin of psoriasis patients (pn);subj:patient;tissue:skin	24	24	8	8	4	4	0.38	0.25		18256.5	3	5	1	2	8	0	0	0	8	0		0.735	0.323	0.754	-1.278	0.545	generic	0.726	0.737	0.695	0	0								0.48	M0,M1,M0perm,M4,M5,M4perm,M5perm,M0permw	0	0		0.75	0.977	0	0	0	0	0		0.68	0.952	0	0	0	0	0		0.39	0.942	0	0	0																	0	0		0.26	0.782	0	0	0	0	0		0.3	0.804	0	0	0	0	0		0.2	0.633	0	0	0	0	0		0.2	0.694	0	0	0	0	0		0.09	0.783	0	0	0	0	0		0.08	0.76	0	0	0	0	0		0.33	0.944	0	0	0	0	0		0.35	0.958	0	0	0																																																																																	between_subject_case_control	in_vivo_tissue	unknown	""	medium	skin	2018-01-04	TRUE	FALSE	mildly_imbalanced		mildly_imbalanced
SRP126580	blood | between_subject_case_control | conf=high |  | n=54	group	ex:outlier=yes;subj:patient_id;tissue:blood	54	54	28	28	17	11	0.43	0.193		16966.5	12	16	6	6	28	0	0	0	28	5	0.534	-0.583	0.773	0.402	0.04	0.404	blood	1.163	-1.58	-0.194	0.0121	0.0118								2.28	M0,M1,M0perm,M3,M4,M5,M7,M4perm,M5perm,M7perm,M0permw	4985	4359	0.835	0.9	0.994	0	0	2	4985	4889	0.954	0.96	0.999	0	0	0	4985	4805	0.879	0.97	0.995	0	0	0	4985	3515	0.573	0.75	0.925	0	0	1	4359	3515	0.619	0.74	0.93	3	2	1	4985	2976	0.484	0.83	0.923	0	0	0	4359	2976	0.522	0.82	0.92	0	2	0	4985	346	0.066	0.8	0.718	121	0	0	4359	346	0.076	0.79	0.742	55	2	0	4985	3735	0.712	0.87	0.987	0	0	0	4359	3735	0.808	0.92	0.994	0	2	0	4985	4098	0.779	0.83	0.991	0	0	2	4359	4098	0.885	0.91	0.997	0	2	2	4985	4280	0.776	0.89	0.988	0	0	2	4359	4280	0.855	0.92	0.994	0	2	2	4985	4488	0.792	0.82	0.988	0	0	2	4359	4488	0.854	0.89	0.992	0	2	2																																																	between_subject_case_control	in_vivo_tissue	unknown	""	high	blood	2018-04-19	TRUE	FALSE	mildly_imbalanced		mildly_imbalanced
SRP126582	blood | between_subject_case_control | conf=high |  | n=47	group	ex:outlier=yes;subj:patient_id;tissue:blood	47	47	42	42	16	26	0.48	0.264		16582.5	20	22	5	15	42	0	0	0	42	5	0.6	0.335	0.47	0.483	-0.371	0.132	blood	1.941	-2.682	-0.883	0.0837	0.0818								13.7	M0,M1,M0perm,M3,M4,M5,M7,M4perm,M5perm,M7perm,M0permw	9788	9041	0.896	0.91	0.995	0	1	4	9788	9462	0.939	0.96	0.998	0	1	2	9788	9149	0.913	0.99	0.997	0	1	0	9788	7313	0.67	0.78	0.95	8	1	8	9041	7313	0.718	0.84	0.961	3	4	8	9788	8919	0.865	0.9	0.991	0	1	3	9041	8919	0.928	0.96	0.997	0	4	3	9788	181	0.016	0.56	0.285	3395	1	0	9041	181	0.017	0.63	0.292	3055	4	0	9788	9099	0.892	0.9	0.994	0	1	4	9041	9099	0.959	0.93	0.999	0	4	4	9788	8805	0.874	0.91	0.994	0	1	5	9041	8805	0.942	0.95	0.998	0	4	5	9788	5949	0.583	0.86	0.959	5	1	1	9041	5949	0.627	0.91	0.965	3	4	1	9788	8743	0.868	0.92	0.994	0	1	4	9041	8743	0.951	0.99	0.999	0	4	4																																																	between_subject_case_control	in_vivo_tissue	unknown	""	high	blood	2018-04-19	TRUE	FALSE	mildly_imbalanced		mildly_imbalanced
SRP126583	blood | between_subject_case_control | conf=medium |  | n=138	group	in:timepoint_months=baseline;subj:patient_id;tissue:blood	138	138	31	31	16	15	0.29	0.175	0.291	16335	9	22	6	3	0	1	0	0	0	5	0.289	-0.662	-0.956	-1.165	0.627	0.232	blood	-0.619	-0.014	0.6	0.0403	0.0395								1.46	M0,M1,M0perm,M2,M2perm,M3,M4,M5,M7,M4perm,M5perm,M7perm,M0permw	0	0		0.85	0.989	0	0	0	0	0		0.94	0.999	0	0	0	0	0		0.72	0.988	0	0	0	0	0		0.47	0.769	0	0	0	0	0		0.47	0.798	0	0	0	0	0		0.31	0.879	0	0	0	0	0		0.31	0.901	0	0	0	0	0		0.28	0.864	0	0	0	0	0		0.29	0.872	0	0	0	0	0		0.72	0.977	0	0	0	0	0		0.73	0.989	0	0	0	0	0		0.82	0.985	0	0	0	0	0		0.85	0.994	0	0	0	0	0		0.74	0.943	0	0	0	0	0		0.74	0.962	0	0	0	0	0		0.72	0.967	0	0	0	0	0		0.78	0.982	0	0	0	0	0		0.68	0.981	0	0	0	0	0		0.76	0.984	0	0	0																																	between_subject_case_control	in_vivo_tissue	both_sexes	""	medium	blood	2018-04-19	TRUE	FALSE	mildly_imbalanced	balanced	mildly_imbalanced
SRP126623	blood | between_subject_case_control | conf=low | tumor_tissue | n=24	cytorisk	tissue:blood	24	24	22	22	16	6	0.55	0.292	2.187	16790	12	10	10	2	22	0	0	0	0	5	0.417	0.837	-1.165	-0.328	0.403	-0.987	blood	-1.09	0.009	0.891	4e-04	4e-04								3.02	M0,M1,M0perm,M2,M2perm,M3,M4,M5,M4perm,M5perm,M0permw	2487	3219	0.673	0.62	0.971	0	0	0	2487	2904	0.836	0.8	0.996	0	0	0	2487	1947	0.727	0.93	0.99	0	0	0	2487	8934	0.276	0.21	0.961	0	0	0	3219	8934	0.352	0.24	0.95	1	0	0	2487	2782	0.453	0.35	0.803	2	0	0	3219	2782	0.484	0.5	0.805	0	0	0	2487	5428	0.294	0.3	0.805	4	0	0	3219	5428	0.372	0.31	0.853	22	0	0	2487	3062	0.64	0.52	0.964	0	0	0	3219	3062	0.77	0.75	0.985	0	0	0	2487	2620	0.656	0.65	0.97	0	0	0	3219	2620	0.761	0.88	0.993	0	0	0																																	2487	1099	0.189	0.23	0.768	25	0	1	2487	3055	0.676	0.61	0.97	0	0	0																																	between_subject_case_control	in_vivo_tissue	unknown	tumor_tissue	low	blood	2017-12-15	TRUE	FALSE	mildly_imbalanced	completely_confounded	completely_confounded
SRP126691	blood | between_subject_case_control | conf=high |  | n=175	group	in:timepoint_months=baseline;subj:patient_id;tissue:blood	175	175	103	103	53	50	0.37	0.06	0.323	15975	38	65	18	20	0	1	0	0	0	5	0.077	-0.263	-0.119	-0.355	0.287	-0.173	blood	0.838	-1.904	0.126	0.0452	0.0446								3.96	M0,M1,M0perm,M2,M2perm,M3,M4,M5,M7,M4perm,M5perm,M7perm,M0permw	13004	13190	0.979	0.9	0.999	0	0	2	13004	12280	0.921	0.98	0.997	0	0	0	13004	12964	0.989	0.99	1	0	0	0	13004	12245	0.833	0.67	0.979	6	0	3	13190	12245	0.821	0.65	0.976	17	2	3	13004	13059	0.952	0.89	0.998	0	0	1	13190	13059	0.958	0.95	0.999	0	2	1	13004	1143	0.076	0.72	0.543	3160	0	0	13190	1143	0.075	0.78	0.539	3264	2	0	13004	13185	0.972	0.91	0.999	0	0	2	13190	13185	0.986	0.99	1	0	2	2	13004	12803	0.957	0.87	0.999	0	0	1	13190	12803	0.957	0.94	0.999	0	2	1	13004	13345	0.969	0.9	0.999	0	0	2	13190	13345	0.983	0.94	1	0	2	2	13004	13120	0.967	0.9	0.999	0	0	1	13190	13120	0.976	0.97	1	0	2	1	13004	12692	0.938	0.9	0.997	0	0	1	13004	13118	0.97	0.9	0.999	0	0	2																																	between_subject_case_control	in_vivo_tissue	both_sexes	""	high	blood	2018-04-19	TRUE	FALSE	balanced	balanced	balanced
SRP127180	brain | between_subject_case_control | conf=medium |  | n=41	disease	in:tissue=brain – putamen;tissue:brain	41	41	14	14	6	8	0.36	0.042	0.438	19404.5	5	9	2	3	0	0	0	0	0	4	0.396	-0.848	-0.29	0.904	-1.266	0.183	brain	0.161	0.324	-0.716	2e-04	2e-04								8.34	M0,M1,M0perm,M2,M2perm,M3,M4,M5,M4perm,M5perm,M0permw	0	0		0.84	0.998	0	0	0	0	0		0.9	0.997	0	0	0	0	0		0.9	0.999	0	0	0	0	0		0.18	0.678	0	0	0	0	0		0.21	0.675	0	0	0	0	0		0.25	0.874	0	0	0	0	0		0.22	0.882	0	0	0	0	0		0.4	0.965	0	0	0	0	0		0.41	0.97	0	0	0	0	0		0.35	0.913	0	0	0	0	0		0.36	0.915	0	0	0	0	0		0.29	0.809	0	0	0	0	0		0.3	0.805	0	0	0																																	0	0		0.54	0.958	0	0	0	0	0		0.43	0.963	0	0	0																																	between_subject_case_control	in_vivo_tissue	both_sexes	""	medium	brain	2018-06-30	TRUE	FALSE	balanced	mildly_imbalanced	mildly_imbalanced
SRP129004	gut | between_subject_case_control | conf=high |  | n=226	diagnosis	tissue:gut	226	226	226	226	206	20	0.46	0.094		18911.5	105	121	94	11	0	1	4	0	226	5	0.686	-2.337	-0.475	2.338	-3.234	0.67	gut	-1.895	2.632	0.738	2e-04	2e-04								5.18	M0,M1,M0perm,M3,M4,M5,M4perm,M5perm,M0permw	20354	20396	0.993	1	1	0	0	7	20354	20289	0.991	0.99	1	0	0	0	20354	20310	0.995	0.99	1	0	0	0	20354	21228	0.939	0.49	0.991	0	0	8	20396	21228	0.938	0.49	0.991	4	7	8	20354	16188	0.675	0.35	0.905	1243	0	4	20396	16188	0.674	0.35	0.905	1258	7	4	20354	14609	0.566	0.35	0.743	3584	0	5	20396	14609	0.567	0.35	0.741	3615	7	5	20354	20388	0.992	0.99	1	0	0	7	20396	20388	0.998	0.99	1	0	7	7	20354	20388	0.992	0.99	1	0	0	7	20396	20388	0.998	0.99	1	0	7	7																																																																																	between_subject_case_control	in_vivo_tissue	both_sexes	""	high	gut	2018-11-27	TRUE	FALSE	balanced		balanced
SRP131125	musculoskeletal | between_subject_case_control | conf=medium | tumor_tissue | n=30	molecular alteration	tissue:musculoskeletal	30	30	15	14	6	8	0.64	0.333		15882	9	5	5	4	14	0	0	1	14	4	0.311	-0.481	0.253	0.259	-0.18	-0.323	muscle	0.776	-0.999	-0.934	0.0012	0.0012								8.12	M0,M1,M0perm,M3,M4,M5,M4perm,M5perm,M0permw	406	153	0.344	0.78	0.972	0	0	0	406	240	0.538	0.81	0.979	0	0	0	406	235	0.494	0.73	0.976	0	0	0	406	135	0.186	0.43	0.867	0	0	0	153	135	0.321	0.44	0.9	0	0	0	406	80	0.171	0.53	0.906	0	0	0	153	80	0.316	0.63	0.927	0	0	0	406	30	0.058	0.49	0.855	0	0	0	153	30	0.144	0.5	0.879	0	0	0	406	90	0.21	0.7	0.972	0	0	0	153	90	0.519	0.84	0.998	0	0	0	406	183	0.351	0.61	0.942	0	0	0	153	183	0.556	0.68	0.964	0	0	0																																																																																	between_subject_case_control	ex_vivo_primary_cells	unknown	tumor_tissue	medium	musculoskeletal	2018-06-05	TRUE	FALSE	partially_confounded		partially_confounded
SRP132197	blood | between_subject_case_control | conf=medium |  | n=62	adverse event	in:pre or post treatment=pre;tissue:blood	62	38	18	18	9	9	0.11	0	0.864	15582	2	16	1	1	0	0	0	0	0	4	0.13	0.357	-0.575	-0.017	-0.317	-0.413	blood	0.106	0.048	-0.394	0.7437	0.5527	platform	0.114	0.114				0.114	12.26	M0,M1,M0perm,M2,M2perm,M3,M4,M5,M6,M7,M4perm,M5perm,M6perm,M7perm,M0permw	0	0		0.83	0.994	0	0	0	0	0		0.87	0.994	0	0	0	0	0		0.81	0.992	0	0	0	0	0		0.41	0.888	0	0	0	0	0		0.4	0.885	0	0	0	0	0		0.22	0.864	0	0	0	0	0		0.24	0.869	0	0	0	0	0		0.6	0.962	0	0	0	0	0		0.64	0.964	0	0	0	0	0		0.71	0.985	0	0	0	0	0		0.75	0.988	0	0	0	0	0		0.32	0.877	0	0	0	0	0		0.33	0.879	0	0	0	0	0		0.42	0.793	0	0	0	0	0		0.44	0.798	0	0	0	0	0		0.65	0.952	0	0	0	0	0		0.65	0.957	0	0	0	0	0		0.42	0.886	0	0	0	0	0		0.75	0.98	0	0	0	0	0		0.69	0.939	0	0	0	0	0		0.79	0.945	0	0	0	0	0		0.71	0.967	0	0	0	0	0		0.81	0.971	0	0	0	between_subject_case_control	in_vivo_tissue	both_sexes	""	medium	blood	2019-02-04	TRUE	FALSE	balanced	partially_confounded	partially_confounded
SRP132699	blood | between_subject_case_control | conf=medium |  | n=30	disease	subj:isolate;tissue:blood	30	30	25	25	20	5	0.6	0	0.662	18125	15	10	12	3	0	4	0	0	0	5	0.282	-1.186	1.339	-1.351	0.976	-1.508	blood	-1.498	-1.991	0.47	0.0038	0.0038								3.24	M0,M1,M0perm,M2,M2perm,M3,M4,M5,M4perm,M5perm,M0permw	11474	11325	0.972	0.93	0.999	0	0	7	11474	10443	0.892	0.89	0.998	0	0	0	11474	11354	0.972	0.86	1	0	0	0	11474	9814	0.605	0.27	0.917	28	0	0	11325	9814	0.603	0.27	0.917	34	7	0	11474	2977	0.254	0.62	0.935	18	0	1	11325	2977	0.257	0.61	0.935	17	7	1	11474	534	0.043	0.36	0.703	1255	0	0	11325	534	0.043	0.34	0.704	1216	7	0	11474	11685	0.895	0.5	0.995	0	0	4	11325	11685	0.896	0.51	0.995	0	7	4	11474	10564	0.897	0.82	0.998	0	0	6	11325	10564	0.912	0.82	0.998	0	7	6																																	11474	10040	0.857	0.87	0.997	0	0	4	11474	9672	0.741	0.76	0.979	0	0	7																																	between_subject_case_control	ex_vivo_primary_cells	both_sexes	""	medium	blood	2018-02-12	TRUE	FALSE	balanced	mildly_imbalanced	mildly_imbalanced
SRP132709	blood | between_subject_case_control | conf=medium |  | n=68	clinical classification	in:timepoint=t1;subj:patient;tissue:blood	68	62	28	28	14	14	0.32	0.071		13500.5	9	19	5	4	28	0	0	0	28	5	0.104	0.272	0.612	0.647	-0.432	-0.113	blood	0.131	-0.387	-0.097	0.014	0.0139	platform	0.115	0.115				0.115	10.56	M0,M1,M0perm,M3,M4,M5,M6,M7,M4perm,M5perm,M6perm,M7perm,M0permw	0	0		0.85	0.997	0	0	0	0	0		0.48	0.96	0	0	0	0	0		0.87	0.998	0	0	0	0	0		0.19	0.439	0	0	0	0	0		0.22	0.45	0	0	0	0	0		0.38	0.936	0	0	0	0	0		0.38	0.941	0	0	0	0	0		0.48	0.932	0	0	0	0	0		0.52	0.943	0	0	0	0	0		0.55	0.947	0	0	0	0	0		0.53	0.944	0	0	0	0	0		0.52	0.97	0	0	0	0	0		0.54	0.971	0	0	0	0	0		0.76	0.994	0	0	0	0	0		0.8	0.997	0	0	0	0	0		0.71	0.982	0	0	0	0	0		0.73	0.98	0	0	0																	0	0		0.72	0.983	0	0	0	0	0		0.77	0.987	0	0	0	0	0		0.74	0.987	0	0	0	0	0		0.78	0.991	0	0	0	between_subject_case_control	in_vivo_tissue	unknown	""	medium	blood	2018-12-26	TRUE	FALSE	balanced		balanced
SRP132711	musculoskeletal | between_subject_case_control | conf=medium | tumor_tissue | n=23	disease stage	in:source_name=bone marrow;ex:source_name=human myeloma cell line;tissue:musculoskeletal	23	23	15	15	10	5	0.53	0.1		14810	8	7	5	3	15	0	0	0	15	5	0.507	1.989	0.456	1.209	-1.094	0.887	muscle	0.928	-0.533	0.443	0.0162	0.0162								2.26	M0,M1,M0perm,M3,M4,M5,M7,M4perm,M5perm,M7perm,M0permw	2104	1973	0.851	0.93	0.996	0	0	2	2104	2409	0.783	0.95	0.994	0	0	0	2104	2125	0.846	0.95	0.996	0	0	0	2104	4874	0.405	0.36	0.922	0	0	0	1973	4874	0.387	0.37	0.923	0	2	0	2104	1669	0.323	0.58	0.74	2	0	0	1973	1669	0.322	0.6	0.735	1	2	0	2104	662	0.23	0.47	0.783	2	0	0	1973	662	0.241	0.5	0.784	1	2	0	2104	3273	0.551	0.7	0.97	0	0	3	1973	3273	0.534	0.7	0.969	0	2	3	2104	1907	0.479	0.79	0.937	0	0	3	1973	1907	0.486	0.8	0.94	0	2	3	2104	2893	0.692	0.62	0.991	0	0	3	1973	2893	0.681	0.62	0.994	0	2	3	2104	1609	0.666	0.88	0.983	0	0	1	1973	1609	0.726	0.92	0.989	0	2	1																																																	between_subject_case_control	ex_vivo_primary_cells	unknown	tumor_tissue	medium	musculoskeletal	2018-09-27	TRUE	FALSE	balanced		balanced
SRP132902	tumor | in_vivo_treatment_arms | conf=medium | tumor_tissue | n=15	diet	tissue:tumor	15	15	15	12	5	7	1	0		18623	12	0	5	7	12	0	0	3	12	0		0.481	-0.226	0.068	-0.156	-0.207	generic	-0.685	-0.669	-0.564	0	0								2.06	M0																																																																																																																																																																																									in_vivo_treatment_arms	in_vivo_tissue	female_only	tumor_tissue	medium	tumor	2019-03-02	TRUE	TRUE	single_sex		single_sex
SRP132939	blood | between_subject_case_control | conf=high |  | n=52	diagnosis	tissue:blood	52	52	52	50	33	17	0.96	0.118		16008.5	48	2	33	15	50	0	0	2	50	5	0.038	-0.442	0.024	-0.086	0.132	0.177	blood	0.102	-0.869	0.184	0.7419	0.6393	platform	0.042	0.042					11.93	M0,M1,M0perm,M3,M4,M5,M6,M7,M4perm,M5perm,M6perm,M7perm,M0permw	117	76	0.65	0.94	0.97	0	0	0	117	113	0.917	0.95	0.99	0	0	0	117	96	0.79	0.92	0.982	0	0	0	117	590	0.194	0.57	0.649	0	0	0	76	590	0.127	0.58	0.633	0	0	0	117	115	0.645	0.79	0.943	0	0	0	76	115	0.647	0.83	0.964	0	0	0	117	68	0.468	0.71	0.765	0	0	0	76	68	0.582	0.75	0.834	0	0	0	117	75	0.587	0.87	0.966	0	0	0	76	75	0.819	0.91	0.99	0	0	0	117	74	0.566	0.8	0.949	0	0	0	76	74	0.765	0.85	0.975	0	0	0	117	93	0.68	0.88	0.969	0	0	0	76	93	0.779	0.91	0.997	0	0	0	117	95	0.683	0.85	0.961	0	0	0	76	95	0.8	0.88	0.982	0	0	0																	117	90	0.754	0.91	0.964	0	0	0	76	90	0.844	0.93	0.996	0	0	0	117	73	0.624	0.92	0.971	0	0	0	76	73	0.961	0.98	0.996	0	0	0	between_subject_case_control	in_vivo_tissue	unknown	""	high	blood	2018-05-10	TRUE	FALSE	balanced		balanced
SRP132992	brain | between_subject_case_control | conf=medium |  | n=50	braak stage	tissue:brain	50	25	10	10	4	6	0.5	0.417	0.202	22570	5	5	3	2	0	0	0	0	0	3	0.709	1.309	-1.095	-0.502	0.291	0.209	brain	-0.982	-0.085	-1.076	7e-04	7e-04								7.1	M0,M1,M0perm,M2,M2perm,M3,M4,M5,M4perm,M5perm,M0permw	0	0		0.7	0.94	0	0	0	0	0		0.79	0.996	0	0	0	0	0		0.53	0.962	0	0	0	0	1	0	0.33	0.725	0	0	0	0	1	0	0.45	0.843	0	0	0	0	0		0.36	0.713	0	0	0	0	0		0.44	0.754	0	0	0	0	1	0	0.41	0.773	0	0	0	0	1	0	0.56	0.873	0	0	0	0	0		0.39	0.88	0	0	0	0	0		0.47	0.957	0	0	0	0	0		0.2	0.619	0	0	0	0	0		0.29	0.722	0	0	0																																	0	0		0.65	0.937	0	0	0	0	0		0.59	0.876	0	0	0																																	between_subject_case_control	in_vivo_tissue	both_sexes	""	medium	brain	2019-04-18	TRUE	FALSE	partially_confounded	balanced	partially_confounded
SRP133205	blood | between_subject_case_control | conf=high |  | n=67	group	subj:libraryid;tissue:blood	67	42	21	21	5	16	0.52	0.1	1.833	14178	11	10	3	8	21	0	0	0	0	5	0.096	-0.891	-0.137	-0.24	0.324	-0.38	blood	0.947	-0.327	0.443	0.0178	0.0171								3.61	M0,M1,M0perm,M2,M2perm,M3,M4,M5,M7,M4perm,M5perm,M7perm,M0permw	261	206	0.668	0.85	0.994	0	0	0	261	79	0.293	0.82	0.978	0	0	0	261	284	0.823	0.86	0.997	0	0	0	261	381	0.384	0.48	0.919	0	0	0	206	381	0.337	0.46	0.909	0	0	0	261	35	0.13	0.67	0.914	0	0	0	206	35	0.17	0.7	0.918	0	0	0	261	20	0.06	0.59	0.85	0	0	0	206	20	0.087	0.62	0.855	0	0	0	261	32	0.123	0.69	0.963	0	0	0	206	32	0.155	0.73	0.967	0	0	0	261	2	0.008	0.44	0.841	0	0	0	206	2	0.01	0.46	0.846	0	0	0	261	436	0.584	0.69	0.99	0	0	0	206	436	0.472	0.77	0.996	0	0	0	261	249	0.619	0.78	0.982	0	0	0	206	249	0.711	0.85	0.989	0	0	0	261	20	0.022	0.2	0.836	0	0	0	261	46	0.163	0.69	0.955	0	0	0																																	between_subject_case_control	ex_vivo_primary_cells	unknown	""	high	blood	2018-11-30	TRUE	FALSE	balanced	completely_confounded	completely_confounded
SRP133303	gut | between_subject_case_control | conf=medium | tumor_tissue | n=14	tissue type	tissue:gut	14	14	14	14	7	7	0.29	0		20055.5	4	10	2	2	14	0	0	0	14	5	0.319	-0.479	-0.417	1.059	-1.11	-0.475	gut	1.593	0.169	-0.77	4e-04	4e-04								8.4	M0,M1,M0perm,M3,M4,M5,M4perm,M5perm,M0permw	8494	8480	0.951	0.88	0.999	0	0	6	8494	7417	0.658	0.65	0.937	0	0	0	8494	8428	0.951	0.94	0.999	0	0	0	8494	11899	0.712	0.43	0.987	0	0	0	8480	11899	0.706	0.42	0.986	0	6	0	8494	7682	0.825	0.79	0.991	0	0	5	8480	7682	0.834	0.83	0.992	0	6	5	8494	6032	0.529	0.6	0.906	1	0	1	8480	6032	0.531	0.65	0.907	1	6	1	8494	7905	0.835	0.76	0.99	0	0	7	8480	7905	0.842	0.77	0.99	0	6	7	8494	7509	0.783	0.77	0.983	0	0	6	8480	7509	0.79	0.83	0.984	0	6	6																																																																																	between_subject_case_control	in_vivo_tissue	unknown	tumor_tissue	medium	gut	2018-02-25	TRUE	FALSE	balanced		balanced
SRP133393	skin | between_subject_case_control | conf=high |  | n=18	patient status	ex:patient status=aa 24wks treatment;ex:patient status=aa 36wks treatment;tissue:skin	18	18	12	12	6	6	0.75	0.167		19905	9	3	4	5	12	0	0	0	12	3	0.37	1.26	-0.51	-0.301	-0.074	-0.78	generic	2.697	1.306	-0.476	0.0024	0.0021								1.43	M0,M1,M0perm,M3,M4,M5,M4perm,M5perm,M0permw	4313	4559	0.842	0.88	0.992	0	0	0	4313	3899	0.842	0.85	0.994	0	0	0	4313	4484	0.846	0.9	0.994	0	0	0	4313	4180	0.707	0.7	0.965	0	0	0	4559	4180	0.721	0.69	0.963	0	0	0	4313	2553	0.49	0.74	0.91	0	0	0	4559	2553	0.478	0.73	0.905	0	0	0	4313	356	0.073	0.68	0.766	59	0	0	4559	356	0.069	0.68	0.773	59	0	0	4313	3021	0.622	0.78	0.972	0	0	0	4559	3021	0.608	0.79	0.97	0	0	0	4313	3712	0.759	0.82	0.991	0	0	0	4559	3712	0.786	0.87	0.997	0	0	0																																																																																	between_subject_case_control	in_vivo_tissue	unknown	""	high	skin	2019-02-28	TRUE	FALSE	mildly_imbalanced		mildly_imbalanced
SRP133442	cell_model | between_subject_case_control | conf=high |  | n=67	disease status	tissue:cell_model	67	67	67	62	39	23	0.44	0.07		15961	27	35	18	9	62	0	0	5	62	5	0.139	0.27	-0.525	0.742	-0.713	-0.089	generic	-1.047	-0.757	0.433	0.5202	0.5202								37.51	M0,M1,M0perm,M3,M4,M5,M7,M4perm,M5perm,M7perm,M0permw	3461	3356	0.921	0.93	0.998	0	0	2	3461	3457	0.912	0.98	0.999	0	0	0	3461	3625	0.901	0.92	0.999	0	0	0	3461	1724	0.314	0.48	0.811	2	0	0	3356	1724	0.319	0.47	0.812	1	2	0	3461	2447	0.568	0.74	0.958	0	0	1	3356	2447	0.594	0.75	0.964	0	2	1	3461	79	0.023	0.54	0.861	24	0	0	3356	79	0.024	0.55	0.863	19	2	0	3461	3421	0.869	0.89	0.996	0	0	2	3356	3421	0.897	0.93	0.998	0	2	2	3461	2409	0.668	0.91	0.992	0	0	1	3356	2409	0.688	0.92	0.993	0	2	1	3461	4058	0.832	0.86	0.996	0	0	2	3356	4058	0.822	0.86	0.997	0	2	2	3461	2843	0.798	0.91	0.996	0	0	2	3356	2843	0.837	0.97	0.998	0	2	2																																																	between_subject_case_control	ex_vivo_primary_cells	unknown	""	high	cell_model	2018-04-10	TRUE	FALSE	balanced		balanced
SRP133849	blood | between_subject_case_control | conf=low |  | n=24	transplant type	in:cell type=cd4 t cells;subj:sample identifier;tissue:blood	24	24	12	8	4	4	0.25	0		14353	2	6	1	1	8	0	0	0	8	0		-1.172	0.746	-0.692	0.593	-1.927	blood	-1.005	1.056	-0.549	2e-04	2e-04								6.71	M0,M1,M0perm,M4,M5,M4perm,M5perm,M0permw	2488	1747	0.679	0.78	0.997	0	0	1	2488	2266	0.509	0.37	0.95	0	0	0	2488	1869	0.718	0.77	0.997	0	0	0																	2488	3916	0.394	0.19	0.898	0	0	2	1747	3916	0.34	0.25	0.9	0	1	2	2488	91	0.022	0.17	0.738	16	0	0	1747	91	0.03	0.21	0.74	4	1	0	2488	2676	0.423	0.19	0.919	0	0	1	1747	2676	0.393	0.19	0.921	0	1	1	2488	3824	0.524	0.31	0.961	0	0	2	1747	3824	0.43	0.31	0.962	0	1	2																																																																																	between_subject_case_control	ex_vivo_primary_cells	unknown	""	low	blood	2018-06-27	TRUE	FALSE	balanced		balanced
SRP134018	blood | between_subject_case_control | conf=high |  | n=43	disease state	tissue:blood	43	43	39	36	13	23	0.39	0.114		20221	14	22	6	8	36	0	0	3	36	5	0.418	-0.493	0.078	-0.033	0.242	-1.19	blood	1.476	-1.466	0.139	0.0122	0.0114	readlen	0.225					0.225	16.62	M0,M1,M0perm,M3,M4,M5,M6,M7,M4perm,M5perm,M6perm,M7perm,M0permw	8197	7935	0.938	0.93	0.998	0	0	3	8197	8227	0.94	0.89	0.998	0	0	0	8197	7945	0.944	0.99	0.999	0	0	0	8197	6761	0.667	0.69	0.943	0	0	0	7935	6761	0.688	0.66	0.949	0	3	0	8197	7692	0.838	0.87	0.989	0	0	1	7935	7692	0.867	0.9	0.992	0	3	1	8197	1619	0.124	0.5	0.555	1312	0	0	7935	1619	0.128	0.51	0.571	1155	3	0	8197	7389	0.832	0.84	0.991	0	0	1	7935	7389	0.857	0.86	0.993	0	3	1	8197	7717	0.841	0.81	0.99	0	0	3	7935	7717	0.862	0.82	0.992	0	3	3	8197	7884	0.903	0.93	0.996	0	0	3	7935	7884	0.942	0.92	0.998	0	3	3	8197	8017	0.926	0.87	0.998	0	0	3	7935	8017	0.954	0.89	0.999	0	3	3																	8197	7218	0.847	0.9	0.994	0	0	3	7935	7218	0.883	0.95	0.996	0	3	3	8197	8216	0.933	0.94	0.998	0	0	4	7935	8216	0.947	0.93	0.999	0	3	4	between_subject_case_control	in_vivo_tissue	unknown	""	high	blood	2019-08-07	TRUE	FALSE	balanced		balanced
SRP134188	other | between_subject_case_control | conf=medium | tumor_tissue | n=18	tag	subj:source_name;tissue:other	18	18	18	18	8	10	0.56	0.1		19616.5	10	8	4	6	18	0	0	0	18	5	0.883	-1.22	-0.38	-1.988	1.727	0.167	generic	1.532	0.654	-0.89	0.002	0.002								20.09	M0,M1,M0perm,M3,M4,M5,M4perm,M5perm,M0permw	11481	11381	0.953	0.86	0.999	0	0	0	11481	11171	0.954	0.94	0.999	0	0	0	11481	11235	0.944	0.91	0.999	0	0	0	11481	13477	0.791	0.48	0.978	0	0	6	11381	13477	0.792	0.49	0.978	0	0	6	11481	10353	0.756	0.65	0.975	0	0	1	11381	10353	0.761	0.68	0.976	0	0	1	11481	7083	0.541	0.68	0.923	49	0	0	11381	7083	0.547	0.72	0.927	46	0	0	11481	10181	0.864	0.84	0.996	0	0	0	11381	10181	0.872	0.89	0.997	0	0	0	11481	8860	0.709	0.71	0.977	0	0	0	11381	8860	0.725	0.77	0.981	0	0	0																																																																																	between_subject_case_control	in_vivo_tissue	unknown	tumor_tissue	medium	other	2018-08-02	TRUE	FALSE	balanced		balanced
SRP135671	gut | between_subject_case_control | conf=medium |  | n=26	perforation/abscess	tissue:gut	26	26	25	25	14	11	0.56	0.136	0.016	20133	14	11	7	7	0	2	1	0	0	4	0.271	-0.022	0.42	0.344	-0.335	0.171	gut	-0.651	0.271	-0.475	5e-04	5e-04								4.35	M0,M1,M0perm,M2,M2perm,M3,M4,M5,M4perm,M5perm,M0permw	0	0		0.71	0.993	0	0	0	0	0		0.84	0.995	0	0	0	0	0		0.84	0.996	0	0	0	0	0		0.23	0.543	0	0	0	0	0		0.21	0.512	0	0	0	0	0		0.52	0.816	0	0	0	0	0		0.64	0.817	0	0	0	0	0		0.45	0.896	0	0	0	0	0		0.5	0.914	0	0	0	0	0		0.52	0.932	0	0	0	0	0		0.64	0.949	0	0	0	0	0		0.69	0.975	0	0	0	0	0		0.85	0.985	0	0	0																																	0	2	0	0.51	0.988	0	0	0	0	0		0.63	0.984	0	0	0																																	between_subject_case_control	in_vivo_tissue	both_sexes	""	medium	gut	2019-02-13	TRUE	FALSE	balanced	balanced	balanced
SRP136102	blood | between_subject_case_control | conf=high |  | n=120	phenotype	subj:donor;tissue:blood	120	120	120	60	31	29	0.93	0.004	0.054	18620.5	56	4	29	27	0	0	0	0	0	5	0.035	1.243	0.185	0.303	-0.222	0.284	blood	0.881	-1.02	0.752	0.012	0.0118								26.22	M0,M1,M0perm,M2,M2perm,M3,M4,M5,M7,M4perm,M5perm,M7perm,M0permw	6204	6185	0.982	0.94	1	0	0	0	6204	5068	0.77	0.66	0.986	0	0	0	6204	6165	0.983	0.98	1	0	0	0	6204	4840	0.558	0.56	0.877	0	0	0	6185	4840	0.559	0.56	0.877	0	0	0	6204	6160	0.696	0.58	0.96	0	0	0	6185	6160	0.699	0.57	0.96	0	0	0	6204	1752	0.148	0.42	0.514	648	0	0	6185	1752	0.149	0.4	0.515	641	0	0	6204	6163	0.959	0.9	0.999	0	0	0	6185	6163	0.967	0.93	1	0	0	0	6204	5884	0.924	0.93	0.998	0	0	0	6185	5884	0.93	0.94	0.999	0	0	0	6204	5752	0.659	0.6	0.937	0	0	0	6185	5752	0.662	0.6	0.937	0	0	0	6204	6123	0.969	0.94	1	0	0	0	6185	6123	0.978	0.98	1	0	0	0	6204	6287	0.958	0.88	0.999	0	0	0	6204	6418	0.926	0.88	0.998	0	0	0																																	between_subject_case_control	in_vivo_tissue	both_sexes	""	high	blood	2018-03-22	TRUE	FALSE	balanced	balanced	balanced
SRP136195	other | between_subject_case_control | conf=high |  | n=20	individual	tissue:other	20	20	20	20	10	10	0.2	0.4		16648	4	16	0	4	0	0	0	0	20	2	0.06	-0.165	-0.174	0.132	-0.171	-0.233	generic	-0.385	0.108	0.509	0	0								19.76	M0,M1,M0perm,M3,M4,M5,M4perm,M5perm,M0permw	0	0		0.24	0.857	0	0	0	0	0		0.75	0.983	0	0	0	0	0		0.12	0.469	0	0	0	0	0		0.27	0.768	0	0	0	0	0		0.14	0.786	0	0	0	0	0		0.25	0.898	0	0	0	0	0		0.48	0.935	0	0	0	0	0		0.19	0.605	0	0	0	0	0		0.7	0.872	0	0	0	0	0		0.21	0.628	0	0	0	0	0		0.52	0.866	0	0	0	0	0		0.21	0.87	0	0	0	0	0		0.43	0.898	0	0	0																																																																																	between_subject_case_control	in_vivo_tissue	both_sexes	""	high	other	2018-05-11	TRUE	FALSE	partially_confounded		partially_confounded
SRP136239	other | genotype_comparison | conf=medium |  | n=24	group	tissue:other	24	24	24	24	18	6	0.67	0.222		19025	16	8	11	5	24	0	0	0	24	3	0.248	0.214	-0.374	-0.151	0.023	0.377	generic	-0.32	-1.212	-0.926	0.0014	0.0014	platform	0.111	0.111				0.111	22.94	M0,M1,M0perm,M3,M4,M5,M6,M4perm,M5perm,M6perm,M0permw	150	101	0.662	0.94	0.985	0	0	0	150	149	0.904	0.9	0.997	0	0	0	150	135	0.738	0.9	0.987	0	0	0	150	444	0.245	0.47	0.676	0	0	0	101	444	0.187	0.48	0.71	0	0	0	150	316	0.404	0.58	0.918	0	0	0	101	316	0.315	0.62	0.935	0	0	0	150	39	0.189	0.58	0.778	0	0	0	101	39	0.25	0.57	0.783	0	0	0	150	494	0.288	0.38	0.942	0	0	0	101	494	0.204	0.4	0.958	0	0	0	150	54	0.308	0.74	0.852	0	0	0	101	54	0.435	0.77	0.869	0	0	0																																																	150	280	0.519	0.64	0.885	0	0	0	101	280	0.356	0.68	0.906	0	0	0	150	129	0.691	0.82	0.978	0	0	0	101	129	0.769	0.85	0.994	0	0	0	genotype_comparison	in_vivo_tissue	unknown	""	medium	other	2018-03-26	TRUE	FALSE	mildly_imbalanced		mildly_imbalanced
SRP136742	skin | between_subject_case_control | conf=high | tumor_tissue | n=80	tissue	tissue:skin	80	80	80	80	57	23	0.52	0.127		18717.5	42	38	32	10	80	0	0	0	80	5	0.094	0.17	0.139	-0.013	-0.07	-0.154	generic	0.603	-0.023	-0.29	0.0017	0.0017	readlen	0.078					0.078	9.09	M0,M1,M0perm,M3,M4,M5,M6,M4perm,M5perm,M6perm,M0permw	7894	7930	0.937	0.89	0.998	0	0	2	7894	7901	0.974	0.97	1	0	0	0	7894	8039	0.936	0.96	0.999	0	0	0	7894	11029	0.685	0.49	0.973	0	0	0	7930	11029	0.684	0.5	0.974	0	2	0	7894	9656	0.799	0.66	0.991	0	0	2	7930	9656	0.815	0.71	0.994	0	2	2	7894	7938	0.664	0.58	0.925	7	0	2	7930	7938	0.675	0.59	0.931	5	2	2	7894	7357	0.883	0.88	0.995	0	0	1	7930	7357	0.89	0.92	0.996	0	2	1	7894	7891	0.921	0.86	0.998	0	0	2	7930	7891	0.946	0.91	0.999	0	2	2																																																	7894	8746	0.872	0.72	0.994	0	0	2	7930	8746	0.899	0.79	0.996	0	2	2	7894	7661	0.902	0.87	0.996	0	0	2	7930	7661	0.909	0.91	0.997	0	2	2	between_subject_case_control	in_vivo_tissue	unknown	tumor_tissue	high	skin	2018-07-19	TRUE	FALSE	balanced		balanced
SRP136938	blood | in_vivo_treatment_arms | conf=medium |  | n=194	responder	in:visit=baseline;subj:subject id;tissue:blood	194	194	42	42	17	25	0.38	0.146	0.273	18169	16	26	5	11	0	0	0	0	0	5	0.654	-0.172	-0.393	-0.589	0.505	-0.321	blood	-0.665	0.572	-0.375	0.0085	0.0083								2.22	M0,M1,M0perm,M2,M2perm,M3,M4,M5,M4perm,M5perm,M0permw	0	0		0.82	0.991	0	0	0	0	0		0.94	0.998	0	0	0	0	0		0.8	0.994	0	0	0	0	1	0	0.35	0.631	0	0	0	0	1	0	0.42	0.653	0	0	0	0	0		0.55	0.942	0	0	0	0	0		0.56	0.945	0	0	0	0	0		0.41	0.63	0	0	0	0	0		0.45	0.662	0	0	0	0	0		0.77	0.985	0	0	0	0	0		0.86	0.996	0	0	0	0	0		0.66	0.961	0	0	0	0	0		0.79	0.978	0	0	0																																	0	0		0.76	0.982	0	0	0	0	0		0.79	0.985	0	0	0																																	in_vivo_treatment_arms	in_vivo_tissue	both_sexes	""	medium	blood	2018-12-26	TRUE	FALSE	balanced	balanced	balanced
SRP140711	blood | between_subject_case_control | conf=high |  | n=26	infection	ex:time=follow-up (no treatment);ex:time=follow-up (post-treatment);subj:individual;tissue:blood	26	26	13	13	6	7	0.38	0.714		17185	5	8	0	5	13	0	0	0	13	4	0.308	-0.35	0.593	-0.376	0.409	0.641	blood	-1.025	-0.294	-0.568	0.0023	0.0023								6.52	M0,M1,M0perm,M3,M4,M5,M4perm,M5perm,M0permw	0	0		0.21	0.616	0	0	0	0	0		0.82	0.995	0	0	0	0	1	0	0.21	0.742	0	0	0	0	0		0.2	0.659	0	0	0	0	0		0.11	0.728	0	0	0	0	0		0.2	0.649	0	0	0	0	0		0.67	0.951	0	0	0	0	0		0.09	0.548	0	0	0	0	0		0.42	0.805	0	0	0	0	0		0.11	0.58	0	0	0	0	0		0.45	0.889	0	0	0	0	0		0.18	0.593	0	0	0	0	0		0.56	0.905	0	0	0																																																																																	between_subject_case_control	ex_vivo_primary_cells	unknown	""	high	blood	2018-04-30	TRUE	FALSE	partially_confounded		partially_confounded
SRP140795	muscle | between_subject_case_control | conf=medium |  | n=56	susceptibility	in:time=pre bed rest;ex:susceptibility=not used in susceptibility study;subj:subject;tissue:muscle	56	56	26	26	12	14	0.5	0.155		15349.5	13	13	7	6	0	0	0	0	26	5	0.402	-0.115	-0.027	-0.227	0.127	0.689	muscle	0.165	0.295	0.409	0.0125	0.0124								15.98	M0,M1,M0perm,M3,M4,M5,M7,M4perm,M5perm,M7perm,M0permw	0	0		0.75	0.952	0	0	0	0	0		0.77	0.974	0	0	0	0	0		0.67	0.971	0	0	0	0	0		0.32	0.887	0	0	0	0	0		0.37	0.944	0	0	0	0	1	0	0.48	0.954	0	0	0	0	1	0	0.48	0.933	0	0	0	0	0		0.41	0.944	0	0	0	0	0		0.39	0.918	0	0	0	0	0		0.52	0.907	0	0	0	0	0		0.64	0.978	0	0	0	0	0		0.6	0.922	0	0	0	0	0		0.67	0.965	0	0	0	0	0		0.66	0.957	0	0	0	0	0		0.8	0.995	0	0	0	0	0		0.54	0.928	0	0	0	0	0		0.6	0.948	0	0	0																																																	between_subject_case_control	in_vivo_tissue	both_sexes	""	medium	muscle	2019-02-19	TRUE	FALSE	mildly_imbalanced		mildly_imbalanced
SRP140945	gut | between_subject_case_control | conf=high |  | n=20	eoe diagnosis	tissue:gut	20	20	20	20	10	10	0.5	0		18720	10	10	5	5	0	0	0	0	20	4	0.834	0.52	0.887	0.64	-0.84	0.934	gut	0.631	0.682	-0.731	1e-04	1e-04								10.86	M0,M1,M0perm,M3,M4,M5,M4perm,M5perm,M0permw	819	788	0.845	0.96	0.999	0	0	0	819	721	0.659	0.86	0.986	0	0	0	819	636	0.753	0.96	1	0	0	0	819	16	0.016	0.49	0.751	0	0	0	788	16	0.016	0.51	0.753	0	0	0	819	408	0.326	0.59	0.908	0	0	0	788	408	0.35	0.58	0.908	0	0	0	819	61	0.073	0.72	0.939	0	0	0	788	61	0.077	0.74	0.941	0	0	0	819	429	0.491	0.78	0.994	0	0	0	788	429	0.514	0.81	0.995	0	0	0	819	552	0.522	0.68	0.981	0	0	0	788	552	0.558	0.7	0.981	0	0	0																																																																																	between_subject_case_control	in_vivo_tissue	both_sexes	""	high	gut	2019-06-17	TRUE	FALSE	balanced		balanced
SRP141180	blood | between_subject_case_control | conf=medium | tumor_tissue | n=22	tumor type	tissue:blood	22	22	22	22	13	9	0.23	0.197		17446	5	17	4	1	22	0	0	0	22	5	0.188	-1.496	0.798	1.147	-1.516	-2.669	blood	1.346	2.915	-0.566	0.001	0.001								8.56	M0,M1,M0perm,M3,M4,M5,M4perm,M5perm,M0permw	11571	11202	0.908	0.89	0.996	0	0	4	11571	11348	0.939	0.89	0.998	0	0	0	11571	10917	0.924	0.94	0.998	0	0	0	11571	15211	0.743	0.33	0.973	0	0	2	11202	15211	0.719	0.35	0.972	3	4	2	11571	9507	0.562	0.6	0.878	58	0	4	11202	9507	0.602	0.64	0.904	5	4	4	11571	6544	0.355	0.19	0.736	995	0	3	11202	6544	0.352	0.16	0.728	972	4	3	11571	11198	0.899	0.75	0.995	0	0	4	11202	11198	0.929	0.76	0.997	0	4	4	11571	11573	0.918	0.74	0.995	0	0	5	11202	11573	0.936	0.73	0.998	0	4	5																																																																																	between_subject_case_control	ex_vivo_primary_cells	unknown	tumor_tissue	medium	blood	2019-01-28	TRUE	FALSE	mildly_imbalanced		mildly_imbalanced
SRP143467	other | between_subject_case_control | conf=medium |  | n=29	18fdg-pet-ct	in:tissue=bat;subj:individual;tissue:other	29	29	14	14	8	6	0.79	0.083		18229	11	3	6	5	14	0	0	0	14	2	0.324	0.254	-0.84	-0.036	-0.262	-1.049	generic	0.02	-0.588	-0.379	0.0113	0.0103								0.7	M0,M1,M0perm,M3,M4,M5,M7,M4perm,M5perm,M7perm,M0permw	0	0		0.68	0.981	0	0	0	0	0		0.62	0.971	0	0	0	0	0		0.87	0.994	0	0	0	0	0		0.24	0.767	0	0	0	0	0		0.24	0.716	0	0	0	0	0		0.22	0.666	0	0	0	0	0		0.27	0.695	0	0	0	0	1	0	0.21	0.903	0	0	0	0	1	0	0.28	0.935	0	0	0	0	0		0.06	0.545	0	0	0	0	0		0.06	0.551	0	0	0	0	0		0.17	0.837	0	0	0	0	0		0.2	0.857	0	0	0	0	0		0.49	0.972	0	0	0	0	0		0.61	0.991	0	0	0	0	0		0.6	0.975	0	0	0	0	0		0.7	0.992	0	0	0																																																	between_subject_case_control	in_vivo_tissue	unknown	""	medium	other	2018-07-06	TRUE	FALSE	balanced		balanced
SRP144003	blood | between_subject_case_control | conf=low | tumor_tissue | n=106	tissue	in:population=malignant;tissue:blood	106	106	28	26	6	20	0.58	0.1		18102	15	11	3	12	26	0	0	2	26	5	0.248	-0.073	1.001	1.014	-1.609	0.938	blood	-1.89	-0.937	-0.851	0.0022	0.0022	readlen	0.527					0.527	18.96	M0,M1,M0perm,M3,M4,M5,M6,M4perm,M5perm,M6perm,M0permw	5290	4929	0.881	0.93	0.996	0	0	4	5290	5135	0.932	0.93	0.999	0	0	0	5290	5590	0.904	0.85	0.998	0	0	0	5290	4371	0.546	0.73	0.91	4	0	0	4929	4371	0.572	0.73	0.919	7	4	0	5290	2112	0.339	0.79	0.86	36	0	1	4929	2112	0.366	0.78	0.87	11	4	1	5290	2903	0.419	0.61	0.884	2	0	2	4929	2903	0.448	0.62	0.89	1	4	2	5290	4902	0.8	0.86	0.987	0	0	4	4929	4902	0.83	0.88	0.99	0	4	4	5290	3865	0.675	0.87	0.981	0	0	3	4929	3865	0.712	0.91	0.984	0	4	3																																																	5290	1882	0.289	0.8	0.821	57	0	1	4929	1882	0.307	0.79	0.828	20	4	1	5290	4527	0.798	0.91	0.991	0	0	3	4929	4527	0.858	0.96	0.995	0	4	3	between_subject_case_control	ex_vivo_primary_cells	unknown	tumor_tissue	low	blood	2018-06-01	TRUE	FALSE	balanced		balanced
SRP144303	reproductive | between_subject_case_control | conf=high | tumor_tissue | n=14	disease	tissue:reproductive	14	14	14	14	7	7	1	0	0.228	19508.5	14	0	7	7	14	0	0	0	0	0		0.272	0.137	0.682	0.263	-0.134	generic	-0.475	-0.701	0.543	0.0029	0.0028	layout	0		0			0	8.13	M0																																																																																																																																																																																									between_subject_case_control	in_vivo_tissue	female_only	tumor_tissue	high	reproductive	2019-04-26	TRUE	TRUE	single_sex	balanced	single_sex
SRP144491	musculoskeletal | between_subject_case_control | conf=medium |  | n=38	oa grade	tissue:musculoskeletal	38	38	38	38	20	18	0.45	0.322	2.729	19614	17	21	12	5	0	3	1	0	0	5	0.61	0.479	0.129	0.091	0.031	0.16	muscle	-0.051	1.345	0.469	0.001	0.001	readlen	0.159	0.056				0.159	17.36	M0,M1,M0perm,M2,M2perm,M3,M4,M5,M6,M4perm,M5perm,M6perm,M0permw	4976	4428	0.818	0.88	0.989	0	0	0	4976	4981	0.959	0.94	0.999	0	0	0	4976	4732	0.822	0.85	0.986	0	0	0	4976	9983	0.489	0.56	0.958	0	0	2	4428	9983	0.441	0.55	0.963	0	0	2	4976	6104	0.535	0.6	0.858	0	0	1	4428	6104	0.533	0.57	0.847	0	0	1	4976	2097	0.392	0.79	0.911	2	0	0	4428	2097	0.445	0.84	0.935	0	0	0	4976	3370	0.639	0.8	0.971	0	0	0	4428	3370	0.716	0.83	0.983	0	0	0	4976	4446	0.764	0.89	0.977	0	0	0	4428	4446	0.867	0.95	0.992	0	0	0																																	4976	1548	0.289	0.56	0.891	11	0	0	4976	4380	0.805	0.88	0.987	0	0	0	4976	7373	0.63	0.64	0.966	0	0	1	4428	7373	0.598	0.63	0.967	0	0	1	4976	4094	0.747	0.89	0.979	0	0	0	4428	4094	0.856	0.94	0.994	0	0	0	between_subject_case_control	in_vivo_tissue	both_sexes	""	medium	musculoskeletal	2018-05-07	TRUE	FALSE	partially_confounded	completely_confounded	completely_confounded
SRP144583	blood | between_subject_case_control | conf=medium |  | n=75	group	ex:group=ctrl;tissue:blood	75	75	37	37	18	19	0.46	0.079		15462	17	20	9	8	37	0	0	0	37	5	0.971	-0.408	0.899	0.107	0.227	-0.303	blood	0.831	-0.496	-0.857	0.6145	0.4786								2.67	M0,M1,M0perm,M3,M4,M5,M7,M4perm,M5perm,M7perm,M0permw	7518	7447	0.971	0.93	0.999	0	0	1	7518	7507	0.979	0.97	1	0	0	0	7518	7550	0.961	0.93	0.999	0	0	0	7518	6897	0.715	0.63	0.954	0	0	4	7447	6897	0.719	0.66	0.955	0	1	4	7518	2025	0.247	0.87	0.782	273	0	1	7447	2025	0.249	0.89	0.782	262	1	1	7518	5896	0.576	0.8	0.917	8	0	0	7447	5896	0.583	0.83	0.921	4	1	0	7518	6752	0.86	0.78	0.994	0	0	2	7447	6752	0.865	0.8	0.994	0	1	2	7518	7564	0.95	0.87	0.998	0	0	2	7447	7564	0.962	0.91	0.999	0	1	2	7518	4694	0.599	0.87	0.958	1	0	1	7447	4694	0.604	0.92	0.959	0	1	1	7518	7472	0.932	0.81	0.997	0	0	2	7447	7472	0.936	0.85	0.998	0	1	2																																																	between_subject_case_control	in_vivo_tissue	unknown	""	medium	blood	2019-09-03	TRUE	FALSE	balanced		balanced
SRP144647	blood | between_subject_case_control | conf=medium |  | n=137	allergy_status	in:activation_status=0;subj:indiidual;tissue:blood	137	137	50	44	26	18	0.5	0	0.277	16505.5	22	22	13	9	0	2	0	0	0	5	0.302	0.767	0.067	-1.293	1.103	0.144	blood	-0.284	-0.38	0.052	0	0								10.56	M0,M1,M0perm,M2,M2perm,M3,M4,M5,M4perm,M5perm,M0permw	0	0		0.92	0.998	0	0	0	0	0		0.83	0.998	0	0	0	0	0		0.94	0.999	0	0	0	0	0		0.28	0.645	0	0	0	0	0		0.29	0.644	0	0	0	0	0		0.42	0.738	0	0	0	0	0		0.42	0.739	0	0	0	0	0		0.65	0.973	0	0	0	0	0		0.66	0.973	0	0	0	0	0		0.8	0.995	0	0	0	0	0		0.84	0.996	0	0	0	0	0		0.68	0.985	0	0	0	0	0		0.74	0.987	0	0	0																																	0	0		0.86	0.996	0	0	0	0	0		0.85	0.993	0	0	0																																	between_subject_case_control	ex_vivo_primary_cells	both_sexes	""	medium	blood	2018-05-31	TRUE	FALSE	balanced	balanced	balanced
SRP145493	blood | between_subject_case_control | conf=high |  | n=195	ptsd	in:cell_type=pbmc;subj:subject;tissue:blood	195	195	39	39	20	19	0	0		18701	0	39	0	0	0	0	0	0	39	0		-0.377	0.072	0.049	-0.022	-0.175	blood	-0.336	0.574	0.145	0.0012	0.0012								22.68	M0																																																																																																																																																																																									between_subject_case_control	ex_vivo_primary_cells	male_only	""	high	blood	2018-12-17	TRUE	TRUE	single_sex		single_sex
SRP148556	reproductive | between_subject_case_control | conf=high |  | n=79	disease group	tissue:reproductive	79	79	41	36	18	18	0.58	0.056		19131	21	15	10	11	36	0	0	5	36	5	0.732	-0.858	0.621	1.081	-0.452	-0.709	generic	-1.139	-1.322	0.495	0.0153	0.0144								1.71	M0,M1,M0perm,M3,M4,M5,M7,M4perm,M5perm,M7perm,M0permw	8994	9034	0.969	0.94	0.999	0	0	2	8994	7768	0.772	0.84	0.981	0	0	0	8994	8878	0.971	0.98	1	0	0	0	8994	8556	0.75	0.55	0.957	0	0	0	9034	8556	0.753	0.55	0.957	0	2	0	8994	1563	0.167	0.76	0.848	96	0	0	9034	1563	0.167	0.78	0.848	101	2	0	8994	2655	0.234	0.71	0.761	299	0	0	9034	2655	0.235	0.73	0.762	296	2	0	8994	10329	0.811	0.74	0.988	0	0	5	9034	10329	0.817	0.76	0.989	0	2	5	8994	9318	0.912	0.85	0.996	0	0	2	9034	9318	0.917	0.87	0.997	0	2	2	8994	8340	0.85	0.86	0.99	0	0	3	9034	8340	0.855	0.89	0.991	0	2	3	8994	9249	0.938	0.86	0.998	0	0	3	9034	9249	0.956	0.88	0.999	0	2	3																																																	between_subject_case_control	in_vivo_tissue	unknown	""	high	reproductive	2019-07-02	TRUE	FALSE	balanced		balanced
SRP149374	musculoskeletal | between_subject_case_control | conf=medium |  | n=786	disease status	in:cell type=cd34+ hematopoietic stem/progenitor cells;subj:patient id;tissue:musculoskeletal	786	131	90	88	80	8	0.45	0.188		16986	40	48	35	5	88	0	0	2	88	5	0.115	0.927	-0.151	-1.05	1.062	-0.642	muscle	-0.359	-1.422	0.187	0.2785	0.2783								14.71	M0,M1,M0perm,M3,M4,M5,M7,M4perm,M5perm,M7perm,M0permw	2006	1876	0.882	0.88	0.995	0	0	0	2006	2015	0.906	0.93	0.997	0	0	0	2006	1963	0.882	0.9	0.996	0	0	0	2006	634	0.244	0.55	0.787	6	0	0	1876	634	0.258	0.6	0.79	4	0	0	2006	1314	0.603	0.83	0.961	0	0	0	1876	1314	0.646	0.85	0.965	0	0	0	2006	1237	0.544	0.8	0.937	0	0	0	1876	1237	0.571	0.81	0.945	0	0	0	2006	1808	0.834	0.86	0.991	0	0	0	1876	1808	0.883	0.92	0.996	0	0	0	2006	1884	0.864	0.82	0.994	0	0	0	1876	1884	0.913	0.91	0.998	0	0	0	2006	1986	0.815	0.87	0.988	0	0	1	1876	1986	0.852	0.88	0.993	0	0	1	2006	1823	0.848	0.85	0.993	0	0	0	1876	1823	0.924	0.96	0.998	0	0	0																																																	between_subject_case_control	ex_vivo_primary_cells	unknown	""	medium	musculoskeletal	2018-06-22	TRUE	FALSE	mildly_imbalanced		mildly_imbalanced
SRP149433	other | in_vivo_treatment_arms | conf=medium | tumor_tissue;mixed_organisms | n=48	isolate	tissue:other	48	26	11	11	5	6	1	0		17765	11	0	5	6	11	0	0	0	11	0		0.977	-1.958	-0.668	0.605	-0.128	generic	3.147	1.201	-0.329	0	0								1.94	M0																																																																																																																																																																																									in_vivo_treatment_arms	in_vivo_tissue	unknown	tumor_tissue;mixed_organisms	medium	other	2018-05-31	TRUE	TRUE	single_sex		single_sex
SRP149847	gut | between_subject_case_control | conf=medium |  | n=80	disease	ex:week of hsct treatment=w26;ex:week of hsct treatment=w52;ex:week of hsct treatment=w106;subj:individual id;tissue:gut	80	80	48	31	12	19	0.58	0.276		17421	18	13	9	9	0	0	0	0	31	5	0.93	-2.434	-0.695	0.652	-1.383	0.064	gut	-1.914	1.857	0.541	0.0017	0.0017								0.84	M0,M1,M0perm,M3,M4,M5,M4perm,M5perm,M0permw	12043	11981	0.924	0.87	0.996	0	0	3	12043	11685	0.943	0.92	0.998	0	0	0	12043	11427	0.928	0.95	0.998	0	0	0	12043	14097	0.834	0.42	0.986	0	0	6	11981	14097	0.837	0.42	0.985	3	3	6	12043	7191	0.514	0.6	0.894	254	0	2	11981	7191	0.506	0.61	0.887	297	3	2	12043	5593	0.319	0.52	0.668	1867	0	2	11981	5593	0.31	0.5	0.647	1992	3	2	12043	11400	0.828	0.61	0.98	1	0	3	11981	11400	0.853	0.66	0.986	0	3	3	12043	11578	0.838	0.63	0.983	0	0	3	11981	11578	0.876	0.69	0.991	0	3	3																																																																																	between_subject_case_control	in_vivo_tissue	both_sexes	""	medium	gut	2019-01-28	TRUE	FALSE	mildly_imbalanced		mildly_imbalanced
SRP149978	blood | between_subject_case_control | conf=high |  | n=92	subject status	subj:rnaseq id;tissue:blood	92	92	92	92	46	46	0.66	0.022	0.334	17199	61	31	30	31	92	0	0	0	0	5	0.133	-0.23	0.045	-0.754	0.789	0.161	blood	0.086	0.307	0.309	0.1857	0.1857								3.31	M0,M1,M0perm,M2,M2perm,M3,M4,M5,M7,M4perm,M5perm,M7perm,M0permw	3308	3305	0.972	0.97	0.999	0	0	1	3308	2758	0.81	0.85	0.995	0	0	0	3308	3421	0.964	0.93	1	0	0	0	3308	6	0.002	0.31	0.699	34	0	0	3305	6	0.002	0.31	0.7	30	1	0	3308	2693	0.787	0.82	0.993	0	0	1	3305	2693	0.793	0.84	0.993	0	1	1	3308	2711	0.668	0.74	0.965	0	0	1	3305	2711	0.676	0.77	0.967	0	1	1	3308	3446	0.901	0.88	0.997	0	0	1	3305	3446	0.908	0.89	0.998	0	1	1	3308	3286	0.937	0.94	0.999	0	0	1	3305	3286	0.953	0.92	1	0	1	1	3308	3193	0.917	0.92	0.998	0	0	1	3305	3193	0.933	0.94	0.999	0	1	1	3308	3394	0.949	0.92	0.999	0	0	1	3305	3394	0.959	0.94	1	0	1	1	3308	2406	0.713	0.86	0.994	0	0	1	3308	976	0.293	0.79	0.986	0	0	1																																	between_subject_case_control	ex_vivo_primary_cells	both_sexes	""	high	blood	2018-11-02	TRUE	FALSE	balanced	balanced	balanced
SRP150101	brain | in_vivo_treatment_arms | conf=medium | tumor_tissue;mixed_organisms | n=24	treatment	tissue:brain	24	24	24	24	12	12	0	0		17403.5	0	24	0	0	24	0	0	0	24	0		1.139	-0.338	1.201	-1.054	-0.509	brain	-2.226	0.18	0.713	0	0								2.95	M0																																																																																																																																																																																									in_vivo_treatment_arms	in_vivo_tissue	unknown	tumor_tissue;mixed_organisms	medium	brain	2018-10-30	TRUE	TRUE	single_sex		single_sex
SRP150234	gut | between_subject_case_control | conf=high |  | n=26	sample type	tissue:gut	26	26	14	14	7	7	1	0		19099	14	0	7	7	0	0	0	0	14	0		-0.325	0.122	-0.451	0.262	-0.494	gut	0.37	-0.269	-0.449	7e-04	7e-04	readlen	0.289					0.289	2.74	M0																																																																																																																																																																																									between_subject_case_control	in_vivo_tissue	female_only	""	high	gut	2018-09-04	TRUE	TRUE	single_sex		single_sex
SRP150311	muscle | between_subject_case_control | conf=high |  | n=43	subject status	subj:sample_id;tissue:muscle	43	43	43	43	34	9	0.42	0.314		15960	18	25	12	6	9	1	0	0	9	5	0.272	-0.755	-0.517	0.592	-0.618	-0.249	muscle	-0.614	1.543	0.63	0.0385	0.0385								1.98	M0,M1,M0perm,M3,M4,M5,M7,M4perm,M5perm,M7perm,M0permw	4215	1695	0.398	0.79	0.99	0	1	0	4215	4166	0.954	0.94	1	0	1	0	4215	5380	0.753	0.77	0.994	0	1	0	4215	0	0	0.22	0.419	443	1	0	1695	0	0	0.24	0.428	43	0	0	4215	0	0	0.6	0.871	0	1	0	1695	0	0	0.65	0.895	0	0	0	4215	0	0	0.33	0.627	51	1	0	1695	0	0	0.4	0.667	1	0	0	4215	1699	0.391	0.73	0.986	0	1	0	1695	1699	0.783	0.83	0.996	0	0	0	4215	119	0.028	0.69	0.979	0	1	0	1695	119	0.07	0.83	0.992	0	0	0	4215	5	0.001	0.63	0.946	0	1	0	1695	5	0.003	0.65	0.955	0	0	0	4215	2221	0.499	0.76	0.989	0	1	0	1695	2221	0.756	0.9	0.998	0	0	0																																																	between_subject_case_control	in_vivo_tissue	both_sexes	""	high	muscle	2018-09-04	TRUE	FALSE	partially_confounded		partially_confounded
SRP150313	blood | between_subject_case_control | conf=medium | tumor_tissue | n=18	risk status	in:tumor stage=diagnosis;tissue:blood	18	18	16	16	8	8	0.56	0.125		17356.5	9	7	4	5	0	0	0	0	16	5	0.146	-0.454	-0.234	-0.54	0.249	-0.946	blood	-0.447	-0.434	0.619	0.0119	0.0115								3.09	M0,M1,M0perm,M3,M4,M5,M7,M4perm,M5perm,M7perm,M0permw	0	0		0.83	0.989	0	0	0	0	0		0.74	0.989	0	0	0	0	0		0.78	0.993	0	0	0	0	0		0.13	0.543	0	0	0	0	0		0.13	0.566	0	0	0	0	0		0.52	0.952	0	0	0	0	0		0.55	0.962	0	0	0	0	0		0.64	0.961	0	0	0	0	0		0.66	0.969	0	0	0	0	0		0.58	0.975	0	0	0	0	0		0.62	0.982	0	0	0	0	0		0.53	0.917	0	0	0	0	0		0.55	0.916	0	0	0	0	0		0.62	0.957	0	0	0	0	0		0.63	0.969	0	0	0	0	0		0.72	0.986	0	0	0	0	0		0.75	0.997	0	0	0																																																	between_subject_case_control	in_vivo_tissue	both_sexes	tumor_tissue	medium	blood	2018-10-04	TRUE	FALSE	balanced		balanced
SRP150382	unknown | between_subject_case_control | conf=medium |  | n=16	delivery_mode	subj:patient_id;tissue:unknown	16	16	16	15	10	5	0.53	0.1		11737	8	7	5	3	15	0	0	1	15	3	0.315	-1	0.302	0.52	-0.587	-1.275	generic	0.404	-0.159	-0.392	1e-04	1e-04								23.29	M0,M1,M0perm,M3,M4,M5,M4perm,M5perm,M0permw	0	0		0.68	0.978	0	0	0	0	0		0.56	0.921	0	0	0	0	0		0.78	0.98	0	0	0	0	0		0.29	0.687	0	0	0	0	0		0.28	0.689	0	0	0	0	0		0.24	0.52	0	0	0	0	0		0.23	0.516	0	0	0	0	0		0.36	0.924	0	0	0	0	0		0.41	0.923	0	0	0	0	0		0.51	0.966	0	0	0	0	0		0.52	0.975	0	0	0	0	0		0.42	0.891	0	0	0	0	0		0.44	0.911	0	0	0																																																																																	between_subject_case_control	in_vivo_tissue	unknown	""	medium	unknown	2018-08-01	TRUE	FALSE	balanced		balanced
SRP150595	blood | between_subject_case_control | conf=high |  | n=59	health_state	subj:isolate;tissue:blood	59	59	39	39	19	20	0.64	0.187	0.029	16213	25	14	14	11	0	0	0	0	0	5	0.256	-0.375	0.699	0.895	-0.627	-0.826	blood	2.333	-1.886	-0.183	0	0								22.97	M0,M1,M0perm,M2,M2perm,M3,M4,M5,M4perm,M5perm,M0permw	12034	11751	0.953	0.94	0.999	0	0	0	12034	11883	0.94	0.91	0.998	0	0	0	12034	11760	0.96	0.95	0.999	0	0	0	12034	9703	0.709	0.33	0.952	21	0	0	11751	9703	0.719	0.3	0.954	11	0	0	12034	10179	0.795	0.81	0.984	0	0	0	11751	10179	0.809	0.84	0.985	0	0	0	12034	406	0.025	0.21	0.393	3677	0	0	11751	406	0.026	0.22	0.409	3472	0	0	12034	11567	0.942	0.87	0.998	0	0	0	11751	11567	0.966	0.91	0.999	0	0	0	12034	11506	0.923	0.87	0.997	0	0	0	11751	11506	0.948	0.87	0.998	0	0	0																																	12034	11697	0.95	0.93	0.999	0	0	0	12034	11697	0.95	0.87	0.999	0	0	0																																	between_subject_case_control	in_vivo_tissue	both_sexes	""	high	blood	2018-09-01	TRUE	FALSE	mildly_imbalanced	balanced	mildly_imbalanced
SRP150872	blood | in_vivo_treatment_arms | conf=medium |  | n=468	drug exposure	in:timepoint=24;tissue:blood	468	468	122	122	83	39	0.93	0.08		16603.5	113	9	79	34	122	0	0	0	122	5	0.012	-0.191	0.247	0.012	0.104	0.2	blood	-0.069	-0.145	0.065	0.0133	0.0132								2.36	M0,M1,M0perm,M3,M4,M5,M7,M4perm,M5perm,M7perm,M0permw	0	0		0.88	0.992	0	0	0	0	0		0.96	1	0	0	0	0	0		0.82	0.991	0	0	0	0	0		0.14	0.635	0	0	0	0	0		0.15	0.617	0	0	0	0	0		0.44	0.869	0	0	0	0	0		0.43	0.851	0	0	0	0	0		0.57	0.962	0	0	0	0	0		0.6	0.964	0	0	0	0	0		0.81	0.988	0	0	0	0	0		0.88	0.996	0	0	0	0	0		0.77	0.989	0	0	0	0	0		0.84	0.997	0	0	0	0	0		0.7	0.98	0	0	0	0	0		0.74	0.99	0	0	0	0	0		0.87	0.991	0	0	0	0	0		0.96	0.998	0	0	0																																																	in_vivo_treatment_arms	in_vivo_tissue	both_sexes	""	medium	blood	2018-09-25	TRUE	FALSE	balanced		balanced
SRP151425	musculoskeletal | between_subject_case_control | conf=high | tumor_tissue | n=44	bortezomib response	tissue:musculoskeletal	44	44	44	44	31	13	0.27	0.268	0.122	15421.5	12	32	6	6	44	0	0	0	0	5	0.078	0.781	0.339	0.001	0.262	-0.431	muscle	-0.16	-0.305	0.183	0.0236	0.0235								3.71	M0,M1,M0perm,M2,M2perm,M3,M4,M5,M7,M4perm,M5perm,M7perm,M0permw	3	2	0.667	0.7	0.97	0	0	0	3	3	1	0.97	0.998	0	0	0	3	3	1	0.71	0.98	0	0	0	3	0	0	0.55	0.933	0	0	0	2	0	0	0.43	0.899	0	0	0	3	0	0	0.48	0.906	0	0	0	2	0	0	0.63	0.946	0	0	0	3	0	0	0.65	0.944	0	0	0	2	0	0	0.77	0.964	0	0	0	3	0	0	0.55	0.922	0	0	0	2	0	0	0.55	0.938	0	0	0	3	0	0	0.6	0.954	0	0	0	2	0	0	0.76	0.982	0	0	0	3	1	0.333	0.67	0.966	0	0	0	2	1	0.5	0.87	0.997	0	0	0	3	3	1	0.68	0.956	0	0	0	2	3	0.667	0.78	0.988	0	0	0	3	1	0.333	0.65	0.956	0	0	0	3	2	0.25	0.51	0.942	0	0	0																																	between_subject_case_control	ex_vivo_primary_cells	unknown	tumor_tissue	high	musculoskeletal	2018-07-01	TRUE	FALSE	mildly_imbalanced	balanced	mildly_imbalanced
SRP151615	reproductive | between_subject_case_control | conf=high |  | n=13	isolate	tissue:reproductive	13	13	13	13	7	6	1	0	0.761	14680	13	0	7	6	0	2	4	0	0	0		0.279	-0.129	-0.769	0.88	0.712	generic	-0.008	-0.589	-0.575	3e-04	3e-04								26.04	M0																																																																																																																																																																																									between_subject_case_control	in_vivo_tissue	female_only	""	high	reproductive	2018-08-31	TRUE	TRUE	single_sex	mildly_imbalanced	single_sex
SRP151738	gut | between_subject_case_control | conf=medium |  | n=20	response	in:treatment=before vdz;subj:patient;tissue:gut	20	20	10	10	5	5	0	0		17776.5	0	10	0	0	0	4	0	0	10	0		-1.107	-0.51	-1.077	1.041	0.713	gut	1.383	-0.026	-1.365	3e-04	3e-04								3.11	M0																																																																																																																																																																																									between_subject_case_control	in_vivo_tissue	unknown	""	medium	gut	2018-08-01	TRUE	TRUE	single_sex		single_sex
SRP151960	brain | between_subject_case_control | conf=medium |  | n=77	sample group	subj:subject id;tissue:brain	77	77	19	16	10	6	0.69	0.233		21054.5	11	5	6	5	16	0	0	0	16	4	0.193	-0.399	-0.757	0.962	-0.881	1.094	brain	-0.528	0.06	-0.057	3e-04	3e-04								9.03	M0,M1,M0perm,M3,M4,M5,M4perm,M5perm,M0permw	0	0		0.47	0.943	0	0	0	0	0		0.52	0.945	0	0	0	0	0		0.71	0.974	0	0	0	0	0		0.22	0.573	0	0	0	0	0		0.19	0.541	0	0	0	0	0		0.27	0.891	0	0	0	0	0		0.42	0.893	0	0	0	0	0		0.36	0.741	0	0	0	0	0		0.58	0.853	0	0	0	0	0		0.14	0.664	0	0	0	0	0		0.32	0.832	0	0	0	0	0		0.21	0.852	0	0	0	0	0		0.46	0.96	0	0	0																																																																																	between_subject_case_control	in_vivo_tissue	unknown	""	medium	brain	2018-07-13	TRUE	FALSE	mildly_imbalanced		mildly_imbalanced
SRP152983	blood | between_subject_case_control | conf=high |  | n=30	phenotype	in:tissue=blood;subj:donor;tissue:blood	30	30	24	12	7	5	0.58	0.029	0.465	12279	7	5	4	3	0	0	0	0	0	3	0.156	0.58	-0.528	0.265	-0.114	-0.93	blood	0.875	0.321	1.196	0	0								1.1	M0,M1,M0perm,M2,M2perm,M3,M4,M5,M4perm,M5perm,M0permw	0	0		0.79	0.992	0	0	0	0	0		0.24	0.728	0	0	0	0	0		0.69	0.991	0	0	0	0	0		0.28	0.76	0	0	0	0	0		0.26	0.746	0	0	0	0	0		0.51	0.886	0	0	0	0	0		0.5	0.89	0	0	0	0	0		0.19	0.788	0	0	0	0	0		0.19	0.788	0	0	0	0	0		0.29	0.811	0	0	0	0	0		0.3	0.817	0	0	0	0	0		0.18	0.674	0	0	0	0	0		0.19	0.685	0	0	0																																	0	0		0.55	0.917	0	0	0	0	0		0.7	0.974	0	0	0																																	between_subject_case_control	ex_vivo_primary_cells	both_sexes	""	high	blood	2018-07-12	TRUE	FALSE	balanced	mildly_imbalanced	mildly_imbalanced
SRP154474	skin | between_subject_case_control | conf=high |  | n=28	disease state	tissue:skin	28	28	17	15	6	9	0.6	0.722		18880	9	6	1	8	15	0	0	2	15	3	0.13	1.049	-0.824	-1.073	1.1	0.932	generic	1.544	-1.601	-0.321	9e-04	9e-04	platform	0.48	0.48					15.21	M0,M1,M0perm,M3,M4,M5,M6,M4perm,M5perm,M6perm,M0permw	6299	1747	0.265	0.77	0.904	19	9	0	6299	5792	0.898	0.94	0.999	0	9	10	6299	3187	0.436	0.78	0.909	0	9	9	6299	9521	0.617	0.48	0.957	0	9	10	1747	9521	0.178	0.47	0.889	2	0	10	6299	2285	0.289	0.63	0.826	34	9	0	1747	2285	0.649	0.74	0.964	0	0	0	6299	292	0.044	0.54	0.729	175	9	0	1747	292	0.135	0.64	0.675	0	0	0	6299	2291	0.312	0.59	0.891	23	9	0	1747	2291	0.664	0.72	0.982	0	0	0	6299	824	0.129	0.72	0.885	33	9	0	1747	824	0.467	0.85	0.99	0	0	0																																																	6299	2975	0.355	0.62	0.84	30	9	1	1747	2975	0.575	0.73	0.96	0	0	1	6299	1631	0.249	0.75	0.901	19	9	0	1747	1631	0.856	0.91	0.999	0	0	0	between_subject_case_control	in_vivo_tissue	unknown	""	high	skin	2018-07-22	TRUE	FALSE	partially_confounded		partially_confounded
SRP154573	tumor | genotype_comparison | conf=medium | tumor_tissue | n=96	genotype	in:source_name=tumor;ex:genotype=h3.3k27m-ko;in:treatment=none;tissue:tumor	96	96	32	31	17	14	0.48	0.101		20941.5	15	16	9	6	31	0	0	1	31	5	0.231	-0.391	-0.07	0.403	-0.404	0.272	generic	-0.431	-0.205	0.076	0.0026	0.0026	platform	0.389	0.389				0.297	30.69	M0,M1,M0perm,M3,M4,M5,M6,M4perm,M5perm,M6perm,M0permw	418	477	0.827	0.92	0.996	0	0	0	418	419	0.82	0.94	0.994	0	0	0	418	472	0.839	0.9	0.997	0	0	0	418	362	0.431	0.65	0.787	0	0	0	477	362	0.408	0.63	0.777	0	0	0	418	337	0.678	0.83	0.976	0	0	0	477	337	0.644	0.84	0.98	0	0	0	418	372	0.674	0.78	0.961	0	0	0	477	372	0.636	0.79	0.96	0	0	0	418	619	0.583	0.72	0.976	0	0	0	477	619	0.668	0.76	0.981	0	0	0	418	399	0.776	0.88	0.99	0	0	0	477	399	0.78	0.91	0.995	0	0	0																																																	418	249	0.499	0.79	0.956	0	0	0	477	249	0.473	0.79	0.962	0	0	0	418	356	0.657	0.85	0.973	0	0	0	477	356	0.646	0.88	0.975	0	0	0	genotype_comparison	in_vivo_tissue	unknown	tumor_tissue	medium	tumor	2019-06-07	TRUE	FALSE	balanced		balanced
SRP154984	lung | in_vivo_treatment_arms | conf=medium |  | n=96	vaccine	in:timepoint=d2;subj:subject id;tissue:lung	96	96	34	34	18	16	0.68	0.139		18375	23	11	11	12	34	0	0	0	34	4	0.132	0.696	0.112	-0.064	-0.026	-0.44	lung	0.605	0.237	-0.379	2e-04	2e-04								1.34	M0,M1,M0perm,M3,M4,M5,M4perm,M5perm,M0permw	0	0		0.87	0.982	0	0	0	0	0		0.82	0.982	0	0	0	0	0		0.67	0.984	0	0	0	0	0		0.28	0.863	0	0	0	0	0		0.32	0.896	0	0	0	0	0		0.32	0.689	0	0	0	0	0		0.36	0.768	0	0	0	0	0		0.53	0.89	0	0	0	0	0		0.6	0.932	0	0	0	0	0		0.75	0.976	0	0	0	0	0		0.82	0.99	0	0	0	0	0		0.78	0.979	0	0	0	0	0		0.83	0.992	0	0	0																																																																																	in_vivo_treatment_arms	in_vivo_tissue	unknown	""	medium	lung	2018-09-25	TRUE	FALSE	balanced		balanced
SRP155089	tumor | between_subject_case_control | conf=medium | tumor_tissue | n=15	source_name	ex:source_name=hcc peritumoral tissues;tissue:tumor	15	15	10	9	4	5	0.22	0.4		19980	2	7	0	2	9	0	0	1	9	0		0.108	-12.028	2.023	-2.847	-1.094	generic	-0.5	1.219	-0.232	0	0	readlen	0.57					0.57	13.16	M0,M1,M0perm,M4,M5,M6,M4perm,M5perm,M6perm,M0permw	6843	4096	0.595	0.81	0.991	0	1	3	6843	6397	0.894	0.92	0.997	0	1	1	6843	5215	0.719	0.76	0.98	0	1	1																	6843	4813	0.144	0.03	0.349	1913	1	4	4096	4813	0.126	0.03	0.369	816	3	4	6843	0	0	0.35	0.807	118	1	0	4096	0	0	0.42	0.805	20	3	0	6843	16	0.002	0.52	0.917	0	1	0	4096	16	0.004	0.5	0.926	0	3	0	6843	895	0.13	0.68	0.926	0	1	0	4096	895	0.214	0.71	0.94	0	3	0																																																	6843	1022	0.139	0.37	0.876	5	1	2	4096	1022	0.201	0.37	0.882	0	3	2	6843	2668	0.385	0.67	0.978	0	1	3	4096	2668	0.603	0.68	0.983	0	3	3	between_subject_case_control	ex_vivo_primary_cells	unknown	tumor_tissue	medium	tumor	2018-12-02	TRUE	FALSE	partially_confounded		partially_confounded
SRP155363	blood | between_subject_case_control | conf=medium | tumor_tissue | n=137	diagnosis	in:cell type=circulating epithelial cells;tissue:blood	137	137	116	45	12	33	0.73	0.023		30913	33	12	9	24	45	0	0	71	45	5	0.454	-0.785	0.114	0.302	-0.348	-0.154	blood	-0.308	-0.781	0.489	0.4145	0.4144	readlen	0.091					0.091	33.66	M0,M1,M0perm,M3,M4,M5,M6,M7,M4perm,M5perm,M6perm,M7perm,M0permw	509	809	0.619	0.82	0.992	0	0	0	509	454	0.859	0.97	0.998	0	0	0	509	463	0.891	0.95	0.999	0	0	0	509	2252	0.202	0.43	0.915	0	0	0	809	2252	0.301	0.46	0.924	0	0	0	509	547	0.485	0.58	0.94	0	0	0	809	547	0.492	0.67	0.953	0	0	0	509	572	0.471	0.55	0.919	0	0	0	809	572	0.46	0.62	0.931	0	0	0	509	1018	0.473	0.69	0.971	0	0	0	809	1018	0.614	0.69	0.975	0	0	0	509	241	0.291	0.48	0.881	0	0	0	809	241	0.224	0.46	0.896	0	0	0	509	1221	0.413	0.7	0.987	0	0	0	809	1221	0.644	0.79	0.989	0	0	0	509	769	0.643	0.8	0.99	0	0	0	809	769	0.859	0.92	0.998	0	0	0																	509	723	0.678	0.79	0.989	0	0	0	809	723	0.817	0.91	0.997	0	0	0	509	626	0.752	0.8	0.99	0	0	0	809	626	0.756	0.96	0.998	0	0	0	between_subject_case_control	ex_vivo_primary_cells	unknown	tumor_tissue	medium	blood	2019-07-28	TRUE	FALSE	balanced		balanced
SRP155704	blood | between_subject_case_control | conf=medium |  | n=24	diagnosis	in:cell type=neutrophil;tissue:blood	24	24	14	14	10	4	1	0	0.449	13895	14	0	10	4	14	0	0	0	0	0		0.184	0.463	0.206	-0.16	0.035	blood	0.023	-0.009	-0.645	0.007	0.007								29.42	M0																																																																																																																																																																																									between_subject_case_control	ex_vivo_primary_cells	unknown	""	medium	blood	2018-09-26	TRUE	TRUE	single_sex	mildly_imbalanced	single_sex
SRP155941	blood | between_subject_case_control | conf=medium | tumor_tissue | n=124	condition	in:cell type=monocytes;in:source_name=blood;tissue:blood	124	116	84	84	34	50	1	0		14615.5	84	0	34	50	84	0	0	0	63	0		0.489	0.56	0.302	-0.081	-0.389	blood	0.511	0.015	-0.475	2e-04	2e-04	platform	0.063	0.063					35.72	M0																																																																																																																																																																																									between_subject_case_control	ex_vivo_primary_cells	unknown	tumor_tissue	medium	blood	2019-03-28	TRUE	TRUE	single_sex		single_sex
SRP155976	gut | between_subject_case_control | conf=high |  | n=190	diagnosis	tissue:gut	190	190	147	146	92	54	0.36	0.041		19900	53	93	32	21	146	0	0	1	146	5	0.603	-0.53	0.289	-0.149	0.173	0.111	gut	-0.453	0.696	0.187	1e-04	1e-04	readlen	0.039					0.039	3.58	M0,M1,M0perm,M3,M4,M5,M6,M4perm,M5perm,M6perm,M0permw	9026	9094	0.97	0.98	0.999	0	0	1	9026	8987	0.977	0.98	1	0	0	0	9026	8979	0.979	1	1	0	0	0	9026	8731	0.612	0.62	0.901	3	0	5	9094	8731	0.614	0.63	0.901	5	1	5	9026	5830	0.566	0.84	0.922	2	0	0	9094	5830	0.564	0.84	0.919	2	1	0	9026	5020	0.433	0.76	0.856	134	0	0	9094	5020	0.435	0.76	0.86	120	1	0	9026	9106	0.96	0.96	0.999	0	0	1	9094	9106	0.968	0.98	0.999	0	1	1	9026	8971	0.945	0.97	0.998	0	0	1	9094	8971	0.96	0.99	0.999	0	1	1																																																	9026	10422	0.862	0.92	0.991	0	0	1	9094	10422	0.87	0.93	0.991	0	1	1	9026	9072	0.965	0.97	0.999	0	0	1	9094	9072	0.987	0.99	1	0	1	1	between_subject_case_control	in_vivo_tissue	unknown	""	high	gut	2018-11-27	TRUE	FALSE	balanced		balanced
SRP156049	blood | genotype_comparison | conf=high | tumor_tissue | n=33	pannet subtype	in:tumor in specimen=pancreas;tissue:blood	33	33	25	24	11	13	0.46	0.007		19425	11	13	5	6	24	0	0	1	24	5	0.343	-0.558	0.218	-0.36	0.731	-0.518	blood	-0.155	-0.113	-0.544	0.0022	0.0022								4.48	M0,M1,M0perm,M3,M4,M5,M4perm,M5perm,M0permw	3574	3462	0.931	0.93	0.999	0	0	0	3574	2372	0.609	0.76	0.983	0	0	0	3574	3511	0.923	0.88	0.999	0	0	0	3574	5044	0.626	0.52	0.964	0	0	0	3462	5044	0.617	0.52	0.964	0	0	0	3574	3519	0.708	0.73	0.979	0	0	0	3462	3519	0.717	0.75	0.98	0	0	0	3574	4078	0.814	0.76	0.995	0	0	0	3462	4078	0.819	0.79	0.995	0	0	0	3574	2110	0.565	0.83	0.984	0	0	0	3462	2110	0.584	0.83	0.985	0	0	0	3574	2988	0.669	0.66	0.975	0	0	0	3462	2988	0.674	0.68	0.976	0	0	0																																																																																	genotype_comparison	in_vivo_tissue	unknown	tumor_tissue	high	blood	2018-10-01	TRUE	FALSE	balanced		balanced
SRP156355	reproductive | between_subject_case_control | conf=medium | tumor_tissue | n=24	isolate	tissue:reproductive	24	24	12	12	7	5	1	0	0.188	19358.5	12	0	7	5	0	0	0	0	0	0		0.614	0.021	0.991	-1.046	0.928	generic	-0.107	-0.791	-1.317	4e-04	4e-04								21.28	M0																																																																																																																																																																																									between_subject_case_control	in_vivo_tissue	female_only	tumor_tissue	medium	reproductive	2018-12-31	TRUE	TRUE	single_sex	balanced	single_sex
SRP156394	lung | between_subject_case_control | conf=high | tumor_tissue | n=30	diagnosis	tissue:lung	30	30	30	30	13	17	0.7	0.014		19583	21	9	9	12	0	0	0	0	30	5	0.175	0.338	-0.415	-0.014	-0.186	-0.329	lung	0.582	0.447	-0.191	5e-04	5e-04								4.92	M0,M1,M0perm,M3,M4,M5,M4perm,M5perm,M0permw	769	1190	0.646	0.82	0.997	0	0	0	769	365	0.471	0.95	0.996	0	0	0	769	661	0.836	0.95	1	0	0	0	769	67	0.06	0.33	0.807	0	0	0	1190	67	0.043	0.34	0.808	0	0	0	769	241	0.297	0.79	0.98	0	0	0	1190	241	0.202	0.85	0.981	0	0	0	769	695	0.557	0.59	0.948	0	0	0	1190	695	0.489	0.67	0.951	0	0	0	769	1393	0.499	0.61	0.979	0	0	0	1190	1393	0.647	0.67	0.981	0	0	0	769	732	0.706	0.84	0.992	0	0	0	1190	732	0.6	0.88	0.994	0	0	0																																																																																	between_subject_case_control	in_vivo_tissue	both_sexes	tumor_tissue	high	lung	2019-07-02	TRUE	FALSE	balanced		balanced
SRP156952	liver | between_subject_case_control | conf=medium |  | n=36	disease state	in:source_name=hepatic progenitor cells;tissue:liver	36	18	12	12	6	6	0.25	0.167		17943.5	3	9	2	1	12	0	0	0	12	3	0.543	0.019	-0.105	1.521	-1.39	0.27	liver	-0.492	-0.853	-1.111	0.0022	0.0022	readlen	0					0	6.71	M0,M1,M0perm,M3,M4,M5,M6,M4perm,M5perm,M6perm,M0permw	32	29	0.649	0.82	0.964	0	0	0	32	31	0.703	0.84	0.974	0	0	0	32	21	0.656	0.84	0.97	0	0	0	32	65	0.386	0.63	0.962	0	0	0	29	65	0.362	0.61	0.943	0	0	0	32	137	0.225	0.64	0.945	0	0	0	29	137	0.212	0.61	0.943	0	0	0	32	14	0.211	0.5	0.88	0	0	0	29	14	0.303	0.6	0.896	0	0	0	32	6	0.152	0.72	0.939	0	0	0	29	6	0.167	0.8	0.966	0	0	0	32	2	0.062	0.63	0.88	0	0	0	29	2	0.069	0.64	0.894	0	0	0																																																	32	51	0.537	0.71	0.959	0	0	0	29	51	0.569	0.75	0.968	0	0	0	32	15	0.424	0.7	0.951	0	0	0	29	15	0.517	0.82	0.985	0	0	0	between_subject_case_control	in_vivo_tissue	unknown	""	medium	liver	2019-07-29	TRUE	FALSE	mildly_imbalanced		mildly_imbalanced
SRP157974	tumor | between_subject_case_control | conf=medium | tumor_tissue | n=448	tissue	subj:isolate;tissue:tumor	448	448	448	448	360	88	1	0	0.005	21351.5	448	0	360	88	0	0	0	0	0	0		0.495	-0.428	-1.311	1.471	-0.61	generic	1.208	-0.725	-0.665	0.0026	0.0026								26.01	M0																																																																																																																																																																																									between_subject_case_control	in_vivo_tissue	female_only	tumor_tissue	medium	tumor	2019-03-13	TRUE	TRUE	single_sex	balanced	single_sex
SRP158639	tumor | between_subject_case_control | conf=medium | tumor_tissue | n=47	tissue	subj:code;tissue:tumor	47	47	47	47	42	5	0.43	0.195	0.115	16985	20	27	17	3	0	5	2	0	0	5	0.026	1.421	-0.973	0.288	-0.601	-0.108	generic	-0.287	-1.01	-0.397	0.0023	0.0023								18.43	M0,M1,M0perm,M2,M2perm,M3,M4,M5,M4perm,M5perm,M0permw	6740	6864	0.935	0.91	0.999	0	0	1	6740	6811	0.959	0.95	1	0	0	0	6740	6812	0.901	0.92	0.997	0	0	0	6740	594	0.077	0.41	0.703	773	0	0	6864	594	0.074	0.4	0.694	780	1	0	6740	1338	0.194	0.6	0.958	0	0	0	6864	1338	0.19	0.61	0.957	0	1	0	6740	1200	0.173	0.46	0.901	119	0	0	6864	1200	0.17	0.48	0.903	115	1	0	6740	6694	0.919	0.87	0.998	0	0	1	6864	6694	0.943	0.9	0.999	0	1	1	6740	6948	0.914	0.88	0.998	0	0	1	6864	6948	0.945	0.9	0.999	0	1	1																																	6740	6805	0.929	0.89	0.999	0	0	1	6740	6668	0.89	0.82	0.996	0	0	1																																	between_subject_case_control	in_vivo_tissue	both_sexes	tumor_tissue	medium	tumor	2018-08-22	TRUE	FALSE	mildly_imbalanced	balanced	mildly_imbalanced
SRP158943	blood | between_subject_case_control | conf=medium | tumor_tissue | n=26	cell type	in:source_name=cll;tissue:blood	26	26	22	22	9	13	0.27	0.103		17163	6	16	3	3	22	0	0	0	22	3	0.012	0.396	0.35	0.13	-0.177	-0.937	blood	-0.267	0.028	0.455	0.0134	0.0134	readlen	0.203					0.203	5.78	M0,M1,M0perm,M3,M4,M5,M6,M7,M4perm,M5perm,M6perm,M7perm,M0permw	0	0		0.87	0.992	0	0	0	0	0		0.76	0.985	0	0	0	0	0		0.85	0.992	0	0	0	0	0		0.51	0.905	0	0	0	0	0		0.49	0.887	0	0	0	0	0		0.59	0.915	0	0	0	0	0		0.67	0.91	0	0	0	0	0		0.46	0.919	0	0	0	0	0		0.45	0.925	0	0	0	0	0		0.54	0.946	0	0	0	0	0		0.55	0.944	0	0	0	0	0		0.72	0.987	0	0	0	0	0		0.78	0.994	0	0	0	0	0		0.78	0.989	0	0	0	0	0		0.87	0.994	0	0	0	0	0		0.83	0.983	0	0	0	0	0		0.9	0.993	0	0	0																	0	0		0.63	0.882	0	0	0	0	0		0.68	0.874	0	0	0	0	0		0.71	0.975	0	0	0	0	0		0.77	0.976	0	0	0	between_subject_case_control	in_vivo_tissue	unknown	tumor_tissue	medium	blood	2019-05-02	TRUE	FALSE	balanced		balanced
SRP158994	blood | between_subject_case_control | conf=medium |  | n=87	hcvgroup	in:time point=earlyacute;subj:patientid;tissue:blood	87	53	12	12	6	6	0.17	0.333		16740.5	2	10	0	2	12	0	0	0	12	2	0.085	0.653	0.221	-0.002	0.049	0.556	blood	0.619	-0.36	-0.597	0.0181	0.018								2.72	M0,M1,M0perm,M3,M4,M5,M7,M4perm,M5perm,M7perm,M0permw	0	0		0.5	0.899	0	0	0	0	0		0.83	0.997	0	0	0	0	0		0.41	0.799	0	0	0	0	0		0.55	0.953	0	0	0	0	0		0.39	0.802	0	0	0	0	0		0.31	0.782	0	0	0	0	0		0.4	0.923	0	0	0	0	0		0.28	0.615	0	0	0	0	0		0.39	0.615	0	0	0	0	0		0.33	0.829	0	0	0	0	0		0.39	0.842	0	0	0	0	0		0.35	0.808	0	0	0	0	0		0.52	0.931	0	0	0	0	0		0.44	0.868	0	0	0	0	0		0.69	0.976	0	0	0	0	0		0.44	0.841	0	0	0	0	0		0.66	0.971	0	0	0																																																	between_subject_case_control	ex_vivo_primary_cells	unknown	""	medium	blood	2018-09-25	TRUE	FALSE	partially_confounded		partially_confounded
SRP159264	liver | between_subject_case_control | conf=medium | tumor_tissue | n=34	tissue	tissue:liver	34	30	30	30	15	15	0.27	0	0	16650	8	22	4	4	0	0	0	0	0	5	0.369	-0.591	0.268	0.247	-0.324	-0.317	liver	-3.188	0.952	-1.017	6e-04	6e-04								9.36	M0,M1,M0perm,M2,M2perm,M3,M4,M5,M4perm,M5perm,M0permw	9250	9406	0.97	0.95	0.999	0	0	5	9250	9129	0.946	0.93	0.998	0	0	0	9250	9281	0.978	0.93	1	0	0	0	9250	11608	0.771	0.54	0.979	0	0	0	9406	11608	0.78	0.55	0.979	0	5	0	9250	8961	0.784	0.74	0.967	0	0	2	9406	8961	0.784	0.75	0.967	0	5	2	9250	3313	0.274	0.32	0.747	760	0	0	9406	3313	0.271	0.32	0.747	789	5	0	9250	9053	0.935	0.89	0.998	0	0	5	9406	9053	0.943	0.9	0.999	0	5	5	9250	9078	0.835	0.85	0.983	0	0	1	9406	9078	0.839	0.88	0.984	0	5	1																																	9250	9482	0.956	0.84	0.999	0	0	5	9250	9134	0.921	0.88	0.997	0	0	5																																	between_subject_case_control	in_vivo_tissue	both_sexes	tumor_tissue	medium	liver	2018-12-13	TRUE	FALSE	balanced	balanced	balanced
SRP161704	tumor | between_subject_case_control | conf=medium | tumor_tissue | n=129	group	in:sample type=primary;subj:primary_id;tissue:tumor	129	129	79	78	31	47	1	0		28371.5	78	0	31	47	78	0	0	0	78	0		0.144	-0.025	-0.154	0	0.269	generic	-0.189	0.136	-0.13	5e-04	5e-04								31.35	M0																																																																																																																																																																																									between_subject_case_control	in_vivo_tissue	female_only	tumor_tissue	medium	tumor	2018-09-25	TRUE	TRUE	single_sex		single_sex
SRP162073	muscle | between_subject_case_control | conf=high |  | n=13	isolate	tissue:muscle	13	13	13	13	7	6	0.77	0.119	0.647	17977	10	3	5	5	0	0	0	0	0	4	0.497	-0.357	-1.59	3.285	-3.705	-0.24	muscle	-2.743	1.053	-0.506	6e-04	6e-04								5.45	M0,M1,M0perm,M2,M2perm,M3,M4,M5,M4perm,M5perm,M0permw	7619	7854	0.9	0.82	0.997	0	0	3	7619	7896	0.754	0.58	0.975	0	0	0	7619	7921	0.898	0.86	0.996	0	0	0	7619	9330	0.784	0.42	0.988	0	0	1	7854	9330	0.792	0.48	0.986	0	3	1	7619	2705	0.334	0.67	0.927	0	0	0	7854	2705	0.325	0.71	0.93	0	3	0	7619	380	0.045	0.45	0.728	389	0	0	7854	380	0.044	0.5	0.728	413	3	0	7619	6564	0.746	0.7	0.981	0	0	1	7854	6564	0.757	0.76	0.985	0	3	1	7619	7755	0.864	0.73	0.995	0	0	3	7854	7755	0.899	0.77	0.997	0	3	3																																	7619	6923	0.811	0.76	0.988	0	0	2	7619	7830	0.88	0.78	0.996	0	0	3																																	between_subject_case_control	in_vivo_tissue	both_sexes	""	high	muscle	2019-05-02	TRUE	FALSE	balanced	mildly_imbalanced	mildly_imbalanced
SRP162125	blood | between_subject_case_control | conf=medium |  | n=147	disease state	tissue:blood	147	147	147	147	127	20	0.82	0.027		18022	121	26	105	16	147	0	0	0	147	5	0.931	0.734	0.738	1.127	-0.717	-0.723	blood	0.88	0.782	-0.391	0.4935	0.4439								18.31	M0,M1,M0perm,M3,M4,M5,M7,M4perm,M5perm,M7perm,M0permw	4725	4776	0.974	0.99	0.999	0	0	1	4725	4770	0.95	0.98	0.999	0	0	0	4725	4772	0.979	1	1	0	0	0	4725	7864	0.597	0.68	0.963	0	0	0	4776	7864	0.603	0.68	0.963	0	1	0	4725	6640	0.613	0.82	0.945	0	0	1	4776	6640	0.618	0.83	0.946	0	1	1	4725	6598	0.566	0.65	0.904	18	0	1	4776	6598	0.569	0.65	0.907	18	1	1	4725	4666	0.911	0.97	0.997	0	0	1	4776	4666	0.912	0.97	0.997	0	1	1	4725	4661	0.948	0.98	0.999	0	0	1	4776	4661	0.954	0.98	0.999	0	1	1	4725	4955	0.838	0.92	0.983	0	0	1	4776	4955	0.846	0.93	0.984	0	1	1	4725	4742	0.974	0.97	0.999	0	0	1	4776	4742	0.986	0.98	1	0	1	1																																																	between_subject_case_control	in_vivo_tissue	unknown	""	medium	blood	2019-06-13	TRUE	FALSE	balanced		balanced
SRP162411	blood | in_vivo_treatment_arms | conf=medium |  | n=765	treatment	in:hours_post_treatment=24;subj:isolate;tissue:blood	765	765	28	28	20	8	0.36	0.025	0.007	15640	10	18	7	3	0	0	3	0	0	5	0.202	-0.152	0.136	0.296	-0.329	-0.068	blood	-0.042	0.845	-0.418	0.2372	0.22								23.38	M0,M1,M0perm,M2,M2perm,M3,M4,M5,M7,M4perm,M5perm,M7perm,M0permw	0	0		0.88	0.991	0	0	0	0	0		0.83	0.986	0	0	0	0	0		0.9	0.995	0	0	0	0	0		0.45	0.778	0	0	0	0	0		0.45	0.785	0	0	0	0	0		0.7	0.948	0	0	0	0	0		0.72	0.958	0	0	0	0	0		0.37	0.815	0	0	0	0	0		0.4	0.825	0	0	0	0	0		0.72	0.968	0	0	0	0	0		0.78	0.977	0	0	0	0	0		0.61	0.953	0	0	0	0	0		0.69	0.963	0	0	0	0	0		0.68	0.961	0	0	0	0	0		0.72	0.969	0	0	0	0	0		0.72	0.968	0	0	0	0	0		0.79	0.979	0	0	0	0	0		0.86	0.987	0	0	0	0	0		0.73	0.97	0	0	0																																	in_vivo_treatment_arms	in_vivo_tissue	both_sexes	""	medium	blood	2018-09-24	TRUE	FALSE	balanced	balanced	balanced
SRP162492	blood | between_subject_case_control | conf=high |  | n=88	acr at 3m	tissue:blood	88	88	88	88	22	66	0.4	0.136		15795	35	53	11	24	88	0	0	0	88	5	0.192	-0.4	0.432	0.581	-0.511	-0.266	blood	0.184	-0.022	-0.215	0.7578	0.7327								6.13	M0,M1,M0perm,M3,M4,M5,M7,M4perm,M5perm,M7perm,M0permw	0	0		0.88	0.992	0	0	0	0	0		0.85	0.997	0	0	0	0	0		0.9	0.995	0	0	0	0	0		0.26	0.6	0	0	0	0	0		0.24	0.596	0	0	0	0	0		0.27	0.631	0	0	0	0	0		0.29	0.672	0	0	0	0	0		0.41	0.954	0	0	0	0	0		0.47	0.976	0	0	0	0	0		0.83	0.98	0	0	0	0	0		0.91	0.994	0	0	0	0	0		0.84	0.985	0	0	0	0	0		0.92	0.998	0	0	0	0	0		0.84	0.987	0	0	0	0	0		0.9	0.991	0	0	0	0	0		0.83	0.983	0	0	0	0	0		0.91	0.995	0	0	0																																																	between_subject_case_control	in_vivo_tissue	unknown	""	high	blood	2019-09-12	TRUE	FALSE	balanced		balanced
SRP162500	blood | in_vivo_treatment_arms | conf=medium |  | n=766	treatment	in:hours_post_treatment=24;subj:isolate;tissue:blood	766	766	29	29	21	8	0.52	0.024	0.749	15540	15	14	11	4	0	1	4	0	0	5	0.043	-0.204	-0.543	-0.486	0.287	-0.052	blood	0.269	-0.636	-0.075	0.2175	0.1942								13.75	M0,M1,M0perm,M2,M2perm,M3,M4,M5,M7,M4perm,M5perm,M7perm,M0permw	0	0		0.93	0.996	0	0	0	0	0		0.84	0.989	0	0	0	0	0		0.91	0.996	0	0	0	0	0		0.36	0.707	0	0	0	0	0		0.35	0.704	0	0	0	0	0		0.53	0.93	0	0	0	0	0		0.52	0.935	0	0	0	0	0		0.52	0.924	0	0	0	0	0		0.56	0.927	0	0	0	0	0		0.53	0.952	0	0	0	0	0		0.55	0.956	0	0	0	0	0		0.76	0.978	0	0	0	0	0		0.77	0.981	0	0	0	0	0		0.83	0.988	0	0	0	0	0		0.87	0.992	0	0	0	0	0		0.7	0.983	0	0	0	0	0		0.73	0.988	0	0	0	0	0		0.54	0.95	0	0	0	0	0		0.86	0.989	0	0	0																																	in_vivo_treatment_arms	in_vivo_tissue	both_sexes	""	medium	blood	2018-09-25	TRUE	FALSE	balanced	mildly_imbalanced	mildly_imbalanced
SRP162743	heart | between_subject_case_control | conf=high |  | n=16	cardiac disease	tissue:heart	16	16	16	16	5	11	0.25	0.364	2.058	14050.5	4	12	0	4	16	0	0	0	0	3	0.137	0.309	0.73	-0.553	0.403	-0.059	heart	0.427	0.704	1.338	2e-04	2e-04	readlen	1					1	8.69	M0,M1,M0perm,M2,M2perm,M3,M4,M5,M4perm,M5perm,M0permw	2631	1901	0.663	0.85	0.979	0	0	0	2631	2404	0.859	0.85	0.997	0	0	0	2631	2047	0.694	0.8	0.98	0	0	0	2631	5991	0.439	0.56	0.981	0	0	0	1901	5991	0.314	0.49	0.974	0	0	0	2631	1396	0.494	0.68	0.969	0	0	0	1901	1396	0.642	0.72	0.978	0	0	0	2631	2841	0.657	0.61	0.962	0	0	0	1901	2841	0.653	0.68	0.986	0	0	0	2631	1155	0.385	0.6	0.948	0	0	0	1901	1155	0.468	0.6	0.948	0	0	0	2631	1695	0.578	0.79	0.969	0	0	0	1901	1695	0.794	0.85	0.995	0	0	0																																	2631	176	0.043	0.27	0.724	33	0	0	2631	1767	0.618	0.82	0.978	0	0	0																																	between_subject_case_control	in_vivo_tissue	unknown	""	high	heart	2018-10-01	TRUE	FALSE	partially_confounded	completely_confounded	completely_confounded
SRP162873	muscle | between_subject_case_control | conf=high |  | n=50	diagnosis	tissue:muscle	50	50	34	31	20	11	0.19	0.545		15577	6	25	0	6	31	0	0	3	31	5	0.161	-0.049	0.613	-0.531	0.495	-0.031	muscle	0.905	-0.996	1.777	0.0075	0.0074	readlen	0.246					0.246	1.65	M0,M1,M0perm,M3,M4,M5,M6,M4perm,M5perm,M6perm,M0permw	486	140	0.164	0.41	0.828	6	8	0	486	446	0.827	0.89	0.991	0	8	7	486	20	0.041	0.41	0.863	0	8	0	486	975	0.455	0.57	0.957	0	8	1	140	975	0.104	0.39	0.806	0	0	1	486	90	0.118	0.36	0.803	4	8	0	140	90	0.369	0.62	0.944	0	0	0	486	188	0.135	0.28	0.701	4	8	0	140	188	0.238	0.39	0.845	0	0	0	486	55	0.071	0.3	0.767	5	8	0	140	55	0.266	0.58	0.948	0	0	0	486	99	0.136	0.38	0.81	4	8	0	140	99	0.448	0.65	0.971	0	0	0																																																	486	105	0.143	0.41	0.827	6	8	0	140	105	0.75	0.97	1	0	0	0	486	126	0.15	0.41	0.827	6	8	0	140	126	0.822	0.93	1	0	0	0	between_subject_case_control	in_vivo_tissue	unknown	""	high	muscle	2018-11-30	TRUE	FALSE	partially_confounded		partially_confounded
SRP163027	blood | between_subject_case_control | conf=high |  | n=51	disease state	tissue:blood	51	51	30	30	11	19	1	0		15386.5	30	0	11	19	30	0	0	0	30	0		0.133	0.176	0.091	-0.132	-0.529	blood	0.32	0.174	-0.074	0.6796	0.5746								4.84	M0																																																																																																																																																																																									between_subject_case_control	in_vivo_tissue	female_only	""	high	blood	2018-10-04	TRUE	TRUE	single_sex		single_sex
SRP163173	tumor | between_subject_case_control | conf=medium | tumor_tissue | n=92	case/control	ex:case/control=exclude;subj:patient id;tissue:tumor	92	92	91	90	47	43	0.01	0.021		19414	1	89	1	0	90	0	0	1	90	5	0.081	-0.14	0.158	0.441	-0.426	0.06	generic	-0.051	0.403	-0.347	2e-04	2e-04								3.7	M0,M1,M0perm,M3,M4,M5,M4perm,M5perm,M0permw	0	0		0.89	0.993	0	0	0	0	0		0.94	0.996	0	0	0	0	0		0.88	0.997	0	0	0	0	0		0.22	0.686	0	0	0	0	0		0.25	0.69	0	0	0	0	0		0.65	0.924	0	0	0	0	0		0.68	0.918	0	0	0	0	0		0.4	0.827	0	0	0	0	0		0.45	0.855	0	0	0	0	0		0.78	0.975	0	0	0	0	0		0.82	0.989	0	0	0	0	0		0.61	0.952	0	0	0	0	0		0.6	0.959	0	0	0																																																																																	between_subject_case_control	in_vivo_tissue	male_only	tumor_tissue	medium	tumor	2018-10-04	TRUE	FALSE	balanced		balanced
SRP163478	heart | between_subject_case_control | conf=medium |  | n=30	condition	in:tissue=right ventricle;tissue:heart	30	30	10	10	5	5	0.4	0.8		17368.5	4	6	0	4	10	0	0	0	10	3	0.138	-0.218	0.011	-1.681	1.761	0.667	heart	-0.678	1.122	1.268	3e-04	3e-04								0.91	M0,M1,M0perm,M3,M4,M5,M4perm,M5perm,M0permw	608	79	0.041	0.14	0.749	6	9	0	608	831	0.705	0.71	0.995	0	9	9	608	17	0.011	0.16	0.722	0	9	0	608	234	0.26	0.43	0.877	0	9	9	79	234	0.047	0.11	0.464	12	0	9	608	92	0.034	0.11	0.729	8	9	0	79	92	0.248	0.42	0.951	0	0	0	608	0	0	0.16	0.639	10	9	0	79	0	0	0.45	0.888	0	0	0	608	71	0.038	0.16	0.751	8	9	0	79	71	0.376	0.53	0.976	0	0	0	608	0	0	0.11	0.616	11	9	0	79	0	0	0.26	0.771	1	0	0																																																																																	between_subject_case_control	in_vivo_tissue	unknown	""	medium	heart	2018-10-08	TRUE	FALSE	partially_confounded		partially_confounded
SRP164913	blood | between_subject_case_control | conf=medium | targeted_assay_suspected | n=106	diagnosis	in:cell type=pbmc;ex:longitudinal replicate=yes;ex:technical replicate=yes;tissue:blood	106	106	29	29	11	18	0.62	0.172	0.044	183	18	11	8	10	0	0	28	0	0	2	0.088	0.524	-0.402	0.142	-0.174	0.939	blood	0.251	0.586		0	0	readlen	0.18					0.18	10.6	M0,M1,M0perm,M2,M2perm,M3,M4,M5,M6,M4perm,M5perm,M6perm,M0permw	1	0	0	0.95	0.989	0	0	0	1	1	1	0.97	0.997	0	0	0	1	0	0	0.97	0.978	0	0	0	1	1	1	0.78	0.782	0	0	0	0	1	0	0.76	0.774	0	0	0	1	2	0.5	0.7	0.704	0	0	0	0	2	0	0.72	0.705	0	0	0	1	0	0	0.89	0.965	0	0	0	0	0		0.91	0.972	0	0	0	1	0	0	0.95	0.987	0	0	0	0	0		0.96	0.991	0	0	0	1	0	0	0.91	0.964	0	0	0	0	0		0.93	0.979	0	0	0																																	1	0	0	0.97	0.988	0	0	0	1	0	0	0.94	0.974	0	0	0	1	0	0	0.78	0.777	0	0	0	0	0		0.78	0.801	0	0	0	1	0	0	0.96	0.988	0	0	0	0	0		0.98	0.995	0	0	0	between_subject_case_control	ex_vivo_primary_cells	both_sexes	targeted_assay_suspected	medium	blood	2019-02-04	FALSE	FALSE	mildly_imbalanced	balanced	mildly_imbalanced
SRP165679	skin | between_subject_case_control | conf=medium |  | n=147	skin type	ex:skin type=chronic_lesion;tissue:skin	147	147	87	85	49	36	0.54	0.121		18438	46	39	24	22	85	0	0	2	85	5	0.737	-0.2	0.253	-0.566	0.705	0.065	generic	2.041	-0.955	-1.138	0.0021	0.0021								20.17	M0,M1,M0perm,M3,M4,M5,M4perm,M5perm,M0permw	16633	16579	0.981	0.95	1	0	0	3	16633	16636	0.981	0.96	1	0	0	0	16633	16505	0.98	0.95	1	0	0	0	16633	16935	0.902	0.71	0.99	0	0	2	16579	16935	0.899	0.69	0.989	0	3	2	16633	16703	0.963	0.89	0.999	0	0	2	16579	16703	0.968	0.91	0.999	0	3	2	16633	4416	0.252	0.51	0.819	1726	0	0	16579	4416	0.252	0.51	0.821	1699	3	0	16633	16499	0.975	0.94	0.999	0	0	3	16579	16499	0.984	0.97	1	0	3	3	16633	16176	0.953	0.92	0.999	0	0	3	16579	16176	0.959	0.93	0.999	0	3	3																																																																																	between_subject_case_control	in_vivo_tissue	unknown	""	medium	skin	2019-01-23	TRUE	FALSE	balanced		balanced
SRP166200	other | between_subject_case_control | conf=high |  | n=16	health_state	subj:isolate;tissue:other	16	16	16	16	4	12	0.31	0.083	0.649	20691.5	5	11	1	4	0	2	1	0	0	5	0.234	-0.531	0.127	0.443	-0.619	1.274	generic	1.74	1.209	0.574	0	0								13.43	M0,M1,M0perm,M2,M2perm,M3,M4,M5,M4perm,M5perm,M0permw	385	665	0.574	0.71	0.994	0	0	0	385	35	0.091	0.81	0.937	0	0	0	385	487	0.741	0.85	0.993	0	0	0	385	544	0.314	0.52	0.766	0	0	0	665	544	0.269	0.41	0.76	1	0	0	385	906	0.408	0.59	0.946	0	0	0	665	906	0.647	0.75	0.954	0	0	0	385	13	0.031	0.32	0.578	0	0	0	665	13	0.018	0.28	0.59	9	0	0	385	840	0.288	0.23	0.793	0	0	0	665	840	0.417	0.36	0.791	0	0	0	385	363	0.585	0.75	0.973	0	0	0	665	363	0.518	0.85	0.979	0	0	0																																	385	643	0.512	0.59	0.974	0	0	0	385	325	0.488	0.58	0.915	0	0	0																																	between_subject_case_control	ex_vivo_primary_cells	both_sexes	""	high	other	2019-03-01	TRUE	FALSE	balanced	mildly_imbalanced	mildly_imbalanced
SRP166889	other | in_vivo_treatment_arms | conf=high | tumor_tissue | n=29	therapy	tissue:other	29	29	29	29	14	15	0.62	0.233		19480	18	11	7	11	29	0	0	0	29	5	0.115	0.593	0.184	0.087	0.122	0.342	generic	-0.031	-0.358	0.395	0.0376	0.0375	readlen	0.176					0.176	15.7	M0,M1,M0perm,M3,M4,M5,M6,M7,M4perm,M5perm,M6perm,M7perm,M0permw	0	0		0.65	0.985	0	0	0	0	0		0.79	0.991	0	0	0	0	0		0.76	0.971	0	0	0	0	0		0.15	0.533	0	0	0	0	0		0.15	0.515	0	0	0	0	0		0.53	0.932	0	0	0	0	0		0.67	0.937	0	0	0	0	0		0.44	0.873	0	0	0	0	0		0.47	0.879	0	0	0	0	0		0.66	0.981	0	0	0	0	0		0.86	0.997	0	0	0	0	0		0.56	0.982	0	0	0	0	0		0.67	0.995	0	0	0	0	0		0.52	0.978	0	0	0	0	0		0.78	0.993	0	0	0	0	0		0.62	0.982	0	0	0	0	0		0.89	0.997	0	0	0																	0	0		0.57	0.963	0	0	0	0	0		0.8	0.986	0	0	0	0	0		0.6	0.981	0	0	0	0	0		0.9	0.998	0	0	0	in_vivo_treatment_arms	in_vivo_tissue	unknown	tumor_tissue	high	other	2018-12-06	TRUE	FALSE	mildly_imbalanced		mildly_imbalanced
SRP168013	reproductive | between_subject_case_control | conf=medium |  | n=33	mestrual phase	in:source_name=endocervix;tissue:reproductive	33	25	15	15	7	8	1	0		20171	15	0	7	8	15	0	0	0	15	0		-0.064	0.257	1.284	-1.483	-0.641	generic	-0.414	-0.998	-0.24	3e-04	3e-04								7.23	M0																																																																																																																																																																																									between_subject_case_control	in_vivo_tissue	female_only	""	medium	reproductive	2019-09-26	TRUE	TRUE	single_sex		single_sex
SRP168038	kidney | between_subject_case_control | conf=medium |  | n=81	sepsis	ex:sepsis=not included in comparison;tissue:kidney	81	27	15	15	5	10	0.53	0.2	0.088	22136	8	7	2	6	0	1	5	0	0	3	0.087	-0.288	0.362	0.587	-0.309	0.535	kidney	0.378	0.683	-0.023	0	0								24.78	M0,M1,M0perm,M2,M2perm,M3,M4,M5,M4perm,M5perm,M0permw	0	0		0.79	0.967	0	0	0	0	0		0.31	0.809	0	0	0	0	0		0.84	0.984	0	0	0	0	0		0.27	0.816	0	0	0	0	0		0.26	0.803	0	0	0	0	0		0.39	0.848	0	0	0	0	0		0.39	0.835	0	0	0	0	0		0.21	0.756	0	0	0	0	0		0.24	0.758	0	0	0	0	0		0.62	0.92	0	0	0	0	0		0.69	0.939	0	0	0	0	0		0.45	0.838	0	0	0	0	0		0.5	0.859	0	0	0																																	0	0		0.64	0.941	0	0	0	0	0		0.39	0.853	0	0	0																																	between_subject_case_control	in_vivo_tissue	both_sexes	""	medium	kidney	2018-11-18	TRUE	FALSE	mildly_imbalanced	balanced	mildly_imbalanced
SRP168251	liver | between_subject_case_control | conf=high |  | n=178	disease state	tissue:liver	178	178	178	160	155	5	0.6	0.206		19044	96	64	94	2	160	0	0	18	160	5	0.066	1.095	0.222	-0.506	0.515	-0.052	liver	-0.783	1.928	0.803	0.0091	0.0091	layout	0.121		0.121			0.121	24.51	M0,M1,M0perm,M3,M4,M5,M6,M4perm,M5perm,M6perm,M0permw	8265	8041	0.954	1	0.999	0	7	3	8265	8252	0.989	0.98	1	0	7	7	8265	8058	0.96	0.98	1	0	7	7	8265	9766	0.616	0.82	0.896	0	7	1	8041	9766	0.618	0.82	0.898	0	3	1	8265	7560	0.748	0.92	0.963	0	7	2	8041	7560	0.755	0.92	0.966	0	3	2	8265	7438	0.445	0.74	0.757	139	7	0	8041	7438	0.445	0.74	0.754	123	3	0	8265	8094	0.948	0.99	0.999	0	7	4	8041	8094	0.981	0.99	1	0	3	4	8265	7774	0.923	0.98	0.999	0	7	3	8041	7774	0.946	0.98	0.999	0	3	3																																																	8265	7931	0.735	0.88	0.929	1	7	1	8041	7931	0.739	0.88	0.924	0	3	1	8265	7963	0.948	1	0.999	0	7	3	8041	7963	0.978	1	1	0	3	3	between_subject_case_control	in_vivo_tissue	unknown	""	high	liver	2019-08-27	TRUE	FALSE	mildly_imbalanced		mildly_imbalanced
SRP168357	brain | between_subject_case_control | conf=medium | cell_free_rna | n=30	disease state	in:sample type=ventricular cerebrospinal fluid;subj:individual;tissue:brain	30	30	19	14	10	4	0.64	0.55		23208	9	5	8	1	14	0	0	5	14	2	0.307	0.77	0.872	0.38	-0.252	-1.867	brain	0.739	0.29	-0.529	0.0162	0.0162								23.8	M0,M1,M0perm,M3,M4,M5,M7,M4perm,M5perm,M7perm,M0permw	0	0		0.42	0.661	0	0	0	0	0		0.84	0.963	0	0	0	0	0		0.51	0.896	0	0	0	0	0		0.44	0.722	0	0	0	0	0		0.32	0.837	0	0	0	0	0		0.24	0.454	0	0	0	0	0		0.67	0.896	0	0	0	0	0		0.47	0.755	0	0	0	0	0		0.62	0.953	0	0	0	0	0		0.25	0.473	0	0	0	0	0		0.29	0.589	0	0	0	0	0		0.36	0.544	0	0	0	0	0		0.76	0.951	0	0	0	0	0		0.4	0.606	0	0	0	0	0		0.84	0.968	0	0	0	0	0		0.38	0.664	0	0	0	0	0		0.86	0.996	0	0	0																																																	between_subject_case_control	in_vivo_tissue	unknown	cell_free_rna	medium	brain	2019-08-07	TRUE	FALSE	partially_confounded		partially_confounded
SRP168421	blood | between_subject_case_control | conf=high |  | n=26	disease	tissue:blood	26	26	26	26	20	6	1	0		17130.5	26	0	20	6	26	0	0	0	26	0		-0.592	1	1.524	-1.239	-0.096	blood	0.591	-1.067	0.853	0.0333	0.0333	readlen	0.673	0.426				0.673	6.27	M0																																																																																																																																																																																									between_subject_case_control	ex_vivo_primary_cells	unknown	""	high	blood	2018-11-15	TRUE	TRUE	single_sex		single_sex
SRP169085	blood | between_subject_case_control | conf=medium |  | n=33	disease state	in:cell=gamma delta t cell;tissue:blood	33	33	12	12	7	5	0.67	0.114		16630.5	8	4	5	3	12	0	0	0	12	2	0.347	0.473	0.639	-1.987	1.772	0.758	blood	-0.277	0.7	0.413	6e-04	6e-04								6.65	M0,M1,M0perm,M3,M4,M5,M4perm,M5perm,M0permw	0	0		0.7	0.972	0	0	0	0	0		0.59	0.962	0	0	0	0	0		0.83	0.986	0	0	0	0	1	0	0.35	0.899	0	0	0	0	1	0	0.32	0.896	0	0	0	0	0		0.35	0.81	0	0	0	0	0		0.42	0.796	0	0	0	0	0		0.18	0.833	0	0	0	0	0		0.24	0.817	0	0	0	0	0		0.29	0.801	0	0	0	0	0		0.34	0.788	0	0	0	0	0		0.24	0.756	0	0	0	0	0		0.29	0.728	0	0	0																																																																																	between_subject_case_control	ex_vivo_primary_cells	unknown	""	medium	blood	2018-11-19	TRUE	FALSE	balanced		balanced
SRP169128	brain | between_subject_case_control | conf=high |  | n=38	diagnosis	in:tissue=motor cortex;subj:subject id;tissue:brain	38	38	34	17	11	6	0.41	0.121		22037	7	10	5	2	17	0	0	0	17	3	0.491	-0.37	-0.358	-0.005	-0.156	0.311	brain	-0.56	-0.068	-0.544	6e-04	5e-04								8.76	M0,M1,M0perm,M3,M4,M5,M4perm,M5perm,M0permw	0	0		0.8	0.992	0	0	0	0	2	0	0.28	0.784	0	0	0	0	0		0.87	0.992	0	0	0	0	0		0.34	0.699	0	0	0	0	0		0.38	0.701	0	0	0	0	0		0.56	0.909	0	0	0	0	0		0.58	0.924	0	0	0	0	0		0.51	0.798	0	0	0	0	0		0.56	0.81	0	0	0	0	0		0.43	0.936	0	0	0	0	0		0.44	0.93	0	0	0	0	0		0.58	0.962	0	0	0	0	0		0.64	0.973	0	0	0																																																																																	between_subject_case_control	in_vivo_tissue	unknown	""	high	brain	2019-09-22	TRUE	FALSE	balanced		balanced
SRP169582	lung | between_subject_case_control | conf=medium | tumor_tissue | n=66	patient diagnosis	ex:source_name=non-small cell lung cancer cell line;in:tissue=lung tissue biopsy;tissue:lung	66	66	57	57	47	10	0.42	0.511	0.129	3643	24	33	24	0	0	6	12	0	0	5	0.202	0.002	0.526	0.332	-0.246	0.138	lung	1.161	0.033	-0.59	0	0								17.25	M0,M1,M0perm,M2,M2perm,M3,M4,M5,M4perm,M5perm,M0permw	33	2	0.061	0.55	0.918	0	0	0	33	16	0.485	0.87	0.973	0	0	0	33	14	0.424	0.74	0.941	0	0	0	33	13	0.243	0.41	0.779	0	0	0	2	13	0.154	0.35	0.704	0	0	0	33	17	0.163	0.51	0.904	0	0	0	2	17	0.118	0.7	0.968	0	0	0	33	0	0	0.46	0.874	0	0	0	2	0	0	0.62	0.956	0	0	0	33	2	0.061	0.53	0.913	0	0	0	2	2	1	0.91	0.992	0	0	0	33	3	0.091	0.53	0.904	0	0	0	2	3	0.667	0.8	0.984	0	0	0																																	33	2	0.061	0.56	0.919	0	0	0	33	1	0.03	0.49	0.889	0	0	0																																	between_subject_case_control	in_vivo_tissue	both_sexes	tumor_tissue	medium	lung	2019-01-23	FALSE	FALSE	partially_confounded	balanced	partially_confounded
SRP169610	blood | between_subject_case_control | conf=medium |  | n=15	condition	ex:condition=subacute ischemic stroke;tissue:blood	15	15	10	10	5	5	0.1	0.2		19009	1	9	0	1	10	0	0	0	10	3	0.009	-1.87	-1.712	-4.108	5.115	0.572	blood	-0.45	0.388	0.627	0.0136	0.0132								16.78	M0,M1,M0perm,M3,M4,M5,M7,M4perm,M5perm,M7perm,M0permw	9350	7315	0.774	0.9	0.996	0	0	3	9350	9907	0.859	0.46	0.992	0	0	0	9350	8453	0.816	0.76	0.991	0	0	1	9350	10953	0.805	0.46	0.983	0	0	0	7315	10953	0.656	0.44	0.978	2	3	0	9350	0	0	0.36	0.735	544	0	0	7315	0	0	0.35	0.738	221	3	0	9350	7051	0.701	0.6	0.987	0	0	4	7315	7051	0.815	0.62	0.99	0	3	4	9350	6568	0.649	0.46	0.978	0	0	2	7315	6568	0.741	0.49	0.984	0	3	2	9350	2532	0.267	0.54	0.968	0	0	0	7315	2532	0.337	0.58	0.976	0	3	0	9350	5701	0.593	0.75	0.986	0	0	2	7315	5701	0.716	0.77	0.988	0	3	2	9350	7493	0.774	0.67	0.992	0	0	3	7315	7493	0.869	0.7	0.996	0	3	3																																																	between_subject_case_control	ex_vivo_primary_cells	unknown	""	medium	blood	2019-02-27	TRUE	FALSE	mildly_imbalanced		mildly_imbalanced
SRP170629	other | between_subject_case_control | conf=high |  | n=60	tissue/status	ex:tissue/status=unknown intracranial aneurysm;ex:tissue/status=unknown rupture status;tissue:other	60	60	37	37	21	16	0.65	0.372	2.097	19639	24	13	17	7	0	5	0	0	0	5	0.069	-0.478	0.233	0.052	0.424	0.054	generic	1.015	0.452	0	0.0312	0.0312								4.78	M0,M1,M0perm,M2,M2perm,M3,M4,M5,M7,M4perm,M5perm,M7perm,M0permw	4948	6808	0.644	0.45	0.977	0	1	1	4948	4723	0.831	0.71	0.996	0	1	1	4948	0	0	0.65	0.973	0	1	0	4948	0	0	0.02	0.174	1714	1	0	6808	0	0	0	0.122	2760	1	0	4948	7699	0.569	0.29	0.969	0	1	1	6808	7699	0.797	0.56	0.99	0	1	1	4948	0	0	0.07	0.648	206	1	0	6808	0	0	0.09	0.625	540	1	0	4948	5414	0.647	0.43	0.973	0	1	1	6808	5414	0.768	0.85	0.995	0	1	1	4948	6727	0.634	0.4	0.976	0	1	0	6808	6727	0.909	0.82	0.998	0	1	0	4948	7220	0.61	0.41	0.975	0	1	0	6808	7220	0.918	0.82	0.999	0	1	0	4948	6557	0.642	0.44	0.977	0	1	1	6808	6557	0.924	0.85	0.999	0	1	1	4948	10	0.002	0.27	0.926	2	1	0	4948	7407	0.609	0.45	0.977	0	1	1																																	between_subject_case_control	in_vivo_tissue	both_sexes	""	high	other	2018-11-28	TRUE	FALSE	partially_confounded	completely_confounded	completely_confounded
SRP172534	other | between_subject_case_control | conf=high |  | n=23	isolate	tissue:other	23	23	12	12	6	6	0.83	0.333	0.409	17416.5	10	2	4	6	0	0	0	0	2	1	0.122	0.269	-0.267	0.297	-0.112	0.788	generic	0.091	-0.321	1.092	2e-04	2e-04								0.91	M0,M1,M0perm,M0a,M2,M2perm,M3,M4,M5,M4perm,M5perm,M0permw	0	0		0.5	0.819	0	0	0	0	0		0.27	0.774	0	0	0	0	0		0.53	0.753	0	0	0	0	4	0	0.37	0.903	0	0	0	0	4	0	0.29	0.598	0	0	0	0	0		0.3	0.847	0	0	0	0	0		0.39	0.933	0	0	0	0	0		0.17	0.797	0	0	0	0	0		0.25	0.969	0	0	0	0	0		0.4	0.786	0	0	0	0	0		0.62	0.963	0	0	0	0	0		0.22	0.645	0	0	0	0	0		0.33	0.923	0	0	0																																	0	0		0.46	0.855	0	0	0	0	0		0.58	0.867	0	0	0																																	between_subject_case_control	ex_vivo_primary_cells	both_sexes	""	high	other	2019-01-31	TRUE	FALSE	partially_confounded	mildly_imbalanced	partially_confounded
SRP173190	other | between_subject_case_control | conf=medium |  | n=50	disease state	in:tissue=corpus callosum;tissue:other	50	50	10	10	5	5	1	0		20887	10	0	5	5	10	0	0	0	10	0		0.342	-1.012	0.467	-0.293	-0.072	generic	0.978	0.283	-0.183	5e-04	5e-04								4.97	M0																																																																																																																																																																																									between_subject_case_control	in_vivo_tissue	unknown	""	medium	other	2019-04-29	TRUE	TRUE	single_sex		single_sex
SRP173378	blood | between_subject_case_control | conf=high |  | n=16	patient diagnosis	tissue:blood	16	16	16	16	9	7	0.88	0.032		16979.5	14	2	8	6	16	0	0	0	16	3	0.149	0.542	-0.086	-0.348	0.38	0.002	blood	1.004	-1.187	0.289	0.0024	0.0022								1.03	M0,M1,M0perm,M3,M4,M5,M4perm,M5perm,M0permw	0	0		0.78	0.997	0	0	0	0	0		0.66	0.97	0	0	0	0	0		0.71	0.996	0	0	0	0	0		0.51	0.504	0	0	0	0	0		0.5	0.489	0	0	0	0	0		0.7	0.984	0	0	0	0	0		0.74	0.986	0	0	0	0	0		0.24	0.359	0	0	0	0	0		0.25	0.348	0	0	0	0	0		0.55	0.964	0	0	0	0	0		0.58	0.97	0	0	0	0	0		0.5	0.961	0	0	0	0	0		0.55	0.961	0	0	0																																																																																	between_subject_case_control	in_vivo_tissue	unknown	""	high	blood	2019-01-23	TRUE	FALSE	balanced		balanced
SRP173379	blood | between_subject_case_control | conf=high |  | n=19	patient diagnosis	tissue:blood	19	19	19	19	8	11	0.89	0.034		12625	17	2	7	10	19	0	0	0	19	5	0.074	-0.407	-0.071	-0.511	0.454	0.702	blood	0.328	-0.841	-0.945	1e-04	1e-04								2.14	M0,M1,M0perm,M3,M4,M5,M4perm,M5perm,M0permw	0	0		0.8	0.998	0	0	0	0	0		0.73	0.961	0	0	0	0	0		0.86	0.998	0	0	0	0	0		0.26	0.697	0	0	0	0	0		0.24	0.691	0	0	0	0	0		0.74	0.979	0	0	0	0	0		0.83	0.982	0	0	0	0	1	0	0.55	0.818	0	0	0	0	1	0	0.61	0.822	0	0	0	0	0		0.68	0.962	0	0	0	0	0		0.78	0.966	0	0	0	0	112	0	0.18	0.892	0	0	0	0	112	0	0.21	0.896	0	0	0																																																																																	between_subject_case_control	ex_vivo_primary_cells	unknown	""	high	blood	2019-01-23	TRUE	FALSE	balanced		balanced
SRP173842	blood | between_subject_case_control | conf=high |  | n=73	disease state	tissue:blood	73	73	35	35	17	18	0.89	0.222		14794	31	4	17	14	35	0	0	0	35	4	0.269	0.197	-0.181	-0.389	0.315	-0.119	blood	0.459	0.438	0.42	0.0011	0.0011								5.03	M0,M1,M0perm,M3,M4,M5,M4perm,M5perm,M0permw	30	15	0.364	0.77	0.942	0	0	0	30	32	0.879	0.92	0.999	0	0	0	30	21	0.5	0.74	0.967	0	0	0	30	415	0.072	0.51	0.69	0	0	0	15	415	0.036	0.58	0.686	0	0	0	30	83	0.361	0.69	0.933	0	0	0	15	83	0.181	0.79	0.989	0	0	0	30	29	0.595	0.64	0.68	0	0	0	15	29	0.419	0.68	0.6	0	0	0	30	0	0	0.77	0.947	0	0	0	15	0	0	0.88	0.991	0	0	0	30	91	0.33	0.75	0.931	0	0	0	15	91	0.165	0.8	0.995	0	0	0																																																																																	between_subject_case_control	ex_vivo_primary_cells	unknown	""	high	blood	2019-03-06	TRUE	FALSE	mildly_imbalanced		mildly_imbalanced
SRP174223	blood | in_vivo_treatment_arms | conf=medium |  | n=286	treatment	in:visit=day 84;tissue:blood	286	286	90	90	59	31	0.4	0.118	0.056	18127.5	36	54	26	10	0	0	1	0	0	5	0.07	0.125	0.169	-0.107	0.209	0.144	blood	-0.273	0.54	-0.3	0.0049	0.0049								2.95	M0,M1,M0perm,M2,M2perm,M3,M4,M5,M4perm,M5perm,M0permw	1	1	1	0.88	0.991	0	0	0	1	0	0	0.8	0.986	0	0	0	1	0	0	0.84	0.995	0	0	0	1	119	0.008	0.51	0.832	0	0	0	1	119	0.008	0.5	0.839	0	0	0	1	6	0.167	0.59	0.957	0	0	0	1	6	0.167	0.58	0.953	0	0	0	1	82	0.012	0.41	0.791	0	0	0	1	82	0.012	0.43	0.823	0	0	0	1	0	0	0.81	0.99	0	0	0	1	0	0	0.86	0.996	0	0	0	1	1	1	0.82	0.98	0	0	0	1	1	1	0.85	0.99	0	0	0																																	1	1	1	0.77	0.989	0	0	0	1	1	1	0.87	0.99	0	0	0																																	in_vivo_treatment_arms	in_vivo_tissue	both_sexes	""	medium	blood	2019-03-02	TRUE	FALSE	balanced	balanced	balanced
SRP174668	liver | between_subject_case_control | conf=medium |  | n=192	disease_stage	tissue:liver	192	192	54	54	18	36	0.83	0.083	0.977	17278.5	45	9	14	31	0	0	2	0	0	2	0.052	1.289	-1.255	-1.734	1.824	-1.096	liver	-2.072	1.315	0.109	0	0								18.21	M0,M1,M0perm,M2,M2perm,M3,M4,M5,M4perm,M5perm,M0permw	20054	20049	0.975	0.94	0.999	0	0	0	20054	18644	0.902	0.92	0.996	0	0	0	20054	20994	0.94	0.9	0.996	0	0	0	20054	22386	0.889	0.41	0.943	0	0	0	20049	22386	0.889	0.44	0.94	1	0	0	20054	10273	0.448	0.49	0.89	581	0	0	20049	10273	0.451	0.52	0.894	555	0	0	20054	15009	0.593	0.24	0.818	1162	0	0	20049	15009	0.589	0.24	0.812	1205	0	0	20054	20015	0.967	0.92	0.999	0	0	0	20049	20015	0.98	0.96	0.999	0	0	0	20054	20327	0.962	0.94	0.998	0	0	0	20049	20327	0.968	0.96	0.999	0	0	0																																	20054	18689	0.901	0.88	0.993	0	0	0	20054	20492	0.958	0.93	0.998	0	0	0																																	between_subject_case_control	in_vivo_tissue	both_sexes	""	medium	liver	2018-12-28	TRUE	FALSE	balanced	partially_confounded	partially_confounded
SRP175005	blood | between_subject_case_control | conf=medium |  | n=60	diagnosis	subj:patient id;tissue:blood	60	60	60	41	21	20	0.73	0.426		16195	30	11	11	19	41	0	0	0	41	5	0.066	0.32	-0.168	0.055	0	0.012	blood	1.159	-0.676	0.399	0.0832	0.0829	readlen	0.162					0.162	24.52	M0,M1,M0perm,M3,M4,M5,M6,M7,M4perm,M5perm,M6perm,M7perm,M0permw	3594	2189	0.539	0.57	0.955	1	1	0	3594	3126	0.857	0.93	0.998	0	1	1	3594	1757	0.464	0.68	0.971	0	1	1	3594	2388	0.442	0.56	0.854	0	1	1	2189	2388	0.392	0.39	0.792	1	0	1	3594	2005	0.501	0.56	0.954	0	1	1	2189	2005	0.848	0.9	0.996	0	0	1	3594	37	0.007	0.34	0.631	88	1	0	2189	37	0.015	0.42	0.644	22	0	0	3594	1953	0.487	0.54	0.947	1	1	0	2189	1953	0.847	0.91	0.996	0	0	0	3594	2050	0.507	0.54	0.949	1	1	0	2189	2050	0.898	0.87	0.998	0	0	0	3594	2180	0.532	0.58	0.954	1	1	0	2189	2180	0.922	0.92	0.998	0	0	0	3594	1914	0.484	0.56	0.95	1	1	0	2189	1914	0.829	0.92	0.996	0	0	0																	3594	1802	0.468	0.58	0.952	1	1	0	2189	1802	0.811	0.92	0.997	0	0	0	3594	2102	0.498	0.52	0.944	1	1	0	2189	2102	0.824	0.82	0.992	0	0	0	between_subject_case_control	in_vivo_tissue	unknown	""	medium	blood	2019-01-03	TRUE	FALSE	partially_confounded		partially_confounded
SRP175171	lung | between_subject_case_control | conf=high | tumor_tissue | n=18	subgroup	tissue:lung	18	18	18	18	9	9	0.22	0.444		18036	4	14	0	4	18	0	0	0	18	5	0.209	-0.446	-0.114	0.683	-0.413	-0.091	lung	-0.588	-0.659	0.608	1e-04	1e-04								5.62	M0,M1,M0perm,M3,M4,M5,M4perm,M5perm,M0permw	0	0		0.45	0.874	0	0	0	0	0		0.78	0.975	0	0	0	0	0		0.47	0.92	0	0	0	0	0		0.13	0.502	0	0	0	0	0		0.15	0.57	0	0	0	0	0		0.3	0.862	0	0	0	0	0		0.48	0.954	0	0	0	0	0		0.31	0.775	0	0	0	0	0		0.59	0.915	0	0	0	0	2	0	0.27	0.84	0	0	0	0	2	0	0.53	0.959	0	0	0	0	0		0.21	0.717	0	0	0	0	0		0.38	0.849	0	0	0																																																																																	between_subject_case_control	in_vivo_tissue	unknown	tumor_tissue	high	lung	2019-01-06	TRUE	FALSE	partially_confounded		partially_confounded
SRP175707	other | in_vivo_treatment_arms | conf=medium | tumor_tissue | n=76	treatment group	in:timepoint=day 5 (d5);subj:source_name;tissue:other	76	44	23	23	11	12	0	0		18619	0	23	0	0	0	0	5	0	23	0		-0.344	-0.857	-1.546	1.619	0.114	generic	-0.342	-0.001	0.123	1e-04	1e-04								3.49	M0																																																																																																																																																																																									in_vivo_treatment_arms	in_vivo_tissue	male_only	tumor_tissue	medium	other	2019-07-17	TRUE	TRUE	single_sex		single_sex
SRP178454	lung | between_subject_case_control | conf=medium |  | n=27	carriage status	in:timepoint=day+2;subj:subject id;tissue:lung	27	27	13	13	5	8	0.69	0.175		20364	9	4	4	5	13	0	0	0	13	1	0.451	0.311	0.09	-1.537	1.269	-0.326	lung	-1.164	-0.274	-0.032	2e-04	2e-04								6.6	M0,M1,M0perm,M3,M4,M5,M4perm,M5perm,M0permw	0	0		0.75	0.973	0	0	0	0	0		0.75	0.994	0	0	0	0	0		0.69	0.991	0	0	0	0	0		0.27	0.693	0	0	0	0	0		0.34	0.798	0	0	0	0	0		0.37	0.954	0	0	0	0	0		0.43	0.986	0	0	0	0	0		0.22	0.908	0	0	0	0	0		0.28	0.94	0	0	0	0	0		0.24	0.872	0	0	0	0	0		0.3	0.93	0	0	0	0	0		0.07	0.915	0	0	0	0	0		0.06	0.888	0	0	0																																																																																	between_subject_case_control	in_vivo_tissue	unknown	""	medium	lung	2019-01-23	TRUE	FALSE	mildly_imbalanced		mildly_imbalanced
SRP179061	other | between_subject_case_control | conf=high |  | n=113	diagnosis	in:cell type=neuron;subj:inventory_patient_id;tissue:other	113	113	42	40	20	20	0.5	0.2		15512.5	20	20	12	8	7	1	13	2	40	5	0.06	-0.053	-0.411	-0.335	0.119	0.2	generic	0.208	0.217	-0.189	0	0								44.67	M0,M1,M0perm,M3,M4,M5,M4perm,M5perm,M0permw	0	0		0.8	0.98	0	0	0	0	0		0.7	0.985	0	0	0	0	0		0.63	0.969	0	0	0	0	0		0.25	0.547	0	0	0	0	0		0.28	0.635	0	0	0	0	0		0.54	0.885	0	0	0	0	0		0.61	0.932	0	0	0	0	0		0.59	0.955	0	0	0	0	0		0.64	0.976	0	0	0	0	0		0.55	0.946	0	0	0	0	0		0.68	0.964	0	0	0	0	0		0.71	0.973	0	0	0	0	0		0.74	0.984	0	0	0																																																																																	between_subject_case_control	ex_vivo_primary_cells	both_sexes	""	high	other	2019-04-18	TRUE	FALSE	mildly_imbalanced		mildly_imbalanced
SRP181114	blood | between_subject_case_control | conf=high |  | n=16	condition	tissue:blood	16	16	16	16	8	8	0.31	0.125		15534	5	11	2	3	16	0	0	0	16	4	0.426	-0.148	-0.122	-0.611	0.224	-0.193	blood	0.079	0.094	0.218	0.3609	0.295								2.49	M0,M1,M0perm,M3,M4,M5,M7,M4perm,M5perm,M7perm,M0permw	0	0		0.87	0.99	0	0	0	0	0		0.83	0.976	0	0	0	0	0		0.89	0.987	0	0	0	0	0		0.42	0.74	0	0	0	0	0		0.48	0.776	0	0	0	0	0		0.69	0.983	0	0	0	0	0		0.72	0.99	0	0	0	0	0		0.64	0.954	0	0	0	0	0		0.66	0.962	0	0	0	0	0		0.37	0.853	0	0	0	0	0		0.37	0.84	0	0	0	0	0		0.7	0.977	0	0	0	0	0		0.74	0.987	0	0	0	0	0		0.79	0.962	0	0	0	0	0		0.86	0.978	0	0	0	0	0		0.52	0.922	0	0	0	0	0		0.56	0.922	0	0	0																																																	between_subject_case_control	ex_vivo_primary_cells	unknown	""	high	blood	2019-01-28	TRUE	FALSE	balanced		balanced
SRP181468	other | between_subject_case_control | conf=high | tumor_tissue | n=14	isolate	tissue:other	14	14	14	14	9	5	1	0	0.503	17850.5	14	0	9	5	0	0	0	0	0	0		1.9	-0.882	-0.507	0.495	-1.413	generic	-0.019	-1.492	-1.009	5e-04	5e-04								7.46	M0																																																																																																																																																																																									between_subject_case_control	in_vivo_tissue	female_only	tumor_tissue	high	other	2019-01-23	TRUE	TRUE	single_sex	mildly_imbalanced	single_sex
SRP181886	other | between_subject_case_control | conf=high |  | n=289	diagnosis	subj:case id;tissue:other	289	289	289	289	219	70	0.45	0.024	0.498	20085	131	158	98	33	1	1	5	0	1	5	0.636	0.361	-0.316	0.137	-0.033	-0.044	generic	0.48	0.721	-0.113	0.0014	0.0014								3.99	M0,M1,M0perm,M0a,M2,M2perm,M3,M4,M5,M4perm,M5perm,M0permw	14964	15105	0.988	0.97	1	0	0	3	14964	14712	0.976	0.98	1	0	0	0	14964	14945	0.995	0.99	1	0	0	0	14964	16139	0.763	0.28	0.962	5	0	4	15105	16139	0.763	0.3	0.962	6	3	4	14964	15025	0.757	0.83	0.958	6	0	5	15105	15025	0.759	0.82	0.958	6	3	5	14964	13786	0.543	0.39	0.835	722	0	4	15105	13786	0.541	0.39	0.834	759	3	4	14964	15185	0.966	0.92	0.999	0	0	3	15105	15185	0.968	0.92	0.999	0	3	3	14964	15264	0.957	0.91	0.999	0	0	3	15105	15264	0.961	0.9	0.999	0	3	3																																	14979	14178	0.911	0.92	0.996	0	0	2	14979	14644	0.918	0.88	0.996	0	0	4																																	between_subject_case_control	in_vivo_tissue	both_sexes	""	high	other	2019-04-18	TRUE	FALSE	balanced	mildly_imbalanced	mildly_imbalanced
SRP182096	blood | between_subject_case_control | conf=high |  | n=62	diagnosis	tissue:blood	62	62	48	48	32	16	0.35	0.156		17971	17	31	13	4	0	2	3	0	48	5	0.307	0.391	0.921	0.821	-0.831	0.702	blood	-0.2	0.394	-0.159	1e-04	1e-04	platform	0.493	0.493	0.482			0.482	5.66	M0,M1,M0perm,M3,M4,M5,M6,M4perm,M5perm,M6perm,M0permw	2673	2035	0.751	0.72	0.993	0	0	0	2673	2365	0.871	0.83	0.997	0	0	0	2673	2350	0.86	0.88	0.995	0	0	0	2673	1630	0.376	0.2	0.932	0	0	0	2035	1630	0.416	0.26	0.938	0	0	0	2673	0	0	0.06	0.767	111	0	0	2035	0	0	0.14	0.804	7	0	0	2673	2675	0.668	0.29	0.973	0	0	0	2035	2675	0.671	0.39	0.97	0	0	0	2673	1905	0.669	0.34	0.977	0	0	0	2035	1905	0.815	0.41	0.988	0	0	0	2673	1252	0.462	0.58	0.985	0	0	0	2035	1252	0.603	0.78	0.996	0	0	0																																																	2673	0	0	0.07	0.622	668	0	0	2035	0	0	0.13	0.66	355	0	0	2673	1625	0.598	0.62	0.992	0	0	0	2035	1625	0.788	0.83	0.998	0	0	0	between_subject_case_control	ex_vivo_primary_cells	both_sexes	""	high	blood	2019-01-28	TRUE	FALSE	mildly_imbalanced		mildly_imbalanced
SRP182649	skin | between_subject_case_control | conf=high |  | n=14	disease	tissue:skin	14	14	14	14	7	7	1	0		21777	14	0	7	7	14	0	0	0	14	0		-0.476	-0.784	0.718	-1.192	1.059	generic	-1.326	-2.162	-0.258	0.0033	0.0032	readlen	0.632					0.632	10.67	M0																																																																																																																																																																																									between_subject_case_control	in_vivo_tissue	unknown	""	high	skin	2019-02-04	TRUE	TRUE	single_sex		single_sex
SRP182842	adipose | between_subject_case_control | conf=medium |  | n=45	ucp1 expression	in:tisse=epicardial adipose;tissue:adipose	45	30	10	10	5	5	1	0		21125.5	10	0	5	5	10	0	0	0	10	0		0.354	0.714	0.441	1.83	0.07	adipose	1.602	-0.693	1.681	0.0017	0.0017								14.7	M0																																																																																																																																																																																									between_subject_case_control	in_vivo_tissue	unknown	""	medium	adipose	2019-06-11	TRUE	TRUE	single_sex		single_sex
SRP182854	other | between_subject_case_control | conf=medium | tumor_tissue | n=18	condition	tissue:other	18	18	16	16	8	8	1	0		15607.5	16	0	8	8	0	14	1	0	16	0		-0.963	-0.739	0.165	-0.965	-0.495	generic	-0.295	0.149	-0.731	6e-04	6e-04								6.08	M0																																																																																																																																																																																									between_subject_case_control	in_vivo_tissue	female_only	tumor_tissue	medium	other	2019-02-15	TRUE	TRUE	single_sex		single_sex
SRP183071	other | between_subject_case_control | conf=medium | tumor_tissue | n=553	cell of origin	ex:cell of origin=unclassified;tissue:other	553	553	449	380	131	249	0.61	0.113		17795	230	150	89	141	380	0	0	69	380	5	0.031	0.37	0.026	-0.157	-0.154	-0.019	generic	-0.262	-0.807	0.011	0.0144	0.0144	readlen	0.071					0.071	10.82	M0,M1,M0perm,M3,M4,M5,M6,M7,M4perm,M5perm,M6perm,M7perm,M0permw	11954	11974	0.95	0.98	0.998	0	10	1	11954	11874	0.97	0.98	1	0	10	10	11954	11855	0.965	0.97	0.999	0	10	9	11954	12818	0.846	0.84	0.985	0	10	10	11974	12818	0.825	0.84	0.981	0	1	10	11954	11270	0.863	0.89	0.989	0	10	1	11974	11270	0.858	0.9	0.988	0	1	1	11954	9552	0.571	0.72	0.863	438	10	1	11974	9552	0.573	0.74	0.867	420	1	1	11954	12004	0.949	0.95	0.999	0	10	1	11974	12004	0.971	0.95	1	0	1	1	11954	12035	0.946	0.98	0.998	0	10	1	11974	12035	0.98	0.98	1	0	1	1	11954	12316	0.908	0.95	0.996	0	10	1	11974	12316	0.943	0.96	0.998	0	1	1	11954	11944	0.95	0.98	0.998	0	10	1	11974	11944	0.993	0.99	1	0	1	1																	11954	11943	0.942	0.99	0.998	0	10	1	11974	11943	0.973	0.99	1	0	1	1	11954	11935	0.948	0.98	0.998	0	10	1	11974	11935	0.991	1	1	0	1	1	between_subject_case_control	in_vivo_tissue	unknown	tumor_tissue	medium	other	2019-02-04	TRUE	FALSE	balanced		balanced
SRP183186	blood | between_subject_case_control | conf=high |  | n=59	disease	subj:isolate;tissue:blood	59	59	59	59	39	20	0.71	0.058	1.046	14909	42	17	27	15	0	9	0	0	0	5	0.337	-0.212	-0.422	0.219	-0.586	-0.211	blood	-0.247	-1.379	0.405	0.0148	0.0148								19.86	M0,M1,M0perm,M2,M2perm,M3,M4,M5,M7,M4perm,M5perm,M7perm,M0permw	11742	11677	0.979	0.95	0.999	0	0	8	11742	11747	0.988	0.98	1	0	0	0	11742	11695	0.986	0.99	1	0	0	0	11742	11616	0.816	0.3	0.973	1	0	7	11677	11616	0.819	0.3	0.972	15	8	7	11742	11328	0.88	0.86	0.988	0	0	8	11677	11328	0.888	0.88	0.989	0	8	8	11742	9321	0.5	0.48	0.787	706	0	8	11677	9321	0.503	0.49	0.791	660	8	8	11742	11663	0.957	0.87	0.998	0	0	8	11677	11663	0.966	0.9	0.999	0	8	8	11742	11706	0.934	0.82	0.997	0	0	8	11677	11706	0.936	0.84	0.997	0	8	8	11742	11741	0.972	0.92	0.999	0	0	8	11677	11741	0.985	0.96	1	0	8	8	11742	11606	0.97	0.93	0.999	0	0	8	11677	11606	0.984	0.97	1	0	8	8	11742	10427	0.84	0.84	0.988	0	0	8	11742	11616	0.954	0.91	0.998	0	0	8																																	between_subject_case_control	in_vivo_tissue	both_sexes	""	high	blood	2019-06-03	TRUE	FALSE	balanced	partially_confounded	partially_confounded
SRP183532	liver | between_subject_case_control | conf=medium | tumor_tissue | n=149	molecular phenotype	ex:cell line=c4-2b (atcc crl-3315);ex:cell line=pacmetut1;ex:cell line=pc-3 (atcc crl-1435);in:cell type=prostate cancer;subj:patient;tissue:liver	149	149	103	76	17	59	0	0		18975.5	0	76	0	0	0	2	8	0	76	0		-0.792	0.121	1.705	-1.623	0.491	liver	0.156	-0.197	0.027	0.0042	0.0042								7.66	M0																																																																																																																																																																																									between_subject_case_control	in_vivo_tissue	male_only	tumor_tissue	medium	liver	2019-07-17	TRUE	TRUE	single_sex		single_sex
SRP185902	heart | between_subject_case_control | conf=medium |  | n=38	disease	in:developmental stage=adult;in:tissue=left ventricle;tissue:heart	38	38	33	30	15	15	0.47	0.133		18206	14	16	6	8	30	0	0	3	30	5	0.387	0.156	0.579	0.764	-0.361	-0.669	heart	-0.095	-0.12	2.195	1e-04	1e-04	platform	0.202	0.202					21.41	M0,M1,M0perm,M3,M4,M5,M6,M4perm,M5perm,M6perm,M0permw	4893	5485	0.851	0.89	0.995	0	0	1	4893	4526	0.839	0.89	0.993	0	0	0	4893	4903	0.911	0.92	0.997	0	0	0	4893	7285	0.612	0.56	0.942	0	0	0	5485	7285	0.655	0.58	0.932	0	1	0	4893	4144	0.757	0.85	0.982	0	0	0	5485	4144	0.697	0.89	0.979	0	1	0	4893	6127	0.78	0.77	0.992	0	0	1	5485	6127	0.89	0.83	0.998	0	1	1	4893	5010	0.769	0.83	0.982	0	0	2	5485	5010	0.784	0.86	0.987	0	1	2	4893	5402	0.85	0.83	0.994	0	0	1	5485	5402	0.941	0.89	0.999	0	1	1																																																	4893	4975	0.857	0.92	0.993	0	0	1	5485	4975	0.873	0.96	0.996	0	1	1	4893	4011	0.757	0.87	0.988	0	0	0	5485	4011	0.71	0.91	0.991	0	1	0	between_subject_case_control	in_vivo_tissue	unknown	""	medium	heart	2019-04-02	TRUE	FALSE	balanced		balanced
SRP186138	muscle | between_subject_case_control | conf=high |  | n=36	disease	subj:isolate;tissue:muscle	36	36	36	36	28	8	0.28	0.196	0.441	18022	10	26	9	1	0	1	2	0	0	5	0.732	0.467	0.15	-0.165	0.258	-0.938	muscle	-0.065	-0.983	1.983	1e-04	1e-04								9.34	M0,M1,M0perm,M2,M2perm,M3,M4,M5,M4perm,M5perm,M0permw	7944	7802	0.884	0.86	0.993	0	0	0	7944	7894	0.977	0.96	1	0	0	0	7944	7806	0.912	0.94	0.996	0	0	0	7944	8846	0.813	0.74	0.985	0	0	2	7802	8846	0.827	0.79	0.99	0	0	2	7944	7564	0.844	0.81	0.989	0	0	0	7802	7564	0.85	0.89	0.99	0	0	0	7944	6800	0.599	0.6	0.91	8	0	0	7802	6800	0.567	0.59	0.888	42	0	0	7944	7596	0.872	0.85	0.993	0	0	0	7802	7596	0.917	0.95	0.997	0	0	0	7944	7454	0.856	0.86	0.992	0	0	0	7802	7454	0.924	0.97	0.998	0	0	0																																	7944	7483	0.841	0.86	0.99	0	0	0	7944	7721	0.874	0.88	0.993	0	0	0																																	between_subject_case_control	in_vivo_tissue	both_sexes	""	high	muscle	2019-02-18	TRUE	FALSE	mildly_imbalanced	mildly_imbalanced	mildly_imbalanced
SRP186205	other | between_subject_case_control | conf=high |  | n=20	disease	subj:isolate;tissue:other	20	20	20	20	13	7	0.25	0.055	0.682	17697	5	15	3	2	0	0	0	0	0	5	0.599	-0.906	0.34	-0.73	0.282	0.403	generic	-1.668	0.605	-0.795	0.0043	0.0043	readlen	0.454					0.454	2.86	M0,M1,M0perm,M2,M2perm,M3,M4,M5,M6,M4perm,M5perm,M6perm,M0permw	1380	1307	0.878	0.92	0.997	0	0	1	1380	1202	0.776	0.88	0.991	0	0	0	1380	1284	0.872	0.92	0.996	0	0	0	1380	1683	0.527	0.45	0.912	0	0	0	1307	1683	0.531	0.45	0.916	0	1	0	1380	649	0.401	0.66	0.943	0	0	2	1307	649	0.419	0.65	0.945	0	1	2	1380	0	0	0.25	0.741	19	0	0	1307	0	0	0.25	0.741	20	1	0	1380	512	0.349	0.73	0.966	0	0	0	1307	512	0.373	0.75	0.969	0	1	0	1380	963	0.611	0.77	0.979	0	0	0	1307	963	0.643	0.81	0.982	0	1	0																																	1380	709	0.474	0.8	0.974	0	0	0	1380	749	0.476	0.73	0.961	0	0	0	1380	362	0.25	0.68	0.958	0	0	0	1307	362	0.263	0.71	0.96	0	1	0	1380	415	0.296	0.79	0.97	0	0	0	1307	415	0.315	0.84	0.973	0	1	0	between_subject_case_control	in_vivo_tissue	both_sexes	""	high	other	2019-03-10	TRUE	FALSE	balanced	mildly_imbalanced	mildly_imbalanced
SRP186450	liver | between_subject_case_control | conf=high |  | n=57	disease	tissue:liver	57	57	30	30	16	14	0.13	0.25		14803.5	4	26	4	0	0	0	0	0	30	5	0.393	0.157	-0.822	1.292	-0.832	-1.771	liver	-1.115	-0.129	0.685	0.0022	0.0022	readlen	0.301					0.301	7.35	M0,M1,M0perm,M3,M4,M5,M6,M4perm,M5perm,M6perm,M0permw	9280	8464	0.855	0.91	0.99	1	6	6	9280	9242	0.981	0.93	1	0	6	6	9280	8554	0.847	0.9	0.989	0	6	5	9280	10850	0.824	0.64	0.985	0	6	5	8464	10850	0.768	0.62	0.986	3	6	5	9280	7517	0.709	0.7	0.964	2	6	5	8464	7517	0.756	0.74	0.971	0	6	5	9280	7528	0.668	0.73	0.938	15	6	6	8464	7528	0.693	0.77	0.939	4	6	6	9280	8169	0.823	0.89	0.987	1	6	6	8464	8169	0.917	0.92	0.997	0	6	6	9280	8251	0.828	0.87	0.987	1	6	6	8464	8251	0.939	0.92	0.998	0	6	6																																																	9280	8247	0.801	0.85	0.98	1	6	6	8464	8247	0.874	0.9	0.99	0	6	6	9280	8325	0.842	0.88	0.989	1	6	7	8464	8325	0.956	0.96	0.999	0	6	7	between_subject_case_control	in_vivo_tissue	both_sexes	""	high	liver	2019-02-22	TRUE	FALSE	mildly_imbalanced		mildly_imbalanced
SRP186882	other | between_subject_case_control | conf=medium |  | n=18	edema before operation	subj:isolate;tissue:other	18	18	18	18	12	6	0.72	0.083	1.008	19707	13	5	9	4	0	1	0	0	0	5	0.411	-1.805	-1.243	-0.085	-0.205	0.598	generic	2.727	1.68	0.682	0.0325	0.0325	readlen	0.322					0.322	20.45	M0,M1,M0perm,M2,M2perm,M3,M4,M5,M6,M7,M4perm,M5perm,M6perm,M7perm,M0permw	6908	6745	0.923	0.88	0.998	0	0	0	6908	6817	0.916	0.86	0.998	0	0	9	6908	6594	0.915	0.88	0.998	0	0	0	6908	6012	0.546	0.43	0.912	0	0	1	6745	6012	0.555	0.45	0.918	1	0	1	6908	3106	0.296	0.43	0.775	49	0	0	6745	3106	0.303	0.46	0.781	31	0	0	6908	4066	0.259	0.32	0.652	328	0	0	6745	4066	0.262	0.31	0.658	278	0	0	6908	4328	0.505	0.47	0.936	0	0	0	6745	4328	0.519	0.49	0.939	0	0	0	6908	5328	0.619	0.68	0.956	0	0	0	6745	5328	0.635	0.7	0.959	0	0	0	6908	312	0.037	0.17	0.592	621	0	0	6745	312	0.038	0.17	0.598	563	0	0	6908	6194	0.808	0.74	0.991	0	0	0	6745	6194	0.836	0.76	0.993	0	0	0	6908	6225	0.699	0.79	0.974	0	0	0	6908	5811	0.769	0.7	0.988	0	0	1	6908	5724	0.735	0.73	0.983	0	0	1	6745	5724	0.758	0.79	0.985	0	0	1	6908	7195	0.869	0.78	0.996	0	0	0	6745	7195	0.889	0.82	0.997	0	0	0	between_subject_case_control	in_vivo_tissue	both_sexes	""	medium	other	2019-02-26	TRUE	FALSE	balanced	partially_confounded	partially_confounded
SRP187088	blood | genotype_comparison | conf=medium | tumor_tissue | n=31	genotype/variation	tissue:blood	31	31	21	19	4	15	0.58	0.417		17136	11	8	1	10	19	0	0	2	19	1	0.008	0.934	-0.453	0.267	-0.175	0.156	blood	1.708	-1.291	-0.434	0	0								2.92	M0,M1,M0perm,M3,M4,M5,M4perm,M5perm,M0permw	3664	3509	0.658	0.66	0.971	0	0	1	3664	3216	0.842	0.8	0.998	0	0	0	3664	4463	0.688	0.62	0.984	0	0	0	3664	2101	0.42	0.38	0.852	0	0	0	3509	2101	0.408	0.43	0.772	7	1	0	3664	21	0.004	0.32	0.78	131	0	0	3509	21	0.005	0.47	0.779	82	1	0	3664	1	0	0.32	0.477	408	0	0	3509	1	0	0.37	0.443	300	1	0	3664	1300	0.326	0.61	0.969	0	0	0	3509	1300	0.369	0.85	0.998	0	1	0	3664	51	0.014	0.49	0.958	0	0	0	3509	51	0.015	0.66	0.99	0	1	0																																																																																	genotype_comparison	in_vivo_tissue	unknown	tumor_tissue	medium	blood	2019-04-05	TRUE	FALSE	partially_confounded		partially_confounded
SRP187984	blood | between_subject_case_control | conf=medium |  | n=98	disease state	subj:individual identifier;tissue:blood	98	98	98	25	14	11	1	0		19887	25	0	14	11	25	0	0	0	25	0		0.768	0.447	0.087	0.25	0.484	blood	0.31	-0.096	-0.08	0.0346	0.0303								23.86	M0																																																																																																																																																																																									between_subject_case_control	in_vivo_tissue	unknown	""	medium	blood	2019-03-12	TRUE	TRUE	single_sex		single_sex
SRP188422	brain | between_subject_case_control | conf=high |  | n=84	disease	tissue:brain	84	28	23	23	15	8	0.52	0.033		19524	12	11	8	4	23	0	0	0	23	5	0.565	-0.59	1.059	0.788	-0.577	1.678	brain	0.598	0.296	-0.482	8e-04	8e-04								18.17	M0,M1,M0perm,M3,M4,M5,M4perm,M5perm,M0permw	1	1	1	0.86	0.993	0	0	0	1	0	0	0.84	0.983	0	0	0	1	1	1	0.89	0.997	0	0	0	1	0	0	0.41	0.827	0	0	0	1	0	0	0.37	0.827	0	0	0	1	0	0	0.33	0.722	0	0	0	1	0	0	0.31	0.727	0	0	0	1	1	1	0.41	0.832	0	0	0	1	1	1	0.4	0.849	0	0	0	1	0	0	0.53	0.973	0	0	0	1	0	0	0.57	0.975	0	0	0	1	0	0	0.5	0.95	0	0	0	1	0	0	0.5	0.958	0	0	0																																																																																	between_subject_case_control	in_vivo_tissue	unknown	""	high	brain	2019-05-13	TRUE	FALSE	balanced		balanced
SRP188973	blood | genotype_comparison | conf=high |  | n=14	karyotype	tissue:blood	14	14	14	14	8	6	0.29	0.208	0.126	16825	4	10	3	1	0	0	0	0	0	4	0.551	0.171	-0.227	-0.323	0.124	0.021	blood	1.015	-0.475	0.848	2e-04	2e-04								2.46	M0,M1,M0perm,M2,M2perm,M3,M4,M5,M4perm,M5perm,M0permw	165	110	0.59	0.81	0.988	0	0	0	165	28	0.17	0.82	0.953	0	0	0	165	96	0.526	0.83	0.984	0	0	0	165	581	0.26	0.55	0.867	0	0	0	110	581	0.181	0.57	0.869	0	0	0	165	218	0.496	0.63	0.947	0	0	0	110	218	0.477	0.69	0.951	0	0	0	165	43	0.253	0.65	0.803	0	0	0	110	43	0.366	0.71	0.827	0	0	0	165	146	0.555	0.63	0.967	0	0	0	110	146	0.515	0.65	0.98	0	0	0	165	55	0.325	0.74	0.987	0	0	0	110	55	0.486	0.82	0.996	0	0	0																																	165	180	0.554	0.6	0.982	0	0	0	165	111	0.533	0.75	0.984	0	0	0																																	genotype_comparison	ex_vivo_primary_cells	both_sexes	""	high	blood	2019-09-12	TRUE	FALSE	mildly_imbalanced	balanced	mildly_imbalanced
SRP189204	blood | between_subject_case_control | conf=high |  | n=19	disease state	tissue:blood	19	19	19	19	10	9	0.68	0.6		18320	13	6	4	9	19	0	0	0	19	3	0.45	0.308	-1.751	-1.281	1.068	-0.029	blood	-0.958	-0.011	-0.567	7e-04	6e-04								23.04	M0,M1,M0perm,M3,M4,M5,M4perm,M5perm,M0permw	27	0	0	0.3	0.554	0	0	0	27	0	0	0.88	0.99	0	0	0	27	0	0	0.3	0.918	0	0	0	27	21	0.2	0.31	0.564	0	0	0	0	21	0	0.28	0.662	0	0	0	27	0	0	0.19	0.178	0	0	0	0	0		0.46	0.768	0	0	0	27	0	0	0.24	0.52	0	0	0	0	0		0.58	0.873	0	0	0	27	0	0	0.27	0.482	0	0	0	0	0		0.69	0.964	0	0	0	27	0	0	0.35	0.621	0	0	0	0	0		0.75	0.981	0	0	0																																																																																	between_subject_case_control	in_vivo_tissue	unknown	""	high	blood	2019-03-25	TRUE	FALSE	partially_confounded		partially_confounded
SRP191514	tumor | in_vivo_treatment_arms | conf=medium | tumor_tissue | n=64	condition	in:time=post-intervention;tissue:tumor	64	64	32	32	16	16	1	0		18128.5	32	0	16	16	32	0	0	0	32	0		0.023	0.079	-0.673	0.38	0.414	generic	0.373	-0.154	-0.307	8e-04	8e-04								1.41	M0																																																																																																																																																																																									in_vivo_treatment_arms	in_vivo_tissue	female_only	tumor_tissue	medium	tumor	2019-04-11	TRUE	TRUE	single_sex		single_sex
SRP191569	blood | between_subject_case_control | conf=high |  | n=16	frailty status	tissue:blood	16	16	16	16	8	8	0.5	0	0.092	20514	8	8	4	4	0	0	0	0	0	4	0.698	1.511	-0.724	-0.705	-0.205	4.233	blood	-0.764	-0.787	-0.371	4e-04	4e-04								17.68	M0,M1,M0perm,M2,M2perm,M3,M4,M5,M4perm,M5perm,M0permw	2	2	1	0.68	0.988	0	0	0	2	2	1	0.79	0.975	0	0	0	2	2	1	0.9	0.999	0	0	0	2	3	0.667	0.36	0.776	0	0	0	2	3	0.667	0.3	0.771	0	0	0	2	0	0	0.22	0.646	0	0	0	2	0	0	0.2	0.679	0	0	0	2	1	0.5	0.29	0.76	0	0	0	2	1	0.5	0.27	0.793	0	0	0	2	2	1	0.39	0.949	0	0	0	2	2	1	0.56	0.96	0	0	0	2	2	1	0.36	0.81	0	0	0	2	2	1	0.43	0.834	0	0	0																																	2	2	1	0.65	0.982	0	0	0	2	2	1	0.51	0.98	0	0	0																																	between_subject_case_control	ex_vivo_primary_cells	both_sexes	""	high	blood	2019-08-24	TRUE	FALSE	balanced	balanced	balanced
SRP192714	other | between_subject_case_control | conf=medium | cell_free_rna | n=1021	exposure	in:time=late acute;subj:patient;tissue:other	1021	261	89	89	43	46	0.54	0.036	0.444	16490	48	41	24	24	0	0	0	0	0	5	0.747	-0.471	0.357	0.525	-0.488	0.579	generic	-0.274	-0.053	-0.024	6e-04	6e-04	readlen	0.24					0.24	19.24	M0,M1,M0perm,M2,M2perm,M3,M4,M5,M6,M4perm,M5perm,M6perm,M0permw	0	0		0.89	0.998	0	0	0	0	0		0.87	0.996	0	0	0	0	0		0.96	0.999	0	0	0	0	0		0.33	0.627	0	0	0	0	0		0.33	0.62	0	0	0	0	0		0.52	0.932	0	0	0	0	0		0.5	0.933	0	0	0	0	0		0.77	0.972	0	0	0	0	0		0.76	0.972	0	0	0	0	0		0.85	0.994	0	0	0	0	0		0.88	0.996	0	0	0	0	0		0.69	0.98	0	0	0	0	0		0.69	0.983	0	0	0																																	0	0		0.64	0.944	0	0	0	0	0		0.8	0.993	0	0	0	0	0		0.65	0.952	0	0	0	0	0		0.62	0.951	0	0	0	0	0		0.82	0.992	0	0	0	0	0		0.81	0.994	0	0	0	between_subject_case_control	in_vivo_tissue	both_sexes	cell_free_rna	medium	other	2019-04-18	TRUE	FALSE	balanced	mildly_imbalanced	mildly_imbalanced
SRP192825	blood | between_subject_case_control | conf=low |  | n=36	group	subj:sample no clinic;tissue:blood	36	36	23	23	12	11	0.17	0.189		15994	4	19	1	3	23	0	0	0	23	5	0.649	-1.144	0.959	2.891	-2.517	1.987	blood	0.197	-1.743	-0.296	0	0								3.09	M0,M1,M0perm,M3,M4,M5,M4perm,M5perm,M0permw	4704	4695	0.833	0.83	0.989	0	0	1	4704	4341	0.863	0.91	0.994	0	0	0	4704	4436	0.859	0.86	0.992	0	0	0	4704	4730	0.676	0.52	0.944	0	0	0	4695	4730	0.703	0.56	0.953	0	1	0	4704	0	0	0.26	0.652	322	0	0	4695	0	0	0.29	0.674	237	1	0	4704	1746	0.357	0.65	0.921	5	0	2	4695	1746	0.357	0.67	0.926	4	1	2	4704	4377	0.782	0.75	0.982	0	0	1	4695	4377	0.848	0.84	0.993	0	1	1	4704	4778	0.827	0.8	0.989	0	0	1	4695	4778	0.923	0.84	0.999	0	1	1																																																																																	between_subject_case_control	ex_vivo_primary_cells	unknown	""	low	blood	2019-08-13	TRUE	FALSE	mildly_imbalanced		mildly_imbalanced
SRP193374	tumor | between_subject_case_control | conf=medium | tumor_tissue;ffpe_or_degraded | n=119	grade	tissue:tumor	119	119	119	111	86	25	0.23	0.214		22797	26	85	16	10	111	0	0	8	111	5	0.089	-0.197	-0.695	-0.325	-0.112	-0.445	generic	0.914	0.713	0.452	2e-04	2e-04	readlen	0.051					0.051	22.29	M0,M1,M0perm,M3,M4,M5,M6,M4perm,M5perm,M6perm,M0permw	9568	9379	0.895	0.89	0.995	0	1	3	9568	9520	0.967	0.98	1	0	1	1	9568	9218	0.897	0.89	0.996	0	1	1	9568	9770	0.747	0.64	0.966	0	1	1	9379	9770	0.726	0.59	0.96	7	3	1	9568	8888	0.772	0.8	0.978	0	1	1	9379	8888	0.802	0.82	0.984	0	3	1	9568	7199	0.626	0.66	0.928	73	1	2	9379	7199	0.633	0.63	0.932	92	3	2	9568	9072	0.856	0.91	0.992	0	1	1	9379	9072	0.919	0.93	0.998	0	3	1	9568	9176	0.867	0.89	0.993	0	1	3	9379	9176	0.925	0.91	0.998	0	3	3																																																	9568	9403	0.897	0.91	0.995	0	1	3	9379	9403	0.98	0.95	1	0	3	3	9568	9158	0.862	0.85	0.992	0	1	2	9379	9158	0.919	0.92	0.998	0	3	2	between_subject_case_control	in_vivo_tissue	unknown	tumor_tissue;ffpe_or_degraded	medium	tumor	2019-04-26	TRUE	FALSE	mildly_imbalanced		mildly_imbalanced
SRP193940	blood | between_subject_case_control | conf=high |  | n=40	subject status	subj:donor id;tissue:blood	40	40	20	20	10	10	0.5	0		18142	10	10	5	5	20	0	0	0	20	5	0.449	-0.901	0.632	0.435	-0.36	-1.256	blood	-0.205	0.422	0.471	0.005	0.005								15.43	M0,M1,M0perm,M3,M4,M5,M4perm,M5perm,M0permw	0	0		0.91	0.998	0	0	0	0	0		0.8	0.981	0	0	0	0	0		0.86	0.998	0	0	0	0	0		0.26	0.717	0	0	0	0	0		0.27	0.717	0	0	0	0	0		0.37	0.872	0	0	0	0	0		0.4	0.875	0	0	0	0	0		0.72	0.926	0	0	0	0	0		0.75	0.927	0	0	0	0	0		0.64	0.968	0	0	0	0	0		0.67	0.97	0	0	0	0	0		0.67	0.942	0	0	0	0	0		0.69	0.944	0	0	0																																																																																	between_subject_case_control	ex_vivo_primary_cells	unknown	""	high	blood	2019-05-07	TRUE	FALSE	balanced		balanced
SRP197353	liver | between_subject_case_control | conf=medium |  | n=78	fibrosis stage	tissue:liver	78	78	39	39	14	25	0.67	0.409	0.998	17670	26	13	13	13	0	2	0	0	0	5	0.25	0.747	0.348	-0.661	0.841	0.585	liver	0.171	0.848	-0.076	2e-04	2e-04								13.47	M0,M1,M0perm,M2,M2perm,M3,M4,M5,M4perm,M5perm,M0permw	4452	2611	0.533	0.59	0.969	0	0	0	4452	4141	0.873	0.93	0.997	0	0	0	4452	1550	0.346	0.76	0.982	0	0	0	4452	1063	0.191	0.51	0.804	0	0	8	2611	1063	0.288	0.4	0.814	0	0	8	4452	1082	0.229	0.51	0.939	0	0	0	2611	1082	0.343	0.49	0.943	0	0	0	4452	693	0.141	0.48	0.89	1	0	0	2611	693	0.251	0.71	0.939	0	0	0	4452	1043	0.227	0.57	0.954	1	0	0	2611	1043	0.397	0.86	0.992	0	0	0	4452	2763	0.547	0.55	0.969	0	0	0	2611	2763	0.832	0.78	0.997	0	0	0																																	4452	2983	0.536	0.52	0.958	0	0	0	4452	2563	0.524	0.58	0.97	0	0	0																																	between_subject_case_control	in_vivo_tissue	both_sexes	""	medium	liver	2019-08-15	TRUE	FALSE	partially_confounded	partially_confounded	partially_confounded
SRP198379	kidney | between_subject_case_control | conf=high |  | n=33	diagnosis	tissue:kidney	33	33	33	29	13	16	0.83	0.034		19373	24	5	11	13	29	0	0	4	29	4	0.247	-1.913	-0.874	0.93	-1.286	-0.08	kidney	-1.326	2.508	-0.022	1e-04	1e-04	layout	0.442		0.442			0.442	3.16	M0,M1,M0perm,M3,M4,M5,M6,M4perm,M5perm,M6perm,M0permw	10070	10130	0.962	0.51	0.999	0	0	1	10070	10089	0.971	0.93	1	0	0	0	10070	9967	0.969	0.92	1	0	0	0	10070	4833	0.421	0.21	0.885	41	0	0	10130	4833	0.42	0.34	0.885	58	1	0	10070	77	0.008	0.41	0.739	795	0	0	10130	77	0.008	0.71	0.738	817	1	0	10070	0	0	0.15	0.565	1690	0	0	10130	0	0	0.24	0.565	1702	1	0	10070	10417	0.93	0.49	0.998	0	0	1	10130	10417	0.946	0.77	0.999	0	1	1	10070	9919	0.935	0.39	0.998	0	0	1	10130	9919	0.955	0.74	0.999	0	1	1																																																	10070	5700	0.529	0.54	0.94	7	0	1	10130	5700	0.527	0.9	0.941	18	1	1	10070	10484	0.934	0.56	0.999	0	0	1	10130	10484	0.953	0.93	0.999	0	1	1	between_subject_case_control	in_vivo_tissue	unknown	""	high	kidney	2019-07-28	TRUE	FALSE	balanced		balanced
SRP198979	other | between_subject_case_control | conf=medium | cell_free_rna;tumor_tissue | n=128	condition	tissue:other	128	128	100	100	68	32	0.84	0.5	0.901	29597	84	16	68	16	0	12	3	0	0	5	0.096	-0.009	1.086	1.77	-1.674	-1.008	generic	-0.084	-0.033	-0.212	0.0676	0.0676	readlen	1					1	3.3	M0,M1,M0perm,M2,M2perm,M3,M4,M5,M7,M4perm,M5perm,M7perm,M0permw	567	211	0.263	0.74	0.843	3	0	0	567	521	0.722	0.92	0.985	0	0	0	567	306	0.337	0.76	0.854	0	0	0	567	128	0.176	0.68	0.643	5	0	0	211	128	0.242	0.59	0.452	5	0	0	567	196	0.211	0.64	0.784	3	0	0	211	196	0.536	0.71	0.954	0	0	0	567	273	0.261	0.71	0.835	3	0	0	211	273	0.635	0.88	0.994	0	0	0	567	218	0.26	0.7	0.838	2	0	0	211	218	0.857	0.92	0.994	0	0	0	567	201	0.245	0.73	0.841	3	0	0	211	201	0.839	0.94	0.994	0	0	0	567	361	0.228	0.62	0.791	12	0	0	211	361	0.402	0.76	0.951	0	0	0	567	208	0.256	0.74	0.843	3	0	0	211	208	0.94	0.98	0.999	0	0	0	567	195	0.208	0.66	0.798	4	0	0	567	194	0.25	0.73	0.844	3	0	0																																	between_subject_case_control	in_vivo_tissue	both_sexes	cell_free_rna;tumor_tissue	medium	other	2019-08-15	TRUE	FALSE	partially_confounded	partially_confounded	partially_confounded
SRP200059	blood | between_subject_case_control | conf=medium | tumor_tissue | n=28	hdaci group	in:treatment=n/a;in:source_name=peripheral blood;ex:hdaci group=n/a;tissue:blood	28	28	21	19	11	8	0.37	0.011		17266	7	12	4	3	19	0	0	2	19	4	0.217	-0.773	-0.352	-0.302	0.104	-0.488	blood	0.431	1.116	-0.56	0.0096	0.0096								19.62	M0,M1,M0perm,M3,M4,M5,M4perm,M5perm,M0permw	0	0		0.78	0.992	0	0	0	0	0		0.84	0.995	0	0	0	0	0		0.84	0.991	0	0	0	0	2	0	0.19	0.58	0	0	0	0	2	0	0.19	0.577	0	0	0	0	2	0	0.33	0.891	0	0	0	0	2	0	0.36	0.898	0	0	0	0	0		0.19	0.831	0	0	0	0	0		0.2	0.838	0	0	0	0	0		0.41	0.904	0	0	0	0	0		0.46	0.911	0	0	0	0	1	0	0.38	0.926	0	0	0	0	1	0	0.4	0.93	0	0	0																																																																																	between_subject_case_control	ex_vivo_primary_cells	unknown	tumor_tissue	medium	blood	2019-08-12	TRUE	FALSE	balanced		balanced
SRP200094	blood | between_subject_case_control | conf=medium | cell_free_rna | n=27	disease	tissue:blood	27	27	17	17	12	5	0.41	0.017	0.132	49457	7	10	5	2	0	6	4	0	0	3	0.593	0.224	0.569	0.739	-0.105	-0.581	blood	0.249	0.478	-0.66	0.0651	0.0651								3.91	M0,M1,M0perm,M2,M2perm,M3,M4,M5,M7,M4perm,M5perm,M7perm,M0permw	0	0		0.56	0.987	0	0	0	0	0		0.07	0.665	0	0	0	0	0		0.42	0.975	0	0	0	0	4	0	0.23	0.768	0	0	0	0	4	0	0.22	0.769	0	0	0	0	0		0.21	0.562	0	0	0	0	0		0.2	0.55	0	0	0	0	0		0.51	0.862	0	0	0	0	0		0.51	0.866	0	0	0	0	0		0.33	0.921	0	0	0	0	0		0.4	0.931	0	0	0	0	0		0.46	0.907	0	0	0	0	0		0.49	0.918	0	0	0	0	0		0.33	0.822	0	0	0	0	0		0.32	0.833	0	0	0	0	0		0.48	0.951	0	0	0	0	0		0.65	0.963	0	0	0	0	0		0.39	0.958	0	0	0	0	0		0.48	0.973	0	0	0																																	between_subject_case_control	in_vivo_tissue	both_sexes	cell_free_rna	medium	blood	2019-06-26	TRUE	FALSE	balanced	balanced	balanced
SRP201023	blood | between_subject_case_control | conf=high |  | n=63	disease	tissue:blood	63	63	33	33	20	13	0.18	0.081	0.349	17305	6	27	3	3	0	0	1	0	0	5	0.471	0.644	-0.993	0.532	-0.209	0.245	blood	0.654	-2.379	0.43	0.0841	0.084								4.34	M0,M1,M0perm,M2,M2perm,M3,M4,M5,M7,M4perm,M5perm,M7perm,M0permw	9311	9168	0.954	0.96	0.999	0	0	4	9311	8996	0.909	0.9	0.997	0	0	0	9311	9390	0.945	0.9	0.999	0	0	0	9311	7303	0.662	0.61	0.951	0	0	0	9168	7303	0.674	0.59	0.954	1	4	0	9311	7571	0.664	0.65	0.948	0	0	5	9168	7571	0.669	0.66	0.948	0	4	5	9311	249	0.025	0.48	0.633	1338	0	0	9168	249	0.026	0.49	0.639	1255	4	0	9311	9010	0.924	0.9	0.998	0	0	4	9168	9010	0.944	0.9	0.999	0	4	4	9311	8710	0.877	0.86	0.995	0	0	5	9168	8710	0.891	0.87	0.996	0	4	5	9311	8968	0.903	0.9	0.996	0	0	5	9168	8968	0.91	0.91	0.996	0	4	5	9311	9328	0.938	0.83	0.998	0	0	5	9168	9328	0.951	0.85	0.999	0	4	5	9311	8843	0.909	0.94	0.997	0	0	4	9311	9137	0.941	0.94	0.998	0	0	5																																	between_subject_case_control	ex_vivo_primary_cells	both_sexes	""	high	blood	2019-08-31	TRUE	FALSE	balanced	balanced	balanced
SRP212148	blood | between_subject_case_control | conf=medium |  | n=476	infected with/healthy control	subj:library name;tissue:blood	476	476	336	61	33	28	0.62	0.029		15890.5	38	23	21	17	61	0	0	23	61	5	0.03	-0.519	-0.095	0.225	-0.336	-0.258	blood	1.905	-1.567	-0.353	0.2111	0.2041								20.04	M0,M1,M0perm,M3,M4,M5,M7,M4perm,M5perm,M7perm,M0permw	4477	4489	0.957	0.95	0.998	0	0	2	4477	3937	0.833	0.94	0.992	0	0	0	4477	4411	0.96	0.95	0.999	0	0	0	4477	151	0.029	0.46	0.6	443	0	0	4489	151	0.03	0.46	0.601	445	2	0	4477	5068	0.736	0.78	0.966	0	0	2	4489	5068	0.74	0.78	0.968	0	2	2	4477	1	0	0.15	0.398	1040	0	0	4489	1	0	0.15	0.403	1031	2	0	4477	4246	0.885	0.91	0.994	0	0	2	4489	4246	0.897	0.94	0.996	0	2	2	4477	4142	0.872	0.94	0.993	0	0	2	4489	4142	0.879	0.96	0.995	0	2	2	4477	5021	0.836	0.77	0.989	0	0	2	4489	5021	0.836	0.79	0.99	0	2	2	4477	4618	0.873	0.88	0.993	0	0	2	4489	4618	0.877	0.91	0.994	0	2	2																																																	between_subject_case_control	in_vivo_tissue	unknown	""	medium	blood	2019-07-02	TRUE	FALSE	balanced		balanced
SRP212626	muscle | between_subject_case_control | conf=high |  | n=20	condition	tissue:muscle	20	10	10	10	5	5	0	0		16114.5	0	10	0	0	10	0	0	0	10	0		-0.424	1.196	1.47	-1.193	-0.779	muscle	-2.015	-1.592	0.342	0.0033	0.0032	readlen	1					1	5.36	M0																																																																																																																																																																																									between_subject_case_control	in_vivo_tissue	unknown	""	high	muscle	2019-08-07	TRUE	TRUE	single_sex		single_sex
SRP212702	tumor | between_subject_case_control | conf=medium | tumor_tissue | n=65	tissue	tissue:tumor	65	65	65	62	33	29	0.13	0.017	0.04	19355	8	54	4	4	62	0	0	3	0	5	0.221	0.117	0.439	-0.295	0.376	-0.092	generic	-1.248	-2.192	-0.884	0.0016	0.0016	readlen	0.157					0.157	10.85	M0,M1,M0perm,M2,M2perm,M3,M4,M5,M6,M4perm,M5perm,M6perm,M0permw	11635	11587	0.983	0.93	1	0	1	1	11635	11604	0.986	0.97	1	0	1	0	11635	11582	0.989	0.96	1	0	1	1	11635	11235	0.809	0.63	0.974	0	1	0	11587	11235	0.814	0.64	0.975	0	1	0	11635	11389	0.912	0.91	0.996	0	1	1	11587	11389	0.914	0.91	0.996	0	1	1	11635	1878	0.124	0.6	0.589	1918	1	0	11587	1878	0.125	0.61	0.595	1876	1	0	11635	11554	0.966	0.9	0.999	0	1	1	11587	11554	0.971	0.95	0.999	0	1	1	11635	11330	0.946	0.92	0.998	0	1	1	11587	11330	0.946	0.95	0.999	0	1	1																																	11635	11605	0.978	0.93	1	0	1	1	11635	11670	0.976	0.91	0.999	0	1	1	11635	11286	0.923	0.94	0.996	0	1	1	11587	11286	0.931	0.97	0.997	0	1	1	11635	11436	0.966	0.93	0.999	0	1	1	11587	11436	0.973	0.98	1	0	1	1	between_subject_case_control	in_vivo_tissue	unknown	tumor_tissue	medium	tumor	2019-07-08	TRUE	FALSE	balanced	balanced	balanced
SRP212755	blood | between_subject_case_control | conf=high | cell_free_rna;tumor_tissue | n=501	disease state	tissue:blood	501	501	401	341	240	101	0.45	0.019		13807	153	188	109	44	341	0	0	60	341	5	0.11	1.187	-0.069	-0.567	0.858	-0.308	blood	-0.445	-1.229	-0.735	0.0894	0.0893	platform	0.15	0.15					20.34	M0,M1,M0perm,M3,M4,M5,M6,M7,M4perm,M5perm,M6perm,M7perm,M0permw	4234	4238	0.979	0.98	0.999	0	0	0	4234	4248	0.984	1	1	0	0	0	4234	4265	0.984	0.99	1	0	0	0	4234	3121	0.489	0.34	0.867	18	0	0	4238	3121	0.49	0.33	0.867	17	0	0	4234	3310	0.335	0.4	0.708	382	0	0	4238	3310	0.337	0.42	0.712	376	0	0	4234	1965	0.252	0.54	0.666	373	0	0	4238	1965	0.252	0.53	0.667	371	0	0	4234	4226	0.967	0.97	0.999	0	0	0	4238	4226	0.978	0.99	1	0	0	0	4234	4172	0.921	0.96	0.997	0	0	0	4238	4172	0.927	0.97	0.998	0	0	0	4234	4738	0.304	0.38	0.699	589	0	2	4238	4738	0.306	0.39	0.702	583	0	2	4234	4255	0.976	0.96	0.999	0	0	0	4238	4255	0.987	0.98	1	0	0	0																	4234	4466	0.699	0.7	0.932	32	0	0	4238	4466	0.701	0.69	0.933	35	0	0	4234	4238	0.966	0.98	0.999	0	0	0	4238	4238	0.977	1	1	0	0	0	between_subject_case_control	in_vivo_tissue	unknown	cell_free_rna;tumor_tissue	high	blood	2019-10-01	TRUE	FALSE	balanced		balanced
SRP212956	blood | between_subject_case_control | conf=medium |  | n=217	patient group	in:cell type=cd14;subj:subjectid;tissue:blood	217	217	46	41	23	18	0.54	0.065		16938	22	19	13	9	41	0	0	2	41	5	0.875	-0.065	-0.218	0.307	0.301	-0.045	blood	1.063	-2.15	0.647	0.0024	0.0024								16.97	M0,M1,M0perm,M3,M4,M5,M4perm,M5perm,M0permw	7391	7246	0.955	0.93	0.999	0	0	4	7391	7455	0.958	0.92	0.999	0	0	0	7391	7304	0.969	0.96	1	0	0	0	7391	8657	0.763	0.66	0.975	0	0	0	7246	8657	0.762	0.67	0.977	0	4	0	7391	7083	0.903	0.87	0.995	0	0	3	7246	7083	0.918	0.93	0.996	0	4	3	7391	3287	0.277	0.36	0.694	720	0	3	7246	3287	0.283	0.42	0.703	666	4	3	7391	6657	0.846	0.82	0.992	0	0	5	7246	6657	0.862	0.84	0.993	0	4	5	7391	6930	0.85	0.78	0.989	0	0	4	7246	6930	0.855	0.79	0.989	0	4	4																																																																																	between_subject_case_control	ex_vivo_primary_cells	unknown	""	medium	blood	2019-07-29	TRUE	FALSE	balanced		balanced
SRP213937	reproductive | between_subject_case_control | conf=high |  | n=38	group	tissue:reproductive	38	38	38	38	16	22	1	0		19712	38	0	16	22	38	0	0	0	38	0		0.532	-0.293	0.404	-0.382	-0.028	generic	-0.01	-0.735	-0.612	0.0022	0.0022								7.49	M0																																																																																																																																																																																									between_subject_case_control	in_vivo_tissue	female_only	""	high	reproductive	2019-07-18	TRUE	TRUE	single_sex		single_sex
SRP215509	other | between_subject_case_control | conf=high |  | n=32	bmi classification	tissue:other	32	32	21	13	9	4	0.08	0.111		16789	1	12	1	0	13	0	0	8	13	4	0.402	0.75	0.053	-0.06	0.064	-0.457	generic	-0.176	-0.536	-0.729	0	0								5.08	M0,M1,M0perm,M3,M4,M5,M4perm,M5perm,M0permw	0	0		0.77	0.977	0	0	0	0	0		0.44	0.881	0	0	0	0	0		0.76	0.977	0	0	0	0	4	0	0.39	0.87	0	0	0	0	4	0	0.35	0.833	0	0	0	0	0		0.45	0.865	0	0	0	0	0		0.51	0.895	0	0	0	0	0		0.36	0.823	0	0	0	0	0		0.4	0.846	0	0	0	0	0		0.4	0.862	0	0	0	0	0		0.42	0.895	0	0	0	0	0		0.3	0.751	0	0	0	0	0		0.36	0.78	0	0	0																																																																																	between_subject_case_control	in_vivo_tissue	male_only	""	high	other	2019-08-28	TRUE	FALSE	balanced		balanced
SRP215939	gut | between_subject_case_control | conf=medium |  | n=54	gvhd stage	ex:gvhd stage=refractory;tissue:gut	54	54	32	32	22	10	0.38	0.327		22497	12	20	6	6	10	3	3	0	10	5	0.081	-0.602	0.723	1.245	-1.07	-0.383	gut	-0.742	0.513	0.387	2e-04	2e-04								26.8	M0,M1,M0perm,M3,M4,M5,M4perm,M5perm,M0permw	3214	2208	0.652	0.85	0.989	0	0	0	3214	3296	0.906	0.9	0.998	0	0	0	3214	1901	0.573	0.93	0.988	0	0	0	3214	663	0.132	0.37	0.66	91	0	0	2208	663	0.169	0.38	0.681	25	0	0	3214	533	0.127	0.45	0.618	18	0	0	2208	533	0.177	0.52	0.659	1	0	0	3214	995	0.284	0.69	0.911	0	0	0	2208	995	0.401	0.73	0.934	0	0	0	3214	1953	0.559	0.78	0.978	0	0	0	2208	1953	0.739	0.84	0.988	0	0	0	3214	2259	0.612	0.78	0.978	0	0	0	2208	2259	0.764	0.87	0.986	0	0	0																																																																																	between_subject_case_control	in_vivo_tissue	both_sexes	""	medium	gut	2019-07-31	TRUE	FALSE	partially_confounded		partially_confounded
SRP216404	brain | between_subject_case_control | conf=high |  | n=864	diagnosis	ex:diagnosis=control **(outlier)**;ex:diagnosis=essential tremor **(outlier)**;tissue:brain	864	54	52	52	32	20	0.69	0.094	0.54	20634	36	16	21	15	0	0	0	0	0	5	0.503	-0.011	0.247	0.031	0.218	-0.493	brain	0.39	-0.132	-0.04	0	0								10.69	M0,M1,M0perm,M2,M2perm,M3,M4,M5,M4perm,M5perm,M0permw	0	0		0.89	0.991	0	0	0	0	0		0.71	0.971	0	0	0	0	0		0.85	0.993	0	0	0	0	0		0.34	0.801	0	0	0	0	0		0.35	0.814	0	0	0	0	0		0.68	0.966	0	0	0	0	0		0.69	0.973	0	0	0	0	0		0.63	0.925	0	0	0	0	0		0.62	0.931	0	0	0	0	0		0.83	0.983	0	0	0	0	0		0.88	0.991	0	0	0	0	0		0.77	0.974	0	0	0	0	0		0.81	0.984	0	0	0																																	0	0		0.62	0.957	0	0	0	0	0		0.57	0.939	0	0	0																																	between_subject_case_control	in_vivo_tissue	both_sexes	""	high	brain	2019-07-28	TRUE	FALSE	balanced	mildly_imbalanced	mildly_imbalanced
SRP216420	gut | between_subject_case_control | conf=high |  | n=507	diagnosis	tissue:gut	507	95	95	95	51	44	0.62	0.029	0.215	18960	59	36	31	28	0	0	16	0	0	5	0.113	-0.757	-0.326	0.341	-0.48	-0.197	gut	0.164	0.985	-0.176	1e-04	1e-04								27.21	M0,M1,M0perm,M2,M2perm,M3,M4,M5,M4perm,M5perm,M0permw	8892	8942	0.979	0.98	0.999	0	0	1	8892	8893	0.975	0.98	0.999	0	0	0	8892	8831	0.979	0.97	0.999	0	0	0	8892	11136	0.704	0.68	0.948	0	0	0	8942	11136	0.703	0.68	0.946	2	1	0	8892	9877	0.752	0.79	0.954	1	0	2	8942	9877	0.752	0.79	0.954	1	1	2	8892	10482	0.532	0.76	0.846	56	0	3	8942	10482	0.532	0.75	0.847	55	1	3	8892	8724	0.935	0.95	0.996	0	0	1	8942	8724	0.937	0.95	0.997	0	1	1	8892	8640	0.899	0.95	0.992	0	0	0	8942	8640	0.903	0.94	0.993	0	1	0																																	8892	9110	0.935	0.93	0.997	0	0	2	8892	8902	0.942	0.91	0.997	0	0	1																																	between_subject_case_control	in_vivo_tissue	both_sexes	""	high	gut	2019-07-28	TRUE	FALSE	balanced	balanced	balanced
SRP217543	other | between_subject_case_control | conf=medium |  | n=96	source_name	ex:source_name=baseline;tissue:other	96	96	24	24	12	12	0.79	0.083		17759.5	19	5	10	9	24	0	0	0	24	5	0.207	-0.26	-0.418	0.874	-0.859	-0.176	generic	-0.252	0.637	0.877	0.0065	0.0065								14.13	M0,M1,M0perm,M3,M4,M5,M4perm,M5perm,M0permw	0	0		0.77	0.99	0	0	0	0	0		0.76	0.975	0	0	0	0	0		0.66	0.981	0	0	0	0	0		0.13	0.584	0	0	0	0	0		0.11	0.563	0	0	0	0	0		0.48	0.911	0	0	0	0	0		0.48	0.912	0	0	0	0	0		0.46	0.884	0	0	0	0	0		0.46	0.894	0	0	0	0	0		0.64	0.968	0	0	0	0	0		0.73	0.976	0	0	0	0	0		0.6	0.96	0	0	0	0	0		0.63	0.97	0	0	0																																																																																	between_subject_case_control	in_vivo_tissue	unknown	""	medium	other	2019-08-27	TRUE	FALSE	balanced		balanced
SRP217667	skin | between_subject_case_control | conf=medium |  | n=58	subject status	tissue:skin	58	58	58	58	54	4	1	0		20223	58	0	54	4	58	0	0	0	58	0		-1.166	-0.31	0.125	-0.337	-0.578	generic	-0.434	0.419	0.1	0.0151	0.0151								33.22	M0																																																																																																																																																																																									between_subject_case_control	in_vivo_tissue	female_only	""	medium	skin	2019-10-01	TRUE	TRUE	single_sex		single_sex
SRP217937	other | between_subject_case_control | conf=high |  | n=62	group	tissue:other	62	62	42	42	25	17	0.95	0.08		16398.5	40	2	23	17	42	0	0	0	42	5	0.04	0.204	1.053	-0.457	0.515	-0.299	generic	0.528	0.261	0.36	5e-04	5e-04	platform	0.088	0.088				0.088	4.69	M0,M1,M0perm,M3,M4,M5,M6,M4perm,M5perm,M6perm,M0permw	1414	814	0.568	0.9	0.994	0	0	0	1414	1691	0.835	0.85	0.999	0	0	0	1414	1136	0.767	0.89	0.996	0	0	0	1414	1477	0.36	0.27	0.814	0	0	0	814	1477	0.312	0.22	0.811	0	0	0	1414	1	0.001	0.57	0.912	0	0	0	814	1	0.001	0.54	0.905	0	0	0	1414	284	0.196	0.72	0.952	0	0	0	814	284	0.31	0.72	0.944	0	0	0	1414	522	0.361	0.82	0.988	0	0	0	814	522	0.61	0.83	0.993	0	0	0	1414	128	0.091	0.74	0.974	0	0	0	814	128	0.157	0.72	0.974	0	0	0																																																	1414	2265	0.607	0.52	0.983	0	0	0	814	2265	0.359	0.48	0.992	0	0	0	1414	696	0.486	0.87	0.994	0	0	0	814	696	0.844	0.96	0.999	0	0	0	between_subject_case_control	ex_vivo_primary_cells	unknown	""	high	other	2019-09-11	TRUE	FALSE	balanced		balanced
SRP218531	musculoskeletal | between_subject_case_control | conf=high |  | n=16	disease	subj:isolate;tissue:musculoskeletal	16	16	16	16	7	9	0.69	0.048	1.385	20746.5	11	5	5	6	0	1	0	0	0	3	0.046	-0.582	-0.598	-0.454	0.28	0.494	muscle	-0.371	-0.186	0.478	0.025	0.0246								19.03	M0,M1,M0perm,M2,M2perm,M3,M4,M5,M7,M4perm,M5perm,M7perm,M0permw	0	0		0.9	0.999	0	0	0	0	0		0.75	0.974	0	0	0	0	0		0.84	0.997	0	0	0	0	4	0	0.44	0.754	0	0	0	0	4	0	0.42	0.754	0	0	0	0	0		0.53	0.963	0	0	0	0	0		0.56	0.963	0	0	0	0	0		0.7	0.976	0	0	0	0	0		0.74	0.979	0	0	0	0	0		0.7	0.924	0	0	0	0	0		0.76	0.925	0	0	0	0	0		0.39	0.926	0	0	0	0	0		0.41	0.928	0	0	0	0	0		0.75	0.936	0	0	0	0	0		0.77	0.937	0	0	0	0	0		0.83	0.966	0	0	0	0	0		0.84	0.967	0	0	0	0	0		0.24	0.85	0	0	0	0	0		0.59	0.956	0	0	0																																	between_subject_case_control	in_vivo_tissue	both_sexes	""	high	musculoskeletal	2019-08-22	TRUE	FALSE	balanced	partially_confounded	partially_confounded
SRP218935	tumor | between_subject_case_control | conf=medium | tumor_tissue | n=95	tissue	subj:source_materal_id;tissue:tumor	95	95	95	95	76	19	1	0	0.233	20466	95	0	76	19	0	0	0	0	0	0		1.187	0.326	0.071	0.071	-0.061	generic	0.749	-0.455	-0.845	0.0022	0.0022	readlen	0.105					0.105	32.94	M0																																																																																																																																																																																									between_subject_case_control	in_vivo_tissue	female_only	tumor_tissue	medium	tumor	2019-08-21	TRUE	TRUE	single_sex	balanced	single_sex
SRP220251	lung | between_subject_case_control | conf=medium |  | n=103	tissue	tissue:lung	103	103	61	61	33	28	0.36	0.139		19273	22	39	14	8	61	0	0	0	61	5	0.091	-0.148	-0.818	-0.449	0.348	0.515	lung	0.233	0.766	-0.244	7e-04	7e-04								12.95	M0,M1,M0perm,M3,M4,M5,M4perm,M5perm,M0permw	1167	1024	0.809	0.93	0.994	0	0	1	1167	1145	0.886	0.96	0.998	0	0	0	1167	1046	0.821	0.91	0.996	0	0	0	1167	1002	0.29	0.41	0.723	1	0	0	1024	1002	0.302	0.41	0.732	2	1	0	1167	1109	0.443	0.52	0.909	0	0	0	1024	1109	0.445	0.51	0.916	0	1	0	1167	474	0.305	0.64	0.881	1	0	0	1024	474	0.351	0.65	0.9	1	1	0	1167	983	0.724	0.85	0.987	0	0	0	1024	983	0.808	0.89	0.991	0	1	0	1167	891	0.719	0.9	0.991	0	0	0	1024	891	0.807	0.92	0.996	0	1	0																																																																																	between_subject_case_control	in_vivo_tissue	unknown	""	medium	lung	2019-09-05	TRUE	FALSE	balanced		balanced
SRP221482	blood | between_subject_case_control | conf=medium |  | n=111	source_name	ex:source_name=orang asli (indigenous) study village resident_after treatment;subj:subject id;tissue:blood	111	111	67	67	49	18	0.57	0.212	0.383	16113	38	29	25	13	0	0	0	0	0	5	0.022	0.123	0.118	0.318	-0.27	0.379	blood	0.177	0.352	-0.2	0.8532	0.7992	readlen	0.254					0.254	3.65	M0,M1,M0perm,M2,M2perm,M3,M4,M5,M6,M7,M4perm,M5perm,M6perm,M7perm,M0permw	6121	5963	0.904	0.9	0.995	0	0	0	6121	5391	0.838	0.9	0.992	0	0	0	6121	5811	0.892	0.9	0.995	0	0	0	6121	3457	0.455	0.64	0.867	20	0	0	5963	3457	0.454	0.6	0.855	26	0	0	6121	6489	0.867	0.78	0.992	0	0	0	5963	6489	0.904	0.82	0.998	0	0	0	6121	6781	0.801	0.73	0.983	0	0	1	5963	6781	0.802	0.74	0.986	0	0	1	6121	5312	0.731	0.76	0.973	0	0	0	5963	5312	0.763	0.76	0.981	0	0	0	6121	5541	0.857	0.89	0.992	0	0	0	5963	5541	0.903	0.95	0.996	0	0	0	6121	6209	0.894	0.82	0.993	0	0	0	5963	6209	0.936	0.84	0.998	0	0	0	6121	5978	0.9	0.89	0.994	0	0	0	5963	5978	0.972	0.97	1	0	0	0	6121	5638	0.88	0.9	0.993	0	0	0	6121	6041	0.895	0.88	0.994	0	0	0	6121	5543	0.672	0.76	0.919	1	0	0	5963	5543	0.684	0.73	0.924	0	0	0	6121	5470	0.795	0.87	0.984	0	0	0	5963	5470	0.84	0.87	0.992	0	0	0	between_subject_case_control	in_vivo_tissue	unknown	""	medium	blood	2019-10-01	TRUE	FALSE	mildly_imbalanced	balanced	mildly_imbalanced
