study	note	group_key	options	n_runs_raw	n_after_run_collapse	n_before_subject_collapse	n	n_case	n_control	frac_female	sex_diff	age_smd	n_genes_detected	n_female	n_male	n_female_case	n_female_control	n_sex_meta_missing	n_sex_mismatch	n_sex_ambiguous	n_sex_ambiguous_excluded	n_age_missing	cell_panel	cell_a_smd	cell_b_smd	globin_smd	globin_max	globin_range	batch_var	batch_v_max	batch_v_platform	batch_v_layout	batch_v_center	batch_v_pubmonth	batch_v_readlen	intron_range	n_sv	sv_sex_r2	qc_mito_smd	qc_unique_smd	qc_intron_smd	qc_assigned_smd	qc_depth_smd	models	M1_n_deg_ref	M1_n_deg_alt	M1_jaccard	M1_top100_overlap	M1_t_spearman	M1_sign_flip_deg	M1_sexgene_deg_ref	M1_sexgene_deg_alt	M0perm_n_deg_ref	M0perm_n_deg_alt	M0perm_jaccard	M0perm_top100_overlap	M0perm_t_spearman	M0perm_sign_flip_deg	M0perm_sexgene_deg_ref	M0perm_sexgene_deg_alt	M0permw_n_deg_ref	M0permw_n_deg_alt	M0permw_jaccard	M0permw_top100_overlap	M0permw_t_spearman	M0permw_sign_flip_deg	M0permw_sexgene_deg_ref	M0permw_sexgene_deg_alt	M3_n_deg_ref	M3_n_deg_alt	M3_jaccard	M3_top100_overlap	M3_t_spearman	M3_sign_flip_deg	M3_sexgene_deg_ref	M3_sexgene_deg_alt	M3v1_n_deg_ref	M3v1_n_deg_alt	M3v1_jaccard	M3v1_top100_overlap	M3v1_t_spearman	M3v1_sign_flip_deg	M3v1_sexgene_deg_ref	M3v1_sexgene_deg_alt	M4_n_deg_ref	M4_n_deg_alt	M4_jaccard	M4_top100_overlap	M4_t_spearman	M4_sign_flip_deg	M4_sexgene_deg_ref	M4_sexgene_deg_alt	M4v1_n_deg_ref	M4v1_n_deg_alt	M4v1_jaccard	M4v1_top100_overlap	M4v1_t_spearman	M4v1_sign_flip_deg	M4v1_sexgene_deg_ref	M4v1_sexgene_deg_alt	M5_n_deg_ref	M5_n_deg_alt	M5_jaccard	M5_top100_overlap	M5_t_spearman	M5_sign_flip_deg	M5_sexgene_deg_ref	M5_sexgene_deg_alt	M5v1_n_deg_ref	M5v1_n_deg_alt	M5v1_jaccard	M5v1_top100_overlap	M5v1_t_spearman	M5v1_sign_flip_deg	M5v1_sexgene_deg_ref	M5v1_sexgene_deg_alt	M4perm_n_deg_ref	M4perm_n_deg_alt	M4perm_jaccard	M4perm_top100_overlap	M4perm_t_spearman	M4perm_sign_flip_deg	M4perm_sexgene_deg_ref	M4perm_sexgene_deg_alt	M4permv1_n_deg_ref	M4permv1_n_deg_alt	M4permv1_jaccard	M4permv1_top100_overlap	M4permv1_t_spearman	M4permv1_sign_flip_deg	M4permv1_sexgene_deg_ref	M4permv1_sexgene_deg_alt	M5perm_n_deg_ref	M5perm_n_deg_alt	M5perm_jaccard	M5perm_top100_overlap	M5perm_t_spearman	M5perm_sign_flip_deg	M5perm_sexgene_deg_ref	M5perm_sexgene_deg_alt	M5permv1_n_deg_ref	M5permv1_n_deg_alt	M5permv1_jaccard	M5permv1_top100_overlap	M5permv1_t_spearman	M5permv1_sign_flip_deg	M5permv1_sexgene_deg_ref	M5permv1_sexgene_deg_alt	M7_n_deg_ref	M7_n_deg_alt	M7_jaccard	M7_top100_overlap	M7_t_spearman	M7_sign_flip_deg	M7_sexgene_deg_ref	M7_sexgene_deg_alt	M7v1_n_deg_ref	M7v1_n_deg_alt	M7v1_jaccard	M7v1_top100_overlap	M7v1_t_spearman	M7v1_sign_flip_deg	M7v1_sexgene_deg_ref	M7v1_sexgene_deg_alt	M7perm_n_deg_ref	M7perm_n_deg_alt	M7perm_jaccard	M7perm_top100_overlap	M7perm_t_spearman	M7perm_sign_flip_deg	M7perm_sexgene_deg_ref	M7perm_sexgene_deg_alt	M7permv1_n_deg_ref	M7permv1_n_deg_alt	M7permv1_jaccard	M7permv1_top100_overlap	M7permv1_t_spearman	M7permv1_sign_flip_deg	M7permv1_sexgene_deg_ref	M7permv1_sexgene_deg_alt	M2_n_deg_ref	M2_n_deg_alt	M2_jaccard	M2_top100_overlap	M2_t_spearman	M2_sign_flip_deg	M2_sexgene_deg_ref	M2_sexgene_deg_alt	M2perm_n_deg_ref	M2perm_n_deg_alt	M2perm_jaccard	M2perm_top100_overlap	M2perm_t_spearman	M2perm_sign_flip_deg	M2perm_sexgene_deg_ref	M2perm_sexgene_deg_alt	M6_n_deg_ref	M6_n_deg_alt	M6_jaccard	M6_top100_overlap	M6_t_spearman	M6_sign_flip_deg	M6_sexgene_deg_ref	M6_sexgene_deg_alt	M6v1_n_deg_ref	M6v1_n_deg_alt	M6v1_jaccard	M6v1_top100_overlap	M6v1_t_spearman	M6v1_sign_flip_deg	M6v1_sexgene_deg_ref	M6v1_sexgene_deg_alt	M6perm_n_deg_ref	M6perm_n_deg_alt	M6perm_jaccard	M6perm_top100_overlap	M6perm_t_spearman	M6perm_sign_flip_deg	M6perm_sexgene_deg_ref	M6perm_sexgene_deg_alt	M6permv1_n_deg_ref	M6permv1_n_deg_alt	M6permv1_jaccard	M6permv1_top100_overlap	M6permv1_t_spearman	M6permv1_sign_flip_deg	M6permv1_sexgene_deg_ref	M6permv1_sexgene_deg_alt	design_type	experimental_setting	sex_composition	scope_flags	confidence	tissue_category	first_published	valid	single_sex	design_sex	design_age	design
DRP002295	| in_vivo_treatment_arms | conf=medium | mixed_organisms | n=25	sample comment	tissue:unknown	25	25	25	25	20	5	0.76	0.05		7285	19	6	15	4	25	0	0	0	25	generic	0.03	0.801	0.343	6e-04	6e-04								16.93	5	0.462	0.436	-0.487	-0.087	0.305	-1.503	M0,M1,M0perm,M3,M4,M5,M4perm,M5perm,M0permw	1	2	0.5	0.87	0.969	0	0	0	1	1	1	0.9	0.992	0	0	0	1	2	0.5	0.9	0.99	0	0	0	1	1	1	0.45	0.837	0	0	0	2	1	0.5	0.48	0.856	0	0	0	1	4	0.25	0.67	0.899	0	0	0	2	4	0.5	0.72	0.944	0	0	0	1	2	0.5	0.55	0.878	0	0	0	2	2	0.333	0.58	0.905	0	0	0	1	1	1	0.72	0.925	0	0	0	2	1	0.5	0.71	0.948	0	0	0	1	2	0.5	0.77	0.95	0	0	0	2	2	1	0.82	0.976	0	0	0																																																																																	in_vivo_treatment_arms	in_vivo_tissue	unknown	mixed_organisms	medium	""		TRUE	FALSE	balanced		balanced
DRP003637	| between_subject_case_control | conf=medium |  | n=12	sample_title	tissue:unknown	12	12	12	12	6	6	0.33	0.333		18721.5	4	8	3	1	12	0	0	0	12	generic	-0.148	0.677	0.545	0.0311	0.0307								2.95	4	0.271	-0.175	0.448	-0.669	0.913	-0.526	M0,M1,M0perm,M3,M4,M5,M7,M4perm,M5perm,M7perm,M0permw	110	0	0	0.75	0.973	0	0	0	110	0	0	0.93	0.97	0	0	0	110	99	0.548	0.71	0.962	0	0	0	110	1848	0.06	0.59	0.956	0	0	3	0	1848	0	0.54	0.931	0	0	3	110	595	0.185	0.52	0.956	0	0	1	0	595	0	0.53	0.963	0	0	1	110	0	0	0.64	0.875	0	0	0	0	0		0.69	0.913	0	0	0	110	0	0	0.75	0.962	0	0	0	0	0		0.87	0.986	0	0	0	110	0	0	0.6	0.965	0	0	0	0	0		0.75	0.985	0	0	0	110	0	0	0.69	0.948	0	0	0	0	0		0.8	0.975	0	0	0	110	135	0.458	0.61	0.966	0	0	0	0	135	0	0.7	0.983	0	0	0																																																	between_subject_case_control	in_vivo_tissue	unknown	""	medium	""		TRUE	FALSE	partially_confounded		partially_confounded
DRP003641	| genotype_comparison | conf=low |  | n=286	sample_title	in:tissue_type=bladder;subj:sample_title;tissue:unknown	286	286	12	12	6	6	0	0		17140	0	12	0	0	12	0	0	0	12	generic	0.837	0.11	0.663	6e-04	6e-04								1.2	0		0.26	-0.752	-0.969	1.137	0.038	M0																																																																																																																																																																																									genotype_comparison	in_vivo_tissue	unknown	""	low	""		TRUE	TRUE	single_sex		single_sex
DRP003654	other | genotype_comparison | conf=medium |  | n=16	strain	tissue:other	16	16	8	8	4	4	0	0	0	17516.5	0	8	0	0	8	0	0	0	0	generic	-0.695	0.349	-0.035	0.002	0.0019								14.85	0		0.561	-0.041	-1.188	1.163	1.537	M0																																																																																																																																																																																									genotype_comparison	ex_vivo_primary_cells	male_only	""	medium	other		TRUE	TRUE	single_sex	balanced	single_sex
DRP004472	| genotype_comparison | conf=low |  | n=24	genotype	in:strain=b6;tissue:unknown	24	24	16	16	4	12	0	0		19071.5	0	16	0	0	16	0	0	0	16	generic	0.643	1.139	-0.74	0.0527	0.0502								3.27	0		0.633	0.447	0.542	-0.637	-0.241	M0																																																																																																																																																																																									genotype_comparison	in_vivo_tissue	unknown	""	low	""		TRUE	TRUE	single_sex		single_sex
DRP004672	reproductive | genotype_comparison | conf=medium |  | n=74	genotype	in:cell_type=oocyte;tissue:reproductive	74	74	60	60	28	32	0.65	0.75		13234.5	39	21	7	32	0	2	34	0	0	generic	0.906	0.233	-0.337	0	0								11.07	5	0.461	1.869	-0.517	0.33	-0.443	0.001	M0,M1,M0perm,M3,M4,M5,M4perm,M5perm,M0permw	6707	1526	0.179	0.37	0.672	749	2	0	6707	6660	0.966	0.96	0.999	0	2	2	6707	1454	0.2	0.56	0.803	282	2	0	6707	6999	0.669	0.5	0.936	4	2	2	1526	6999	0.192	0.31	0.757	18	0	2	6707	1313	0.149	0.37	0.604	1022	2	0	1526	1313	0.537	0.82	0.927	0	0	0	6707	1509	0.167	0.38	0.629	930	2	0	1526	1509	0.795	0.91	0.987	0	0	0	6707	1568	0.184	0.39	0.676	733	2	0	1526	1568	0.919	0.94	0.998	0	0	0	6707	1497	0.177	0.4	0.679	717	2	0	1526	1497	0.891	0.93	0.996	0	0	0																																																																																	genotype_comparison	ex_vivo_primary_cells	female_only	""	medium	reproductive		TRUE	FALSE	partially_confounded		partially_confounded
DRP004730	| genotype_comparison | conf=high |  | n=10	genotype	tissue:unknown	10	10	10	10	5	5	0.5	0.2	0	18847	5	5	2	3	10	0	0	0	0	generic	1.464	0.579	0.184	8e-04	7e-04	readlen	0					0	1.23	1	0.267	-1.01	-0.203	-0.132	0.195	-0.441	M0,M1,M0perm,M2,M2perm,M3,M4,M5,M6,M4perm,M5perm,M6perm,M0permw	0	1	0	0.74	0.949	0	0	0	0	1	0	0.7	0.961	0	0	0	0	1	0	0.83	0.938	0	0	0	0	2	0	0.75	0.975	0	0	0	1	2	0.5	0.78	0.942	0	0	0	0	582	0	0.07	0.57	0	0	0	1	582	0.002	0.09	0.625	0	0	0	0	0		0.39	0.631	0	0	0	1	0	0	0.4	0.554	0	0	0	0	0		0.57	0.933	0	0	0	1	0	0	0.68	0.969	0	0	0	0	0		0.56	0.849	0	0	0	1	0	0	0.63	0.856	0	0	0																																	0	2	0	0.58	0.925	0	0	0	0	0		0.72	0.945	0	0	0	0	1	0	0.68	0.939	0	0	0	1	1	1	0.83	0.956	0	0	0	0	0		0.62	0.936	0	0	0	1	0	0	0.8	0.99	0	0	0	genotype_comparison	in_vivo_tissue	unknown	""	high	""		TRUE	FALSE	mildly_imbalanced	balanced	mildly_imbalanced
DRP004731	| genotype_comparison | conf=high |  | n=8	genotype	tissue:unknown	8	8	8	8	4	4	0.5	0.5	0	18917	4	4	3	1	8	0	0	0	0	generic	0.285	0.001	-0.224	5e-04	2e-04								2.3	0		-0.29	0.67	0.369	-0.264	1.718	M0,M1,M0perm,M2,M2perm,M4,M5,M4perm,M5perm,M0permw	0	0		0.62	0.828	0	0	0	0	0		0.85	0.991	0	0	0	0	0		0.62	0.828	0	0	0																	0	0		0.33	0.805	0	0	0	0	0		0.38	0.827	0	0	0	0	0		0.34	0.766	0	0	0	0	0		0.55	0.756	0	0	0	0	0		0.34	0.401	0	0	0	0	0		0.46	0.249	0	0	0	0	0		0.34	0.633	0	0	0	0	0		0.55	0.753	0	0	0																																	0	0		0.34	0.846	0	0	0	0	0		0.21	0.573	0	0	0																																	genotype_comparison	in_vivo_tissue	unknown	""	high	""		TRUE	FALSE	partially_confounded	balanced	partially_confounded
DRP005130	liver | genotype_comparison | conf=high |  | n=47	genotype	tissue:liver	47	47	47	47	24	23	0	0		13876	0	47	0	0	0	0	0	0	0	liver	-0.753	2.836	-0.116	0.0013	0.0012								3.52	0		0.543	-0.144	0.186	-1.22	-0.102	M0																																																																																																																																																																																									genotype_comparison	in_vivo_tissue	male_only	""	high	liver		TRUE	TRUE	single_sex		single_sex
DRP005135	muscle | genotype_comparison | conf=medium |  | n=8	genotype	tissue:muscle	8	8	8	8	4	4	0.88	0.25		15185.5	7	1	3	4	0	0	0	0	8	muscle	-0.319	0.261	-0.416	4e-04	2e-04								1.08	0		-1.517	0.876	1.022	0.04	-0.486	M0,M1,M0perm,M4,M5,M4perm,M5perm,M0permw	3	1	0.333	0.69	0.914	0	0	0	3	1	0.333	0.72	0.931	0	0	0	3	1	0.333	0.67	0.901	0	0	0																	3	0	0	0.12	0.534	0	0	0	1	0	0	0.13	0.342	0	0	0	3	323	0.009	0.05	0.904	0	0	0	1	323	0.003	0.05	0.888	0	0	0	3	0	0	0.37	0.725	0	0	0	1	0	0	0.36	0.847	0	0	0	3	0	0	0.3	0.594	0	0	0	1	0	0	0.35	0.77	0	0	0																																																																																	genotype_comparison	in_vivo_tissue	male_only	""	medium	muscle		TRUE	FALSE	mildly_imbalanced		mildly_imbalanced
DRP005251	| genotype_comparison | conf=medium |  | n=12	genotype	tissue:unknown	12	12	12	12	8	4	1	0		16299.5	12	0	8	4	12	0	0	0	12	generic	-0.37	-0.641	-1.027	4e-04	4e-04								10.64	0		-0.647	0.412	-0.111	0.13	-0.553	M0																																																																																																																																																																																									genotype_comparison	ex_vivo_primary_cells	unknown	""	medium	""		TRUE	TRUE	single_sex		single_sex
DRP005354	| genotype_comparison | conf=medium |  | n=37	strain	tissue:unknown	37	37	25	25	13	12	1	0		19377	25	0	13	12	25	0	0	0	0	generic	0.304	0.587	1.314	0.053	0.0479								4.38	0		-1.757	-0.511	-3.855	3.835	0.851	M0																																																																																																																																																																																									genotype_comparison	in_vivo_tissue	unknown	""	medium	""		TRUE	TRUE	single_sex		single_sex
DRP005463	brain_cns | genotype_comparison | conf=high |  | n=12	genotype	tissue:brain_cns	12	12	12	10	4	6	0.6	1		12454	6	4	0	6	10	0	0	2	10	brain	1.303	0.253	-1.359	0.0034	0.0033								2.35	0		-0.647	0.594	-0.612	0.605	-0.668	M0																																																																																																																																																																																									genotype_comparison	in_vivo_tissue	unknown	""	high	brain_cns		TRUE	FALSE	completely_confounded		completely_confounded
DRP005471	brain_cns | genotype_comparison | conf=high |  | n=12	genotype	tissue:brain_cns	12	12	12	12	6	6	0	0		16919.5	0	12	0	0	12	0	0	0	12	brain	-1.467	1.543	-0.465	2e-04	2e-04								2.02	0		0.456	-0.038	1.298	-1.355	0.095	M0																																																																																																																																																																																									genotype_comparison	in_vivo_tissue	unknown	""	high	brain_cns		TRUE	TRUE	single_sex		single_sex
ERP000771	| between_subject_case_control | conf=medium |  | n=12	diseasestate	tissue:unknown	12	12	12	12	6	6	0	0	0	16859.5	0	12	0	0	12	0	0	0	0	generic	0.095	0.516	0.763	0.0025	0.0014								1.24	0		-0.398	0.013	-0.676	0.269	-0.134	M0																																																																																																																																																																																									between_subject_case_control	in_vivo_tissue	unknown	""	medium	""		TRUE	TRUE	single_sex	balanced	single_sex
ERP004369	| genotype_comparison | conf=medium |  | n=48	strain	tissue:unknown	48	12	12	12	6	6	0.67	0		18651	8	4	4	4	12	0	0	0	12	generic	-0.607	-0.447	1.092	0.0023	0.0018								0.89	2	0.199	0.322	0.04	0.926	-0.818	-1.544	M0,M1,M0perm,M3,M4,M5,M4perm,M5perm,M0permw	5951	5998	0.923	0.88	0.999	0	0	0	5951	5532	0.92	0.95	1	0	0	0	5951	5786	0.932	0.95	0.999	0	0	0	5951	6845	0.775	0.78	0.961	0	0	0	5998	6845	0.774	0.81	0.962	0	0	0	5951	5446	0.792	0.77	0.982	0	0	0	5998	5446	0.811	0.82	0.984	0	0	0	5951	5829	0.772	0.75	0.978	0	0	1	5998	5829	0.78	0.81	0.979	0	0	1	5951	4303	0.689	0.85	0.986	0	0	0	5998	4303	0.702	0.86	0.987	0	0	0	5951	6986	0.734	0.83	0.976	0	0	0	5998	6986	0.742	0.85	0.977	0	0	0																																																																																	genotype_comparison	in_vivo_tissue	unknown	""	medium	""		TRUE	FALSE	balanced		balanced
ERP005175	| genotype_comparison | conf=high |  | n=17	genotype	tissue:unknown	17	17	17	10	4	6	0.6	0.167		11279	6	4	2	4	10	0	0	7	10	generic	1.041	0.776	0.897	0.0221	0.022								2.3	2	0.37	0.478	0.524	1.037	-0.861	-1.509	M0,M1,M0perm,M3,M4,M5,M7,M4perm,M5perm,M7perm,M0permw	82	110	0.627	0.74	0.986	0	0	0	82	33	0.369	0.88	0.992	0	0	0	82	247	0.332	0.63	0.98	0	0	0	82	1392	0.059	0.45	0.969	0	0	0	110	1392	0.079	0.49	0.969	0	0	0	82	112	0.285	0.47	0.941	0	0	0	110	112	0.329	0.46	0.944	0	0	0	82	9	0.083	0.51	0.887	0	0	0	110	9	0.072	0.6	0.892	0	0	0	82	1	0.012	0.51	0.893	0	0	0	110	1	0.009	0.49	0.899	0	0	0	82	415	0.192	0.46	0.975	0	0	0	110	415	0.259	0.54	0.979	0	0	0	82	74	0.472	0.66	0.986	0	0	0	110	74	0.533	0.8	0.988	0	0	0	82	5	0.012	0.11	0.431	0	0	0	110	5	0.027	0.17	0.449	0	0	0																																																	genotype_comparison	in_vivo_tissue	unknown	""	high	""		TRUE	FALSE	mildly_imbalanced		mildly_imbalanced
ERP006813	| genotype_comparison | conf=high |  | n=32	phenotype	tissue:unknown	32	32	26	20	4	16	0.45	0.062		16202	9	11	2	7	20	0	0	6	0	generic	1.252	1.908	0.677	2e-04	2e-04	readlen	0.612					0.612	2.54	3	0.259	-2.33	-1.162	0.558	-0.619	0.808	M0,M1,M0perm,M3,M4,M5,M6,M4perm,M5perm,M6perm,M0permw	4644	4897	0.873	0.86	0.985	0	0	1	4644	2622	0.553	0.83	0.958	0	0	0	4644	4520	0.915	0.89	0.995	0	0	0	4644	5990	0.696	0.65	0.93	0	0	0	4897	5990	0.729	0.71	0.938	0	1	0	4644	952	0.183	0.58	0.695	42	0	0	4897	952	0.176	0.58	0.732	42	1	0	4644	2798	0.375	0.54	0.735	47	0	3	4897	2798	0.377	0.57	0.74	38	1	3	4644	3006	0.612	0.79	0.952	0	0	1	4897	3006	0.596	0.82	0.952	0	1	1	4644	2457	0.5	0.75	0.863	0	0	1	4897	2457	0.483	0.82	0.862	0	1	1																																																	4644	3084	0.467	0.56	0.775	131	0	3	4897	3084	0.471	0.57	0.815	66	1	3	4644	2667	0.504	0.76	0.899	6	0	4	4897	2667	0.5	0.8	0.923	2	1	4	genotype_comparison	ex_vivo_primary_cells	unknown	""	high	""		TRUE	FALSE	balanced		balanced
ERP006822	| between_subject_case_control | conf=medium | tumor_tissue | n=18	disease	subj:individual;tissue:unknown	18	18	18	16	6	10	0.75	0.4		15836	12	4	6	6	16	0	0	0	16	generic	0.239	5.183	0.446	0.003	0.003	pubmonth	0.745				0.745		20.16	3	0.382	-0.236	4.61	-1.173	1.489	0.202	M0,M1,M0perm,M3,M4,M5,M6,M4perm,M5perm,M6perm,M0permw	12221	9846	0.76	0.81	0.983	0	2	1	12221	12207	0.95	0.96	0.998	0	2	2	12221	10983	0.864	0.89	0.993	0	2	2	12221	16273	0.748	0.32	0.965	0	2	2	9846	16273	0.599	0.31	0.947	1	1	2	12221	9915	0.404	0.28	0.681	1885	2	0	9846	9915	0.376	0.32	0.663	1122	1	0	12221	3686	0.2	0.35	0.563	2619	2	0	9846	3686	0.223	0.37	0.609	1519	1	0	12221	8750	0.692	0.65	0.978	0	2	0	9846	8750	0.79	0.78	0.981	0	1	0	12221	7702	0.581	0.75	0.951	5	2	0	9846	7702	0.735	0.83	0.982	0	1	0																																																	12221	5509	0.437	0.78	0.957	42	2	0	9846	5509	0.534	0.7	0.965	3	1	0	12221	9650	0.75	0.81	0.983	0	2	1	9846	9650	0.939	0.92	0.998	0	1	1	between_subject_case_control	in_vivo_tissue	unknown	tumor_tissue	medium	""		TRUE	FALSE	partially_confounded		partially_confounded
ERP009958	| genotype_comparison | conf=high |  | n=16	genotype	tissue:unknown	16	16	16	16	8	8	0.56	0.125		17129	9	7	5	4	16	0	0	0	16	generic	1.127	0.095	0.661	0.0864	0.0861								3.57	1	0.09	0.147	-1.773	1.104	-1.202	-0.279	M0,M1,M0perm,M3,M4,M5,M7,M4perm,M5perm,M7perm,M0permw	0	0		0.87	0.997	0	0	0	0	0		0.82	0.998	0	0	0	0	0		0.84	0.998	0	0	0	0	0		0.31	0.422	0	0	0	0	0		0.3	0.443	0	0	0	0	0		0.14	0.641	0	0	0	0	0		0.16	0.65	0	0	0	0	0		0.3	0.841	0	0	0	0	0		0.31	0.853	0	0	0	0	0		0.54	0.98	0	0	0	0	0		0.61	0.986	0	0	0	0	0		0.41	0.98	0	0	0	0	0		0.43	0.983	0	0	0	0	0		0.31	0.847	0	0	0	0	0		0.31	0.858	0	0	0	0	0		0.67	0.991	0	0	0	0	0		0.71	0.996	0	0	0																																																	genotype_comparison	in_vivo_tissue	unknown	""	high	""		TRUE	FALSE	balanced		balanced
ERP010742	| genotype_comparison | conf=medium |  | n=13	genotype	ex:infect=akkermansia muciniphila;tissue:unknown	13	13	8	8	4	4	0	0		16741	0	8	0	0	8	0	0	0	8	generic	-0.7	-0.142	-0.341	1e-04	1e-04								1.4	0		0.386	-1.132	0.322	-0.381	0.987	M0																																																																																																																																																																																									genotype_comparison	in_vivo_tissue	unknown	""	medium	""		TRUE	TRUE	single_sex		single_sex
ERP012146	| genotype_comparison | conf=high |  | n=18	genotype	tissue:unknown	18	18	12	12	6	6	0.75	0.167		14823.5	9	3	4	5	12	0	0	0	12	generic	0.165	1.132	1.251	5e-04	5e-04								0.59	3	0.672	1.294	-1.611	0.226	4.257	-0.292	M0,M1,M0perm,M3,M4,M5,M4perm,M5perm,M0permw	1776	1804	0.811	0.71	0.99	0	0	0	1776	1519	0.781	0.91	0.994	0	0	0	1776	1445	0.779	0.91	0.994	0	0	0	1776	1034	0.442	0.56	0.88	0	0	0	1804	1034	0.477	0.69	0.902	0	0	0	1776	392	0.185	0.54	0.806	0	0	0	1804	392	0.19	0.67	0.834	0	0	0	1776	500	0.244	0.61	0.905	0	0	0	1804	500	0.245	0.7	0.906	0	0	0	1776	752	0.373	0.62	0.929	0	0	0	1804	752	0.38	0.74	0.938	0	0	0	1776	366	0.187	0.54	0.841	0	0	0	1804	366	0.191	0.61	0.86	0	0	0																																																																																	genotype_comparison	in_vivo_tissue	unknown	""	high	""		TRUE	FALSE	mildly_imbalanced		mildly_imbalanced
ERP012530	| genotype_comparison | conf=high |  | n=15	genotype	tissue:unknown	15	15	10	10	5	5	0	0		16991.5	0	10	0	0	10	0	0	0	10	generic	0.567	0.483	0.239	0	0								9.11	0		-0.117	-1.224	-0.218	0.07	0.889	M0																																																																																																																																																																																									genotype_comparison	ex_vivo_primary_cells	unknown	""	high	""		TRUE	TRUE	single_sex		single_sex
ERP013151	| between_subject_case_control | conf=high |  | n=19	state	tissue:unknown	19	19	14	14	6	8	0	0		16913	0	14	0	0	0	0	0	0	14	generic	2.653	1.351	-0.116	0.0019	0.0013	platform	0.24	0.24					3.1	0		-0.869	-0.41	-0.198	-0.018	-0.018	M0																																																																																																																																																																																									between_subject_case_control	in_vivo_tissue	male_only	""	high	""		TRUE	TRUE	single_sex		single_sex
ERP013315	| genotype_comparison | conf=medium |  | n=12	genotype	tissue:unknown	12	12	12	12	6	6	0.42	0.833		18006	5	7	5	0	12	0	0	0	12	generic	-0.348	-0.43	0.347	9e-04	5e-04								1.22	2	0.144	0.854	-0.57	-0.044	0.083	0.169	M0,M1,M0perm,M3,M4,M5,M4perm,M5perm,M0permw	5	90	0.011	0.01	0.178	0	4	0	5	1	0.2	0.82	0.991	0	4	0	5	0	0	0.14	0.685	0	4	0	5	1481	0.003	0.17	0.929	0	4	5	90	1481	0.001	0.01	0.095	7	0	5	5	8	0	0.01	0.276	3	4	0	90	8	0.077	0.79	0.75	0	0	0	5	79	0.012	0.01	0.147	0	4	0	90	79	0.779	0.93	0.992	0	0	0	5	36	0.025	0.02	0.293	0	4	0	90	36	0.4	0.93	0.901	0	0	0	5	62	0.015	0.01	0.264	0	4	0	90	62	0.652	0.9	0.952	0	0	0																																																																																	genotype_comparison	in_vivo_tissue	unknown	""	medium	""		TRUE	FALSE	partially_confounded		partially_confounded
ERP013839	| in_vivo_treatment_arms | conf=medium |  | n=26	clinical history	in:organism part=right plantaris muscle;tissue:unknown	26	26	9	9	5	4	1	0		16665	9	0	5	4	9	0	0	0	9	generic	0.83	-0.766	-0.771	0.0015	0.0014								2.27	0		-1.141	0.248	2.861	-0.908	-0.19	M0																																																																																																																																																																																									in_vivo_treatment_arms	in_vivo_tissue	unknown	""	medium	""		TRUE	TRUE	single_sex		single_sex
ERP014572	| in_vivo_treatment_arms | conf=medium |  | n=16	stimulus	tissue:unknown	16	16	16	16	8	8	0	0		15410	0	16	0	0	16	0	0	0	16	generic	-1.317	-3.198	0.221	6e-04	4e-04								9.17	0		2.905	1.229	-2.457	2.659	0.073	M0																																																																																																																																																																																									in_vivo_treatment_arms	in_vivo_tissue	unknown	""	medium	""		TRUE	TRUE	single_sex		single_sex
ERP014590	| in_vivo_treatment_arms | conf=high |  | n=16	stimulus	tissue:unknown	16	16	16	16	8	8	0	0		13829	0	16	0	0	16	0	0	0	16	generic	-0.629	-1.037	1.049	4e-04	4e-04								4.96	0		1.661	0.62	-1.009	1.365	-0.318	M0																																																																																																																																																																																									in_vivo_treatment_arms	in_vivo_tissue	unknown	""	high	""		TRUE	TRUE	single_sex		single_sex
ERP014609	| genotype_comparison | conf=medium |  | n=12	genotype	in:organism part=testis;tissue:unknown	12	12	10	10	6	4	0	0		17997	0	10	0	0	10	0	0	0	10	generic	7.518	6.841	3.481	0.001	0.001								8.87	0		1.761	-1.868	-9.969	11.517	-1.529	M0																																																																																																																																																																																									genotype_comparison	in_vivo_tissue	both_sexes	""	medium	""		TRUE	TRUE	single_sex		single_sex
ERP015152	| genotype_comparison | conf=high | tumor_tissue | n=10	genotype	subj:individual;tissue:unknown	10	10	10	10	5	5	0.3	0.2		18593.5	3	7	1	2	10	0	0	0	10	generic	-0.123	0.58	0.433	9e-04	9e-04								24.24	3	0.206	1.266	0.545	0.335	-0.054	-0.69	M0,M1,M0perm,M3,M4,M5,M4perm,M5perm,M0permw	0	0		0.73	0.978	0	0	0	0	0		0.61	0.968	0	0	0	0	0		0.57	0.984	0	0	0	0	0		0.13	0.448	0	0	0	0	0		0.13	0.46	0	0	0	0	0		0.38	0.703	0	0	0	0	0		0.48	0.726	0	0	0	0	0		0.47	0.911	0	0	0	0	0		0.53	0.947	0	0	0	0	0		0.22	0.864	0	0	0	0	0		0.28	0.864	0	0	0	0	1	0	0.38	0.953	0	0	0	0	1	0	0.34	0.977	0	0	0																																																																																	genotype_comparison	in_vivo_tissue	unknown	tumor_tissue	high	""		TRUE	FALSE	mildly_imbalanced		mildly_imbalanced
ERP015766	| genotype_comparison | conf=medium | tumor_tissue | n=42	diagnosis	tissue:unknown	42	42	42	42	20	22	1	0		19109	42	0	20	22	0	0	0	0	42	generic	4.365	3.735	0.036	0.0037	0.0036								14.05	0		1.622	1.219	-5.948	6.193	-3.803	M0																																																																																																																																																																																									genotype_comparison	in_vivo_tissue	female_only	tumor_tissue	medium	""		TRUE	TRUE	single_sex		single_sex
ERP016155	other | between_subject_case_control | conf=medium | tumor_tissue | n=8	disease	tissue:other	8	8	8	8	4	4	1	0		15693	8	0	4	4	8	0	0	0	8	generic	2	2.053	3.743	5e-04	5e-04								2.63	0		0	0.876	-0.105	1.524	-0.23	M0																																																																																																																																																																																									between_subject_case_control	ex_vivo_primary_cells	unknown	tumor_tissue	medium	other		TRUE	TRUE	single_sex		single_sex
ERP016751	other | genotype_comparison | conf=medium |  | n=15	sbds_mutant	tissue:other	15	15	15	15	8	7	0.53	0.071		15639	8	7	4	4	15	0	0	0	15	generic	1.019	0.191	-0.585	0.0045	0.0043								24.59	5	0.221	-0.693	0.981	0.894	-0.831	-0.58	M0,M1,M0perm,M3,M4,M5,M4perm,M5perm,M0permw	1	1	1	0.88	0.993	0	0	0	1	1	1	0.8	0.992	0	0	0	1	1	1	0.76	0.991	0	0	0	1	0	0	0.24	0.819	0	0	0	1	0	0	0.22	0.834	0	0	0	1	0	0	0.53	0.864	0	0	0	1	0	0	0.52	0.868	0	0	0	1	0	0	0.28	0.85	0	0	0	1	0	0	0.29	0.862	0	0	0	1	0	0	0.62	0.957	0	0	0	1	0	0	0.66	0.966	0	0	0	1	0	0	0.46	0.918	0	0	0	1	0	0	0.48	0.923	0	0	0																																																																																	genotype_comparison	ex_vivo_primary_cells	unknown	""	medium	other		TRUE	FALSE	balanced		balanced
ERP016856	| in_vivo_treatment_arms | conf=medium |  | n=14	time point after surgery	tissue:unknown	14	14	10	10	5	5	1	0		17472.5	10	0	5	5	10	0	0	0	10	generic	0.703	1.969	-0.258	7e-04	6e-04								0.94	0		0.045	0.388	-0.043	0.055	-0.257	M0																																																																																																																																																																																									in_vivo_treatment_arms	in_vivo_tissue	unknown	""	medium	""		TRUE	TRUE	single_sex		single_sex
ERP020504	| genotype_comparison | conf=medium |  | n=47	genotype	tissue:unknown	47	24	24	23	12	11	0.57	0.136		21334.5	13	10	6	7	23	0	0	1	0	generic	0.587	-0.347	0.211	0.0078	0.0072								9.3	4	0.283	-0.677	0.279	0.393	-0.328	0.341	M0,M1,M0perm,M3,M4,M5,M4perm,M5perm,M0permw	174	177	0.828	0.93	0.993	0	0	0	174	150	0.78	0.96	0.992	0	0	0	174	167	0.833	0.94	0.996	0	0	0	174	3045	0.057	0.36	0.904	0	0	0	177	3045	0.058	0.37	0.906	0	0	0	174	259	0.509	0.7	0.923	0	0	0	177	259	0.563	0.69	0.937	0	0	0	174	679	0.213	0.4	0.715	0	0	0	177	679	0.219	0.41	0.7	0	0	0	174	35	0.174	0.56	0.823	0	0	0	177	35	0.184	0.57	0.846	0	0	0	174	266	0.447	0.63	0.864	0	0	0	177	266	0.472	0.64	0.886	0	0	0																																																																																	genotype_comparison	in_vivo_tissue	both_sexes	""	medium	""		TRUE	FALSE	balanced		balanced
ERP020514	blood_immune | genotype_comparison | conf=medium |  | n=12	genotype	tissue:blood_immune	12	12	12	12	6	6	0.5	1		15556.5	6	6	0	6	12	0	0	0	12	blood	0.759	1.503	-0.571	2e-04	2e-04								5.13	0		-2.798	-0.458	1.971	-1.956	0.104	M0																																																																																																																																																																																									genotype_comparison	ex_vivo_primary_cells	unknown	""	medium	blood_immune		TRUE	FALSE	completely_confounded		completely_confounded
ERP020735	| in_vivo_treatment_arms | conf=high | tumor_tissue | n=16	environmental history	tissue:unknown	16	16	16	16	8	8	0.06	0.125		16493	1	15	0	1	0	0	1	0	0	generic	0.347	-0.602	-0.522	3e-04	3e-04								2.49	3	0.168	0.371	-0.269	0.628	-0.548	-0.924	M0,M1,M0perm,M3,M4,M5,M4perm,M5perm,M0permw	0	0		0.58	0.976	0	0	0	0	0		0.75	0.989	0	0	0	0	0		0.83	0.99	0	0	0	0	0		0.19	0.608	0	0	0	0	0		0.12	0.569	0	0	0	0	0		0.36	0.914	0	0	0	0	0		0.51	0.956	0	0	0	0	0		0.03	0.782	0	0	0	0	0		0.05	0.798	0	0	0	0	0		0.4	0.953	0	0	0	0	0		0.52	0.962	0	0	0	0	1	0	0.27	0.788	0	0	0	0	1	0	0.31	0.824	0	0	0																																																																																	in_vivo_treatment_arms	in_vivo_tissue	female_only	tumor_tissue	high	""		TRUE	FALSE	balanced		balanced
ERP021224	| genotype_comparison | conf=high |  | n=21	disease	tissue:unknown	21	21	9	9	4	5	0	0		16720	0	9	0	0	0	1	0	0	0	generic	3.619	2.498	-0.37	6e-04	5e-04								1.62	0		-0.712	0.25	0.69	-0.532	-0.338	M0																																																																																																																																																																																									genotype_comparison	in_vivo_tissue	male_only	""	high	""		TRUE	TRUE	single_sex		single_sex
ERP021472	| genotype_comparison | conf=high |  | n=19	genotype	tissue:unknown	19	19	14	14	6	8	0.71	0.667		17087.5	10	4	2	8	0	0	0	0	0	generic	0.282	0.473	0.511	0	0								3.65	3	0.117	0.444	0.088	-0.167	0.213	-0.446	M0,M1,M0perm,M3,M4,M5,M4perm,M5perm,M0permw	11	27	0.086	0.24	0.745	0	0	0	11	155	0.071	0.37	0.908	0	0	0	11	0	0	0.48	0.859	0	0	0	11	1437	0.008	0.27	0.959	0	0	1	27	1437	0.015	0.22	0.671	0	0	1	11	0	0	0.19	0.636	0	0	0	27	0	0	0.49	0.907	0	0	0	11	0	0	0.13	0.78	0	0	0	27	0	0	0.3	0.727	0	0	0	11	19	0.071	0.21	0.726	0	0	0	27	19	0.394	0.69	0.982	0	0	0	11	26	0.057	0.2	0.731	0	0	0	27	26	0.472	0.79	0.994	0	0	0																																																																																	genotype_comparison	in_vivo_tissue	male_only	""	high	""		TRUE	FALSE	partially_confounded		partially_confounded
ERP021891	| genotype_comparison | conf=medium |  | n=14	genotype	in:organism part=gastric mucosa;subj:individual;tissue:unknown	14	14	8	8	4	4	0.88	0.25		15114.5	7	1	3	4	8	0	0	0	8	generic	-0.442	0.696	1.24	7e-04	7e-04								7.89	0		-0.237	0.904	2.967	-1.564	0.418	M0,M1,M0perm,M4,M5,M4perm,M5perm,M0permw	0	0		0.54	0.89	0	0	0	0	0		0.53	0.965	0	0	0	0	0		0.45	0.95	0	0	0																	0	0		0.26	0.619	0	0	0	0	0		0.29	0.692	0	0	0	0	0		0.27	0.867	0	0	0	0	0		0.37	0.935	0	0	0	0	0		0.27	0.778	0	0	0	0	0		0.38	0.899	0	0	0	0	0		0.19	0.762	0	0	0	0	0		0.24	0.857	0	0	0																																																																																	genotype_comparison	in_vivo_tissue	unknown	""	medium	""		TRUE	FALSE	mildly_imbalanced		mildly_imbalanced
ERP022432	heart | genotype_comparison | conf=high |  | n=8	genotype	tissue:heart	8	8	8	8	4	4	0.75	0		17520.5	6	2	3	3	8	0	0	0	8	heart	-1.804	2.401	-0.634	0.0015	0.0015								2.95	0		-0.013	0.548	0.834	-0.738	1.09	M0,M1,M0perm,M4,M5,M4perm,M5perm,M0permw	313	524	0.597	0.86	0.987	0	0	0	313	504	0.621	0.88	0.987	0	0	0	313	201	0.637	0.93	0.989	0	0	0																	313	486	0.528	0.63	0.918	0	0	0	524	486	0.578	0.7	0.917	0	0	0	313	81	0.11	0.33	0.594	0	0	0	524	81	0.077	0.36	0.605	12	0	0	313	3	0.01	0.57	0.729	0	0	0	524	3	0.006	0.57	0.738	0	0	0	313	66	0.115	0.42	0.652	0	0	0	524	66	0.089	0.45	0.656	0	0	0																																																																																	genotype_comparison	ex_vivo_primary_cells	unknown	""	high	heart		TRUE	FALSE	balanced		balanced
ERP022738	| in_vivo_treatment_arms | conf=high |  | n=15	environmental history	tissue:unknown	15	15	15	15	9	6	1	0		19174	15	0	9	6	15	0	0	0	0	generic	0.051	0.359	-0.548	2e-04	2e-04								12.45	0		0.149	0.271	0.053	0.035	-0.545	M0																																																																																																																																																																																									in_vivo_treatment_arms	in_vivo_tissue	female_only	""	high	""		TRUE	TRUE	single_sex		single_sex
ERP022747	| genotype_comparison | conf=high |  | n=9	genotype	tissue:unknown	9	9	9	9	5	4	0.56	0.1		17284	5	4	3	2	0	0	0	0	0	generic	1.377	0.993	-0.506	0	0								2.24	0		-1.736	0.314	6.766	-5.681	0.116	M0,M1,M0perm,M4,M5,M4perm,M5perm,M0permw	4700	4647	0.917	0.87	0.997	0	0	0	4700	4450	0.907	0.95	0.997	0	0	0	4700	4422	0.906	0.91	0.996	0	0	1																	4700	3314	0.51	0.66	0.822	1	0	0	4647	3314	0.519	0.73	0.832	0	0	0	4700	3177	0.593	0.74	0.911	0	0	0	4647	3177	0.602	0.81	0.918	0	0	0	4700	1935	0.405	0.75	0.921	0	0	0	4647	1935	0.408	0.82	0.919	0	0	0	4700	2893	0.581	0.72	0.944	0	0	0	4647	2893	0.587	0.76	0.947	0	0	0																																																																																	genotype_comparison	ex_vivo_primary_cells	both_sexes	""	high	""		TRUE	FALSE	balanced		balanced
ERP022752	| genotype_comparison | conf=medium |  | n=78	genotype	subj:individual;tissue:unknown	78	16	8	8	4	4	0.38	0.25		17384.5	3	5	2	1	8	0	0	0	8	generic	-0.418	0.703	0.644	5e-04	3e-04								4.3	0		0.467	-0.421	0.879	-0.907	0.255	M0,M1,M0perm,M4,M5,M4perm,M5perm,M0permw	0	0		0.66	0.967	0	0	0	0	0		0.71	0.954	0	0	0	0	2	0	0.88	0.973	0	0	0																	0	2	0	0.47	0.95	0	0	0	0	2	0	0.63	0.99	0	0	0	0	0		0.26	0.529	0	0	0	0	0		0.28	0.446	0	0	0	0	7	0	0.35	0.879	0	0	0	0	7	0	0.49	0.906	0	0	0	0	2	0	0.51	0.928	0	0	0	0	2	0	0.56	0.928	0	0	0																																																																																	genotype_comparison	in_vivo_tissue	unknown	""	medium	""		TRUE	FALSE	mildly_imbalanced		mildly_imbalanced
ERP023196	| in_vivo_treatment_arms | conf=high |  | n=34	treatment	tissue:unknown	34	34	14	14	7	7	0	0		15286.5	0	14	0	0	0	0	0	0	0	generic	-0.809	-1.222	0.535	3e-04	2e-04								0.7	0		-0.695	-1.2	-0.899	-0.207	-0.377	M0																																																																																																																																																																																									in_vivo_treatment_arms	in_vivo_tissue	male_only	""	high	""		TRUE	TRUE	single_sex		single_sex
ERP023283	| genotype_comparison | conf=high | pooled_samples | n=8	genotype	tissue:unknown	8	8	8	8	4	4	0.25	0		13855.5	2	6	1	1	0	0	1	0	8	generic	0.481	0.986	0.093	0.0024	0.0011								1.78	0		-0.171	1.939	0.076	-0.095	-0.398	M0,M1,M0perm,M4,M5,M4perm,M5perm,M0permw	9	2	0.222	0.86	0.986	0	0	0	9	3	0.091	0.45	0.942	0	0	0	9	1	0.111	0.82	0.988	0	0	0																	9	0	0	0.28	0.695	0	0	0	2	0	0	0.28	0.685	0	0	0	9	0	0	0.44	0.646	0	0	0	2	0	0	0.45	0.677	0	0	0	9	0	0	0.07	0.301	0	0	0	2	0	0	0.06	0.319	0	0	0	9	0	0	0.32	0.868	0	0	0	2	0	0	0.33	0.864	0	0	0																																																																																	genotype_comparison	in_vivo_tissue	male_only	pooled_samples	high	""		TRUE	FALSE	balanced		balanced
ERP023452	| genotype_comparison | conf=high |  | n=24	genotype	in:genetic modification=knockout of mir-183 and mir-96;tissue:unknown	24	24	12	12	6	6	0.5	0		17881	6	6	3	3	0	1	0	0	0	generic	0.398	-0.038	-0.968	1e-04	1e-04	readlen	0.354					0.354	15.46	4	0.282	0.239	0.731	-0.394	0.536	1.066	M0,M1,M0perm,M3,M4,M5,M6,M4perm,M5perm,M6perm,M0permw	0	0		0.89	0.985	0	0	0	0	2	0	0.74	0.97	0	0	0	0	0		0.88	0.986	0	0	0	0	4	0	0.44	0.856	0	0	0	0	4	0	0.46	0.858	0	0	0	0	0		0.53	0.836	0	0	0	0	0		0.54	0.848	0	0	0	0	0		0.54	0.931	0	0	0	0	0		0.57	0.941	0	0	0	0	0		0.63	0.925	0	0	0	0	0		0.63	0.934	0	0	0	0	0		0.47	0.865	0	0	0	0	0		0.5	0.872	0	0	0																																																	0	1	0	0.48	0.841	0	0	0	0	1	0	0.48	0.858	0	0	0	0	0		0.84	0.971	0	0	0	0	0		0.91	0.985	0	0	0	genotype_comparison	in_vivo_tissue	both_sexes	""	high	""		TRUE	FALSE	balanced		balanced
ERP023507	| genotype_comparison | conf=medium |  | n=12	genotype	tissue:unknown	12	12	12	12	6	6	0.33	0	0	16664	4	8	2	2	12	0	0	0	0	generic	1.799	0.676	0.687	0.1009	0.1003	readlen	0					0	2.9	2	0.72	-0.729	-0.008	0.204	-0.69	-0.513	M0,M1,M0perm,M2,M2perm,M3,M4,M5,M6,M7,M4perm,M5perm,M6perm,M7perm,M0permw	0	0		0.37	0.981	0	0	0	0	0		0.58	0.91	0	0	0	0	0		0.56	0.992	0	0	0	0	0		0.23	0.828	0	0	0	0	0		0.3	0.827	0	0	0	0	0		0.35	0.807	0	0	0	0	0		0.47	0.818	0	0	0	0	0		0.05	0.029	0	0	0	0	0		0.04	0.035	0	0	0	0	0		0.33	0.962	0	0	0	0	0		0.61	0.967	0	0	0	0	0		0.23	0.831	0	0	0	0	0		0.39	0.84	0	0	0	0	0		0.37	0.944	0	0	0	0	0		0.74	0.965	0	0	0	0	0		0.37	0.98	0	0	0	0	0		0.87	0.997	0	0	0	0	10	0	0.22	0.974	0	0	0	0	0		0.51	0.882	0	0	0	0	10	0	0.22	0.974	0	0	0	0	10	0	0.47	0.992	0	0	0	0	0		0.37	0.981	0	0	0	0	0		0.77	0.992	0	0	0	genotype_comparison	in_vivo_tissue	unknown	""	medium	""		TRUE	FALSE	balanced	balanced	balanced
ERP024052	| in_vivo_treatment_arms | conf=high | tumor_tissue | n=9	phenotype	tissue:unknown	9	9	9	9	5	4	0.33	0.6	1.136	16955	3	6	3	0	0	0	0	0	0	generic	0.713	-0.388	-0.458	0.0072	0.0072								2.24	0		0.5	-0.447	0.424	-0.811	-0.102	M0,M1,M0perm,M2,M2perm,M4,M5,M4perm,M5perm,M0permw	0	0		0.16	0.799	0	0	0	0	1	0	0.16	0.811	0	0	0	0	0		0.13	0.796	0	0	0																	0	4	0	0.03	0.589	0	0	0	0	4	0	0.17	0.776	0	0	0	0	0		0.12	0.66	0	0	0	0	0		0.37	0.757	0	0	0	0	0		0.07	0.511	0	0	0	0	0		0.16	0.693	0	0	0	0	0		0.09	0.61	0	0	0	0	0		0.42	0.787	0	0	0																																	0	0		0.08	0.414	0	0	0	0	0		0.16	0.726	0	0	0																																	in_vivo_treatment_arms	in_vivo_tissue	both_sexes	tumor_tissue	high	""		TRUE	FALSE	partially_confounded	partially_confounded	partially_confounded
ERP024489	| in_vivo_treatment_arms | conf=high |  | n=24	environmental history	tissue:unknown	24	24	24	24	14	10	1	0		13588.5	24	0	14	10	0	0	0	0	0	generic	-0.335	0.253	-0.305	0.0015	0.0013	readlen	0.015					0.015	0.86	0		0.401	-0.461	-0.845	-0.38	-0.237	M0																																																																																																																																																																																									in_vivo_treatment_arms	in_vivo_tissue	female_only	""	high	""		TRUE	TRUE	single_sex		single_sex
ERP104373	| genotype_comparison | conf=high |  | n=12	genotype	tissue:unknown	12	12	12	12	6	6	0.83	0		14093	10	2	5	5	0	1	5	0	0	generic	0.84	-0.627	1.189	2e-04	1e-04								8.2	3	0.11	-0.171	-0.168	0.697	-0.699	-0.015	M0,M1,M0perm,M3,M4,M5,M4perm,M5perm,M0permw	0	0		0.41	0.911	0	0	0	0	0		0.43	0.89	0	0	0	0	0		0.69	0.974	0	0	0	0	0		0.28	0.88	0	0	0	0	0		0.18	0.764	0	0	0	0	0		0.22	0.854	0	0	0	0	0		0.43	0.951	0	0	0	0	0		0.11	0.627	0	0	0	0	0		0.06	0.631	0	0	0	0	0		0.28	0.935	0	0	0	0	0		0.46	0.929	0	0	0	0	0		0.06	0.483	0	0	0	0	0		0.07	0.516	0	0	0																																																																																	genotype_comparison	in_vivo_tissue	both_sexes	""	high	""		TRUE	FALSE	balanced		balanced
ERP104759	other | genotype_comparison | conf=high |  | n=12	genotype	tissue:other	12	12	8	8	4	4	0.38	0.25		18076	3	5	2	1	0	1	0	0	8	generic	2.967	0.38	-1.019	0.0016	0.0014								4.88	0		-0.536	0.093	1.266	-1.874	-1.021	M0,M1,M0perm,M4,M5,M4perm,M5perm,M0permw	5467	5005	0.846	0.67	0.994	0	0	0	5467	5114	0.849	0.78	0.994	0	0	0	5467	6005	0.787	0.75	0.976	0	0	0																	5467	0	0	0.18	0.552	706	0	0	5005	0	0	0.23	0.542	638	0	0	5467	3090	0.377	0.41	0.722	79	0	0	5005	3090	0.394	0.53	0.735	36	0	0	5467	4355	0.706	0.55	0.975	0	0	0	5005	4355	0.762	0.71	0.979	0	0	0	5467	1440	0.262	0.62	0.963	0	0	0	5005	1440	0.287	0.83	0.97	0	0	0																																																																																	genotype_comparison	in_vivo_tissue	both_sexes	""	high	other		TRUE	FALSE	mildly_imbalanced		mildly_imbalanced
ERP104865	| in_vivo_treatment_arms | conf=medium |  | n=26	mouse+treatment	in:tissue_type=proximal colon;tissue:unknown	26	26	14	10	5	5	0	0		14077.5	0	10	0	0	10	0	0	4	10	generic	0.285	0.891	0.795	4e-04	3e-04								9.55	0		-0.55	0.717	-0.289	0.374	-0.174	M0																																																																																																																																																																																									in_vivo_treatment_arms	in_vivo_tissue	unknown	""	medium	""		TRUE	TRUE	single_sex		single_sex
ERP105477	| genotype_comparison | conf=medium |  | n=62	genotype	in:tissue_type=ileum;subj:mouseid;tissue:unknown	62	62	46	30	21	9	1	0		17054	30	0	21	9	0	0	0	0	30	generic	-0.447	0.261	-0.022	0.001	9e-04								11.24	0		-0.285	0.011	0.298	-0.133	0.391	M0																																																																																																																																																																																									genotype_comparison	in_vivo_tissue	female_only	""	medium	""		TRUE	TRUE	single_sex		single_sex
ERP105638	| in_vivo_treatment_arms | conf=low |  | n=49	sample_treatment	in:tissue_type=hippocampus;tissue:unknown	49	48	21	21	11	10	0.19	0.018		16541	4	17	2	2	21	0	0	0	21	generic	-0.054	-0.205	0.203	7e-04	7e-04	layout	0.023		0.023		0.023	0.023	7.71	2	0.994	-0.041	-0.1	0.084	-0.09	0.342	M0,M1,M0perm,M3,M4,M5,M4perm,M5perm,M0permw	0	0		0.19	0.909	0	0	0	0	0		0.93	0.991	0	0	0	0	0		0.95	0.997	0	0	0	0	1	0	0.18	0.826	0	0	0	0	1	0	0.54	0.919	0	0	0	0	2	0	0.15	0.906	0	0	0	0	2	0	0.75	0.995	0	0	0	0	2	0	0.16	0.877	0	0	0	0	2	0	0.75	0.967	0	0	0	0	0		0.14	0.863	0	0	0	0	0		0.48	0.947	0	0	0	0	3	0	0.12	0.855	0	0	0	0	3	0	0.44	0.94	0	0	0																																																																																	in_vivo_treatment_arms	in_vivo_tissue	unknown	""	low	""		TRUE	FALSE	balanced		balanced
ERP106132	| genotype_comparison | conf=high |  | n=64	genotype	tissue:unknown	64	64	64	64	32	32	0	0	0	17411.5	0	64	0	0	0	0	0	0	0	generic	0.569	0.229	-0.237	0.004	0.0038								21.35	0		0.271	-0.06	-0.501	0.364	-0.197	M0																																																																																																																																																																																									genotype_comparison	in_vivo_tissue	male_only	""	high	""		TRUE	TRUE	single_sex	balanced	single_sex
ERP106136	| genotype_comparison | conf=high |  | n=10	genotype	tissue:unknown	10	10	10	10	5	5	0	0		16226.5	0	10	0	0	0	0	0	0	10	generic	-0.007	-0.939	-0.308	0	0								2.24	0		0.419	-0.507	-0.636	0.692	-1.828	M0																																																																																																																																																																																									genotype_comparison	in_vivo_tissue	male_only	""	high	""		TRUE	TRUE	single_sex		single_sex
ERP106455	other | genotype_comparison | conf=medium |  | n=16	genotype	tissue:other	16	16	16	16	8	8	0.62	0.25		14337.5	10	6	4	6	0	0	1	0	0	generic	-0.263	-0.051	0.065	0.0036	0.0033								9.38	2	0.132	0.768	-0.629	-0.075	0.064	-0.486	M0,M1,M0perm,M3,M4,M5,M4perm,M5perm,M0permw	3	2	0.667	0.8	0.987	0	0	0	3	2	0.667	0.71	0.963	0	0	0	3	2	0.667	0.81	0.978	0	0	0	3	120	0.025	0.17	0.46	0	0	0	2	120	0.017	0.18	0.5	0	0	0	3	16	0.118	0.23	0.789	0	0	0	2	16	0.125	0.22	0.774	0	0	0	3	2	0.667	0.36	0.895	0	0	0	2	2	1	0.38	0.898	0	0	0	3	1	0.333	0.43	0.867	0	0	0	2	1	0.5	0.43	0.884	0	0	0	3	3	0.5	0.5	0.969	0	0	0	2	3	0.667	0.52	0.969	0	0	0																																																																																	genotype_comparison	ex_vivo_primary_cells	male_only	""	medium	other		TRUE	FALSE	mildly_imbalanced		mildly_imbalanced
ERP106558	| genotype_comparison | conf=high |  | n=24	genotype	tissue:unknown	24	24	24	24	12	12	1	0	0	15027	24	0	12	12	0	0	0	0	0	generic	0.739	0.266	0.54	6e-04	5e-04								1.36	0		1.147	-0.39	0.1	-0.025	-0.303	M0																																																																																																																																																																																									genotype_comparison	in_vivo_tissue	female_only	""	high	""		TRUE	TRUE	single_sex	balanced	single_sex
ERP107271	| genotype_comparison | conf=high |  | n=96	genotype	in:organism part=ascending colon;subj:individual;tissue:unknown	96	24	8	8	4	4	1	0		17570	8	0	4	4	0	0	0	0	0	generic	-0.598	0.26	0.443	1e-04	1e-04								1.29	0		0.012	0.929	-1.709	1.474	1.073	M0																																																																																																																																																																																									genotype_comparison	in_vivo_tissue	female_only	""	high	""		TRUE	TRUE	single_sex		single_sex
ERP107429	| in_vivo_treatment_arms | conf=medium | tumor_tissue | n=43	treatment	ex:treatment=donor;tissue:unknown	43	43	42	42	27	15	1	0		16910	42	0	27	15	42	0	0	0	42	generic	0.28	0.016	0.081	0.006	0.006	readlen	0.105					0.105	10.03	0		-0.115	0.538	0.15	0.234	-0.232	M0																																																																																																																																																																																									in_vivo_treatment_arms	in_vivo_tissue	unknown	tumor_tissue	medium	""		TRUE	TRUE	single_sex		single_sex
ERP107455	| genotype_comparison | conf=medium |  | n=12	disease	tissue:unknown	12	12	12	12	8	4	1	0	1.225	15790	12	0	8	4	0	2	0	0	0	generic	-0.287	-0.176	-1.072	0.0055	0.0051	readlen	0.518					0.518	7.76	0		-0.656	-0.389	0.538	-0.98	0.51	M0																																																																																																																																																																																									genotype_comparison	in_vivo_tissue	female_only	""	medium	""		TRUE	TRUE	single_sex	partially_confounded	single_sex
ERP107948	liver | between_subject_case_control | conf=medium |  | n=183	phenotype	ex:biomaterial_type=primary cell culture;in:cell_type=hepatocyte;subj:donor_id;tissue:liver	183	81	26	26	8	18	0.69	0.278		14073.5	18	8	4	14	0	0	0	0	26	liver	0.186	0.896	0.373	6e-04	6e-04	platform	0.159	0.159				0.159	34.26	2	0.506	1.589	0.283	0.111	-0.144	-0.214	M0,M1,M0perm,M3,M4,M5,M6,M4perm,M5perm,M6perm,M0permw	2856	5313	0.486	0.83	0.899	1	0	0	2856	2684	0.934	0.97	1	0	0	0	2856	2390	0.79	0.96	0.99	0	0	0	2856	11148	0.256	0.46	0.923	0	0	4	5313	11148	0.436	0.41	0.797	42	0	4	2856	13298	0.169	0.61	0.672	4	0	3	5313	13298	0.346	0.68	0.863	5	0	3	2856	2180	0.159	0.35	0.397	306	0	0	5313	2180	0.119	0.34	0.305	1020	0	0	2856	4505	0.516	0.81	0.893	1	0	0	5313	4505	0.841	0.96	0.999	0	0	0	2856	5562	0.424	0.79	0.864	1	0	0	5313	5562	0.821	0.92	0.988	0	0	0																																																	2856	4533	0.519	0.83	0.897	0	0	0	5313	4533	0.832	0.97	0.997	0	0	0	2856	5313	0.482	0.81	0.897	1	0	0	5313	5313	0.953	0.94	1	0	0	0	between_subject_case_control	ex_vivo_primary_cells	both_sexes	""	medium	liver		TRUE	FALSE	mildly_imbalanced		mildly_imbalanced
ERP108446	gut | genotype_comparison | conf=medium |  | n=12	genotype	tissue:gut	12	12	12	12	6	6	0.42	0.167		16809	5	7	2	3	12	0	0	0	0	gut	-0.969	0.067	-0.612	0	0								1.93	2	0.087	-0.955	0.308	-0.837	0.188	0.686	M0,M1,M0perm,M3,M4,M5,M4perm,M5perm,M0permw	69	175	0.394	0.81	0.992	0	0	0	69	6	0.087	0.89	0.994	0	0	0	69	51	0.538	0.77	0.986	0	0	0	69	1426	0.048	0.47	0.963	0	0	0	175	1426	0.12	0.44	0.965	0	0	0	69	2	0.029	0.53	0.899	0	0	0	175	2	0.011	0.58	0.892	0	0	0	69	1	0.014	0.56	0.912	0	0	0	175	1	0.006	0.56	0.914	0	0	0	69	1	0.014	0.62	0.927	0	0	0	175	1	0.006	0.68	0.935	0	0	0	69	1	0.014	0.71	0.98	0	0	0	175	1	0.006	0.77	0.989	0	0	0																																																																																	genotype_comparison	ex_vivo_primary_cells	unknown	""	medium	gut		TRUE	FALSE	mildly_imbalanced		mildly_imbalanced
ERP108766	blood_immune | genotype_comparison | conf=medium |  | n=16	genotype	in:cell_type=pre-b cell;tissue:blood_immune	16	16	10	10	4	6	1	0		16648	10	0	4	6	10	0	0	0	0	blood	-0.687	-2.784	-7.509	0.0119	0.0097								4.6	0		0.461	2.043	1.14	-0.945	-0.405	M0																																																																																																																																																																																									genotype_comparison	ex_vivo_primary_cells	both_sexes	""	medium	blood_immune		TRUE	TRUE	single_sex		single_sex
ERP109057	| in_vivo_treatment_arms | conf=medium |  | n=28	figure label	tissue:unknown	28	14	8	8	4	4	0.75	0.5		15339	6	2	2	4	8	0	0	0	8	generic	-0.429	0.979	-0.309	0.001	9e-04								18.81	0		1.926	-1.456	3.524	-3.823	-0.783	M0,M1,M0perm,M4,M5,M4perm,M5perm,M0permw	1919	963	0.422	0.67	0.89	0	0	0	1919	1739	0.841	0.87	0.995	0	0	1	1919	1556	0.507	0.55	0.934	0	0	0																	1919	277	0.085	0.21	0.623	42	0	0	963	277	0.118	0.15	0.699	1	0	0	1919	495	0.183	0.42	0.792	0	0	0	963	495	0.336	0.52	0.853	0	0	0	1919	1009	0.374	0.56	0.861	0	0	0	963	1009	0.55	0.56	0.956	0	0	0	1919	62	0.03	0.55	0.84	0	0	0	963	62	0.06	0.65	0.959	0	0	0																																																																																	in_vivo_treatment_arms	in_vivo_tissue	unknown	""	medium	""		TRUE	FALSE	partially_confounded		partially_confounded
ERP109201	| genotype_comparison | conf=medium |  | n=8	genotype	tissue:unknown	8	8	8	8	4	4	0	0		16340.5	0	8	0	0	0	0	1	0	8	generic	-0.019	1.873	-2.792	0.0327	0.0258								1.19	0		-0.161	3.672	-1.076	3.248	0.789	M0																																																																																																																																																																																									genotype_comparison	in_vivo_tissue	male_only	""	medium	""		TRUE	TRUE	single_sex		single_sex
ERP109306	other | genotype_comparison | conf=medium |  | n=13	genotype	ex:stimulus=ompc/f; 10 microgram;tissue:other	13	13	13	13	7	6	0.62	0.524		14214	8	5	6	2	0	0	1	0	0	generic	-0.144	-0.427	-0.11	0	0								20.03	4	0.157	0.444	-0.893	-0.739	0.32	-0.009	M0,M1,M0perm,M3,M4,M5,M4perm,M5perm,M0permw	4	1	0.25	0.43	0.795	0	0	0	4	1	0.25	0.43	0.851	0	0	0	4	1	0.25	0.48	0.863	0	0	0	4	3	0.75	0.48	0.896	0	0	0	1	3	0.333	0.24	0.714	0	0	0	4	0	0	0.17	0.565	0	0	0	1	0	0	0.22	0.605	0	0	0	4	1	0.25	0.24	0.743	0	0	0	1	1	1	0.44	0.92	0	0	0	4	2	0.2	0.23	0.738	0	0	0	1	2	0.5	0.52	0.963	0	0	0	4	1	0.25	0.17	0.679	0	0	0	1	1	1	0.32	0.866	0	0	0																																																																																	genotype_comparison	ex_vivo_primary_cells	both_sexes	""	medium	other		TRUE	FALSE	partially_confounded		partially_confounded
ERP109471	| in_vivo_treatment_arms | conf=high |  | n=16	diet	tissue:unknown	16	16	16	16	8	8	0	0		18170	0	16	0	0	0	0	0	0	0	generic	0.536	0.501	0.415	4e-04	3e-04								1.02	0		-0.599	1.188	-0.365	0.557	-0.663	M0																																																																																																																																																																																									in_vivo_treatment_arms	in_vivo_tissue	male_only	""	high	""		TRUE	TRUE	single_sex		single_sex
ERP109959	| genotype_comparison | conf=medium |  | n=40	genotype	tissue:unknown	40	40	40	40	20	20	0.5	0		13138.5	20	20	10	10	0	0	1	0	0	generic	0.607	0.411	-0.648	0.0056	0.005								2.27	5	0.584	0.075	-0.391	0.213	-0.154	-0.06	M0,M1,M0perm,M3,M4,M5,M4perm,M5perm,M0permw	51	92	0.538	0.79	0.996	0	0	0	51	48	0.8	0.92	0.991	0	0	0	51	42	0.788	0.96	0.999	0	0	0	51	227	0.203	0.48	0.715	0	0	0	92	227	0.346	0.54	0.718	0	0	0	51	104	0.435	0.64	0.948	0	0	0	92	104	0.581	0.74	0.949	0	0	0	51	62	0.527	0.74	0.895	0	0	0	92	62	0.588	0.83	0.9	0	0	0	51	51	0.645	0.8	0.978	0	0	0	92	51	0.554	0.87	0.981	0	0	0	51	85	0.581	0.81	0.993	0	0	0	92	85	0.844	0.96	0.996	0	0	0																																																																																	genotype_comparison	in_vivo_tissue	both_sexes	""	medium	""		TRUE	FALSE	balanced		balanced
ERP110063	brain_cns | genotype_comparison | conf=high |  | n=8	genotype	tissue:brain_cns	8	8	8	8	4	4	0.5	0		12081.5	4	4	2	2	0	1	5	0	0	brain	0.062	-0.685	0.49	1e-04	1e-04								3.39	0		-0.099	0.258	-1.919	1.893	-0.255	M0,M1,M0perm,M4,M5,M4perm,M5perm,M0permw	2953	73	0.024	0.66	0.989	0	0	0	2953	17	0.006	0.76	0.991	0	0	0	2953	5	0.002	0.9	0.99	0	0	0																	2953	0	0	0.46	0.963	0	0	0	73	0	0	0.55	0.976	0	0	0	2953	0	0	0.48	0.872	10	0	0	73	0	0	0.63	0.877	0	0	0	2953	0	0	0.45	0.954	0	0	0	73	0	0	0.61	0.953	0	0	0	2953	3328	0.461	0.03	0.858	1	0	0	73	3328	0.015	0.04	0.853	0	0	0																																																																																	genotype_comparison	in_vivo_tissue	both_sexes	""	high	brain_cns		TRUE	FALSE	balanced		balanced
ERP110346	| genotype_comparison | conf=high |  | n=10	genotype	tissue:unknown	10	10	10	10	5	5	0	0		16478.5	0	10	0	0	0	0	0	0	0	generic	0.986	-0.311	1.222	7e-04	4e-04								2.42	0		-0.812	0.074	-0.569	0.322	-0.225	M0																																																																																																																																																																																									genotype_comparison	in_vivo_tissue	male_only	""	high	""		TRUE	TRUE	single_sex		single_sex
ERP111448	| genotype_comparison | conf=high |  | n=34	phenotype	in:organism part=hippocampus;subj:individual;tissue:unknown	34	34	8	8	4	4	1	0		17659	8	0	4	4	0	0	0	0	0	generic	0.117	0.085	-0.936	1e-04	1e-04								5.08	0		-1.871	1.445	-0.589	0.605	-0.207	M0																																																																																																																																																																																									genotype_comparison	in_vivo_tissue	female_only	""	high	""		TRUE	TRUE	single_sex		single_sex
ERP111614	| genotype_comparison | conf=medium |  | n=12	genotype	tissue:unknown	12	12	12	12	6	6	0.5	0		16405	6	6	3	3	0	1	0	0	0	generic	-0.375	1.083	0.158	0	0								17.3	3	0.138	-0.931	0.492	0.569	-0.563	0.723	M0,M1,M0perm,M3,M4,M5,M4perm,M5perm,M0permw	0	0		0.89	0.998	0	0	0	0	0		0.91	0.996	0	0	0	0	0		0.88	0.998	0	0	0	0	0		0.42	0.847	0	0	0	0	0		0.42	0.849	0	0	0	0	0		0.38	0.812	0	0	0	0	0		0.4	0.819	0	0	0	0	0		0.33	0.801	0	0	0	0	0		0.38	0.804	0	0	0	0	0		0.43	0.851	0	0	0	0	0		0.42	0.851	0	0	0	0	0		0.6	0.925	0	0	0	0	0		0.6	0.921	0	0	0																																																																																	genotype_comparison	in_vivo_tissue	both_sexes	""	medium	""		TRUE	FALSE	balanced		balanced
ERP112326	| genotype_comparison | conf=high |  | n=47	genotype	in:organism part=cerebral cortex;subj:individual;tissue:unknown	47	47	15	15	7	8	0	0		16635	0	15	0	0	0	0	0	0	15	generic	0.783	1.361	0.505	7e-04	6e-04								0.8	0		0.664	1.083	-0.388	1.916	-0.465	M0																																																																																																																																																																																									genotype_comparison	in_vivo_tissue	male_only	""	high	""		TRUE	TRUE	single_sex		single_sex
ERP112380	| in_vivo_treatment_arms | conf=medium |  | n=12	stimulus	subj:individual;tissue:unknown	12	12	12	12	6	6	0	0	0	15547.5	0	12	0	0	0	0	0	0	0	generic	-0.509	-0.239	1.028	0.0013	9e-04								1.51	0		0.108	-0.298	-0.966	1.071	-0.228	M0																																																																																																																																																																																									in_vivo_treatment_arms	in_vivo_tissue	male_only	""	medium	""		TRUE	TRUE	single_sex	balanced	single_sex
ERP112516	| genotype_comparison | conf=high |  | n=40	genotype	tissue:unknown	40	40	40	40	20	20	0.92	0.05		18005	37	3	18	19	40	0	0	0	0	generic	-0.03	-0.331	0.001	0.0013	0.0011								4.5	5	0.167	-0.202	0.018	0.16	-0.162	-0.285	M0,M1,M0perm,M3,M4,M5,M4perm,M5perm,M0permw	529	539	0.907	0.98	0.993	0	0	0	529	555	0.889	0.95	0.994	0	0	0	529	555	0.889	0.96	0.996	0	0	0	529	2582	0.205	0.65	0.929	0	0	0	539	2582	0.209	0.64	0.935	0	0	0	529	789	0.647	0.85	0.976	0	0	0	539	789	0.662	0.85	0.972	0	0	0	529	529	0.812	0.92	0.956	0	0	0	539	529	0.851	0.9	0.974	0	0	0	529	512	0.886	0.96	0.987	0	0	0	539	512	0.901	0.98	0.995	0	0	0	529	541	0.877	0.95	0.983	0	0	0	539	541	0.918	0.95	0.995	0	0	0																																																																																	genotype_comparison	in_vivo_tissue	both_sexes	""	high	""		TRUE	FALSE	balanced		balanced
ERP112898	| genotype_comparison | conf=medium | tumor_tissue | n=94	genotype	ex:replicate=true;in:origin=gemm;tissue:unknown	94	94	44	44	22	22	1	0		17643.5	44	0	22	22	44	0	0	0	44	generic	-1.196	-0.45	0.421	7e-04	7e-04	readlen	0.683					0.683	7.7	0		0.264	-2.197	0.125	-0.582	-1.312	M0																																																																																																																																																																																									genotype_comparison	in_vivo_tissue	female_only	tumor_tissue	medium	""		TRUE	TRUE	single_sex		single_sex
ERP113681	| genotype_comparison | conf=low |  | n=70	genotype	in:fraction=synapse;tissue:unknown	70	70	47	47	6	41	0	0		15476	0	47	0	0	0	4	0	0	0	generic	-0.465	0.413	-1.52	1e-04	1e-04	readlen	1					1	19.7	0		0.109	0.092	-0.502	0.451	1.276	M0																																																																																																																																																																																									genotype_comparison	in_vivo_tissue	male_only	""	low	""		TRUE	TRUE	single_sex		single_sex
ERP113868	| genotype_comparison | conf=high |  | n=12	genotype	tissue:unknown	12	12	8	8	4	4	0	0		15103	0	8	0	0	0	0	0	0	0	generic	4.928	1.585	-1.86	4e-04	3e-04								9.72	0		-1.41	-0.043	0.063	0.394	1.006	M0																																																																																																																																																																																									genotype_comparison	in_vivo_tissue	male_only	""	high	""		TRUE	TRUE	single_sex		single_sex
ERP114372	| genotype_comparison | conf=medium |  | n=25	genotype	subj:individual;tissue:unknown	25	25	25	25	18	7	0.64	0.095		18923	16	9	12	4	0	0	0	0	0	generic	0.416	0.706	0.331	0.0051	0.0049								4.16	5	0.334	0.364	-0.083	0.276	-0.231	-0.409	M0,M1,M0perm,M3,M4,M5,M4perm,M5perm,M0permw	36	49	0.735	0.87	0.99	0	0	0	36	34	0.944	0.93	0.997	0	0	0	36	35	0.972	0.94	0.997	0	0	0	36	1219	0.03	0.48	0.909	0	0	0	49	1219	0.04	0.52	0.903	0	0	0	36	843	0.043	0.51	0.92	0	0	0	49	843	0.058	0.5	0.939	0	0	0	36	36	0.6	0.64	0.823	0	0	0	49	36	0.518	0.68	0.782	0	0	0	36	15	0.417	0.69	0.924	0	0	0	49	15	0.306	0.75	0.915	0	0	0	36	67	0.471	0.74	0.974	0	0	0	49	67	0.634	0.83	0.987	0	0	0																																																																																	genotype_comparison	in_vivo_tissue	both_sexes	""	medium	""		TRUE	FALSE	balanced		balanced
ERP114772	| genotype_comparison | conf=high |  | n=40	genotype	subj:individual;tissue:unknown	40	40	20	20	10	10	0.6	0.2		18071.5	12	8	5	7	0	2	5	0	0	generic	3.183	0.378	0.801	8e-04	7e-04								4.82	5	0.547	-0.708	0.188	0.248	-0.097	-0.435	M0,M1,M0perm,M3,M4,M5,M4perm,M5perm,M0permw	1710	1812	0.832	0.91	0.972	0	0	0	1710	1790	0.933	0.9	0.999	0	0	0	1710	1524	0.859	0.96	0.989	0	0	0	1710	3414	0.499	0.74	0.951	0	0	0	1812	3414	0.527	0.77	0.964	0	0	0	1710	1544	0.705	0.89	0.923	0	0	0	1812	1544	0.73	0.96	0.949	0	0	0	1710	80	0.044	0.57	0.478	117	0	0	1812	80	0.041	0.59	0.386	172	0	0	1710	1627	0.819	0.89	0.977	0	0	0	1812	1627	0.882	0.96	0.997	0	0	0	1710	1601	0.8	0.9	0.971	0	0	0	1812	1601	0.852	0.93	0.994	0	0	0																																																																																	genotype_comparison	in_vivo_tissue	both_sexes	""	high	""		TRUE	FALSE	mildly_imbalanced		mildly_imbalanced
ERP115639	| genotype_comparison | conf=medium | tumor_tissue | n=24	study group	tissue:unknown	24	24	12	12	6	6	0.33	0.333		16458	4	8	3	1	0	8	0	0	0	generic	-0.098	-0.842	0.758	0.0014	0.0013								3.97	2	0.297	0.65	-2.077	1.474	-1.779	-0.448	M0,M1,M0perm,M3,M4,M5,M4perm,M5perm,M0permw	1	2	0.5	0.57	0.925	0	0	0	1	1	1	0.41	0.919	0	0	0	1	2	0.5	0.76	0.899	0	0	0	1	1096	0.001	0.26	0.961	0	0	4	2	1096	0.002	0.21	0.905	0	0	4	1	0	0	0.08	0.28	0	0	0	2	0	0	0.11	0.441	0	0	0	1	0	0	0.12	0.683	0	0	0	2	0	0	0.2	0.83	0	0	0	1	1	0	0.37	0.889	0	0	0	2	1	0.5	0.39	0.923	0	0	0	1	0	0	0.34	0.75	0	0	0	2	0	0	0.38	0.813	0	0	0																																																																																	genotype_comparison	in_vivo_tissue	both_sexes	tumor_tissue	medium	""		TRUE	FALSE	partially_confounded		partially_confounded
ERP115710	blood_immune | genotype_comparison | conf=high |  | n=10	genotype	tissue:blood_immune	10	10	8	8	4	4	0	0		13232.5	0	8	0	0	8	0	0	0	0	blood	-0.614	-1.286	-0.794	0	0								36.31	0		1.285	-1.574	-1.301	1.052	-0.047	M0																																																																																																																																																																																									genotype_comparison	ex_vivo_primary_cells	unknown	""	high	blood_immune		TRUE	TRUE	single_sex		single_sex
ERP116564	| genotype_comparison | conf=medium |  | n=12	genotype	tissue:unknown	12	12	12	12	6	6	0	0	0	16442	0	12	0	0	0	0	0	0	0	generic	0.548	1.032	0.426	4e-04	4e-04								11.75	0		0.516	0.315	0.102	-0.033	-0.231	M0																																																																																																																																																																																									genotype_comparison	ex_vivo_primary_cells	male_only	""	medium	""		TRUE	TRUE	single_sex	balanced	single_sex
ERP117312	| genotype_comparison | conf=medium |  | n=70	strain	in:genotype=+/+;in:organism part=midbrain;tissue:unknown	70	70	36	36	18	18	0.5	0	0	18060	18	18	9	9	0	3	0	0	0	generic	-0.374	-0.431	-0.118	1e-04	1e-04								3.16	5	0.43	-3.208	0.598	0.745	-0.854	0.17	M0,M1,M0perm,M2,M2perm,M3,M4,M5,M4perm,M5perm,M0permw	5278	5259	0.982	0.99	1	0	0	0	5278	5091	0.906	0.94	0.993	0	0	0	5278	5188	0.977	0.98	1	0	0	0	5278	10126	0.52	0.64	0.971	0	0	0	5259	10126	0.518	0.64	0.971	0	0	0	5278	7844	0.26	0.77	0.44	738	0	0	5259	7844	0.261	0.77	0.439	722	0	0	5278	5737	0.846	0.88	0.983	0	0	0	5259	5737	0.844	0.88	0.983	0	0	0	5278	5069	0.925	0.97	0.998	0	0	0	5259	5069	0.93	0.97	0.998	0	0	0	5278	5244	0.956	0.96	0.999	0	0	0	5259	5244	0.963	0.96	1	0	0	0																																	5278	5658	0.928	0.91	0.999	0	0	0	5278	4965	0.909	0.96	0.995	0	0	0																																	genotype_comparison	in_vivo_tissue	both_sexes	""	medium	""		TRUE	FALSE	balanced	balanced	balanced
ERP117469	| genotype_comparison | conf=medium |  | n=16	genotype	in:organism part=brown adipose tissue;subj:individual;tissue:unknown	16	16	8	8	4	4	0	0		15714.5	0	8	0	0	0	0	0	0	0	generic	6.501	8.288	0.767	0.0135	0.0126	readlen	0					0	13.13	0		-3.419	1.605	-0.074	0.036	-0.659	M0																																																																																																																																																																																									genotype_comparison	in_vivo_tissue	male_only	""	medium	""		TRUE	TRUE	single_sex		single_sex
ERP117731	blood_immune | genotype_comparison | conf=high |  | n=9	genotype	subj:individual;tissue:blood_immune	9	9	9	9	4	5	0	0		14849	0	9	0	0	0	0	0	0	0	blood	1.634	0.212	-0.059	0	0								0.73	0		0.094	1.236	0.143	-0.609	0.043	M0																																																																																																																																																																																									genotype_comparison	ex_vivo_primary_cells	male_only	""	high	blood_immune		TRUE	TRUE	single_sex		single_sex
ERP119049	| genotype_comparison | conf=medium |  | n=45	disease	tissue:unknown	45	28	28	28	24	4	0	0	2.727	16760.5	0	28	0	0	0	2	0	0	0	generic	1.471	2.07	-0.481	8e-04	7e-04	layout	0.213		0.213			0.213	2.2	0		-0.988	1.104	1.117	-0.685	-0.75	M0																																																																																																																																																																																									genotype_comparison	in_vivo_tissue	male_only	""	medium	""		TRUE	TRUE	single_sex	completely_confounded	single_sex
SRP002811	brain_cns | genotype_comparison | conf=medium |  | n=203	strain	in:brain region=medial prefrontal cortex;tissue:brain_cns	203	32	8	8	4	4	0.5	0		18377	4	4	2	2	8	0	0	0	0	brain	1.053	0.093	4.84	2e-04	1e-04								1.71	0		4.337	2.125	-0.447	0.367	0.161	M0,M1,M0perm,M4,M5,M4perm,M5perm,M0permw	55	92	0.581	0.76	0.982	0	0	2	55	39	0.709	0.91	0.991	0	0	0	55	81	0.679	0.81	0.984	0	0	0																	55	12	0.218	0.27	0.216	0	0	0	92	12	0.13	0.31	0.21	1	2	0	55	962	0.048	0.36	0.58	0	0	0	92	962	0.067	0.39	0.573	0	2	0	55	53	0.521	0.56	0.899	0	0	0	92	53	0.408	0.61	0.906	0	2	0	55	17	0.309	0.62	0.77	0	0	0	92	17	0.185	0.72	0.774	0	2	0																																																																																	genotype_comparison	in_vivo_tissue	unknown	""	medium	brain_cns		TRUE	FALSE	balanced		balanced
SRP005860	brain_cns | in_vivo_treatment_arms | conf=high |  | n=21	treatment	tissue:brain_cns	21	21	21	21	10	11	1	0		19372	21	0	10	11	21	0	0	0	0	brain	-1.521	2.31	-1.145	3e-04	2e-04								4.19	0		1.611	0.81	-1.409	1.529	-0.524	M0																																																																																																																																																																																									in_vivo_treatment_arms	in_vivo_tissue	unknown	""	high	brain_cns		TRUE	TRUE	single_sex		single_sex
SRP010780	liver | in_vivo_treatment_arms | conf=medium |  | n=8	temperature	tissue:liver	8	8	8	8	4	4	1	0		14087	8	0	4	4	0	0	0	0	0	liver	0.124	1.371	3.088	0.0013	0.0012								1.1	0		-0.264	0.009	-0.974	0.747	-0.345	M0																																																																																																																																																																																									in_vivo_treatment_arms	in_vivo_tissue	female_only	""	medium	liver		TRUE	TRUE	single_sex		single_sex
SRP012297	liver | in_vivo_treatment_arms | conf=high |  | n=16	feeding	tissue:liver	16	16	8	8	4	4	0	0		3422	0	8	0	0	0	1	5	0	0	liver	1.74	0.527	0.138	1e-04	1e-04								7.34	0		0	-0.743	2.446	-0.484	-1.136	M0																																																																																																																																																																																									in_vivo_treatment_arms	in_vivo_tissue	male_only	""	high	liver		FALSE	TRUE	single_sex		single_sex
SRP015136	reproductive | in_vivo_treatment_arms | conf=low |  | n=34	age	in:cell type origin=basal cells;tissue:reproductive	34	34	11	11	5	6	0	0	Inf	15359	0	11	0	0	11	0	0	0	0	generic	1.322	0.26	-1.59	1e-04	1e-04								1.81	0		0.761	-0.955	1.342	2.114	1.162	M0																																																																																																																																																																																									in_vivo_treatment_arms	ex_vivo_primary_cells	male_only	""	low	reproductive		TRUE	TRUE	single_sex	completely_confounded	single_sex
SRP015437	brain_cns | in_vivo_treatment_arms | conf=high |  | n=18	treatment	tissue:brain_cns	18	18	18	18	7	11	1	0		19154.5	18	0	7	11	18	0	0	0	0	brain	2.357	-0.104	-1.09	3e-04	2e-04								4.29	0		0.606	-2.961	-1.638	0.973	1.855	M0																																																																																																																																																																																									in_vivo_treatment_arms	in_vivo_tissue	unknown	""	high	brain_cns		TRUE	TRUE	single_sex		single_sex
SRP015977	other | between_subject_case_control | conf=medium | tumor_tissue | n=32	tissue	tissue:other	32	32	11	11	5	6	1	0		17669	11	0	5	6	11	0	0	0	11	generic	-0.118	1.67	-2.477	0.0068	0.0067								6.34	0		-8.428	2.449	0.879	-0.536	0.417	M0																																																																																																																																																																																									between_subject_case_control	in_vivo_tissue	unknown	tumor_tissue	medium	other		TRUE	TRUE	single_sex		single_sex
SRP016859	blood_immune | genotype_comparison | conf=high |  | n=60	genotype	tissue:blood_immune	60	20	20	20	10	10	0.6	0	0.357	14626	12	8	6	6	0	0	0	0	0	blood	1.07	-0.298	0.03	1e-04	1e-04								2.03	4	0.799	0.645	-0.779	-0.1	0.054	-0.479	M0,M1,M0perm,M2,M2perm,M3,M4,M5,M4perm,M5perm,M0permw	403	555	0.726	0.87	0.996	0	0	0	403	355	0.862	0.98	0.998	0	0	0	403	392	0.902	0.95	0.998	0	0	0	403	525	0.578	0.76	0.923	0	0	0	555	525	0.619	0.83	0.928	1	0	0	403	851	0.403	0.68	0.884	0	0	0	555	851	0.493	0.71	0.886	0	0	0	403	114	0.261	0.81	0.898	0	0	0	555	114	0.201	0.9	0.903	0	0	0	403	476	0.677	0.81	0.968	0	0	0	555	476	0.693	0.89	0.972	0	0	0	403	421	0.692	0.85	0.98	0	0	0	555	421	0.694	0.93	0.983	0	0	0																																	403	462	0.744	0.86	0.984	0	0	0	403	238	0.505	0.81	0.936	0	0	0																																	genotype_comparison	ex_vivo_primary_cells	both_sexes	""	high	blood_immune		TRUE	FALSE	balanced	balanced	balanced
SRP017388	reproductive | genotype_comparison | conf=low |  | n=31	maternal strain	in:tissue=placenta;in:stage=e11.5;tissue:reproductive	31	31	23	10	5	5	1	0		14789	10	0	5	5	10	0	0	13	10	generic	0.275	0.693	1.388	0.0924	0.0708								17.39	0		0.019	-1.183	1.912	-1.71	-0.078	M0																																																																																																																																																																																									genotype_comparison	in_vivo_tissue	unknown	""	low	reproductive		TRUE	TRUE	single_sex		single_sex
SRP017560	brain_cns | genotype_comparison | conf=high |  | n=15	genotype/variation	tissue:brain_cns	15	15	15	15	9	6	0.93	0.111		16777	14	1	8	6	15	0	0	0	15	brain	-0.297	-1.661	-0.348	0.0011	0.001	readlen	0.48					0.48	31.35	5	0.102	-0.129	0.253	0.604	-0.641	-0.574	M0,M1,M0perm,M3,M4,M5,M6,M4perm,M5perm,M6perm,M0permw	76	39	0.474	0.87	0.98	0	0	0	76	39	0.474	0.87	0.98	0	0	0	76	39	0.474	0.87	0.98	0	0	0	76	20	0.215	0.54	0.886	0	0	0	39	20	0.255	0.51	0.863	0	0	0	76	126	0.423	0.61	0.964	0	0	0	39	126	0.31	0.65	0.983	0	0	0	76	11	0.061	0.19	0.804	0	0	0	39	11	0.064	0.23	0.82	0	0	0	76	10	0.132	0.62	0.848	0	0	0	39	10	0.225	0.57	0.863	0	0	0	76	3	0.039	0.65	0.92	0	0	0	39	3	0.077	0.71	0.943	0	0	0																																																	76	12	0.143	0.63	0.903	0	0	0	39	12	0.244	0.7	0.926	0	0	0	76	10	0.132	0.79	0.95	0	0	0	39	10	0.225	0.85	0.973	0	0	0	genotype_comparison	in_vivo_tissue	unknown	""	high	brain_cns		TRUE	FALSE	balanced		balanced
SRP017849	brain_cns | genotype_comparison | conf=medium |  | n=42	genotype	ex:sample type=lps injected 48 hr timepoint;tissue:brain_cns	42	42	34	23	18	5	0.87	0.6	0.405	18010	20	3	18	2	23	0	0	11	8	brain	1.496	2.068	-0.711	0	0	readlen	0.601				0.407	0.601	17.3	5	0.071	1.935	-0.524	-1.936	1.784	0.874	M0,M1,M0perm,M0a,M2,M2perm,M3,M4,M5,M6,M4perm,M5perm,M6perm,M0permw	970	145	0.064	0.23	0.811	0	4	1	970	1058	0.803	0.83	0.995	0	4	3	970	124	0.073	0.27	0.821	0	4	5	970	2169	0.383	0.42	0.935	0	4	5	145	2169	0.035	0.1	0.78	1	1	5	970	22	0.009	0.24	0.68	4	4	1	145	22	0.106	0.49	0.862	0	1	1	970	299	0.126	0.2	0.713	5	4	3	145	299	0.237	0.42	0.893	0	1	3	970	27	0.009	0.23	0.765	0	4	0	145	27	0.154	0.72	0.968	0	1	0	970	92	0.04	0.23	0.804	0	4	2	145	92	0.481	0.75	0.987	0	1	2																																	1194	1940	0.236	0.14	0.759	0	1	4	1194	74	0.038	0.28	0.807	0	1	0	970	1474	0.214	0.13	0.701	2	4	1	145	1474	0.086	0.15	0.857	0	1	1	970	31	0.01	0.21	0.746	1	4	0	145	31	0.166	0.57	0.926	0	1	0	genotype_comparison	ex_vivo_primary_cells	unknown	""	medium	brain_cns		TRUE	FALSE	partially_confounded	mildly_imbalanced	partially_confounded
SRP018038	liver | genotype_comparison | conf=low |  | n=8	genotype	tissue:liver	8	8	8	8	4	4	0.38	0.25		16145	3	5	1	2	8	0	0	0	8	liver	-0.653	-0.465	-1.286	2e-04	1e-04	readlen	0.577					0.577	17.56	0		0.598	-0.395	-1.07	1.374	0.987	M0,M1,M0perm,M4,M5,M6,M4perm,M5perm,M6perm,M0permw	0	0		0.63	0.984	0	0	0	0	0		0.68	0.991	0	0	0	0	0		0.63	0.984	0	0	0																	0	0		0.22	0.928	0	0	0	0	0		0.26	0.953	0	0	0	0	0		0.18	0.939	0	0	0	0	0		0.27	0.955	0	0	0	0	2543	0	0.22	0.969	0	0	0	0	2543	0	0.26	0.972	0	0	0	0	0		0.11	0.895	0	0	0	0	0		0.1	0.903	0	0	0																																																	0	0		0.25	0.839	0	0	0	0	0		0.33	0.846	0	0	0	0	0		0.34	0.973	0	0	0	0	0		0.41	0.994	0	0	0	genotype_comparison	in_vivo_tissue	unknown	""	low	liver		TRUE	FALSE	mildly_imbalanced		mildly_imbalanced
SRP018287	other | genotype_comparison | conf=high |  | n=59	genotype/variation	in:source_name=spinal cord;tissue:other	59	59	16	16	8	8	0.5	0		17368	8	8	4	4	0	0	3	0	16	generic	0.997	0.342	0.31	0.0035	0.0033								5.94	4	0.396	-0.282	-0.157	0.013	-0.094	-0.376	M0,M1,M0perm,M3,M4,M5,M4perm,M5perm,M0permw	0	0		0.92	0.999	0	0	0	0	0		0.79	0.981	0	0	0	0	0		0.86	0.998	0	0	0	0	214	0	0.25	0.879	0	0	0	0	214	0	0.24	0.88	0	0	0	0	0		0.64	0.986	0	0	0	0	0		0.67	0.987	0	0	0	0	0		0.35	0.851	0	0	0	0	0		0.34	0.852	0	0	0	0	0		0.6	0.921	0	0	0	0	0		0.6	0.922	0	0	0	0	0		0.83	0.993	0	0	0	0	0		0.85	0.994	0	0	0																																																																																	genotype_comparison	in_vivo_tissue	both_sexes	""	high	other		TRUE	FALSE	balanced		balanced
SRP018735	tumor | genotype_comparison | conf=high | tumor_tissue | n=8	genotype	tissue:tumor	8	8	8	8	4	4	0	0		16637.5	0	8	0	0	0	0	0	0	8	generic	0.8	1.021	0.07	8e-04	8e-04								2.32	0		1.04	-0.647	0.374	-0.313	-0.083	M0																																																																																																																																																																																									genotype_comparison	in_vivo_tissue	female_only	tumor_tissue	high	tumor		TRUE	TRUE	single_sex		single_sex
SRP018846	liver | in_vivo_treatment_arms | conf=medium |  | n=24	treatment	in:tissue=spleen;tissue:liver	24	24	8	8	4	4	0.12	0.25		18487	1	7	0	1	8	0	0	0	0	liver	2.052	1.468	-1.121	0.2442	0.234								5.47	0		0.225	0.768	0.712	-0.707	-0.09	M0,M1,M0perm,M4,M5,M7,M4perm,M5perm,M7perm,M0permw	7	33	0.212	0.46	0.786	0	0	0	7	0	0	0.79	0.964	0	0	0	7	0	0	0.74	0.987	0	0	0																	7	225	0.031	0.2	0.698	0	0	0	33	225	0.147	0.51	0.962	0	0	0	7	1	0.143	0.14	0.707	0	0	0	33	1	0.03	0.36	0.557	0	0	0	7	1	0.143	0.45	0.766	0	0	0	33	1	0.03	0.41	0.93	0	0	0	7	1	0.143	0.2	0.797	0	0	0	33	1	0.03	0.45	0.817	0	0	0	7	7	0.273	0.15	0.089	0	0	0	33	7	0.111	0.18	0.521	0	0	0	7	1	0.143	0.46	0.821	0	0	0	33	1	0.03	0.82	0.97	0	0	0																																																	in_vivo_treatment_arms	in_vivo_tissue	unknown	""	medium	liver		TRUE	FALSE	mildly_imbalanced		mildly_imbalanced
SRP018860	reproductive | genotype_comparison | conf=high |  | n=20	genotype	tissue:reproductive	20	10	10	10	5	5	0	0		16312.5	0	10	0	0	0	0	0	0	10	generic	0.013	-0.013	0.931	0.018	0.0099								1.23	0		-0.982	-1.706	-0.862	0.687	-0.338	M0																																																																																																																																																																																									genotype_comparison	in_vivo_tissue	male_only	""	high	reproductive		TRUE	TRUE	single_sex		single_sex
SRP019266	heart | in_vivo_treatment_arms | conf=medium |  | n=41	treatment	in:sample type=trap rna;tissue:heart	41	41	12	12	6	6	0	0		13321	0	12	0	0	12	0	0	0	12	heart	-0.024	0.308	-0.732	5e-04	4e-04								1.34	0		-0.751	0.844	0.007	0.189	0.902	M0																																																																																																																																																																																									in_vivo_treatment_arms	in_vivo_tissue	unknown	""	medium	heart		TRUE	TRUE	single_sex		single_sex
SRP019757	brain_cns | genotype_comparison | conf=high |  | n=44	genotype	tissue:brain_cns	44	12	12	12	6	6	0	0		17277.5	0	12	0	0	0	0	0	0	12	brain	0.635	2.207	-1.161	9e-04	7e-04								0.99	0		-0.403	2.146	-0.744	0.762		M0																																																																																																																																																																																									genotype_comparison	in_vivo_tissue	male_only	""	high	brain_cns		TRUE	TRUE	single_sex		single_sex
SRP019798	liver | genotype_comparison | conf=high |  | n=10	genotype	tissue:liver	10	10	10	10	5	5	0	0		14346	0	10	0	0	0	0	0	0	10	liver	-0.242	0.083	1.911	3e-04	1e-04								4.09	0		-0.24	-1.327	0.066	-0.112	-0.506	M0																																																																																																																																																																																									genotype_comparison	in_vivo_tissue	male_only	""	high	liver		TRUE	TRUE	single_sex		single_sex
SRP020224	other | genotype_comparison | conf=high |  | n=36	genotype	in:age=embryonic day 15.5;tissue:other	36	36	14	12	7	5	0.75	0.429		18745	9	3	4	5	12	0	0	2	12	generic	0.347	-0.732	-0.697	0.0085	0.0065								3.68	3	0.304	0.038	-0.136	1.966	-1.797	0.863	M0,M1,M0perm,M3,M4,M5,M4perm,M5perm,M0permw	1	263	0.004	0.15	0.821	0	0	0	1	1	1	0.86	0.996	0	0	0	1	0	0	0.67	0.96	0	0	0	1	7306	0	0.09	0.921	0	0	5	263	7306	0.031	0.06	0.716	6	0	5	1	196	0.005	0.08	0.504	0	0	0	263	196	0.098	0.18	0.411	0	0	0	1	829	0.001	0.08	0.672	0	0	0	263	829	0.058	0.1	0.682	3	0	0	1	80	0.013	0.13	0.792	0	0	0	263	80	0.304	0.85	0.992	0	0	0	1	28	0.036	0.2	0.854	0	0	0	263	28	0.09	0.5	0.903	0	0	0																																																																																	genotype_comparison	in_vivo_tissue	unknown	""	high	other		TRUE	FALSE	partially_confounded		partially_confounded
SRP020636	liver | in_vivo_treatment_arms | conf=high |  | n=1086	diet	subj:sample id;tissue:liver	1086	1086	1086	410	202	208	0.36	0.01		14645	146	264	73	73	410	0	0	4	410	liver	-0.006	0.374	0.46	0.0109	0.0109								4.78	5	0.805	0.61	-0.059	-0.731	0.585	0.06	M0,M1,M0perm,M3,M4,M5,M7,M4perm,M5perm,M7perm,M0permw	8167	8521	0.943	0.73	0.996	1	0	4	8167	8170	0.989	0.99	1	0	0	0	8167	8156	0.996	1	1	0	0	0	8167	9480	0.833	0.63	0.987	0	0	2	8521	9480	0.868	0.71	0.992	0	4	2	8167	6681	0.637	0.66	0.912	104	0	2	8521	6681	0.637	0.77	0.919	111	4	2	8167	8650	0.781	0.7	0.964	23	0	3	8521	8650	0.797	0.74	0.967	27	4	3	8167	8520	0.94	0.73	0.996	1	0	4	8521	8520	0.986	0.98	1	0	4	4	8167	8560	0.934	0.74	0.996	1	0	3	8521	8560	0.974	0.98	1	0	4	3	8167	7293	0.716	0.68	0.954	3	0	2	8521	7293	0.721	0.79	0.957	4	4	2	8167	8531	0.939	0.73	0.996	1	0	4	8521	8531	0.988	0.98	1	0	4	4																																																	in_vivo_treatment_arms	in_vivo_tissue	both_sexes	""	high	liver		TRUE	FALSE	balanced		balanced
SRP023469	other | genotype_comparison | conf=high |  | n=8	genotype	tissue:other	8	8	8	8	4	4	0.5	0.5		13033.5	4	4	1	3	8	0	0	0	0	generic	2.311	2.135	1.952	3e-04	3e-04	pubmonth	0				0		6.31	0		1.036	1.496	1.219	-0.958	-2.993	M0,M1,M0perm,M4,M5,M6,M4perm,M5perm,M6perm,M0permw	128	3	0.023	0.71	0.95	0	0	0	128	2699	0.047	0.58	0.971	0	0	0	128	3	0.023	0.7	0.964	0	0	0																	128	146	0.176	0.26	0.647	0	0	0	3	146	0.021	0.41	0.747	0	0	0	128	0	0	0.35	0.259	1	0	0	3	0	0	0.38	0.335	0	0	0	128	5377	0.022	0.11	0.929	0	0	1	3	5377	0.001	0.14	0.949	0	0	1	128	0	0	0.52	0.894	0	0	0	3	0	0	0.57	0.927	0	0	0																																																	128	0	0	0.54	0.924	0	0	0	3	0	0	0.72	0.976	0	0	0	128	0	0	0.59	0.945	0	0	0	3	0	0	0.78	0.995	0	0	0	genotype_comparison	in_vivo_tissue	unknown	""	high	other		TRUE	FALSE	partially_confounded		partially_confounded
SRP024269	blood_immune | genotype_comparison | conf=medium |  | n=20	genotype/variation	in:cell type=naive b cell;ex:cell type=activated b cell;tissue:blood_immune	20	20	8	8	4	4	1	0		15939.5	8	0	4	4	8	0	0	0	8	blood	0.279	-1.514	-0.97	0	0								13.25	0		-0.339	0.383	0.552	-0.51	-0.469	M0																																																																																																																																																																																									genotype_comparison	ex_vivo_primary_cells	unknown	""	medium	blood_immune		TRUE	TRUE	single_sex		single_sex
SRP026129	heart | in_vivo_treatment_arms | conf=high |  | n=20	treatment	tissue:heart	20	20	20	20	10	10	1	0		16517	20	0	10	10	20	0	0	0	0	heart	0.621	-1.702	-0.513	0.0221	0.0216								2.36	0		1.062	-0.418	-0.685	0.941	0.708	M0																																																																																																																																																																																									in_vivo_treatment_arms	in_vivo_tissue	unknown	""	high	heart		TRUE	TRUE	single_sex		single_sex
SRP026667	liver | genotype_comparison | conf=high |  | n=25	ectopic expression	tissue:liver	25	14	14	14	7	7	0.86	0.286		15847.5	12	2	7	5	14	0	0	0	14	liver	0.1	0.567	0.149	0.004	0.0038								1.96	1	0	0.149	0.618	-0.185	0.227	0.869	M0,M1,M0perm,M3,M4,M5,M4perm,M5perm,M0permw	1	1	1	0.67	0.96	0	0	0	1	1	1	0.76	0.964	0	0	0	1	1	1	0.66	0.961	0	0	0	1	1266	0.001	0.24	0.893	0	0	0	1	1266	0.001	0.22	0.834	0	0	0	1	3	0.333	0.39	0.796	0	0	0	1	3	0.333	0.51	0.806	0	0	0	1	528	0.002	0.14	0.734	0	0	0	1	528	0.002	0.15	0.748	0	0	0	1	1	1	0.55	0.931	0	0	0	1	1	1	0.73	0.975	0	0	0	1	1	1	0.51	0.915	0	0	0	1	1	1	0.61	0.959	0	0	0																																																																																	genotype_comparison	in_vivo_tissue	unknown	""	high	liver		TRUE	FALSE	mildly_imbalanced		mildly_imbalanced
SRP027255	gut | in_vivo_treatment_arms | conf=high |  | n=8	colonization	tissue:gut	8	8	8	8	4	4	0	0		16327	0	8	0	0	8	0	0	0	0	gut	-0.609	-1.244	0.373	3e-04	1e-04								5.91	0		0.448	-0.31	1.347	-1.018	-0.333	M0																																																																																																																																																																																									in_vivo_treatment_arms	in_vivo_tissue	unknown	""	high	gut		TRUE	TRUE	single_sex		single_sex
SRP027536	liver | genotype_comparison | conf=high |  | n=8	genotype	tissue:liver	8	8	8	8	4	4	0	0		14762	0	8	0	0	0	0	0	0	0	liver	1.936	-0.586	0.096	3e-04	2e-04								2.92	0		0.921	3.537	-0.48	0.814	1.185	M0																																																																																																																																																																																									genotype_comparison	in_vivo_tissue	male_only	""	high	liver		TRUE	TRUE	single_sex		single_sex
SRP028138	gut | genotype_comparison | conf=medium |  | n=20	genotype	tissue:gut	20	20	20	20	10	10	0	0		18238.5	0	20	0	0	20	0	0	0	20	gut	-1.176	0.688	1.02	1e-04	1e-04								5.99	0		0.328	-0.84	-0.15	-0.229	-0.284	M0																																																																																																																																																																																									genotype_comparison	in_vivo_tissue	unknown	""	medium	gut		TRUE	TRUE	single_sex		single_sex
SRP028161	lung | in_vivo_treatment_arms | conf=high |  | n=16	disease state	tissue:lung	16	16	16	16	8	8	1	0		17940	16	0	8	8	0	0	0	0	16	lung	-0.251	2.874	-0.469	0.0087	0.0081	readlen	0.16					0.16	6.29	0		0.473	-1.148	-0.118	-0.29	0.156	M0																																																																																																																																																																																									in_vivo_treatment_arms	in_vivo_tissue	female_only	""	high	lung		TRUE	TRUE	single_sex		single_sex
SRP028331	blood_immune | genotype_comparison | conf=medium |  | n=8	genotype	tissue:blood_immune	8	8	8	8	4	4	1	0		15801	8	0	4	4	8	0	0	0	8	blood	1.067	0.331	0.212	0.0045	0.0044								5	0		0.61	0.725	-0.031	0.177	0.23	M0																																																																																																																																																																																									genotype_comparison	ex_vivo_primary_cells	unknown	""	medium	blood_immune		TRUE	TRUE	single_sex		single_sex
SRP028867	lung | in_vivo_treatment_arms | conf=medium |  | n=28	infection	tissue:lung	28	28	28	25	18	7	1	0		6601	25	0	18	7	25	0	0	3	0	lung	-0.224	-0.782	0.876	0.0127	0.0127								27.93	0		-0.462	0.78	-1.289	1.187	-0.967	M0																																																																																																																																																																																									in_vivo_treatment_arms	ex_vivo_primary_cells	unknown	""	medium	lung		TRUE	TRUE	single_sex		single_sex
SRP028868	lung | in_vivo_treatment_arms | conf=high |  | n=46	infection	tissue:lung	46	23	23	23	19	4	1	0		17074	23	0	19	4	23	0	0	0	0	lung	-1.963	2.102	-0.403	0.244	0.2428								5.67	0		-0.461	-0.523	2.058	-1.432		M0																																																																																																																																																																																									in_vivo_treatment_arms	in_vivo_tissue	unknown	""	high	lung		TRUE	TRUE	single_sex		single_sex
SRP029912	brain_cns | genotype_comparison | conf=medium |  | n=31	genotype/variation	in:rna fraction=total;tissue:brain_cns	31	31	10	8	4	4	0.38	0.25		16542.5	3	5	1	2	8	0	0	2	4	brain	-0.177	-0.272	-0.337	0.0046	0.0044	pubmonth	1				1		3.67	0		1.126	-0.448	0.534	-0.33	-0.202	M0,M1,M0perm,M4,M5,M4perm,M5perm,M0permw	0	0		0.22	0.777	0	0	0	0	0		0.44	0.926	0	0	0	0	0		0.5	0.94	0	0	0																	0	0		0.1	0.701	0	0	0	0	0		0.14	0.514	0	0	0	0	8	0	0.02	0.39	0	0	0	0	8	0	0.04	0.234	0	0	0	0	0		0.01	0.669	0	0	0	0	0		0.04	0.957	0	0	0	0	0		0.01	0.777	0	0	0	0	0		0.05	0.971	0	0	0																																																																																	genotype_comparison	in_vivo_tissue	unknown	""	medium	brain_cns		TRUE	FALSE	mildly_imbalanced		mildly_imbalanced
SRP029939	| genotype_comparison | conf=high |  | n=20	genotype	subj:isolate;tissue:unknown	20	15	10	10	5	5	0.4	0		18310	4	6	2	2	0	0	0	0	0	generic	-1.076	1.137	-1.413	1e-04	1e-04	readlen	0.655					0.655	3.04	2	0.997	-6.758	7.335	5.479	-4.326	0.394	M0,M1,M0perm,M3,M4,M5,M6,M4perm,M5perm,M6perm,M0permw	10966	11017	0.931	0.78	0.998	0	0	3	10966	10926	0.926	0.76	0.998	0	0	0	10966	10848	0.948	0.67	0.999	0	0	0	10966	11232	0.859	0.55	0.989	0	0	2	11017	11232	0.879	0.65	0.991	0	3	2	10966	0	0	0.06	0.422	2946	0	0	11017	0	0	0.05	0.418	3039	3	0	10966	0	0	0.4	0.835	353	0	0	11017	0	0	0.43	0.835	362	3	0	10966	9497	0.816	0.56	0.992	0	0	3	11017	9497	0.833	0.65	0.995	0	3	3	10966	10217	0.872	0.59	0.996	0	0	3	11017	10217	0.895	0.62	0.998	0	3	3																																																	10966	8540	0.721	0.58	0.976	0	0	3	11017	8540	0.719	0.64	0.976	0	3	3	10966	10280	0.878	0.61	0.995	0	0	3	11017	10280	0.9	0.69	0.997	0	3	3	genotype_comparison	in_vivo_tissue	both_sexes	""	high	""		TRUE	FALSE	balanced		balanced
SRP032458	brain_cns | genotype_comparison | conf=medium | pooled_samples | n=20	genotype	tissue:brain_cns	20	20	8	8	4	4	0.38	0.25	0	17937.5	3	5	2	1	8	0	0	0	0	brain	0.18	1.017	0.005	1e-04	1e-04								4.55	0		-0.381	-0.155	0.387	-0.412	-0.003	M0,M1,M0perm,M2,M2perm,M4,M5,M4perm,M5perm,M0permw	0	0		0.88	0.95	0	0	0	0	0		0.86	0.952	0	0	0	0	0		0.79	0.919	0	0	0																	0	128	0	0.29	0.87	0	0	0	0	128	0	0.3	0.903	0	0	0	0	62	0	0.28	0.643	0	0	0	0	62	0	0.3	0.696	0	0	0	0	0		0.4	0.538	0	0	0	0	0		0.4	0.396	0	0	0	0	0		0.48	0.786	0	0	0	0	0		0.5	0.775	0	0	0																																	0	274	0	0.15	0.922	0	0	0	0	0		0.65	0.889	0	0	0																																	genotype_comparison	in_vivo_tissue	unknown	pooled_samples	medium	brain_cns		TRUE	FALSE	mildly_imbalanced	balanced	mildly_imbalanced
SRP032811	liver | genotype_comparison | conf=medium |  | n=8	genotype/variation	tissue:liver	8	8	8	8	4	4	0	0		14343	0	8	0	0	8	0	0	0	0	liver	0.325	1.503	0.228	0.0036	0.0035								3.7	0		-0.878	0.613	-0.353	0.419	0.636	M0																																																																																																																																																																																									genotype_comparison	in_vivo_tissue	unknown	""	medium	liver		TRUE	TRUE	single_sex		single_sex
SRP033021	lung | in_vivo_treatment_arms | conf=high |  | n=181	virus	tissue:lung	181	123	77	77	45	32	1	0		19594	77	0	45	32	77	0	0	0	77	lung	-1.884	1.182	-1.269	0.0064	0.0064	readlen	0.155					0.155	18.82	0		-0.199	-1.039	-0.429	0.24	-0.478	M0																																																																																																																																																																																									in_vivo_treatment_arms	in_vivo_tissue	unknown	""	high	lung		TRUE	TRUE	single_sex		single_sex
SRP033220	lung | in_vivo_treatment_arms | conf=high | tumor_tissue | n=30	treatment	subj:animal no;tissue:lung	30	30	20	10	5	5	0	0		16771.5	0	10	0	0	10	0	0	0	10	lung	1.086	-0.594	0.028	0.0038	0.003								1.38	0		0.353	0.852	-0.745	0.927	-0.118	M0																																																																																																																																																																																									in_vivo_treatment_arms	in_vivo_tissue	unknown	tumor_tissue	high	lung		TRUE	TRUE	single_sex		single_sex
SRP033501	other | genotype_comparison | conf=high |  | n=8	genotype/variation	tissue:other	8	8	8	8	4	4	0.75	0		18640.5	6	2	3	3	8	0	0	0	8	generic	-1.283	0.175	-0.559	0.0024	0.001								1.52	0		-1.702	0.189	0.664	-0.554	-0.266	M0,M1,M0perm,M4,M5,M4perm,M5perm,M0permw	401	403	0.91	0.86	0.995	0	0	0	401	450	0.883	0.91	0.996	0	0	0	401	372	0.876	0.89	0.998	0	0	0																	401	66	0.099	0.4	0.556	0	0	0	403	66	0.096	0.4	0.561	0	0	0	401	243	0.508	0.68	0.866	0	0	0	403	243	0.52	0.75	0.864	0	0	0	401	226	0.514	0.8	0.953	0	0	0	403	226	0.516	0.85	0.95	0	0	0	401	409	0.623	0.75	0.891	0	0	0	403	409	0.618	0.78	0.89	0	0	0																																																																																	genotype_comparison	in_vivo_tissue	unknown	""	high	other		TRUE	FALSE	balanced		balanced
SRP034534	brain_cns | genotype_comparison | conf=high |  | n=24	genotype/variation	tissue:brain_cns	24	24	24	24	13	11	0	0		17174.5	0	24	0	0	24	0	0	0	0	brain	-1.5	-0.775	0.733	2e-04	1e-04								2.44	0		-1.395	0.558	0.736	-0.746	0.145	M0																																																																																																																																																																																									genotype_comparison	in_vivo_tissue	unknown	""	high	brain_cns		TRUE	TRUE	single_sex		single_sex
SRP034855	other | in_vivo_treatment_arms | conf=medium |  | n=25	condition	tissue:other	25	25	25	23	15	8	0.3	0.467		16765	7	16	7	0	23	0	0	2	8	generic	3.263	1.194	0.377	0.001	9e-04	readlen	0.211					0.211	11.84	5	0.365	0.129	1.42	0.116	-0.426	0.262	M0,M1,M0perm,M3,M4,M5,M6,M4perm,M5perm,M6perm,M0permw	4380	1504	0.248	0.69	0.832	17	4	0	4380	5110	0.837	0.82	0.995	0	4	4	4380	1958	0.426	0.62	0.962	0	4	4	4380	2055	0.359	0.35	0.847	0	4	0	1504	2055	0.267	0.33	0.804	0	0	0	4380	3954	0.16	0.07	0.362	226	4	1	1504	3954	0.2	0.11	0.664	0	0	1	4380	30	0.004	0.25	0.488	661	4	0	1504	30	0.011	0.28	0.656	18	0	0	4380	817	0.158	0.56	0.817	17	4	0	1504	817	0.444	0.66	0.973	0	0	0	4380	570	0.112	0.69	0.831	17	4	0	1504	570	0.371	0.9	0.994	0	0	0																																																	4380	3138	0.419	0.55	0.808	15	4	0	1504	3138	0.438	0.6	0.972	0	0	0	4380	62	0.014	0.56	0.778	31	4	0	1504	62	0.041	0.64	0.946	0	0	0	in_vivo_treatment_arms	in_vivo_tissue	unknown	""	medium	other		TRUE	FALSE	partially_confounded		partially_confounded
SRP034880	other | in_vivo_treatment_arms | conf=high |  | n=10	surgery	tissue:other	10	10	10	10	5	5	0	0		17373	0	10	0	0	0	0	0	0	0	generic	-0.004	-0.596	-1.017	2e-04	1e-04								3.84	0		-0.661	0.995	-0.054	0.215	-0.507	M0																																																																																																																																																																																									in_vivo_treatment_arms	in_vivo_tissue	male_only	""	high	other		TRUE	TRUE	single_sex		single_sex
SRP035462	| between_subject_case_control | conf=high | tumor_tissue | n=37	disease	subj:identifier;tissue:unknown	37	37	37	37	31	6	0.49	0.016	0.445	18076	18	19	15	3	37	0	0	0	0	generic	1.352	2.172	-1.216	0.0019	0.0019	pubmonth	0.153				0.153		5.63	5	0.359	-2.112	0.482	0.607	-0.582	0.929	M0,M1,M0perm,M2,M2perm,M3,M4,M5,M6,M4perm,M5perm,M6perm,M0permw	16003	16022	0.99	0.93	1	0	0	2	16003	15950	0.992	0.93	1	0	0	0	16003	15986	0.991	0.94	1	0	0	0	16003	16140	0.873	0.47	0.981	1	0	5	16022	16140	0.875	0.49	0.981	1	2	5	16003	11686	0.644	0.56	0.936	198	0	2	16022	11686	0.643	0.56	0.937	191	2	2	16003	12532	0.743	0.71	0.972	25	0	1	16022	12532	0.743	0.7	0.972	22	2	1	16003	15996	0.976	0.89	0.999	0	0	2	16022	15996	0.979	0.92	0.999	0	2	2	16003	15616	0.933	0.81	0.996	0	0	1	16022	15616	0.935	0.82	0.996	0	2	1																																	16003	16969	0.933	0.57	0.994	0	0	2	16003	15632	0.961	0.94	0.999	0	0	2	16003	16124	0.956	0.84	0.997	0	0	2	16022	16124	0.96	0.84	0.998	0	2	2	16003	15921	0.978	0.85	0.999	2	0	2	16022	15921	0.983	0.88	1	2	2	2	between_subject_case_control	in_vivo_tissue	unknown	tumor_tissue	high	""		TRUE	FALSE	balanced	mildly_imbalanced	mildly_imbalanced
SRP035523	| genotype_comparison | conf=high |  | n=12	genotype	subj:mouseid;tissue:unknown	12	12	12	12	6	6	0.67	0		16650	8	4	4	4	0	0	2	0	0	generic	1.293	0.696	0.576	0.0026	0.0026								6.79	3	0.068	0.11	-0.184	-0.961	1.459	0.26	M0,M1,M0perm,M3,M4,M5,M4perm,M5perm,M0permw	505	478	0.876	0.91	0.993	0	0	0	505	389	0.723	0.97	0.929	0	0	0	505	431	0.835	0.98	0.995	0	0	0	505	216	0.425	0.92	0.716	0	0	0	478	216	0.443	0.85	0.719	0	0	0	505	340	0.65	0.9	0.986	0	0	0	478	340	0.694	0.93	0.991	0	0	0	505	227	0.432	0.86	0.648	0	0	0	478	227	0.454	0.87	0.657	0	0	0	505	311	0.563	0.86	0.939	0	0	0	478	311	0.6	0.85	0.941	0	0	0	505	374	0.681	0.88	0.953	0	0	0	478	374	0.728	0.87	0.954	0	0	0																																																																																	genotype_comparison	in_vivo_tissue	female_only	""	high	""		TRUE	FALSE	balanced		balanced
SRP035667	brain_cns | genotype_comparison | conf=high |  | n=37	genotype	tissue:brain_cns	37	12	12	12	6	6	0	0		17353	0	12	0	0	0	0	0	0	12	brain	2.945	3.752	2.16	7e-04	6e-04								0.91	0		-4.807	0.552	0.488	-0.879		M0																																																																																																																																																																																									genotype_comparison	in_vivo_tissue	male_only	""	high	brain_cns		TRUE	TRUE	single_sex		single_sex
SRP035941	other | in_vivo_treatment_arms | conf=medium | tumor_tissue | n=12	treatment	tissue:other	12	12	12	12	6	6	1	0		14483.5	12	0	6	6	12	0	0	0	12	generic	4.094	2.56	3.565	3e-04	3e-04								3.45	0		6.463	1.15	5.229	-6.59	2.57	M0																																																																																																																																																																																									in_vivo_treatment_arms	in_vivo_tissue	unknown	tumor_tissue	medium	other		TRUE	TRUE	single_sex		single_sex
SRP036861	brain_cns | in_vivo_treatment_arms | conf=high |  | n=8	treated with	tissue:brain_cns	8	8	8	8	4	4	0	0		16032.5	0	8	0	0	8	0	0	0	8	brain	0.056	0.911	1.145	1e-04	1e-04								2.02	0		-0.154	-1.093	0.491	0.04	1.705	M0																																																																																																																																																																																									in_vivo_treatment_arms	in_vivo_tissue	unknown	""	high	brain_cns		TRUE	TRUE	single_sex		single_sex
SRP036866	skin | genotype_comparison | conf=high |  | n=12	genotype/variation	tissue:skin	12	12	12	12	6	6	1	0		17008	12	0	6	6	12	0	0	0	12	generic	0.665	0.045	0.2	0	0								11.84	0		-0.387	-0.918	0.15	-0.247	-2.837	M0																																																																																																																																																																																									genotype_comparison	in_vivo_tissue	unknown	""	high	skin		TRUE	TRUE	single_sex		single_sex
SRP037555	liver | in_vivo_treatment_arms | conf=high |  | n=12	agent	tissue:liver	12	12	12	12	6	6	0.42	0.833		16438.5	5	7	5	0	12	0	0	0	6	liver	-0.098	0.407	1.455	0.0302	0.03								2.04	3	0.512	0.095	-0.303	0.107	-0.109	-0.026	M0,M1,M0perm,M3,M4,M5,M7,M4perm,M5perm,M7perm,M0permw	7	1	0	0.05	0.16	0	0	0	7	0	0	0.75	0.987	0	0	0	7	1	0	0.05	0.16	0	0	0	7	1	0	0.08	0.253	0	0	0	1	1	1	0.55	0.904	0	0	0	7	1	0	0.01	0.076	0	0	0	1	1	1	0.53	0.831	0	0	0	7	11	0	0	0.195	0	0	0	1	11	0.091	0.62	0.982	0	0	0	7	0	0	0.01	0.071	0	0	0	1	0	0	0.47	0.867	0	0	0	7	1	0	0.13	0.081	0	0	0	1	1	1	0.55	0.877	0	0	0	7	1	0	0.06	0.253	0	0	0	1	1	1	0.84	0.903	0	0	0	7	1	0	0.06	0.173	0	0	0	1	1	1	0.86	0.998	0	0	0																																																	in_vivo_treatment_arms	in_vivo_tissue	unknown	""	high	liver		TRUE	FALSE	partially_confounded		partially_confounded
SRP038635	liver | genotype_comparison | conf=high |  | n=24	genotype/variation	tissue:liver	24	24	12	12	6	6	0.58	0.167		14447	7	5	3	4	12	0	0	0	12	liver	-0.762	0.025	-0.316	0.0013	0.0011								3.77	2	0.676	0.779	-0.731	-0.948	0.406	0.121	M0,M1,M0perm,M3,M4,M5,M4perm,M5perm,M0permw	8	8	1	0.87	0.929	0	0	0	8	9	0.889	0.66	0.984	0	0	0	8	8	1	0.8	0.981	0	0	0	8	8	1	0.63	0.939	0	0	0	8	8	1	0.64	0.929	0	0	0	8	7	0.875	0.68	0.806	0	0	0	8	7	0.875	0.67	0.896	0	0	0	8	8	0.6	0.18	0.587	0	0	0	8	8	0.6	0.2	0.631	0	0	0	8	5	0.625	0.68	0.924	0	0	0	8	5	0.625	0.75	0.959	0	0	0	8	5	0.625	0.63	0.893	0	0	0	8	5	0.625	0.66	0.974	0	0	0																																																																																	genotype_comparison	in_vivo_tissue	unknown	""	high	liver		TRUE	FALSE	mildly_imbalanced		mildly_imbalanced
SRP039089	lung | in_vivo_treatment_arms | conf=high |  | n=12	treatment	tissue:lung	12	12	12	12	6	6	1	0		18518.5	12	0	6	6	12	0	0	0	0	lung	0.019	0.441	0.367	0.0099	0.0063								40.12	0		0.228	-0.196	-0.066	0.053	0.545	M0																																																																																																																																																																																									in_vivo_treatment_arms	in_vivo_tissue	unknown	""	high	lung		TRUE	TRUE	single_sex		single_sex
SRP039411	liver | in_vivo_treatment_arms | conf=high |  | n=8	diet	tissue:liver	8	8	8	8	4	4	0	0		14199.5	0	8	0	0	8	0	0	0	8	liver	0.46	-0.665	0.304	4e-04	2e-04								9.16	0		0.311	-0.078	-0.359	0.373	-0.885	M0																																																																																																																																																																																									in_vivo_treatment_arms	in_vivo_tissue	unknown	""	high	liver		TRUE	TRUE	single_sex		single_sex
SRP039501	blood_immune | genotype_comparison | conf=high |  | n=9	genotype	tissue:blood_immune	9	9	9	9	5	4	1	0		13745	9	0	5	4	9	0	0	0	9	blood	2.723	-1.346	-1.141	0.0012	0.0011								5.29	0		-1.08	-0.042	-0.356	0.434	0.421	M0																																																																																																																																																																																									genotype_comparison	ex_vivo_primary_cells	female_only	""	high	blood_immune		TRUE	TRUE	single_sex		single_sex
SRP039628	heart | in_vivo_treatment_arms | conf=medium |  | n=12	disease state	in:cell type=bmi1+ cardiac stem cells;tissue:heart	12	12	8	8	4	4	0.88	0.25		16633	7	1	4	3	8	0	0	0	8	heart	-3.248	5.625	-1.863	1e-04	1e-04								6.37	0		-0.701	1.518	0.512	-0.134	5.378	M0,M1,M0perm,M4,M5,M4perm,M5perm,M0permw	6664	5993	0.819	0.85	0.988	0	0	3	6664	6007	0.801	0.82	0.98	0	0	0	6664	6007	0.801	0.82	0.98	0	0	0																	6664	813	0.118	0.66	0.854	35	0	0	5993	813	0.131	0.68	0.848	17	3	0	6664	9	0	0.06	0.487	1248	0	0	5993	9	0	0.07	0.507	983	3	0	6664	5901	0.766	0.67	0.979	0	0	3	5993	5901	0.824	0.66	0.988	0	3	3	6664	5203	0.714	0.73	0.98	0	0	1	5993	5203	0.808	0.72	0.991	0	3	1																																																																																	in_vivo_treatment_arms	ex_vivo_primary_cells	unknown	""	medium	heart		TRUE	FALSE	mildly_imbalanced		mildly_imbalanced
SRP040560	kidney | genotype_comparison | conf=high |  | n=12	genotype/variation	tissue:kidney	12	12	12	11	5	6	0.18	0.4		15263	2	9	2	0	11	0	0	1	11	kidney	0.843	-0.268	0.418	0.0014	0.0013								14.98	2	0.156	0.071	-0.157	-0.88	0.442	0.558	M0,M1,M0perm,M3,M4,M5,M4perm,M5perm,M0permw	0	0		0.37	0.715	0	0	0	0	0		0.75	0.978	0	0	0	0	0		0.41	0.817	0	0	0	0	1	0	0.27	0.683	0	0	0	0	1	0	0.18	0.518	0	0	0	0	0		0.17	0.584	0	0	0	0	0		0.45	0.871	0	0	0	0	0		0.27	0.603	0	0	0	0	0		0.44	0.891	0	0	0	0	0		0.09	0.322	0	0	0	0	0		0.31	0.752	0	0	0	0	0		0.04	0.254	0	0	0	0	0		0.14	0.655	0	0	0																																																																																	genotype_comparison	in_vivo_tissue	unknown	""	high	kidney		TRUE	FALSE	partially_confounded		partially_confounded
SRP040958	other | genotype_comparison | conf=high |  | n=12	genotype/variation	tissue:other	12	12	12	12	6	6	0	0		17871.5	0	12	0	0	0	0	0	0	0	generic	-0.317	-0.328	0.587	1e-04	1e-04								2.73	0		-0.896	-1.63	-1.179	1.157	-1.022	M0																																																																																																																																																																																									genotype_comparison	ex_vivo_primary_cells	male_only	""	high	other		TRUE	TRUE	single_sex		single_sex
SRP041101	blood_immune | genotype_comparison | conf=high | tumor_tissue | n=11	genotype/variation	tissue:blood_immune	11	11	11	11	5	6	0.55	1		14370	6	5	0	6	11	0	0	0	11	blood	-0.007	0.306	0.797	0.2055	0.1968								6.24	0		0.158	-0.52	-0.76	0.449	0.164	M0																																																																																																																																																																																									genotype_comparison	in_vivo_tissue	unknown	tumor_tissue	high	blood_immune		TRUE	FALSE	completely_confounded		completely_confounded
SRP041266	kidney | in_vivo_treatment_arms | conf=high | tumor_tissue | n=12	source_name	tissue:kidney	12	12	12	12	6	6	1	0		16816	12	0	6	6	12	0	0	0	12	kidney	0.471	-1.226	1.23	1e-04	0								1.51	0		1.707	-0.683	-1.59	1.45	-0.005	M0																																																																																																																																																																																									in_vivo_treatment_arms	in_vivo_tissue	unknown	tumor_tissue	high	kidney		TRUE	TRUE	single_sex		single_sex
SRP041313	liver | genotype_comparison | conf=medium |  | n=29	mitochondria	in:tissue=liver;tissue:liver	29	24	12	12	6	6	0	0		13074	0	12	0	0	0	0	8	0	0	liver	0.726	2.56	1.379	0.0012	9e-04								1.51	0		0.147	1.678	0.42	-0.057	-1.001	M0																																																																																																																																																																																									genotype_comparison	in_vivo_tissue	male_only	""	medium	liver		TRUE	TRUE	single_sex		single_sex
SRP041584	blood_immune | in_vivo_treatment_arms | conf=high |  | n=12	treatment	tissue:blood_immune	12	12	12	11	6	5	0.55	1		16617	6	5	6	0	11	0	0	1	11	blood	9.795	-4.775	1.153	0.2371	0.1878								7.18	0		-2.901	-0.527	-3.07	4.429	0.87	M0																																																																																																																																																																																									in_vivo_treatment_arms	in_vivo_tissue	unknown	""	high	blood_immune		TRUE	FALSE	completely_confounded		completely_confounded
SRP041929	lung | in_vivo_treatment_arms | conf=medium |  | n=34	aerosol exposure	tissue:lung	34	8	8	8	4	4	1	0		18838.5	8	0	4	4	8	0	0	0	8	lung	0.263	5.921	-1.511	0.0088	0.0053								2.06	0		0.832	0.364	-0.366	0.452	-0.219	M0																																																																																																																																																																																									in_vivo_treatment_arms	in_vivo_tissue	unknown	""	medium	lung		TRUE	TRUE	single_sex		single_sex
SRP042206	gut | in_vivo_treatment_arms | conf=medium |  | n=18	condition	tissue:gut	18	18	12	12	5	7	0.17	0.4		15383.5	2	10	2	0	12	0	0	0	12	gut	-0.282	-1.444	1.103	0	0								6.07	1	0.148	1.115	0.195	0.237	0.08	-0.718	M0,M1,M0perm,M3,M4,M5,M4perm,M5perm,M0permw	2	0	0	0.57	0.598	0	0	0	2	0	0	0.69	0.933	0	0	0	2	0	0	0.49	0.692	0	0	0	2	77	0.026	0.32	0.933	0	0	0	0	77	0	0.26	0.672	0	0	0	2	0	0	0.24	0.54	0	0	0	0	0		0.34	0.686	0	0	0	2	0	0	0.21	0.543	0	0	0	0	0		0.21	0.589	0	0	0	2	0	0	0.22	0.206	0	0	0	0	0		0.34	0.806	0	0	0	2	0	0	0.27	0.599	0	0	0	0	0		0.43	0.987	0	0	0																																																																																	in_vivo_treatment_arms	ex_vivo_primary_cells	unknown	""	medium	gut		TRUE	FALSE	partially_confounded		partially_confounded
SRP042287	muscle | genotype_comparison | conf=high |  | n=9	genotype	tissue:muscle	9	9	9	9	5	4	0	0	1.225	15360	0	9	0	0	9	0	0	0	0	muscle	2.012	1.93	-2.956	2e-04	1e-04								0.63	0		-3.282	2.44	4.288	-5.11	-1.43	M0																																																																																																																																																																																									genotype_comparison	in_vivo_tissue	unknown	""	high	muscle		TRUE	TRUE	single_sex	partially_confounded	single_sex
SRP042289	other | genotype_comparison | conf=high |  | n=8	genotype	tissue:other	8	8	8	8	4	4	0.5	0.5		18609.5	4	4	1	3	8	0	0	0	0	generic	2.166	-0.65	-0.17	0.0061	0.0035								2.04	0		-1.276	1.578	-0.547	0.568	0.957	M0,M1,M0perm,M4,M5,M4perm,M5perm,M0permw	1691	638	0.365	0.8	0.955	0	0	0	1691	1928	0.822	0.84	0.997	0	0	0	1691	564	0.318	0.84	0.939	0	0	0																	1691	733	0.217	0.41	0.643	0	0	0	638	733	0.368	0.41	0.74	0	0	0	1691	96	0.047	0.4	0.704	3	0	0	638	96	0.112	0.45	0.778	0	0	0	1691	648	0.338	0.51	0.911	0	0	0	638	648	0.487	0.57	0.912	0	0	0	1691	147	0.086	0.67	0.941	0	0	0	638	147	0.223	0.75	0.961	0	0	0																																																																																	genotype_comparison	in_vivo_tissue	unknown	""	high	other		TRUE	FALSE	partially_confounded		partially_confounded
SRP042368	liver | in_vivo_treatment_arms | conf=high |  | n=24	treatment	in:strain=c57bl6j;tissue:liver	24	18	12	12	6	6	0.5	0		14825	6	6	3	3	0	0	0	0	0	liver	0.279	0.157	0.032	4e-04	3e-04								3.28	1	0.995	0.823	0.559	0.31	-0.322	0.541	M0,M1,M0perm,M3,M4,M5,M4perm,M5perm,M0permw	0	0		0.48	0.983	0	0	0	0	0		0.48	0.869	0	0	0	0	0		0.89	0.998	0	0	0	0	0		0.47	0.982	0	0	0	0	0		0.91	0.999	0	0	0	0	0		0.12	0.623	0	0	0	0	0		0.2	0.631	0	0	0	0	0		0.32	0.945	0	0	0	0	0		0.52	0.959	0	0	0	0	0		0.34	0.863	0	0	0	0	0		0.56	0.88	0	0	0	0	0		0.33	0.935	0	0	0	0	0		0.49	0.948	0	0	0																																																																																	in_vivo_treatment_arms	in_vivo_tissue	both_sexes	""	high	liver		TRUE	FALSE	balanced		balanced
SRP042636	liver | genotype_comparison | conf=medium | pooled_samples | n=12	genotype	tissue:liver	12	12	12	12	4	8	0	0		15700	0	12	0	0	12	0	0	0	12	liver	0.068	1.465	0.937	5e-04	4e-04								1.89	0		-1.159	1.095	-1.403	1.396	1.025	M0																																																																																																																																																																																									genotype_comparison	in_vivo_tissue	unknown	pooled_samples	medium	liver		TRUE	TRUE	single_sex		single_sex
SRP043269	brain_cns | in_vivo_treatment_arms | conf=high |  | n=8	treatment	tissue:brain_cns	8	8	8	8	4	4	0	0		17012	0	8	0	0	8	0	0	0	0	brain	0.727	-1.313	-1.318	2e-04	2e-04								0.36	0		-0.799	1.098	-0.545	0.132	-0.683	M0																																																																																																																																																																																									in_vivo_treatment_arms	in_vivo_tissue	unknown	""	high	brain_cns		TRUE	TRUE	single_sex		single_sex
SRP043302	reproductive | genotype_comparison | conf=medium | mixed_organisms | n=23	sub_species	ex:sub_species=;subj:strain;tissue:reproductive	23	23	14	14	8	6	0	0	0.57	19629.5	0	14	0	0	0	0	0	0	0	generic	-0.434	1.835	1.19	1e-04	1e-04								1.1	0		-1.973	1.464	-0.159	0.251	0.054	M0																																																																																																																																																																																									genotype_comparison	in_vivo_tissue	male_only	mixed_organisms	medium	reproductive		TRUE	TRUE	single_sex	mildly_imbalanced	single_sex
SRP043436	brain_cns | genotype_comparison | conf=high | pooled_samples | n=20	genotype/variation	tissue:brain_cns	20	20	20	14	6	8	1	0	0.745	26426	14	0	6	8	14	0	0	6	0	brain	2.41	-0.787	-0.783	0	0								11.15	0		0.233	0.581	-0.224	0.547	0.713	M0																																																																																																																																																																																									genotype_comparison	ex_vivo_primary_cells	unknown	pooled_samples	high	brain_cns		TRUE	TRUE	single_sex	mildly_imbalanced	single_sex
SRP043493	other | genotype_comparison | conf=medium | pooled_samples | n=20	genotype/variation	in:cell population=ckit+ sca1+ lin- cells;tissue:other	20	20	12	12	6	6	0.17	0		15336.5	2	10	1	1	0	0	4	0	0	generic	0.664	0.017	0.946	0.0013	0.0013	readlen	0.447				0	0.447	1.38	3	0.195	0.46	0.771	-1.17	1.197	-0.343	M0,M1,M0perm,M3,M4,M5,M6,M4perm,M5perm,M6perm,M0permw	20	21	0.952	0.76	0.997	0	0	0	20	10	0.5	0.71	0.931	0	0	0	20	17	0.85	0.74	0.998	0	0	0	20	36	0.4	0.53	0.596	0	0	0	21	36	0.425	0.6	0.592	0	0	0	20	19	0.773	0.5	0.928	0	0	0	21	19	0.818	0.59	0.924	0	0	0	20	51	0.392	0.45	0.791	0	0	0	21	51	0.412	0.56	0.801	0	0	0	20	27	0.679	0.58	0.99	0	0	0	21	27	0.714	0.64	0.993	0	0	0	20	17	0.762	0.58	0.896	0	0	0	21	17	0.81	0.64	0.892	0	0	0																																																	20	8	0.4	0.75	0.902	0	0	0	21	8	0.381	0.66	0.904	0	0	0	20	8	0.4	0.59	0.757	0	0	0	21	8	0.381	0.69	0.77	0	0	0	genotype_comparison	ex_vivo_primary_cells	male_only	pooled_samples	medium	other		TRUE	FALSE	balanced		balanced
SRP043967	heart | genotype_comparison | conf=high |  | n=30	genotype	tissue:heart	30	30	23	23	8	15	0.3	0.108	0.974	15940	7	16	3	4	23	0	0	0	0	heart	-0.339	1.099	-0.571	0.0134	0.0132								3.2	3	0.176	-0.413	1.124	-0.039	0.542	1.138	M0,M1,M0perm,M2,M2perm,M3,M4,M5,M7,M4perm,M5perm,M7perm,M0permw	303	297	0.796	0.84	0.994	0	0	0	303	227	0.738	0.92	0.997	0	0	0	303	275	0.806	0.9	0.998	0	0	0	303	2561	0.118	0.44	0.923	0	0	0	297	2561	0.116	0.44	0.908	0	0	0	303	0	0	0.33	0.561	0	0	0	297	0	0	0.34	0.598	0	0	0	303	93	0.234	0.58	0.723	0	0	0	297	93	0.246	0.62	0.744	0	0	0	303	337	0.675	0.78	0.992	0	0	0	297	337	0.751	0.86	0.993	0	0	0	303	228	0.609	0.8	0.993	0	0	0	297	228	0.71	0.93	0.999	0	0	0	303	410	0.643	0.77	0.971	0	0	0	297	410	0.691	0.83	0.981	0	0	0	303	277	0.731	0.8	0.992	0	0	0	297	277	0.87	0.91	0.999	0	0	0	303	157	0.337	0.59	0.755	0	0	0	303	176	0.54	0.81	0.986	0	0	0																																	genotype_comparison	in_vivo_tissue	unknown	""	high	heart		TRUE	FALSE	balanced	partially_confounded	partially_confounded
SRP044222	other | genotype_comparison | conf=high |  | n=52	genotype	tissue:other	52	20	20	20	10	10	0	0		15562	0	20	0	0	20	0	0	0	20	generic	0.174	0.051	-0.245	0.0028	0.0028								9.64	0		-0.401	-0.869	0.08	-0.177	-0.495	M0																																																																																																																																																																																									genotype_comparison	ex_vivo_primary_cells	unknown	""	high	other		TRUE	TRUE	single_sex		single_sex
SRP045331	reproductive | other | conf=medium |  | n=47	dev_stage	in:cell_subtype=lin-cd24+cd29hi (basal);tissue:reproductive	47	47	12	12	6	6	1	0	0.87	15089.5	12	0	6	6	0	0	0	0	0	generic	-0.378	-1.271	0.671	2e-04	2e-04	readlen	0.302					0.302	12.04	0		0.817	-0.1	-1.498	1.285	0.819	M0																																																																																																																																																																																									other	ex_vivo_primary_cells	female_only	""	medium	reproductive		TRUE	TRUE	single_sex	partially_confounded	single_sex
SRP045354	brain_cns | genotype_comparison | conf=medium | pooled_samples | n=8	genotype/variation	tissue:brain_cns	8	8	8	8	4	4	0	0		17058	0	8	0	0	8	0	0	0	8	brain	-0.208	-0.171	1.192	6e-04	5e-04								1.42	0		-0.988	-0.017	1.399	-1.446	0.531	M0																																																																																																																																																																																									genotype_comparison	in_vivo_tissue	unknown	pooled_samples	medium	brain_cns		TRUE	TRUE	single_sex		single_sex
SRP045369	other | genotype_comparison | conf=high |  | n=16	genotype	tissue:other	16	16	12	12	4	8	0	0		17624.5	0	12	0	0	12	0	0	0	12	generic	-1.065	-2.268	1.334	0.0262	0.0197								5.42	0		-1.075	-0.94	0.072	-0.107	1.337	M0																																																																																																																																																																																									genotype_comparison	in_vivo_tissue	male_only	""	high	other		TRUE	TRUE	single_sex		single_sex
SRP045625	lung | genotype_comparison | conf=medium |  | n=10	genotype	in:agent=nippostrongylus brasiliensis;tissue:lung	10	10	8	8	4	4	0	0		19237.5	0	8	0	0	8	0	0	0	8	lung	-0.673	0.414	-0.442	0.0228	0.0137								2.78	0		-0.499	1.157	1.286	-1.266	-0.242	M0																																																																																																																																																																																									genotype_comparison	in_vivo_tissue	unknown	""	medium	lung		TRUE	TRUE	single_sex		single_sex
SRP045626	heart | genotype_comparison | conf=high |  | n=8	genotype/variation	tissue:heart	8	8	8	8	4	4	0	0		16211.5	0	8	0	0	8	0	0	0	0	heart	-0.036	1.97	0.458	0.0017	8e-04								0.86	0		-2.439	0.458	1.365	-1.014	1.703	M0																																																																																																																																																																																									genotype_comparison	in_vivo_tissue	unknown	""	high	heart		TRUE	TRUE	single_sex		single_sex
SRP045747	other | genotype_comparison | conf=medium |  | n=16	genotype	in:cell type=ssea1+ primordial germ cells;tissue:other	16	16	8	8	4	4	0.5	0		16445	4	4	2	2	0	0	1	0	8	generic	0.979	0.055	0.851	0	0								5.99	0		-0.19	-0.271	0.074	-0.161	0.91	M0,M1,M0perm,M4,M5,M4perm,M5perm,M0permw	29	77	0.377	0.75	0.98	0	0	0	29	11	0.29	0.51	0.796	0	0	0	29	11	0.379	0.93	0.996	0	0	0																	29	80	0.362	0.7	0.943	0	0	0	77	80	0.744	0.83	0.953	0	0	0	29	46	0.531	0.64	0.621	0	0	0	77	46	0.557	0.77	0.634	0	0	0	29	43	0.5	0.72	0.951	0	0	0	77	43	0.558	0.88	0.968	0	0	0	29	41	0.556	0.62	0.919	0	0	0	77	41	0.494	0.68	0.931	0	0	0																																																																																	genotype_comparison	ex_vivo_primary_cells	both_sexes	""	medium	other		TRUE	FALSE	balanced		balanced
SRP045828	tumor | genotype_comparison | conf=medium | tumor_tissue | n=25	genotype/variation	in:tumor model=aom-dss;tissue:tumor	25	25	10	10	5	5	0.9	0.2		17122.5	9	1	5	4	10	0	0	0	10	generic	0.126	-1.597	-2.581	1e-04	1e-04								1	2	0.084	0.577	-0.947	-0.02	0.326	-0.749	M0,M1,M0perm,M3,M4,M5,M4perm,M5perm,M0permw	6073	4803	0.744	0.75	0.99	0	0	1	6073	4574	0.708	0.81	0.989	0	0	0	6073	4343	0.708	0.86	0.996	0	0	0	6073	5816	0.771	0.48	0.973	0	0	0	4803	5816	0.697	0.46	0.959	0	1	0	6073	1698	0.269	0.6	0.957	0	0	0	4803	1698	0.335	0.64	0.962	0	1	0	6073	0	0	0.54	0.847	37	0	0	4803	0	0	0.69	0.841	12	1	0	6073	6273	0.681	0.52	0.973	0	0	0	4803	6273	0.645	0.61	0.977	0	1	0	6073	337	0.054	0.4	0.862	17	0	0	4803	337	0.067	0.46	0.879	3	1	0																																																																																	genotype_comparison	in_vivo_tissue	unknown	tumor_tissue	medium	tumor		TRUE	FALSE	mildly_imbalanced		mildly_imbalanced
SRP046087	lung | in_vivo_treatment_arms | conf=high |  | n=36	vitamin d status	tissue:lung	36	12	12	12	6	6	1	0		18836	12	0	6	6	0	0	0	0	0	lung	-0.459	0.006	0.525	0.0181	0.0112								3.23	0		-0.517	-0.954	0.123	-0.463	-0.848	M0																																																																																																																																																																																									in_vivo_treatment_arms	in_vivo_tissue	female_only	""	high	lung		TRUE	TRUE	single_sex		single_sex
SRP047452	brain_cns | genotype_comparison | conf=high |  | n=230	genotype/variation	in:timepoint=adult;tissue:brain_cns	230	109	52	52	35	17	0.38	0.047		17930	20	32	14	6	0	1	2	0	52	brain	0.274	-0.53	-0.23	4e-04	3e-04								2.8	5	0.899	0.637	0.029	-0.295	0.288	0.031	M0,M1,M0perm,M3,M4,M5,M4perm,M5perm,M0permw	0	0		0.93	0.998	0	0	0	0	0		0.87	0.993	0	0	0	0	0		0.91	0.999	0	0	0	0	0		0.64	0.95	0	0	0	0	0		0.62	0.947	0	0	0	0	0		0.41	0.801	0	0	0	0	0		0.43	0.808	0	0	0	0	0		0.5	0.912	0	0	0	0	0		0.51	0.914	0	0	0	0	0		0.69	0.953	0	0	0	0	0		0.66	0.952	0	0	0	0	0		0.7	0.966	0	0	0	0	0		0.71	0.967	0	0	0																																																																																	genotype_comparison	in_vivo_tissue	both_sexes	""	high	brain_cns		TRUE	FALSE	balanced		balanced
SRP048707	blood_immune | genotype_comparison | conf=medium |  | n=15	genotype	in:condition=ex-vivo;tissue:blood_immune	15	15	8	8	4	4	0.25	0		15079.5	2	6	1	1	8	0	0	0	8	blood	1.833	0.646	0.574	1e-04	1e-04								1.21	0		4.48	-1.223	-0.485	0.88	-0.609	M0,M1,M0perm,M4,M5,M4perm,M5perm,M0permw	1812	2703	0.67	0.7	0.996	0	0	0	1812	627	0.335	0.85	0.931	0	0	0	1812	1661	0.836	0.88	0.999	0	0	0																	1812	29	0.015	0.24	0.515	123	0	0	2703	29	0.01	0.34	0.52	215	0	0	1812	410	0.157	0.47	0.675	26	0	0	2703	410	0.119	0.58	0.676	89	0	0	1812	826	0.267	0.44	0.747	0	0	0	2703	826	0.234	0.59	0.752	2	0	0	1812	360	0.173	0.49	0.813	0	0	0	2703	360	0.126	0.66	0.817	0	0	0																																																																																	genotype_comparison	ex_vivo_primary_cells	unknown	""	medium	blood_immune		TRUE	FALSE	balanced		balanced
SRP048898	brain_cns | in_vivo_treatment_arms | conf=medium |  | n=14	sample_id	subj:sample_id;tissue:brain_cns	14	14	14	14	8	6	0	0		18108.5	0	14	0	0	0	0	2	0	0	brain	0.819	0.93	1.259	0	0								45.37	0		0.496	0.841	0.692	0.558	0.811	M0																																																																																																																																																																																									in_vivo_treatment_arms	in_vivo_tissue	male_only	""	medium	brain_cns		TRUE	TRUE	single_sex		single_sex
SRP049139	brain_cns | genotype_comparison | conf=high |  | n=12	genotype	tissue:brain_cns	12	12	12	12	6	6	0	0		17428	0	12	0	0	12	0	0	0	12	brain	0.688	-0.104	1.045	8e-04	6e-04								1.71	0		-1.012	-1.341	0.639	-1.206	-0.649	M0																																																																																																																																																																																									genotype_comparison	in_vivo_tissue	unknown	""	high	brain_cns		TRUE	TRUE	single_sex		single_sex
SRP049141	blood_immune | genotype_comparison | conf=high |  | n=15	genotype/variation	in:cell type=regulatory cd4+ t cells;tissue:blood_immune	15	15	8	8	4	4	0.5	1		15206	4	4	4	0	8	0	0	0	8	blood	1.01	2.34	1.09	0	0								2.28	0		2.946	-0.687	0.656	-0.732	-5.44	M0																																																																																																																																																																																									genotype_comparison	ex_vivo_primary_cells	unknown	""	high	blood_immune		TRUE	FALSE	completely_confounded		completely_confounded
SRP049177	blood_immune | in_vivo_treatment_arms | conf=high |  | n=18	treatment	tissue:blood_immune	18	18	18	18	9	9	0	0		17474	0	18	0	0	0	0	0	0	18	blood	-0.195	-0.969	0.457	3e-04	3e-04								27.13	0		1.134	-0.4	-1.038	1.222	-0.264	M0																																																																																																																																																																																									in_vivo_treatment_arms	ex_vivo_primary_cells	male_only	""	high	blood_immune		TRUE	TRUE	single_sex		single_sex
SRP049219	brain_cns | between_subject_case_control | conf=high |  | n=60	behavioral phenotype	tissue:brain_cns	60	60	60	60	30	30	0.47	0.067		17540	28	32	15	13	0	5	0	0	60	brain	-0.052	0.036	0.358	5e-04	4e-04								21.58	5	0.553	0.16	-0.002	0.026	-0.01	-0.117	M0,M1,M0perm,M3,M4,M5,M4perm,M5perm,M0permw	318	316	0.904	0.95	0.998	0	0	0	318	307	0.905	0.95	0.997	0	0	0	318	319	0.942	0.95	0.998	0	0	0	318	1467	0.216	0.58	0.959	0	0	0	316	1467	0.215	0.58	0.954	0	0	0	318	540	0.586	0.72	0.927	0	0	0	316	540	0.579	0.75	0.926	0	0	0	318	519	0.613	0.8	0.976	0	0	0	316	519	0.609	0.82	0.975	0	0	0	318	309	0.833	0.9	0.991	0	0	0	316	309	0.86	0.92	0.992	0	0	0	318	314	0.87	0.91	0.996	0	0	0	316	314	0.915	0.93	0.997	0	0	0																																																																																	between_subject_case_control	in_vivo_tissue	both_sexes	""	high	brain_cns		TRUE	FALSE	balanced		balanced
SRP049261	brain_cns | in_vivo_treatment_arms | conf=high | pooled_samples | n=14	strain	tissue:brain_cns	14	14	14	14	7	7	1	0		14020	14	0	7	7	14	0	0	0	0	brain	-0.271	0.525	0.514	0.0012	0.0012								18.15	0		1.849	-0.526	-2.531	1.664	-0.124	M0																																																																																																																																																																																									in_vivo_treatment_arms	ex_vivo_primary_cells	unknown	pooled_samples	high	brain_cns		TRUE	TRUE	single_sex		single_sex
SRP049262	liver | in_vivo_treatment_arms | conf=high |  | n=12	diet	tissue:liver	12	12	12	12	6	6	0	0		16140	0	12	0	0	12	0	0	0	12	liver	1.972	2.012	-0.275	0.1475	0.0322								1.07	0		-1.431	0.304	0.399	-0.501	1.073	M0																																																																																																																																																																																									in_vivo_treatment_arms	in_vivo_tissue	unknown	""	high	liver		TRUE	TRUE	single_sex		single_sex
SRP049335	tumor | in_vivo_treatment_arms | conf=medium | tumor_tissue | n=22	treatment	tissue:tumor	22	22	11	10	5	5	1	0		13899	10	0	5	5	10	0	0	1	10	generic	-0.984	-1.099	2.134	0.0434	0.0335								8.29	0		1.282	0.284	0.56	-0.326	-0.914	M0																																																																																																																																																																																									in_vivo_treatment_arms	ex_vivo_primary_cells	unknown	tumor_tissue	medium	tumor		TRUE	TRUE	single_sex		single_sex
SRP049440	liver | in_vivo_treatment_arms | conf=high |  | n=91	treatment	tissue:liver	91	45	45	45	40	5	1	0		15098	45	0	40	5	0	0	0	0	45	liver	-0.709	1.099	0.415	5e-04	4e-04								5.8	0		-0.362	0.121	0.4	-0.218	-0.18	M0																																																																																																																																																																																									in_vivo_treatment_arms	in_vivo_tissue	female_only	""	high	liver		TRUE	TRUE	single_sex		single_sex
SRP049630	brain_cns | in_vivo_treatment_arms | conf=medium |  | n=56	treatment	in:age=p180;in:tissue=occipital cortex layer;tissue:brain_cns	56	56	16	16	8	8	0	0		16303.5	0	16	0	0	16	0	0	0	0	brain	-0.893	-0.083	-5.81	3e-04	3e-04								7.76	0		0.005	-0.322	0.813	-0.748	-0.778	M0																																																																																																																																																																																									in_vivo_treatment_arms	in_vivo_tissue	unknown	""	medium	brain_cns		TRUE	TRUE	single_sex		single_sex
SRP049763	heart | genotype_comparison | conf=medium |  | n=36	genotype/variation	tissue:heart	36	36	36	26	12	14	0.46	0.536		11142	12	14	9	3	26	0	0	10	26	heart	0.798	-0.706	0.221	0.0016	0.0014								6.02	3	0.335	-1.438	-2.51	-0.123	-0.293	2.241	M0,M1,M0perm,M3,M4,M5,M4perm,M5perm,M0permw	3766	1019	0.228	0.83	0.784	195	0	0	3766	3454	0.849	0.93	0.991	0	0	0	3766	2125	0.527	0.87	0.969	2	0	0	3766	2554	0.43	0.43	0.808	128	0	0	1019	2554	0.329	0.39	0.878	3	0	0	3766	2476	0.308	0	0.004	1754	0	0	1019	2476	0.096	0	0.454	52	0	0	3766	913	0.18	0.39	0.617	525	0	0	1019	913	0.227	0.33	0.731	13	0	0	3766	865	0.199	0.81	0.719	395	0	0	1019	865	0.697	0.9	0.972	0	0	0	3766	1501	0.231	0.47	0.528	833	0	0	1019	1501	0.526	0.5	0.885	0	0	0																																																																																	genotype_comparison	in_vivo_tissue	unknown	""	medium	heart		TRUE	FALSE	partially_confounded		partially_confounded
SRP050894	brain_cns | genotype_comparison | conf=high |  | n=69	genotype	in:tissue=ca1 hippocampal subregion;in:drug treatment=vehicle: 18g cyclodextrin/l water;in:age=10 months;tissue:brain_cns	69	69	20	20	9	11	0.4	0.121		18512	8	12	3	5	20	0	0	0	0	brain	-2.816	3.395	0.29	2e-04	2e-04								2.85	5	0.972	1.11	-1.339	-0.138	0.212	0.044	M0,M1,M0perm,M3,M4,M5,M4perm,M5perm,M0permw	8643	8701	0.947	0.9	0.998	0	0	0	8643	8212	0.877	0.98	0.991	0	0	0	8643	8803	0.947	0.93	0.998	0	0	0	8643	9327	0.873	0.77	0.992	0	0	0	8701	9327	0.892	0.82	0.994	0	0	0	8643	5363	0.59	0.83	0.95	2	0	0	8701	5363	0.588	0.88	0.951	1	0	0	8643	1160	0.124	0.81	0.603	1319	0	0	8701	1160	0.124	0.88	0.608	1315	0	0	8643	8115	0.863	0.85	0.988	0	0	0	8701	8115	0.873	0.88	0.991	0	0	0	8643	8533	0.933	0.87	0.998	0	0	0	8701	8533	0.958	0.91	1	0	0	0																																																																																	genotype_comparison	in_vivo_tissue	unknown	""	high	brain_cns		TRUE	FALSE	balanced		balanced
SRP050899	reproductive | genotype_comparison | conf=high |  | n=8	genotype/variation	tissue:reproductive	8	8	8	8	4	4	0	0		19377.5	0	8	0	0	8	0	0	0	0	generic	-0.458	1.366	-0.74	0	0								4.98	0		1.166	0.893	0.791	-0.691	-0.135	M0																																																																																																																																																																																									genotype_comparison	ex_vivo_primary_cells	male_only	""	high	reproductive		TRUE	TRUE	single_sex		single_sex
SRP051497	blood_immune | genotype_comparison | conf=high |  | n=8	genotype	tissue:blood_immune	8	8	8	8	4	4	0.25	0		15852.5	2	6	1	1	8	0	0	0	8	blood	-0.051	-0.71	-0.805	0	0	center	0			0		0	3.57	0		-2.732	0.947	-0.689	0.996	-0.048	M0,M1,M0perm,M4,M5,M4perm,M5perm,M0permw	3800	6934	0.548	0.54	0.981	0	0	0	3800	3306	0.838	0.79	0.998	0	0	0	3800	3306	0.838	0.79	0.998	0	0	0																	3800	1434	0.101	0.13	0.401	574	0	0	6934	1434	0.096	0.18	0.385	1673	0	0	3800	6104	0.595	0.44	0.953	0	0	0	6934	6104	0.73	0.71	0.974	2	0	0	3800	2358	0.351	0.26	0.835	10	0	0	6934	2358	0.291	0.3	0.859	82	0	0	3800	5985	0.619	0.46	0.972	0	0	0	6934	5985	0.783	0.76	0.983	0	0	0																																																																																	genotype_comparison	ex_vivo_primary_cells	unknown	""	high	blood_immune		TRUE	FALSE	balanced		balanced
SRP051500	adipose | genotype_comparison | conf=medium |  | n=49	strain	ex:molecule subtype=pre-mrna;ex:strain=f1;in:tissue=epididymal white adipose tissue;tissue:adipose	49	49	35	35	17	18	0	0		16608	0	35	0	0	35	0	0	0	35	adipose	0.66	0.146	0.243	0.0027	0.0026								18.62	0		-0.044	1.365	-0.853	1.028	-0.892	M0																																																																																																																																																																																									genotype_comparison	in_vivo_tissue	male_only	""	medium	adipose		TRUE	TRUE	single_sex		single_sex
SRP052583	brain_cns | genotype_comparison | conf=high |  | n=8	genotype/variation	tissue:brain_cns	8	8	8	8	4	4	0.5	0.5		14915	4	4	1	3	8	0	0	0	8	brain	1.808	0.013	0.114	0.0012	0.0011								1.18	0		0.245	0.823	-0.668	1.006	0.362	M0,M1,M0perm,M4,M5,M4perm,M5perm,M0permw	28	17	0.5	0.54	0.872	0	0	0	28	14	0.448	0.54	0.912	0	0	0	28	16	0.517	0.61	0.888	0	0	0																	28	0	0	0.2	0.802	0	0	0	17	0	0	0.18	0.843	0	0	0	28	0	0	0.25	0.663	0	0	0	17	0	0	0.38	0.732	0	0	0	28	0	0	0.27	0.828	0	0	0	17	0	0	0.38	0.903	0	0	0	28	0	0	0.32	0.849	0	0	0	17	0	0	0.49	0.974	0	0	0																																																																																	genotype_comparison	in_vivo_tissue	unknown	""	high	brain_cns		TRUE	FALSE	partially_confounded		partially_confounded
SRP052794	blood_immune | genotype_comparison | conf=medium | tumor_tissue | n=18	strain	ex:strain=activated b-cell control;ex:strain=gcb control;ex:strain=resting b-cell (ex-vivo);subj:id in analysis;tissue:blood_immune	18	18	12	12	7	5	0.75	0.257		14263.5	9	3	6	3	0	0	0	0	12	blood	0.786	-0.324	0.709	4e-04	4e-04								7.26	3	0.205	1.015	0.169	-1.696	1.883	0.288	M0,M1,M0perm,M3,M4,M5,M4perm,M5perm,M0permw	1	0	0	0.62	0.964	0	0	0	1	1	1	0.68	0.942	0	0	0	1	0	0	0.63	0.945	0	0	0	1	3	0.333	0.26	0.898	0	0	0	0	3	0	0.19	0.809	0	0	0	1	0	0	0.14	0.593	0	0	0	0	0		0.14	0.589	0	0	0	1	0	0	0.28	0.743	0	0	0	0	0		0.3	0.795	0	0	0	1	0	0	0.33	0.826	0	0	0	0	0		0.39	0.862	0	0	0	1	0	0	0.49	0.947	0	0	0	0	0		0.66	0.982	0	0	0																																																																																	genotype_comparison	in_vivo_tissue	both_sexes	tumor_tissue	medium	blood_immune		TRUE	FALSE	mildly_imbalanced		mildly_imbalanced
SRP052872	blood_immune | genotype_comparison | conf=high |  | n=8	genotype/variation	tissue:blood_immune	8	8	8	8	4	4	0	0		12064.5	0	8	0	0	8	0	0	0	8	blood	-1.568	2.091	-0.879	0.8028	0.1652								2.08	0		2.982	0.446	0.625	-0.786	1.939	M0																																																																																																																																																																																									genotype_comparison	in_vivo_tissue	unknown	""	high	blood_immune		TRUE	TRUE	single_sex		single_sex
SRP052881	other | genotype_comparison | conf=high |  | n=8	genotype/variation	tissue:other	8	8	8	8	4	4	0	0		17683	0	8	0	0	8	0	0	0	8	generic	-0.861	-1.17	3.021	0.0232	0.0171								4.78	0		1.39	-1.236	-1.616	1.552	-0.343	M0																																																																																																																																																																																									genotype_comparison	in_vivo_tissue	male_only	""	high	other		TRUE	TRUE	single_sex		single_sex
SRP052884	adipose | genotype_comparison | conf=high |  | n=8	genotype/variation	tissue:adipose	8	8	8	8	4	4	0	0	0	16409	0	8	0	0	8	0	0	0	0	adipose	-0.177	-1.166	-0.844	1e-04	1e-04								17.04	0		0.807	-0.198	-0.293	0.821	-0.284	M0																																																																																																																																																																																									genotype_comparison	in_vivo_tissue	unknown	""	high	adipose		TRUE	TRUE	single_sex	balanced	single_sex
SRP053177	other | genotype_comparison | conf=high |  | n=108	genotype	in:cell type=mtec;tissue:other	108	18	12	12	6	6	1	0		18597.5	12	0	6	6	12	0	0	0	0	generic	-0.514	-1.226	0.496	8e-04	8e-04								7.62	0		0.218	0.264	0.399	-0.259	-0.557	M0																																																																																																																																																																																									genotype_comparison	ex_vivo_primary_cells	unknown	""	high	other		TRUE	TRUE	single_sex		single_sex
SRP053223	other | genotype_comparison | conf=high |  | n=10	genotype	tissue:other	10	10	10	10	5	5	0.6	0		15233.5	6	4	3	3	0	3	2	0	10	generic	0.431	-1.791	-0.87	1e-04	1e-04								0.71	3	0.335	-0.675	0.39	0.193	0.25	-1.172	M0,M1,M0perm,M3,M4,M5,M4perm,M5perm,M0permw	2255	1397	0.574	0.75	0.993	0	0	0	2255	274	0.113	0.66	0.965	0	0	0	2255	1697	0.696	0.82	0.995	0	0	0	2255	1	0	0.56	0.976	0	0	0	1397	1	0.001	0.55	0.975	0	0	0	2255	1	0	0.37	0.901	0	0	0	1397	1	0.001	0.39	0.904	0	0	0	2255	1	0	0.32	0.834	0	0	0	1397	1	0.001	0.47	0.837	0	0	0	2255	1	0	0.53	0.964	0	0	0	1397	1	0.001	0.6	0.971	0	0	0	2255	3849	0.44	0.23	0.961	0	0	0	1397	3849	0.327	0.27	0.963	0	0	0																																																																																	genotype_comparison	ex_vivo_primary_cells	both_sexes	""	high	other		TRUE	FALSE	balanced		balanced
SRP053235	other | in_vivo_treatment_arms | conf=high | tumor_tissue | n=13	treatment	tissue:other	13	13	13	13	5	8	0.62	0.625		17253	8	5	5	3	13	0	0	0	13	generic	-0.787	-0.789	1.436	4e-04	4e-04								21.71	1	0.923	-0.497	1.387	1.439	-1.441	-0.575	M0,M1,M0perm,M3,M4,M5,M4perm,M5perm,M0permw	11153	2076	0.161	0.64	0.757	1113	0	0	11153	7980	0.713	0.94	0.999	0	0	0	11153	938	0.084	0.79	0.945	0	0	0	11153	10003	0.741	0.69	0.959	0	0	3	2076	10003	0.196	0.73	0.816	35	0	3	11153	998	0.069	0.5	0.554	1578	0	0	2076	998	0.335	0.54	0.834	0	0	0	11153	3083	0.233	0.63	0.781	869	0	0	2076	3083	0.659	0.69	0.99	0	0	0	11153	1073	0.086	0.65	0.707	1453	0	0	2076	1073	0.476	0.78	0.967	0	0	0	11153	1206	0.094	0.58	0.783	613	0	0	2076	1206	0.487	0.72	0.96	0	0	0																																																																																	in_vivo_treatment_arms	in_vivo_tissue	unknown	tumor_tissue	high	other		TRUE	FALSE	partially_confounded		partially_confounded
SRP053389	brain_cns | genotype_comparison | conf=high |  | n=168	genotype	in:age=6 month;tissue:brain_cns	168	168	16	16	8	8	0.5	0		18221.5	8	8	4	4	0	0	0	0	0	brain	0.142	0.069	0.331	3e-04	2e-04	readlen	0.258					0.258	2.21	3	0.994	-3.624	0.233	-0.838	1.723	1.044	M0,M1,M0perm,M3,M4,M5,M6,M4perm,M5perm,M6perm,M0permw	9769	9794	0.975	0.97	1	0	0	1	9769	9600	0.975	0.98	1	0	0	0	9769	9768	0.978	0.9	1	0	0	0	9769	10397	0.886	0.89	0.993	0	0	0	9794	10397	0.892	0.88	0.993	0	1	0	9769	2097	0.202	0.56	0.741	857	0	0	9794	2097	0.202	0.56	0.742	858	1	0	9769	10002	0.937	0.88	0.998	0	0	1	9794	10002	0.946	0.88	0.998	0	1	1	9769	9665	0.892	0.89	0.993	0	0	0	9794	9665	0.895	0.91	0.994	0	1	0	9769	9085	0.883	0.85	0.995	0	0	0	9794	9085	0.887	0.87	0.995	0	1	0																																																	9769	9712	0.906	0.58	0.995	0	0	1	9794	9712	0.913	0.59	0.995	0	1	1	9769	9858	0.899	0.95	0.994	0	0	1	9794	9858	0.903	0.95	0.994	0	1	1	genotype_comparison	in_vivo_tissue	both_sexes	""	high	brain_cns		TRUE	FALSE	balanced		balanced
SRP053396	liver | genotype_comparison | conf=high |  | n=158	genotype	tissue:liver	158	158	47	47	24	23	0.51	0.022	0.052	14728	24	23	12	12	0	0	0	0	0	liver	0.153	0.212	0.291	0.1446	0.1445	readlen	0.206					0.206	2.21	5	0.984	-0.692	-0.057	-0.603	0.784	-0.28	M0,M1,M0perm,M2,M2perm,M3,M4,M5,M6,M7,M4perm,M5perm,M6perm,M7perm,M0permw	819	1612	0.508	0.74	0.992	0	0	0	819	819	0.925	0.97	1	0	0	0	819	754	0.886	0.97	1	0	0	0	819	3687	0.22	0.35	0.977	0	0	0	1612	3687	0.432	0.49	0.982	0	0	0	819	63	0.06	0.58	0.92	0	0	0	1612	63	0.039	0.69	0.928	0	0	0	819	1348	0.583	0.67	0.978	0	0	0	1612	1348	0.749	0.84	0.984	0	0	0	819	1573	0.521	0.72	0.991	0	0	0	1612	1573	0.879	0.89	0.999	0	0	0	819	1284	0.609	0.71	0.987	0	0	0	1612	1284	0.76	0.86	0.994	0	0	0	819	1470	0.531	0.61	0.974	0	0	0	1612	1470	0.721	0.77	0.98	0	0	0	819	1965	0.417	0.67	0.987	0	0	1	1612	1965	0.77	0.85	0.995	0	0	1	819	1966	0.417	0.67	0.991	0	0	1	819	1808	0.453	0.72	0.991	0	0	0	819	1036	0.613	0.67	0.979	0	0	0	1612	1036	0.6	0.88	0.988	0	0	0	819	1917	0.426	0.62	0.983	0	0	1	1612	1917	0.755	0.79	0.992	0	0	1	genotype_comparison	in_vivo_tissue	both_sexes	""	high	liver		TRUE	FALSE	balanced	balanced	balanced
SRP053398	brain_cns | genotype_comparison | conf=high |  | n=208	genotype	in:age=6 month;tissue:brain_cns	208	208	56	56	8	48	0.5	0		17992	28	28	4	24	0	0	0	0	0	brain	1.36	-0.472	-0.561	4e-04	3e-04	readlen	0.055					0.055	2.31	5	0.99	-0.35	-0.192	-1.807	1.812	1.529	M0,M1,M0perm,M3,M4,M5,M6,M4perm,M5perm,M6perm,M0permw	9029	9194	0.979	0.88	1	0	0	1	9029	9044	0.991	0.98	1	0	0	0	9029	9032	0.992	0.96	1	0	0	0	9029	10104	0.855	0.75	0.988	0	0	0	9194	10104	0.861	0.74	0.989	0	1	0	9029	9177	0.925	0.84	0.996	0	0	1	9194	9177	0.928	0.95	0.996	0	1	1	9029	8489	0.762	0.82	0.953	5	0	1	9194	8489	0.76	0.83	0.954	6	1	1	9029	9120	0.971	0.87	0.999	0	0	1	9194	9120	0.978	0.97	1	0	1	1	9029	9109	0.957	0.88	0.999	0	0	1	9194	9109	0.963	0.96	0.999	0	1	1																																																	9029	9212	0.968	0.88	0.999	0	0	1	9194	9212	0.977	0.99	0.999	0	1	1	9029	9169	0.97	0.87	0.999	0	0	1	9194	9169	0.98	0.98	1	0	1	1	genotype_comparison	in_vivo_tissue	both_sexes	""	high	brain_cns		TRUE	FALSE	balanced		balanced
SRP053401	brain_cns | genotype_comparison | conf=high |  | n=173	genotype	in:tissue=brain - hippocampus;tissue:brain_cns	173	173	16	16	8	8	0.5	0		17921	8	8	4	4	0	0	0	0	0	brain	-1.06	0.619	0.526	3e-04	2e-04								5.39	2	0.672	0.701	-1.045	-0.961	0.999	-0.256	M0,M1,M0perm,M3,M4,M5,M4perm,M5perm,M0permw	685	794	0.842	0.91	0.998	0	0	0	685	765	0.849	0.91	0.999	0	0	0	685	579	0.832	0.97	1	0	0	0	685	2101	0.326	0.58	0.82	0	0	0	794	2101	0.377	0.59	0.82	0	0	0	685	206	0.227	0.55	0.706	0	0	0	794	206	0.205	0.54	0.705	0	0	0	685	7789	0.088	0.51	0.912	0	0	1	794	7789	0.101	0.53	0.916	0	0	1	685	1322	0.507	0.77	0.987	0	0	0	794	1322	0.589	0.84	0.99	0	0	0	685	678	0.621	0.76	0.977	0	0	0	794	678	0.645	0.8	0.98	0	0	0																																																																																	genotype_comparison	in_vivo_tissue	both_sexes	""	high	brain_cns		TRUE	FALSE	balanced		balanced
SRP054977	liver | in_vivo_treatment_arms | conf=low |  | n=26	diet	in:molecule type=total rna;ex:diet=mixed;ex:strain=mixed;tissue:liver	26	26	12	12	4	8	0	0		15174	0	12	0	0	12	0	0	0	12	liver	-1.219	0.24	-0.046	9e-04	7e-04								1.36	0		-1.389	0.293	1.785	0.225	0.116	M0																																																																																																																																																																																									in_vivo_treatment_arms	in_vivo_tissue	unknown	""	low	liver		TRUE	TRUE	single_sex		single_sex
SRP055013	brain_cns | between_subject_case_control | conf=medium | tumor_tissue | n=12	tissue	in:cell population=cd11b+ cd45lo;tissue:brain_cns	12	12	8	8	4	4	1	0		14338.5	8	0	4	4	0	2	3	0	0	brain	-0.63	-0.119	0.906	1e-04	1e-04								4.4	0		2.018	-2.04	-0.956	1.221	-3.919	M0																																																																																																																																																																																									between_subject_case_control	ex_vivo_primary_cells	female_only	tumor_tissue	medium	brain_cns		TRUE	TRUE	single_sex		single_sex
SRP055058	brain_cns | between_subject_case_control | conf=high |  | n=48	behavioral phenotype	tissue:brain_cns	48	48	48	48	24	24	0.5	0		17001.5	24	24	12	12	0	0	1	0	48	brain	0.451	-0.228	0.141	3e-04	3e-04								4.1	5	0.799	-0.056	-0.12	-0.38	0.445	-0.464	M0,M1,M0perm,M3,M4,M5,M4perm,M5perm,M0permw	95	94	0.929	0.95	0.999	0	0	0	95	95	0.939	0.96	1	0	0	0	95	95	0.919	0.97	1	0	0	0	95	325	0.265	0.59	0.854	0	0	0	94	325	0.262	0.6	0.855	0	0	0	95	180	0.503	0.81	0.982	0	0	0	94	180	0.497	0.81	0.982	0	0	0	95	102	0.504	0.68	0.884	0	0	0	94	102	0.496	0.68	0.885	0	0	0	95	81	0.778	0.89	0.992	0	0	0	94	81	0.75	0.89	0.993	0	0	0	95	76	0.66	0.82	0.984	0	0	0	94	76	0.683	0.83	0.985	0	0	0																																																																																	between_subject_case_control	in_vivo_tissue	both_sexes	""	high	brain_cns		TRUE	FALSE	balanced		balanced
SRP055064	blood_immune | genotype_comparison | conf=medium |  | n=8	genotype/variation	tissue:blood_immune	8	8	8	8	4	4	1	0		15985	8	0	4	4	8	0	0	0	8	blood	0.483	0.206	1.364	0.001	9e-04								4.98	0		-1.523	0.037	1.336	-1.353	0.17	M0																																																																																																																																																																																									genotype_comparison	ex_vivo_primary_cells	unknown	""	medium	blood_immune		TRUE	TRUE	single_sex		single_sex
SRP055082	brain_cns | genotype_comparison | conf=high |  | n=8	genotype	tissue:brain_cns	8	8	8	8	4	4	0.38	0.25		18776	3	5	1	2	8	0	0	0	8	brain	-0.778	-1.043	-1.425	2e-04	1e-04								3.27	0		-1.105	-0.796	-1.248	1.196	-0.53	M0,M1,M0perm,M4,M5,M4perm,M5perm,M0permw	5511	4503	0.779	0.88	0.993	0	0	2	5511	4214	0.754	0.91	0.994	0	0	0	5511	4400	0.771	0.91	0.994	0	0	0																	5511	3823	0.517	0.65	0.882	0	0	1	4503	3823	0.599	0.69	0.903	0	2	1	5511	7042	0.558	0.52	0.926	0	0	0	4503	7042	0.52	0.55	0.93	0	2	0	5511	2387	0.419	0.78	0.963	0	0	1	4503	2387	0.513	0.83	0.977	0	2	1	5511	3144	0.557	0.78	0.99	0	0	0	4503	3144	0.678	0.77	0.995	0	2	0																																																																																	genotype_comparison	in_vivo_tissue	unknown	""	high	brain_cns		TRUE	FALSE	mildly_imbalanced		mildly_imbalanced
SRP055521	liver | genotype_comparison | conf=medium |  | n=20	genotype	tissue:liver	20	20	20	20	10	10	0.35	0.1		14827	7	13	4	3	0	6	0	0	20	liver	0.575	0.961	-0.302	5e-04	3e-04								15.58	5	0.096	0.409	0.81	0.196	-0.13	0.21	M0,M1,M0perm,M3,M4,M5,M4perm,M5perm,M0permw	764	675	0.859	0.96	0.998	0	0	0	764	745	0.863	0.93	0.994	0	0	0	764	669	0.847	0.94	0.996	0	0	0	764	4019	0.19	0.64	0.968	0	0	0	675	4019	0.168	0.64	0.972	0	0	0	764	1097	0.479	0.76	0.86	0	0	0	675	1097	0.474	0.76	0.866	0	0	0	764	882	0.325	0.77	0.755	0	0	0	675	882	0.334	0.78	0.759	0	0	0	764	241	0.284	0.87	0.931	0	0	0	675	241	0.322	0.87	0.932	0	0	0	764	788	0.702	0.86	0.958	0	0	0	675	788	0.707	0.86	0.962	0	0	0																																																																																	genotype_comparison	in_vivo_tissue	both_sexes	""	medium	liver		TRUE	FALSE	balanced		balanced
SRP055571	brain_cns | genotype_comparison | conf=high |  | n=32	strain	subj:source_name;tissue:brain_cns	32	32	32	15	7	8	0.47	0.071		18293	7	8	3	4	15	0	0	1	0	brain	-1.662	0.594	0.654	3e-04	2e-04								5.33	3	0.563	0.723	-0.543	-0.223	0.174	-0.384	M0,M1,M0perm,M3,M4,M5,M4perm,M5perm,M0permw	2	1	0.5	0.88	0.997	0	0	0	2	2	1	0.78	0.997	0	0	0	2	0	0	0.86	0.998	0	0	0	2	1	0	0.28	0.571	0	0	0	1	1	0	0.3	0.578	0	0	0	2	1	0	0.21	0.587	0	0	0	1	1	0	0.24	0.586	0	0	0	2	0	0	0.14	0.716	0	0	0	1	0	0	0.18	0.704	0	0	0	2	0	0	0.49	0.953	0	0	0	1	0	0	0.49	0.959	0	0	0	2	0	0	0.69	0.979	0	0	0	1	0	0	0.73	0.985	0	0	0																																																																																	genotype_comparison	in_vivo_tissue	unknown	""	high	brain_cns		TRUE	FALSE	balanced		balanced
SRP055722	liver | genotype_comparison | conf=high |  | n=14	genotype	tissue:liver	14	14	14	14	7	7	0	0		14468.5	0	14	0	0	14	0	0	0	14	liver	-0.641	-0.807	-1.127	5e-04	5e-04								1.68	0		0.095	-1.25	-0.638	0.609	0.222	M0																																																																																																																																																																																									genotype_comparison	in_vivo_tissue	unknown	""	high	liver		TRUE	TRUE	single_sex		single_sex
SRP055864	muscle | genotype_comparison | conf=high |  | n=12	genotype	tissue:muscle	12	12	12	12	6	6	0	0		15051.5	0	12	0	0	12	0	0	0	0	muscle	-0.197	-0.17	0.817	0.0017	0.0013								0.97	0		0.608	-0.549	0.035	-0.743	-0.132	M0																																																																																																																																																																																									genotype_comparison	in_vivo_tissue	unknown	""	high	muscle		TRUE	TRUE	single_sex		single_sex
SRP055928	heart | in_vivo_treatment_arms | conf=high |  | n=64	environmental stress	tissue:heart	64	64	64	64	32	32	0	0		14867.5	0	64	0	0	0	0	0	0	64	heart	0.557	2.576	0.524	0.003	0.0025								1.34	0		-1.664	0.702	-0.01	-0.159	-0.134	M0																																																																																																																																																																																									in_vivo_treatment_arms	in_vivo_tissue	male_only	""	high	heart		TRUE	TRUE	single_sex		single_sex
SRP056013	adipose | genotype_comparison | conf=high |  | n=11	genotype/variation	tissue:adipose	11	11	11	11	5	6	0	0		16732	0	11	0	0	0	0	0	0	11	adipose	0.479	-1.014	0.732	0.0139	0.0131								6.66	0		1.329	-1.003	-0.325	0.272	-0.092	M0																																																																																																																																																																																									genotype_comparison	in_vivo_tissue	male_only	""	high	adipose		TRUE	TRUE	single_sex		single_sex
SRP056447	gut | in_vivo_treatment_arms | conf=medium | tumor_tissue | n=20	tissue	tissue:gut	20	20	20	18	14	4	0.61	0.143		17676	11	7	9	2	18	0	0	2	18	gut	0.592	-0.615	1.601	7e-04	7e-04								4.18	3	0.708	-4.461	1.354	0.481	-0.234	-0.378	M0,M1,M0perm,M3,M4,M5,M4perm,M5perm,M0permw	8178	8148	0.935	0.94	0.997	0	0	0	8178	7231	0.821	0.89	0.987	0	0	0	8178	7943	0.951	0.92	0.999	0	0	0	8178	11552	0.696	0.45	0.976	0	0	0	8148	11552	0.7	0.46	0.981	0	0	0	8178	687	0.078	0.47	0.567	1178	0	0	8148	687	0.079	0.46	0.56	1172	0	0	8178	10172	0.716	0.69	0.964	0	0	1	8148	10172	0.725	0.7	0.966	0	0	1	8178	7199	0.806	0.8	0.984	0	0	0	8148	7199	0.827	0.83	0.988	0	0	0	8178	7321	0.826	0.87	0.989	0	0	0	8148	7321	0.84	0.88	0.99	0	0	0																																																																																	in_vivo_treatment_arms	in_vivo_tissue	unknown	tumor_tissue	medium	gut		TRUE	FALSE	balanced		balanced
SRP056865	brain_cns | genotype_comparison | conf=medium |  | n=48	strain	tissue:brain_cns	48	48	48	48	24	24	0.42	0	0	16544.5	20	28	10	10	0	5	4	0	0	brain	0.155	0.231	0.197	0.0023	0.0023	readlen	0					0	6.67	5	0.163	0.083	0.393	0.161	-0.137	0.853	M0,M1,M0perm,M2,M2perm,M3,M4,M5,M6,M4perm,M5perm,M6perm,M0permw	110	72	0.64	0.9	0.994	0	0	0	110	71	0.602	0.92	0.989	0	0	0	110	109	0.938	0.97	1	0	0	0	110	1064	0.1	0.26	0.767	0	0	0	72	1064	0.067	0.29	0.753	0	0	0	110	34	0.263	0.59	0.931	0	0	0	72	34	0.413	0.65	0.922	0	0	0	110	26	0.214	0.58	0.936	0	0	0	72	26	0.324	0.63	0.94	0	0	0	110	33	0.3	0.84	0.941	0	0	0	72	33	0.458	0.87	0.955	0	0	0	110	35	0.318	0.82	0.948	0	0	0	72	35	0.486	0.9	0.963	0	0	0																																	110	171	0.357	0.52	0.925	0	0	0	110	60	0.532	0.8	0.992	0	0	0	110	54	0.451	0.76	0.977	0	0	0	72	54	0.636	0.84	0.988	0	0	0	110	44	0.4	0.82	0.985	0	0	0	72	44	0.611	0.89	0.995	0	0	0	genotype_comparison	in_vivo_tissue	both_sexes	""	medium	brain_cns		TRUE	FALSE	balanced	balanced	balanced
SRP056926	gut | genotype_comparison | conf=high |  | n=22	genotype/variation	tissue:gut	22	12	12	12	6	6	1	0		17461	12	0	6	6	12	0	0	0	0	gut	0.355	0.201	-0.21	5e-04	5e-04								4.25	0		-0.842	0.915	-0.255	0.48	0.616	M0																																																																																																																																																																																									genotype_comparison	in_vivo_tissue	female_only	""	high	gut		TRUE	TRUE	single_sex		single_sex
SRP056980	tumor | genotype_comparison | conf=high | tumor_tissue | n=8	genotype	tissue:tumor	8	8	8	8	4	4	0.25	0		18650.5	2	6	1	1	8	0	0	0	8	generic	-1.526	-3.006	-0.895	1e-04	1e-04								11.01	0		0.808	-1.318	-1.729	0.744	0.49	M0,M1,M0perm,M4,M5,M4perm,M5perm,M0permw	7	0	0	0.77	0.998	0	0	0	7	0	0	0.8	0.998	0	0	0	7	0	0	0.8	0.998	0	0	0																	7	0	0	0.35	0.819	0	0	0	0	0		0.4	0.82	0	0	0	7	0	0	0.09	0.493	0	0	0	0	0		0.11	0.493	0	0	0	7	0	0	0.28	0.898	0	0	0	0	0		0.33	0.9	0	0	0	7	0	0	0.22	0.883	0	0	0	0	0		0.3	0.885	0	0	0																																																																																	genotype_comparison	in_vivo_tissue	unknown	tumor_tissue	high	tumor		TRUE	FALSE	balanced		balanced
SRP057060	brain_cns | in_vivo_treatment_arms | conf=high |  | n=28	treatment	tissue:brain_cns	28	28	28	28	16	12	0	0		17242	0	28	0	0	28	0	0	0	28	brain	0.209	-0.145	-0.138	2e-04	2e-04								2.88	0		-0.329	-0.267	-0.03	-0.118	0.292	M0																																																																																																																																																																																									in_vivo_treatment_arms	in_vivo_tissue	male_only	""	high	brain_cns		TRUE	TRUE	single_sex		single_sex
SRP057171	heart | genotype_comparison | conf=medium | pooled_samples | n=82	genotype/variation	in:age=e9.5;tissue:heart	82	43	13	13	4	9	1	0		16976	13	0	4	9	13	0	0	0	13	heart	-0.492	1.01	1.491	0.005	0.0042								3.52	0		0.154	0.513	0.986	-0.642	-0.194	M0																																																																																																																																																																																									genotype_comparison	in_vivo_tissue	unknown	pooled_samples	medium	heart		TRUE	TRUE	single_sex		single_sex
SRP057202	brain_cns | in_vivo_treatment_arms | conf=high |  | n=25	protocol	tissue:brain_cns	25	23	23	22	11	11	0	0		16463	0	22	0	0	22	0	0	1	0	brain	-0.136	0.213	0.449	3e-04	3e-04								10.3	0		-0.215	0.289	-0.266	-0.044	-0.348	M0																																																																																																																																																																																									in_vivo_treatment_arms	in_vivo_tissue	unknown	""	high	brain_cns		TRUE	TRUE	single_sex		single_sex
SRP057486	brain_cns | in_vivo_treatment_arms | conf=high |  | n=72	treatment	in:tissue=brain-acc;subj:animal;tissue:brain_cns	72	72	12	12	6	6	0	0		17195	0	12	0	0	0	0	0	0	0	brain	-0.23	-0.481	-0.255	0.0033	0.0031								5.36	0		0.104	0.046	0.35	-0.17	0.337	M0																																																																																																																																																																																									in_vivo_treatment_arms	in_vivo_tissue	male_only	""	high	brain_cns		TRUE	TRUE	single_sex		single_sex
SRP057556	gut | genotype_comparison | conf=medium |  | n=24	genotype	in:tissue=colon;in:treatment=none;tissue:gut	24	24	8	8	4	4	1	0		17172.5	8	0	4	4	8	0	0	0	8	gut	0.022	-0.21	0.079	1e-04	1e-04								2.22	0		-0.21	-0.357	-0.719	0.424	-0.261	M0																																																																																																																																																																																									genotype_comparison	in_vivo_tissue	unknown	""	medium	gut		TRUE	TRUE	single_sex		single_sex
SRP057563	other | genotype_comparison | conf=high |  | n=31	genotype	in:cell type=spleen;tissue:other	31	31	19	12	4	8	0.17	0.25		14798	2	10	0	2	12	0	0	7	0	generic	0.937	-0.171	0.469	0.053	0.0435								4.67	2	0.102	-1.031	-0.995	-3.357	3.179	1.447	M0,M1,M0perm,M3,M4,M5,M7,M4perm,M5perm,M7perm,M0permw	0	0		0.55	0.951	0	0	0	0	0		0.77	0.979	0	0	0	0	0		0.56	0.965	0	0	0	0	1	0	0.34	0.822	0	0	0	0	1	0	0.28	0.676	0	0	0	0	6	0	0.2	0.781	0	0	0	0	6	0	0.26	0.799	0	0	0	0	1	0	0.16	0.815	0	0	0	0	1	0	0.27	0.81	0	0	0	0	0		0.27	0.82	0	0	0	0	0		0.38	0.84	0	0	0	0	0		0.41	0.899	0	0	0	0	0		0.54	0.958	0	0	0	0	3	0	0.49	0.933	0	0	0	0	3	0	0.69	0.98	0	0	0	0	0		0.4	0.925	0	0	0	0	0		0.55	0.975	0	0	0																																																	genotype_comparison	in_vivo_tissue	unknown	""	high	other		TRUE	FALSE	mildly_imbalanced		mildly_imbalanced
SRP057574	brain_cns | in_vivo_treatment_arms | conf=medium |  | n=21	condition	in:neuron type=agrp;tissue:brain_cns	21	21	11	11	6	5	0	0	0.09	15664	0	11	0	0	0	0	0	0	0	brain	-1.553	-0.475	0.16	0	0								20.92	0		0.484	-1.005	-0.687	0.623	0.28	M0																																																																																																																																																																																									in_vivo_treatment_arms	ex_vivo_primary_cells	male_only	""	medium	brain_cns		TRUE	TRUE	single_sex	balanced	single_sex
SRP057615	other | in_vivo_treatment_arms | conf=high |  | n=20	infected with	in:genotype/variation=wild type;tissue:other	20	20	10	9	5	4	0.44	1		15455	4	5	0	4	9	0	0	1	9	generic	2.8	-0.583	2.968	0.0034	0.0032								5.26	0		-1.053	-1.736	1.01	-0.978	-0.169	M0																																																																																																																																																																																									in_vivo_treatment_arms	in_vivo_tissue	unknown	""	high	other		TRUE	FALSE	completely_confounded		completely_confounded
SRP057718	reproductive | genotype_comparison | conf=high |  | n=12	treatment	tissue:reproductive	12	12	8	8	4	4	1	0		13653.5	8	0	4	4	8	0	0	0	8	generic	0.578	-0.204	-0.818	2e-04	1e-04								3.96	0		0.144	-0.334	-0.364	0.329	-0.986	M0																																																																																																																																																																																									genotype_comparison	in_vivo_tissue	female_only	""	high	reproductive		TRUE	TRUE	single_sex		single_sex
SRP057815	gut | genotype_comparison | conf=medium |  | n=12	genotype	tissue:gut	12	12	12	12	6	6	0.83	0.333		16224.5	10	2	6	4	12	0	0	0	12	gut	0.051	-0.84	0.789	8e-04	8e-04								4.48	3	0.465	-0.009	0.434	0.216	-0.222	-0.676	M0,M1,M0perm,M3,M4,M5,M4perm,M5perm,M0permw	0	0		0.42	0.498	0	0	0	0	0		0.3	0.926	0	0	0	0	0		0.54	0.923	0	0	0	0	0		0.26	0.465	0	0	0	0	0		0.4	0.937	0	0	0	0	0		0.21	0.519	0	0	0	0	0		0.34	0.846	0	0	0	0	0		0.26	0.585	0	0	0	0	0		0.38	0.815	0	0	0	0	0		0.41	0.536	0	0	0	0	0		0.5	0.844	0	0	0	0	0		0.37	0.518	0	0	0	0	0		0.67	0.934	0	0	0																																																																																	genotype_comparison	in_vivo_tissue	unknown	""	medium	gut		TRUE	FALSE	partially_confounded		partially_confounded
SRP058071	brain_cns | genotype_comparison | conf=high |  | n=10	genotype/variation	tissue:brain_cns	10	10	10	10	5	5	0	0		19162.5	0	10	0	0	10	0	0	0	10	brain	0.071	0.075	1.263	5e-04	2e-04								1.42	0		1.529	-2	0.458	-0.691	0.356	M0																																																																																																																																																																																									genotype_comparison	in_vivo_tissue	unknown	""	high	brain_cns		TRUE	TRUE	single_sex		single_sex
SRP058258	liver | in_vivo_treatment_arms | conf=high |  | n=14	source_name	tissue:liver	14	14	9	9	4	5	0	0		14482	0	9	0	0	9	0	0	0	9	liver	-0.383	1.661	-0.423	0.0065	0.0062								1.26	0		-0.46	1.579	-0.35	0.196	1.068	M0																																																																																																																																																																																									in_vivo_treatment_arms	in_vivo_tissue	unknown	""	high	liver		TRUE	TRUE	single_sex		single_sex
SRP058363	muscle | genotype_comparison | conf=high |  | n=8	genotype	tissue:muscle	8	8	8	8	4	4	0.38	0.25		14480	3	5	1	2	0	2	2	0	8	muscle	0.36	-0.998	-0.979	4e-04	3e-04								0.45	0		0.67	-1.537	-1.326	0.237	-0.245	M0,M1,M0perm,M4,M5,M4perm,M5perm,M0permw	1189	8	0.007	0.79	0.978	0	0	0	1189	95	0.079	0.8	0.977	0	0	0	1189	1401	0.715	0.56	0.952	0	0	0																	1189	0	0	0.37	0.611	0	0	0	8	0	0	0.44	0.598	0	0	0	1189	0	0	0.34	0.896	0	0	0	8	0	0	0.45	0.895	0	0	0	1189	0	0	0.46	0.969	0	0	0	8	0	0	0.64	0.977	0	0	0	1189	0	0	0.18	0.471	3	0	0	8	0	0	0.26	0.411	0	0	0																																																																																	genotype_comparison	in_vivo_tissue	male_only	""	high	muscle		TRUE	FALSE	mildly_imbalanced		mildly_imbalanced
SRP058378	heart | genotype_comparison | conf=medium |  | n=63	genotype/variation	in:age=p21 (3 weeks);tissue:heart	63	63	15	10	5	5	0.9	0.2		16746	9	1	5	4	10	0	0	5	0	heart	-0.814	-0.578	-0.267	0.0118	0.0045								3.41	3	0.878	-0.611	0.675	-0.275	0.145	0.715	M0,M1,M0perm,M3,M4,M5,M7,M4perm,M5perm,M7perm,M0permw	37	22	0.553	0.86	0.943	0	0	0	37	64	0.53	0.69	0.962	0	0	0	37	64	0.53	0.69	0.962	0	0	0	37	43	0.481	0.47	0.604	0	0	0	22	43	0.512	0.53	0.669	0	0	0	37	25	0.476	0.74	0.848	0	0	0	22	25	0.679	0.8	0.89	0	0	0	37	12	0.289	0.43	0.776	0	0	0	22	12	0.417	0.46	0.781	0	0	0	37	31	0.545	0.66	0.843	0	0	0	22	31	0.71	0.73	0.889	0	0	0	37	10	0.27	0.69	0.736	0	0	0	22	10	0.455	0.73	0.802	0	0	0	37	27	0.6	0.8	0.94	0	0	0	22	27	0.815	0.9	0.995	0	0	0	37	20	0.541	0.83	0.927	0	0	0	22	20	0.826	0.9	0.989	0	0	0																																																	genotype_comparison	in_vivo_tissue	unknown	""	medium	heart		TRUE	FALSE	mildly_imbalanced		mildly_imbalanced
SRP058506	other | genotype_comparison | conf=high |  | n=12	genotype	tissue:other	12	12	12	11	6	5	0.36	0.067		16613	4	7	2	2	11	0	0	1	0	generic	-0.43	-1.202	0.37	0.0032	0.0024								2.08	3	0.588	0.514	1.129	-1.293	1.167	0.064	M0,M1,M0perm,M3,M4,M5,M4perm,M5perm,M0permw	0	0		0.73	0.995	0	0	0	0	0		0.45	0.822	0	0	0	0	0		0.89	0.998	0	0	0	0	0		0.37	0.535	0	0	0	0	0		0.45	0.556	0	0	0	0	0		0.28	0.834	0	0	0	0	0		0.37	0.829	0	0	0	0	0		0.15	0.518	0	0	0	0	0		0.13	0.541	0	0	0	0	6	0	0.25	0.906	0	0	0	0	6	0	0.21	0.909	0	0	0	0	0		0.22	0.711	0	0	0	0	0		0.22	0.729	0	0	0																																																																																	genotype_comparison	in_vivo_tissue	unknown	""	high	other		TRUE	FALSE	balanced		balanced
SRP058594	blood_immune | genotype_comparison | conf=medium |  | n=12	breed	tissue:blood_immune	12	12	12	12	5	7	1	0	0.053	12458.5	12	0	5	7	0	0	0	0	0	blood	-0.343	0.883	-0.536	0.0017	0.0016								9.36	0		-0.271	0.408	0.188	-0.405	-0.408	M0																																																																																																																																																																																									genotype_comparison	ex_vivo_primary_cells	female_only	""	medium	blood_immune		TRUE	TRUE	single_sex	balanced	single_sex
SRP058641	gut | in_vivo_treatment_arms | conf=high |  | n=24	treatment	tissue:gut	24	24	24	24	12	12	0	0		22122	0	24	0	0	0	0	0	0	0	gut	0.032	0.117	0.725	2e-04	1e-04								10.85	0		0.144	0.877	-0.149	-0.201	-0.149	M0																																																																																																																																																																																									in_vivo_treatment_arms	in_vivo_tissue	male_only	""	high	gut		TRUE	TRUE	single_sex		single_sex
SRP058715	other | genotype_comparison | conf=medium |  | n=28	genotype/variation	in:treatment=none;tissue:other	28	28	8	8	4	4	0.62	0.75		15159	5	3	1	4	8	0	0	0	8	generic	2.486	2.483	-1.158	8e-04	7e-04								9.84	0		0.054	0.606	0.785	-0.849	1.422	M0,M1,M0perm,M4,M5,M4perm,M5perm,M0permw	3605	253	0.046	0.17	0.888	10	0	0	3605	1	0	0.71	0.975	0	0	0	3605	0	0	0.53	0.903	0	0	0																	3605	186	0.032	0.14	0.86	9	0	0	253	186	0.43	0.53	0.952	0	0	0	3605	42	0.006	0.15	0.77	240	0	0	253	42	0.13	0.6	0.91	0	0	0	3605	330	0.04	0.11	0.86	9	0	4	253	330	0.325	0.47	0.949	0	0	4	3605	401	0.07	0.14	0.844	26	0	0	253	401	0.576	0.77	0.975	0	0	0																																																																																	genotype_comparison	ex_vivo_primary_cells	unknown	""	medium	other		TRUE	FALSE	partially_confounded		partially_confounded
SRP059196	liver | in_vivo_treatment_arms | conf=high |  | n=10	sample group	tissue:liver	10	10	10	10	5	5	1	0		13845.5	10	0	5	5	0	0	0	0	0	liver	0.462	-7.06	-3.126	0.0016	0.0012								2.59	0		-0.12	0.285	2.808	-3.158	-1.029	M0																																																																																																																																																																																									in_vivo_treatment_arms	in_vivo_tissue	male_only	""	high	liver		TRUE	TRUE	single_sex		single_sex
SRP059440	liver | genotype_comparison | conf=medium |  | n=8	genotype	tissue:liver	8	8	8	8	4	4	0	0		14255	0	8	0	0	0	0	0	0	0	liver	-2.354	2.441	-1.717	0.0018	0.0013	platform	0.378	0.378					4.68	0		-1.568	-6.862	1.398	-1.591	-0.164	M0																																																																																																																																																																																									genotype_comparison	in_vivo_tissue	male_only	""	medium	liver		TRUE	TRUE	single_sex		single_sex
SRP059676	blood_immune | between_subject_case_control | conf=medium |  | n=8	diagnosis	tissue:blood_immune	8	8	8	8	4	4	0.88	0.25		16536.5	7	1	4	3	8	0	0	0	8	blood	-0.151	-0.485	-0.811	0.0033	0.0033								12.85	0		-1.906	0.927	0.536	-0.587	-1.102	M0,M1,M0perm,M4,M5,M4perm,M5perm,M0permw	298	197	0.612	0.88	0.923	0	0	0	298	151	0.502	0.93	0.96	0	0	0	298	279	0.712	0.83	0.872	0	0	0																	298	2	0.007	0.49	0.314	0	0	0	197	2	0.01	0.48	0.275	0	0	0	298	0	0	0.78	0.886	0	0	0	197	0	0	0.79	0.919	0	0	0	298	3	0.01	0.59	0.502	0	0	0	197	3	0.015	0.6	0.325	0	0	0	298	71	0.214	0.67	0.771	0	0	0	197	71	0.307	0.73	0.871	0	0	0																																																																																	between_subject_case_control	ex_vivo_primary_cells	unknown	""	medium	blood_immune		TRUE	FALSE	mildly_imbalanced		mildly_imbalanced
SRP059792	blood_immune | genotype_comparison | conf=medium |  | n=27	genotype	ex:genotype=t-bet rv;ex:genotype=zeb2-ko t-bet rv;tissue:blood_immune	27	27	18	18	6	12	1	0		14281.5	18	0	6	12	0	6	0	0	0	blood	0.852	0.326	0.464	1e-04	1e-04								13.98	0		0.095	-0.336	-1.241	1.228	0.77	M0																																																																																																																																																																																									genotype_comparison	ex_vivo_primary_cells	female_only	""	medium	blood_immune		TRUE	TRUE	single_sex		single_sex
SRP059824	reproductive | genotype_comparison | conf=medium |  | n=12	genotype/variation	tissue:reproductive	12	12	8	8	4	4	1	0		15942	8	0	4	4	0	0	0	0	8	generic	-0.474	-4.435	-0.215	0	0								10.8	0		0.663	-0.38	-0.311	0.289	0.09	M0																																																																																																																																																																																									genotype_comparison	ex_vivo_primary_cells	female_only	""	medium	reproductive		TRUE	TRUE	single_sex		single_sex
SRP060228	adipose | in_vivo_treatment_arms | conf=high |  | n=10	treatment	tissue:adipose	10	10	10	10	5	5	0	0		15185	0	10	0	0	0	0	0	0	0	adipose	1.202	1.7	1.226	0.0026	0.0021								1	0		-2.41	3.957	0.816	-1.447	1.205	M0																																																																																																																																																																																									in_vivo_treatment_arms	in_vivo_tissue	male_only	""	high	adipose		TRUE	TRUE	single_sex		single_sex
SRP060238	heart | genotype_comparison | conf=high |  | n=8	genotype	tissue:heart	8	8	8	8	4	4	0	0		16909	0	8	0	0	0	0	0	0	0	heart	1.596	-0.261	-2.209	0.002	0.0011								0.56	0		-0.314	0.385	0.937	-1.187	0.335	M0																																																																																																																																																																																									genotype_comparison	in_vivo_tissue	male_only	""	high	heart		TRUE	TRUE	single_sex		single_sex
SRP060295	liver | genotype_comparison | conf=high |  | n=48	genotype/variation	tissue:liver	48	48	48	48	24	24	0	0		14522	0	48	0	0	0	16	17	0	0	liver	-0.328	0.268	0.325	0.0011	0.001								2.38	0		-0.578	0.189	-0.515	0.428	-0.27	M0																																																																																																																																																																																									genotype_comparison	in_vivo_tissue	male_only	""	high	liver		TRUE	TRUE	single_sex		single_sex
SRP060296	liver | genotype_comparison | conf=high |  | n=36	genotype/variation	tissue:liver	36	36	36	36	18	18	0.5	0	0.232	14129.5	18	18	9	9	0	1	0	0	0	liver	0.466	-0.352	-0.419	4e-04	3e-04								5.91	4	0.808	-1.009	0.404	0.003	-0.147	0.22	M0,M1,M0perm,M2,M2perm,M3,M4,M5,M4perm,M5perm,M0permw	3696	3982	0.926	0.85	0.999	0	0	0	3696	3628	0.932	0.98	0.996	0	0	0	3696	3654	0.974	0.95	1	0	0	0	3696	7456	0.495	0.63	0.964	0	0	1	3982	7456	0.532	0.61	0.964	0	0	1	3696	10308	0.299	0.48	0.688	2	0	0	3982	10308	0.314	0.48	0.689	2	0	0	3696	4231	0.72	0.74	0.945	0	0	0	3982	4231	0.736	0.81	0.946	0	0	0	3696	3876	0.92	0.83	0.999	0	0	0	3982	3876	0.96	0.96	1	0	0	0	3696	3828	0.895	0.82	0.997	0	0	0	3982	3828	0.925	0.94	0.998	0	0	0																																	3696	3912	0.902	0.84	0.996	0	0	0	3696	3868	0.789	0.86	0.969	0	0	0																																	genotype_comparison	in_vivo_tissue	both_sexes	""	high	liver		TRUE	FALSE	balanced	balanced	balanced
SRP060340	reproductive | between_subject_case_control | conf=medium | tumor_tissue | n=25	phenotype	tissue:reproductive	25	25	14	14	9	5	1	0		17161.5	14	0	9	5	14	0	0	0	14	generic	-3.731	-1.367	1.657	0.0044	0.0044								7.3	0		-0.133	-0.887	-0.669	-0.104	1.011	M0																																																																																																																																																																																									between_subject_case_control	in_vivo_tissue	female_only	tumor_tissue	medium	reproductive		TRUE	TRUE	single_sex		single_sex
SRP060438	brain_cns | genotype_comparison | conf=high |  | n=12	genotype	tissue:brain_cns	12	12	12	12	6	6	0	0		18452	0	12	0	0	0	0	0	0	12	brain	0.386	0.943	0.015	9e-04	5e-04								13.46	0		-0.22	-0.512	-0.448	0.475	-0.205	M0																																																																																																																																																																																									genotype_comparison	in_vivo_tissue	male_only	""	high	brain_cns		TRUE	TRUE	single_sex		single_sex
SRP060667	other | genotype_comparison | conf=high |  | n=24	genotype	tissue:other	24	24	16	16	8	8	0.56	0.125		17586	9	7	4	5	16	0	0	0	0	generic	0.408	0.182	0.59	5e-04	5e-04								4.61	2	0.489	-1.366	-0.04	-0.751	0.839	-0.069	M0,M1,M0perm,M3,M4,M5,M4perm,M5perm,M0permw	448	478	0.859	0.86	0.983	0	0	0	448	382	0.82	0.95	0.996	0	0	0	448	481	0.843	0.91	0.989	0	0	0	448	2125	0.211	0.51	0.913	0	0	0	478	2125	0.225	0.52	0.915	0	0	0	448	140	0.256	0.67	0.722	0	0	0	478	140	0.238	0.72	0.699	0	0	0	448	570	0.694	0.79	0.959	0	0	0	478	570	0.724	0.83	0.954	0	0	0	448	756	0.465	0.73	0.913	0	0	0	478	756	0.487	0.74	0.926	0	0	0	448	304	0.554	0.77	0.88	0	0	0	478	304	0.57	0.83	0.921	0	0	0																																																																																	genotype_comparison	ex_vivo_primary_cells	unknown	""	high	other		TRUE	FALSE	balanced		balanced
SRP061193	blood_immune | genotype_comparison | conf=medium |  | n=48	strain	in:cell type=brain microglia;tissue:blood_immune	48	48	24	24	12	12	0.33	0		13491.5	8	16	4	4	0	6	5	0	0	blood	0.418	-0.008	-0.259	0.0015	0.0014								5.84	4	0.475	-0.274	0.333	0.163	-0.058	1.083	M0,M1,M0perm,M3,M4,M5,M4perm,M5perm,M0permw	4191	3328	0.702	0.88	0.993	0	0	1	4191	3795	0.817	0.82	0.97	0	0	0	4191	4279	0.948	0.9	0.997	0	0	0	4191	5071	0.766	0.38	0.932	0	0	1	3328	5071	0.59	0.39	0.926	0	1	1	4191	2563	0.535	0.68	0.933	0	0	1	3328	2563	0.692	0.66	0.94	0	1	1	4191	3623	0.717	0.7	0.975	0	0	1	3328	3623	0.725	0.7	0.978	0	1	1	4191	662	0.149	0.74	0.914	4	0	1	3328	662	0.189	0.73	0.92	2	1	1	4191	3725	0.705	0.78	0.975	0	0	1	3328	3725	0.738	0.84	0.977	0	1	1																																																																																	genotype_comparison	ex_vivo_primary_cells	male_only	""	medium	blood_immune		TRUE	FALSE	balanced		balanced
SRP061355	brain_cns | in_vivo_treatment_arms | conf=high |  | n=16	injury condition	tissue:brain_cns	16	8	8	8	4	4	0	0		16012.5	0	8	0	0	0	3	1	0	0	brain	-0.601	-1.037	1.064	0.0088	0.0083								16.76	0		-0.806	1.049	-0.246	0.271	0.04	M0																																																																																																																																																																																									in_vivo_treatment_arms	ex_vivo_primary_cells	male_only	""	high	brain_cns		TRUE	TRUE	single_sex		single_sex
SRP061386	blood_immune | in_vivo_treatment_arms | conf=medium |  | n=24	treatment	in:cell type=b cells from spleen;tissue:blood_immune	24	24	12	12	6	6	0.58	0.167		16103.5	7	5	3	4	12	0	0	0	12	blood	0.069	-2.598	-0.668	0.0087	0.0087								13.82	2	0.74	0.77	-0.207	-2.529	2.467	-1.776	M0,M1,M0perm,M3,M4,M5,M4perm,M5perm,M0permw	10114	10521	0.922	0.85	0.995	0	0	0	10114	10695	0.782	0.76	0.97	0	0	0	10114	9677	0.945	0.91	0.999	0	0	0	10114	12725	0.791	0.37	0.983	0	0	0	10521	12725	0.824	0.36	0.982	0	0	0	10114	10400	0.793	0.66	0.974	0	0	0	10521	10400	0.76	0.72	0.964	0	0	0	10114	4062	0.391	0.76	0.952	17	0	0	10521	4062	0.377	0.81	0.946	23	0	0	10114	10071	0.9	0.79	0.995	0	0	0	10521	10071	0.933	0.87	0.999	0	0	0	10114	9771	0.882	0.76	0.993	0	0	0	10521	9771	0.907	0.86	0.997	0	0	0																																																																																	in_vivo_treatment_arms	ex_vivo_primary_cells	unknown	""	medium	blood_immune		TRUE	FALSE	mildly_imbalanced		mildly_imbalanced
SRP061407	other | genotype_comparison | conf=medium |  | n=12	genotype/variation	tissue:other	12	12	12	12	6	6	0.83	0.333		15989.5	10	2	6	4	12	0	0	0	12	generic	0.463	0.488	0.256	0.002	0.002								29.22	3	0.042	0.061	-0.71	0.194	-0.169	0.524	M0,M1,M0perm,M3,M4,M5,M4perm,M5perm,M0permw	11	8	0.727	0.71	0.903	0	0	0	11	11	1	0.9	0.984	0	0	0	11	8	0.727	0.75	0.945	0	0	0	11	258	0.043	0.35	0.78	0	0	0	8	258	0.031	0.32	0.577	0	0	0	11	0	0	0.27	0.564	0	0	0	8	0	0	0.27	0.555	0	0	0	11	0	0	0.55	0.789	0	0	0	8	0	0	0.54	0.67	0	0	0	11	0	0	0.66	0.87	0	0	0	8	0	0	0.78	0.976	0	0	0	11	0	0	0.56	0.803	0	0	0	8	0	0	0.64	0.945	0	0	0																																																																																	genotype_comparison	ex_vivo_primary_cells	unknown	""	medium	other		TRUE	FALSE	partially_confounded		partially_confounded
SRP061758	brain_cns | genotype_comparison | conf=high | tumor_tissue | n=10	genotype	tissue:brain_cns	10	10	10	9	5	4	0.67	0.6		18949	6	3	2	4	9	0	0	1	9	brain	0.578	0.819	0.115	2e-04	2e-04								3.56	0		-0.33	0.741	0.85	-0.817	0.205	M0,M1,M0perm,M4,M5,M4perm,M5perm,M0permw	645	125	0.188	0.78	0.91	0	0	0	645	196	0.257	0.79	0.926	0	0	0	645	192	0.286	0.79	0.913	0	0	0																	645	215	0.25	0.63	0.895	0	0	0	125	215	0.511	0.67	0.971	0	0	0	645	200	0.226	0.63	0.783	0	0	0	125	200	0.477	0.62	0.817	0	0	0	645	0	0	0	0.53	97	0	0	125	0	0	0	0.62	12	0	0	645	19	0.029	0.74	0.841	0	0	0	125	19	0.152	0.78	0.916	0	0	0																																																																																	genotype_comparison	in_vivo_tissue	unknown	tumor_tissue	high	brain_cns		TRUE	FALSE	partially_confounded		partially_confounded
SRP061785	brain_cns | genotype_comparison | conf=high |  | n=18	genotype/variation	tissue:brain_cns	18	18	18	15	9	6	0.4	0.444		14835.5	6	9	2	4	15	0	0	3	15	brain	0.372	1.707	0.084	4e-04	3e-04								4.14	3	0.499	1.081	-0.763	0.146	-0.228	-0.102	M0,M1,M0perm,M3,M4,M5,M4perm,M5perm,M0permw	38	621	0.061	0.17	0.943	0	0	4	38	187	0.203	0.66	0.98	0	0	0	38	18	0.474	0.74	0.951	0	0	0	38	1663	0.022	0.27	0.791	0	0	0	621	1663	0.081	0.14	0.733	48	4	0	38	191	0.162	0.2	0.828	0	0	4	621	191	0.297	0.88	0.916	0	4	4	38	13	0.214	0.31	0.904	0	0	0	621	13	0.021	0.37	0.922	0	4	0	38	81	0.178	0.28	0.795	0	0	4	621	81	0.129	0.76	0.867	0	4	4	38	3948	0.01	0.07	0.903	0	0	4	621	3948	0.155	0.47	0.959	0	4	4																																																																																	genotype_comparison	in_vivo_tissue	unknown	""	high	brain_cns		TRUE	FALSE	partially_confounded		partially_confounded
SRP061788	other | genotype_comparison | conf=low | tumor_tissue | n=18	genotype	tissue:other	18	18	18	18	6	12	1	0		15221.5	18	0	6	12	18	0	0	0	18	generic	0.829	-0.53	-0.643	0.0218	0.0218								1.69	0		-0.979	-5.821	0.556	-0.038	-1.219	M0																																																																																																																																																																																									genotype_comparison	in_vivo_tissue	unknown	tumor_tissue	low	other		TRUE	TRUE	single_sex		single_sex
SRP061800	other | genotype_comparison | conf=high |  | n=16	mouse group	tissue:other	16	16	8	8	4	4	0.5	0.5		17875.5	4	4	3	1	0	0	1	0	8	generic	2.135	-0.463	-0.76	0.005	0.0049								17.91	0		0.677	-0.795	-0.655	0.64	0.188	M0,M1,M0perm,M4,M5,M4perm,M5perm,M0permw	255	143	0.48	0.71	0.931	0	0	0	255	362	0.455	0.62	0.887	0	0	0	255	379	0.478	0.58	0.921	0	0	1																	255	122	0.337	0.61	0.79	0	0	0	143	122	0.55	0.71	0.869	0	0	0	255	21	0.049	0.23	0.613	0	0	0	143	21	0.086	0.36	0.664	0	0	0	255	1	0.004	0.06	0.226	15	0	0	143	1	0.007	0.05	0.302	5	0	0	255	22	0.086	0.61	0.821	0	0	0	143	22	0.154	0.71	0.864	0	0	0																																																																																	genotype_comparison	in_vivo_tissue	both_sexes	""	high	other		TRUE	FALSE	partially_confounded		partially_confounded
SRP061950	muscle | genotype_comparison | conf=high |  | n=12	genotype	tissue:muscle	12	12	12	12	6	6	0	0		13655.5	0	12	0	0	12	0	0	0	0	muscle	1.401	0.358	0.24	1e-04	1e-04								5.39	0		-2.074	0.231	1.722	-1.742	0.398	M0																																																																																																																																																																																									genotype_comparison	in_vivo_tissue	unknown	""	high	muscle		TRUE	TRUE	single_sex		single_sex
SRP061985	blood_immune | in_vivo_treatment_arms | conf=high |  | n=10	diet	tissue:blood_immune	10	10	10	9	5	4	0.44	0.8		14399.5	4	5	4	0	9	0	0	1	9	blood	0.035	0.541	-1.445	0	0								10.57	0		0.268	-0.983	-1.363	1.181	0.074	M0,M1,M0perm,M4,M5,M4perm,M5perm,M0permw	62	0	0	0.49	0.573	0	0	0	62	28	0.452	0.92	0.908	0	0	0	62	0	0	0.77	0.566	0	0	0																	62	0	0	0.43	0.574	0	0	0	0	0		0.72	0.942	0	0	0	62	2583	0.014	0.03	-0.032	0	0	0	0	2583	0	0.03	0.401	0	0	0	62	0	0	0.45	0.489	0	0	0	0	0		0.63	0.956	0	0	0	62	0	0	0.38	0.046	0	0	0	0	0		0.39	0.318	0	0	0																																																																																	in_vivo_treatment_arms	ex_vivo_primary_cells	unknown	""	high	blood_immune		TRUE	FALSE	partially_confounded		partially_confounded
SRP062211	blood_immune | genotype_comparison | conf=high |  | n=11	genotype	subj:mouse_id;tissue:blood_immune	11	11	11	11	5	6	1	0		15734	11	0	5	6	0	0	0	0	11	blood	0.896	-1.455	-0.234	0.0013	0.0012								10.89	0		1.116	-0.731	-0.023	-0.379	0.405	M0																																																																																																																																																																																									genotype_comparison	ex_vivo_primary_cells	male_only	""	high	blood_immune		TRUE	TRUE	single_sex		single_sex
SRP062238	heart | genotype_comparison | conf=high | pooled_samples | n=8	genotype/variation	tissue:heart	8	8	8	8	4	4	0.88	0.25		17240.5	7	1	4	3	8	0	0	0	8	heart	-4.118	-1.86	-1.84	0.0037	0.0018								1.05	0		0.21	0.894	0.938	-0.539	0.462	M0,M1,M0perm,M4,M5,M4perm,M5perm,M0permw	350	294	0.668	0.88	0.958	0	0	0	350	294	0.668	0.88	0.958	0	0	0	350	189	0.497	0.92	0.963	0	0	0																	350	370	0.506	0.69	0.771	0	0	0	294	370	0.506	0.69	0.772	0	0	0	350	16	0.046	0.49	0.44	2	0	0	294	16	0.054	0.49	0.441	2	0	0	350	151	0.365	0.79	0.88	0	0	0	294	151	0.45	0.84	0.923	0	0	0	350	158	0.403	0.79	0.887	0	0	0	294	158	0.477	0.82	0.911	0	0	0																																																																																	genotype_comparison	in_vivo_tissue	unknown	pooled_samples	high	heart		TRUE	FALSE	mildly_imbalanced		mildly_imbalanced
SRP062639	other | genotype_comparison | conf=medium |  | n=16	source_name	tissue:other	16	16	8	8	4	4	0	0		15059.5	0	8	0	0	8	0	0	0	0	generic	1.122	1.021	-0.423	0.0018	0.0011								2.36	0		-0.675	0.834	0.112	0.027	-0.356	M0																																																																																																																																																																																									genotype_comparison	ex_vivo_primary_cells	unknown	""	medium	other		TRUE	TRUE	single_sex		single_sex
SRP062829	brain_cns | in_vivo_treatment_arms | conf=high |  | n=140	phenotype	in:brain region=adult ventral hippocampus;ex:phenotype=accelerated social defeat;ex:timepoint=24h post accelerated defeat;tissue:brain_cns	140	140	20	20	9	11	0	0		17647.5	0	20	0	0	20	0	0	0	20	brain	0.298	-0.373	0.823	8e-04	7e-04								3.57	0		-0.047	-0.063	-0.041	-0.017	-0.153	M0																																																																																																																																																																																									in_vivo_treatment_arms	in_vivo_tissue	unknown	""	high	brain_cns		TRUE	TRUE	single_sex		single_sex
SRP062874	kidney | in_vivo_treatment_arms | conf=medium |  | n=114	treatment name	in:primary tissue=kidney;subj:mouse id;tissue:kidney	114	114	10	10	5	5	1	0		17938.5	10	0	5	5	10	0	0	0	10	kidney	2.162	-1.491	2.647	0.0035	0.003								2.82	0		2.893	0.877	-1.326	-0.111	-1.474	M0																																																																																																																																																																																									in_vivo_treatment_arms	in_vivo_tissue	female_only	""	medium	kidney		TRUE	TRUE	single_sex		single_sex
SRP063005	blood_immune | genotype_comparison | conf=high |  | n=8	genotype/variation	tissue:blood_immune	8	8	8	8	4	4	0	0		16612	0	8	0	0	0	0	0	0	0	blood	1.164	1.759	-0.899	8e-04	7e-04								10.04	0		1.144	0.482	-0.061	0.203	-0.758	M0																																																																																																																																																																																									genotype_comparison	ex_vivo_primary_cells	male_only	""	high	blood_immune		TRUE	TRUE	single_sex		single_sex
SRP063269	brain_cns | genotype_comparison | conf=high |  | n=78	genotype	tissue:brain_cns	78	23	23	23	11	12	0.48	0.045	0.087	18832	11	12	5	6	0	1	0	0	0	brain	-0.632	-0.137	-0.542	4e-04	4e-04								5.15	3	0.268	0.783	-0.718	-0.346	-0.01	-0.082	M0,M1,M0perm,M2,M2perm,M3,M4,M5,M4perm,M5perm,M0permw	7	8	0.875	0.85	0.996	0	0	0	7	6	0.857	0.91	0.997	0	0	0	7	8	0.875	0.89	0.995	0	0	0	7	11	0.385	0.35	0.553	0	0	0	8	11	0.357	0.33	0.548	0	0	0	7	1	0.143	0.46	0.36	0	0	0	8	1	0.125	0.46	0.38	0	0	0	7	6	0.444	0.53	0.774	0	0	0	8	6	0.556	0.55	0.784	0	0	0	7	12	0.583	0.72	0.974	0	0	0	8	12	0.667	0.75	0.976	0	0	0	7	9	0.778	0.77	0.978	0	0	0	8	9	0.7	0.78	0.981	0	0	0																																	7	66	0.106	0.46	0.963	0	0	0	7	7	0.75	0.77	0.976	0	0	0																																	genotype_comparison	in_vivo_tissue	both_sexes	""	high	brain_cns		TRUE	FALSE	balanced	balanced	balanced
SRP063455	liver | in_vivo_treatment_arms | conf=high |  | n=384	diet	tissue:liver	384	384	384	384	188	196	0.5	0.016		14990	193	191	93	100	0	4	10	0	0	liver	-0.148	0.891	-0.216	0.1162	0.1162								3.13	5	0.335	0.428	0.097	-0.142	0.126	-0.294	M0,M1,M0perm,M3,M4,M5,M7,M4perm,M5perm,M7perm,M0permw	8058	8066	0.98	0.99	0.999	0	0	1	8058	7987	0.987	0.99	1	0	0	0	8058	8060	0.994	1	1	0	0	0	8058	10300	0.744	0.73	0.95	25	0	0	8066	10300	0.749	0.74	0.952	25	1	0	8058	7605	0.835	0.81	0.983	2	0	1	8066	7605	0.839	0.82	0.984	1	1	1	8058	6964	0.471	0.55	0.723	774	0	1	8066	6964	0.476	0.55	0.729	758	1	1	8058	8179	0.95	0.97	0.998	0	0	1	8066	8179	0.958	0.97	0.999	0	1	1	8058	7929	0.955	0.96	0.999	0	0	1	8066	7929	0.961	0.97	0.999	0	1	1	8058	8406	0.933	0.98	0.996	0	0	1	8066	8406	0.944	0.99	0.997	0	1	1	8058	7966	0.965	0.97	0.999	0	0	2	8066	7966	0.974	0.98	1	0	1	2																																																	in_vivo_treatment_arms	in_vivo_tissue	both_sexes	""	high	liver		TRUE	FALSE	balanced		balanced
SRP063574	other | genotype_comparison | conf=medium | pooled_samples | n=8	genotype/variation	tissue:other	8	8	8	8	4	4	0.5	1		16983	4	4	4	0	8	0	0	0	8	generic	0.315	0.197	-1.261	0	0								24.59	0		-2.374	0.914	1.226	-1.465	-0.685	M0																																																																																																																																																																																									genotype_comparison	ex_vivo_primary_cells	unknown	pooled_samples	medium	other		TRUE	FALSE	completely_confounded		completely_confounded
SRP063861	gut | genotype_comparison | conf=high |  | n=12	genotype	tissue:gut	12	12	12	12	6	6	1	0		14327.5	12	0	6	6	12	0	0	0	12	gut	0.589	1.344	0.739	2e-04	1e-04	readlen	0.302					0.302	4.94	0		-0.84	1.063	1.738	0.192	0.825	M0																																																																																																																																																																																									genotype_comparison	in_vivo_tissue	unknown	""	high	gut		TRUE	TRUE	single_sex		single_sex
SRP063890	brain_cns | in_vivo_treatment_arms | conf=medium |  | n=24	treatement group	in:cell fraction=p2, synaptoneurosome;tissue:brain_cns	24	24	8	8	4	4	0	0		15871	0	8	0	0	8	0	0	0	8	brain	-1.544	-0.775	-0.894	0	0								1.5	0		1.213	-1.753	0.133	-0.245	-0.998	M0																																																																																																																																																																																									in_vivo_treatment_arms	in_vivo_tissue	unknown	""	medium	brain_cns		TRUE	TRUE	single_sex		single_sex
SRP064004	gut | between_subject_case_control | conf=medium |  | n=10	strain status	ex:source_name=gastric organoids;ex:source_name=intact stomach tissue;tissue:gut	10	10	8	8	4	4	0	0		17938	0	8	0	0	8	0	0	0	0	gut	0.517	2.552	0.495	2e-04	1e-04	readlen	0					0	1.36	0		-1.822	-0.126	0.715	-0.736	-0.561	M0																																																																																																																																																																																									between_subject_case_control	in_vivo_tissue	unknown	""	medium	gut		TRUE	TRUE	single_sex		single_sex
SRP064030	adipose | in_vivo_treatment_arms | conf=medium |  | n=27	diet	ex:treatment period=0 weeks;tissue:adipose	27	27	24	24	9	15	0	0	0.149	16511.5	0	24	0	0	24	0	0	0	0	adipose	0.228	1.251	-0.058	0.0133	0.0128								2.83	0		-1.535	0.412	-0.779	0.713	0.256	M0																																																																																																																																																																																									in_vivo_treatment_arms	in_vivo_tissue	male_only	""	medium	adipose		TRUE	TRUE	single_sex	balanced	single_sex
SRP064190	brain_cns | genotype_comparison | conf=high |  | n=12	genotype/variation	tissue:brain_cns	12	12	12	12	7	5	0	0		15173.5	0	12	0	0	12	0	0	0	12	brain	0.045	0.866	-0.748	7e-04	6e-04	readlen	0.314					0.314	6.24	0		1.757	-0.004	-1.144	1.426	-0.41	M0																																																																																																																																																																																									genotype_comparison	in_vivo_tissue	unknown	""	high	brain_cns		TRUE	TRUE	single_sex		single_sex
SRP064194	liver | genotype_comparison | conf=high |  | n=8	genotype	tissue:liver	8	8	8	8	4	4	1	0		14427	8	0	4	4	0	0	0	0	0	liver	1.044	1.012	0.587	0.001	8e-04								2.41	0		-0.741	-0.304	-0.915	0.403	0.146	M0																																																																																																																																																																																									genotype_comparison	in_vivo_tissue	female_only	""	high	liver		TRUE	TRUE	single_sex		single_sex
SRP064216	brain_cns | genotype_comparison | conf=high |  | n=166	genotype/variation	tissue:brain_cns	166	166	48	48	24	24	0.5	0	0	17735	24	24	12	12	0	0	0	0	0	brain	-0.535	-0.914	-0.183	4e-04	4e-04								7.85	5	0.976	-0.491	0.277	0.188	-0.162	0.374	M0,M1,M0perm,M2,M2perm,M3,M4,M5,M4perm,M5perm,M0permw	1381	1378	0.962	0.97	1	0	0	0	1381	1140	0.806	0.94	0.99	0	0	0	1381	1349	0.97	0.98	1	0	0	0	1381	6271	0.22	0.34	0.93	0	0	1	1378	6271	0.22	0.34	0.93	0	0	1	1381	3064	0.403	0.63	0.785	0	0	0	1378	3064	0.401	0.63	0.785	0	0	0	1381	7469	0.122	0.56	0.291	1	0	1	1378	7469	0.122	0.56	0.291	1	0	1	1381	1309	0.829	0.93	0.986	0	0	0	1378	1309	0.832	0.93	0.986	0	0	0	1381	1480	0.912	0.95	0.999	0	0	0	1378	1480	0.918	0.94	0.999	0	0	0																																	1381	1976	0.699	0.64	0.998	0	0	0	1381	1119	0.723	0.92	0.979	0	0	0																																	genotype_comparison	in_vivo_tissue	both_sexes	""	high	brain_cns		TRUE	FALSE	balanced	balanced	balanced
SRP064223	liver | genotype_comparison | conf=high |  | n=46	genotype	ex:source_name=c2c12;in:tissue=liver;tissue:liver	46	30	9	9	4	5	0.22	0.05		15755	2	7	1	1	0	3	1	0	9	liver	0.488	-0.337	-0.574	0.0771	0.0651	readlen	0.1					0.1	1.99	0		-0.492	0.253	0.478	-0.496	-1.174	M0,M1,M0perm,M4,M5,M6,M7,M4perm,M5perm,M6perm,M7perm,M0permw	0	0		0.44	0.972	0	0	0	0	0		0.36	0.896	0	0	0	0	1	0	0.47	0.99	0	0	0																	0	0		0.15	0.823	0	0	0	0	0		0.21	0.809	0	0	0	0	0		0.15	0.759	0	0	0	0	0		0.17	0.785	0	0	0	0	0		0.25	0.924	0	0	0	0	0		0.37	0.94	0	0	0	0	0		0.15	0.776	0	0	0	0	0		0.16	0.804	0	0	0	0	0		0.14	0.826	0	0	0	0	0		0.29	0.871	0	0	0	0	0		0.19	0.89	0	0	0	0	0		0.4	0.915	0	0	0																	0	0		0.16	0.936	0	0	0	0	0		0.35	0.95	0	0	0	0	0		0.36	0.95	0	0	0	0	0		0.67	0.969	0	0	0	genotype_comparison	in_vivo_tissue	both_sexes	""	high	liver		TRUE	FALSE	balanced		balanced
SRP064245	brain_cns | genotype_comparison | conf=high |  | n=168	genotype/variation	tissue:brain_cns	168	168	48	48	24	24	0.46	0	0	17838.5	22	26	11	11	0	2	0	0	0	brain	0.064	0.989	0.394	3e-04	3e-04								5.09	4	0.066	0.386	-0.5	-0.584	0.744	0.246	M0,M1,M0perm,M2,M2perm,M3,M4,M5,M4perm,M5perm,M0permw	273	283	0.944	0.96	0.995	0	0	0	273	243	0.883	0.96	0.998	0	0	0	273	275	0.95	0.99	0.999	0	0	0	273	333	0.496	0.75	0.793	0	0	0	283	333	0.488	0.76	0.806	0	0	0	273	311	0.6	0.73	0.845	0	0	0	283	311	0.601	0.73	0.842	0	0	0	273	95	0.239	0.58	0.5	0	0	0	283	95	0.231	0.57	0.53	0	0	0	273	309	0.785	0.89	0.988	0	0	0	283	309	0.778	0.89	0.989	0	0	0	273	288	0.883	0.9	0.994	0	0	0	283	288	0.872	0.92	0.997	0	0	0																																	273	456	0.599	0.74	0.992	0	0	0	273	266	0.865	0.92	0.991	0	0	0																																	genotype_comparison	in_vivo_tissue	both_sexes	""	high	brain_cns		TRUE	FALSE	balanced	balanced	balanced
SRP064534	heart | in_vivo_treatment_arms | conf=medium |  | n=72	treatment	in:tissue=ventricle;tissue:heart	72	72	12	12	6	6	0.5	0		14819	6	6	3	3	0	2	0	0	12	heart	1.999	0.294	0.826	0.0027	0.0022								6.39	3	0.152	-0.668	0.024	0.144	-0.27	0.985	M0,M1,M0perm,M3,M4,M5,M4perm,M5perm,M0permw	2113	1950	0.86	0.87	0.998	0	0	0	2113	1286	0.589	0.81	0.979	0	0	0	2113	1788	0.83	0.89	0.999	0	0	0	2113	4952	0.426	0.42	0.961	0	0	0	1950	4952	0.39	0.41	0.962	0	0	0	2113	2217	0.557	0.47	0.918	0	0	0	1950	2217	0.567	0.48	0.917	0	0	0	2113	0	0	0.35	0.809	0	0	0	1950	0	0	0.36	0.813	1	0	0	2113	1	0	0.67	0.971	0	0	0	1950	1	0.001	0.69	0.972	0	0	0	2113	0	0	0.26	0.814	1	0	0	1950	0	0	0.26	0.816	1	0	0																																																																																	in_vivo_treatment_arms	in_vivo_tissue	both_sexes	""	medium	heart		TRUE	FALSE	balanced		balanced
SRP064762	heart | in_vivo_treatment_arms | conf=high |  | n=18	source_name	tissue:heart	18	18	12	12	6	6	0	0		13887	0	12	0	0	0	0	0	0	0	heart	0.226	1.101	2.08	7e-04	4e-04								1.56	0		-0.84	-0.398	2.421	-2.561	0.233	M0																																																																																																																																																																																									in_vivo_treatment_arms	in_vivo_tissue	male_only	""	high	heart		TRUE	TRUE	single_sex		single_sex
SRP064844	brain_cns | genotype_comparison | conf=medium |  | n=21	genotype	in:source_name=stroke hemisphere after 1-hr mcao 1-d reperfusion;tissue:brain_cns	21	21	8	8	4	4	0.75	0.5		13608.5	6	2	2	4	0	1	0	0	0	brain	-1.301	0.091	0.105	0.0036	0.0033								6.65	0		-1.02	0.111	-1.317	1.546	0.672	M0,M1,M0perm,M4,M5,M4perm,M5perm,M0permw	0	0		0.4	0.792	0	0	0	0	0		0.75	0.991	0	0	0	0	0		0.28	0.85	0	0	0																	0	0		0.01	0.294	0	0	0	0	0		0.01	0.314	0	0	0	0	0		0.16	0.502	0	0	0	0	0		0.23	0.753	0	0	0	0	0		0.2	0.654	0	0	0	0	0		0.38	0.882	0	0	0	0	0		0.26	0.797	0	0	0	0	0		0.41	0.913	0	0	0																																																																																	genotype_comparison	ex_vivo_primary_cells	both_sexes	""	medium	brain_cns		TRUE	FALSE	partially_confounded		partially_confounded
SRP064862	blood_immune | in_vivo_treatment_arms | conf=medium | tumor_tissue;pooled_samples | n=54	treatment	in:cell type=gfp+ cd11b+;subj:mouse;tissue:blood_immune	54	43	20	20	10	10	1	0		15239.5	20	0	10	10	20	0	0	0	20	blood	-0.583	-1.921	0.99	0.0022	0.0022								9.26	0		0.392	-3.972	2.725	-2.713	0.587	M0																																																																																																																																																																																									in_vivo_treatment_arms	ex_vivo_primary_cells	unknown	tumor_tissue;pooled_samples	medium	blood_immune		TRUE	TRUE	single_sex		single_sex
SRP064923	other | genotype_comparison | conf=high |  | n=16	treatment	tissue:other	16	16	16	11	6	5	0.55	0.467		15356	6	5	2	4	11	0	0	5	11	generic	-0.561	-0.389	1.408	2e-04	2e-04								3.2	2	0.178	0.733	-0.198	0.312	-0.312	0.066	M0,M1,M0perm,M3,M4,M5,M4perm,M5perm,M0permw	1	1	1	0.55	0.879	0	0	0	1	1	1	0.69	0.901	0	0	0	1	1	1	0.53	0.781	0	0	0	1	25	0.04	0.27	0.811	0	0	0	1	25	0.04	0.13	0.563	0	0	0	1	1	1	0.17	0.656	0	0	0	1	1	1	0.38	0.851	0	0	0	1	1	1	0.18	0.75	0	0	0	1	1	1	0.38	0.924	0	0	0	1	1	1	0.21	0.735	0	0	0	1	1	1	0.14	0.512	0	0	0	1	1	1	0.47	0.856	0	0	0	1	1	1	0.56	0.848	0	0	0																																																																																	genotype_comparison	in_vivo_tissue	unknown	""	high	other		TRUE	FALSE	partially_confounded		partially_confounded
SRP064982	blood_immune | genotype_comparison | conf=medium |  | n=10	genotype	tissue:blood_immune	10	10	10	10	6	4	0.3	0.083		16513.5	3	7	2	1	10	0	0	0	10	blood	0.126	0.114	-0.133	0	0								11.2	1	0.422	0.837	1.214	0.374	-0.191	0.236	M0,M1,M0perm,M3,M4,M5,M4perm,M5perm,M0permw	0	0		0.74	0.954	0	0	0	0	0		0.44	0.791	0	0	0	0	0		0.69	0.969	0	0	0	0	1	0	0.33	0.937	0	0	0	0	1	0	0.37	0.947	0	0	0	0	0		0.12	0.42	0	0	0	0	0		0.18	0.534	0	0	0	0	1	0	0.24	0.899	0	0	0	0	1	0	0.34	0.952	0	0	0	0	0		0.59	0.899	0	0	0	0	0		0.6	0.824	0	0	0	0	0		0.2	0.506	0	0	0	0	0		0.19	0.68	0	0	0																																																																																	genotype_comparison	ex_vivo_primary_cells	unknown	""	medium	blood_immune		TRUE	FALSE	balanced		balanced
SRP064991	brain_cns | in_vivo_treatment_arms | conf=high |  | n=36	treatment	in:tissue=liver;tissue:brain_cns	36	36	12	12	6	6	0.33	0.333		15743	4	8	1	3	12	0	0	0	12	brain	-0.33	-0.169	-0.475	0.0101	0.0041								2.11	3	0.731	-0.368	0.838	-2.298	3.285	-1.179	M0,M1,M0perm,M3,M4,M5,M7,M4perm,M5perm,M7perm,M0permw	2218	1734	0.708	0.89	0.98	0	0	0	2218	1439	0.619	0.94	0.98	0	0	0	2218	1535	0.635	0.93	0.973	0	0	0	2218	2219	0.597	0.78	0.905	0	0	0	1734	2219	0.654	0.8	0.928	0	0	0	2218	1546	0.562	0.84	0.94	0	0	0	1734	1546	0.664	0.85	0.962	0	0	0	2218	1380	0.573	0.83	0.977	0	0	0	1734	1380	0.744	0.84	0.996	0	0	0	2218	1211	0.513	0.86	0.974	0	0	0	1734	1211	0.666	0.88	0.995	0	0	0	2218	1255	0.399	0.76	0.906	0	0	0	1734	1255	0.457	0.8	0.919	0	0	0	2218	1556	0.642	0.84	0.98	0	0	0	1734	1556	0.834	0.9	0.997	0	0	0	2218	785	0.288	0.81	0.88	0	0	0	1734	785	0.364	0.88	0.912	0	0	0																																																	in_vivo_treatment_arms	in_vivo_tissue	unknown	""	high	brain_cns		TRUE	FALSE	partially_confounded		partially_confounded
SRP065217	brain_cns | in_vivo_treatment_arms | conf=low |  | n=8	viral infection status	tissue:brain_cns	8	8	8	8	4	4	1	0		17984	8	0	4	4	0	0	0	0	8	brain	-0.429	0.302	0.232	0.0047	0.0047								3.26	0		-1.716	0.312	0.315	-0.679	-0.074	M0																																																																																																																																																																																									in_vivo_treatment_arms	in_vivo_tissue	female_only	""	low	brain_cns		TRUE	TRUE	single_sex		single_sex
SRP065281	adipose | genotype_comparison | conf=high |  | n=8	source_name	tissue:adipose	8	8	8	8	4	4	0	0		17728	0	8	0	0	8	0	0	0	0	adipose	-1.061	-0.995	-2.02	0.0014	0.001								2.2	0		2.96	-1.798	-0.338	0.154	0.808	M0																																																																																																																																																																																									genotype_comparison	in_vivo_tissue	unknown	""	high	adipose		TRUE	TRUE	single_sex		single_sex
SRP065536	heart | genotype_comparison | conf=high |  | n=12	genotype/variation	tissue:heart	12	12	12	10	4	6	0.9	0.25		16168	9	1	3	6	10	0	0	2	10	heart	2.153	-0.64	-0.252	0.0078	0.0049								2.59	3	0.155	-1.311	1.063	0.552	-0.521	0.593	M0,M1,M0perm,M3,M4,M5,M4perm,M5perm,M0permw	0	0		0.5	0.942	0	0	0	0	0		0.64	0.966	0	0	0	0	0		0.59	0.966	0	0	0	0	0		0.12	0.558	0	0	0	0	0		0.15	0.608	0	0	0	0	0		0.13	0.484	0	0	0	0	0		0.22	0.604	0	0	0	0	0		0	-0.11	0	0	0	0	0		0	-0.098	0	0	0	0	0		0.22	0.805	0	0	0	0	0		0.18	0.819	0	0	0	0	0		0.39	0.93	0	0	0	0	0		0.58	0.964	0	0	0																																																																																	genotype_comparison	in_vivo_tissue	unknown	""	high	heart		TRUE	FALSE	mildly_imbalanced		mildly_imbalanced
SRP065571	heart | genotype_comparison | conf=high |  | n=16	genotype/variation	tissue:heart	16	16	16	16	8	8	0.69	0.125		16837	11	5	6	5	16	0	0	0	16	heart	0.131	-0.261	-0.705	0.0412	0.0403								23.18	3	0.103	0.153	0.038	-0.301	0.28	0.639	M0,M1,M0perm,M3,M4,M5,M7,M4perm,M5perm,M7perm,M0permw	0	0		0.71	0.952	0	0	0	0	0		0.42	0.893	0	0	0	0	0		0.87	0.975	0	0	0	0	0		0.15	0.705	0	0	0	0	0		0.15	0.715	0	0	0	0	8	0	0.19	0.933	0	0	0	0	8	0	0.22	0.909	0	0	0	0	0		0.47	0.906	0	0	0	0	0		0.52	0.923	0	0	0	0	0		0.49	0.934	0	0	0	0	0		0.6	0.966	0	0	0	0	0		0.21	0.736	0	0	0	0	0		0.27	0.765	0	0	0	0	0		0.44	0.869	0	0	0	0	0		0.6	0.911	0	0	0	0	0		0.48	0.905	0	0	0	0	0		0.5	0.915	0	0	0																																																	genotype_comparison	in_vivo_tissue	unknown	""	high	heart		TRUE	FALSE	balanced		balanced
SRP065603	muscle | genotype_comparison | conf=high |  | n=23	genotype	in:age=7 months;tissue:muscle	23	23	8	8	4	4	0	0		14092.5	0	8	0	0	8	0	0	0	0	muscle	2.187	6.69	0.828	0.0026	0.0024								0.91	0		-2.924	1.992	4.284	-0.898	-1.506	M0																																																																																																																																																																																									genotype_comparison	in_vivo_tissue	unknown	""	high	muscle		TRUE	TRUE	single_sex		single_sex
SRP065767	brain_cns | genotype_comparison | conf=medium |  | n=30	genotype	tissue:brain_cns	30	30	30	29	14	15	0.86	0.129		16676	25	4	13	12	29	0	0	1	29	brain	0.219	0.934	0.498	0	0								16.79	4	0.278	-1.193	0.003	1.093	-1.064	2.227	M0,M1,M0perm,M3,M4,M5,M4perm,M5perm,M0permw	6149	5900	0.861	0.87	0.981	0	0	0	6149	5089	0.817	0.91	0.995	0	0	0	6149	5372	0.865	0.96	0.997	0	0	0	6149	10890	0.56	0.46	0.956	0	0	0	5900	10890	0.54	0.47	0.952	0	0	0	6149	4720	0.443	0.78	0.732	49	0	0	5900	4720	0.481	0.87	0.806	4	0	0	6149	7689	0.549	0.73	0.825	0	0	0	5900	7689	0.588	0.74	0.893	1	0	0	6149	5394	0.799	0.86	0.971	0	0	0	5900	5394	0.887	0.96	0.996	0	0	0	6149	5054	0.768	0.89	0.976	0	0	0	5900	5054	0.818	0.96	0.99	0	0	0																																																																																	genotype_comparison	ex_vivo_primary_cells	unknown	""	medium	brain_cns		TRUE	FALSE	balanced		balanced
SRP065801	heart | genotype_comparison | conf=high |  | n=20	genotype/variation	tissue:heart	20	20	8	8	4	4	0.25	0.5		16628.5	2	6	0	2	8	0	0	0	8	heart	0.404	1.806	-0.767	5e-04	4e-04								11.02	0		-12.149	0.917	4.358	-6.095	0.257	M0,M1,M0perm,M4,M5,M4perm,M5perm,M0permw	2112	905	0.392	0.8	0.941	0	1	0	2112	1990	0.849	0.87	0.997	0	1	0	2112	905	0.392	0.8	0.941	0	1	0																	2112	0	0	0.01	-0.162	1375	1	0	905	0	0	0	-0.142	558	0	0	2112	20	0.001	0.15	0.525	147	1	0	905	20	0.002	0.13	0.558	16	0	0	2112	319	0.143	0.66	0.888	0	1	0	905	319	0.312	0.69	0.949	0	0	0	2112	3	0	0.34	0.711	19	1	0	905	3	0.001	0.33	0.745	0	0	0																																																																																	genotype_comparison	in_vivo_tissue	unknown	""	high	heart		TRUE	FALSE	partially_confounded		partially_confounded
SRP065842	brain_cns | genotype_comparison | conf=medium |  | n=74	genotype	in:source_name=oligodendrocyte;tissue:brain_cns	74	52	17	17	7	10	0.29	0.014		16931	5	12	2	3	0	0	1	0	17	brain	1.143	-0.325	-0.763	1e-04	0								0.69	3	0.424	-0.779	-0.926	0.049	-0.305	0.128	M0,M1,M0perm,M3,M4,M5,M4perm,M5perm,M0permw	5086	8346	0.609	0.43	0.995	0	0	0	5086	4285	0.84	0.94	1	0	0	0	5086	4605	0.883	0.84	0.999	0	0	0	5086	3784	0.564	0.49	0.899	0	0	4	8346	3784	0.397	0.54	0.88	85	0	4	5086	2830	0.413	0.44	0.925	0	0	0	8346	2830	0.32	0.49	0.931	2	0	0	5086	18	0.003	0.38	0.629	195	0	0	8346	18	0.002	0.36	0.623	814	0	0	5086	9882	0.514	0.38	0.984	0	0	0	8346	9882	0.819	0.69	0.992	0	0	0	5086	7934	0.612	0.39	0.982	0	0	0	8346	7934	0.843	0.72	0.989	0	0	0																																																																																	genotype_comparison	in_vivo_tissue	both_sexes	""	medium	brain_cns		TRUE	FALSE	balanced		balanced
SRP066097	other | genotype_comparison | conf=medium |  | n=37	genotype	in:developmental stage=e11.5;tissue:other	37	37	18	18	10	8	0.56	0.1		15947.5	10	8	6	4	0	1	4	0	18	generic	-0.489	-0.104	0.072	1e-04	1e-04								20.28	5	0.196	0.095	-0.005	0.304	-0.366	-0.061	M0,M1,M0perm,M3,M4,M5,M4perm,M5perm,M0permw	1	0	0	0.78	0.987	0	0	0	1	0	0	0.73	0.944	0	0	0	1	0	0	0.8	0.984	0	0	0	1	1	1	0.3	0.8	0	0	0	0	1	0	0.3	0.803	0	0	0	1	0	0	0.6	0.974	0	0	0	0	0		0.72	0.981	0	0	0	1	1	1	0.55	0.921	0	0	0	0	1	0	0.62	0.932	0	0	0	1	0	0	0.66	0.975	0	0	0	0	0		0.78	0.989	0	0	0	1	0	0	0.52	0.913	0	0	0	0	0		0.6	0.927	0	0	0																																																																																	genotype_comparison	ex_vivo_primary_cells	both_sexes	""	medium	other		TRUE	FALSE	balanced		balanced
SRP066244	muscle | genotype_comparison | conf=high |  | n=81	genotype	in:source_name=atherosclerosis lesion;tissue:muscle	81	32	8	8	4	4	0	0		18861.5	0	8	0	0	8	0	0	0	8	muscle	-0.404	0.682	0.279	0.0113	0.0098								12.22	0		1.491	-2.432	-2.616	1.807	-0.779	M0																																																																																																																																																																																									genotype_comparison	in_vivo_tissue	unknown	""	high	muscle		TRUE	TRUE	single_sex		single_sex
SRP066489	brain_cns | in_vivo_treatment_arms | conf=high |  | n=28	treatment	in:cell type=microglia;tissue:brain_cns	28	28	10	10	5	5	1	0		12236.5	10	0	5	5	10	0	0	0	10	brain	-0.657	-1.048	-0.638	7e-04	7e-04								21.48	0		0.464	0.982	0.911	-0.497	-0.228	M0																																																																																																																																																																																									in_vivo_treatment_arms	ex_vivo_primary_cells	unknown	""	high	brain_cns		TRUE	TRUE	single_sex		single_sex
SRP066622	brain_cns | genotype_comparison | conf=high |  | n=24	genotype	tissue:brain_cns	24	24	24	24	13	11	1	0	0.161	18879	24	0	13	11	24	0	0	0	0	brain	-0.678	1.349	-0.029	1e-04	1e-04								5.07	0		-0.611	-0.126	0.209	-0.2	-0.41	M0																																																																																																																																																																																									genotype_comparison	in_vivo_tissue	female_only	""	high	brain_cns		TRUE	TRUE	single_sex	balanced	single_sex
SRP066728	brain_cns | genotype_comparison | conf=high |  | n=61	genotype	in:cell type=microglia;subj:animalid;tissue:brain_cns	61	61	20	18	9	9	1	0	0	14001.5	18	0	9	9	18	0	0	2	0	brain	-1.019	-1.13	-0.163	0	0								32.34	0		1.548	0.065	-1.057	1.482	-0.506	M0																																																																																																																																																																																									genotype_comparison	ex_vivo_primary_cells	unknown	""	high	brain_cns		TRUE	TRUE	single_sex	balanced	single_sex
SRP066776	liver | genotype_comparison | conf=medium |  | n=8	genotype	tissue:liver	8	8	8	8	4	4	0	0		15215	0	8	0	0	0	0	0	0	8	liver	-0.664	0.072	-0.272	0.0055	0.0048								1.74	0		-0.164	0.393	0.912	-1.164	-1.768	M0																																																																																																																																																																																									genotype_comparison	in_vivo_tissue	male_only	""	medium	liver		TRUE	TRUE	single_sex		single_sex
SRP066807	brain_cns | genotype_comparison | conf=high |  | n=12	genotype	tissue:brain_cns	12	12	8	8	4	4	0	0		17343.5	0	8	0	0	0	0	0	0	0	brain	-0.907	-0.112	0.505	0	0								1.67	0		-0.862	0.963	-0.24	0.412	0.739	M0																																																																																																																																																																																									genotype_comparison	in_vivo_tissue	male_only	""	high	brain_cns		TRUE	TRUE	single_sex		single_sex
SRP066809	blood_immune | in_vivo_treatment_arms | conf=medium |  | n=31	exposure	tissue:blood_immune	31	31	14	14	7	7	0	0		15335	0	14	0	0	14	0	0	0	14	blood	-0.58	-1.905	-0.738	0.0031	0.0031								3.43	0		-0.324	0.155	-0.673	0.505	-0.544	M0																																																																																																																																																																																									in_vivo_treatment_arms	ex_vivo_primary_cells	unknown	""	medium	blood_immune		TRUE	TRUE	single_sex		single_sex
SRP067243	heart | genotype_comparison | conf=high |  | n=20	genotype/variation	in:mouse line=mm77 line;tissue:heart	20	20	12	11	5	6	0.64	0.067		10662	7	4	3	4	3	2	3	1	3	heart	0.063	0.117	0.28	0.0142	0.0135								24.08	1	0.247	-0.056	-0.102	-0.248	0.225	1.253	M0,M1,M0perm,M3,M4,M5,M7,M4perm,M5perm,M7perm,M0permw	0	0		0.86	0.977	0	0	0	0	0		0.67	0.592	0	0	0	0	0		0.87	0.96	0	0	0	0	0		0.56	0.883	0	0	0	0	0		0.55	0.883	0	0	0	0	0		0.23	0.533	0	0	0	0	0		0.24	0.58	0	0	0	0	0		0.7	0.918	0	0	0	0	0		0.75	0.896	0	0	0	0	0		0.48	0.705	0	0	0	0	0		0.47	0.699	0	0	0	0	0		0.25	0.309	0	0	0	0	0		0.26	0.255	0	0	0	0	0		0.8	0.941	0	0	0	0	0		0.84	0.926	0	0	0	0	0		0.37	0.657	0	0	0	0	0		0.37	0.564	0	0	0																																																	genotype_comparison	in_vivo_tissue	both_sexes	""	high	heart		TRUE	FALSE	balanced		balanced
SRP067260	muscle | genotype_comparison | conf=high |  | n=18	genotype/variation	tissue:muscle	18	9	9	9	4	5	1	0		14687	9	0	4	5	9	0	0	0	9	muscle	0.208	0.723	0.996	0.002	0.0017								0.64	0		-0.201	0.724	-0.435	-0.458	-0.779	M0																																																																																																																																																																																									genotype_comparison	in_vivo_tissue	unknown	""	high	muscle		TRUE	TRUE	single_sex		single_sex
SRP067339	other | genotype_comparison | conf=low | tumor_tissue | n=82	treatment	in:duration=0 days;subj:tumor;tissue:other	82	31	13	11	7	4	0.45	0.464		14695.5	5	6	2	3	11	0	0	1	11	generic	-0.382	0.178	-0.679	2e-04	2e-04	readlen	0.225	0.214	0.179			0.225	5.52	3	0.094	-1.536	-0.062	0.48	-0.484	0.723	M0,M1,M0perm,M3,M4,M5,M6,M4perm,M5perm,M6perm,M0permw	1	1	0	0.61	0.92	0	0	0	1	0	0	0.74	0.988	0	0	0	1	0	0	0.55	0.927	0	0	0	1	522	0.002	0.33	0.926	0	0	0	1	522	0	0.29	0.893	0	0	0	1	0	0	0.18	0.447	0	0	0	1	0	0	0.3	0.543	0	0	0	1	1	0	0.44	0.911	0	0	0	1	1	0	0.52	0.94	0	0	0	1	0	0	0.26	0.743	0	0	0	1	0	0	0.37	0.813	0	0	0	1	1	0	0.21	0.744	0	0	0	1	1	0	0.26	0.782	0	0	0																																																	1	0	0	0.28	0.899	0	0	0	1	0	0	0.33	0.965	0	0	0	1	0	0	0.28	0.795	0	0	0	1	0	0	0.44	0.88	0	0	0	genotype_comparison	in_vivo_tissue	unknown	tumor_tissue	low	other		TRUE	FALSE	partially_confounded		partially_confounded
SRP067349	liver | in_vivo_treatment_arms | conf=high |  | n=12	diet	ex:diet=high fat 8 wk, control - 16wk;tissue:liver	12	12	8	8	4	4	0	0		15309.5	0	8	0	0	8	0	0	0	8	liver	0.185	0.78	-0.859	0.0038	0.0035								1.41	0		0.344	0.75	0.148	-0.036	0.811	M0																																																																																																																																																																																									in_vivo_treatment_arms	in_vivo_tissue	unknown	""	high	liver		TRUE	TRUE	single_sex		single_sex
SRP067454	liver | genotype_comparison | conf=high |  | n=46	genotype/variation	tissue:liver	46	46	27	27	16	11	0.52	0.108		15631	14	13	9	5	27	0	0	0	27	liver	-9.765	7.561	1.323	0.0062	0.0061								14.13	5	0.865	1.439	0.948	1.326	-1.24	0.473	M0,M1,M0perm,M3,M4,M5,M4perm,M5perm,M0permw	17619	17683	0.989	0.86	0.999	0	0	4	17619	17583	0.995	0.9	1	0	0	0	17619	17597	0.992	0.96	1	0	0	0	17619	18497	0.951	0.49	0.99	0	0	1	17683	18497	0.952	0.53	0.991	5	4	1	17619	16993	0.906	0.7	0.992	34	0	3	17683	16993	0.907	0.74	0.993	27	4	3	17619	2956	0.163	0.29	0.68	3873	0	0	17683	2956	0.163	0.3	0.682	3892	4	0	17619	17508	0.979	0.81	0.999	0	0	2	17683	17508	0.98	0.89	0.999	0	4	2	17619	16645	0.925	0.7	0.996	0	0	1	17683	16645	0.926	0.74	0.997	0	4	1																																																																																	genotype_comparison	in_vivo_tissue	unknown	""	high	liver		TRUE	FALSE	balanced		balanced
SRP067490	brain_cns | genotype_comparison | conf=high |  | n=12	genotype	tissue:brain_cns	12	12	12	12	8	4	0.67	0.125		18689	8	4	5	3	12	0	0	0	0	brain	1.378	1.784	0.122	1e-04	0								8.05	2	0.801	-0.162	0.85	0.372	1.624	0.237	M0,M1,M0perm,M3,M4,M5,M4perm,M5perm,M0permw	5	6	0.833	0.86	0.992	0	0	1	5	2	0.167	0.56	0.907	0	0	0	5	6	0.833	0.82	0.994	0	0	0	5	2	0.4	0.57	0.943	0	0	0	6	2	0.333	0.63	0.948	0	1	0	5	2	0.167	0.31	0.847	0	0	0	6	2	0.143	0.34	0.861	0	1	0	5	1	0.2	0.09	0.549	0	0	0	6	1	0.167	0.1	0.585	0	1	0	5	2	0.4	0.76	0.989	0	0	0	6	2	0.333	0.85	0.996	0	1	0	5	1	0.2	0.58	0.942	0	0	0	6	1	0.167	0.64	0.949	0	1	0																																																																																	genotype_comparison	in_vivo_tissue	unknown	""	high	brain_cns		TRUE	FALSE	balanced		balanced
SRP067491	gut | genotype_comparison | conf=medium | tumor_tissue | n=68	genotype/variation	in:tissue type=mouse epithelium;tissue:gut	68	68	16	14	8	6	0	0		16524	0	14	0	0	14	0	0	2	0	gut	1.958	-1.275	-9.552	1e-04	1e-04								0.65	0		0.149	1.11	-2.023	1.273	0.687	M0																																																																																																																																																																																									genotype_comparison	in_vivo_tissue	unknown	tumor_tissue	medium	gut		TRUE	TRUE	single_sex		single_sex
SRP067527	other | between_subject_case_control | conf=high |  | n=9	recipient mouse leukemia status	tissue:other	9	9	9	8	4	4	0.38	0.25		17525	3	5	2	1	8	0	0	1	8	generic	-0.462	1.184	0.422	4e-04	4e-04								7.26	0		-0.393	-1.16	-0.079	-0.471	0.332	M0,M1,M0perm,M4,M5,M4perm,M5perm,M0permw	0	0		0.34	0.874	0	0	0	0	0		0.36	0.872	0	0	0	0	0		0.68	0.951	0	0	0																	0	0		0.15	0.636	0	0	0	0	0		0.25	0.73	0	0	0	0	0		0.05	0.614	0	0	0	0	0		0.05	0.585	0	0	0	0	0		0.08	0.729	0	0	0	0	0		0.32	0.875	0	0	0	0	0		0.02	0.508	0	0	0	0	0		0.24	0.645	0	0	0																																																																																	between_subject_case_control	ex_vivo_primary_cells	unknown	""	high	other		TRUE	FALSE	mildly_imbalanced		mildly_imbalanced
SRP067600	tumor | genotype_comparison | conf=medium | tumor_tissue | n=15	sample type	tissue:tumor	15	15	15	15	9	6	0.6	0.667		15645	9	6	3	6	15	0	0	0	15	generic	-0.818	-1.491	-0.9	0.0248	0.0247								16.65	3	0.304	-0.024	0.061	-0.005	-0.262	-0.406	M0,M1,M0perm,M3,M4,M5,M7,M4perm,M5perm,M7perm,M0permw	479	332	0.155	0.21	0.699	1	0	0	479	519	0.724	0.85	0.985	0	0	0	479	40	0.081	0.55	0.875	0	0	0	479	5690	0.084	0.3	0.959	0	0	3	332	5690	0.046	0.12	0.717	1	0	3	479	1636	0.144	0.18	0.685	0	0	1	332	1636	0.203	0.61	0.984	0	0	1	479	344	0.055	0.09	0.313	12	0	0	332	344	0.243	0.35	0.763	0	0	0	479	13	0.012	0.29	0.635	0	0	0	332	13	0.039	0.62	0.913	0	0	0	479	34	0.028	0.21	0.72	2	0	0	332	34	0.093	0.57	0.888	0	0	0	479	960	0.175	0.23	0.684	4	0	0	332	960	0.344	0.67	0.981	0	0	0	479	231	0.118	0.25	0.699	3	0	0	332	231	0.671	0.88	0.993	0	0	0																																																	genotype_comparison	ex_vivo_primary_cells	unknown	tumor_tissue	medium	tumor		TRUE	FALSE	partially_confounded		partially_confounded
SRP067636	lung | in_vivo_treatment_arms | conf=medium |  | n=248	treatment	in:time point=6 months;subj:mouse id;tissue:lung	248	62	9	9	5	4	1	0		17486	9	0	5	4	9	0	0	0	9	lung	-0.459	-0.007	-0.161	0.002	0.0016								4.62	0		-0.373	-0.037	-0.204	0.41	-0.872	M0																																																																																																																																																																																									in_vivo_treatment_arms	in_vivo_tissue	unknown	""	medium	lung		TRUE	TRUE	single_sex		single_sex
SRP067752	liver | genotype_comparison | conf=high |  | n=12	genotype/variation	tissue:liver	12	12	12	12	6	6	0.5	0		14339	6	6	3	3	0	0	0	0	0	liver	2.219	1.916	-0.953	6e-04	5e-04	readlen	0.302					0.302	1.15	1	0.99	-2.108	1.359	0.145	-0.665	1.388	M0,M1,M0perm,M3,M4,M5,M6,M4perm,M5perm,M6perm,M0permw	4479	6633	0.675	0.59	0.99	0	0	0	4479	4533	0.911	0.85	0.998	0	0	0	4479	4391	0.92	0.95	0.999	0	0	0	4479	6675	0.671	0.6	0.99	0	0	1	6633	6675	0.982	0.96	1	0	0	1	4479	7	0.001	0.37	0.581	440	0	0	6633	7	0.001	0.4	0.58	1003	0	0	4479	143	0.029	0.61	0.502	643	0	0	6633	143	0.021	0.66	0.509	1299	0	0	4479	5979	0.718	0.59	0.984	0	0	1	6633	5979	0.852	0.87	0.994	0	0	1	4479	6307	0.7	0.49	0.986	0	0	1	6633	6307	0.892	0.74	0.996	0	0	1																																																	4479	5784	0.727	0.6	0.983	0	0	0	6633	5784	0.839	0.94	0.994	0	0	0	4479	6137	0.707	0.59	0.984	0	0	0	6633	6137	0.869	0.96	0.994	0	0	0	genotype_comparison	in_vivo_tissue	both_sexes	""	high	liver		TRUE	FALSE	balanced		balanced
SRP068030	gut | genotype_comparison | conf=medium |  | n=28	mouse genotype	tissue:gut	28	14	14	14	9	5	1	0		17838	14	0	9	5	14	0	0	0	14	gut	-1.578	-1.278	-2.862	0	0								12.86	0		2.634	-2.753	1.261	-1.85	0.203	M0																																																																																																																																																																																									genotype_comparison	in_vivo_tissue	unknown	""	medium	gut		TRUE	TRUE	single_sex		single_sex
SRP068356	liver | genotype_comparison | conf=high |  | n=12	genotype	tissue:liver	12	12	12	12	6	6	1	0		14989	12	0	6	6	12	0	0	0	12	liver	-0.398	1.078	1.387	4e-04	3e-04								3.05	0		-0.177	0.468	0.487	-0.482	0.199	M0																																																																																																																																																																																									genotype_comparison	in_vivo_tissue	unknown	""	high	liver		TRUE	TRUE	single_sex		single_sex
SRP068384	adipose | genotype_comparison | conf=high |  | n=55	genotype	tissue:adipose	55	55	15	15	8	7	0.47	0.071		17252	7	8	4	3	0	0	1	0	0	adipose	-0.603	2.601	-0.881	0.0023	0.0019								2.59	2	0.931	-2.121	2.381	2.037	-1.409	-0.004	M0,M1,M0perm,M3,M4,M5,M4perm,M5perm,M0permw	5360	7532	0.712	0.47	0.986	0	0	0	5360	3606	0.648	0.91	0.986	0	0	0	5360	5358	0.918	0.9	0.998	0	0	0	5360	6341	0.667	0.27	0.956	0	0	0	7532	6341	0.707	0.45	0.958	18	0	0	5360	0	0	0.13	0.581	564	0	0	7532	0	0	0.29	0.628	831	0	0	5360	1	0	0.09	0.661	383	0	0	7532	1	0	0.13	0.685	628	0	0	5360	7582	0.688	0.45	0.982	0	0	0	7532	7582	0.871	0.74	0.995	0	0	0	5360	4609	0.543	0.41	0.953	0	0	0	7532	4609	0.548	0.67	0.972	0	0	0																																																																																	genotype_comparison	in_vivo_tissue	both_sexes	""	high	adipose		TRUE	FALSE	balanced		balanced
SRP068418	kidney | genotype_comparison | conf=high |  | n=12	genotype	tissue:kidney	12	12	12	12	6	6	0	0		15876.5	0	12	0	0	12	0	0	0	12	kidney	0.675	0.113	-0.354	0.0011	6e-04	platform	0.354	0.354					2.14	0		-1.364	0.966	1.482	-1.315	-0.31	M0																																																																																																																																																																																									genotype_comparison	in_vivo_tissue	unknown	""	high	kidney		TRUE	TRUE	single_sex		single_sex
SRP068500	brain_cns | genotype_comparison | conf=high |  | n=16	genotype	in:tissue=embryonic whole brain;tissue:brain_cns	16	16	10	10	5	5	0.4	0		18178.5	4	6	2	2	10	0	0	0	0	brain	-1.656	0.2	-0.32	0.0015	7e-04								2.56	1	0.976	-0.52	0.679	0.662	-0.798	0.427	M0,M1,M0perm,M3,M4,M5,M4perm,M5perm,M0permw	71	103	0.689	0.88	0.995	0	0	0	71	58	0.697	0.79	0.859	0	0	0	71	64	0.875	0.94	0.999	0	0	0	71	105	0.676	0.88	0.99	0	0	0	103	105	0.962	0.97	0.995	0	0	0	71	62	0.622	0.7	0.831	0	0	0	103	62	0.542	0.71	0.835	0	0	0	71	25	0.315	0.6	0.347	0	0	0	103	25	0.219	0.6	0.35	0	0	0	71	25	0.297	0.6	0.772	0	0	0	103	25	0.208	0.6	0.779	0	0	0	71	51	0.488	0.65	0.795	0	0	0	103	51	0.375	0.66	0.801	0	0	0																																																																																	genotype_comparison	in_vivo_tissue	unknown	""	high	brain_cns		TRUE	FALSE	balanced		balanced
SRP068520	brain_cns | genotype_comparison | conf=high |  | n=64	genotype/variation	subj:sampleid;tissue:brain_cns	64	64	64	16	8	8	0.5	0		17427	8	8	4	4	0	0	2	0	16	brain	0.093	-0.362	-0.399	3e-04	2e-04								7.23	3	0.87	-0.534	0.612	0.175	-0.151	-0.337	M0,M1,M0perm,M3,M4,M5,M4perm,M5perm,M0permw	0	0		0.89	0.999	0	0	0	0	0		0.84	0.998	0	0	0	0	0		0.92	0.999	0	0	0	0	21	0	0.33	0.759	0	0	0	0	21	0	0.32	0.761	0	0	0	0	0		0.48	0.718	0	0	0	0	0		0.47	0.72	0	0	0	0	0		0.68	0.983	0	0	0	0	0		0.71	0.984	0	0	0	0	0		0.48	0.94	0	0	0	0	0		0.51	0.942	0	0	0	0	0		0.25	0.843	0	0	0	0	0		0.24	0.844	0	0	0																																																																																	genotype_comparison	in_vivo_tissue	both_sexes	""	high	brain_cns		TRUE	FALSE	balanced		balanced
SRP068574	other | genotype_comparison | conf=medium | pooled_samples | n=22	genotype	ex:genotype=wild type;tissue:other	22	22	20	17	8	9	0.53	0.056		15930.5	9	8	4	5	1	0	1	3	17	generic	-0.288	-0.976	-0.727	3e-04	3e-04								4.76	4	0.471	0.256	-0.013	-0.747	0.888	-0.084	M0,M1,M0perm,M3,M4,M5,M4perm,M5perm,M0permw	0	0		0.67	0.984	0	0	0	0	0		0.43	0.857	0	0	0	0	0		0.78	0.986	0	0	0	0	6	0	0.07	0.619	0	0	0	0	6	0	0.09	0.619	0	0	0	0	0		0.28	0.952	0	0	0	0	0		0.35	0.964	0	0	0	0	410	0	0.08	0.753	0	0	0	0	410	0	0.09	0.765	0	0	0	0	0		0.52	0.97	0	0	0	0	0		0.67	0.981	0	0	0	0	0		0.57	0.97	0	0	0	0	0		0.72	0.985	0	0	0																																																																																	genotype_comparison	ex_vivo_primary_cells	both_sexes	pooled_samples	medium	other		TRUE	FALSE	balanced		balanced
SRP068582	brain_cns | genotype_comparison | conf=high |  | n=14	protocol	tissue:brain_cns	14	14	14	14	7	7	0	0		17866.5	0	14	0	0	14	0	0	0	14	brain	-0.565	0.696	-0.173	9e-04	8e-04								5.13	0		-0.11	-0.285	-0.474	0.482	-0.606	M0																																																																																																																																																																																									genotype_comparison	in_vivo_tissue	unknown	""	high	brain_cns		TRUE	TRUE	single_sex		single_sex
SRP068744	blood_immune | genotype_comparison | conf=medium |  | n=8	genotype/variation	tissue:blood_immune	8	8	8	8	4	4	0.25	0.5		16114.5	2	6	0	2	8	0	0	0	8	blood	-1.173	0.2	-0.524	0	0								17.94	0		0.092	-0.656	-0.483	0.655	-0.023	M0,M1,M0perm,M4,M5,M4perm,M5perm,M0permw	0	0		0.59	0.91	0	0	0	0	0		0.62	0.992	0	0	0	0	3	0	0.48	0.884	0	0	1																	0	0		0.37	0.846	0	0	0	0	0		0.44	0.913	0	0	0	0	0		0.32	0.781	0	0	0	0	0		0.37	0.879	0	0	0	0	0		0.05	0.494	0	0	0	0	0		0.06	0.566	0	0	0	0	0		0.11	0.409	0	0	0	0	0		0.11	0.448	0	0	0																																																																																	genotype_comparison	ex_vivo_primary_cells	unknown	""	medium	blood_immune		TRUE	FALSE	partially_confounded		partially_confounded
SRP068777	other | genotype_comparison | conf=high |  | n=12	genotype/variation	tissue:other	12	12	12	12	6	6	0.5	0.333		15558	6	6	4	2	12	0	0	0	12	generic	-1.387	-0.234	-1.046	0	0								17.09	1	0	-0.74	-1.076	-0.254	0.146	-0.073	M0,M1,M0perm,M3,M4,M5,M4perm,M5perm,M0permw	0	0		0.79	0.97	0	0	0	0	0		0.63	0.698	0	0	0	0	0		0.8	0.908	0	0	0	0	20	0	0.35	0.921	0	0	0	0	20	0	0.32	0.894	0	0	0	0	0		0.4	0.789	0	0	0	0	0		0.43	0.824	0	0	0	0	0		0.28	0.386	0	0	0	0	0		0.26	0.378	0	0	0	0	0		0.3	0.69	0	0	0	0	0		0.31	0.725	0	0	0	0	0		0.49	0.737	0	0	0	0	0		0.4	0.733	0	0	0																																																																																	genotype_comparison	ex_vivo_primary_cells	unknown	""	high	other		TRUE	FALSE	partially_confounded		partially_confounded
SRP069240	adipose | in_vivo_treatment_arms | conf=high |  | n=8	exposed to	tissue:adipose	8	8	8	8	4	4	0	0		15265	0	8	0	0	0	0	0	0	8	adipose	2.126	-0.983	0.501	0.0013	7e-04	readlen	0.378					0.378	2.1	0		-9.295	15.236	-2.856	1.48	-1.108	M0																																																																																																																																																																																									in_vivo_treatment_arms	in_vivo_tissue	male_only	""	high	adipose		TRUE	TRUE	single_sex		single_sex
SRP069292	brain_cns | in_vivo_treatment_arms | conf=high |  | n=16	agent	tissue:brain_cns	16	8	8	8	4	4	0.75	0.5		17686	6	2	4	2	8	0	0	0	4	brain	-0.904	1.978	0.323	2e-04	1e-04								1.27	0		0.339	-0.704	-1.417	0.955	1.67	M0,M1,M0perm,M4,M5,M4perm,M5perm,M0permw	37	10	0.27	0.58	0.756	0	0	0	37	10	0.27	0.69	0.844	0	0	0	37	6	0.162	0.63	0.853	0	0	0																	37	0	0	0.16	0.508	0	0	0	10	0	0	0.21	0.783	0	0	0	37	0	0	0.17	0.423	0	0	0	10	0	0	0.27	0.624	0	0	0	37	1	0.027	0.52	0.785	0	0	0	10	1	0.1	0.66	0.921	0	0	0	37	1	0.027	0.16	0.464	0	0	0	10	1	0.1	0.26	0.711	0	0	0																																																																																	in_vivo_treatment_arms	in_vivo_tissue	unknown	""	high	brain_cns		TRUE	FALSE	partially_confounded		partially_confounded
SRP069772	brain_cns | genotype_comparison | conf=high |  | n=21	genotype	tissue:brain_cns	21	21	14	14	7	7	0.21	0.143		18014.5	3	11	2	1	14	0	0	0	14	brain	-0.187	0.062	0.85	0.0035	0.0034	platform	0	0				0	5.83	1	0.233	0.034	-0.252	-0.131	0.132	-0.228	M0,M1,M0perm,M3,M4,M5,M6,M4perm,M5perm,M6perm,M0permw	1	1	1	0.85	0.916	0	0	0	1	1	1	0.48	0.679	0	0	0	1	1	1	0.83	0.974	0	0	0	1	2	0.5	0.59	0.971	0	0	0	1	2	0.5	0.61	0.911	0	0	0	1	2	0.5	0.46	0.778	0	0	0	1	2	0.5	0.5	0.801	0	0	0	1	1	1	0.68	0.952	0	0	0	1	1	1	0.73	0.926	0	0	0	1	1	1	0.6	0.869	0	0	0	1	1	1	0.63	0.85	0	0	0	1	1	1	0.75	0.864	0	0	0	1	1	1	0.83	0.926	0	0	0																																																	1	2	0.5	0.58	0.95	0	0	0	1	2	0.5	0.64	0.921	0	0	0	1	1	1	0.76	0.924	0	0	0	1	1	1	0.83	0.99	0	0	0	genotype_comparison	in_vivo_tissue	unknown	""	high	brain_cns		TRUE	FALSE	balanced		balanced
SRP069809	brain_cns | genotype_comparison | conf=high |  | n=12	genotype	tissue:brain_cns	12	12	8	8	4	4	0.5	0		17859	4	4	2	2	8	0	0	0	8	brain	0.261	0.024	-0.962	4e-04	3e-04								0.77	0		0.606	-1.046	1.706	-1.685	2.026	M0,M1,M0perm,M4,M5,M4perm,M5perm,M0permw	0	35	0	0.78	0.997	0	0	0	0	0		0.92	0.999	0	0	0	0	0		0.91	0.998	0	0	0																	0	2	0	0.01	0.267	0	0	0	35	2	0	0.05	0.267	9	0	0	0	36	0	0.66	0.979	0	0	0	35	36	0.511	0.76	0.981	0	0	0	0	10	0	0.62	0.877	0	0	0	35	10	0.25	0.73	0.88	0	0	0	0	57	0	0.58	0.939	0	0	0	35	57	0.353	0.64	0.942	0	0	0																																																																																	genotype_comparison	in_vivo_tissue	unknown	""	high	brain_cns		TRUE	FALSE	balanced		balanced
SRP069812	kidney | genotype_comparison | conf=medium |  | n=30	genotype/variation	in:tissue=kidney;tissue:kidney	30	30	10	10	5	5	0.3	0.2		17331.5	3	7	1	2	10	0	0	0	10	kidney	0.103	0.331	0.309	0.0064	0.0056								1.35	2	0.757	-0.119	0.095	0.711	-0.348	-0.137	M0,M1,M0perm,M3,M4,M5,M4perm,M5perm,M0permw	0	0		0.43	0.916	0	0	0	0	0		0.69	0.982	0	0	0	0	0		0.74	0.962	0	0	0	0	3	0	0.34	0.841	0	0	0	0	3	0	0.58	0.805	0	0	0	0	0		0.44	0.916	0	0	0	0	0		0.65	0.992	0	0	0	0	0		0.36	0.751	0	0	0	0	0		0.39	0.698	0	0	0	0	0		0.38	0.917	0	0	0	0	0		0.63	0.99	0	0	0	0	0		0.27	0.884	0	0	0	0	0		0.52	0.964	0	0	0																																																																																	genotype_comparison	in_vivo_tissue	unknown	""	medium	kidney		TRUE	FALSE	mildly_imbalanced		mildly_imbalanced
SRP069873	heart | genotype_comparison | conf=high |  | n=12	treatment	tissue:heart	12	12	12	10	5	5	0.7	0.2		13759.5	7	3	4	3	10	0	0	2	10	heart	-0.776	0.032	0.554	8e-04	7e-04	layout	0		0			0	3.61	2	0.02	2.14	1.303	-0.314	1.705	-0.665	M0,M1,M0perm,M3,M4,M5,M6,M4perm,M5perm,M6perm,M0permw	38	31	0.725	0.96	0.985	0	0	0	38	20	0.45	0.84	0.881	0	0	0	38	33	0.69	0.89	0.968	0	0	0	38	43	0.62	0.64	0.527	0	0	0	31	43	0.542	0.65	0.53	0	0	0	38	0	0	0.26	0.361	0	0	0	31	0	0	0.26	0.346	0	0	0	38	11	0.256	0.5	0.035	0	0	0	31	11	0.312	0.5	0.058	0	0	0	38	11	0.289	0.73	0.907	0	0	0	31	11	0.355	0.74	0.936	0	0	0	38	0	0	0.38	0.492	0	0	0	31	0	0	0.39	0.524	0	0	0																																																	38	24	0.55	0.86	0.969	0	0	0	31	24	0.719	0.88	0.981	0	0	0	38	22	0.463	0.61	0.946	0	0	0	31	22	0.606	0.62	0.957	0	0	0	genotype_comparison	in_vivo_tissue	unknown	""	high	heart		TRUE	FALSE	mildly_imbalanced		mildly_imbalanced
SRP069966	liver | in_vivo_treatment_arms | conf=medium |  | n=52	treatment	tissue:liver	52	13	8	8	4	4	0	0		16354.5	0	8	0	0	8	0	0	0	0	liver	0.804	-0.13	0.071	0.001	9e-04								0.79	0		0.386	-0.664	1.418	-1.165	0.223	M0																																																																																																																																																																																									in_vivo_treatment_arms	in_vivo_tissue	unknown	""	medium	liver		TRUE	TRUE	single_sex		single_sex
SRP069979	blood_immune | genotype_comparison | conf=medium |  | n=32	genotype/variation	in:sample type=control;in:source_name=naive cd8+ t cells;tissue:blood_immune	32	32	8	8	4	4	0.5	0		14106	4	4	2	2	8	0	0	0	8	blood	0.616	0.072	-0.105	2e-04	2e-04	pubmonth	0.378				0.378	0	4.54	0		-0.371	0.014	0.398	-0.337	1.618	M0,M1,M0perm,M4,M5,M6,M4perm,M5perm,M6perm,M0permw	0	131	0	0.15	0.91	0	0	0	0	0		0.88	0.991	0	0	0	0	1	0	0.72	0.914	0	0	0																	0	0		0.13	0.525	0	0	0	131	0	0	0.27	0.563	0	0	0	0	19	0	0.18	0.871	0	0	0	131	19	0.145	0.62	0.917	0	0	0	0	25	0	0.19	0.749	0	0	0	131	25	0.156	0.45	0.774	0	0	0	0	53	0	0.19	0.857	0	0	0	131	53	0.305	0.63	0.897	1	0	0																																																	0	55	0	0.18	0.855	0	0	0	131	55	0.398	0.73	0.939	0	0	0	0	42	0	0.18	0.851	0	0	0	131	42	0.311	0.77	0.934	0	0	0	genotype_comparison	ex_vivo_primary_cells	unknown	""	medium	blood_immune		TRUE	FALSE	balanced		balanced
SRP070188	blood_immune | genotype_comparison | conf=medium |  | n=15	genotype	tissue:blood_immune	15	15	15	15	6	9	0.73	0.111		17567	11	4	4	7	15	0	0	0	15	blood	-0.351	-1.855	-1.287	1e-04	0								26.54	2	0.033	-0.4	-1.386	-0.991	0.913	-1.117	M0,M1,M0perm,M3,M4,M5,M4perm,M5perm,M0permw	3277	3030	0.876	0.8	0.998	0	0	0	3277	3900	0.809	0.88	0.992	0	0	0	3277	2806	0.845	0.96	0.998	0	0	0	3277	9232	0.355	0.39	0.969	0	0	0	3030	9232	0.327	0.3	0.968	0	0	0	3277	2230	0.408	0.67	0.729	0	0	0	3030	2230	0.423	0.65	0.727	0	0	0	3277	4375	0.392	0.44	0.841	0	0	0	3030	4375	0.392	0.4	0.845	0	0	0	3277	1484	0.45	0.75	0.984	0	0	0	3030	1484	0.486	0.89	0.985	0	0	0	3277	2532	0.664	0.73	0.977	0	0	0	3030	2532	0.708	0.8	0.98	0	0	0																																																																																	genotype_comparison	ex_vivo_primary_cells	unknown	""	medium	blood_immune		TRUE	FALSE	balanced		balanced
SRP070440	brain_cns | genotype_comparison | conf=high |  | n=96	genotype	in:tissue=cortex;subj:animal id;tissue:brain_cns	96	96	12	12	4	8	0.5	0	0.866	17779.5	6	6	2	4	0	0	0	0	0	brain	0.06	0.742	0.495	2e-04	2e-04								4.12	1	0.999	1.185	-9.14	-0.043	0.008	-0.532	M0,M1,M0perm,M2,M2perm,M3,M4,M5,M4perm,M5perm,M0permw	98	90	0.825	0.9	0.998	0	0	0	98	71	0.657	0.81	0.967	0	0	0	98	104	0.82	0.89	0.999	0	0	0	98	91	0.835	0.9	0.999	0	0	0	90	91	0.989	1	1	0	0	0	98	0	0	0.18	0.272	7	0	0	90	0	0	0.18	0.273	5	0	0	98	85	0.591	0.75	0.957	0	0	0	90	85	0.651	0.78	0.958	0	0	0	98	49	0.441	0.76	0.945	0	0	0	90	49	0.479	0.8	0.946	0	0	0	98	70	0.6	0.81	0.959	0	0	0	90	70	0.684	0.83	0.961	0	0	0																																	98	87	0.581	0.76	0.943	0	0	0	98	84	0.701	0.83	0.983	0	0	0																																	genotype_comparison	in_vivo_tissue	both_sexes	""	high	brain_cns		TRUE	FALSE	balanced	partially_confounded	partially_confounded
SRP070571	other | genotype_comparison | conf=medium |  | n=17	genotype	in:tissue=limb buds;tissue:other	17	17	8	8	4	4	0.12	0.25		17764.5	1	7	0	1	8	0	0	0	8	generic	0.825	-0.594	-0.85	0.0059	0.0043								4.55	0		-1.469	-0.616	2.138	-2.326	-0.489	M0,M1,M0perm,M4,M5,M4perm,M5perm,M0permw	98	87	0.542	0.71	0.948	0	0	0	98	59	0.427	0.72	0.969	0	0	0	98	87	0.542	0.71	0.948	0	0	0																	98	13	0.121	0.38	0.565	0	0	0	87	13	0.149	0.5	0.705	0	0	0	98	75	0.169	0.31	0.863	0	0	1	87	75	0.165	0.3	0.867	0	0	1	98	56	0.203	0.34	0.72	0	0	0	87	56	0.265	0.4	0.754	0	0	0	98	29	0.233	0.47	0.909	0	0	0	87	29	0.289	0.58	0.949	0	0	0																																																																																	genotype_comparison	in_vivo_tissue	unknown	""	medium	other		TRUE	FALSE	mildly_imbalanced		mildly_imbalanced
SRP070642	tumor | genotype_comparison | conf=medium | tumor_tissue | n=19	genotype/variation	tissue:tumor	19	19	15	15	11	4	0.87	0.5		15162	13	2	11	2	15	0	0	0	15	generic	1.447	1.333	1.3	0.0037	0.0037	layout	0.302	0.107	0.302			0.302	5.04	3	0.015	-0.393	0.015	-0.936	0.262	0.05	M0,M1,M0perm,M3,M4,M5,M6,M4perm,M5perm,M6perm,M0permw	3133	925	0.292	0.74	0.971	0	1	0	3133	3088	0.851	0.81	0.994	0	1	1	3133	925	0.292	0.74	0.971	0	1	0	3133	8084	0.387	0.32	0.942	0	1	3	925	8084	0.114	0.25	0.917	0	0	3	3133	1261	0.375	0.56	0.955	0	1	4	925	1261	0.633	0.63	0.98	0	0	4	3133	260	0.08	0.5	0.893	0	1	0	925	260	0.233	0.58	0.93	0	0	0	3133	557	0.177	0.64	0.949	0	1	0	925	557	0.572	0.79	0.98	0	0	0	3133	13	0.004	0.42	0.874	0	1	0	925	13	0.014	0.48	0.878	0	0	0																																																	3133	663	0.209	0.65	0.944	0	1	0	925	663	0.658	0.82	0.977	0	0	0	3133	453	0.144	0.7	0.96	0	1	0	925	453	0.487	0.89	0.989	0	0	0	genotype_comparison	in_vivo_tissue	unknown	tumor_tissue	medium	tumor		TRUE	FALSE	partially_confounded		partially_confounded
SRP070673	other | in_vivo_treatment_arms | conf=high |  | n=387	diet	in:time=d90;subj:mouse id;tissue:other	387	338	99	92	46	46	0.73	0.022		15281	67	25	33	34	92	0	0	7	92	generic	0.34	0.004	-0.238	0.0027	0.0027								6.97	5	0.034	-0.287	0.152	0.179	-0.205	0.612	M0,M1,M0perm,M3,M4,M5,M4perm,M5perm,M0permw	2	2	1	0.94	0.996	0	0	0	2	2	1	0.85	0.994	0	0	0	2	1	0.5	0.87	0.996	0	0	0	2	4	0.5	0.63	0.903	0	0	0	2	4	0.5	0.63	0.898	0	0	0	2	3	0.25	0.57	0.865	0	0	0	2	3	0.25	0.57	0.875	0	0	0	2	2	1	0.63	0.932	0	0	0	2	2	1	0.63	0.939	0	0	0	2	1	0.5	0.85	0.978	0	0	0	2	1	0.5	0.86	0.98	0	0	0	2	2	1	0.9	0.988	0	0	0	2	2	1	0.94	0.993	0	0	0																																																																																	in_vivo_treatment_arms	in_vivo_tissue	unknown	""	high	other		TRUE	FALSE	balanced		balanced
SRP070767	brain_cns | genotype_comparison | conf=high |  | n=96	genotype	tissue:brain_cns	96	96	48	48	16	32	0.5	0	0	17781.5	24	24	8	16	0	0	0	0	0	brain	-0.051	-0.551	-0.389	4e-04	3e-04								3.28	5	0.698	-0.429	0.516	0.101	0.158	-0.852	M0,M1,M0perm,M2,M2perm,M3,M4,M5,M4perm,M5perm,M0permw	237	262	0.905	0.95	1	0	0	0	237	252	0.804	0.87	0.989	0	0	0	237	238	0.955	0.99	1	0	0	0	237	629	0.366	0.66	0.738	0	0	0	262	629	0.401	0.66	0.738	0	0	0	237	349	0.575	0.79	0.692	0	0	0	262	349	0.595	0.8	0.694	0	0	0	237	304	0.63	0.79	0.897	0	0	0	262	304	0.631	0.81	0.897	0	0	0	237	244	0.795	0.93	0.991	0	0	0	262	244	0.801	0.96	0.992	0	0	0	237	223	0.811	0.92	0.986	0	0	0	262	223	0.79	0.93	0.987	0	0	0																																	237	310	0.765	0.91	0.999	0	0	0	237	211	0.806	0.88	0.982	0	0	0																																	genotype_comparison	in_vivo_tissue	both_sexes	""	high	brain_cns		TRUE	FALSE	balanced	balanced	balanced
SRP070769	brain_cns | genotype_comparison | conf=high |  | n=95	genotype	tissue:brain_cns	95	95	47	47	15	32	0.51	0.033	0.065	18084	24	23	8	16	0	0	0	0	0	brain	-0.001	-0.637	-0.098	2e-04	1e-04								3.77	5	0.954	-0.336	0.289	0.173	-0.087	-0.261	M0,M1,M0perm,M2,M2perm,M3,M4,M5,M4perm,M5perm,M0permw	155	173	0.896	0.93	0.999	0	0	0	155	135	0.779	0.89	0.979	0	0	0	155	151	0.937	0.98	0.999	0	0	0	155	617	0.245	0.59	0.865	0	0	0	173	617	0.268	0.6	0.866	0	0	0	155	211	0.671	0.87	0.96	0	0	0	173	211	0.699	0.88	0.959	0	0	0	155	120	0.545	0.8	0.889	0	0	0	173	120	0.503	0.82	0.887	0	0	0	155	206	0.703	0.9	0.982	0	0	0	173	206	0.739	0.91	0.984	0	0	0	155	111	0.642	0.86	0.953	0	0	0	173	111	0.605	0.86	0.954	0	0	0																																	155	325	0.477	0.87	0.995	0	0	0	155	165	0.916	0.94	0.998	0	0	0																																	genotype_comparison	in_vivo_tissue	both_sexes	""	high	brain_cns		TRUE	FALSE	balanced	balanced	balanced
SRP070770	liver | genotype_comparison | conf=high |  | n=93	genotype	tissue:liver	93	93	47	47	15	32	0.51	0.033	0.065	14869	24	23	8	16	0	0	0	0	0	liver	0.006	0.566	-0.359	4e-04	3e-04								6.06	4	0.977	-0.22	0.185	-0.021	0.038	0.209	M0,M1,M0perm,M2,M2perm,M3,M4,M5,M4perm,M5perm,M0permw	3	3	1	0.48	0.99	0	0	0	3	3	1	0.93	0.999	0	0	0	3	3	1	0.94	0.999	0	0	0	3	8	0.375	0.32	0.913	0	0	0	3	8	0.375	0.45	0.928	0	0	0	3	3	1	0.42	0.934	0	0	0	3	3	1	0.7	0.945	0	0	0	3	5	0.6	0.32	0.853	0	0	0	3	5	0.6	0.51	0.869	0	0	0	3	3	1	0.5	0.973	0	0	0	3	3	1	0.83	0.984	0	0	0	3	3	1	0.42	0.959	0	0	0	3	3	1	0.71	0.969	0	0	0																																	3	3	1	0.49	0.988	0	0	0	3	4	0.75	0.51	0.988	0	0	0																																	genotype_comparison	in_vivo_tissue	both_sexes	""	high	liver		TRUE	FALSE	balanced	balanced	balanced
SRP070775	brain_cns | genotype_comparison | conf=high |  | n=96	genotype	tissue:brain_cns	96	96	48	48	16	32	0.5	0	0	13333.5	24	24	8	16	0	7	34	0	0	brain	-0.128	0.145	-0.513	2e-04	1e-04								3.2	4	0.067	0.461	-0.204	-0.071	0.149	-0.091	M0,M1,M0perm,M2,M2perm,M3,M4,M5,M4perm,M5perm,M0permw	4095	4076	0.945	0.93	0.992	1	0	0	4095	4116	0.95	0.96	0.998	0	0	0	4095	4218	0.956	0.96	0.998	0	0	0	4095	4385	0.737	0.82	0.951	1	0	0	4076	4385	0.725	0.81	0.943	6	0	0	4095	4607	0.783	0.85	0.972	0	0	0	4076	4607	0.803	0.84	0.978	0	0	0	4095	4518	0.858	0.87	0.988	1	0	0	4076	4518	0.858	0.88	0.988	1	0	0	4095	4104	0.865	0.9	0.984	0	0	0	4076	4104	0.886	0.92	0.99	0	0	0	4095	3979	0.882	0.92	0.988	1	0	0	4076	3979	0.908	0.94	0.995	0	0	0																																	4095	4343	0.908	0.86	0.99	1	0	0	4095	4025	0.916	0.94	0.989	1	0	0																																	genotype_comparison	in_vivo_tissue	both_sexes	""	high	brain_cns		TRUE	FALSE	balanced	balanced	balanced
SRP070849	other | genotype_comparison | conf=medium |  | n=19	genotype	ex:treatment=ag-221;ex:treatment=5-aza;tissue:other	19	19	8	8	4	4	0	0		17258	0	8	0	0	8	0	0	0	8	generic	-1.235	-2.441	-3.093	2e-04	2e-04								25.3	0		-1.734	-1.064	-2.67	2.127	0.401	M0																																																																																																																																																																																									genotype_comparison	ex_vivo_primary_cells	unknown	""	medium	other		TRUE	TRUE	single_sex		single_sex
SRP070880	reproductive | genotype_comparison | conf=high |  | n=18	genotype/variation	tissue:reproductive	18	18	18	18	9	9	1	0		17402.5	18	0	9	9	18	0	0	0	0	generic	0.294	0.677	0.713	5e-04	5e-04								11.31	0		1	0.16	-0.396	0.549	-0.493	M0																																																																																																																																																																																									genotype_comparison	in_vivo_tissue	female_only	""	high	reproductive		TRUE	TRUE	single_sex		single_sex
SRP070906	brain_cns | genotype_comparison | conf=high |  | n=19	genotype	subj:source_name;tissue:brain_cns	19	19	14	12	5	7	0.42	0.657		19242.5	5	7	4	1	12	0	0	2	12	brain	-1.382	-1.795	2.081	0.0034	0.0024								4.97	2	0.024	-0.876	0.99	0.909	-0.906	-0.348	M0,M1,M0perm,M3,M4,M5,M4perm,M5perm,M0permw	2022	1053	0.395	0.61	0.927	0	0	0	2022	1866	0.842	0.85	0.999	0	0	0	2022	42	0.021	0.66	0.901	0	0	0	2022	3266	0.573	0.55	0.886	0	0	1	1053	3266	0.267	0.48	0.722	2	0	1	2022	244	0.094	0.5	0.711	1	0	1	1053	244	0.158	0.56	0.695	0	0	1	2022	88	0.038	0.5	0.717	3	0	0	1053	88	0.068	0.61	0.7	0	0	0	2022	0	0	0.49	0.854	0	0	0	1053	0	0	0.63	0.932	0	0	0	2022	97	0.045	0.52	0.892	0	0	0	1053	97	0.09	0.69	0.973	0	0	0																																																																																	genotype_comparison	in_vivo_tissue	unknown	""	high	brain_cns		TRUE	FALSE	partially_confounded		partially_confounded
SRP070944	brain_cns | genotype_comparison | conf=medium | ffpe_or_degraded | n=29	genotype	in:sort=cd11b;tissue:brain_cns	29	29	10	10	5	5	0.2	0.4		12414.5	2	8	0	2	0	1	7	0	10	brain	0.516	0.99	0.684	1e-04	1e-04								25.6	3	0.467	-0.845	-0.607	0.949	-1.297	-1.111	M0,M1,M0perm,M3,M4,M5,M4perm,M5perm,M0permw	3	1	0.333	0.67	0.89	0	0	0	3	2	0.667	0.86	0.99	0	0	0	3	1	0.333	0.65	0.912	0	0	0	3	14	0.214	0.59	0.814	0	0	0	1	14	0.071	0.6	0.85	0	0	0	3	2	0.25	0.29	0.498	0	0	0	1	2	0.5	0.37	0.656	0	0	0	3	1	0.333	0.42	0.79	0	0	0	1	1	1	0.5	0.889	0	0	0	3	1	0.333	0.51	0.852	0	0	0	1	1	1	0.69	0.969	0	0	0	3	1	0.333	0.32	0.698	0	0	0	1	1	1	0.37	0.811	0	0	0																																																																																	genotype_comparison	ex_vivo_primary_cells	both_sexes	ffpe_or_degraded	medium	brain_cns		TRUE	FALSE	partially_confounded		partially_confounded
SRP071231	liver | dose_response | conf=medium | ffpe_or_degraded | n=80	dose	in:sample preparation=frozen;tissue:liver	80	80	12	12	6	6	0	0		15673.5	0	12	0	0	0	0	1	0	0	liver	-3.268	-0.056	-1.608	9e-04	6e-04								4.17	0		5.058	2.643	0.799	-0.231	-1.621	M0																																																																																																																																																																																									dose_response	in_vivo_tissue	male_only	ffpe_or_degraded	medium	liver		TRUE	TRUE	single_sex		single_sex
SRP071238	muscle | in_vivo_treatment_arms | conf=medium |  | n=14	treatment	tissue:muscle	14	14	14	14	8	6	0	0		15146	0	14	0	0	14	0	0	0	14	muscle	-0.592	-0.396	-0.423	4e-04	2e-04								1.72	0		-1.299	-0.463	-0.372	0.549	0.116	M0																																																																																																																																																																																									in_vivo_treatment_arms	in_vivo_tissue	unknown	""	medium	muscle		TRUE	TRUE	single_sex		single_sex
SRP071333	other | genotype_comparison | conf=medium |  | n=24	genotype	tissue:other	24	24	24	21	11	10	0.71	0.164		16711.5	15	6	7	8	21	0	0	3	21	generic	-0.648	-0.829	0.757	0.0069	0.0057								1.21	1	0.022	-0.136	-1.028	-0.282	-0.08	0.363	M0,M1,M0perm,M3,M4,M5,M4perm,M5perm,M0permw	7	5	0.5	0.8	0.964	0	0	0	7	1	0.143	0.96	0.995	0	0	0	7	1	0.143	0.82	0.984	0	0	0	7	8	0.875	0.84	0.935	0	0	0	5	8	0.625	0.77	0.916	0	0	0	7	0	0	0.47	0.793	0	0	0	5	0	0	0.49	0.781	0	0	0	7	0	0	0.43	0.602	0	0	0	5	0	0	0.46	0.559	0	0	0	7	1	0.143	0.64	0.942	0	0	0	5	1	0.2	0.76	0.984	0	0	0	7	1	0.143	0.72	0.956	0	0	0	5	1	0.2	0.81	0.991	0	0	0																																																																																	genotype_comparison	in_vivo_tissue	unknown	""	medium	other		TRUE	FALSE	mildly_imbalanced		mildly_imbalanced
SRP071570	brain_cns | in_vivo_treatment_arms | conf=high |  | n=30	light exposure	in:tissue=neural retina;tissue:brain_cns	30	30	30	30	24	6	1	0		17187.5	30	0	24	6	30	0	0	0	0	brain	0.053	0.638	0.509	4e-04	4e-04								3.95	0		0.421	0.342	0.825	-0.852	-0.195	M0																																																																																																																																																																																									in_vivo_treatment_arms	in_vivo_tissue	both_sexes	""	high	brain_cns		TRUE	TRUE	single_sex		single_sex
SRP071610	liver | genotype_comparison | conf=high |  | n=12	genotype/variation	tissue:liver	12	12	12	12	6	6	0	0		14747	0	12	0	0	12	0	0	0	0	liver	0.902	-0.28	0.567	2e-04	2e-04								0.74	0		0.538	0.195	-0.007	0.255	-0.204	M0																																																																																																																																																																																									genotype_comparison	in_vivo_tissue	unknown	""	high	liver		TRUE	TRUE	single_sex		single_sex
SRP071732	blood_immune | genotype_comparison | conf=high |  | n=12	genotype	tissue:blood_immune	12	12	12	12	4	8	0	0		14900	0	12	0	0	12	0	0	0	12	blood	0.621	-1.745	-0.531	1e-04	1e-04								12.65	0		-1.336	-0.864	-1.164	0.239	0.049	M0																																																																																																																																																																																									genotype_comparison	ex_vivo_primary_cells	unknown	""	high	blood_immune		TRUE	TRUE	single_sex		single_sex
SRP071754	liver | in_vivo_treatment_arms | conf=high |  | n=9	diet	tissue:liver	9	9	9	9	4	5	0	0		15189	0	9	0	0	9	0	0	0	9	liver	0.776	-0.058	1.65	9e-04	6e-04								1.1	0		1.021	0.736	0.437	-0.988	-0.06	M0																																																																																																																																																																																									in_vivo_treatment_arms	in_vivo_tissue	unknown	""	high	liver		TRUE	TRUE	single_sex		single_sex
SRP072072	liver | genotype_comparison | conf=high |  | n=12	genotype	tissue:liver	12	12	12	12	6	6	0	0		13988	0	12	0	0	12	0	0	0	0	liver	1.34	-0.776	1.405	6e-04	3e-04								1.17	0		-0.359	3.29	0.155	0.373	-0.848	M0																																																																																																																																																																																									genotype_comparison	in_vivo_tissue	unknown	""	high	liver		TRUE	TRUE	single_sex		single_sex
SRP072124	reproductive | other | conf=medium |  | n=13	developmental stage	tissue:reproductive	13	13	13	13	7	6	1	0	Inf	16287	13	0	7	6	13	0	0	0	0	generic	2.764	3.496	1.178	0.0029	0.0028								14.4	0		2.799	-2.791	2.15	-1.969	-0.713	M0																																																																																																																																																																																									other	in_vivo_tissue	female_only	""	medium	reproductive		TRUE	TRUE	single_sex	completely_confounded	single_sex
SRP072171	blood_immune | in_vivo_treatment_arms | conf=medium |  | n=32	treatment	tissue:blood_immune	32	8	8	8	4	4	0	0		11466.5	0	8	0	0	0	0	0	0	8	blood	3.415	-0.072	-0.494	0.4501	0.2813								9.56	0		0.409	0.611	0.433	0.494	0.391	M0																																																																																																																																																																																									in_vivo_treatment_arms	in_vivo_tissue	male_only	""	medium	blood_immune		TRUE	TRUE	single_sex		single_sex
SRP072380	blood_immune | genotype_comparison | conf=high |  | n=8	genotype	tissue:blood_immune	8	8	8	8	4	4	0	0		14043.5	0	8	0	0	8	0	0	0	8	blood	0.095	-1.901	-0.022	0	0								4.98	0		-0.718	0.533	0.027	-0.066	-0.299	M0																																																																																																																																																																																									genotype_comparison	ex_vivo_primary_cells	unknown	""	high	blood_immune		TRUE	TRUE	single_sex		single_sex
SRP072383	blood_immune | genotype_comparison | conf=medium |  | n=12	genotype	in:cell type=ex-vivo marginal zone b cells;tissue:blood_immune	12	12	8	8	4	4	0	0		13926	0	8	0	0	8	0	0	0	8	blood	1.132	0.452	1.701	1e-04	1e-04								4.8	0		-1.993	0.525	0.277	-0.319	-0.722	M0																																																																																																																																																																																									genotype_comparison	ex_vivo_primary_cells	unknown	""	medium	blood_immune		TRUE	TRUE	single_sex		single_sex
SRP072457	brain_cns | genotype_comparison | conf=high |  | n=12	genotype	tissue:brain_cns	12	12	8	8	4	4	0.5	0		18014	4	4	2	2	8	0	0	0	8	brain	-1.263	0.824	0.655	8e-04	5e-04	readlen	0.378					0.378	1.62	0		-0.661	-0.051	-0.441	-0.211	0.261	M0,M1,M4,M5,M6,M4perm,M5perm,M6perm,M0permw	979	3633	0.269	0.53	0.992	0	0	1	979	319	0.326	0.97	0.999	0	0	0	979	319	0.326	0.97	0.999	0	0	0																	979	1673	0.289	0.37	0.868	0	0	0	3633	1673	0.309	0.49	0.874	0	1	0	979	2296	0.175	0.19	0.623	3	0	2	3633	2296	0.254	0.27	0.619	140	1	2	979	1315	0.445	0.6	0.973	0	0	0	3633	1315	0.359	0.8	0.978	0	1	0	979	5431	0.18	0.43	0.985	0	0	0	3633	5431	0.651	0.56	0.987	0	1	0																																																	979	4489	0.218	0.54	0.95	0	0	0	3633	4489	0.682	0.79	0.956	0	1	0	979	2020	0.439	0.52	0.975	0	0	0	3633	2020	0.544	0.86	0.983	0	1	0	genotype_comparison	in_vivo_tissue	unknown	""	high	brain_cns		TRUE	FALSE	balanced		balanced
SRP072844	brain_cns | genotype_comparison | conf=high |  | n=8	genotype/variation	tissue:brain_cns	8	8	8	8	4	4	0.62	0.25		17601	5	3	2	3	8	0	0	0	0	brain	0.038	-1.226	0.606	2e-04	1e-04								2.12	0		0.423	-0.748	0.098	-0.11	-0.676	M0,M1,M0perm,M4,M5,M4perm,M5perm,M0permw	2	1	0.5	0.73	0.959	0	0	0	2	0	0	0.1	0.606	0	0	0	2	1	0.5	0.79	0.975	0	0	0																	2	0	0	0.31	0.871	0	0	0	1	0	0	0.32	0.919	0	0	0	2	0	0	0.05	0.649	0	0	0	1	0	0	0.05	0.572	0	0	0	2	0	0	0.07	0.562	0	0	0	1	0	0	0.07	0.454	0	0	0	2	0	0	0.3	0.713	0	0	0	1	0	0	0.31	0.792	0	0	0																																																																																	genotype_comparison	in_vivo_tissue	unknown	""	high	brain_cns		TRUE	FALSE	mildly_imbalanced		mildly_imbalanced
SRP072877	heart | genotype_comparison | conf=high |  | n=12	genotype	tissue:heart	12	12	12	12	6	6	0.5	0.333		17389.5	6	6	4	2	12	0	0	0	12	heart	0.181	-0.945	-0.77	0.0095	0.0073								3.93	2	0.473	-1.03	-0.134	0.273	-0.722	-0.537	M0,M1,M3,M4,M5,M4perm,M5perm,M0permw	530	685	0.605	0.69	0.917	0	0	0	530	415	0.586	0.83	0.96	0	0	0	530	415	0.586	0.83	0.96	0	0	0	530	1648	0.322	0.55	0.972	0	0	0	685	1648	0.405	0.67	0.927	1	0	0	530	261	0.338	0.57	0.845	0	0	0	685	261	0.321	0.7	0.828	0	0	0	530	432	0.451	0.54	0.864	0	0	0	685	432	0.389	0.67	0.772	0	0	0	530	226	0.377	0.6	0.919	0	0	0	685	226	0.311	0.72	0.886	0	0	0	530	430	0.439	0.56	0.891	0	0	0	685	430	0.517	0.75	0.972	0	0	0																																																																																	genotype_comparison	in_vivo_tissue	unknown	""	high	heart		TRUE	FALSE	partially_confounded		partially_confounded
SRP073042	brain_cns | genotype_comparison | conf=medium | tumor_tissue | n=15	genotype/variation	ex:source_name=normal brain astrocytes;ex:source_name=normal brain opcs;tissue:brain_cns	15	15	10	10	5	5	0.5	0.6		17460	5	5	1	4	10	0	0	0	10	brain	-2.838	-2.65	0.679	0	0	readlen	0					0	8.47	1	0.002	0.068	0.687	0.729	-0.613	-0.757	M0,M1,M0perm,M3,M4,M5,M6,M4perm,M5perm,M6perm,M0permw	3590	2012	0.514	0.77	0.945	0	0	0	3590	3185	0.853	0.87	0.984	0	0	0	3590	2001	0.537	0.76	0.957	0	0	0	3590	5248	0.683	0.56	0.987	0	0	0	2012	5248	0.366	0.51	0.94	0	0	0	3590	3039	0.566	0.41	0.861	0	0	1	2012	3039	0.642	0.47	0.938	0	0	1	3590	1520	0.16	0.09	0.427	277	0	0	2012	1520	0.193	0.1	0.52	25	0	0	3590	0	0	0.49	0.747	11	0	0	2012	0	0	0.62	0.835	0	0	0	3590	1004	0.269	0.69	0.936	0	0	0	2012	1004	0.495	0.81	0.985	0	0	0																																																	3590	3532	0.662	0.43	0.935	0	0	0	2012	3532	0.569	0.5	0.988	0	0	0	3590	1532	0.389	0.6	0.927	0	0	0	2012	1532	0.704	0.73	0.964	0	0	0	genotype_comparison	in_vivo_tissue	unknown	tumor_tissue	medium	brain_cns		TRUE	FALSE	partially_confounded		partially_confounded
SRP073062	lung | genotype_comparison | conf=medium |  | n=19	genotype	in:tissue=lung;tissue:lung	19	19	10	10	5	5	0	0		18849	0	10	0	0	10	0	0	0	10	lung	-0.001	-0.538	-0.094	0.0071	0.0066								2.79	0		-0.435	-0.028	-0.382	0.382	0.298	M0																																																																																																																																																																																									genotype_comparison	in_vivo_tissue	unknown	""	medium	lung		TRUE	TRUE	single_sex		single_sex
SRP073086	brain_cns | genotype_comparison | conf=high |  | n=59	genotype/variation	tissue:brain_cns	59	59	59	59	30	29	0.47	0.052	0.031	17959	28	31	15	13	0	0	0	0	0	brain	0.21	0.235	-0.278	0.002	0.0019								2.9	5	0.84	0.211	-0.022	-0.105	0.081	-1.048	M0,M1,M0perm,M2,M2perm,M3,M4,M5,M4perm,M5perm,M0permw	1	1	1	0.92	0.997	0	0	0	1	1	1	0.62	0.929	0	0	0	1	1	1	0.94	0.998	0	0	0	1	1	1	0.33	0.704	0	0	0	1	1	1	0.33	0.71	0	0	0	1	1	1	0.45	0.593	0	0	0	1	1	1	0.46	0.601	0	0	0	1	1	1	0.56	0.638	0	0	0	1	1	1	0.56	0.649	0	0	0	1	1	1	0.78	0.968	0	0	0	1	1	1	0.8	0.971	0	0	0	1	1	1	0.64	0.917	0	0	0	1	1	1	0.62	0.918	0	0	0																																	1	1	1	0.79	0.988	0	0	0	1	1	1	0.82	0.985	0	0	0																																	genotype_comparison	in_vivo_tissue	both_sexes	""	high	brain_cns		TRUE	FALSE	balanced	balanced	balanced
SRP073096	muscle | genotype_comparison | conf=high |  | n=16	genotype	tissue:muscle	16	8	8	8	4	4	1	0		17684	8	0	4	4	0	0	0	0	0	muscle	-1.649	0.288	-0.551	0.0018	0.0016								5.81	0		0.109	2.18	2.027	-2.094	-0.857	M0																																																																																																																																																																																									genotype_comparison	in_vivo_tissue	female_only	""	high	muscle		TRUE	TRUE	single_sex		single_sex
SRP073119	adipose | in_vivo_treatment_arms | conf=high |  | n=24	diet	tissue:adipose	24	24	24	24	12	12	1	0		16849	24	0	12	12	24	0	0	0	24	adipose	-0.656	0.577	0.57	0.0024	0.0024								6.13	0		-1.252	0.335	0.919	-0.822	-1.149	M0																																																																																																																																																																																									in_vivo_treatment_arms	in_vivo_tissue	female_only	""	high	adipose		TRUE	TRUE	single_sex		single_sex
SRP073224	brain_cns | genotype_comparison | conf=high |  | n=8	genotype/variation	tissue:brain_cns	8	8	8	8	4	4	0.38	0.75		18104.5	3	5	3	0	8	0	0	0	8	brain	-0.13	-0.034	-2.471	5e-04	2e-04								1.28	0		-0.55	0	-0.212	0.193	1.62	M0,M1,M0perm,M4,M5,M4perm,M5perm,M0permw	717	670	0.323	0.59	0.766	0	4	0	717	601	0.736	0.91	0.971	0	4	4	717	140	0.19	0.84	0.761	0	4	0																	717	18	0.022	0.4	0.691	4	4	0	670	18	0.027	0.65	0.78	0	0	0	717	383	0.273	0.51	0.681	3	4	0	670	383	0.341	0.64	0.747	0	0	0	717	158	0.184	0.52	0.691	3	4	0	670	158	0.214	0.7	0.877	0	0	0	717	1422	0.203	0.39	0.659	4	4	0	670	1422	0.401	0.58	0.921	0	0	0																																																																																	genotype_comparison	in_vivo_tissue	unknown	""	high	brain_cns		TRUE	FALSE	partially_confounded		partially_confounded
SRP073310	blood_immune | genotype_comparison | conf=high |  | n=8	source_name	tissue:blood_immune	8	8	8	8	4	4	0	0		16551.5	0	8	0	0	8	0	0	0	8	blood	-6.747	-3.564	19.189	0.006	0.0059								3.4	0		0.236	0.965	2.352	-2.187	1.182	M0																																																																																																																																																																																									genotype_comparison	ex_vivo_primary_cells	unknown	""	high	blood_immune		TRUE	TRUE	single_sex		single_sex
SRP073396	brain_cns | in_vivo_treatment_arms | conf=medium |  | n=90	control or treatment	in:source_name=frontal cortex;subj:animal id;tissue:brain_cns	90	90	32	12	6	6	0	0		17402.5	0	12	0	0	12	0	0	0	12	brain	-0.702	-0.27	-0.422	3e-04	1e-04								3.8	0		-0.702	1.353	0.63	-0.564	-0.333	M0																																																																																																																																																																																									in_vivo_treatment_arms	in_vivo_tissue	male_only	""	medium	brain_cns		TRUE	TRUE	single_sex		single_sex
SRP073495	brain_cns | genotype_comparison | conf=high |  | n=189	genotype/variation	in:tissue=frontal cortex;tissue:brain_cns	189	58	10	10	5	5	0.5	0.2		10578.5	5	5	2	3	10	0	0	0	10	brain	2.808	4.442	0.607	0.0134	0.0134								15.12	2	0.118	0.383	1.084	1.011	-0.96	0.349	M0,M1,M0perm,M3,M4,M5,M7,M4perm,M5perm,M7perm,M0permw	14165	17072	0.812	0.98	0.992	0	1	1	14165	5998	0.42	0.92	0.996	0	1	0	14165	13103	0.896	0.9	0.994	0	1	0	14165	14409	0.904	0.94	0.992	0	1	0	17072	14409	0.809	0.93	0.983	0	1	0	14165	323	0.021	0.84	0.939	0	1	0	17072	323	0.017	0.83	0.94	0	1	0	14165	0	0	0.37	0.255	4648	1	0	17072	0	0	0.37	0.258	6043	1	0	14165	14544	0.903	0.94	0.991	0	1	1	17072	14544	0.799	0.93	0.992	0	1	1	14165	183	0.013	0.89	0.958	0	1	0	17072	183	0.011	0.88	0.958	0	1	0	14165	267	0.019	0.92	0.943	0	1	0	17072	267	0.016	0.91	0.956	0	1	0	14165	14067	0.857	0.95	0.988	0	1	1	17072	14067	0.808	0.95	0.991	0	1	1																																																	genotype_comparison	in_vivo_tissue	both_sexes	""	high	brain_cns		TRUE	FALSE	mildly_imbalanced		mildly_imbalanced
SRP073498	other | between_subject_case_control | conf=medium | tumor_tissue | n=24	tissue	tissue:other	24	12	12	11	7	4	0.82	0.107		18364	9	2	6	3	11	0	0	1	4	generic	-1.157	-3.302	-1.684	0.0035	0.0035								10.61	3	0.061	-3.107	-0.112	2.043	-4.963	-0.586	M0,M1,M0perm,M3,M4,M5,M4perm,M5perm,M0permw	11688	11192	0.93	0.9	0.999	0	0	0	11688	11597	0.925	0.86	0.998	0	0	0	11688	11411	0.934	0.95	0.998	0	0	0	11688	13366	0.847	0.6	0.99	0	0	0	11192	13366	0.816	0.59	0.989	0	0	0	11688	2266	0.193	0.38	0.883	236	0	0	11192	2266	0.201	0.35	0.888	176	0	0	11688	4598	0.333	0.56	0.845	434	0	0	11192	4598	0.342	0.57	0.846	364	0	0	11688	9671	0.692	0.57	0.96	0	0	0	11192	9671	0.709	0.58	0.96	0	0	0	11688	7268	0.56	0.7	0.945	4	0	0	11192	7268	0.572	0.73	0.944	4	0	0																																																																																	between_subject_case_control	in_vivo_tissue	unknown	tumor_tissue	medium	other		TRUE	FALSE	balanced		balanced
SRP073608	brain_cns | genotype_comparison | conf=high |  | n=24	genotype/variation	tissue:brain_cns	24	24	24	24	12	12	0	0	0	18807	0	24	0	0	24	0	0	0	0	brain	-0.134	0.236	-0.794	8e-04	7e-04								2.48	0		-0.462	-0.503	0.692	-0.701	-0.235	M0																																																																																																																																																																																									genotype_comparison	in_vivo_tissue	unknown	""	high	brain_cns		TRUE	TRUE	single_sex	balanced	single_sex
SRP073609	kidney | in_vivo_treatment_arms | conf=medium | pooled_samples | n=10	treatment	tissue:kidney	10	10	10	10	4	6	0.5	0		16101	5	5	2	3	0	0	0	0	10	kidney	0.62	1.338	0.976	0.0013	8e-04								1.96	1	0.945	-1.877	1.453	-0.299	-0.327	-0.496	M0,M1,M0perm,M3,M4,M5,M4perm,M5perm,M0permw	661	2037	0.324	0.67	0.988	0	0	0	661	504	0.734	0.91	0.999	0	0	0	661	536	0.747	0.92	0.998	0	0	0	661	2308	0.286	0.64	0.985	0	0	1	2037	2308	0.833	0.9	0.992	1	0	1	661	259	0.255	0.49	0.825	0	0	0	2037	259	0.122	0.69	0.839	0	0	0	661	64	0.076	0.51	0.69	0	0	0	2037	64	0.029	0.6	0.696	7	0	0	661	507	0.417	0.52	0.912	0	0	0	2037	507	0.238	0.77	0.926	0	0	0	661	1432	0.419	0.61	0.946	0	0	0	2037	1432	0.573	0.79	0.957	0	0	0																																																																																	in_vivo_treatment_arms	in_vivo_tissue	both_sexes	pooled_samples	medium	kidney		TRUE	FALSE	balanced		balanced
SRP073927	blood_immune | in_vivo_treatment_arms | conf=medium |  | n=109	phenotype	in:treatment=vehicle;subj:id;tissue:blood_immune	109	17	9	9	4	5	1	0		16539	9	0	4	5	0	0	0	0	0	blood	3.723	-2.513	0.849	0.0139	0.0135	readlen	0.478					0.478	9.63	0		-0.101	0.646	0.008	0.542	-0.285	M0																																																																																																																																																																																									in_vivo_treatment_arms	in_vivo_tissue	female_only	""	medium	blood_immune		TRUE	TRUE	single_sex		single_sex
SRP074136	liver | genotype_comparison | conf=high | tumor_tissue | n=16	genotype/variation	ex:source_name=liver tissue;tissue:liver	16	16	14	14	9	5	0.86	0.089		15787	12	2	8	4	14	0	0	0	14	liver	-2.432	3.065	0.027	3e-04	2e-04								8.95	4	0.406	1.133	-0.991	0.668	-1.078	0.708	M0,M1,M0perm,M3,M4,M5,M4perm,M5perm,M0permw	4124	4731	0.828	0.67	0.994	0	0	0	4124	3827	0.862	0.88	0.998	0	0	0	4124	4731	0.828	0.67	0.994	0	0	0	4124	9183	0.449	0.28	0.976	0	0	0	4731	9183	0.511	0.26	0.973	0	0	0	4124	3749	0.538	0.44	0.927	0	0	0	4731	3749	0.561	0.54	0.935	0	0	0	4124	4282	0.276	0.06	0.677	206	0	0	4731	4282	0.28	0.05	0.676	250	0	0	4124	4153	0.73	0.66	0.983	0	0	0	4731	4153	0.771	0.75	0.989	0	0	0	4124	1880	0.378	0.52	0.917	1	0	0	4731	1880	0.366	0.62	0.927	0	0	0																																																																																	genotype_comparison	in_vivo_tissue	unknown	tumor_tissue	high	liver		TRUE	FALSE	balanced		balanced
SRP074146	other | genotype_comparison | conf=medium |  | n=22	genotype	tissue:other	22	22	22	22	12	10	0.68	0.4	0.129	18910	15	7	6	9	22	0	0	0	0	generic	0.367	0.685	-0.395	0.0098	0.0095								23.28	4	0.086	2.19	-0.15	-1.502	1.484	0.943	M0,M1,M0perm,M2,M2perm,M3,M4,M5,M4perm,M5perm,M0permw	5157	3785	0.677	0.83	0.98	0	0	0	5157	5001	0.944	0.93	1	0	0	0	5157	4507	0.725	0.8	0.979	0	0	0	5157	12189	0.423	0.34	0.975	0	0	0	3785	12189	0.308	0.32	0.956	1	0	0	5157	1513	0.165	0.25	0.668	252	0	0	3785	1513	0.203	0.28	0.7	53	0	0	5157	4232	0.643	0.65	0.95	0	0	0	3785	4232	0.736	0.68	0.974	0	0	0	5157	2761	0.519	0.78	0.979	0	0	0	3785	2761	0.711	0.85	0.99	0	0	0	5157	3609	0.613	0.7	0.962	0	0	0	3785	3609	0.671	0.68	0.955	0	0	0																																	5157	5119	0.719	0.67	0.975	0	0	0	5157	3621	0.651	0.81	0.981	0	0	0																																	genotype_comparison	ex_vivo_primary_cells	unknown	""	medium	other		TRUE	FALSE	partially_confounded	balanced	partially_confounded
SRP074155	brain_cns | genotype_comparison | conf=high |  | n=12	genotype/variation	tissue:brain_cns	12	12	12	12	6	6	0.5	0		13477	6	6	3	3	0	4	4	0	0	brain	-0.726	0.039	0.02	3e-04	2e-04								6.31	2	0.204	1.383	-0.837	-0.985	0.976	0.057	M0,M1,M0perm,M3,M4,M5,M4perm,M5perm,M0permw	0	0		0.88	0.999	0	0	0	0	0		0.57	0.983	0	0	0	0	0		0.79	0.999	0	0	0	0	0		0.33	0.956	0	0	0	0	0		0.34	0.959	0	0	0	0	0		0.2	0.557	0	0	0	0	0		0.23	0.559	0	0	0	0	0		0.27	0.944	0	0	0	0	0		0.27	0.945	0	0	0	0	0		0.14	0.859	0	0	0	0	0		0.14	0.86	0	0	0	0	0		0.38	0.933	0	0	0	0	0		0.39	0.937	0	0	0																																																																																	genotype_comparison	in_vivo_tissue	both_sexes	""	high	brain_cns		TRUE	FALSE	balanced		balanced
SRP074301	liver | genotype_comparison | conf=high |  | n=16	genotype	tissue:liver	16	16	10	10	5	5	0	0		15928.5	0	10	0	0	10	0	0	0	10	liver	-6.05	0.861	1.077	0.0063	0.0061	platform	0	0				0	1.06	0		1.212	0.283	0.492	-1.471	-0.075	M0																																																																																																																																																																																									genotype_comparison	in_vivo_tissue	unknown	""	high	liver		TRUE	TRUE	single_sex		single_sex
SRP074380	liver | in_vivo_treatment_arms | conf=high |  | n=15	colonization status	tissue:liver	15	15	12	12	6	6	0	0		14273	0	12	0	0	12	0	0	0	12	liver	-0.541	1.36	-0.428	7e-04	4e-04								1.8	0		0.049	-0.228	-0.033	-0.062	0.211	M0																																																																																																																																																																																									in_vivo_treatment_arms	in_vivo_tissue	male_only	""	high	liver		TRUE	TRUE	single_sex		single_sex
SRP074487	brain_cns | genotype_comparison | conf=low |  | n=16	genotype/variation	in:tissue=striatum;tissue:brain_cns	16	16	8	8	4	4	0	0	0	17769	0	8	0	0	8	0	0	0	0	brain	0.306	-0.101	0.193	2e-04	2e-04								19.24	0		-0.181	-0.389	0.195	-0.209	-0.04	M0																																																																																																																																																																																									genotype_comparison	in_vivo_tissue	unknown	""	low	brain_cns		TRUE	TRUE	single_sex	balanced	single_sex
SRP074626	gut | genotype_comparison | conf=high |  | n=19	genotype	tissue:gut	19	19	19	19	9	10	0	0		17395	0	19	0	0	0	0	0	0	0	gut	1.27	-0.773	1.215	2e-04	2e-04								1.13	0		-0.196	1.268	-1.076	1.288	-0.445	M0																																																																																																																																																																																									genotype_comparison	in_vivo_tissue	male_only	""	high	gut		TRUE	TRUE	single_sex		single_sex
SRP074831	reproductive | genotype_comparison | conf=high |  | n=12	trap1	tissue:reproductive	12	12	12	12	6	6	0	0		11438.5	0	12	0	0	12	0	0	0	12	generic	-0.249	-0.327	-0.034	1e-04	1e-04	readlen	0.192					0.192	10.39	0		-0.01	-0.345	-0.807	-0.394	-0.647	M0																																																																																																																																																																																									genotype_comparison	in_vivo_tissue	male_only	""	high	reproductive		TRUE	TRUE	single_sex		single_sex
SRP074887	muscle | genotype_comparison | conf=high |  | n=80	genotype	in:treatment=vehicle;in:tissue=tibialis muscle;tissue:muscle	80	80	20	20	10	10	1	0		14720.5	20	0	10	10	0	0	0	0	0	muscle	-2.427	0.421	-0.809	4e-04	3e-04								1.59	0		-2.132	1.805	3.482	-3.408	0.596	M0																																																																																																																																																																																									genotype_comparison	in_vivo_tissue	female_only	""	high	muscle		TRUE	TRUE	single_sex		single_sex
SRP075114	reproductive | genotype_comparison | conf=high |  | n=12	genotype/variation	tissue:reproductive	12	12	12	12	6	6	0	0		16659	0	12	0	0	12	0	0	0	0	generic	-1.851	-0.515	0.411	2e-04	1e-04								2.49	0		1.526	-1.921	3.114	-1.445	0.187	M0																																																																																																																																																																																									genotype_comparison	in_vivo_tissue	male_only	""	high	reproductive		TRUE	TRUE	single_sex		single_sex
SRP075332	adipose | genotype_comparison | conf=high |  | n=16	genotype/variation	tissue:adipose	16	8	8	8	4	4	0	0		15225.5	0	8	0	0	8	0	0	0	0	adipose	-2.296	2.217	1.864	0.0019	0.001								0.8	0		0.41	-0.173	0.394	-0.257	-1.122	M0																																																																																																																																																																																									genotype_comparison	in_vivo_tissue	unknown	""	high	adipose		TRUE	TRUE	single_sex		single_sex
SRP075769	kidney | in_vivo_treatment_arms | conf=medium |  | n=12	lps dosing	tissue:kidney	12	12	12	12	6	6	0	0		14850	0	12	0	0	12	0	0	0	12	kidney	-1.803	-1.541	0.936	6e-04	5e-04								8.9	0		0.01	-0.91	-0.141	-0.066	-0.773	M0																																																																																																																																																																																									in_vivo_treatment_arms	in_vivo_tissue	unknown	""	medium	kidney		TRUE	TRUE	single_sex		single_sex
SRP075825	reproductive | genotype_comparison | conf=high | pooled_samples | n=10	genotype/variation	tissue:reproductive	10	10	8	8	4	4	0	0		15733	0	8	0	0	8	0	0	0	8	generic	0.096	-2.524		0	0								1.78	0		2.802	-4.75	3.746	-7.337	0.901	M0																																																																																																																																																																																									genotype_comparison	ex_vivo_primary_cells	female_only	pooled_samples	high	reproductive		TRUE	TRUE	single_sex		single_sex
SRP075833	other | genotype_comparison | conf=low |  | n=19	strain	ex:source_name=wt treg + ptxf;tissue:other	19	19	13	12	5	7	0.92	0.2		12160	11	1	4	7	12	0	0	1	12	generic	0.134	0.353	0.49	7e-04	7e-04								7.67	3	0.087	0.084	-0.334	-0.147	0.189	-0.656	M0,M1,M0perm,M3,M4,M5,M4perm,M5perm,M0permw	0	0		0.68	0.96	0	0	0	0	3	0	0.7	0.81	0	0	0	0	3	0	0.7	0.81	0	0	0	0	95	0	0.07	0.892	0	0	0	0	95	0	0.05	0.868	0	0	0	0	0		0.35	0.918	0	0	0	0	0		0.37	0.921	0	0	0	0	0		0.42	0.91	0	0	0	0	0		0.52	0.946	0	0	0	0	0		0.28	0.841	0	0	0	0	0		0.27	0.818	0	0	0	0	0		0.07	0.802	0	0	0	0	0		0.14	0.87	0	0	0																																																																																	genotype_comparison	ex_vivo_primary_cells	unknown	""	low	other		TRUE	FALSE	mildly_imbalanced		mildly_imbalanced
SRP075924	blood_immune | genotype_comparison | conf=medium |  | n=39	genotype	in:cell type=regulatory t cells;tissue:blood_immune	39	25	11	11	4	7	0.55	0.464		14530	6	5	1	5	11	0	0	0	11	blood	1.319	0.763	-0.517	2e-04	2e-04	layout	0.069		0.069			0.069	7.07	3	0.359	-0.32	0.563	-1.113	0.989	0.71	M0,M1,M0perm,M3,M4,M5,M6,M4perm,M5perm,M6perm,M0permw	11	0	0	0.69	0.872	0	0	0	11	0	0	0.88	0.998	0	0	0	11	0	0	0.63	0.923	0	0	0	11	455	0.022	0.21	0.794	0	0	0	0	455	0	0.31	0.784	0	0	0	11	0	0	0.34	0.838	0	0	0	0	0		0.39	0.91	0	0	0	11	0	0	0.23	0.56	0	0	0	0	0		0.36	0.555	0	0	0	11	0	0	0.3	0.492	0	0	0	0	0		0.43	0.687	0	0	0	11	0	0	0.48	0.763	0	0	0	0	0		0.65	0.946	0	0	0																																																	11	0	0	0.49	0.871	0	0	0	0	0		0.67	0.889	0	0	0	11	0	0	0.44	0.732	0	0	0	0	0		0.61	0.794	0	0	0	genotype_comparison	ex_vivo_primary_cells	unknown	""	medium	blood_immune		TRUE	FALSE	partially_confounded		partially_confounded
SRP076019	blood_immune | genotype_comparison | conf=medium |  | n=163	strain	in:cell type=alveolar macrophages;tissue:blood_immune	163	163	34	34	16	18	0	0		13747.5	0	34	0	0	34	0	0	0	34	blood	-0.135	0.534	-1.145	0	0	readlen	0.103					0.103	3.27	0		0.159	1.142	-0.39	0.155	0.23	M0																																																																																																																																																																																									genotype_comparison	ex_vivo_primary_cells	unknown	""	medium	blood_immune		TRUE	TRUE	single_sex		single_sex
SRP076021	other | genotype_comparison | conf=medium |  | n=12	genotype	tissue:other	12	12	12	12	6	6	0.08	0.167		16307.5	1	11	1	0	12	0	0	0	0	generic	2.235	1.423	-1.287	0.0048	0.0046								2.66	2	0.021	0.284	1.086	3.64	-1.19	0.838	M0,M1,M0perm,M3,M4,M5,M4perm,M5perm,M0permw	663	320	0.474	0.83	0.991	0	0	0	663	316	0.466	0.9	0.993	0	0	0	663	1370	0.477	0.59	0.964	0	0	0	663	628	0.414	0.6	0.863	0	0	0	320	628	0.392	0.57	0.867	0	0	0	663	57	0.076	0.58	0.696	0	0	0	320	57	0.146	0.59	0.709	0	0	0	663	347	0.121	0.3	0.684	0	0	0	320	347	0.154	0.33	0.707	0	0	0	663	280	0.377	0.71	0.983	0	0	0	320	280	0.613	0.76	0.99	0	0	0	663	90	0.109	0.57	0.867	0	0	0	320	90	0.209	0.62	0.875	0	0	0																																																																																	genotype_comparison	in_vivo_tissue	unknown	""	medium	other		TRUE	FALSE	mildly_imbalanced		mildly_imbalanced
SRP076218	heart | in_vivo_treatment_arms | conf=high |  | n=178	treatment	subj:mouse id number;tissue:heart	178	178	112	112	56	56	0	0		14572	0	112	0	0	0	0	10	0	112	heart	-0.957	1.028	0.079	0.0103	0.0099								3.84	0		-0.064	0.111	-0.18	0.14	0.322	M0																																																																																																																																																																																									in_vivo_treatment_arms	in_vivo_tissue	male_only	""	high	heart		TRUE	TRUE	single_sex		single_sex
SRP076391	adipose | genotype_comparison | conf=high |  | n=15	genotype/variation	in:tissue=brown adipose tissue;tissue:adipose	15	15	8	8	4	4	0	0		16882	0	8	0	0	8	0	0	0	0	adipose	-1.151	0.294	0.629	0.012	0.0094								1.23	0		-2.939	2.087	-0.563	1.194	-0.141	M0																																																																																																																																																																																									genotype_comparison	in_vivo_tissue	unknown	""	high	adipose		TRUE	TRUE	single_sex		single_sex
SRP076406	liver | genotype_comparison | conf=high | tumor_tissue | n=12	genotype/variation	tissue:liver	12	12	12	12	6	6	0	0		14331.5	0	12	0	0	0	0	0	0	0	liver	-0.409	0.628	0.748	0.0038	0.0034								2.4	0		-0.39	-0.442	-0.24	-0.431	-0.036	M0																																																																																																																																																																																									genotype_comparison	in_vivo_tissue	male_only	tumor_tissue	high	liver		TRUE	TRUE	single_sex		single_sex
SRP076416	brain_cns | in_vivo_treatment_arms | conf=high |  | n=12	treatment	tissue:brain_cns	12	12	8	8	4	4	0	0		19337	0	8	0	0	8	0	0	0	8	brain	-0.037	0.109	0.02	2e-04	1e-04								3.59	0		-0.522	1.115	0.812	-0.6	0.923	M0																																																																																																																																																																																									in_vivo_treatment_arms	in_vivo_tissue	unknown	""	high	brain_cns		TRUE	TRUE	single_sex		single_sex
SRP076421	brain_cns | genotype_comparison | conf=high |  | n=8	genotype	tissue:brain_cns	8	8	8	8	4	4	0	0		16700	0	8	0	0	8	0	0	0	8	brain	0.259	-0.757	0.41	1e-04	0								14.49	0		0.458	-1.178	0.831	-0.511	0.508	M0																																																																																																																																																																																									genotype_comparison	in_vivo_tissue	unknown	""	high	brain_cns		TRUE	TRUE	single_sex		single_sex
SRP076455	brain_cns | genotype_comparison | conf=medium |  | n=16	genotype	tissue:brain_cns	16	16	16	16	4	12	0.56	0.75		17822.5	9	7	0	9	16	0	0	0	0	brain	-0.072	-2.577	-1.441	0.0012	7e-04								10.03	1	0.007	-2.015	0.84	1.46	-1.614	-0.119	M0,M1,M0perm,M3,M4,M5,M4perm,M5perm,M0permw	3184	1395	0.298	0.72	0.668	10	4	3	3184	3676	0.811	0.88	0.99	0	4	4	3184	1919	0.504	0.82	0.858	0	4	1	3184	3835	0.769	0.89	0.949	0	4	4	1395	3835	0.253	0.74	0.61	18	3	4	3184	1531	0.251	0.64	0.581	64	4	0	1395	1531	0.675	0.78	0.966	0	3	0	3184	319	0.098	0.68	0.534	96	4	0	1395	319	0.215	0.76	0.432	3	3	0	3184	961	0.238	0.73	0.64	21	4	1	1395	961	0.642	0.88	0.951	0	3	1	3184	741	0.185	0.74	0.539	122	4	1	1395	741	0.456	0.83	0.896	0	3	1																																																																																	genotype_comparison	in_vivo_tissue	unknown	""	medium	brain_cns		TRUE	FALSE	partially_confounded		partially_confounded
SRP076710	brain_cns | genotype_comparison | conf=medium |  | n=46	genotype	in:cell type=cortical excitatory neurons;in:age=6 week;tissue:brain_cns	46	46	8	8	4	4	0	0		20933	0	8	0	0	0	0	0	0	0	brain	2.518	-1.046	2.311	0	0								3.37	0		-0.498	-0.373	-1.028	1.035	-1.18	M0																																																																																																																																																																																									genotype_comparison	in_vivo_tissue	both_sexes	""	medium	brain_cns		TRUE	TRUE	single_sex		single_sex
SRP076817	muscle | genotype_comparison | conf=high |  | n=10	genotype/variation	tissue:muscle	10	10	10	10	5	5	0	0		14391.5	0	10	0	0	0	0	0	0	0	muscle	2.239	1.762	1.16	5e-04	4e-04								3.91	0		1.597	0.857	-0.556	1.131	-0.445	M0																																																																																																																																																																																									genotype_comparison	in_vivo_tissue	male_only	""	high	muscle		TRUE	TRUE	single_sex		single_sex
SRP076841	gut | genotype_comparison | conf=high |  | n=222	genotype	in:mouse_line_experiment=dok3;tissue:gut	222	194	47	47	26	21	0	0		20037	0	47	0	0	0	5	0	0	47	gut	-0.011	-0.281	-0.034	5e-04	5e-04								5.99	0		0.228	-0.357	0.225	-0.312	0.171	M0																																																																																																																																																																																									genotype_comparison	in_vivo_tissue	both_sexes	""	high	gut		TRUE	TRUE	single_sex		single_sex
SRP076866	tumor | genotype_comparison | conf=high | tumor_tissue | n=10	genotype/variation	tissue:tumor	10	10	10	10	5	5	0.3	0.2		17106	3	7	2	1	10	0	0	0	10	generic	-0.894	0.526	-0.367	7e-04	6e-04								1.27	2	0.348	-0.623	0.32	-0.267	0.133	-0.061	M0,M1,M0perm,M3,M4,M5,M4perm,M5perm,M0permw	21	14	0.522	0.81	0.973	0	0	0	21	14	0.591	0.77	0.969	0	0	0	21	14	0.667	0.79	0.976	0	0	0	21	44	0.327	0.44	0.852	0	0	0	14	44	0.289	0.51	0.871	0	0	0	21	18	0.393	0.48	0.91	0	0	0	14	18	0.6	0.47	0.938	0	0	0	21	2	0.095	0.32	0.737	0	0	0	14	2	0.143	0.39	0.749	0	0	0	21	14	0.346	0.38	0.876	0	0	0	14	14	0.474	0.42	0.91	0	0	0	21	4	0.136	0.23	0.672	0	0	0	14	4	0.2	0.22	0.734	0	0	0																																																																																	genotype_comparison	in_vivo_tissue	unknown	tumor_tissue	high	tumor		TRUE	FALSE	mildly_imbalanced		mildly_imbalanced
SRP076940	other | genotype_comparison | conf=high |  | n=138	genotype/variation	in:tissue=forelimb;tissue:other	138	96	12	12	6	6	0.5	0		17138	6	6	3	3	0	0	0	0	12	generic	-0.601	-0.538	-2.284	0.0019	0.0012								1.71	2	0.983	-1.169	1.734	-0.728	0.886	-0.163	M0,M1,M0perm,M3,M4,M5,M4perm,M5perm,M0permw	210	171	0.78	0.91	0.999	0	0	0	210	224	0.567	0.7	0.961	0	0	0	210	195	0.8	0.89	0.999	0	0	0	210	594	0.354	0.74	0.981	0	0	0	171	594	0.288	0.76	0.981	0	0	0	210	3	0.014	0.62	0.754	0	0	0	171	3	0.018	0.64	0.754	0	0	0	210	24	0.109	0.67	0.911	0	0	0	171	24	0.134	0.69	0.912	0	0	0	210	123	0.448	0.62	0.96	0	0	0	171	123	0.5	0.68	0.961	0	0	0	210	276	0.272	0.42	0.766	0	0	0	171	276	0.266	0.43	0.767	0	0	0																																																																																	genotype_comparison	in_vivo_tissue	both_sexes	""	high	other		TRUE	FALSE	balanced		balanced
SRP077095	brain_cns | genotype_comparison | conf=high | tumor_tissue | n=36	tissue	tissue:brain_cns	36	9	9	9	5	4	0.89	0.25		16639	8	1	5	3	9	0	0	0	9	brain	3.353	1.127	-0.389	0.0023	0.0021								1.25	0		-3.009	-7.096	3.369	-2.761	-0.866	M0,M1,M0perm,M4,M5,M4perm,M5perm,M0permw	13615	12784	0.899	0.82	0.995	0	4	5	13615	11731	0.852	0.84	0.997	0	4	4	13615	11731	0.852	0.84	0.997	0	4	4																	13615	0	0	0.16	0.641	2066	4	0	12784	0	0	0.14	0.624	1899	5	0	13615	0	0	0.1	0.648	1801	4	0	12784	0	0	0.12	0.66	1416	5	0	13615	11140	0.778	0.53	0.987	0	4	1	12784	11140	0.834	0.64	0.993	0	5	1	13615	11322	0.775	0.57	0.98	0	4	1	12784	11322	0.833	0.62	0.988	0	5	1																																																																																	genotype_comparison	in_vivo_tissue	unknown	tumor_tissue	high	brain_cns		TRUE	FALSE	mildly_imbalanced		mildly_imbalanced
SRP077214	brain_cns | genotype_comparison | conf=high |  | n=34	genotype	tissue:brain_cns	34	17	9	9	5	4	0.44	0.35		18106	4	5	3	1	9	0	0	0	0	brain	0.406	3.782	-0.425	7e-04	5e-04								3.68	0		5.094	-0.647	1.229	-1.477	0.37	M0,M1,M0perm,M4,M5,M4perm,M5perm,M0permw	10029	9030	0.849	0.89	0.991	0	0	0	10029	8746	0.843	0.75	0.99	0	0	0	10029	9397	0.867	0.84	0.992	0	0	0																	10029	615	0.059	0.36	0.782	447	0	0	9030	615	0.066	0.36	0.809	258	0	0	10029	0	0	0.43	0.532	1732	0	0	9030	0	0	0.46	0.561	1276	0	0	10029	8296	0.764	0.62	0.983	0	0	0	9030	8296	0.813	0.66	0.985	0	0	0	10029	6516	0.573	0.56	0.93	0	0	0	9030	6516	0.602	0.58	0.918	4	0	0																																																																																	genotype_comparison	in_vivo_tissue	unknown	""	high	brain_cns		TRUE	FALSE	partially_confounded		partially_confounded
SRP077508	reproductive | genotype_comparison | conf=high |  | n=20	genotype	tissue:reproductive	20	20	20	20	10	10	1	0	0	20002	20	0	10	10	0	0	0	0	0	generic	-0.334	-0.353	0.395	0.0021	0.002								4.95	0		-0.321	-0.162	0.41	-0.135	0.567	M0																																																																																																																																																																																									genotype_comparison	in_vivo_tissue	female_only	""	high	reproductive		TRUE	TRUE	single_sex	balanced	single_sex
SRP077634	reproductive | between_subject_case_control | conf=high | tumor_tissue | n=23	tissue	tissue:reproductive	23	23	19	19	9	10	1	0		18186	19	0	9	10	19	0	0	0	19	generic	-0.289	-1.991	-2.444	0.0042	0.0038								7.38	0		-1.4	-0.793	0.904	-1.144	-0.375	M0																																																																																																																																																																																									between_subject_case_control	in_vivo_tissue	female_only	tumor_tissue	high	reproductive		TRUE	TRUE	single_sex		single_sex
SRP077664	adipose | genotype_comparison | conf=high |  | n=8	genotype	tissue:adipose	8	8	8	8	4	4	0	0		13981	0	8	0	0	8	0	0	0	8	adipose	6.798	2.09	0.592	5e-04	2e-04								4.77	0		-2.762	0.288	1.034	-1.088	0.495	M0																																																																																																																																																																																									genotype_comparison	in_vivo_tissue	unknown	""	high	adipose		TRUE	TRUE	single_sex		single_sex
SRP077714	liver | in_vivo_treatment_arms | conf=high |  | n=8	treatment	tissue:liver	8	8	8	8	4	4	0	0		14296.5	0	8	0	0	8	0	0	0	8	liver	-4.224	-0.228	1.923	9e-04	7e-04								1.24	0		0.298	-0.635	-0.817	0.678	0.955	M0																																																																																																																																																																																									in_vivo_treatment_arms	in_vivo_tissue	unknown	""	high	liver		TRUE	TRUE	single_sex		single_sex
SRP078058	reproductive | genotype_comparison | conf=high |  | n=8	genotype	tissue:reproductive	8	8	8	8	4	4	0	0		19062	0	8	0	0	0	0	1	0	8	generic	1.198	0.368	-0.082	0.0092	0.0091	layout	0		0			0	8.23	0		1.297	-0.614	1.264	-1.244	0.239	M0																																																																																																																																																																																									genotype_comparison	in_vivo_tissue	male_only	""	high	reproductive		TRUE	TRUE	single_sex		single_sex
SRP078061	gut | genotype_comparison | conf=high |  | n=12	genotype	tissue:gut	12	12	12	12	6	6	0.08	0.167		18391.5	1	11	1	0	12	0	0	0	12	gut	0.308	-0.639	-0.924	0.0246	0.0232								3.23	1	0.072	-0.152	0.661	0.039	0.27	0.866	M0,M1,M0perm,M3,M4,M5,M7,M4perm,M5perm,M7perm,M0permw	8	7	0.667	0.78	0.97	0	0	0	8	5	0.625	0.88	0.957	0	0	0	8	17	0.389	0.5	0.969	0	0	0	8	444	0.018	0.36	0.97	0	0	0	7	444	0.016	0.37	0.932	0	0	0	8	46	0.149	0.44	0.881	0	0	0	7	46	0.152	0.39	0.86	0	0	0	8	9	0.214	0.21	0.76	0	0	0	7	9	0.231	0.21	0.763	0	0	0	8	1	0.125	0.51	0.902	0	0	0	7	1	0.143	0.57	0.941	0	0	0	8	0	0	0.49	0.925	0	0	0	7	0	0	0.46	0.9	0	0	0	8	57	0.14	0.31	0.743	0	0	0	7	57	0.123	0.3	0.794	0	0	0	8	7	0.667	0.68	0.968	0	0	0	7	7	0.75	0.78	0.996	0	0	0																																																	genotype_comparison	in_vivo_tissue	unknown	""	high	gut		TRUE	FALSE	mildly_imbalanced		mildly_imbalanced
SRP078062	brain_cns | genotype_comparison | conf=medium |  | n=20	genotype/variation	in:primary tissue=brain;tissue:brain_cns	20	20	10	10	5	5	0.8	0		18696.5	8	2	4	4	10	0	0	0	10	brain	1.269	-0.631	0.428	1e-04	1e-04								0.99	3	0.998	-4.06	5.315	0.529	-0.211	-1.033	M0,M1,M0perm,M3,M4,M5,M4perm,M5perm,M0permw	4291	4288	0.927	0.9	0.999	0	0	0	4291	4183	0.927	0.89	0.999	0	0	0	4291	4214	0.925	0.89	0.999	0	0	0	4291	5595	0.762	0.71	0.995	0	0	0	4288	5595	0.762	0.74	0.995	1	0	0	4291	119	0.014	0.14	0.174	1466	0	0	4288	119	0.014	0.14	0.175	1442	0	0	4291	2116	0.419	0.76	0.895	0	0	0	4288	2116	0.42	0.8	0.895	0	0	0	4291	3172	0.654	0.75	0.97	0	0	0	4288	3172	0.661	0.81	0.97	0	0	0	4291	3748	0.736	0.78	0.976	0	0	0	4288	3748	0.742	0.82	0.977	0	0	0																																																																																	genotype_comparison	in_vivo_tissue	unknown	""	medium	brain_cns		TRUE	FALSE	balanced		balanced
SRP078198	brain_cns | genotype_comparison | conf=high |  | n=16	line	tissue:brain_cns	16	16	16	16	8	8	0	0		17204.5	0	16	0	0	0	0	0	0	16	brain	-0.145	0.532	1.003	6e-04	5e-04								2.64	0		-0.179	0.413	0.058	-0.144	0.032	M0																																																																																																																																																																																									genotype_comparison	in_vivo_tissue	male_only	""	high	brain_cns		TRUE	TRUE	single_sex		single_sex
SRP078250	brain_cns | genotype_comparison | conf=high |  | n=64	genotype/variation	subj:sampleid;tissue:brain_cns	64	64	64	16	8	8	0.62	0		18264	10	6	5	5	0	0	0	0	0	brain	-0.446	1.21	0.809	2e-04	1e-04								3.23	5	0.312	0.164	-0.053	-0.497	0.574	-0.059	M0,M1,M0perm,M3,M4,M5,M4perm,M5perm,M0permw	0	0		0.88	0.996	0	0	0	0	0		0.91	0.997	0	0	0	0	0		0.86	0.997	0	0	0	0	0		0.22	0.696	0	0	0	0	0		0.2	0.696	0	0	0	0	0		0.59	0.952	0	0	0	0	0		0.59	0.956	0	0	0	0	0		0.32	0.794	0	0	0	0	0		0.28	0.797	0	0	0	0	0		0.73	0.965	0	0	0	0	0		0.74	0.969	0	0	0	0	0		0.63	0.946	0	0	0	0	0		0.64	0.95	0	0	0																																																																																	genotype_comparison	in_vivo_tissue	both_sexes	""	high	brain_cns		TRUE	FALSE	balanced		balanced
SRP078270	brain_cns | genotype_comparison | conf=medium | pooled_samples | n=24	genotype	tissue:brain_cns	24	12	12	12	6	6	0.67	0		17258.5	8	4	4	4	12	0	0	0	12	brain	-1.205	-0.085	0.018	0	0								5.34	3	0.522	0.737	0.221	-0.401	0.391	0.277	M0,M1,M0perm,M3,M4,M5,M4perm,M5perm,M0permw	79	88	0.815	0.9	0.999	0	0	0	79	60	0.738	0.95	0.999	0	0	0	79	83	0.884	0.9	0.999	0	0	0	79	348	0.227	0.58	0.961	0	0	0	88	348	0.253	0.65	0.962	0	0	0	79	148	0.446	0.61	0.942	0	0	0	88	148	0.503	0.67	0.943	0	0	0	79	13	0.15	0.61	0.852	0	0	0	88	13	0.135	0.65	0.854	0	0	0	79	96	0.636	0.74	0.984	0	0	0	88	96	0.704	0.8	0.985	0	0	0	79	83	0.514	0.62	0.931	0	0	0	88	83	0.541	0.64	0.931	0	0	0																																																																																	genotype_comparison	ex_vivo_primary_cells	unknown	pooled_samples	medium	brain_cns		TRUE	FALSE	balanced		balanced
SRP078380	brain_cns | genotype_comparison | conf=high |  | n=64	genotype/variation	subj:sampleid;tissue:brain_cns	64	64	64	32	16	16	0.5	0		18317.5	16	16	8	8	0	0	5	0	0	brain	-0.534	-0.115	0.744	2e-04	2e-04								7.44	5	0.807	0.188	-0.104	0.134	-0.161	0.009	M0,M1,M0perm,M3,M4,M5,M4perm,M5perm,M0permw	2	2	1	0.92	0.999	0	0	0	2	2	1	0.95	0.999	0	0	0	2	2	1	0.94	1	0	0	0	2	2	1	0.35	0.738	0	0	0	2	2	1	0.34	0.739	0	0	0	2	2	1	0.76	0.982	0	0	0	2	2	1	0.77	0.983	0	0	0	2	2	1	0.56	0.833	0	0	0	2	2	1	0.55	0.834	0	0	0	2	2	1	0.73	0.943	0	0	0	2	2	1	0.73	0.944	0	0	0	2	2	1	0.84	0.982	0	0	0	2	2	1	0.83	0.983	0	0	0																																																																																	genotype_comparison	in_vivo_tissue	both_sexes	""	high	brain_cns		TRUE	FALSE	balanced		balanced
SRP079698	other | genotype_comparison | conf=medium | tumor_tissue | n=16	genotype	in:sort=gfp+;tissue:other	16	16	8	8	4	4	1	0		17613.5	8	0	4	4	8	0	0	0	8	generic	-2.235	-1.214	-2.357	1e-04	1e-04								1.08	0		-2.369	1.532	0.64	0.107	0.205	M0																																																																																																																																																																																									genotype_comparison	ex_vivo_primary_cells	unknown	tumor_tissue	medium	other		TRUE	TRUE	single_sex		single_sex
SRP079900	other | in_vivo_treatment_arms | conf=medium |  | n=37	infection	ex:infection=none;in:celltype=p14 cd8+ t cells;tissue:other	37	37	35	34	19	15	0.29	0.049		13840	10	24	6	4	34	0	0	1	34	generic	0.395	2.644	0.309	1e-04	1e-04	readlen	0.145	0.007				0.145	4.31	5	0.254	-0.554	-0.186	-0.456	0.816	0.477	M0,M1,M0perm,M3,M4,M5,M6,M4perm,M5perm,M6perm,M0permw	4140	4181	0.951	0.9	0.998	0	0	0	4140	4002	0.942	0.96	0.998	0	0	0	4140	4033	0.966	0.99	1	0	0	0	4140	7175	0.574	0.54	0.975	0	0	0	4181	7175	0.578	0.53	0.974	0	0	0	4140	5264	0.663	0.72	0.929	0	0	1	4181	5264	0.667	0.7	0.931	0	0	1	4140	1991	0.413	0.54	0.826	13	0	0	4181	1991	0.409	0.57	0.828	9	0	0	4140	3891	0.859	0.88	0.991	0	0	0	4181	3891	0.866	0.96	0.992	0	0	0	4140	4067	0.899	0.89	0.994	0	0	0	4181	4067	0.907	0.95	0.995	0	0	0																																																	4140	5089	0.783	0.84	0.979	0	0	0	4181	5089	0.794	0.81	0.979	0	0	0	4140	4064	0.906	0.88	0.996	0	0	0	4181	4064	0.932	0.95	0.998	0	0	0	in_vivo_treatment_arms	ex_vivo_primary_cells	unknown	""	medium	other		TRUE	FALSE	balanced		balanced
SRP080121	reproductive | genotype_comparison | conf=high |  | n=10	genotype	tissue:reproductive	10	10	10	10	5	5	0	0		20098.5	0	10	0	0	10	0	0	0	0	generic	0.168	0.807	0.886	5e-04	4e-04								1.85	0		3.207	-7.2	0.321	-0.594	1.789	M0																																																																																																																																																																																									genotype_comparison	in_vivo_tissue	male_only	""	high	reproductive		TRUE	TRUE	single_sex		single_sex
SRP080140	other | between_subject_case_control | conf=high |  | n=17	phenotype	tissue:other	17	16	16	16	8	8	1	0		19267.5	16	0	8	8	0	0	0	0	0	generic	2.823	-0.964	0.382	2e-04	1e-04								7.47	0		0.174	0.481	0.697	-0.664	0.584	M0																																																																																																																																																																																									between_subject_case_control	in_vivo_tissue	female_only	""	high	other		TRUE	TRUE	single_sex		single_sex
SRP080147	other | genotype_comparison | conf=medium |  | n=19	genotype	in:co-culture treatment=d0;tissue:other	19	19	10	10	5	5	1	0		13606.5	10	0	5	5	10	0	0	0	10	generic	-0.696	0.291	1.434	0.0086	0.0084								2.91	0		-0.97	-0.103	0.065	-0.295	-1.145	M0																																																																																																																																																																																									genotype_comparison	ex_vivo_primary_cells	unknown	""	medium	other		TRUE	TRUE	single_sex		single_sex
SRP080326	other | genotype_comparison | conf=medium |  | n=29	niche genotype	in:source_name=lsk progenitor cell;tissue:other	29	29	11	11	5	6	1	0		15734	11	0	5	6	11	0	0	0	11	generic	-0.625	0.205	-0.234	0.0013	0.0012								10.89	0		1.116	-0.731	-0.023	-0.379	0.405	M0																																																																																																																																																																																									genotype_comparison	ex_vivo_primary_cells	unknown	""	medium	other		TRUE	TRUE	single_sex		single_sex
SRP080864	brain_cns | in_vivo_treatment_arms | conf=high |  | n=24	treatment	in:genotype/variation=wt;tissue:brain_cns	24	24	12	12	6	6	0.5	0		19067	6	6	3	3	0	0	1	0	12	brain	0.214	0.162	0.468	3e-04	2e-04								7.38	2	0.64	-0.405	-0.325	-0.584	0.567	-1.311	M0,M1,M0perm,M3,M4,M5,M4perm,M5perm,M0permw	1	2	0.5	0.72	0.996	0	0	0	1	1	1	0.87	0.994	0	0	0	1	1	1	0.86	0.995	0	0	0	1	6	0.167	0.54	0.869	0	0	0	2	6	0.333	0.46	0.865	0	0	0	1	2	0.5	0.31	0.825	0	0	0	2	2	1	0.34	0.827	0	0	0	1	1	1	0.59	0.972	0	0	0	2	1	0.5	0.73	0.976	0	0	0	1	0	0	0.63	0.948	0	0	0	2	0	0	0.71	0.95	0	0	0	1	0	0	0.6	0.943	0	0	0	2	0	0	0.64	0.944	0	0	0																																																																																	in_vivo_treatment_arms	in_vivo_tissue	both_sexes	""	high	brain_cns		TRUE	FALSE	balanced		balanced
SRP080947	kidney | genotype_comparison | conf=high |  | n=14	genotype	tissue:kidney	14	14	14	14	7	7	1	0		18283	14	0	7	7	14	0	0	0	14	kidney	-0.228	-0.059	-0.562	6e-04	6e-04								4.31	0		-0.008	0.18	-0.346	0.288	-0.731	M0																																																																																																																																																																																									genotype_comparison	in_vivo_tissue	unknown	""	high	kidney		TRUE	TRUE	single_sex		single_sex
SRP080961	liver | in_vivo_treatment_arms | conf=high |  | n=72	exposure	in:time point=postnatal week 20;tissue:liver	72	18	9	9	4	5	0	0		15268	0	9	0	0	0	0	0	0	9	liver	0.23	0.139	-0.046	8e-04	5e-04								7.51	0		-1.07	0.135	-0.283	0.163	-0.445	M0																																																																																																																																																																																									in_vivo_treatment_arms	in_vivo_tissue	male_only	""	high	liver		TRUE	TRUE	single_sex		single_sex
SRP081004	liver | genotype_comparison | conf=medium |  | n=24	source_name	ex:source_name=young_wt_hepatocyte;ex:source_name=newborn_wt_hepatocyte;tissue:liver	24	24	16	16	10	6	0.06	0.167	1.095	13670	1	15	0	1	16	0	0	0	0	liver	0.399	-0.322	-0.216	0	0								7.18	3	0.085	0.423	-0.179	0.577	-0.627	-1.11	M0,M1,M0perm,M2,M2perm,M3,M4,M5,M4perm,M5perm,M0permw	371	371	0.562	0.67	0.96	0	0	0	371	258	0.647	0.93	0.988	0	0	0	371	202	0.516	0.89	0.985	0	0	0	371	2435	0.152	0.4	0.918	0	0	1	371	2435	0.127	0.33	0.815	2	0	1	371	1953	0.19	0.49	0.927	0	0	0	371	1953	0.19	0.63	0.972	0	0	0	371	423	0.364	0.41	0.898	0	0	0	371	423	0.481	0.55	0.933	0	0	0	371	35	0.086	0.59	0.779	0	0	0	371	35	0.094	0.69	0.755	0	0	0	371	248	0.343	0.53	0.807	0	0	0	371	248	0.423	0.63	0.784	0	0	0																																	371	1908	0.166	0.22	0.749	0	0	0	371	384	0.56	0.65	0.95	0	0	0																																	genotype_comparison	ex_vivo_primary_cells	unknown	""	medium	liver		TRUE	FALSE	mildly_imbalanced	partially_confounded	partially_confounded
SRP081089	blood_immune | genotype_comparison | conf=medium |  | n=23	genotype	tissue:blood_immune	23	23	21	21	4	17	0.9	0.118		16829	19	2	4	15	21	0	0	0	0	blood	1.955	1.317	0.169	0.0027	0.0027								23.31	5	0.098	-1.214	-0.344	-0.168	0.116	-0.395	M0,M1,M0perm,M3,M4,M5,M4perm,M5perm,M0permw	75	33	0.44	0.95	0.99	0	0	0	75	75	0.765	0.85	0.987	0	0	0	75	33	0.44	0.95	0.993	0	0	0	75	735	0.101	0.59	0.925	0	0	0	33	735	0.045	0.58	0.928	0	0	0	75	197	0.214	0.44	0.844	0	0	0	33	197	0.122	0.42	0.839	0	0	0	75	5	0.053	0.2	0.751	4	0	0	33	5	0.118	0.22	0.773	1	0	0	75	22	0.293	0.84	0.984	0	0	0	33	22	0.667	0.86	0.996	0	0	0	75	53	0.542	0.78	0.983	0	0	0	33	53	0.564	0.78	0.991	0	0	0																																																																																	genotype_comparison	ex_vivo_primary_cells	unknown	""	medium	blood_immune		TRUE	FALSE	balanced		balanced
SRP081104	other | genotype_comparison | conf=high |  | n=8	genotype	tissue:other	8	8	8	8	4	4	0	0		19282	0	8	0	0	8	0	0	0	0	generic	-2.357	-1.206	-0.203	9e-04	6e-04								2.12	0		0.644	-0.323	-0.892	1.143	0.89	M0																																																																																																																																																																																									genotype_comparison	in_vivo_tissue	unknown	""	high	other		TRUE	TRUE	single_sex		single_sex
SRP081108	adipose | genotype_comparison | conf=high |  | n=30	genotype/variation	tissue:adipose	30	15	10	10	5	5	0	0		17313.5	0	10	0	0	10	0	0	0	0	adipose	0.343	-0.903	-0.484	3e-04	2e-04								9.58	0		0.683	-0.081	-1.07	0.967	0.615	M0																																																																																																																																																																																									genotype_comparison	in_vivo_tissue	unknown	""	high	adipose		TRUE	TRUE	single_sex		single_sex
SRP081203	reproductive | in_vivo_treatment_arms | conf=medium |  | n=8	follicle source	tissue:reproductive	8	8	8	8	4	4	1	0		17210.5	8	0	4	4	8	0	0	0	8	generic	-0.208	-0.601	-3.148	0.0106	0.0106								3.14	0		1.824	1.001	-0.031	0.145	-0.222	M0																																																																																																																																																																																									in_vivo_treatment_arms	in_vivo_tissue	female_only	""	medium	reproductive		TRUE	TRUE	single_sex		single_sex
SRP081207	other | in_vivo_treatment_arms | conf=high |  | n=48	treatment	in:tissue=decidua;tissue:other	48	48	12	12	6	6	1	0		17906.5	12	0	6	6	12	0	0	0	12	generic	3.368	-0.183	-1.497	0.0014	0.0012								1.1	0		0.284	-0.897	0.59	-0.112	0.945	M0																																																																																																																																																																																									in_vivo_treatment_arms	in_vivo_tissue	female_only	""	high	other		TRUE	TRUE	single_sex		single_sex
SRP081219	liver | in_vivo_treatment_arms | conf=high |  | n=14	diet	tissue:liver	14	14	14	14	7	7	0	0		15265.5	0	14	0	0	14	0	0	0	14	liver	-1.502	0.043	-0.404	7e-04	5e-04								1.56	0		1.887	0.513	0.368	-0.315	-0.166	M0																																																																																																																																																																																									in_vivo_treatment_arms	in_vivo_tissue	unknown	""	high	liver		TRUE	TRUE	single_sex		single_sex
SRP082142	lung | in_vivo_treatment_arms | conf=low | pooled_samples | n=8	treatment	tissue:lung	8	8	8	8	4	4	1	0		12921	8	0	4	4	8	0	0	0	8	lung	-0.43	-1.506	-0.21	0.5255	0.4925								13.46	0		0.24	1.129	2.284	-3.258	0.475	M0																																																																																																																																																																																									in_vivo_treatment_arms	ex_vivo_primary_cells	unknown	pooled_samples	low	lung		TRUE	TRUE	single_sex		single_sex
SRP082219	brain_cns | genotype_comparison | conf=high |  | n=49	genotype/variation	in:age=p0;tissue:brain_cns	49	49	17	17	9	8	0.41	0.069		18230	7	10	4	3	17	0	0	0	0	brain	-0.703	-0.255	1.225	3e-04	1e-04								4.63	4	0.326	-0.058	0.264	0.421	-0.192	-0.121	M0,M1,M0perm,M3,M4,M5,M4perm,M5perm,M0permw	561	635	0.849	0.87	0.998	0	0	0	561	579	0.851	0.85	0.998	0	0	0	561	465	0.806	0.92	0.999	0	0	0	561	3462	0.162	0.39	0.948	0	0	0	635	3462	0.183	0.39	0.945	0	0	0	561	2265	0.248	0.57	0.98	0	0	0	635	2265	0.28	0.6	0.986	0	0	0	561	197	0.259	0.59	0.933	0	0	0	635	197	0.255	0.61	0.934	0	0	0	561	584	0.65	0.72	0.987	0	0	0	635	584	0.703	0.78	0.99	0	0	0	561	525	0.602	0.69	0.977	0	0	0	635	525	0.598	0.67	0.976	0	0	0																																																																																	genotype_comparison	in_vivo_tissue	unknown	""	high	brain_cns		TRUE	FALSE	balanced		balanced
SRP082273	other | genotype_comparison | conf=high | tumor_tissue | n=19	genotype	in:treatment=control diet;tissue:other	19	19	14	9	4	5	0.67	0.15		15875	6	3	3	3	9	0	0	5	0	generic	-2	1.254	-0.819	0.0168	0.0162								7.12	0		0.765	0.22	-0.421	0.349	-0.338	M0,M1,M0perm,M4,M5,M7,M4perm,M5perm,M7perm,M0permw	1955	1723	0.794	0.83	0.987	0	0	0	1955	2265	0.736	0.83	0.963	0	0	0	1955	1622	0.77	0.81	0.99	0	0	0																	1955	603	0.268	0.54	0.883	0	0	0	1723	603	0.298	0.56	0.884	0	0	0	1955	142	0.068	0.43	0.738	0	0	0	1723	142	0.079	0.51	0.75	0	0	0	1955	661	0.319	0.59	0.89	0	0	0	1723	661	0.371	0.63	0.913	0	0	0	1955	543	0.245	0.45	0.891	0	0	0	1723	543	0.277	0.5	0.904	0	0	0	1955	1196	0.511	0.66	0.884	0	0	0	1723	1196	0.551	0.71	0.886	0	0	0	1955	1299	0.602	0.65	0.957	0	0	0	1723	1299	0.68	0.72	0.968	0	0	0																																																	genotype_comparison	in_vivo_tissue	unknown	tumor_tissue	high	other		TRUE	FALSE	mildly_imbalanced		mildly_imbalanced
SRP082367	blood_immune | genotype_comparison | conf=high |  | n=12	cre status	tissue:blood_immune	12	12	12	12	6	6	0.5	0		16848.5	6	6	3	3	12	0	0	0	12	blood	-0.041	-0.749	-0.576	0.0151	0.0151								19.84	2	0.298	0.744	-0.141	0.042	-0.048	-0.239	M0,M1,M0perm,M3,M4,M5,M7,M4perm,M5perm,M7perm,M0permw	20	8	0.4	0.94	0.993	0	0	0	20	3	0.15	0.8	0.793	0	0	0	20	11	0.55	0.95	0.99	0	0	0	20	181	0.11	0.67	0.871	0	0	0	8	181	0.044	0.65	0.872	0	0	0	20	74	0.237	0.67	0.374	0	0	0	8	74	0.108	0.67	0.383	0	0	0	20	63	0.297	0.77	0.762	0	0	0	8	63	0.127	0.77	0.765	0	0	0	20	1	0.05	0.77	0.899	0	0	0	8	1	0.125	0.8	0.9	0	0	0	20	1	0.05	0.82	0.933	0	0	0	8	1	0.125	0.82	0.936	0	0	0	20	6	0.238	0.88	0.937	0	0	0	8	6	0.4	0.91	0.943	0	0	0	20	2	0.1	0.86	0.896	0	0	0	8	2	0.25	0.9	0.901	0	0	0																																																	genotype_comparison	ex_vivo_primary_cells	unknown	""	high	blood_immune		TRUE	FALSE	balanced		balanced
SRP082377	muscle | genotype_comparison | conf=high |  | n=8	genotype	tissue:muscle	8	8	8	8	4	4	0	0		15094.5	0	8	0	0	8	0	0	0	0	muscle	-0.603	7.229	-0.348	4e-04	3e-04								2.2	0		-3.079	2.247	2.671	-1.761	-0.177	M0																																																																																																																																																																																									genotype_comparison	in_vivo_tissue	unknown	""	high	muscle		TRUE	TRUE	single_sex		single_sex
SRP082562	liver | in_vivo_treatment_arms | conf=medium |  | n=17	aav8	tissue:liver	17	17	17	17	11	6	0	0		14295	0	17	0	0	17	0	0	0	17	liver	-1.158	0.453	0.199	4e-04	3e-04								5.65	0		0.747	0.472	-0.753	0.75	-0.218	M0																																																																																																																																																																																									in_vivo_treatment_arms	in_vivo_tissue	unknown	""	medium	liver		TRUE	TRUE	single_sex		single_sex
SRP082974	skin | genotype_comparison | conf=high |  | n=24	genotype	tissue:skin	24	24	24	24	16	8	1	0	0.083	18903	24	0	16	8	24	0	0	0	0	generic	-0.882	0.048	-0.593	0.0151	0.0148								5.46	0		-0.967	0.628	0.767	-0.723	1.017	M0																																																																																																																																																																																									genotype_comparison	in_vivo_tissue	unknown	""	high	skin		TRUE	TRUE	single_sex	balanced	single_sex
SRP082982	brain_cns | genotype_comparison | conf=high |  | n=31	selection	subj:mouse_behavior_id;tissue:brain_cns	31	31	31	31	16	15	0	0		17306	0	31	0	0	0	0	0	0	31	brain	-0.426	-0.158	-0.142	3e-04	3e-04								2.79	0		0.439	0.347	0.063	-0.055	0.513	M0																																																																																																																																																																																									genotype_comparison	in_vivo_tissue	male_only	""	high	brain_cns		TRUE	TRUE	single_sex		single_sex
SRP082985	liver | dose_response | conf=high |  | n=24	dose	tissue:liver	24	24	12	12	6	6	0.58	0.5		14164	7	5	2	5	0	1	3	0	0	liver	-0.641	-1.958	-0.787	7e-04	5e-04								4.41	3	0.568	2.789	0.498	0.192	-0.286	1.758	M0,M1,M0perm,M3,M4,M5,M4perm,M5perm,M0permw	7047	7052	0.74	0.77	0.971	0	0	1	7047	6814	0.909	0.89	0.997	0	0	0	7047	6786	0.756	0.9	0.979	0	0	0	7047	8418	0.774	0.64	0.98	0	0	1	7052	8418	0.746	0.77	0.965	28	1	1	7047	3064	0.389	0.65	0.888	66	0	0	7052	3064	0.399	0.82	0.907	42	1	0	7047	2948	0.38	0.68	0.893	55	0	0	7052	2948	0.387	0.82	0.916	24	1	0	7047	7095	0.673	0.74	0.962	0	0	1	7052	7095	0.841	0.92	0.992	0	1	1	7047	6591	0.722	0.75	0.97	0	0	1	7052	6591	0.866	0.92	0.996	0	1	1																																																																																	dose_response	in_vivo_tissue	male_only	""	high	liver		TRUE	FALSE	partially_confounded		partially_confounded
SRP083074	gut | in_vivo_treatment_arms | conf=high |  | n=40	inoculum	in:tissue type=total colonic tissue;tissue:gut	40	40	20	20	10	10	1	0		15991	20	0	10	10	20	0	0	0	20	gut	0.451	-0.365	-0.392	1e-04	1e-04								8.71	0		-0.291	-1.903	0.095	0.009	-0.331	M0																																																																																																																																																																																									in_vivo_treatment_arms	in_vivo_tissue	unknown	""	high	gut		TRUE	TRUE	single_sex		single_sex
SRP083759	brain_cns | genotype_comparison | conf=medium |  | n=8	genotype	tissue:brain_cns	8	8	8	8	4	4	1	0		17352.5	8	0	4	4	0	0	0	0	0	brain	-3.497	2.839	1.054	3e-04	2e-04								0.37	0		-0.86	0	-0.217	-0.652	-0.044	M0																																																																																																																																																																																									genotype_comparison	in_vivo_tissue	male_only	""	medium	brain_cns		TRUE	TRUE	single_sex		single_sex
SRP083850	other | genotype_comparison | conf=high |  | n=40	genotype	in:tissue=haematopoietic stem cells (hscs);subj:replicate;tissue:other	40	40	10	10	5	5	0.4	0	0.094	15708.5	4	6	2	2	0	0	0	0	0	generic	2.04	0.037	0.727	1e-04	1e-04								5.37	3	0.274	-0.336	-0.206	0.938	-0.818	-0.068	M0,M1,M0perm,M2,M2perm,M3,M4,M5,M4perm,M5perm,M0permw	0	0		0.81	0.988	0	0	0	0	0		0.82	0.988	0	0	0	0	0		0.81	0.988	0	0	0	0	0		0.32	0.682	0	0	0	0	0		0.33	0.682	0	0	0	0	0		0.48	0.921	0	0	0	0	0		0.53	0.921	0	0	0	0	0		0.14	0.669	0	0	0	0	0		0.18	0.675	0	0	0	0	0		0.21	0.539	0	0	0	0	0		0.25	0.54	0	0	0	0	0		0.18	0.759	0	0	0	0	0		0.18	0.767	0	0	0																																	0	0		0.74	0.975	0	0	0	0	0		0.29	0.756	0	0	0																																	genotype_comparison	ex_vivo_primary_cells	both_sexes	""	high	other		TRUE	FALSE	balanced	balanced	balanced
SRP083914	skin | in_vivo_treatment_arms | conf=high |  | n=56	treatment	tissue:skin	56	56	56	56	28	28	0.5	0		18549.5	28	28	14	14	0	2	0	0	56	generic	0.726	-0.958	0.065	0.001	0.001								3.26	5	0.091	0.127	-1.165	-0.39	0.355	-0.376	M0,M1,M0perm,M3,M4,M5,M4perm,M5perm,M0permw	7228	7322	0.973	0.95	1	0	0	0	7228	7170	0.942	0.96	0.999	0	0	0	7228	7202	0.983	1	1	0	0	0	7228	7576	0.755	0.66	0.969	0	0	0	7322	7576	0.755	0.67	0.969	0	0	0	7228	2879	0.351	0.79	0.87	23	0	0	7322	2879	0.348	0.81	0.87	26	0	0	7228	985	0.126	0.58	0.804	135	0	0	7322	985	0.125	0.59	0.805	138	0	0	7228	6268	0.847	0.89	0.997	0	0	0	7322	6268	0.844	0.94	0.997	0	0	0	7228	7773	0.901	0.9	0.998	0	0	0	7322	7773	0.91	0.92	0.998	0	0	0																																																																																	in_vivo_treatment_arms	in_vivo_tissue	both_sexes	""	high	skin		TRUE	FALSE	balanced		balanced
SRP087434	kidney | genotype_comparison | conf=high |  | n=36	genotype/variation	tissue:kidney	36	36	18	18	9	9	0.39	0.111	0	18056	7	11	3	4	18	0	0	0	0	kidney	-1.236	-0.517	0.466	0.0049	0.0047								3.35	3	0.276	-0.422	0.415	-1.602	1.813	0.276	M0,M1,M0perm,M2,M2perm,M3,M4,M5,M4perm,M5perm,M0permw	0	0		0.87	0.997	0	0	0	0	0		0.91	0.997	0	0	0	0	0		0.72	0.993	0	0	0	0	0		0.36	0.572	0	0	0	0	0		0.33	0.575	0	0	0	0	0		0.63	0.971	0	0	0	0	0		0.69	0.971	0	0	0	0	0		0.26	0.498	0	0	0	0	0		0.26	0.5	0	0	0	0	1	0	0.48	0.932	0	0	0	0	1	0	0.46	0.938	0	0	0	0	0		0.51	0.95	0	0	0	0	0		0.54	0.951	0	0	0																																	0	1	0	0.54	0.987	0	0	0	0	1	0	0.72	0.986	0	0	0																																	genotype_comparison	in_vivo_tissue	unknown	""	high	kidney		TRUE	FALSE	balanced	balanced	balanced
SRP087718	other | in_vivo_treatment_arms | conf=high |  | n=18	treatment	tissue:other	18	18	18	18	9	9	1	0		18390	18	0	9	9	18	0	0	0	18	generic	-0.717	-0.304	0.048	6e-04	4e-04								9.33	0		0.545	-0.587	-0.384	0.477	-0.262	M0																																																																																																																																																																																									in_vivo_treatment_arms	in_vivo_tissue	unknown	""	high	other		TRUE	TRUE	single_sex		single_sex
SRP087741	lung | in_vivo_treatment_arms | conf=high |  | n=24	exposed to	tissue:lung	24	24	24	24	12	12	0	0		19872	0	24	0	0	0	0	6	0	24	lung	-0.211	-0.023	-0.342	0.0091	0.0069								24.15	0		-0.284	1.099	1.071	-0.777	0.339	M0																																																																																																																																																																																									in_vivo_treatment_arms	in_vivo_tissue	male_only	""	high	lung		TRUE	TRUE	single_sex		single_sex
SRP089713	adipose | in_vivo_treatment_arms | conf=medium |  | n=75	diet	in:tissue=epididymal white adipose tissue;tissue:adipose	75	75	29	18	8	10	0.72	0.175		15836	13	5	5	8	18	0	0	11	18	adipose	0.123	1.365	-0.807	0.011	0.0099								3.25	4	0.415	-0.532	1.323	-0.766	1.691	-2.872	M0,M1,M0perm,M3,M4,M5,M7,M4perm,M5perm,M7perm,M0permw	2777	2188	0.702	0.37	0.992	0	0	0	2777	1674	0.586	0.72	0.983	0	0	0	2777	2384	0.832	0.92	0.997	0	0	0	2777	2993	0.438	0.14	0.809	0	0	0	2188	2993	0.437	0.12	0.822	7	0	0	2777	1054	0.275	0.3	0.905	0	0	0	2188	1054	0.356	0.54	0.918	0	0	0	2777	646	0.189	0.21	0.807	0	0	0	2188	646	0.251	0.55	0.827	0	0	0	2777	1884	0.602	0.4	0.989	0	0	0	2188	1884	0.78	0.84	0.996	0	0	0	2777	2935	0.677	0.33	0.945	0	0	0	2188	2935	0.677	0.72	0.953	0	0	0	2777	2850	0.653	0.3	0.969	0	0	0	2188	2850	0.673	0.74	0.97	0	0	0	2777	2361	0.705	0.45	0.986	0	0	0	2188	2361	0.802	0.86	0.991	0	0	0																																																	in_vivo_treatment_arms	in_vivo_tissue	unknown	""	medium	adipose		TRUE	FALSE	mildly_imbalanced		mildly_imbalanced
SRP089881	gut | genotype_comparison | conf=high | pooled_samples | n=12	genotype/variation	tissue:gut	12	12	12	12	6	6	0	0	0	18189.5	0	12	0	0	12	0	0	0	0	gut	0.239	-0.062	-0.177	0.0011	0.0011								4.33	0		-0.38	0.391	-0.576	0.085	-0.179	M0																																																																																																																																																																																									genotype_comparison	in_vivo_tissue	unknown	pooled_samples	high	gut		TRUE	TRUE	single_sex	balanced	single_sex
SRP089973	brain_cns | genotype_comparison | conf=high |  | n=8	isolate	tissue:brain_cns	8	8	8	8	4	4	0.62	0.25	0	15107	5	3	3	2	0	0	2	0	0	brain	-0.281	0.044	-1.306	2e-04	1e-04	readlen	0.408					0.408	2.98	0		0.716	-0.033	0.284	-0.159	-1.613	M0,M1,M0perm,M2,M2perm,M4,M5,M4perm,M5perm,M0permw	0	0		0.59	0.909	0	0	0	0	0		0	0.465	0	0	0	0	0		0.56	0.911	0	0	0																	0	0		0.14	0.88	0	0	0	0	0		0.35	0.847	0	0	0	0	0		0.18	0.894	0	0	0	0	0		0.27	0.849	0	0	0	0	0		0.27	0.887	0	0	0	0	0		0.51	0.989	0	0	0	0	0		0.19	0.917	0	0	0	0	0		0.35	0.946	0	0	0																																	0	0		0.31	0.912	0	0	0	0	0		0.21	0.778	0	0	0																																	genotype_comparison	in_vivo_tissue	male_only	""	high	brain_cns		TRUE	FALSE	mildly_imbalanced	balanced	mildly_imbalanced
SRP090022	gut | in_vivo_treatment_arms | conf=high |  | n=24	inoculation	tissue:gut	24	24	24	24	12	12	0	0		17935.5	0	24	0	0	0	0	0	0	24	gut	0.262	0.636	0.174	1e-04	1e-04								21.98	0		-0.216	0.236	0.202	-0.105	0.355	M0																																																																																																																																																																																									in_vivo_treatment_arms	in_vivo_tissue	male_only	""	high	gut		TRUE	TRUE	single_sex		single_sex
SRP090064	brain_cns | genotype_comparison | conf=medium |  | n=19	strain	tissue:brain_cns	19	19	19	19	11	8	0	0	0.086	19063	0	19	0	0	0	0	0	0	0	brain	-0.784	0.835	0.046	1e-04	1e-04								9.45	0		0.402	-0.346	0.499	-0.576	-0.273	M0																																																																																																																																																																																									genotype_comparison	in_vivo_tissue	male_only	""	medium	brain_cns		TRUE	TRUE	single_sex	balanced	single_sex
SRP090141	brain_cns | genotype_comparison | conf=medium |  | n=28	genotype	tissue:brain_cns	28	28	8	8	4	4	0.25	0		18006	2	6	1	1	8	0	0	0	8	brain	1.259	-0.408	-1.025	0.0056	0.0048								2.24	0		-1.646	-0.393	0.024	-0.15	0.909	M0,M1,M0perm,M4,M5,M4perm,M5perm,M0permw	566	446	0.704	0.84	0.998	0	0	0	566	383	0.408	0.66	0.917	0	0	0	566	386	0.644	0.86	0.997	0	0	0																	566	2	0.004	0.28	0.59	13	0	0	446	2	0.004	0.28	0.595	4	0	0	566	211	0.282	0.67	0.721	0	0	0	446	211	0.355	0.68	0.722	0	0	0	566	54	0.09	0.69	0.951	0	0	0	446	54	0.119	0.79	0.955	0	0	0	566	182	0.264	0.69	0.697	0	0	0	446	182	0.333	0.72	0.694	0	0	0																																																																																	genotype_comparison	in_vivo_tissue	unknown	""	medium	brain_cns		TRUE	FALSE	balanced		balanced
SRP090192	other | in_vivo_treatment_arms | conf=medium |  | n=31	treatment	in:sample type=in vivo;tissue:other	31	31	10	10	6	4	0	0		15457	0	10	0	0	10	0	0	0	10	generic	-1.606	-0.527	-0.021	3e-04	3e-04								2.22	0		0.891	-1.475	0.173	0.211	1.626	M0																																																																																																																																																																																									in_vivo_treatment_arms	in_vivo_tissue	unknown	""	medium	other		TRUE	TRUE	single_sex		single_sex
SRP090360	liver | genotype_comparison | conf=medium |  | n=20	strain	tissue:liver	20	20	16	16	6	10	0.19	0.3		14562	3	13	0	3	16	0	0	0	0	liver	-0.273	-0.282	-0.17	4e-04	3e-04	layout	0.293		0.293			0.293	16.91	1	0.768	1.626	0.579	0.819	-0.623	-1.596	M0,M1,M0perm,M3,M4,M5,M6,M4perm,M5perm,M6perm,M0permw	380	360	0.641	0.71	0.796	0	0	0	380	329	0.846	0.96	0.999	0	0	0	380	293	0.637	0.82	0.968	0	0	0	380	566	0.558	0.66	0.717	0	0	0	360	566	0.605	0.78	0.975	0	0	0	380	1396	0.153	0.41	-0.027	0	0	0	360	1396	0.185	0.5	0.442	0	0	0	380	523	0.595	0.63	0.785	0	0	0	360	523	0.66	0.72	0.993	0	0	0	380	259	0.525	0.71	0.793	0	0	0	360	259	0.664	0.88	0.972	0	0	0	380	449	0.558	0.69	0.797	0	0	0	360	449	0.696	0.84	0.982	0	0	0																																																	380	498	0.571	0.66	0.79	0	0	0	360	498	0.723	0.81	0.995	0	0	0	380	325	0.591	0.71	0.835	0	0	0	360	325	0.756	0.91	0.978	0	0	0	genotype_comparison	in_vivo_tissue	unknown	""	medium	liver		TRUE	FALSE	partially_confounded		partially_confounded
SRP090395	heart | genotype_comparison | conf=high |  | n=23	genotype	tissue:heart	23	23	15	12	6	6	0.58	0.833		17435	7	5	6	1	12	0	0	3	12	heart	0.329	2.088	-0.608	0.0208	0.0158								8.01	3	0.452	0.888	0.012	0.551	-0.462	0.303	M0,M1,M0perm,M3,M4,M5,M7,M4perm,M5perm,M7perm,M0permw	190	48	0.133	0.42	0.448	0	1	0	190	180	0.787	0.86	0.981	0	1	1	190	13	0.036	0.35	0.628	0	1	0	190	397	0.276	0.11	0.663	0	1	1	48	397	0.067	0.13	0.653	0	0	1	190	9	0.047	0.43	0.397	0	1	0	48	9	0.188	0.62	0.84	0	0	0	190	14	0.052	0.41	0.275	0	1	0	48	14	0.216	0.65	0.873	0	0	0	190	15	0.068	0.46	0.351	0	1	0	48	15	0.26	0.7	0.934	0	0	0	190	22	0.065	0.36	0.327	0	1	0	48	22	0.186	0.62	0.894	0	0	0	190	84	0.176	0.31	0.409	0	1	0	48	84	0.361	0.65	0.922	0	0	0	190	7	0.031	0.43	0.381	0	1	0	48	7	0.146	0.82	0.883	0	0	0																																																	genotype_comparison	in_vivo_tissue	unknown	""	high	heart		TRUE	FALSE	partially_confounded		partially_confounded
SRP090397	brain_cns | in_vivo_treatment_arms | conf=high |  | n=24	treatment	subj:isolate;tissue:brain_cns	24	24	12	12	6	6	1	0	0	17531	12	0	6	6	0	0	0	0	0	brain	0.401	0.874	1.109	3e-04	2e-04								8.72	0		0.526	-0.326	0.516	-0.525	-0.091	M0																																																																																																																																																																																									in_vivo_treatment_arms	in_vivo_tissue	female_only	""	high	brain_cns		TRUE	TRUE	single_sex	balanced	single_sex
SRP090476	other | genotype_comparison | conf=high |  | n=20	genotype	tissue:other	20	20	8	8	4	4	0.12	0.25		17427	1	7	1	0	8	0	0	0	8	generic	-1.156	0.189	1.326	0.0047	0.0037								8.26	0		-1.859	-1.888	-2.38	2.329	0.233	M0,M1,M0perm,M4,M5,M4perm,M5perm,M0permw	161	4385	0.037	0.45	0.952	0	0	4	161	0	0	0.86	0.993	0	0	0	161	0	0	0.77	0.987	0	0	0																	161	0	0	0.24	0.441	0	0	0	4385	0	0	0.4	0.479	416	4	0	161	0	0	0.32	0.939	0	0	0	4385	0	0	0.55	0.975	0	4	0	161	2918	0.055	0.35	0.948	0	0	4	4385	2918	0.605	0.54	0.991	0	4	4	161	0	0	0.38	0.922	0	0	0	4385	0	0	0.61	0.965	0	4	0																																																																																	genotype_comparison	in_vivo_tissue	unknown	""	high	other		TRUE	FALSE	mildly_imbalanced		mildly_imbalanced
SRP090477	brain_cns | genotype_comparison | conf=high |  | n=12	genotype/variation	tissue:brain_cns	12	12	12	12	6	6	0.5	0		17701	6	6	3	3	0	0	0	0	0	brain	-0.646	0.165	-0.016	6e-04	3e-04								3.97	1	0.051	-0.215	-0.157	0.311	-0.425	0.269	M0,M1,M0perm,M3,M4,M5,M4perm,M5perm,M0permw	0	0		0.65	0.994	0	0	0	0	0		0.85	0.997	0	0	0	0	0		0.78	0.998	0	0	0	0	0		0.38	0.954	0	0	0	0	0		0.33	0.943	0	0	0	0	0		0.38	0.811	0	0	0	0	0		0.51	0.809	0	0	0	0	0		0.28	0.82	0	0	0	0	0		0.4	0.812	0	0	0	0	0		0.54	0.76	0	0	0	0	0		0.73	0.774	0	0	0	0	0		0.29	0.732	0	0	0	0	0		0.37	0.742	0	0	0																																																																																	genotype_comparison	in_vivo_tissue	both_sexes	""	high	brain_cns		TRUE	FALSE	balanced		balanced
SRP090515	muscle | genotype_comparison | conf=medium |  | n=12	genotype	tissue:muscle	12	12	12	12	6	6	0	0	0	16425	0	12	0	0	12	0	0	0	0	muscle	-0.477	-1.232	-0.758	0.0186	0.0182								18.88	0		0.273	0.812	0.849	-0.761	-1.357	M0																																																																																																																																																																																									genotype_comparison	ex_vivo_primary_cells	unknown	""	medium	muscle		TRUE	TRUE	single_sex	balanced	single_sex
SRP090574	kidney | genotype_comparison | conf=high |  | n=8	genotype	tissue:kidney	8	8	8	8	4	4	0	0		16122	0	8	0	0	8	0	0	0	8	kidney	-0.107	1.774	0.262	0.0012	9e-04								3.36	0		-0.574	-0.532	-0.149	-0.174	-0.752	M0																																																																																																																																																																																									genotype_comparison	in_vivo_tissue	unknown	""	high	kidney		TRUE	TRUE	single_sex		single_sex
SRP090754	blood_immune | time_course | conf=medium |  | n=184	timepoint	in:tissue=splenic white pulp;tissue:blood_immune	184	46	10	10	5	5	0	0		14743	0	10	0	0	10	0	0	0	10	blood	1.629	0.037	0.899	8e-04	8e-04								8.92	0		-5.908	4.827	2.998	-2.637	1.364	M0																																																																																																																																																																																									time_course	ex_vivo_primary_cells	unknown	""	medium	blood_immune		TRUE	TRUE	single_sex		single_sex
SRP090770	liver | genotype_comparison | conf=high | tumor_tissue | n=48	genotype	in:source_name=hepatoblastoma tumor;tissue:liver	48	18	10	9	5	4	0.56	0.1		15645	5	4	3	2	9	0	0	1	9	liver	1.373	-0.369	-0.803	0.0026	0.0025								1.75	0		-0.589	1.97	-0.385	0.615	-0.528	M0,M1,M0perm,M4,M5,M4perm,M5perm,M0permw	3	1	0.333	0.69	0.983	0	0	0	3	1	0.333	0.85	0.965	0	0	0	3	2	0.667	0.7	0.992	0	0	0																	3	3	0.2	0.11	0.438	0	0	0	1	3	0.333	0.2	0.436	0	0	0	3	1	0.333	0.15	0.747	0	0	0	1	1	1	0.23	0.749	0	0	0	3	1	0.333	0.42	0.919	0	0	0	1	1	1	0.55	0.926	0	0	0	3	1	0.333	0.53	0.983	0	0	0	1	1	1	0.66	0.993	0	0	0																																																																																	genotype_comparison	in_vivo_tissue	unknown	tumor_tissue	high	liver		TRUE	FALSE	balanced		balanced
SRP090822	other | genotype_comparison | conf=high |  | n=12	genotype/variation	tissue:other	12	12	12	12	6	6	0.67	0.333		18832	8	4	5	3	12	0	0	0	12	generic	-0.608	-0.468	-0.017	0.0447	0.0367								14.97	1	0.029	-0.029	0.168	0.829	-0.883	0.138	M0,M1,M0perm,M3,M4,M5,M7,M4perm,M5perm,M7perm,M0permw	0	0		0.5	0.924	0	0	0	0	0		0.25	0.893	0	0	0	0	0		0.5	0.96	0	0	0	0	0		0.27	0.677	0	0	0	0	0		0.22	0.446	0	0	0	0	0		0.21	0.721	0	0	0	0	0		0.32	0.693	0	0	0	0	0		0.34	0.866	0	0	0	0	0		0.49	0.873	0	0	0	0	0		0.2	0.843	0	0	0	0	0		0.46	0.96	0	0	0	0	0		0.1	0.819	0	0	0	0	0		0.21	0.949	0	0	0	0	0		0.43	0.921	0	0	0	0	0		0.69	0.952	0	0	0	0	0		0.36	0.901	0	0	0	0	0		0.64	0.991	0	0	0																																																	genotype_comparison	in_vivo_tissue	unknown	""	high	other		TRUE	FALSE	partially_confounded		partially_confounded
SRP090877	brain_cns | genotype_comparison | conf=low | pooled_samples | n=27	genotype	in:cell type=ap positive rgc;in:tissue=retina;tissue:brain_cns	27	27	9	9	5	4	1	0		17542	9	0	5	4	9	0	0	0	9	brain	-0.005	0.358	0.274	1e-04	1e-04								3.81	0		-0.819	1.288	-0.332	0.359	0.961	M0																																																																																																																																																																																									genotype_comparison	ex_vivo_primary_cells	unknown	pooled_samples	low	brain_cns		TRUE	TRUE	single_sex		single_sex
SRP090922	lung | in_vivo_treatment_arms | conf=high | tumor_tissue | n=12	antibody treatment	tissue:lung	12	12	12	12	6	6	0.92	0.167		16576	11	1	6	5	12	0	0	0	12	lung	-0.119	-0.335	-0.686	0.0039	0.0032								4.91	4	0.07	-0.879	0.508	0.237	-0.147	0.475	M0,M1,M0perm,M3,M4,M5,M4perm,M5perm,M0permw	0	0		0.71	0.969	0	0	0	0	0		0.84	0.959	0	0	0	0	0		0.62	0.938	0	0	0	0	0		0.13	0.635	0	0	0	0	0		0.11	0.595	0	0	0	0	0		0.43	0.765	0	0	0	0	0		0.48	0.772	0	0	0	0	0		0.49	0.951	0	0	0	0	0		0.59	0.985	0	0	0	0	0		0.48	0.903	0	0	0	0	0		0.45	0.92	0	0	0	0	0		0.39	0.901	0	0	0	0	0		0.37	0.931	0	0	0																																																																																	in_vivo_treatment_arms	ex_vivo_primary_cells	unknown	tumor_tissue	high	lung		TRUE	FALSE	mildly_imbalanced		mildly_imbalanced
SRP090924	other | in_vivo_treatment_arms | conf=medium |  | n=737	cohort	in:source_name=lung;in:experiment id=exp1;subj:mouse id;tissue:other	737	737	22	21	16	5	1	0		16130	21	0	16	5	21	0	0	0	21	generic	0.533	-1.447	-1.236	0.0089	0.0084	platform	0.73	0.73				0.73	6.77	0		-1.233	-1.652	1.361	-1.21	1.037	M0																																																																																																																																																																																									in_vivo_treatment_arms	in_vivo_tissue	unknown	""	medium	other		TRUE	TRUE	single_sex		single_sex
SRP090989	liver | genotype_comparison | conf=high |  | n=85	genotype/variation	tissue:liver	85	80	40	40	20	20	0	0		14506	0	40	0	0	40	0	0	0	0	liver	0.271	1.596	0.853	0.0016	0.0016	readlen	0.14					0.14	3.3	0		0.835	0.611	-0.175	0.167	-0.003	M0																																																																																																																																																																																									genotype_comparison	in_vivo_tissue	unknown	""	high	liver		TRUE	TRUE	single_sex		single_sex
SRP091394	liver | in_vivo_treatment_arms | conf=high |  | n=8	treatment	tissue:liver	8	8	8	8	4	4	0	0		14793	0	8	0	0	8	0	0	0	8	liver	-0.775	-0.31	0.467	5e-04	3e-04								1.37	0		0.976	-0.351	-1.924	2.169	0.71	M0																																																																																																																																																																																									in_vivo_treatment_arms	in_vivo_tissue	unknown	""	high	liver		TRUE	TRUE	single_sex		single_sex
SRP091722	blood_immune | in_vivo_treatment_arms | conf=high |  | n=24	sample type	tissue:blood_immune	24	24	19	19	14	5	0.89	0.143		16169	17	2	12	5	19	0	0	0	19	blood	-1.163	-0.662	-2.294	3e-04	2e-04								27.38	5	0.585	1.561	-0.628	-1	1.397	0.774	M0,M1,M0perm,M3,M4,M5,M4perm,M5perm,M0permw	63	58	0.704	0.79	0.955	0	0	0	63	56	0.776	0.89	0.984	0	0	0	63	46	0.652	0.78	0.972	0	0	0	63	69	0.2	0.36	0.757	0	0	0	58	69	0.283	0.47	0.858	0	0	0	63	42	0.296	0.43	0.636	0	0	0	58	42	0.333	0.47	0.702	0	0	0	63	9	0.143	0.64	0.829	0	0	0	58	9	0.155	0.69	0.879	0	0	0	63	7	0.111	0.57	0.813	0	0	0	58	7	0.121	0.62	0.87	0	0	0	63	49	0.383	0.52	0.838	0	0	0	58	49	0.39	0.61	0.881	0	0	0																																																																																	in_vivo_treatment_arms	ex_vivo_primary_cells	unknown	""	high	blood_immune		TRUE	FALSE	balanced		balanced
SRP091781	other | in_vivo_treatment_arms | conf=high |  | n=36	status	tissue:other	36	36	36	36	18	18	0	0		19440.5	0	36	0	0	36	0	0	0	0	generic	-0.086	0.122	-0.995	0.077	0.0432								0.85	0		0.72	0.573	0.386	-0.397	-0.117	M0																																																																																																																																																																																									in_vivo_treatment_arms	in_vivo_tissue	unknown	""	high	other		TRUE	TRUE	single_sex		single_sex
SRP091788	brain_cns | genotype_comparison | conf=high |  | n=16	genotype/variation	tissue:brain_cns	16	16	16	16	8	8	0	0		13350	0	16	0	0	16	0	0	0	0	brain	-0.206	-0.377	0.124	0	0								2.44	0		-0.077	-0.921	-0.043	-0.063		M0																																																																																																																																																																																									genotype_comparison	in_vivo_tissue	unknown	""	high	brain_cns		TRUE	TRUE	single_sex		single_sex
SRP091938	brain_cns | genotype_comparison | conf=high |  | n=96	condition	in:age=p30;tissue:brain_cns	96	48	16	16	8	8	0.44	0.375		18379.5	7	9	2	5	16	0	0	0	0	brain	0.053	-0.295	-0.772	3e-04	2e-04								19.52	3	0.04	0.001	0.083	0.277	-0.437	-0.005	M0,M1,M0perm,M3,M4,M5,M4perm,M5perm,M0permw	3	3	1	0.61	0.913	0	0	0	3	3	1	0.86	0.982	0	0	0	3	3	1	0.75	0.84	0	0	0	3	13	0.231	0.55	0.81	0	0	0	3	13	0.231	0.41	0.726	0	0	0	3	5	0.6	0.49	0.837	0	0	0	3	5	0.6	0.75	0.898	0	0	0	3	3	1	0.54	0.855	0	0	0	3	3	1	0.83	0.944	0	0	0	3	1	0.333	0.56	0.846	0	0	0	3	1	0.333	0.78	0.926	0	0	0	3	5	0.6	0.5	0.755	0	0	0	3	5	0.6	0.62	0.838	0	0	0																																																																																	genotype_comparison	in_vivo_tissue	unknown	""	high	brain_cns		TRUE	FALSE	partially_confounded		partially_confounded
SRP092258	liver | in_vivo_treatment_arms | conf=high |  | n=14	treatment	tissue:liver	14	14	9	9	5	4	0	0		14675	0	9	0	0	9	0	0	0	9	liver	0.091	1.204	0.769	0.005	0.0046								4.49	0		2.032	0.163	-0.465	0.375	0.355	M0																																																																																																																																																																																									in_vivo_treatment_arms	in_vivo_tissue	unknown	""	high	liver		TRUE	TRUE	single_sex		single_sex
SRP092451	blood_immune | genotype_comparison | conf=medium |  | n=47	genotype	ex:cell subpopulation=nccprogenitors;tissue:blood_immune	47	47	35	35	12	23	0.89	0.174		18438	31	4	12	19	35	0	0	0	35	blood	0.225	0.178	0.537	0	0								20.65	5	0.168	1.823	0.037	0.488	-0.455	-0.575	M0,M1,M0perm,M3,M4,M5,M4perm,M5perm,M0permw	7047	4559	0.633	0.94	0.99	0	2	0	7047	6367	0.868	0.97	0.996	0	2	1	7047	6145	0.826	0.95	0.993	0	2	2	7047	11381	0.618	0.58	0.97	0	2	2	4559	11381	0.4	0.61	0.975	0	0	2	7047	2387	0.145	0.68	0.224	2389	2	0	4559	2387	0.201	0.73	0.301	943	0	0	7047	5625	0.759	0.93	0.992	0	2	0	4559	5625	0.789	0.96	0.994	0	0	0	7047	1685	0.235	0.89	0.924	0	2	0	4559	1685	0.364	0.94	0.953	0	0	0	7047	4229	0.583	0.91	0.986	0	2	0	4559	4229	0.901	0.95	0.999	0	0	0																																																																																	genotype_comparison	ex_vivo_primary_cells	unknown	""	medium	blood_immune		TRUE	FALSE	mildly_imbalanced		mildly_imbalanced
SRP092532	brain_cns | genotype_comparison | conf=high |  | n=15	genotype	tissue:brain_cns	15	15	15	13	9	4	0.92	0.111	0.379	17271	12	1	8	4	13	0	0	2	0	brain	-1.714	-0.38	-1.47	0	0								16.44	4	0.028	-0.296	-0.862	0.079	-0.048	-0.307	M0,M1,M0perm,M2,M2perm,M3,M4,M5,M4perm,M5perm,M0permw	63	64	0.74	0.84	0.99	0	0	0	63	38	0.403	0.66	0.913	0	0	0	63	55	0.761	0.87	0.993	0	0	0	63	146	0.357	0.5	0.841	0	0	0	64	146	0.329	0.5	0.846	0	0	0	63	28	0.4	0.66	0.912	0	0	0	64	28	0.394	0.71	0.928	0	0	0	63	7	0.111	0.51	0.821	0	0	0	64	7	0.109	0.56	0.821	0	0	0	63	2	0.032	0.43	0.732	0	0	0	64	2	0.031	0.47	0.726	0	0	0	63	24	0.338	0.64	0.945	0	0	0	64	24	0.354	0.69	0.955	0	0	0																																	63	26	0.369	0.76	0.959	0	0	0	63	55	0.595	0.68	0.96	0	0	0																																	genotype_comparison	ex_vivo_primary_cells	unknown	""	high	brain_cns		TRUE	FALSE	balanced	balanced	balanced
SRP092552	brain_cns | genotype_comparison | conf=high |  | n=90	genotype	in:tissue=striatum;in:treatment=vehicle;tissue:brain_cns	90	90	16	16	7	9	0.62	0.159		18052	10	6	5	5	0	0	0	0	0	brain	0.463	1.222	0.317	0.0011	0.001								2.18	4	0.795	-1.284	0.237	-1.795	2	-0.439	M0,M1,M0perm,M3,M4,M5,M4perm,M5perm,M0permw	9184	9284	0.931	0.91	0.997	0	0	0	9184	8843	0.944	0.96	0.999	0	0	0	9184	9011	0.941	0.96	0.998	0	0	0	9184	9839	0.875	0.75	0.991	0	0	0	9284	9839	0.881	0.78	0.99	0	0	0	9184	8301	0.691	0.75	0.938	2	0	0	9284	8301	0.713	0.77	0.949	0	0	0	9184	8075	0.68	0.8	0.937	0	0	0	9284	8075	0.708	0.85	0.95	0	0	0	9184	8885	0.89	0.87	0.994	0	0	0	9284	8885	0.901	0.92	0.995	0	0	0	9184	9036	0.912	0.86	0.996	0	0	0	9284	9036	0.949	0.9	0.999	0	0	0																																																																																	genotype_comparison	in_vivo_tissue	both_sexes	""	high	brain_cns		TRUE	FALSE	mildly_imbalanced		mildly_imbalanced
SRP092644	brain_cns | in_vivo_treatment_arms | conf=medium | pooled_samples | n=12	drug treatment	tissue:brain_cns	12	12	12	12	6	6	0	0		16529.5	0	12	0	0	12	0	0	0	0	brain	-0.004	-0.408	0.982	4e-04	2e-04								1.6	0		-0.956	0.444	-0.749	0.837	0.318	M0																																																																																																																																																																																									in_vivo_treatment_arms	in_vivo_tissue	unknown	pooled_samples	medium	brain_cns		TRUE	TRUE	single_sex		single_sex
SRP092799	gut | genotype_comparison | conf=high |  | n=24	genotype/variation	tissue:gut	24	24	12	12	6	6	0.5	0		17880	6	6	3	3	0	0	0	0	12	gut	0.347	-0.037	0.038	0.0018	0.001								3.08	3	0.99	0.986	-0.604	-0.231	0.264	0.172	M0,M1,M0perm,M3,M4,M5,M4perm,M5perm,M0permw	720	744	0.911	0.96	0.997	0	0	0	720	628	0.785	0.96	0.963	0	0	0	720	690	0.903	0.98	0.999	0	0	0	720	753	0.743	0.88	0.956	0	0	0	744	753	0.749	0.89	0.959	0	0	0	720	511	0.601	0.93	0.88	0	0	0	744	511	0.593	0.9	0.883	0	0	0	720	674	0.81	0.89	0.979	0	0	0	744	674	0.825	0.89	0.982	0	0	0	720	737	0.814	0.93	0.988	0	0	0	744	737	0.851	0.9	0.99	0	0	0	720	669	0.781	0.91	0.98	0	0	0	744	669	0.793	0.93	0.98	0	0	0																																																																																	genotype_comparison	in_vivo_tissue	both_sexes	""	high	gut		TRUE	FALSE	balanced		balanced
SRP093283	liver | genotype_comparison | conf=high | tumor_tissue | n=15	genotype/variation	in:tissue=liver tumor;tissue:liver	15	15	12	9	4	5	0.44	0.35		12870	4	5	1	3	9	0	0	3	9	liver	-1.173	0.314	-0.279	0.0012	0.0011								2.49	0		1.3	-1.344	0.483	-0.102	-0.301	M0,M1,M0perm,M4,M5,M4perm,M5perm,M0permw	3711	2375	0.619	0.9	0.976	0	0	0	3711	3154	0.715	0.95	0.947	0	0	0	3711	2925	0.733	0.81	0.972	0	0	0																	3711	2023	0.522	0.66	0.934	0	0	0	2375	2023	0.754	0.7	0.947	0	0	0	3711	2100	0.437	0.7	0.882	0	0	0	2375	2100	0.612	0.78	0.897	0	0	0	3711	1699	0.427	0.68	0.9	0	0	0	2375	1699	0.651	0.75	0.913	0	0	0	3711	2317	0.537	0.69	0.943	0	0	0	2375	2317	0.707	0.76	0.951	0	0	0																																																																																	genotype_comparison	in_vivo_tissue	unknown	tumor_tissue	high	liver		TRUE	FALSE	partially_confounded		partially_confounded
SRP093288	other | in_vivo_treatment_arms | conf=medium | pooled_samples | n=187	early life condition	ex:source_name=ventral tegmental area (brain);in:source_name=nac;tissue:other	187	163	42	42	21	21	0.52	0		17415.5	22	20	11	11	0	0	0	0	42	generic	0.075	-0.242	-0.286	8e-04	7e-04	layout	0		0			0	6.99	3	0.996	-0.591	0.369	-0.069	0.104	0.08	M0,M1,M0perm,M3,M4,M5,M4perm,M5perm,M0permw	1	1	1	0.57	0.98	0	0	0	1	0	0	0.77	0.988	0	0	0	1	1	1	0.94	1	0	0	0	1	2	0.5	0.38	0.868	0	0	0	1	2	0.5	0.54	0.893	0	0	0	1	0	0	0.31	0.801	0	0	0	1	0	0	0.4	0.821	0	0	0	1	1	1	0.49	0.962	0	0	0	1	1	1	0.79	0.983	0	0	0	1	1	1	0.53	0.969	0	0	0	1	1	1	0.84	0.988	0	0	0	1	1	1	0.56	0.978	0	0	0	1	1	1	0.86	0.997	0	0	0																																																																																	in_vivo_treatment_arms	in_vivo_tissue	both_sexes	pooled_samples	medium	other		TRUE	FALSE	balanced		balanced
SRP093302	other | genotype_comparison | conf=medium | tumor_tissue | n=24	genotype	tissue:other	24	24	15	15	10	5	0.6	0.3		17119	9	6	7	2	0	5	0	0	15	generic	1.928	3.148	0.374	0.0014	0.0014								6.82	4	0.125	-3.038	0.586	-3.714	4.35	0.234	M0,M1,M0perm,M3,M4,M5,M4perm,M5perm,M0permw	13627	13485	0.926	0.83	0.996	0	0	0	13627	13660	0.91	0.93	0.994	0	0	0	13627	13240	0.932	0.9	0.998	0	0	0	13627	15484	0.877	0.61	0.992	0	0	0	13485	15484	0.856	0.57	0.989	0	0	0	13627	8116	0.564	0.77	0.947	113	0	0	13485	8116	0.573	0.83	0.951	80	0	0	13627	8626	0.532	0.67	0.885	509	0	0	13485	8626	0.525	0.73	0.879	525	0	0	13627	13268	0.892	0.82	0.993	0	0	0	13485	13268	0.937	0.89	0.997	0	0	0	13627	13349	0.904	0.82	0.994	0	0	0	13485	13349	0.952	0.87	0.998	0	0	0																																																																																	genotype_comparison	in_vivo_tissue	both_sexes	tumor_tissue	medium	other		TRUE	FALSE	partially_confounded		partially_confounded
SRP093326	blood_immune | genotype_comparison | conf=high |  | n=20	genotype	in:treatment=vehicle treatment;tissue:blood_immune	20	20	10	10	5	5	0.5	1		16637.5	5	5	0	5	10	0	0	0	10	blood	0.263	-0.502	0.064	0.002	0.0016								12.89	0		0.01	-1.446	-4.207	1.597	1.018	M0																																																																																																																																																																																									genotype_comparison	in_vivo_tissue	unknown	""	high	blood_immune		TRUE	FALSE	completely_confounded		completely_confounded
SRP093645	brain_cns | in_vivo_treatment_arms | conf=high |  | n=22	construct	tissue:brain_cns	22	22	22	22	12	10	0.59	0.567		17379	13	9	4	9	22	0	0	0	22	brain	-0.218	0.085	0.903	4e-04	4e-04								18.23	4	0.12	0.752	-0.435	0.294	-0.36	-0.15	M0,M1,M0perm,M3,M4,M5,M4perm,M5perm,M0permw	0	0		0.14	0.825	0	0	0	0	0		0.81	0.991	0	0	0	0	0		0.46	0.921	0	0	0	0	4016	0	0.01	0.897	0	0	1	0	4016	0	0	0.731	0	0	1	0	0		0.12	0.801	0	0	0	0	0		0.53	0.923	0	0	0	0	0		0.12	0.759	0	0	0	0	0		0.65	0.947	0	0	0	0	0		0.16	0.767	0	0	0	0	0		0.6	0.917	0	0	0	0	0		0.06	0.796	0	0	0	0	0		0.27	0.934	0	0	0																																																																																	in_vivo_treatment_arms	ex_vivo_primary_cells	unknown	""	high	brain_cns		TRUE	FALSE	partially_confounded		partially_confounded
SRP093648	liver | in_vivo_treatment_arms | conf=high |  | n=24	treatment	subj:isolate;tissue:liver	24	20	20	20	12	8	0	0	0.957	14343.5	0	20	0	0	0	0	0	0	0	liver	-0.715	-0.182	-0.867	4e-04	3e-04								14.1	0		1.384	0.573	-0.053	0.042	0.45	M0																																																																																																																																																																																									in_vivo_treatment_arms	in_vivo_tissue	male_only	""	high	liver		TRUE	TRUE	single_sex	partially_confounded	single_sex
SRP093912	liver | between_subject_case_control | conf=high | tumor_tissue | n=41	disease stage	tissue:liver	41	41	18	18	9	9	0	0		14511	0	18	0	0	0	0	1	0	18	liver	-0.253	0.641	-0.25	5e-04	3e-04								2.88	0		0.42	-1.193	-0.743	0.365	0.88	M0																																																																																																																																																																																									between_subject_case_control	in_vivo_tissue	male_only	tumor_tissue	high	liver		TRUE	TRUE	single_sex		single_sex
SRP093925	other | genotype_comparison | conf=medium |  | n=26	genotype	tissue:other	26	16	13	13	8	5	0.23	0.375		15616	3	10	3	0	13	0	0	0	0	generic	1.7	0.436	-2.379	5e-04	4e-04								14.09	2	0.946	0.77	0.039	0.041	-0.193	1.022	M0,M1,M0perm,M3,M4,M5,M4perm,M5perm,M0permw	2138	1822	0.514	0.55	0.939	0	0	0	2138	1554	0.376	0.39	0.926	0	0	0	2138	825	0.374	0.8	0.976	0	0	0	2138	1679	0.226	0.19	0.781	0	0	0	1822	1679	0.215	0.14	0.717	15	0	0	2138	3430	0.318	0.4	0.835	0	0	1	1822	3430	0.347	0.46	0.849	0	0	1	2138	430	0.112	0.24	0.782	1	0	0	1822	430	0.135	0.29	0.802	1	0	0	2138	369	0.136	0.47	0.898	0	0	0	1822	369	0.184	0.7	0.963	0	0	0	2138	1048	0.322	0.48	0.918	0	0	0	1822	1048	0.484	0.74	0.982	0	0	0																																																																																	genotype_comparison	ex_vivo_primary_cells	unknown	""	medium	other		TRUE	FALSE	partially_confounded		partially_confounded
SRP094057	brain_cns | genotype_comparison | conf=high |  | n=10	genotype/variation	tissue:brain_cns	10	10	10	10	5	5	0.6	0		13615	6	4	3	3	10	0	0	0	10	brain	-0.48	0.12	0.413	0	0								11.61	3	0.406	-0.202	0.759	-0.308	0.071	0.544	M0,M1,M0perm,M3,M4,M5,M4perm,M5perm,M0permw	0	0		0.8	0.985	0	0	0	0	0		0.83	0.99	0	0	0	0	0		0.74	0.989	0	0	0	0	0		0.33	0.791	0	0	0	0	0		0.37	0.8	0	0	0	0	0		0.17	0.823	0	0	0	0	0		0.21	0.829	0	0	0	0	0		0.54	0.937	0	0	0	0	0		0.59	0.929	0	0	0	0	0		0.46	0.936	0	0	0	0	0		0.53	0.949	0	0	0	0	0		0.27	0.808	0	0	0	0	0		0.31	0.813	0	0	0																																																																																	genotype_comparison	ex_vivo_primary_cells	unknown	""	high	brain_cns		TRUE	FALSE	balanced		balanced
SRP094068	brain_cns | genotype_comparison | conf=medium |  | n=61	strain	in:treatment=water control;tissue:brain_cns	61	61	54	54	35	19	1	0		17567.5	54	0	35	19	54	0	0	0	54	brain	0.1	0.971	-0.444	0.001	0.001								41.96	0		0.068	0.6	-0.252	0.268	0.045	M0																																																																																																																																																																																									genotype_comparison	ex_vivo_primary_cells	unknown	""	medium	brain_cns		TRUE	TRUE	single_sex		single_sex
SRP094108	brain_cns | genotype_comparison | conf=high |  | n=277	transgenic	in:tissue=hippocampus;tissue:brain_cns	277	277	71	71	35	36	0	0	0.028	17721	0	71	0	0	71	0	0	0	0	brain	-0.517	1.804	0.165	1e-04	1e-04								2.89	0		-0.442	-0.254	-0.097	0.163	0.084	M0																																																																																																																																																																																									genotype_comparison	in_vivo_tissue	unknown	""	high	brain_cns		TRUE	TRUE	single_sex	balanced	single_sex
SRP094428	liver | genotype_comparison | conf=high |  | n=8	genotype	tissue:liver	8	8	8	8	4	4	0	0		13912	0	8	0	0	8	0	0	0	8	liver	0.809	0.129	-0.757	0.0033	0.0027								1.1	0		2.185	0.559	-0.778	1.337	1.786	M0																																																																																																																																																																																									genotype_comparison	in_vivo_tissue	unknown	""	high	liver		TRUE	TRUE	single_sex		single_sex
SRP094547	brain_cns | genotype_comparison | conf=medium |  | n=8	genotype/variation	tissue:brain_cns	8	8	8	8	4	4	0	0		17165.5	0	8	0	0	8	0	0	0	8	brain	-2.093	2.158	-0.468	2e-04	1e-04								2.36	0		-0.669	0.752	0.803	-0.545	-1.292	M0																																																																																																																																																																																									genotype_comparison	in_vivo_tissue	unknown	""	medium	brain_cns		TRUE	TRUE	single_sex		single_sex
SRP094566	skin | in_vivo_treatment_arms | conf=high |  | n=8	source_name	tissue:skin	8	8	8	8	4	4	0	0		19201.5	0	8	0	0	8	0	0	0	8	generic	1.628	-0.802	-1.096	0.0016	0.0013								6.73	0		-1.02	-3.176	-1.796	0.898	-0.814	M0																																																																																																																																																																																									in_vivo_treatment_arms	in_vivo_tissue	unknown	""	high	skin		TRUE	TRUE	single_sex		single_sex
SRP094567	tumor | genotype_comparison | conf=medium | tumor_tissue | n=30	genotype	tissue:tumor	30	30	30	30	15	15	1	0		16262.5	30	0	15	15	30	0	0	0	30	generic	0.499	0.039	-0.592	0.0252	0.0251								13.31	0		0.199	-0.05	-0.74	0.908	1.27	M0																																																																																																																																																																																									genotype_comparison	in_vivo_tissue	female_only	tumor_tissue	medium	tumor		TRUE	TRUE	single_sex		single_sex
SRP094570	tumor | genotype_comparison | conf=high | tumor_tissue | n=27	genotype	in:source_name=prostate;tissue:tumor	27	27	14	14	10	4	0	0		17576.5	0	14	0	0	14	0	0	0	14	generic	-1.36	-0.989	0.287	0.0025	0.0024								19.97	0		-2.051	0.454	-0.943	0.905	-0.245	M0																																																																																																																																																																																									genotype_comparison	in_vivo_tissue	male_only	tumor_tissue	high	tumor		TRUE	TRUE	single_sex		single_sex
SRP094627	brain_cns | in_vivo_treatment_arms | conf=medium |  | n=32	group	tissue:brain_cns	32	32	16	16	8	8	1	0		16962	16	0	8	8	16	0	0	0	0	brain	-0.235	0.313	0.137	0	0	readlen	1					1	1.52	0		-1.301	-1.085	-1.211	1.383	-3.756	M0																																																																																																																																																																																									in_vivo_treatment_arms	in_vivo_tissue	unknown	""	medium	brain_cns		TRUE	TRUE	single_sex		single_sex
SRP094648	brain_cns | genotype_comparison | conf=high |  | n=8	genotype	tissue:brain_cns	8	8	8	8	4	4	1	0		18487.5	8	0	4	4	8	0	0	0	8	brain	-1.543	2.219	0.222	0.0044	0.0042								3.57	0		-0.056	-0.288	-0.154	0.187	0.761	M0																																																																																																																																																																																									genotype_comparison	in_vivo_tissue	unknown	""	high	brain_cns		TRUE	TRUE	single_sex		single_sex
SRP094656	brain_cns | genotype_comparison | conf=high |  | n=8	genotype	tissue:brain_cns	8	8	8	8	4	4	0.88	0.25		19760	7	1	3	4	8	0	0	0	0	brain	-1.237	0.408	-0.787	3e-04	3e-04								4.02	0		0.618	-0.857	-0.122	0.151	0.906	M0,M1,M0perm,M4,M5,M4perm,M5perm,M0permw	0	0		0.76	0.964	0	0	0	0	96	0	0.41	0.893	0	0	0	0	0		0.76	0.964	0	0	0																	0	95	0	0.28	0.852	0	0	0	0	95	0	0.28	0.815	0	0	0	0	0		0.36	0.656	0	0	0	0	0		0.45	0.725	0	0	0	0	434	0	0.15	0.87	0	0	0	0	434	0	0.19	0.915	0	0	0	0	7	0	0.2	0.703	0	0	0	0	7	0	0.2	0.651	0	0	0																																																																																	genotype_comparison	in_vivo_tissue	unknown	""	high	brain_cns		TRUE	FALSE	mildly_imbalanced		mildly_imbalanced
SRP094678	brain_cns | genotype_comparison | conf=medium |  | n=15	strain	subj:isolate;tissue:brain_cns	15	15	15	15	8	7	1	0		9110	15	0	8	7	0	3	3	0	0	brain	0.193	-0.14	0.159	0.0092	0.0092								17.49	0		1.327	0.367	-0.314	0.314	-0.298	M0																																																																																																																																																																																									genotype_comparison	ex_vivo_primary_cells	female_only	""	medium	brain_cns		TRUE	TRUE	single_sex		single_sex
SRP094696	brain_cns | in_vivo_treatment_arms | conf=high |  | n=16	condition	tissue:brain_cns	16	16	16	16	8	8	1	0		18390	16	0	8	8	16	0	0	0	16	brain	-0.56	0.022	-1.302	0.0019	0.0019								16.45	0		-0.433	-0.42	0.493	-0.489	0.514	M0																																																																																																																																																																																									in_vivo_treatment_arms	in_vivo_tissue	unknown	""	high	brain_cns		TRUE	TRUE	single_sex		single_sex
SRP094736	gut | genotype_comparison | conf=medium | tumor_tissue | n=20	genotype	tissue:gut	20	20	10	10	5	5	1	0		17771.5	10	0	5	5	0	0	0	0	10	gut	1.073	0.292	-0.935	3e-04	3e-04								1.66	0		-0.824	2.108	-0.118	-0.024	0.49	M0																																																																																																																																																																																									genotype_comparison	in_vivo_tissue	female_only	tumor_tissue	medium	gut		TRUE	TRUE	single_sex		single_sex
SRP094779	kidney | between_subject_case_control | conf=high |  | n=57	type	tissue:kidney	57	57	57	57	28	29	0	0	0.058	17173	0	57	0	0	57	0	0	0	0	kidney	-0.021	1.921	0.309	0.002	0.0017								0.86	0		0.594	-0.574	-0.303	0.164	-0.347	M0																																																																																																																																																																																									between_subject_case_control	in_vivo_tissue	unknown	""	high	kidney		TRUE	TRUE	single_sex	balanced	single_sex
SRP094796	adipose | in_vivo_treatment_arms | conf=medium |  | n=64	agent	in:tissue=iwat;tissue:adipose	64	64	30	30	13	17	0	0		16561	0	30	0	0	30	0	0	0	30	adipose	0.191	-0.921	-1.192	0.0011	9e-04	readlen	0.095					0.095	12.41	0		0.878	0.479	-1.412	1.281	0.028	M0																																																																																																																																																																																									in_vivo_treatment_arms	in_vivo_tissue	unknown	""	medium	adipose		TRUE	TRUE	single_sex		single_sex
SRP094853	brain_cns | in_vivo_treatment_arms | conf=high |  | n=48	treatment	in:cell type=microglia;tissue:brain_cns	48	48	19	15	9	6	0.67	0.278		15390	10	5	5	5	15	0	0	4	15	brain	-1.075	-0.176	0.563	0.0052	0.0052								20.18	3	0.092	-1.855	-1.399	1.228	-1.404	-1.445	M0,M1,M0perm,M3,M4,M5,M4perm,M5perm,M0permw	1261	13	0.01	0.88	0.986	0	0	0	1261	1600	0.661	0.7	0.983	0	0	0	1261	1743	0.643	0.67	0.992	0	0	0	1261	1455	0.476	0.56	0.972	0	0	0	13	1455	0.009	0.58	0.958	0	0	0	1261	0	0	0.12	0.376	367	0	0	13	0	0	0.14	0.413	0	0	0	1261	0	0	0.39	0.9	0	0	0	13	0	0	0.45	0.925	0	0	0	1261	0	0	0.55	0.952	0	0	0	13	0	0	0.55	0.97	0	0	0	1261	2	0.002	0.72	0.95	0	0	0	13	2	0.154	0.78	0.955	0	0	0																																																																																	in_vivo_treatment_arms	ex_vivo_primary_cells	unknown	""	high	brain_cns		TRUE	FALSE	mildly_imbalanced		mildly_imbalanced
SRP094864	brain_cns | in_vivo_treatment_arms | conf=high |  | n=36	treatment	in:tissue=brain (adult nucleus accumbens);tissue:brain_cns	36	36	12	12	6	6	0	0		17550.5	0	12	0	0	0	0	0	0	12	brain	-0.382	-0.56	-0.868	1e-04	0								4.4	0		-0.23	0.728	-0.509	0.52	-0.333	M0																																																																																																																																																																																									in_vivo_treatment_arms	in_vivo_tissue	male_only	""	high	brain_cns		TRUE	TRUE	single_sex		single_sex
SRP094897	brain_cns | genotype_comparison | conf=high |  | n=8	genotype/variation	tissue:brain_cns	8	8	8	8	4	4	1	0		20247	8	0	4	4	0	0	0	0	0	brain	0.157	-0.919	-0.137	0	0								2.08	0		-0.482	0.615	-0.513	0.648	-1.991	M0																																																																																																																																																																																									genotype_comparison	in_vivo_tissue	male_only	""	high	brain_cns		TRUE	TRUE	single_sex		single_sex
SRP094952	other | genotype_comparison | conf=medium |  | n=15	condition	tissue:other	15	15	11	10	5	5	0.6	0.4		15513	6	4	4	2	10	0	0	1	10	generic	1.282	1.722	-0.657	0	0								4.79	3	0.123	0.192	0.72	0.417	-0.346	-0.301	M0,M1,M0perm,M3,M4,M5,M4perm,M5perm,M0permw	4852	4887	0.804	0.82	0.982	0	0	0	4852	3716	0.738	0.9	0.985	0	0	0	4852	4108	0.785	0.89	0.987	0	0	0	4852	6826	0.705	0.64	0.987	0	0	1	4887	6826	0.668	0.62	0.962	2	0	1	4852	2891	0.554	0.76	0.953	0	0	0	4887	2891	0.559	0.82	0.961	0	0	0	4852	1359	0.275	0.65	0.91	2	0	0	4887	1359	0.273	0.77	0.907	0	0	0	4852	4091	0.702	0.73	0.962	0	0	0	4887	4091	0.748	0.84	0.981	0	0	0	4852	1620	0.322	0.71	0.907	2	0	0	4887	1620	0.322	0.76	0.926	0	0	0																																																																																	genotype_comparison	ex_vivo_primary_cells	unknown	""	medium	other		TRUE	FALSE	partially_confounded		partially_confounded
SRP095064	liver | in_vivo_treatment_arms | conf=high |  | n=18	treated with	tissue:liver	18	18	18	18	9	9	0.5	0.111		14701.5	9	9	4	5	0	0	0	0	0	liver	-1.336	-0.372	-2.061	3e-04	3e-04								8.26	4	0.84	-0.748	1.094	0.574	-0.283	0.164	M0,M1,M0perm,M3,M4,M5,M4perm,M5perm,M0permw	1886	1534	0.744	0.76	0.997	0	0	0	1886	2211	0.812	0.74	0.998	0	0	0	1886	994	0.525	0.9	0.998	0	0	0	1886	42	0.021	0.44	0.819	0	0	0	1534	42	0.026	0.44	0.823	0	0	0	1886	0	0	0.41	0.859	0	0	0	1534	0	0	0.45	0.864	0	0	0	1886	7	0.003	0.41	0.875	0	0	0	1534	7	0.004	0.45	0.881	0	0	0	1886	2901	0.56	0.43	0.983	0	0	0	1534	2901	0.492	0.45	0.985	0	0	0	1886	11	0.006	0.68	0.983	0	0	0	1534	11	0.007	0.78	0.987	0	0	0																																																																																	in_vivo_treatment_arms	in_vivo_tissue	both_sexes	""	high	liver		TRUE	FALSE	balanced		balanced
SRP095091	other | genotype_comparison | conf=medium |  | n=18	genotype	tissue:other	18	18	18	18	9	9	0	0		15879	0	18	0	0	18	0	0	0	18	generic	0.738	-0.321	-0.104	0	0								6.75	0		0.243	0.346	0.988	-0.754	0.309	M0																																																																																																																																																																																									genotype_comparison	ex_vivo_primary_cells	unknown	""	medium	other		TRUE	TRUE	single_sex		single_sex
SRP095117	other | in_vivo_treatment_arms | conf=high | pooled_samples | n=8	condition	tissue:other	8	8	8	8	4	4	1	0		14824.5	8	0	4	4	8	0	0	0	8	generic	1.455	0.458	-0.257	0	0	readlen	0.378					0.378	23.4	0		-0.323	1.596	1.024	-0.958	-2.468	M0																																																																																																																																																																																									in_vivo_treatment_arms	ex_vivo_primary_cells	unknown	pooled_samples	high	other		TRUE	TRUE	single_sex		single_sex
SRP095191	brain_cns | in_vivo_treatment_arms | conf=medium |  | n=180	treatment	in:cell type=total homogenate;tissue:brain_cns	180	45	24	24	12	12	0	0		17782.5	0	24	0	0	24	0	0	0	24	brain	0.263	-0.562	0.368	4e-04	3e-04								22.41	0		0.065	-0.204	-0.348	0.127	0.072	M0																																																																																																																																																																																									in_vivo_treatment_arms	in_vivo_tissue	unknown	""	medium	brain_cns		TRUE	TRUE	single_sex		single_sex
SRP095235	liver | in_vivo_treatment_arms | conf=high |  | n=12	diet	tissue:liver	12	12	12	12	6	6	0.5	0.667	0	13637	6	6	5	1	0	0	1	0	0	liver	-0.763	-1.277	-0.882	2e-04	2e-04								6.63	2	0.13	0.07	-0.763	-0.138	-1.071	0.015	M0,M1,M0perm,M2,M2perm,M3,M4,M5,M4perm,M5perm,M0permw	4306	1175	0.265	0.81	0.862	0	0	0	4306	5662	0.756	0.78	0.994	0	0	0	4306	2865	0.406	0.78	0.946	0	0	2	4306	7039	0.605	0.77	0.964	0	0	3	1175	7039	0.164	0.75	0.787	0	0	3	4306	762	0.175	0.61	0.869	1	0	0	1175	762	0.516	0.66	0.926	0	0	0	4306	678	0.151	0.61	0.758	2	0	0	1175	678	0.482	0.71	0.947	0	0	0	4306	680	0.153	0.66	0.902	0	0	0	1175	680	0.537	0.75	0.941	0	0	0	4306	592	0.133	0.7	0.781	7	0	0	1175	592	0.474	0.77	0.965	0	0	0																																	4306	1841	0.335	0.61	0.846	0	0	0	4306	643	0.147	0.71	0.865	0	0	0																																	in_vivo_treatment_arms	in_vivo_tissue	female_only	""	high	liver		TRUE	FALSE	partially_confounded	balanced	partially_confounded
SRP095617	lung | in_vivo_treatment_arms | conf=high |  | n=188	treatment	in:age=post natal day 14;tissue:lung	188	32	8	8	4	4	0.62	0.25		18127.5	5	3	2	3	8	0	0	0	0	lung	0.62	-0.524	-0.22	0.0102	0.0034								5.31	0		-0.853	-0.159	-1.521	1.7	-1.42	M0,M1,M0perm,M4,M5,M7,M4perm,M5perm,M7perm,M0permw	101	47	0.451	0.92	0.931	0	0	0	101	0	0	0.23	0.723	0	0	0	101	33	0.327	0.9	0.94	0	0	0																	101	43	0.075	0.17	0.49	0	0	0	47	43	0.084	0.18	0.564	1	0	0	101	65	0.153	0.25	0.604	0	0	0	47	65	0.179	0.29	0.676	0	0	0	101	12	0.119	0.78	0.908	0	0	0	47	12	0.255	0.83	0.971	0	0	0	101	4	0.029	0.67	0.825	0	0	0	47	4	0.085	0.68	0.887	0	0	0	101	121	0.721	0.81	0.925	0	0	2	47	121	0.377	0.86	0.988	0	0	2	101	130	0.674	0.81	0.918	0	0	2	47	130	0.351	0.84	0.979	0	0	2																																																	in_vivo_treatment_arms	in_vivo_tissue	unknown	""	high	lung		TRUE	FALSE	mildly_imbalanced		mildly_imbalanced
SRP095766	reproductive | genotype_comparison | conf=medium |  | n=16	genotype	tissue:reproductive	16	16	16	16	8	8	0	0		16632.5	0	16	0	0	16	0	0	0	0	generic	1.943	0.791	3.138	2e-04	1e-04								2.75	0		1.091	-2.68	2.9	-0.55	1.182	M0																																																																																																																																																																																									genotype_comparison	in_vivo_tissue	male_only	""	medium	reproductive		TRUE	TRUE	single_sex		single_sex
SRP095855	liver | in_vivo_treatment_arms | conf=high |  | n=18	treatment	tissue:liver	18	18	18	15	7	8	0.87	0.286		14996	13	2	5	8	15	0	0	3	15	liver	0.617	1.818	-1.27	0.0026	0.0025								3.09	2	0.213	-3.347	0.829	4.854	-3.894	-0.785	M0,M1,M0perm,M3,M4,M5,M4perm,M5perm,M0permw	9465	8245	0.842	0.86	0.986	0	0	0	9465	9447	0.965	0.87	0.998	0	0	0	9465	8671	0.871	0.82	0.992	0	0	0	9465	13569	0.682	0.78	0.927	0	0	5	8245	13569	0.594	0.71	0.917	0	0	5	9465	4205	0.366	0.67	0.764	367	0	0	8245	4205	0.413	0.63	0.797	49	0	0	9465	4131	0.404	0.58	0.821	438	0	0	8245	4131	0.46	0.62	0.861	61	0	0	9465	7451	0.726	0.67	0.962	0	0	0	8245	7451	0.785	0.74	0.959	0	0	0	9465	4774	0.493	0.63	0.936	14	0	0	8245	4774	0.553	0.66	0.939	4	0	0																																																																																	in_vivo_treatment_arms	in_vivo_tissue	unknown	""	high	liver		TRUE	FALSE	mildly_imbalanced		mildly_imbalanced
SRP095936	other | genotype_comparison | conf=high |  | n=8	genotype/variation	tissue:other	8	8	8	8	4	4	0.75	0.5		18137.5	6	2	2	4	8	0	0	0	0	generic	2.809	7.544	6.146	6e-04	4e-04								1.41	0		9.211	-3.258	-14.944	9.126	0.253	M0,M1,M0perm,M4,M5,M4perm,M5perm,M0permw	12227	11783	0.837	0.62	0.981	0	1	1	12227	12093	0.971	0.89	1	0	1	1	12227	10579	0.829	0.86	0.988	0	1	0																	12227	0	0	0.16	0.377	3936	1	0	11783	0	0	0.25	0.38	3694	1	0	12227	1835	0.146	0.5	0.746	1454	1	0	11783	1835	0.152	0.7	0.766	1172	1	0	12227	11020	0.788	0.6	0.971	5	1	1	11783	11020	0.865	0.82	0.989	0	1	1	12227	11855	0.826	0.58	0.978	0	1	1	11783	11855	0.942	0.84	0.997	0	1	1																																																																																	genotype_comparison	in_vivo_tissue	unknown	""	high	other		TRUE	FALSE	partially_confounded		partially_confounded
SRP096024	liver | in_vivo_treatment_arms | conf=high |  | n=15	diet	tissue:liver	15	15	10	10	5	5	0	0		14952	0	10	0	0	0	0	0	0	10	liver	0.068	5.556	1.975	2e-04	1e-04								1.63	0		-0.44	1.528	-0.906	0.733	0.673	M0																																																																																																																																																																																									in_vivo_treatment_arms	in_vivo_tissue	male_only	""	high	liver		TRUE	TRUE	single_sex		single_sex
SRP096052	other | between_subject_case_control | conf=high | tumor_tissue | n=20	tissue	tissue:other	20	20	20	15	11	4	0.93	0.091		19800	14	1	10	4	15	0	0	5	15	generic	-3.65	-2.372	-3.692	0.0025	0.0025								23.72	4	0.355	1.783	0.28	-0.842	3.424	0.948	M0,M1,M0perm,M3,M4,M5,M4perm,M5perm,M0permw	20836	20625	0.968	0.8	0.999	0	2	5	20836	19063	0.901	0.8	0.997	0	2	4	20836	20677	0.959	0.95	0.999	0	2	2	20836	25487	0.816	0.44	0.987	0	2	5	20625	25487	0.808	0.47	0.987	0	5	5	20836	18147	0.791	0.26	0.969	4	2	1	20625	18147	0.8	0.29	0.971	2	5	1	20836	14381	0.594	0.63	0.894	699	2	2	20625	14381	0.598	0.63	0.894	668	5	2	20836	20064	0.926	0.63	0.995	0	2	5	20625	20064	0.937	0.69	0.996	0	5	5	20836	20004	0.932	0.64	0.996	0	2	5	20625	20004	0.947	0.68	0.998	0	5	5																																																																																	between_subject_case_control	in_vivo_tissue	unknown	tumor_tissue	high	other		TRUE	FALSE	balanced		balanced
SRP096113	brain_cns | genotype_comparison | conf=high |  | n=9	genotype	subj:samid;tissue:brain_cns	9	9	9	9	5	4	0.44	0.1		12143	4	5	2	2	0	1	4	0	0	brain	-0.241	0.763	0.624	0	0								19.05	0		-0.283	1.868	0.752	-0.658	-1.177	M0,M1,M0perm,M4,M5,M4perm,M5perm,M0permw	0	0		0.57	0.981	0	0	0	0	1	0	0.39	0.865	0	0	0	0	0		0.58	0.978	0	0	0																	0	0		0.01	0.549	0	0	0	0	0		0.04	0.571	0	0	0	0	1	0	0.08	0.65	0	0	0	0	1	0	0.17	0.658	0	0	0	0	0		0.23	0.744	0	0	0	0	0		0.38	0.75	0	0	0	0	0		0.26	0.768	0	0	0	0	0		0.41	0.78	0	0	0																																																																																	genotype_comparison	ex_vivo_primary_cells	both_sexes	""	high	brain_cns		TRUE	FALSE	balanced		balanced
SRP096116	brain_cns | genotype_comparison | conf=high |  | n=12	genotype	tissue:brain_cns	12	12	12	12	6	6	0	0		11872	0	12	0	0	0	0	5	0	0	brain	-1.177	-0.216	-1.029	0	0								18.66	0		4.638	2.531	-1.445	4.056	-0.55	M0																																																																																																																																																																																									genotype_comparison	ex_vivo_primary_cells	male_only	""	high	brain_cns		TRUE	TRUE	single_sex		single_sex
SRP096126	blood_immune | genotype_comparison | conf=medium |  | n=20	genotype	in:age=24 months;in:source_name=visceral adipose tissue (vat);tissue:blood_immune	20	20	8	8	4	4	0	0		15118.5	0	8	0	0	0	0	0	0	0	blood	1.495	1.063	-0.657	1e-04	1e-04								2.57	0		-1.129	0.648	0.937	-0.552	-0.278	M0																																																																																																																																																																																									genotype_comparison	ex_vivo_primary_cells	male_only	""	medium	blood_immune		TRUE	TRUE	single_sex		single_sex
SRP096162	tumor | genotype_comparison | conf=medium | tumor_tissue | n=12	genotype	tissue:tumor	12	12	12	12	6	6	1	0		15672.5	12	0	6	6	0	0	0	0	12	generic	-4.164	-5.417	2.337	0	0								3.46	0		7.527	-2.975	2.654	-3.17	-0.263	M0																																																																																																																																																																																									genotype_comparison	in_vivo_tissue	male_only	tumor_tissue	medium	tumor		TRUE	TRUE	single_sex		single_sex
SRP096254	adipose | genotype_comparison | conf=high |  | n=8	genotype	tissue:adipose	8	8	8	8	4	4	0	0		17443.5	0	8	0	0	8	0	0	0	8	adipose	-1.257	1.213	0.484	0.0014	8e-04								2.34	0		-2	1	-0.262	0.101	-0.676	M0																																																																																																																																																																																									genotype_comparison	in_vivo_tissue	unknown	""	high	adipose		TRUE	TRUE	single_sex		single_sex
SRP096571	liver | genotype_comparison | conf=medium |  | n=24	source_name	ex:source_name=wt;tissue:liver	24	12	8	8	4	4	0	0		15085	0	8	0	0	8	0	0	0	0	liver	-2.334	-0.318	0.672	0	0								16.8	0		-2.425	-1.012	-1.663	1.705	0.892	M0																																																																																																																																																																																									genotype_comparison	ex_vivo_primary_cells	unknown	""	medium	liver		TRUE	TRUE	single_sex		single_sex
SRP096580	gut | genotype_comparison | conf=high | tumor_tissue | n=18	genotype	tissue:gut	18	18	12	12	6	6	0	0		16367.5	0	12	0	0	0	0	0	0	12	gut	0.924	0.846	0.513	0.0018	0.0015								8.93	0		-1.023	1.324	-0.247	0.544	0.866	M0																																																																																																																																																																																									genotype_comparison	in_vivo_tissue	male_only	tumor_tissue	high	gut		TRUE	TRUE	single_sex		single_sex
SRP096655	other | genotype_comparison | conf=medium |  | n=12	genotype	in:fraction=total rna;tissue:other	12	12	8	8	4	4	0.75	0.5	0	7398.5	6	2	2	4	8	0	0	0	0	generic	-1.148	-1.002	-0.524	0.0035	0.0035								3.35	0		-0.177	-1.444	0.9	-0.982	0.583	M0,M1,M0perm,M2,M2perm,M4,M5,M4perm,M5perm,M0permw	1195	2930	0.37	0.41	0.658	0	0	0	1195	1102	0.916	0.94	0.986	0	0	0	1195	1726	0.601	0.62	0.843	0	0	0																	1195	1746	0.483	0.11	0.331	16	0	0	2930	1746	0.481	0.16	0.625	131	0	0	1195	3187	0.321	0.12	0.613	0	0	1	2930	3187	0.391	0.15	0.738	1	0	1	1195	3192	0.32	0.11	0.502	0	0	0	2930	3192	0.653	0.17	0.886	0	0	0	1195	2236	0.446	0.16	0.53	0	0	0	2930	2236	0.683	0.27	0.904	0	0	0																																	1195	3069	0.335	0.28	0.468	1	0	0	1195	2453	0.424	0.38	0.626	0	0	0																																	genotype_comparison	in_vivo_tissue	male_only	""	medium	other		TRUE	FALSE	partially_confounded	balanced	partially_confounded
SRP096721	liver | genotype_comparison | conf=medium |  | n=154	strain	tissue:liver	154	154	28	28	8	20	0	0		13947	0	28	0	0	28	0	0	0	28	liver	-0.47	-0.103	-0.456	9e-04	8e-04								9.23	0		1.388	-0.199	0.471	-0.186	-0.344	M0																																																																																																																																																																																									genotype_comparison	in_vivo_tissue	unknown	""	medium	liver		TRUE	TRUE	single_sex		single_sex
SRP096738	brain_cns | genotype_comparison | conf=high |  | n=12	genotype	tissue:brain_cns	12	12	8	8	4	4	0.25	0.5		16727.5	2	6	0	2	8	0	0	0	8	brain	0.993	-0.774	-0.896	0.0016	0.0012								4.23	0		0.855	-1.208	-0.072	0.114	1.23	M0,M1,M0perm,M4,M5,M4perm,M5perm,M0permw	16	48	0.255	0.42	0.868	0	0	0	16	282	0.057	0.11	0.851	0	0	0	16	11	0.588	0.52	0.855	0	0	0																	16	234	0.064	0.33	0.69	0	0	0	48	234	0.205	0.55	0.891	0	0	0	16	0	0	0.13	0.259	0	0	0	48	0	0	0.22	0.395	0	0	0	16	0	0	0.27	0.675	0	0	0	48	0	0	0.47	0.802	0	0	0	16	0	0	0.3	0.691	0	0	0	48	0	0	0.54	0.805	0	0	0																																																																																	genotype_comparison	in_vivo_tissue	unknown	""	high	brain_cns		TRUE	FALSE	partially_confounded		partially_confounded
SRP096963	other | genotype_comparison | conf=high |  | n=18	genotype/variation	in:cell type=peritoneal cavity b-1a cells;tissue:other	18	18	12	11	5	6	0.91	0.167		9258	10	1	5	5	11	0	0	1	11	generic	-1.229	-0.507	0.456	7e-04	7e-04	platform	0.069	0.069					12.8	2	0.124	0.271	-0.983	0.338	-0.345	-0.259	M0,M1,M0perm,M3,M4,M5,M6,M4perm,M5perm,M6perm,M0permw	74	58	0.63	0.83	0.956	0	0	0	74	58	0.671	0.82	0.939	0	0	0	74	46	0.579	0.84	0.96	0	0	0	74	64	0.624	0.79	0.887	0	0	0	58	64	0.627	0.71	0.859	0	0	0	74	15	0.156	0.62	0.644	0	0	0	58	15	0.197	0.64	0.689	0	0	0	74	8	0.093	0.52	0.702	0	0	0	58	8	0.119	0.56	0.719	0	0	0	74	29	0.338	0.66	0.849	0	0	0	58	29	0.475	0.68	0.888	0	0	0	74	20	0.253	0.68	0.838	0	0	0	58	20	0.345	0.7	0.889	0	0	0																																																	74	91	0.5	0.67	0.872	0	0	0	58	91	0.62	0.69	0.925	0	0	0	74	59	0.583	0.79	0.909	0	0	0	58	59	0.696	0.87	0.952	0	0	0	genotype_comparison	ex_vivo_primary_cells	unknown	""	high	other		TRUE	FALSE	mildly_imbalanced		mildly_imbalanced
SRP096989	other | in_vivo_treatment_arms | conf=medium |  | n=18	pathogen	tissue:other	18	18	18	18	9	9	1	0		15679.5	18	0	9	9	18	0	0	0	18	generic	0.304	0.316	0.028	2e-04	2e-04								12.48	0		0.121	-0.253	-0.177	0.177	-2.132	M0																																																																																																																																																																																									in_vivo_treatment_arms	ex_vivo_primary_cells	unknown	""	medium	other		TRUE	TRUE	single_sex		single_sex
SRP097576	other | genotype_comparison | conf=high |  | n=10	genotype	tissue:other	10	10	10	10	5	5	1	0		14813.5	10	0	5	5	10	0	0	0	10	generic	-0.395	-0.118	-0.372	1e-04	1e-04								6.51	0		0.809	-0.374	-0.429	0.357	-0.412	M0																																																																																																																																																																																									genotype_comparison	ex_vivo_primary_cells	unknown	""	high	other		TRUE	TRUE	single_sex		single_sex
SRP097585	brain_cns | in_vivo_treatment_arms | conf=high |  | n=24	treatment	tissue:brain_cns	24	12	12	12	6	6	0.5	0		16141	6	6	3	3	0	3	1	0	12	brain	0.295	0.488	-0.978	0.0011	0.0011								1.08	2	0.045	-0.605	-0.04	-0.724	0.661	-1.147	M0,M1,M0perm,M3,M4,M5,M4perm,M5perm,M0permw	0	0		0.68	0.927	0	0	0	0	0		0.59	0.952	0	0	0	0	0		0.83	0.97	0	0	0	0	0		0.25	0.512	0	0	0	0	0		0.22	0.625	0	0	0	0	0		0.32	0.869	0	0	0	0	0		0.4	0.881	0	0	0	0	0		0.12	0.711	0	0	0	0	0		0.19	0.832	0	0	0	0	0		0.4	0.848	0	0	0	0	0		0.41	0.784	0	0	0	0	0		0.18	0.824	0	0	0	0	0		0.21	0.781	0	0	0																																																																																	in_vivo_treatment_arms	in_vivo_tissue	male_only	""	high	brain_cns		TRUE	FALSE	balanced		balanced
SRP097621	tumor | in_vivo_treatment_arms | conf=medium | tumor_tissue | n=10	dox treatment days	tissue:tumor	10	10	10	9	5	4	0.78	0.5		16437.5	7	2	5	2	9	0	0	1	9	generic	6.511	4.679	0.699	0.0023	0.0023	layout	0.158		0.158			0.158	16.16	0		0.652	0.395	0.505	-0.733	-0.399	M0,M1,M0perm,M4,M5,M6,M4perm,M5perm,M6perm,M0permw	3345	3535	0.391	0.17	0.839	0	0	0	3345	2816	0.798	0.77	0.997	0	0	0	3345	1761	0.415	0.5	0.936	0	0	0																	3345	701	0.109	0.17	0.82	0	0	0	3535	701	0.188	0.66	0.971	0	0	0	3345	0	0	0	0.167	1267	0	0	3535	0	0	0.02	0.385	739	0	0	3345	0	0	0.1	0.676	3	0	0	3535	0	0	0.48	0.891	0	0	0	3345	20	0.003	0.19	0.837	0	0	0	3535	20	0.006	0.69	0.985	0	0	0																																																	3345	4121	0.421	0.18	0.864	0	0	0	3535	4121	0.679	0.63	0.97	0	0	0	3345	66	0.012	0.22	0.819	0	0	0	3535	66	0.019	0.74	0.987	0	0	0	in_vivo_treatment_arms	in_vivo_tissue	unknown	tumor_tissue	medium	tumor		TRUE	FALSE	partially_confounded		partially_confounded
SRP097921	reproductive | in_vivo_treatment_arms | conf=high |  | n=160	agent	tissue:reproductive	160	40	30	30	10	20	1	0		17818.5	30	0	10	20	30	0	0	0	30	generic	3.033	1.789	-0.757	0.0022	0.0017								4	0		-3.053	0.006	1.284	-1.232	-0.261	M0																																																																																																																																																																																									in_vivo_treatment_arms	in_vivo_tissue	female_only	""	high	reproductive		TRUE	TRUE	single_sex		single_sex
SRP098045	liver | in_vivo_treatment_arms | conf=medium |  | n=36	treatment	tissue:liver	36	36	36	36	12	24	0.22	0.167		16821.5	8	28	4	4	36	0	0	0	36	liver	-0.478	0.428	-0.22	0.0049	0.0048								2.51	4	0.723	0.683	-0.529	-1.049	1.265	0.51	M0,M1,M0perm,M3,M4,M5,M4perm,M5perm,M0permw	1	0	0	0.51	0.714	0	0	0	1	1	1	0.84	0.947	0	0	0	1	0	0	0.82	0.977	0	0	0	1	0	0	0.29	0.647	0	0	0	0	0		0.29	0.641	0	0	0	1	317	0.003	0.23	0.682	0	0	0	0	317	0	0.09	0.416	0	0	0	1	2	0	0.21	0.339	0	0	0	0	2	0	0.23	0.691	0	0	0	1	4	0.25	0.54	0.749	0	0	0	0	4	0	0.45	0.896	0	0	0	1	0	0	0.37	0.69	0	0	0	0	0		0.45	0.905	0	0	0																																																																																	in_vivo_treatment_arms	in_vivo_tissue	unknown	""	medium	liver		TRUE	FALSE	mildly_imbalanced		mildly_imbalanced
SRP098205	gut | genotype_comparison | conf=medium |  | n=32	genotype/variation	in:tissue=intestine (bottom);tissue:gut	32	32	8	8	4	4	0.38	0.25	0	19134	3	5	1	2	8	0	0	0	0	gut	-0.559	-0.829	-0.796	4e-04	3e-04								5.32	0		0.377	-0.63	0.195	-0.381	0.792	M0,M1,M0perm,M2,M2perm,M4,M5,M4perm,M5perm,M0permw	0	0		0.72	0.956	0	0	0	0	0		0.63	0.961	0	0	0	0	2	0	0.65	0.955	0	0	0																	0	0		0.2	0.873	0	0	0	0	0		0.22	0.908	0	0	0	0	0		0.39	0.795	0	0	0	0	0		0.41	0.826	0	0	0	0	0		0.24	0.653	0	0	0	0	0		0.23	0.612	0	0	0	0	0		0.15	0.284	0	0	0	0	0		0.15	0.209	0	0	0																																	0	0		0.58	0.941	0	0	0	0	0		0.61	0.944	0	0	0																																	genotype_comparison	in_vivo_tissue	unknown	""	medium	gut		TRUE	FALSE	mildly_imbalanced	balanced	mildly_imbalanced
SRP098559	tumor | genotype_comparison | conf=high | tumor_tissue | n=24	genotype/variation	tissue:tumor	24	8	8	8	4	4	0	0		17979	0	8	0	0	8	0	0	0	8	generic	-0.434	-0.911	-1.008	1e-04	1e-04								1.15	0		-1.078	0.039	-0.498	0.186	-0.613	M0																																																																																																																																																																																									genotype_comparison	in_vivo_tissue	unknown	tumor_tissue	high	tumor		TRUE	TRUE	single_sex		single_sex
SRP098626	liver | genotype_comparison | conf=high |  | n=20	knockdown	tissue:liver	20	20	20	20	10	10	1	0	0.036	14236.5	20	0	10	10	20	0	0	0	0	liver	0.013	0.111	-0.064	0.0012	0.001								1.18	0		0.052	0.141	0.062	0.106	-0.76	M0																																																																																																																																																																																									genotype_comparison	in_vivo_tissue	unknown	""	high	liver		TRUE	TRUE	single_sex	balanced	single_sex
SRP098725	other | in_vivo_treatment_arms | conf=high |  | n=30	condition	tissue:other	30	30	30	30	15	15	0.13	0.267		16040	4	26	0	4	30	0	0	0	30	generic	-0.611	-0.168	0.652	5e-04	4e-04								18.39	4	0.052	-0.225	0.051	-0.07	-0.149	0.865	M0,M1,M0perm,M3,M4,M5,M4perm,M5perm,M0permw	365	146	0.352	0.75	0.963	0	0	0	365	333	0.892	0.96	0.999	0	0	0	365	157	0.407	0.81	0.966	0	0	0	365	3508	0.104	0.35	0.948	0	0	3	146	3508	0.041	0.33	0.913	0	0	3	365	345	0.537	0.68	0.944	0	0	0	146	345	0.423	0.78	0.97	0	0	0	365	264	0.356	0.55	0.926	0	0	0	146	264	0.475	0.71	0.952	0	0	0	365	189	0.45	0.76	0.965	0	0	0	146	189	0.763	0.86	0.995	0	0	0	365	121	0.286	0.72	0.952	0	0	0	146	121	0.734	0.87	0.989	0	0	0																																																																																	in_vivo_treatment_arms	ex_vivo_primary_cells	female_only	""	high	other		TRUE	FALSE	mildly_imbalanced		mildly_imbalanced
SRP098816	brain_cns | in_vivo_treatment_arms | conf=low |  | n=21	source_name	tissue:brain_cns	21	21	21	21	6	15	0.67	0		17070	14	7	4	10	21	0	0	0	0	brain	0.731	-0.303	-0.848	0.0014	0.0014								12.62	5	0.162	-1.507	1.532	0.876	-0.889	-0.148	M0,M1,M0perm,M3,M4,M5,M4perm,M5perm,M0permw	1	1	1	0.87	0.998	0	0	0	1	0	0	0.47	0.924	0	0	0	1	0	0	0.89	0.998	0	0	0	1	0	0	0.08	0.67	0	0	0	1	0	0	0.08	0.667	0	0	0	1	0	0	0.22	0.656	0	0	0	1	0	0	0.21	0.652	0	0	0	1	0	0	0.24	0.876	0	0	0	1	0	0	0.25	0.875	0	0	0	1	0	0	0.44	0.919	0	0	0	1	0	0	0.42	0.922	0	0	0	1	1	0	0.45	0.923	0	0	0	1	1	0	0.43	0.925	0	0	0																																																																																	in_vivo_treatment_arms	in_vivo_tissue	unknown	""	low	brain_cns		TRUE	FALSE	balanced		balanced
SRP098918	brain_cns | genotype_comparison | conf=high |  | n=12	source_name	tissue:brain_cns	12	12	12	12	6	6	0	0		17987	0	12	0	0	12	0	0	0	12	brain	0.135	0.142	0.252	0.0024	0.0017								1.98	0		-0.113	0.319	-0.347	0.609	0.912	M0																																																																																																																																																																																									genotype_comparison	in_vivo_tissue	unknown	""	high	brain_cns		TRUE	TRUE	single_sex		single_sex
SRP098927	reproductive | genotype_comparison | conf=medium | tumor_tissue | n=917	genotype	in:prostate lobe=ap;tissue:reproductive	917	92	18	18	13	5	0	0	1.594	17357	0	18	0	0	18	0	0	0	0	generic	2.821	-0.285	1.151	6e-04	5e-04								5.35	0		1.282	-0.945	1.048	0.524	-0.051	M0																																																																																																																																																																																									genotype_comparison	in_vivo_tissue	male_only	tumor_tissue	medium	reproductive		TRUE	TRUE	single_sex	partially_confounded	single_sex
SRP098946	other | between_subject_case_control | conf=medium | tumor_tissue | n=73	condition	in:sample type=tissue;tissue:other	73	73	35	33	27	6	0.82	0.389		15877	27	6	24	3	33	0	0	2	33	generic	1.467	2.313	-0.142	0.004	0.0039	readlen	0.12					0.12	15.3	5	0.13	1.614	2.651	-1.51	3.133	-0.815	M0,M1,M0perm,M3,M4,M5,M6,M4perm,M5perm,M6perm,M0permw	5046	2486	0.483	0.84	0.981	0	4	2	5046	4925	0.96	0.94	1	0	4	4	5046	4723	0.817	0.88	0.99	0	4	4	5046	7845	0.607	0.37	0.955	0	4	4	2486	7845	0.315	0.36	0.966	0	2	4	5046	485	0.082	0.36	0.746	183	4	0	2486	485	0.146	0.38	0.749	62	2	0	5046	1641	0.154	0.3	0.597	239	4	0	2486	1641	0.228	0.34	0.65	7	2	0	5046	1650	0.314	0.69	0.935	0	4	2	2486	1650	0.601	0.75	0.967	0	2	2	5046	387	0.076	0.57	0.899	3	4	1	2486	387	0.154	0.61	0.925	0	2	1																																																	5046	2564	0.485	0.73	0.967	0	4	0	2486	2564	0.79	0.79	0.985	0	2	0	5046	2488	0.484	0.8	0.979	0	4	2	2486	2488	0.935	0.94	0.999	0	2	2	between_subject_case_control	in_vivo_tissue	unknown	tumor_tissue	medium	other		TRUE	FALSE	partially_confounded		partially_confounded
SRP098987	other | in_vivo_treatment_arms | conf=medium |  | n=18	stimulation	tissue:other	18	18	12	12	6	6	1	0		17220.5	12	0	6	6	12	0	0	0	12	generic	-0.566	0.591	0.218	3e-04	2e-04								18.56	0		0.086	0.532	1.189	-1.242	1.209	M0																																																																																																																																																																																									in_vivo_treatment_arms	in_vivo_tissue	unknown	""	medium	other		TRUE	TRUE	single_sex		single_sex
SRP099105	other | genotype_comparison | conf=high | pooled_samples | n=16	genotype	tissue:other	16	16	8	8	4	4	0	0		16286	0	8	0	0	0	0	0	0	0	generic	0.976	-0.021	0.356	1e-04	1e-04								2.14	0		0.05	-0.303	0.909	-1.083	-0.895	M0																																																																																																																																																																																									genotype_comparison	in_vivo_tissue	male_only	pooled_samples	high	other		TRUE	TRUE	single_sex		single_sex
SRP099194	muscle | genotype_comparison | conf=high |  | n=18	genotype/variation	tissue:muscle	18	18	12	12	6	6	0.5	0	0	15140	6	6	3	3	12	0	0	0	0	muscle	-0.004	0.85	0.132	0.0024	0.0022	readlen	0.423					0.423	4.31	4	0.41	-0.576	1.296	0.673	-0.299	-1.1	M0,M1,M0perm,M2,M2perm,M3,M4,M5,M6,M4perm,M5perm,M6perm,M0permw	0	0		0.79	0.998	0	0	0	0	0		0.73	0.98	0	0	0	0	0		0.8	0.999	0	0	0	0	14	0	0.26	0.702	0	0	0	0	14	0	0.28	0.705	0	0	0	0	3	0	0.21	0.596	0	0	0	0	3	0	0.21	0.602	0	0	0	0	0		0.39	0.846	0	0	0	0	0		0.46	0.848	0	0	0	0	0		0.49	0.959	0	0	0	0	0		0.55	0.96	0	0	0	0	0		0.51	0.984	0	0	0	0	0		0.62	0.985	0	0	0																																	0	0		0.59	0.992	0	0	0	0	0		0.67	0.997	0	0	0	0	0		0.55	0.949	0	0	0	0	0		0.57	0.952	0	0	0	0	0		0.39	0.946	0	0	0	0	0		0.42	0.947	0	0	0	genotype_comparison	in_vivo_tissue	unknown	""	high	muscle		TRUE	FALSE	balanced	balanced	balanced
SRP099204	blood_immune | in_vivo_treatment_arms | conf=high |  | n=32	diet	tissue:blood_immune	32	16	8	8	4	4	1	0		15161.5	8	0	4	4	8	0	0	0	8	blood	1.851	2.296	-0.043	0.0032	0.0032	readlen	0.577					0.577	5.3	0		-0.053	-1.847	-0.123	-0.384	1.006	M0																																																																																																																																																																																									in_vivo_treatment_arms	ex_vivo_primary_cells	unknown	""	high	blood_immune		TRUE	TRUE	single_sex		single_sex
SRP099218	other | genotype_comparison | conf=medium |  | n=8	treatment	tissue:other	8	8	8	8	4	4	0	0		15412	0	8	0	0	8	0	0	0	8	generic	1.481	1.658	0.216	0	0								1.4	0		0.178	0.362	-0.853	0.656	-0.253	M0																																																																																																																																																																																									genotype_comparison	ex_vivo_primary_cells	unknown	""	medium	other		TRUE	TRUE	single_sex		single_sex
SRP099234	other | genotype_comparison | conf=high |  | n=15	genotype	tissue:other	15	15	15	15	8	7	0.67	0.357	0.134	18969	10	5	4	6	15	0	0	0	0	generic	0.737	-0.417	-0.069	0.0047	0.0045								13.65	3	0.022	1.931	-0.963	-1.294	1.159	1.525	M0,M1,M0perm,M2,M2perm,M3,M4,M5,M4perm,M5perm,M0permw	5505	4225	0.714	0.85	0.987	0	0	0	5505	3960	0.679	0.82	0.987	0	0	0	5505	4329	0.693	0.82	0.986	0	0	0	5505	12192	0.451	0.33	0.976	0	0	0	4225	12192	0.343	0.33	0.964	2	0	0	5505	4341	0.29	0.34	0.652	156	0	0	4225	4341	0.311	0.34	0.658	13	0	0	5505	5811	0.626	0.44	0.953	0	0	0	4225	5811	0.605	0.44	0.955	0	0	0	5505	896	0.162	0.77	0.976	0	0	0	4225	896	0.211	0.8	0.986	0	0	0	5505	15	0.003	0.63	0.908	1	0	0	4225	15	0.004	0.65	0.937	0	0	0																																	5505	5796	0.721	0.57	0.978	0	0	0	5505	3084	0.55	0.79	0.986	0	0	0																																	genotype_comparison	ex_vivo_primary_cells	unknown	""	high	other		TRUE	FALSE	partially_confounded	balanced	partially_confounded
SRP099448	brain_cns | genotype_comparison | conf=medium |  | n=40	genotype/variation	in:age=18-20 months;tissue:brain_cns	40	40	28	28	16	12	0.5	0.292		18561.5	14	14	10	4	28	0	0	0	0	brain	0.066	0.669	0.079	9e-04	8e-04								1.87	4	0.282	-0.158	-0.474	-0.335	0.197	0.724	M0,M1,M0perm,M3,M4,M5,M4perm,M5perm,M0permw	37	16	0.395	0.86	0.975	0	0	0	37	31	0.744	0.95	0.996	0	0	0	37	49	0.593	0.8	0.978	0	0	0	37	675	0.055	0.26	0.526	0	0	0	16	675	0.024	0.28	0.523	0	0	0	37	114	0.28	0.52	0.761	0	0	0	16	114	0.14	0.56	0.778	0	0	0	37	94	0.248	0.48	0.655	0	0	0	16	94	0.134	0.45	0.68	0	0	0	37	24	0.525	0.79	0.96	0	0	0	16	24	0.6	0.83	0.982	0	0	0	37	17	0.459	0.84	0.967	0	0	0	16	17	0.65	0.89	0.995	0	0	0																																																																																	genotype_comparison	in_vivo_tissue	unknown	""	medium	brain_cns		TRUE	FALSE	mildly_imbalanced		mildly_imbalanced
SRP099497	lung | in_vivo_treatment_arms | conf=medium | pooled_samples | n=10	treatment	tissue:lung	10	10	10	10	5	5	1	0		17419	10	0	5	5	10	0	0	0	10	lung	-0.335	-0.095	0.273	0.0656	0.0578								4.46	0		-1.347	2.435	-0.564	0.79	-0.062	M0																																																																																																																																																																																									in_vivo_treatment_arms	in_vivo_tissue	unknown	pooled_samples	medium	lung		TRUE	TRUE	single_sex		single_sex
SRP099592	gut | genotype_comparison | conf=high |  | n=32	genotype	tissue:gut	32	32	32	32	16	16	0.5	0		18050	16	16	8	8	0	0	0	0	0	gut	-0.264	-0.032	-0.221	0.0036	0.0036								7.14	4	0.599	-0.021	0.028	-0.265	0.346	0.421	M0,M1,M0perm,M3,M4,M5,M4perm,M5perm,M0permw	3	3	1	0.87	0.995	0	0	0	3	3	1	0.87	0.982	0	0	0	3	3	1	0.91	0.997	0	0	0	3	10	0.3	0.27	0.883	0	0	0	3	10	0.3	0.26	0.884	0	0	0	3	3	1	0.6	0.976	0	0	0	3	3	1	0.63	0.98	0	0	0	3	4	0.75	0.42	0.82	0	0	0	3	4	0.75	0.4	0.825	0	0	0	3	3	1	0.69	0.953	0	0	0	3	3	1	0.74	0.957	0	0	0	3	3	1	0.81	0.983	0	0	0	3	3	1	0.89	0.988	0	0	0																																																																																	genotype_comparison	in_vivo_tissue	both_sexes	""	high	gut		TRUE	FALSE	balanced		balanced
SRP099609	tumor | in_vivo_treatment_arms | conf=medium | tumor_tissue | n=30	cell_subtype	in:treatment=vehicle;subj:unique attribute;tissue:tumor	30	30	20	20	10	10	1	0		16083.5	20	0	10	10	0	0	0	0	20	generic	-0.037	0.222	0.83	1e-04	1e-04								24.83	0		0.18	0.277	-0.033	0.018	0.063	M0																																																																																																																																																																																									in_vivo_treatment_arms	ex_vivo_primary_cells	female_only	tumor_tissue	medium	tumor		TRUE	TRUE	single_sex		single_sex
SRP099973	brain_cns | genotype_comparison | conf=medium |  | n=8	genotype	tissue:brain_cns	8	8	8	8	4	4	0.38	0.25	0.749	16104	3	5	2	1	0	3	0	0	0	brain	1.09	-0.235	-0.251	0	0	pubmonth	0.378				0.378	0	17.95	0		0.092	1.035	-0.735	0.863	-0.532	M0,M1,M0perm,M2,M2perm,M4,M5,M6,M4perm,M5perm,M6perm,M0permw	49	28	0.54	0.79	0.986	0	1	1	49	22	0.42	0.86	0.983	0	1	1	49	83	0.553	0.68	0.984	0	1	1																	49	10	0.18	0.52	0.67	0	1	0	28	10	0.226	0.47	0.702	0	1	0	49	0	0	0.4	0.688	0	1	0	28	0	0	0.46	0.712	0	1	0	49	664	0.066	0.04	0.833	0	1	1	28	664	0.041	0.04	0.805	0	1	1	49	0	0	0.34	0.803	0	1	0	28	0	0	0.45	0.796	0	1	0																																	49	2141	0.023	0.17	0.964	0	1	1	49	0	0	0.58	0.966	0	1	0	49	0	0	0.66	0.915	0	1	0	28	0	0	0.67	0.944	0	1	0	49	827	0.059	0.09	0.963	0	1	1	28	827	0.034	0.1	0.963	0	1	1	genotype_comparison	ex_vivo_primary_cells	both_sexes	""	medium	brain_cns		TRUE	FALSE	mildly_imbalanced	mildly_imbalanced	mildly_imbalanced
SRP100030	liver | genotype_comparison | conf=high | tumor_tissue | n=10	genotype/variation	tissue:liver	10	10	10	10	5	5	0	0		16961	0	10	0	0	10	0	0	0	0	liver	0.75	-0.165	1.011	0.0011	0.001								1.78	0		0.175	0.967	0.203	-0.269	0.118	M0																																																																																																																																																																																									genotype_comparison	in_vivo_tissue	unknown	tumor_tissue	high	liver		TRUE	TRUE	single_sex		single_sex
SRP100060	brain_cns | genotype_comparison | conf=medium | tumor_tissue | n=16	genotype	tissue:brain_cns	16	16	16	16	8	8	1	0		18583.5	16	0	8	8	16	0	0	0	16	brain	0.084	-0.386	0.98	1e-04	1e-04								1.52	0		-0.243	-0.114	0.646	-0.35	-0.534	M0																																																																																																																																																																																									genotype_comparison	in_vivo_tissue	unknown	tumor_tissue	medium	brain_cns		TRUE	TRUE	single_sex		single_sex
SRP100462	liver | in_vivo_treatment_arms | conf=low |  | n=8	diet	tissue:liver	8	8	8	8	4	4	1	0		14630	8	0	4	4	0	0	0	0	0	liver	-0.011	0.144	-1.808	4e-04	2e-04								0.56	0		0.354	0.38	-1.854	0.735	0.077	M0																																																																																																																																																																																									in_vivo_treatment_arms	in_vivo_tissue	male_only	""	low	liver		TRUE	TRUE	single_sex		single_sex
SRP100466	brain_cns | genotype_comparison | conf=high |  | n=64	genotype	tissue:brain_cns	64	64	64	63	32	31	0.32	0.117		18376	20	43	12	8	63	0	0	1	63	brain	-0.199	-0.236	-0.529	3e-04	2e-04	pubmonth	0.256				0.256		1.78	5	0.483	0.164	0.461	1.111	-0.783	0.392	M0,M1,M0perm,M3,M4,M5,M6,M4perm,M5perm,M6perm,M0permw	602	734	0.746	0.78	0.987	0	0	0	602	598	0.954	0.94	0.999	0	0	0	602	470	0.775	0.94	0.996	0	0	0	602	850	0.196	0.16	0.696	0	0	1	734	850	0.215	0.19	0.709	0	0	1	602	647	0.194	0.21	0.755	0	0	0	734	647	0.233	0.32	0.784	0	0	0	602	1228	0.448	0.51	0.94	0	0	0	734	1228	0.561	0.58	0.956	0	0	0	602	678	0.664	0.77	0.974	0	0	0	734	678	0.728	0.84	0.982	0	0	0	602	653	0.717	0.76	0.984	0	0	0	734	653	0.84	0.96	0.997	0	0	0																																																	602	884	0.594	0.68	0.972	0	0	0	734	884	0.687	0.8	0.979	0	0	0	602	575	0.703	0.81	0.983	0	0	0	734	575	0.757	0.92	0.995	0	0	0	genotype_comparison	in_vivo_tissue	unknown	""	high	brain_cns		TRUE	FALSE	balanced		balanced
SRP100651	skin | in_vivo_treatment_arms | conf=high |  | n=12	agent	tissue:skin	12	12	12	12	6	6	0	0		17412.5	0	12	0	0	12	0	0	0	12	generic	1.394	1.679	0.821	0.0022	0.0021								3.29	0		0.058	0.422	-0.365	0.406	0.464	M0																																																																																																																																																																																									in_vivo_treatment_arms	in_vivo_tissue	unknown	""	high	skin		TRUE	TRUE	single_sex		single_sex
SRP100841	skin | genotype_comparison | conf=medium |  | n=12	genotype/variation	tissue:skin	12	12	12	12	6	6	1	0	0	8278.5	12	0	6	6	12	0	0	0	0	generic	0.995	0.086	0.888	0.0066	0.0066								4.12	0		-0.082	-2.196	0.759	-0.856	0.113	M0																																																																																																																																																																																									genotype_comparison	ex_vivo_primary_cells	unknown	""	medium	skin		TRUE	TRUE	single_sex	balanced	single_sex
SRP100848	blood_immune | genotype_comparison | conf=medium |  | n=49	genotype/variation	in:sample type=in vivo sample;in:cell type=gc b cell;tissue:blood_immune	49	49	9	8	4	4	0.5	1		14892	4	4	4	0	8	0	0	1	8	blood	0.091	0.994	1.215	1e-04	1e-04								6.35	0		0.835	-0.583	-0.419	0.392	0.509	M0																																																																																																																																																																																									genotype_comparison	ex_vivo_primary_cells	unknown	""	medium	blood_immune		TRUE	FALSE	completely_confounded		completely_confounded
SRP100954	other | in_vivo_treatment_arms | conf=medium |  | n=12	sample type	tissue:other	12	12	8	8	4	4	0	0		17815	0	8	0	0	8	0	0	0	8	generic	2.191	4.423	0.973	0.0162	0.0162								11.88	0		2.162	-0.023	-0.738	0.468	1.328	M0																																																																																																																																																																																									in_vivo_treatment_arms	in_vivo_tissue	unknown	""	medium	other		TRUE	TRUE	single_sex		single_sex
SRP100979	muscle | in_vivo_treatment_arms | conf=medium |  | n=24	treatment group	tissue:muscle	24	24	12	12	6	6	0.67	0	0	13892	8	4	4	4	12	0	0	0	0	muscle	-0.39	0.152	1.018	1e-04	1e-04								0.89	2	0.465	0.561	0.117	-0.043	0.232	0.886	M0,M1,M0perm,M3,M4,M5,M4perm,M5perm,M0permw	385	580	0.661	0.78	0.996	0	0	0	385	288	0.614	0.84	0.943	0	0	0	385	327	0.826	0.96	0.999	0	0	0	385	1107	0.347	0.63	0.969	0	0	0	580	1107	0.512	0.71	0.971	0	0	0	385	609	0.539	0.72	0.91	0	0	0	580	609	0.658	0.81	0.918	0	0	0	385	964	0.394	0.67	0.937	0	0	0	580	964	0.579	0.75	0.94	0	0	0	385	335	0.618	0.73	0.977	0	0	0	580	335	0.556	0.85	0.981	0	0	0	385	320	0.574	0.7	0.946	0	0	0	580	320	0.513	0.8	0.948	0	0	0																																																																																	in_vivo_treatment_arms	in_vivo_tissue	unknown	""	medium	muscle		TRUE	FALSE	balanced	balanced	balanced
SRP101363	liver | in_vivo_treatment_arms | conf=medium | pooled_samples | n=22	treatment	tissue:liver	22	22	8	8	4	4	0.62	0.25		13187	5	3	3	2	0	0	5	0	0	liver	0.499	0.913	0.213	0	0								8.25	0		-0.24	-1.419	1.642	-1.532	0.294	M0,M1,M0perm,M4,M5,M4perm,M5perm,M0permw	22	75	0.293	0.58	0.872	0	0	0	22	0	0	0.85	0.934	0	0	0	22	0	0	0.8	0.897	0	0	0																	22	0	0	0.32	0.559	0	0	0	75	0	0	0.34	0.435	0	0	0	22	0	0	0.38	0.78	0	0	0	75	0	0	0.51	0.829	0	0	0	22	0	0	0.49	0.858	0	0	0	75	0	0	0.64	0.825	0	0	0	22	0	0	0.28	0.63	0	0	0	75	0	0	0.42	0.757	0	0	0																																																																																	in_vivo_treatment_arms	in_vivo_tissue	both_sexes	pooled_samples	medium	liver		TRUE	FALSE	mildly_imbalanced		mildly_imbalanced
SRP101444	other | genotype_comparison | conf=medium |  | n=8	genotype	tissue:other	8	8	8	8	4	4	0.5	0		16403.5	4	4	2	2	8	0	0	0	8	generic	1.233	-1.296	-0.933	0	0								14.16	0		-0.622	-0.511	-0.817	0.837	0.383	M0,M1,M0perm,M4,M5,M4perm,M5perm,M0permw	364	335	0.839	0.81	0.999	0	0	0	364	395	0.794	0.9	0.996	0	0	0	364	306	0.821	0.82	0.999	0	0	0																	364	421	0.663	0.67	0.859	0	0	0	335	421	0.684	0.74	0.858	0	0	0	364	0	0	0.65	0.85	0	0	0	335	0	0	0.7	0.854	0	0	0	364	0	0	0.72	0.934	0	0	0	335	0	0	0.75	0.936	0	0	0	364	0	0	0.37	0.78	0	0	0	335	0	0	0.4	0.784	0	0	0																																																																																	genotype_comparison	ex_vivo_primary_cells	unknown	""	medium	other		TRUE	FALSE	balanced		balanced
SRP101453	brain_cns | in_vivo_treatment_arms | conf=medium |  | n=20	housing condition	in:source_name=whole tissue from dorsal dentate gyrus in mouse;tissue:brain_cns	20	20	10	10	5	5	0.6	0		8349	6	4	3	3	0	4	0	0	0	brain	-0.056	-0.42	1.123	3e-04	1e-04								1.84	2	0.265	-1.304	-1.041	-0.431	-0.208	0.826	M0,M1,M0perm,M3,M4,M5,M4perm,M5perm,M0permw	32	26	0.706	0.92	0.944	0	0	0	32	35	0.718	0.89	0.956	0	0	0	32	32	0.778	0.85	0.96	0	0	0	32	30	0.59	0.75	0.927	0	0	0	26	30	0.647	0.77	0.909	0	0	0	32	1	0.031	0.48	0.6	0	0	0	26	1	0.038	0.5	0.626	0	0	0	32	11	0.303	0.63	0.893	0	0	0	26	11	0.321	0.66	0.898	0	0	0	32	1	0.031	0.4	0.685	0	0	0	26	1	0.038	0.42	0.641	0	0	0	32	1	0.031	0.63	0.85	0	0	0	26	1	0.038	0.65	0.819	0	0	0																																																																																	in_vivo_treatment_arms	in_vivo_tissue	male_only	""	medium	brain_cns		TRUE	FALSE	balanced		balanced
SRP101460	other | in_vivo_treatment_arms | conf=medium |  | n=128	treatment	in:cell type=cardiomyocyte;tissue:other	128	64	16	16	8	8	0.5	0		15376	8	8	4	4	16	0	0	0	16	generic	0.932	0.506	0.185	0.0039	0.0039								13.97	1	0.965	-0.116	0.782	0.449	0.225	-0.453	M0,M1,M0perm,M3,M4,M5,M4perm,M5perm,M0permw	11	853	0.013	0.44	0.955	0	0	0	11	0	0	0.62	0.759	0	0	0	11	4	0.25	0.9	0.991	0	0	0	11	1107	0.01	0.44	0.88	0	0	0	853	1107	0.624	0.82	0.883	0	0	0	11	751	0.015	0.23	0.753	0	0	0	853	751	0.247	0.3	0.732	0	0	0	11	3	0	0.17	0.411	0	0	0	853	3	0.004	0.2	0.439	34	0	0	11	1045	0.011	0.41	0.947	0	0	0	853	1045	0.751	0.8	0.997	0	0	0	11	431	0.026	0.4	0.908	0	0	0	853	431	0.417	0.68	0.925	0	0	0																																																																																	in_vivo_treatment_arms	ex_vivo_primary_cells	unknown	""	medium	other		TRUE	FALSE	balanced		balanced
SRP101501	liver | in_vivo_treatment_arms | conf=medium |  | n=24	treatment	in:genotype/variation=shp2 ko in hepatocytes;tissue:liver	24	24	12	12	6	6	0.25	0.5		16172.5	3	9	3	0	12	0	0	0	12	liver	0.173	-0.573	-0.571	0.006	0.0054								8.07	2	0.42	-0.28	-0.525	0.38	-0.473	0.483	M0,M1,M0perm,M3,M4,M5,M4perm,M5perm,M0permw	0	11	0	0.16	0.635	0	0	0	0	0		0.83	0.987	0	0	0	0	0		0.42	0.79	0	0	0	0	2	0	0.31	0.853	0	0	0	11	2	0	0.14	0.442	0	0	0	0	4	0	0.19	0.66	0	0	0	11	4	0.364	0.64	0.922	0	0	0	0	0		0.08	0.386	0	0	0	11	0	0	0.16	0.528	0	0	0	0	4	0	0.1	0.502	0	0	0	11	4	0.364	0.53	0.925	0	0	0	0	4	0	0.04	0.34	0	0	0	11	4	0.364	0.3	0.823	0	0	0																																																																																	in_vivo_treatment_arms	in_vivo_tissue	unknown	""	medium	liver		TRUE	FALSE	partially_confounded		partially_confounded
SRP101577	other | genotype_comparison | conf=high |  | n=10	genotype	tissue:other	10	10	10	10	5	5	0.7	0.2		16949	7	3	3	4	10	0	0	0	10	generic	1.231	-0.138	0.278	0.0046	0.0038								3.06	2	0.027	-0.1	-1.842	-0.785	0.174	-0.361	M0,M1,M0perm,M3,M4,M5,M4perm,M5perm,M0permw	1291	1039	0.768	0.89	0.995	0	0	0	1291	1223	0.82	0.84	0.978	0	0	0	1291	1057	0.781	0.9	0.988	0	0	0	1291	2949	0.438	0.62	0.987	0	0	0	1039	2949	0.35	0.58	0.982	0	0	0	1291	101	0.072	0.56	0.743	0	0	0	1039	101	0.086	0.54	0.73	0	0	0	1291	430	0.285	0.55	0.697	0	0	0	1039	430	0.34	0.56	0.706	0	0	0	1291	334	0.249	0.69	0.848	0	0	0	1039	334	0.306	0.71	0.858	0	0	0	1291	410	0.311	0.76	0.854	0	0	0	1039	410	0.38	0.77	0.863	0	0	0																																																																																	genotype_comparison	in_vivo_tissue	unknown	""	high	other		TRUE	FALSE	mildly_imbalanced		mildly_imbalanced
SRP101579	other | genotype_comparison | conf=high |  | n=45	genotype	tissue:other	45	15	10	9	5	4	0.89	0.25		18550.5	8	1	5	3	9	0	0	1	9	generic	1.049	2.468	1.309	0.003	0.002								8.99	0		2.258	0.362	0.863	-0.887	-0.376	M0,M1,M0perm,M4,M5,M4perm,M5perm,M0permw	9839	8938	0.854	0.89	0.992	0	0	0	9839	8707	0.83	0.89	0.985	0	0	0	9839	8938	0.854	0.89	0.992	0	0	0																	9839	4464	0.407	0.65	0.864	80	0	0	8938	4464	0.446	0.67	0.878	22	0	0	9839	4618	0.427	0.61	0.867	70	0	0	8938	4618	0.456	0.63	0.872	31	0	0	9839	8479	0.792	0.73	0.981	0	0	0	8938	8479	0.873	0.75	0.989	0	0	0	9839	9105	0.841	0.72	0.988	0	0	0	8938	9105	0.9	0.72	0.994	0	0	0																																																																																	genotype_comparison	in_vivo_tissue	unknown	""	high	other		TRUE	FALSE	mildly_imbalanced		mildly_imbalanced
SRP101746	brain_cns | in_vivo_treatment_arms | conf=high |  | n=16	maternal infection	tissue:brain_cns	16	16	16	16	8	8	0.44	0.375		17552	7	9	5	2	16	0	0	0	16	brain	0.711	0.705	-0.654	0.004	0.0031								1.89	1	0.081	-0.14	0.94	-0.943	1.053	-0.417	M0,M1,M0perm,M3,M4,M5,M4perm,M5perm,M0permw	0	0		0.62	0.986	0	0	0	0	0		0.5	0.986	0	0	0	0	0		0.62	0.985	0	0	0	0	0		0.33	0.322	0	0	0	0	0		0.32	0.349	0	0	0	0	0		0.36	0.857	0	0	0	0	0		0.42	0.891	0	0	0	0	0		0.32	0.944	0	0	0	0	0		0.37	0.941	0	0	0	0	0		0.37	0.961	0	0	0	0	0		0.44	0.969	0	0	0	0	0		0.52	0.956	0	0	0	0	0		0.71	0.979	0	0	0																																																																																	in_vivo_treatment_arms	in_vivo_tissue	unknown	""	high	brain_cns		TRUE	FALSE	partially_confounded		partially_confounded
SRP101878	blood_immune | genotype_comparison | conf=high |  | n=18	genotype	in:source_name=bone marrow;ex:source_name=immortalized myeloid progenitor cell line;tissue:blood_immune	18	18	12	12	6	6	0.83	0		14912	10	2	5	5	12	0	0	0	12	blood	-0.611	-1.924	-0.989	0.001	9e-04								9.48	2	0.299	-1.108	-0.467	0.06	0.81	0.597	M0,M1,M0perm,M3,M4,M5,M4perm,M5perm,M0permw	30	46	0.617	0.74	0.988	0	0	0	30	33	0.8	0.93	0.989	0	0	0	30	23	0.71	0.91	0.99	0	0	0	30	457	0.066	0.54	0.908	0	0	0	46	457	0.098	0.52	0.902	0	0	0	30	21	0.457	0.42	0.82	0	0	0	46	21	0.314	0.49	0.837	0	0	0	30	34	0.123	0.24	0.473	0	0	0	46	34	0.111	0.24	0.474	0	0	0	30	35	0.477	0.64	0.804	0	0	0	46	35	0.473	0.66	0.811	0	0	0	30	16	0.394	0.6	0.862	0	0	0	46	16	0.292	0.68	0.874	0	0	0																																																																																	genotype_comparison	ex_vivo_primary_cells	unknown	""	high	blood_immune		TRUE	FALSE	balanced		balanced
SRP101985	adipose | in_vivo_treatment_arms | conf=high |  | n=32	treatment	tissue:adipose	32	16	16	15	7	8	0.87	0.018		15627	13	2	6	7	15	0	0	1	0	adipose	1.45	-0.054	-0.394	0.001	6e-04								1.62	2	0.281	-2.047	2.537	-0.198	0.302	0.577	M0,M1,M0perm,M3,M4,M5,M4perm,M5perm,M0permw	7487	8012	0.895	0.78	0.994	0	0	0	7487	5579	0.73	0.91	0.993	0	0	0	7487	7149	0.934	0.89	0.998	0	0	0	7487	9456	0.656	0.23	0.914	0	0	0	8012	9456	0.674	0.23	0.917	1	0	0	7487	5281	0.468	0.38	0.847	73	0	0	8012	5281	0.446	0.37	0.848	80	0	0	7487	8072	0.574	0.72	0.936	1	0	0	8012	8072	0.594	0.75	0.945	0	0	0	7487	2355	0.296	0.62	0.904	10	0	0	8012	2355	0.279	0.63	0.907	11	0	0	7487	4494	0.553	0.62	0.961	0	0	0	8012	4494	0.525	0.73	0.956	4	0	0																																																																																	in_vivo_treatment_arms	in_vivo_tissue	unknown	""	high	adipose		TRUE	FALSE	balanced		balanced
SRP101986	adipose | in_vivo_treatment_arms | conf=high |  | n=12	treatment	tissue:adipose	12	12	8	8	4	4	0	0		16411.5	0	8	0	0	8	0	0	0	0	adipose	0.648	-3.029	-0.649	7e-04	4e-04								1.84	0		-2.713	3.745	-2.658	2.788	-0.177	M0																																																																																																																																																																																									in_vivo_treatment_arms	in_vivo_tissue	unknown	""	high	adipose		TRUE	TRUE	single_sex		single_sex
SRP101991	brain_cns | genotype_comparison | conf=high |  | n=16	genotype	tissue:brain_cns	16	8	8	8	4	4	0	0		16995.5	0	8	0	0	0	0	0	0	0	brain	1.509	-1.73	-0.855	6e-04	5e-04								0.81	0		-1.262	1.01	0.197	0.727	-0.521	M0																																																																																																																																																																																									genotype_comparison	in_vivo_tissue	male_only	""	high	brain_cns		TRUE	TRUE	single_sex		single_sex
SRP102208	heart | in_vivo_treatment_arms | conf=medium |  | n=14	treatment	subj:replicate;tissue:heart	14	14	14	14	9	5	1	0		9516.5	14	0	9	5	0	0	0	0	14	heart	0.609	0.287	-0.562	0	0	readlen	0.026					0.026	9.36	0		-0.62	0.045	0.23	-0.254	0.606	M0																																																																																																																																																																																									in_vivo_treatment_arms	ex_vivo_primary_cells	female_only	""	medium	heart		TRUE	TRUE	single_sex		single_sex
SRP102241	brain_cns | in_vivo_treatment_arms | conf=high |  | n=45	infection	in:tissue=spinal cord;tissue:brain_cns	45	45	23	23	16	7	0.48	0.134		17636	11	12	7	4	0	0	0	0	0	brain	2.203	-2.114	0.251	3e-04	3e-04								3.51	4	0.963	0.889	-0.538	-0.195	0.017	0.603	M0,M1,M0perm,M3,M4,M5,M4perm,M5perm,M0permw	3077	3045	0.889	0.82	0.998	0	0	1	3077	2475	0.724	0.79	0.987	0	0	0	3077	2578	0.832	0.92	0.998	0	0	0	3077	2139	0.431	0.37	0.84	0	0	0	3045	2139	0.44	0.38	0.847	2	1	0	3077	25	0.008	0.53	0.927	0	0	0	3045	25	0.008	0.56	0.918	0	1	0	3077	0	0	0.05	0.292	693	0	0	3045	0	0	0.1	0.315	630	1	0	3077	2766	0.774	0.71	0.989	0	0	0	3045	2766	0.792	0.76	0.989	0	1	0	3077	2005	0.602	0.61	0.972	0	0	0	3045	2005	0.615	0.7	0.972	0	1	0																																																																																	in_vivo_treatment_arms	in_vivo_tissue	both_sexes	""	high	brain_cns		TRUE	FALSE	balanced		balanced
SRP102352	skin | genotype_comparison | conf=medium |  | n=22	genotype	tissue:skin	22	22	22	22	11	11	1	0		18013	22	0	11	11	22	0	0	0	22	generic	-0.37	-0.334	0.594	0.0211	0.0207								1.99	0		0.953	-1.177	-0.243	0.312	0.942	M0																																																																																																																																																																																									genotype_comparison	in_vivo_tissue	male_only	""	medium	skin		TRUE	TRUE	single_sex		single_sex
SRP102360	brain_cns | genotype_comparison | conf=high |  | n=16	genotype	tissue:brain_cns	16	16	16	16	8	8	1	0		17530.5	16	0	8	8	16	0	0	0	0	brain	0.085	2.012	-1.056	3e-04	2e-04	readlen	0					0	1.4	0		0.248	-0.585	-1.533	1.192	0.376	M0																																																																																																																																																																																									genotype_comparison	in_vivo_tissue	female_only	""	high	brain_cns		TRUE	TRUE	single_sex		single_sex
SRP102453	heart | genotype_comparison | conf=high |  | n=10	genotype	tissue:heart	10	10	10	10	5	5	0	0		14691	0	10	0	0	0	2	1	0	0	heart	-0.18	-0.723	-0.737	0.0097	0.0084								2.21	0		-4.534	-0.966	10.179	-7.909	-0.536	M0																																																																																																																																																																																									genotype_comparison	in_vivo_tissue	male_only	""	high	heart		TRUE	TRUE	single_sex		single_sex
SRP102454	brain_cns | genotype_comparison | conf=high |  | n=69	group	tissue:brain_cns	69	69	69	69	35	34	0.49	0.014		17485	34	35	17	17	0	1	0	0	69	brain	0.338	0.019	0.039	7e-04	7e-04								8.01	5	0.474	-0.263	-0.01	-0.448	0.307	-0.342	M0,M1,M0perm,M3,M4,M5,M4perm,M5perm,M0permw	2985	2993	0.974	0.97	1	0	0	0	2985	2642	0.846	0.92	0.996	0	0	0	2985	3038	0.968	0.98	1	0	0	0	2985	7498	0.394	0.46	0.937	0	0	0	2993	7498	0.395	0.45	0.937	0	0	0	2985	6435	0.461	0.76	0.97	0	0	0	2993	6435	0.462	0.76	0.971	0	0	0	2985	5723	0.513	0.81	0.974	0	0	0	2993	5723	0.515	0.8	0.975	0	0	0	2985	2645	0.857	0.91	0.996	0	0	0	2993	2645	0.863	0.93	0.996	0	0	0	2985	2972	0.905	0.93	0.998	0	0	0	2993	2972	0.909	0.94	0.998	0	0	0																																																																																	genotype_comparison	in_vivo_tissue	both_sexes	""	high	brain_cns		TRUE	FALSE	balanced		balanced
SRP102527	other | in_vivo_treatment_arms | conf=medium | tumor_tissue | n=11	treatment	subj:source_name;tissue:other	11	11	8	8	4	4	1	0		14608.5	8	0	4	4	8	0	0	0	8	generic	-0.596	0.302	0.989	2e-04	2e-04								0.89	0		-1.42	0.941	-2.213	1.858	-0.327	M0																																																																																																																																																																																									in_vivo_treatment_arms	ex_vivo_primary_cells	unknown	tumor_tissue	medium	other		TRUE	TRUE	single_sex		single_sex
SRP102553	brain_cns | genotype_comparison | conf=high |  | n=35	genotype	subj:mouse;tissue:brain_cns	35	35	35	35	18	17	1	0		12402	35	0	18	17	0	0	4	0	35	brain	-0.58	-0.454	-0.352	4e-04	4e-04								2.53	0		0.365	-0.951	-1.201	1.223	-0.202	M0																																																																																																																																																																																									genotype_comparison	in_vivo_tissue	female_only	""	high	brain_cns		TRUE	TRUE	single_sex		single_sex
SRP102696	brain_cns | genotype_comparison | conf=high |  | n=16	genotype	in:source_name=hippocampus;tissue:brain_cns	16	16	8	8	4	4	0	0		16477	0	8	0	0	8	0	0	0	0	brain	-2.026	0.395	0.267	0	0								1.75	0		0.307	0.519	0.24	-0.112	-0.809	M0																																																																																																																																																																																									genotype_comparison	in_vivo_tissue	male_only	""	high	brain_cns		TRUE	TRUE	single_sex		single_sex
SRP102894	blood_immune | genotype_comparison | conf=high |  | n=9	genotype	tissue:blood_immune	9	9	9	9	5	4	0	0		15229	0	9	0	0	9	0	0	0	9	blood	1.127	0.541	0.551	2e-04	1e-04								1.45	0		-2.251	0.187	0.601	0.389	0.654	M0																																																																																																																																																																																									genotype_comparison	ex_vivo_primary_cells	unknown	""	high	blood_immune		TRUE	TRUE	single_sex		single_sex
SRP103117	lung | genotype_comparison | conf=high |  | n=8	genotype/variation	tissue:lung	8	8	8	8	4	4	0.88	0.25		19072.5	7	1	3	4	8	0	0	0	8	lung	0.337	-0.146	-1.195	0.0027	0.0019								3.75	0		-0.259	0.062	-0.563	0.595	0.919	M0,M1,M0perm,M4,M5,M4perm,M5perm,M0permw	0	0		0.77	0.886	0	0	0	0	0		0.68	0.895	0	0	0	0	0		0.84	0.891	0	0	0																	0	0		0.47	0.914	0	0	0	0	0		0.51	0.941	0	0	0	0	0		0.44	0.782	0	0	0	0	0		0.48	0.727	0	0	0	0	0		0.45	0.806	0	0	0	0	0		0.48	0.868	0	0	0	0	0		0.66	0.838	0	0	0	0	0		0.69	0.969	0	0	0																																																																																	genotype_comparison	in_vivo_tissue	unknown	""	high	lung		TRUE	FALSE	mildly_imbalanced		mildly_imbalanced
SRP103215	brain_cns | in_vivo_treatment_arms | conf=high |  | n=9	treatment	tissue:brain_cns	9	9	9	9	4	5	0	0		13779	0	9	0	0	0	0	0	0	9	brain	0.366	0.805	0.109	2e-04	1e-04								4.9	0		1.383	-0.994	-0.116	0.077	-0.656	M0																																																																																																																																																																																									in_vivo_treatment_arms	ex_vivo_primary_cells	male_only	""	high	brain_cns		TRUE	TRUE	single_sex		single_sex
SRP103751	brain_cns | genotype_comparison | conf=high |  | n=24	genotype/variation	tissue:brain_cns	24	19	19	19	10	9	1	0		14873	19	0	10	9	19	0	0	0	19	brain	1.193	1.142	-0.106	3e-04	3e-04								6.4	0		1.658	0.145	-0.512	0.208	0.216	M0																																																																																																																																																																																									genotype_comparison	ex_vivo_primary_cells	unknown	""	high	brain_cns		TRUE	TRUE	single_sex		single_sex
SRP103922	lung | genotype_comparison | conf=high |  | n=8	genotype/variation	tissue:lung	8	8	8	8	4	4	0.5	0		18297	4	4	2	2	0	0	0	0	8	lung	-1.084	0.524	0.349	0.0089	0.003								2.74	0		0.256	-0.738	-0.297	0.145	1.435	M0,M1,M0perm,M4,M5,M4perm,M5perm,M0permw	0	0		0.72	0.998	0	0	0	0	1	0	0.76	0.998	0	0	0	0	0		0.84	0.998	0	0	0																	0	0		0.09	0.668	0	0	0	0	0		0.09	0.67	0	0	0	0	5	0	0.25	0.436	0	0	0	0	5	0	0.3	0.435	0	0	0	0	1	0	0.5	0.933	0	0	0	0	1	0	0.54	0.934	0	0	0	0	0		0.27	0.483	0	0	0	0	0		0.33	0.484	0	0	0																																																																																	genotype_comparison	in_vivo_tissue	both_sexes	""	high	lung		TRUE	FALSE	balanced		balanced
SRP103932	lung | in_vivo_treatment_arms | conf=high |  | n=22	oxygen status	tissue:lung	22	22	22	22	11	11	0.5	0.091		18009.5	11	11	5	6	0	0	0	0	22	lung	0.539	1.789	-0.597	0.0429	0.0352								3.75	2	0.012	0.66	0.075	-0.555	0.539	-0.283	M0,M1,M0perm,M3,M4,M5,M7,M4perm,M5perm,M7perm,M0permw	53	28	0.528	0.93	0.998	0	0	0	53	12	0.182	0.6	0.911	0	0	0	53	42	0.759	0.89	0.998	0	0	0	53	2462	0.022	0.26	0.959	0	0	0	28	2462	0.011	0.24	0.959	0	0	0	53	2	0.038	0.65	0.93	0	0	0	28	2	0.071	0.65	0.93	0	0	0	53	4886	0.008	0.04	0.652	0	0	0	28	4886	0.005	0.04	0.656	0	0	0	53	16	0.302	0.83	0.988	0	0	0	28	16	0.517	0.86	0.99	0	0	0	53	6	0.113	0.83	0.996	0	0	0	28	6	0.214	0.88	0.998	0	0	0	53	131	0.353	0.59	0.945	0	0	0	28	131	0.214	0.62	0.941	0	0	0	53	151	0.316	0.59	0.894	0	0	0	28	151	0.185	0.57	0.898	0	0	0																																																	in_vivo_treatment_arms	in_vivo_tissue	both_sexes	""	high	lung		TRUE	FALSE	balanced		balanced
SRP104153	liver | genotype_comparison | conf=medium | tumor_tissue | n=18	genotype	tissue:liver	18	18	18	16	8	8	1	0		12510.5	16	0	8	8	16	0	0	2	16	liver	0.977	-0.108	0.261	0.0045	0.0044								5.56	0		0.559	0.411	0.539	-0.458	-0.481	M0																																																																																																																																																																																									genotype_comparison	in_vivo_tissue	unknown	tumor_tissue	medium	liver		TRUE	TRUE	single_sex		single_sex
SRP104179	tumor | genotype_comparison | conf=medium | tumor_tissue | n=45	genotype	in:source_name=treg;in:tissue=tumor;tissue:tumor	45	45	15	14	9	5	0.86	0.089		14486	12	2	8	4	14	0	0	1	14	generic	0.248	0.193	-0.643	7e-04	7e-04	readlen	0.258					0.258	15.99	3	0.04	0.654	-0.217	-0.09	0.286	0.01	M0,M1,M0perm,M3,M4,M5,M6,M4perm,M5perm,M6perm,M0permw	0	0		0.81	0.99	0	0	0	0	0		0.84	0.991	0	0	0	0	0		0.86	0.992	0	0	0	0	0		0.35	0.93	0	0	0	0	0		0.32	0.911	0	0	0	0	0		0.32	0.854	0	0	0	0	0		0.28	0.849	0	0	0	0	1	0	0.6	0.946	0	0	0	0	1	0	0.66	0.958	0	0	0	0	0		0.41	0.846	0	0	0	0	0		0.47	0.87	0	0	0	0	0		0.27	0.805	0	0	0	0	0		0.25	0.819	0	0	0																																																	0	0		0.67	0.932	0	0	0	0	0		0.7	0.933	0	0	0	0	0		0.52	0.917	0	0	0	0	0		0.56	0.933	0	0	0	genotype_comparison	ex_vivo_primary_cells	unknown	tumor_tissue	medium	tumor		TRUE	FALSE	balanced		balanced
SRP104319	liver | genotype_comparison | conf=medium |  | n=18	genotype	tissue:liver	18	18	18	18	9	9	0	0		15360.5	0	18	0	0	18	0	0	0	18	liver	-2.14	0.233	0.365	0.002	0.0019								1.1	0		-0.257	0.785	-1.166	0.575	-0.17	M0																																																																																																																																																																																									genotype_comparison	in_vivo_tissue	unknown	""	medium	liver		TRUE	TRUE	single_sex		single_sex
SRP104670	liver | genotype_comparison | conf=medium | pooled_samples | n=48	genotype	in:tissue=total liver;tissue:liver	48	48	24	24	12	12	0	0		14800.5	0	24	0	0	24	0	0	0	0	liver	-0.606	0.288	0.134	1e-04	1e-04								8.9	0		1.161	-0.83	-1.511	1.55	-0.338	M0																																																																																																																																																																																									genotype_comparison	in_vivo_tissue	unknown	pooled_samples	medium	liver		TRUE	TRUE	single_sex		single_sex
SRP105097	adipose | genotype_comparison | conf=high |  | n=24	genotype/variation	in:tissue=gonadal adipose tissue;tissue:adipose	24	24	12	12	6	6	0	0		15849.5	0	12	0	0	12	0	0	0	12	adipose	-0.782	0.086	0.314	7e-04	5e-04								2.17	0		0.688	-0.785	-0.351	-0.186	0.381	M0																																																																																																																																																																																									genotype_comparison	in_vivo_tissue	unknown	""	high	adipose		TRUE	TRUE	single_sex		single_sex
SRP105166	brain_cns | genotype_comparison | conf=medium |  | n=46	strain	in:source_name=freshly isolated brain microglia;tissue:brain_cns	46	46	21	17	7	10	0.35	0.129		14241	6	11	3	3	17	0	0	4	17	brain	1.536	-0.111	-0.185	0.0058	0.0058	readlen	0.182					0.182	9.02	2	0.43	-1.699	-0.165	-0.534	0.7	1.071	M0,M1,M0perm,M3,M4,M5,M6,M4perm,M5perm,M6perm,M0permw	829	1213	0.663	0.83	0.984	0	0	1	829	722	0.81	0.95	0.993	0	0	0	829	699	0.793	0.94	0.993	0	0	0	829	2770	0.297	0.52	0.915	0	0	2	1213	2770	0.366	0.51	0.869	11	1	2	829	313	0.236	0.58	0.77	1	0	0	1213	313	0.183	0.57	0.763	2	1	0	829	264	0.269	0.63	0.864	0	0	0	1213	264	0.19	0.63	0.861	0	1	0	829	737	0.643	0.77	0.968	0	0	0	1213	737	0.575	0.88	0.98	0	1	0	829	800	0.681	0.81	0.973	0	0	1	1213	800	0.629	0.89	0.985	0	1	1																																																	829	603	0.501	0.76	0.925	0	0	1	1213	603	0.403	0.77	0.912	0	1	1	829	600	0.577	0.8	0.956	0	0	1	1213	600	0.461	0.87	0.952	0	1	1	genotype_comparison	ex_vivo_primary_cells	unknown	""	medium	brain_cns		TRUE	FALSE	balanced		balanced
SRP105208	kidney | genotype_comparison | conf=high |  | n=8	genotype	tissue:kidney	8	8	8	8	4	4	0.5	1		16170	4	4	4	0	8	0	0	0	8	kidney	-0.629	4.018	-2.85	9e-04	8e-04								3.08	0		-1.545	3.025	3.936	-4.417	-2.001	M0																																																																																																																																																																																									genotype_comparison	in_vivo_tissue	unknown	""	high	kidney		TRUE	FALSE	completely_confounded		completely_confounded
SRP105268	other | genotype_comparison | conf=high |  | n=10	cell type	tissue:other	10	10	10	10	5	5	0	0		15312.5	0	10	0	0	10	0	0	0	10	generic	0.279	-0.807	0.785	1e-04	0								1.71	0		-0.235	-0.766	0.925	-0.827	1.337	M0																																																																																																																																																																																									genotype_comparison	ex_vivo_primary_cells	unknown	""	high	other		TRUE	TRUE	single_sex		single_sex
SRP105344	gut | in_vivo_treatment_arms | conf=high |  | n=16	disease state	tissue:gut	16	16	16	16	8	8	0	0		17581.5	0	16	0	0	16	0	0	0	16	gut	-0.423	0.491	0.09	1e-04	0								1.67	0		0.199	0.048	0.301	-0.87	-0.396	M0																																																																																																																																																																																									in_vivo_treatment_arms	in_vivo_tissue	unknown	""	high	gut		TRUE	TRUE	single_sex		single_sex
SRP105534	brain_cns | genotype_comparison | conf=high |  | n=8	genotype/variation	tissue:brain_cns	8	8	8	8	4	4	0	0		19023	0	8	0	0	8	0	0	0	8	brain	1.453	-0.883	0.202	4e-04	1e-04	pubmonth	0				0		2.01	0		-1.388	-0.463	-2.16	2.053	-0.035	M0																																																																																																																																																																																									genotype_comparison	in_vivo_tissue	unknown	""	high	brain_cns		TRUE	TRUE	single_sex		single_sex
SRP105803	gut | in_vivo_treatment_arms | conf=high |  | n=15	source_name	tissue:gut	15	15	10	10	5	5	0	0		19371.5	0	10	0	0	0	0	0	0	0	gut	-0.895	1.033	-0.933	1e-04	1e-04								9.12	0		-0.616	-1.742	0.63	-1.004	0.104	M0																																																																																																																																																																																									in_vivo_treatment_arms	in_vivo_tissue	male_only	""	high	gut		TRUE	TRUE	single_sex		single_sex
SRP106009	reproductive | genotype_comparison | conf=high |  | n=64	genotype	in:infection=zikv ivag e5.5;tissue:reproductive	64	16	10	10	5	5	1	0		17398	10	0	5	5	10	0	0	0	10	generic	-0.397	0.296	-0.856	0.0028	0.0017								1.61	0		-2.67	0.158	0.49	-0.501	-1.28	M0																																																																																																																																																																																									genotype_comparison	in_vivo_tissue	unknown	""	high	reproductive		TRUE	TRUE	single_sex		single_sex
SRP106312	gut | genotype_comparison | conf=high |  | n=30	genotype/variation	in:tissue=terminal ileum;tissue:gut	30	30	11	11	6	5	0.36	0.3		18567	4	7	3	1	0	0	0	0	11	gut	-2.569	1.282	0.557	3e-04	3e-04								3.43	3	0.206	0.945	1.281	-0.658	0.201	2.024	M0,M1,M0perm,M3,M4,M5,M4perm,M5perm,M0permw	3941	4084	0.754	0.79	0.984	0	0	0	3941	3355	0.776	0.82	0.99	0	0	0	3941	2696	0.676	0.9	0.989	0	0	0	3941	2284	0.422	0.54	0.837	0	0	0	4084	2284	0.427	0.54	0.831	0	0	0	3941	1125	0.27	0.53	0.876	0	0	0	4084	1125	0.264	0.63	0.88	0	0	0	3941	559	0.096	0.34	0.723	90	0	0	4084	559	0.093	0.4	0.714	137	0	0	3941	2203	0.483	0.63	0.947	0	0	0	4084	2203	0.506	0.73	0.965	0	0	0	3941	4654	0.421	0.35	0.851	1	0	2	4084	4654	0.478	0.35	0.873	0	0	2																																																																																	genotype_comparison	in_vivo_tissue	both_sexes	""	high	gut		TRUE	FALSE	partially_confounded		partially_confounded
SRP106322	reproductive | genotype_comparison | conf=high |  | n=12	genotype	tissue:reproductive	12	12	12	12	5	7	1	0		17398	12	0	5	7	12	0	0	0	0	generic	3.462	1.621	0.984	0.0029	0.0027								3.47	0		3.388	0.178	2.139	-3.174	0.256	M0																																																																																																																																																																																									genotype_comparison	in_vivo_tissue	female_only	""	high	reproductive		TRUE	TRUE	single_sex		single_sex
SRP106484	brain_cns | genotype_comparison | conf=medium |  | n=16	genotype	in:tissue=brain;subj:individual number;tissue:brain_cns	16	16	8	8	4	4	0.5	0		17118.5	4	4	2	2	0	0	0	0	0	brain	0.241	0.079	0.783	3e-04	2e-04								9.03	0		-0.205	0.402	0.331	0.115	0.047	M0,M1,M0perm,M4,M5,M4perm,M5perm,M0permw	0	0		0.88	0.998	0	0	0	0	0		0.52	0.859	0	0	0	0	0		0.89	0.988	0	0	0																	0	0		0.18	0.725	0	0	0	0	0		0.19	0.725	0	0	0	0	0		0.44	0.926	0	0	0	0	0		0.47	0.926	0	0	0	0	0		0.35	0.746	0	0	0	0	0		0.41	0.746	0	0	0	0	0		0.39	0.756	0	0	0	0	0		0.43	0.756	0	0	0																																																																																	genotype_comparison	in_vivo_tissue	both_sexes	""	medium	brain_cns		TRUE	FALSE	balanced		balanced
SRP106488	liver | in_vivo_treatment_arms | conf=high |  | n=10	treatment	tissue:liver	10	10	10	10	5	5	0	0		13833.5	0	10	0	0	0	0	0	0	0	liver	0.113	-0.766	-1.452	2e-04	1e-04								2.95	0		-2.438	1.44	0.36	-1.356	0.042	M0																																																																																																																																																																																									in_vivo_treatment_arms	in_vivo_tissue	male_only	""	high	liver		TRUE	TRUE	single_sex		single_sex
SRP106519	liver | in_vivo_treatment_arms | conf=high |  | n=11	treatment	tissue:liver	11	11	11	11	6	5	0	0		14532	0	11	0	0	11	0	0	0	11	liver	0.864	2.373	-0.133	5e-04	3e-04								7.61	0		0.438	1.078	0.946	-0.391	0.253	M0																																																																																																																																																																																									in_vivo_treatment_arms	in_vivo_tissue	unknown	""	high	liver		TRUE	TRUE	single_sex		single_sex
SRP106605	kidney | in_vivo_treatment_arms | conf=high |  | n=49	surgery	tissue:kidney	49	49	40	40	31	9	0.32	0.871		16245	13	27	4	9	40	0	0	0	40	kidney	-1.459	1.786	0.662	8e-04	8e-04	platform	0.18	0.18				0.18	3.28	4	0.229	-0.333	-0.327	0.244	-0.272	-0.651	M0,M1,M0perm,M3,M4,M5,M6,M4perm,M5perm,M6perm,M0permw	12688	1813	0.095	0.02	0.582	1861	5	0	12688	12712	0.951	0.91	0.998	0	5	5	12688	8424	0.641	0.19	0.963	9	5	5	12688	13725	0.86	0.22	0.969	0	5	5	1813	13725	0.108	0.02	0.639	86	0	5	12688	3564	0.18	0.02	0.562	1975	5	0	1813	3564	0.509	0.8	0.985	0	0	0	12688	3269	0.158	0.02	0.518	2264	5	0	1813	3269	0.539	0.8	0.963	0	0	0	12688	1795	0.096	0.02	0.597	1767	5	0	1813	1795	0.886	0.96	0.998	0	0	0	12688	1684	0.09	0.04	0.578	1911	5	0	1813	1684	0.805	0.91	0.993	0	0	0																																																	12688	2930	0.149	0.02	0.575	1862	5	0	1813	2930	0.619	0.85	0.994	0	0	0	12688	1794	0.095	0.02	0.582	1860	5	0	1813	1794	0.955	0.98	1	0	0	0	in_vivo_treatment_arms	in_vivo_tissue	male_only	""	high	kidney		TRUE	FALSE	partially_confounded		partially_confounded
SRP106646	liver | genotype_comparison | conf=medium |  | n=24	genotype	in:age=post natal day 60;tissue:liver	24	24	12	12	6	6	0	0		14948	0	12	0	0	12	0	0	0	0	liver	1.001	-0.194	-0.267	0.0012	8e-04								0.84	0		1.564	-0.182	0.246	0.024	0.092	M0																																																																																																																																																																																									genotype_comparison	in_vivo_tissue	unknown	""	medium	liver		TRUE	TRUE	single_sex		single_sex
SRP106722	other | genotype_comparison | conf=high |  | n=8	condition	tissue:other	8	8	8	8	4	4	0	0		16845.5	0	8	0	0	8	0	0	0	8	generic	-0.46	0.008	0.805	0.0136	0.0111								1.32	0		-0.993	0.404	-0.064	-0.138	-1.571	M0																																																																																																																																																																																									genotype_comparison	in_vivo_tissue	male_only	""	high	other		TRUE	TRUE	single_sex		single_sex
SRP106751	blood_immune | in_vivo_treatment_arms | conf=high |  | n=52	pm exposure	tissue:blood_immune	52	13	13	13	6	7	0	0		14545	0	13	0	0	0	0	0	0	0	blood	-1.219	-0.251	-0.216	0	0	readlen	0.267					0.267	2.54	0		2.205	-1.45	-1.03	1.205	1.419	M0																																																																																																																																																																																									in_vivo_treatment_arms	ex_vivo_primary_cells	male_only	""	high	blood_immune		TRUE	TRUE	single_sex		single_sex
SRP106814	other | in_vivo_treatment_arms | conf=medium |  | n=8	treatment	tissue:other	8	8	8	8	4	4	0	0		14281.5	0	8	0	0	8	0	0	0	8	generic	0.898	6.725	-1.518	0	0								13.12	0		-1.45	-0.257	0.319	0.268	0.915	M0																																																																																																																																																																																									in_vivo_treatment_arms	ex_vivo_primary_cells	unknown	""	medium	other		TRUE	TRUE	single_sex		single_sex
SRP106863	other | in_vivo_treatment_arms | conf=high | mixed_organisms | n=18	source_name	tissue:other	18	18	18	12	8	4	0.67	0.25		14858	8	4	6	2	12	0	0	6	0	generic	1.67	0.938	0.843	6e-04	6e-04								5.02	2	0.184	-1.774	-0.497	1.449	-1.414	0.372	M0,M1,M0perm,M3,M4,M5,M4perm,M5perm,M0permw	0	0		0.74	0.818	0	0	0	0	0		0.85	0.842	0	0	0	0	0		0.87	0.863	0	0	0	0	0		0.69	0.772	0	0	0	0	0		0.58	0.804	0	0	0	0	0		0.63	0.664	0	0	0	0	0		0.62	0.626	0	0	0	0	0		0.43	0.707	0	0	0	0	0		0.38	0.675	0	0	0	0	0		0.67	0.71	0	0	0	0	0		0.68	0.91	0	0	0	0	0		0.52	0.621	0	0	0	0	0		0.64	0.874	0	0	0																																																																																	in_vivo_treatment_arms	in_vivo_tissue	unknown	mixed_organisms	high	other		TRUE	FALSE	mildly_imbalanced		mildly_imbalanced
SRP106915	brain_cns | genotype_comparison | conf=high |  | n=60	genotype	in:tissue=striatum;tissue:brain_cns	60	32	12	11	4	7	0.09	0.143		17224	1	10	0	1	11	0	0	1	0	brain	-0.118	-0.091	-0.976	2e-04	2e-04								16.98	1	0.203	-0.149	0.669	-0.017	0.114	-0.236	M0,M1,M0perm,M3,M4,M5,M4perm,M5perm,M0permw	0	1	0	0.8	0.981	0	0	0	0	0		0.42	0.985	0	0	0	0	0		0.42	0.985	0	0	0	0	0		0.21	0.469	0	0	0	1	0	0	0.21	0.526	0	0	0	0	0		0.25	0.861	0	0	0	1	0	0	0.24	0.854	0	0	0	0	0		0.32	0.933	0	0	0	1	0	0	0.35	0.949	0	0	0	0	0		0.43	0.869	0	0	0	1	0	0	0.54	0.909	0	0	0	0	0		0.35	0.93	0	0	0	1	0	0	0.37	0.93	0	0	0																																																																																	genotype_comparison	in_vivo_tissue	unknown	""	high	brain_cns		TRUE	FALSE	balanced		balanced
SRP107001	skin | in_vivo_treatment_arms | conf=high |  | n=16	condition	tissue:skin	16	16	16	16	9	7	0.56	0.016		17940.5	9	7	5	4	0	0	0	0	0	generic	-1.632	-0.432	-0.807	8e-04	7e-04								7.45	3	0.95	-0.999	0.407	0.068	0.011	0.027	M0,M1,M0perm,M3,M4,M5,M4perm,M5perm,M0permw	8	516	0.016	0.71	0.987	0	0	1	8	0	0	0.97	1	0	0	0	8	0	0	0.92	0.999	0	0	0	8	4	0.091	0.22	0.406	0	0	0	516	4	0.006	0.29	0.444	0	1	0	8	2	0.111	0.46	0.804	0	0	0	516	2	0.004	0.61	0.83	0	1	0	8	2	0.111	0.31	0.456	0	0	0	516	2	0.004	0.37	0.492	0	1	0	8	1	0	0.63	0.984	0	0	0	516	1	0.002	0.83	0.997	0	1	0	8	1	0	0.59	0.975	0	0	0	516	1	0.002	0.76	0.989	0	1	0																																																																																	in_vivo_treatment_arms	in_vivo_tissue	male_only	""	high	skin		TRUE	FALSE	balanced		balanced
SRP107211	blood_immune | genotype_comparison | conf=medium | tumor_tissue | n=20	genotype/variation	in:cell type=tumor associated macrophages (tams);tissue:blood_immune	20	20	8	8	4	4	0.88	0.25		14506	7	1	4	3	8	0	0	0	8	blood	-0.404	0.134	-1.042	3e-04	2e-04								4.65	0		-0.634	1.35	-0.684	1.805	-0.617	M0,M1,M0perm,M4,M5,M4perm,M5perm,M0permw	3	23	0.13	0.51	0.915	0	0	0	3	1	0	0.54	0.97	0	0	0	3	23	0.13	0.51	0.915	0	0	0																	3	0	0	0.3	0.748	0	0	0	23	0	0	0.51	0.83	0	0	0	3	0	0	0.16	0.552	0	0	0	23	0	0	0.16	0.489	0	0	0	3	0	0	0.4	0.887	0	0	0	23	0	0	0.56	0.882	0	0	0	3	0	0	0.36	0.823	0	0	0	23	0	0	0.53	0.92	0	0	0																																																																																	genotype_comparison	ex_vivo_primary_cells	unknown	tumor_tissue	medium	blood_immune		TRUE	FALSE	mildly_imbalanced		mildly_imbalanced
SRP107214	brain_cns | genotype_comparison | conf=high |  | n=8	genotype	tissue:brain_cns	8	8	8	8	4	4	0.62	0.25		16532.5	5	3	2	3	8	0	0	0	0	brain	-2.822	0.838	1.105	1e-04	1e-04								1.52	0		-1.108	-0.134	-0.951	0.876	-0.846	M0,M1,M0perm,M4,M5,M4perm,M5perm,M0permw	352	493	0.711	0.87	0.951	0	0	0	352	31	0.085	0.77	0.747	0	0	0	352	280	0.751	0.94	0.975	0	0	0																	352	432	0.537	0.68	0.814	0	0	0	493	432	0.584	0.74	0.875	0	0	0	352	97	0.09	0.18	0.452	6	0	0	493	97	0.079	0.2	0.463	17	0	0	352	437	0.686	0.79	0.956	0	0	0	493	437	0.782	0.88	0.983	0	0	0	352	160	0.333	0.57	0.669	0	0	0	493	160	0.283	0.62	0.748	0	0	0																																																																																	genotype_comparison	in_vivo_tissue	unknown	""	high	brain_cns		TRUE	FALSE	mildly_imbalanced		mildly_imbalanced
SRP107220	other | genotype_comparison | conf=high |  | n=18	strain/genotype	tissue:other	18	18	18	18	12	6	1	0	0	17114	18	0	12	6	18	0	0	0	0	generic	4.657	0.871	0.272	0	0								2.87	0		-0.482	0.042	0.552	-0.731	-0.386	M0																																																																																																																																																																																									genotype_comparison	in_vivo_tissue	unknown	""	high	other		TRUE	TRUE	single_sex	balanced	single_sex
SRP107560	brain_cns | genotype_comparison | conf=high |  | n=12	genotype/variation	tissue:brain_cns	12	12	12	12	5	7	0	0		18054	0	12	0	0	12	0	0	0	12	brain	-0.164	0.967	0.796	2e-04	1e-04								3.08	0		-2.627	2.463	0.564	-0.421	1.908	M0																																																																																																																																																																																									genotype_comparison	in_vivo_tissue	unknown	""	high	brain_cns		TRUE	TRUE	single_sex		single_sex
SRP107692	reproductive | genotype_comparison | conf=high |  | n=8	genotype/variation	tissue:reproductive	8	8	8	8	4	4	0	0		20476.5	0	8	0	0	8	0	0	0	0	generic	0.394	0.704	0.565	1e-04	0								3.56	0		0.012	0.907	0.381	-0.146	0.041	M0																																																																																																																																																																																									genotype_comparison	in_vivo_tissue	male_only	""	high	reproductive		TRUE	TRUE	single_sex		single_sex
SRP107760	blood_immune | genotype_comparison | conf=medium | pooled_samples | n=8	genotype	tissue:blood_immune	8	8	8	8	4	4	0	0		14415.5	0	8	0	0	8	0	0	0	8	blood	0.662	-1.306	-0.459	0	0								2.21	0		0.915	-2.757	-0.119	0.191	-1.452	M0																																																																																																																																																																																									genotype_comparison	ex_vivo_primary_cells	unknown	pooled_samples	medium	blood_immune		TRUE	TRUE	single_sex		single_sex
SRP107800	other | genotype_comparison | conf=high |  | n=8	genotype	tissue:other	8	8	8	8	4	4	0.88	0.25		17499.5	7	1	3	4	8	0	0	0	8	generic	-0.06	-0.826	-0.252	3e-04	3e-04								26.79	0		-0.378	-0.96	0.544	-0.574	0.197	M0,M1,M0perm,M4,M5,M4perm,M5perm,M0permw	0	0		0.69	0.93	0	0	0	0	0		0.75	0.938	0	0	0	0	0		0.49	0.875	0	0	0																	0	0		0.33	0.509	0	0	0	0	0		0.33	0.524	0	0	0	0	1	0	0.59	0.855	0	0	0	0	1	0	0.58	0.868	0	0	0	0	0		0.48	0.646	0	0	0	0	0		0.52	0.634	0	0	0	0	0		0.45	0.768	0	0	0	0	0		0.46	0.775	0	0	0																																																																																	genotype_comparison	ex_vivo_primary_cells	unknown	""	high	other		TRUE	FALSE	mildly_imbalanced		mildly_imbalanced
SRP108049	brain_cns | genotype_comparison | conf=high |  | n=13	genotype	in:isolate=total mrna;tissue:brain_cns	13	13	8	8	4	4	1	0		17842	8	0	4	4	0	0	0	0	0	brain	-1.589	2.929	-0.535	0.0013	0.001								5.99	0		0.915	-0.052	-0.705	0.824	0.368	M0																																																																																																																																																																																									genotype_comparison	in_vivo_tissue	female_only	""	high	brain_cns		TRUE	TRUE	single_sex		single_sex
SRP108051	brain_cns | genotype_comparison | conf=medium |  | n=68	genotype	tissue:brain_cns	68	17	16	16	10	6	0	0		17886.5	0	16	0	0	0	0	0	0	16	brain	-0.98	0.859	-0.637	0.0014	0.0012								4.28	0		0.211	-0.099	0.553	-0.755	-0.293	M0																																																																																																																																																																																									genotype_comparison	in_vivo_tissue	male_only	""	medium	brain_cns		TRUE	TRUE	single_sex		single_sex
SRP108052	liver | in_vivo_treatment_arms | conf=high |  | n=12	treatment	tissue:liver	12	12	12	12	6	6	1	0		14564	12	0	6	6	0	0	0	0	12	liver	0.816	-0.447	1.131	8e-04	5e-04								4.15	0		1.58	-1.826	2.187	-1.308	-1.611	M0																																																																																																																																																																																									in_vivo_treatment_arms	in_vivo_tissue	female_only	""	high	liver		TRUE	TRUE	single_sex		single_sex
SRP108079	gut | genotype_comparison | conf=high |  | n=40	genotype	in:source_name=jejunum;in:treatment=nt;subj:mouse id;tissue:gut	40	40	14	14	7	7	0.43	0		16734.5	6	8	3	3	14	0	0	0	14	gut	-1.466	0.386	-0.463	5e-04	5e-04	readlen	0					0	3.9	2	0.19	1.536	-1.511	-0.212	-0.167	0.065	M0,M1,M0perm,M3,M4,M5,M6,M4perm,M5perm,M6perm,M0permw	526	461	0.808	0.92	0.992	0	0	0	526	298	0.552	0.93	0.968	0	0	0	526	486	0.804	0.83	0.999	0	0	0	526	2137	0.246	0.69	0.979	0	0	0	461	2137	0.215	0.71	0.974	0	0	0	526	2549	0.074	0.18	0.499	0	0	1	461	2549	0.071	0.16	0.489	0	0	1	526	1	0.002	0.42	0.83	0	0	0	461	1	0.002	0.41	0.83	0	0	0	526	179	0.277	0.65	0.858	0	0	0	461	179	0.296	0.63	0.852	0	0	0	526	393	0.477	0.77	0.951	0	0	0	461	393	0.517	0.8	0.954	0	0	0																																																	526	1248	0.42	0.78	0.984	0	0	0	461	1248	0.369	0.79	0.981	0	0	0	526	45	0.086	0.85	0.869	0	0	0	461	45	0.098	0.85	0.877	0	0	0	genotype_comparison	in_vivo_tissue	unknown	""	high	gut		TRUE	FALSE	balanced		balanced
SRP108127	brain_cns | genotype_comparison | conf=high |  | n=20	genotype/variation	tissue:brain_cns	20	20	14	14	8	6	0	0		17252	0	14	0	0	14	0	0	0	0	brain	-0.342	0.682	0.376	4e-04	2e-04								1.45	0		-0.473	-0.048	0.818	-0.725	-0.148	M0																																																																																																																																																																																									genotype_comparison	in_vivo_tissue	unknown	""	high	brain_cns		TRUE	TRUE	single_sex		single_sex
SRP108282	muscle | genotype_comparison | conf=medium |  | n=39	genotype	in:tissue=liver;tissue:muscle	39	39	19	19	10	9	1	0		14481	19	0	10	9	0	0	0	0	0	muscle	0.24	0.944	0.878	6e-04	5e-04								9.14	0		0.251	0.504	-0.807	0.76	0.103	M0																																																																																																																																																																																									genotype_comparison	in_vivo_tissue	female_only	""	medium	muscle		TRUE	TRUE	single_sex		single_sex
SRP108489	other | genotype_comparison | conf=high |  | n=20	genotype	tissue:other	20	8	8	8	4	4	0.5	0		14534.5	4	4	2	2	8	0	0	0	8	generic	0.473	-0.074	-0.882	0	0	platform	0	0	0			0	3.4	0		-1.02	-0.12	0.768	-1.479	0.097	M0,M1,M0perm,M4,M5,M4perm,M5perm,M0permw	11	807	0.014	0.51	0.964	0	0	0	11	1	0.091	0.58	0.781	0	0	0	11	807	0.014	0.51	0.964	0	0	0																	11	105	0.094	0.43	0.83	0	0	0	807	105	0.104	0.52	0.861	0	0	0	11	24	0.129	0.29	0.708	0	0	0	807	24	0.023	0.39	0.718	1	0	0	11	831	0.013	0.35	0.936	0	0	2	807	831	0.548	0.56	0.963	0	0	2	11	1979	0.006	0.37	0.958	0	0	0	807	1979	0.394	0.56	0.975	0	0	0																																																																																	genotype_comparison	ex_vivo_primary_cells	unknown	""	high	other		TRUE	FALSE	balanced		balanced
SRP108495	liver | in_vivo_treatment_arms | conf=high |  | n=33	treatment	ex:treatment=upf1-galnac-aso;tissue:liver	33	33	20	20	10	10	0.45	0.1		12036	9	11	4	5	0	7	3	0	20	liver	-1.342	-0.979	-1.009	8e-04	8e-04								17.94	4	0.034	0.526	-1.282	0.381	-0.794	-0.007	M0,M1,M0perm,M3,M4,M5,M4perm,M5perm,M0permw	4512	4587	0.898	0.96	0.995	0	0	0	4512	3325	0.718	0.87	0.987	0	0	0	4512	4089	0.887	0.95	0.997	0	0	0	4512	5512	0.63	0.32	0.913	2	0	0	4587	5512	0.623	0.32	0.905	1	0	0	4512	1495	0.318	0.74	0.93	0	0	0	4587	1495	0.314	0.75	0.933	0	0	0	4512	1259	0.246	0.73	0.777	13	0	0	4587	1259	0.243	0.74	0.77	13	0	0	4512	3949	0.724	0.76	0.97	0	0	0	4587	3949	0.731	0.76	0.976	0	0	0	4512	3042	0.622	0.86	0.983	0	0	0	4587	3042	0.624	0.88	0.987	0	0	0																																																																																	in_vivo_treatment_arms	in_vivo_tissue	both_sexes	""	high	liver		TRUE	FALSE	balanced		balanced
SRP108497	brain_cns | in_vivo_treatment_arms | conf=high |  | n=60	treated with	in:developmental stage=p60;tissue:brain_cns	60	60	25	25	13	12	0.56	0.045		16151	14	11	7	7	0	5	0	0	0	brain	-1.117	-1.989	-0.515	0.0025	0.0025								14.41	5	0.138	-0.135	-0.172	0.895	-0.948	-1.071	M0,M1,M0perm,M3,M4,M5,M4perm,M5perm,M0permw	1491	1495	0.936	0.94	0.993	0	0	0	1491	1361	0.895	0.95	0.993	0	0	0	1491	1616	0.882	0.85	0.995	0	0	0	1491	2187	0.603	0.73	0.91	0	0	0	1495	2187	0.601	0.75	0.905	0	0	0	1491	2233	0.575	0.75	0.924	0	0	1	1495	2233	0.581	0.78	0.93	0	0	1	1491	359	0.218	0.7	0.741	2	0	0	1495	359	0.217	0.68	0.734	2	0	0	1491	1560	0.848	0.87	0.983	0	0	0	1495	1560	0.867	0.89	0.987	0	0	0	1491	1162	0.715	0.87	0.947	0	0	0	1495	1162	0.72	0.88	0.956	0	0	0																																																																																	in_vivo_treatment_arms	ex_vivo_primary_cells	both_sexes	""	high	brain_cns		TRUE	FALSE	balanced		balanced
SRP108574	blood_immune | in_vivo_treatment_arms | conf=high |  | n=18	treatment	in:source_name=splenic sorted live cd45+cd19-cd3+cd4+ t cells;tissue:blood_immune	18	18	8	8	4	4	1	0		14599	8	0	4	4	8	0	0	0	8	blood	0.616	0.399	0.739	0	0								7.44	0		-3.616	0	1.276	-1.277	0.838	M0																																																																																																																																																																																									in_vivo_treatment_arms	ex_vivo_primary_cells	female_only	""	high	blood_immune		TRUE	TRUE	single_sex		single_sex
SRP108593	liver | genotype_comparison | conf=high |  | n=23	genotype/variation	tissue:liver	23	23	20	15	6	9	0.6	0.167	0	14008.5	9	6	3	6	15	0	0	5	3	liver	0.101	1.607	0.89	0.0362	0.0362								15.82	3	0.197	-3.022	1.976	0.845	-0.786	-0.301	M0,M1,M0perm,M0a,M2,M2perm,M3,M4,M5,M7,M4perm,M5perm,M7perm,M0permw	465	352	0.688	0.96	0.974	0	0	0	465	316	0.672	0.97	0.986	0	0	0	465	575	0.739	0.87	0.988	0	0	0	465	508	0.598	0.74	0.838	0	0	0	352	508	0.525	0.73	0.819	0	0	0	465	0	0	0.1	0.086	150	0	0	352	0	0	0.1	0.091	92	0	0	465	16	0.026	0.45	0.787	0	0	0	352	16	0.034	0.46	0.784	0	0	0	465	170	0.315	0.75	0.848	0	0	0	352	170	0.388	0.75	0.873	0	0	0	465	752	0.516	0.66	0.924	0	0	0	352	752	0.434	0.67	0.944	0	0	0	465	420	0.712	0.84	0.93	0	0	0	352	420	0.716	0.85	0.94	0	0	0	465	178	0.362	0.88	0.955	0	0	0	352	178	0.48	0.9	0.983	0	0	0	115	280	0.396	0.68	0.973	0	0	0	115	30	0.239	0.77	0.931	0	0	0																																	genotype_comparison	in_vivo_tissue	unknown	""	high	liver		TRUE	FALSE	mildly_imbalanced	balanced	mildly_imbalanced
SRP108622	other | genotype_comparison | conf=high |  | n=32	strain	tissue:other	32	32	16	16	8	8	0.5	0		18774	8	8	4	4	0	0	0	0	0	generic	-3.396	-2.455	-0.489	1e-04	1e-04								17.1	3	0.856	1.825	-1.334	-0.881	0.973	-0.102	M0,M1,M0perm,M3,M4,M5,M4perm,M5perm,M0permw	10424	10453	0.963	0.93	0.999	0	0	2	10424	9937	0.908	0.96	0.997	0	0	0	10424	10329	0.967	0.96	0.999	0	0	0	10424	10904	0.835	0.84	0.982	0	0	0	10453	10904	0.837	0.84	0.982	1	2	0	10424	7294	0.592	0.79	0.909	55	0	1	10453	7294	0.589	0.79	0.909	64	2	1	10424	2889	0.223	0.72	0.75	832	0	0	10453	2889	0.223	0.72	0.751	815	2	0	10424	8528	0.771	0.85	0.984	0	0	1	10453	8528	0.772	0.87	0.985	0	2	1	10424	10245	0.883	0.91	0.993	0	0	0	10453	10245	0.887	0.93	0.993	0	2	0																																																																																	genotype_comparison	in_vivo_tissue	both_sexes	""	high	other		TRUE	FALSE	balanced		balanced
SRP108766	other | in_vivo_treatment_arms | conf=high |  | n=23	group	tissue:other	23	23	15	15	8	7	0.47	0.071		12180	7	8	4	3	0	0	0	0	15	generic	1.398	2.125	0.696	8e-04	8e-04								4.46	2	0.969	4.472	-0.698	-1.13	1.981	1.436	M0,M1,M0perm,M3,M4,M5,M4perm,M5perm,M0permw	2154	2229	0.897	0.88	0.998	0	0	0	2154	1991	0.739	0.88	0.981	0	0	0	2154	2066	0.905	0.95	0.998	0	0	0	2154	2889	0.722	0.77	0.978	0	0	2	2229	2889	0.755	0.83	0.982	0	0	2	2154	5	0.002	0.35	0.544	168	0	0	2229	5	0.002	0.35	0.545	176	0	0	2154	1100	0.172	0.6	0.57	41	0	0	2229	1100	0.172	0.63	0.578	33	0	0	2154	1077	0.457	0.8	0.956	0	0	1	2229	1077	0.453	0.85	0.958	0	0	1	2154	1935	0.768	0.83	0.989	0	0	1	2229	1935	0.783	0.92	0.99	0	0	1																																																																																	in_vivo_treatment_arms	in_vivo_tissue	both_sexes	""	high	other		TRUE	FALSE	balanced		balanced
SRP108808	brain_cns | genotype_comparison | conf=medium |  | n=10	strain	tissue:brain_cns	10	10	10	9	4	5	0.89	0.25	0.415	18408.5	8	1	3	5	9	0	0	1	0	brain	-0.189	-0.261	-0.494	4e-04	3e-04	platform	0.06	0.06				0.06	16.03	0		-0.54	0.642	0.329	-0.207	-0.537	M0,M1,M0perm,M2,M2perm,M4,M5,M6,M4perm,M5perm,M6perm,M0permw	0	0		0.42	0.633	0	0	0	0	0		0.4	0.881	0	0	0	0	0		0.37	0.928	0	0	0																	0	0		0.05	-0.508	0	0	0	0	0		0.05	-0.398	0	0	0	0	0		0.31	0.379	0	0	0	0	0		0.3	0.276	0	0	0	0	0		0.02	0.517	0	0	0	0	0		0.19	0.916	0	0	0	0	0		0.08	0.568	0	0	0	0	0		0.3	0.957	0	0	0																																	0	0		0.33	0.218	0	0	0	0	0		0.14	0.622	0	0	0	0	0		0.2	0.398	0	0	0	0	0		0.23	0.745	0	0	0	0	0		0.14	0.245	0	0	0	0	0		0.26	0.682	0	0	0	genotype_comparison	in_vivo_tissue	unknown	""	medium	brain_cns		TRUE	FALSE	mildly_imbalanced	mildly_imbalanced	mildly_imbalanced
SRP109217	brain_cns | in_vivo_treatment_arms | conf=medium |  | n=12	testing	tissue:brain_cns	12	12	12	12	6	6	0	0	0	17957	0	12	0	0	12	0	0	0	0	brain	1.06	-0.82	-0.597	5e-04	4e-04								20.55	0		-0.387	-0.806	-0.486	0.388	-0.383	M0																																																																																																																																																																																									in_vivo_treatment_arms	in_vivo_tissue	unknown	""	medium	brain_cns		TRUE	TRUE	single_sex	balanced	single_sex
SRP109283	other | genotype_comparison | conf=high |  | n=48	genotype	tissue:other	48	48	24	10	4	6	0.3	0.083	1.893	13274.5	3	7	1	2	10	0	0	14	0	generic	-2	-0.475	-0.366	1e-04	1e-04								4.91	3	0.11	-0.125	1.156	-0.325	0.237	-1.255	M0,M1,M0perm,M2,M2perm,M3,M4,M5,M4perm,M5perm,M0permw	98	72	0.7	0.94	0.993	0	0	1	98	73	0.693	0.86	0.99	0	0	0	98	65	0.646	0.94	0.995	0	0	0	98	179	0.121	0.19	0.741	0	0	0	72	179	0.126	0.19	0.749	0	1	0	98	307	0.089	0.17	0.778	0	0	1	72	307	0.095	0.18	0.776	0	1	1	98	0	0	0.41	0.479	0	0	0	72	0	0	0.42	0.489	0	1	0	98	2	0.02	0.48	0.87	0	0	0	72	2	0.028	0.51	0.879	0	1	0	98	0	0	0.33	0.793	0	0	0	72	0	0	0.33	0.796	0	1	0																																	98	36	0.117	0.3	0.543	0	0	0	98	34	0.333	0.78	0.98	0	0	0																																	genotype_comparison	in_vivo_tissue	unknown	""	high	other		TRUE	FALSE	balanced	completely_confounded	completely_confounded
SRP109609	adipose | in_vivo_treatment_arms | conf=high |  | n=9	treatment	subj:biological replicates;tissue:adipose	9	9	9	9	4	5	1	0		11229	9	0	4	5	0	0	0	0	9	adipose	-2.561	-2.198	0.799	0	0								7.76	0		-0.051	-0.223	-0.109	-3.087	1.418	M0																																																																																																																																																																																									in_vivo_treatment_arms	in_vivo_tissue	female_only	""	high	adipose		TRUE	TRUE	single_sex		single_sex
SRP109615	reproductive | genotype_comparison | conf=high |  | n=12	genotype	tissue:reproductive	12	12	12	12	6	6	1	0		11843	12	0	6	6	0	0	12	0	12	generic	0.241	0.263	-0.914	0.0021	0.0011								0.79	0		-0.097	0.054	1.295	-1.144	-0.173	M0																																																																																																																																																																																									genotype_comparison	in_vivo_tissue	female_only	""	high	reproductive		TRUE	TRUE	single_sex		single_sex
SRP109674	skin | in_vivo_treatment_arms | conf=high |  | n=44	treatment	tissue:skin	44	44	20	20	10	10	1	0		18598.5	20	0	10	10	20	0	0	0	20	generic	2.156	1.182	-0.309	2e-04	2e-04								3.53	0		-0.196	-0.127	0.316	-0.337	1.84	M0																																																																																																																																																																																									in_vivo_treatment_arms	in_vivo_tissue	female_only	""	high	skin		TRUE	TRUE	single_sex		single_sex
SRP109774	brain_cns | in_vivo_treatment_arms | conf=medium |  | n=54	group	in:region=dg;subj:mouse;tissue:brain_cns	54	54	13	13	5	8	0	0		16365	0	13	0	0	13	0	0	0	13	brain	-0.852	0.211	0.446	1e-04	1e-04								14.22	0		-0.669	-0.205	0.588	-0.525	0.775	M0																																																																																																																																																																																									in_vivo_treatment_arms	in_vivo_tissue	unknown	""	medium	brain_cns		TRUE	TRUE	single_sex		single_sex
SRP109807	heart | genotype_comparison | conf=high |  | n=12	genotype	tissue:heart	12	12	12	10	5	5	0.7	0.2		18161	7	3	3	4	10	0	0	2	10	heart	-2.574	1.208	-1.256	8e-04	7e-04								3.95	3	0.845	1.178	0.429	1.064	-0.506	-0.56	M0,M1,M0perm,M3,M4,M5,M4perm,M5perm,M0permw	1312	1703	0.735	0.78	0.978	0	0	0	1312	1169	0.787	0.88	0.985	0	0	0	1312	1141	0.787	0.87	0.987	0	0	0	1312	1930	0.635	0.72	0.976	0	0	0	1703	1930	0.769	0.79	0.981	0	0	0	1312	905	0.476	0.74	0.887	0	0	0	1703	905	0.491	0.78	0.922	0	0	0	1312	87	0.059	0.53	0.526	14	0	0	1703	87	0.046	0.54	0.531	21	0	0	1312	678	0.358	0.64	0.769	0	0	0	1703	678	0.324	0.67	0.782	0	0	0	1312	1358	0.543	0.63	0.911	0	0	0	1703	1358	0.603	0.67	0.92	0	0	0																																																																																	genotype_comparison	in_vivo_tissue	unknown	""	high	heart		TRUE	FALSE	mildly_imbalanced		mildly_imbalanced
SRP110068	reproductive | genotype_comparison | conf=high |  | n=12	genotype	tissue:reproductive	12	12	12	12	6	6	1	0		16371	12	0	6	6	0	4	3	0	12	generic	0.565	0.294	-0.367	0.0018	7e-04								0.8	0		-0.098	-0.1	1.287	-1.028	-0.157	M0																																																																																																																																																																																									genotype_comparison	in_vivo_tissue	female_only	""	high	reproductive		TRUE	TRUE	single_sex		single_sex
SRP110208	skin | genotype_comparison | conf=high |  | n=10	genotype	tissue:skin	10	10	10	10	6	4	0	0		20638.5	0	10	0	0	10	0	0	0	10	generic	-0.065	-0.463	-0.662	9e-04	8e-04								3.07	0		-1.991	1.875	0.518	-0.539	0.974	M0																																																																																																																																																																																									genotype_comparison	in_vivo_tissue	unknown	""	high	skin		TRUE	TRUE	single_sex		single_sex
SRP110495	kidney | genotype_comparison | conf=medium |  | n=24	genotype	tissue:kidney	24	24	24	23	11	12	0.35	0.144		15597	8	15	3	5	23	0	0	1	0	kidney	1.182	-0.123	0.41	7e-04	5e-04								1.61	3	0.098	-2.203	2.018	2.201	-2.481	0.543	M0,M1,M0perm,M3,M4,M5,M4perm,M5perm,M0permw	4027	4133	0.918	0.7	0.983	0	0	0	4027	3549	0.82	0.83	0.972	0	0	0	4027	3935	0.917	0.9	0.983	0	0	0	4027	4855	0.816	0.7	0.955	0	0	0	4133	4855	0.797	0.62	0.938	0	0	0	4027	18	0.004	0.47	0.778	22	0	0	4133	18	0.004	0.54	0.808	23	0	0	4027	3212	0.501	0.48	0.743	1	0	0	4133	3212	0.516	0.58	0.783	0	0	0	4027	3599	0.788	0.68	0.948	0	0	0	4133	3599	0.787	0.74	0.944	0	0	0	4027	4053	0.911	0.67	0.979	0	0	0	4133	4053	0.934	0.73	0.991	0	0	0																																																																																	genotype_comparison	in_vivo_tissue	unknown	""	medium	kidney		TRUE	FALSE	balanced		balanced
SRP110508	gut | genotype_comparison | conf=high |  | n=11	genotype	tissue:gut	11	11	11	11	6	5	0	0		15565	0	11	0	0	11	0	0	0	0	gut	0.47	0.017	1.252	5e-04	5e-04								4.99	0		1.264	-0.176	0.127	-0.252	-0.646	M0																																																																																																																																																																																									genotype_comparison	ex_vivo_primary_cells	male_only	""	high	gut		TRUE	TRUE	single_sex		single_sex
SRP110576	brain_cns | genotype_comparison | conf=medium |  | n=8	genotype/variation	tissue:brain_cns	8	8	8	8	4	4	1	0	0	17981	8	0	4	4	8	0	0	0	0	brain	-1.012	1.648	0.115	0.0015	9e-04								6.99	0		1.927	-0.306	-2.906	1.929	-0.517	M0																																																																																																																																																																																									genotype_comparison	in_vivo_tissue	unknown	""	medium	brain_cns		TRUE	TRUE	single_sex	balanced	single_sex
SRP110594	gut | in_vivo_treatment_arms | conf=high |  | n=12	condition	tissue:gut	12	12	12	12	6	6	1	0		17600.5	12	0	6	6	12	0	0	0	0	gut	1.543	0.238	-1.385	1e-04	1e-04								2.38	0		-9.858	1.076	-2.639	3.252	0.63	M0																																																																																																																																																																																									in_vivo_treatment_arms	in_vivo_tissue	unknown	""	high	gut		TRUE	TRUE	single_sex		single_sex
SRP110674	brain_cns | genotype_comparison | conf=medium |  | n=17	genotype	in:tissue=hypothalamus;tissue:brain_cns	17	17	9	9	5	4	0	0		17430	0	9	0	0	0	2	0	0	0	brain	0.944	0.67	0.96	0.0014	0.0012	pubmonth	0.55				0.55	0.55	7.8	0		-0.943	0.622	0.227	-0.049	-0.204	M0																																																																																																																																																																																									genotype_comparison	in_vivo_tissue	male_only	""	medium	brain_cns		TRUE	TRUE	single_sex		single_sex
SRP110715	kidney | in_vivo_treatment_arms | conf=high |  | n=25	source_name	in:tissue=kidney;tissue:kidney	25	25	11	11	5	6	0	0		13864	0	11	0	0	0	0	11	0	0	kidney	-1.843	4.509	1.204	0.0016	0.001								6.45	0		-0.453	-0.259	0.163	-0.122	0.313	M0																																																																																																																																																																																									in_vivo_treatment_arms	in_vivo_tissue	male_only	""	high	kidney		TRUE	TRUE	single_sex		single_sex
SRP110979	heart | genotype_comparison | conf=high |  | n=8	genotype	tissue:heart	8	8	8	8	4	4	0	0		14465	0	8	0	0	8	0	0	0	8	heart	-3.941	0.386	0.365	0.001	7e-04								6.61	0		10.877	20.441	-6.635	8.458	-0.336	M0																																																																																																																																																																																									genotype_comparison	in_vivo_tissue	unknown	""	high	heart		TRUE	TRUE	single_sex		single_sex
SRP110981	other | genotype_comparison | conf=medium |  | n=32	genotype	in:tissue=hindlimb;tissue:other	32	18	15	14	6	8	0.57	0.167		16593	8	6	4	4	14	0	0	1	14	generic	0.026	-0.337	0.012	0.0019	0.0013								17.24	1	0.008	0.571	0.13	-0.064	0.059	0.072	M0,M1,M0perm,M3,M4,M5,M4perm,M5perm,M0permw	12	10	0.833	0.91	0.982	0	0	0	12	9	0.75	0.95	0.994	0	0	0	12	9	0.75	0.83	0.981	0	0	0	12	292	0.041	0.39	0.929	0	0	0	10	292	0.034	0.36	0.929	0	0	0	12	117	0.103	0.46	0.871	0	0	0	10	117	0.085	0.44	0.909	0	0	0	12	76	0.158	0.4	0.812	0	0	0	10	76	0.132	0.39	0.807	0	0	0	12	6	0.5	0.67	0.687	0	0	0	10	6	0.6	0.72	0.699	0	0	0	12	9	0.615	0.73	0.837	0	0	0	10	9	0.727	0.73	0.863	0	0	0																																																																																	genotype_comparison	in_vivo_tissue	unknown	""	medium	other		TRUE	FALSE	mildly_imbalanced		mildly_imbalanced
SRP111204	other | genotype_comparison | conf=high |  | n=60	genotype	tissue:other	60	60	13	13	5	8	0.38	0.3		11268	5	8	1	4	0	0	0	0	13	generic	4.031	3.194	0.666	3e-04	2e-04								1.06	3	0.76	2.264	-4.123	0.273	0.194	-0.745	M0,M1,M0perm,M3,M4,M5,M4perm,M5perm,M0permw	6417	6416	0.839	0.84	0.986	0	0	3	6417	5545	0.838	0.89	0.993	0	0	0	6417	5844	0.874	0.96	0.995	0	0	0	6417	7799	0.81	0.72	0.99	0	0	3	6416	7799	0.789	0.69	0.983	1	3	3	6417	1261	0.144	0.46	0.592	831	0	0	6416	1261	0.145	0.48	0.591	835	3	0	6417	249	0.036	0.43	0.505	1209	0	0	6416	249	0.037	0.46	0.519	1171	3	0	6417	6024	0.765	0.73	0.974	0	0	1	6416	6024	0.818	0.79	0.986	0	3	1	6417	5528	0.752	0.73	0.974	0	0	1	6416	5528	0.774	0.8	0.982	0	3	1																																																																																	genotype_comparison	in_vivo_tissue	both_sexes	""	high	other		TRUE	FALSE	partially_confounded		partially_confounded
SRP111291	brain_cns | genotype_comparison | conf=high |  | n=16	genotype	tissue:brain_cns	16	16	8	8	4	4	0.5	0		17864.5	4	4	2	2	8	0	0	0	0	brain	1.09	0.564	-1.015	5e-04	3e-04								2.37	0		-0.7	1.827	0.156	-0.105	0.48	M0,M1,M0perm,M4,M5,M4perm,M5perm,M0permw	8	10	0.8	0.82	0.997	0	0	0	8	3	0.375	0.57	0.884	0	0	0	8	8	1	0.84	0.997	0	0	0																	8	5	0	0.16	0.574	0	0	0	10	5	0	0.16	0.574	0	0	0	8	6	0.167	0.38	0.753	0	0	0	10	6	0.143	0.32	0.756	0	0	0	8	19	0.421	0.71	0.987	0	0	0	10	19	0.526	0.67	0.989	0	0	0	8	3	0.375	0.61	0.926	0	0	0	10	3	0.3	0.61	0.93	0	0	0																																																																																	genotype_comparison	in_vivo_tissue	unknown	""	high	brain_cns		TRUE	FALSE	balanced		balanced
SRP111338	other | in_vivo_treatment_arms | conf=high |  | n=15	treatment	tissue:other	15	15	9	9	4	5	1	0		18343	9	0	4	5	0	0	0	0	0	generic	2.369	-1.956	0.432	4e-04	2e-04								2.12	0		-1.264	-1.62	1.594	-1.363	0.412	M0																																																																																																																																																																																									in_vivo_treatment_arms	in_vivo_tissue	female_only	""	high	other		TRUE	TRUE	single_sex		single_sex
SRP111344	brain_cns | genotype_comparison | conf=high |  | n=12	genotype	tissue:brain_cns	12	12	12	12	6	6	0	0		17938.5	0	12	0	0	12	0	0	0	12	brain	0.554	1.568	-0.79	1e-04	0								2.31	0		0.719	-0.962	-2.717	2.654	-0.572	M0																																																																																																																																																																																									genotype_comparison	in_vivo_tissue	unknown	""	high	brain_cns		TRUE	TRUE	single_sex		single_sex
SRP111408	liver | in_vivo_treatment_arms | conf=high |  | n=8	community	tissue:liver	8	8	8	8	4	4	1	0		14232.5	8	0	4	4	8	0	0	0	8	liver	0.743	-0.443	-1.278	0.0017	0.0014								2.41	0		-0.511	1.206	-0.502	0.411	-0.344	M0																																																																																																																																																																																									in_vivo_treatment_arms	in_vivo_tissue	female_only	""	high	liver		TRUE	TRUE	single_sex		single_sex
SRP111484	brain_cns | in_vivo_treatment_arms | conf=high |  | n=23	source_name	ex:source_name=samp8_young;tissue:brain_cns	23	23	12	12	6	6	1	0		18144.5	12	0	6	6	12	0	0	0	0	brain	0.032	-1.242	-0.373	1e-04	1e-04								4.69	0		-0.864	1.025	0.797	-0.611	0.43	M0																																																																																																																																																																																									in_vivo_treatment_arms	in_vivo_tissue	both_sexes	""	high	brain_cns		TRUE	TRUE	single_sex		single_sex
SRP111520	brain_cns | genotype_comparison | conf=high |  | n=132	genotype	tissue:brain_cns	132	132	132	132	69	63	0.49	0.09	0.004	17552.5	65	67	31	34	0	0	2	0	0	brain	-1.216	2.035	-0.465	0.0015	0.0014								6.07	5	0.813	0.136	-0.295	0.141	-0.236	-0.091	M0,M1,M0perm,M2,M2perm,M3,M4,M5,M4perm,M5perm,M0permw	8892	9090	0.959	0.94	0.999	0	0	1	8892	8889	0.99	0.98	1	0	0	0	8892	8895	0.979	0.99	1	0	0	0	8892	10162	0.861	0.82	0.991	0	0	0	9090	10162	0.881	0.83	0.994	0	1	0	8892	9132	0.902	0.93	0.993	0	0	1	9090	9132	0.913	0.95	0.994	0	1	1	8892	5211	0.29	0.82	0.552	1575	0	0	9090	5211	0.285	0.82	0.537	1721	1	0	8892	8989	0.944	0.95	0.997	0	0	1	9090	8989	0.966	0.99	0.999	0	1	1	8892	8831	0.919	0.93	0.995	0	0	1	9090	8831	0.911	0.97	0.994	0	1	1																																	8892	9255	0.948	0.87	0.998	0	0	1	8892	9106	0.947	0.94	0.998	0	0	1																																	genotype_comparison	in_vivo_tissue	both_sexes	""	high	brain_cns		TRUE	FALSE	balanced	balanced	balanced
SRP111809	brain_cns | genotype_comparison | conf=medium |  | n=16	transgene	in:enrichment=ctip2+;tissue:brain_cns	16	16	8	8	4	4	1	0		17109.5	8	0	4	4	8	0	0	0	8	brain	0.636	0.207	0.756	0	0								12.98	0		0.464	-0.993	-0.726	0.669	-1.464	M0																																																																																																																																																																																									genotype_comparison	ex_vivo_primary_cells	unknown	""	medium	brain_cns		TRUE	TRUE	single_sex		single_sex
SRP111878	kidney | genotype_comparison | conf=medium |  | n=48	genotype	in:tissue=kidney;tissue:kidney	48	48	12	12	6	6	0	0		16095	0	12	0	0	12	0	0	0	0	kidney	0.12	1.608	0.135	6e-04	4e-04								1.39	0		0.656	-0.609	0.265	-0.396	-0.516	M0																																																																																																																																																																																									genotype_comparison	in_vivo_tissue	unknown	""	medium	kidney		TRUE	TRUE	single_sex		single_sex
SRP111981	other | genotype_comparison | conf=medium |  | n=14	genotype/variation	tissue:other	14	14	14	14	7	7	0.43	0		15700	6	8	3	3	14	0	0	0	14	generic	-0.388	0.264	-0.676	1e-04	1e-04								4.7	1	0.983	1.036	-0.048	0.128	-0.082	-0.072	M0,M1,M0perm,M3,M4,M5,M4perm,M5perm,M0permw	3	77	0.039	0.29	0.966	0	0	0	3	3	1	0.51	0.731	0	0	0	3	0	0	0.93	0.999	0	0	0	3	85	0.035	0.31	0.945	0	0	0	77	85	0.67	0.82	0.972	0	0	0	3	155	0.006	0.13	0.641	0	0	0	77	155	0.234	0.41	0.669	0	0	0	3	45	0.067	0.19	0.926	0	0	0	77	45	0.506	0.7	0.958	0	0	0	3	122	0.025	0.18	0.907	0	0	0	77	122	0.474	0.58	0.94	0	0	0	3	3	0	0.2	0.538	0	0	0	77	3	0.039	0.46	0.565	0	0	0																																																																																	genotype_comparison	ex_vivo_primary_cells	unknown	""	medium	other		TRUE	FALSE	balanced		balanced
SRP112747	lung | in_vivo_treatment_arms | conf=medium |  | n=32	treatment	subj:isolate;tissue:lung	32	32	13	13	7	6	0.46	0.071		18610	6	7	3	3	0	2	6	0	0	lung	-0.877	0.85	-1.352	0.033	0.031								19.54	3	0.241	0.053	-0.834	-0.099	-0.363	-0.243	M0,M1,M0perm,M3,M4,M5,M7,M4perm,M5perm,M7perm,M0permw	0	0		0.65	0.986	0	0	0	0	0		0.74	0.964	0	0	0	0	0		0.75	0.992	0	0	0	0	17	0	0.39	0.776	0	0	0	0	17	0	0.37	0.737	0	0	0	0	0		0.36	0.917	0	0	0	0	0		0.41	0.929	0	0	0	0	1	0	0.01	0.251	0	0	0	0	1	0	0.01	0.216	0	0	0	0	0		0.55	0.957	0	0	0	0	0		0.72	0.958	0	0	0	0	0		0.55	0.918	0	0	0	0	0		0.69	0.923	0	0	0	0	0		0.16	0.703	0	0	0	0	0		0.15	0.725	0	0	0	0	0		0.65	0.938	0	0	0	0	0		0.76	0.94	0	0	0																																																	in_vivo_treatment_arms	in_vivo_tissue	both_sexes	""	medium	lung		TRUE	FALSE	balanced		balanced
SRP113014	kidney | in_vivo_treatment_arms | conf=high |  | n=303	diet	in:source_name=kidney;tissue:kidney	303	36	12	12	7	5	0	0		14019.5	0	12	0	0	0	0	0	0	0	kidney	-0.683	0.232	0.388	5e-04	4e-04								7.57	0		0.353	0.289	0.787	-0.427		M0																																																																																																																																																																																									in_vivo_treatment_arms	in_vivo_tissue	male_only	""	high	kidney		TRUE	TRUE	single_sex		single_sex
SRP113485	liver | between_subject_case_control | conf=medium | tumor_tissue | n=14	tissue	tissue:liver	14	14	14	14	10	4	1	0		12893.5	14	0	10	4	0	0	0	0	0	liver	0.146	1.61	-0.623	0.0032	0.0028								3.81	0		-0.372	0.237	-0.761	0.508	0.407	M0																																																																																																																																																																																									between_subject_case_control	in_vivo_tissue	male_only	tumor_tissue	medium	liver		TRUE	TRUE	single_sex		single_sex
SRP113491	liver | in_vivo_treatment_arms | conf=high |  | n=96	diet	subj:sample;tissue:liver	96	96	96	48	24	24	0	0	0.035	14745.5	0	48	0	0	48	0	0	0	0	liver	-0.827	-0.205	0.156	8e-04	8e-04								3.7	0		-0.269	-0.621	0.529	-0.742	-0.063	M0																																																																																																																																																																																									in_vivo_treatment_arms	in_vivo_tissue	male_only	""	high	liver		TRUE	TRUE	single_sex	balanced	single_sex
SRP113494	brain_cns | genotype_comparison | conf=medium |  | n=144	genotype	in:tissue/cell type=hippocampus;tissue:brain_cns	144	24	12	12	6	6	0	0		17984.5	0	12	0	0	0	0	0	0	12	brain	-0.37	-0.729	0.55	1e-04	1e-04	platform	0	0				0	17.21	0		1.142	0.017	-0.184	0.186	0.195	M0																																																																																																																																																																																									genotype_comparison	in_vivo_tissue	male_only	""	medium	brain_cns		TRUE	TRUE	single_sex		single_sex
SRP113496	other | in_vivo_treatment_arms | conf=medium |  | n=65	treatment	in:source_name=carotid intimal flush;tissue:other	65	42	10	8	4	4	1	0		15238	8	0	4	4	8	0	0	2	8	generic	0.554	0.882	-0.19	0.0019	0.0018								1.99	0		0	0.432	0.864	-0.804	0.196	M0																																																																																																																																																																																									in_vivo_treatment_arms	in_vivo_tissue	unknown	""	medium	other		TRUE	TRUE	single_sex		single_sex
SRP113528	other | genotype_comparison | conf=high |  | n=16	genotype	tissue:other	16	16	8	8	4	4	0.75	0		14673	6	2	3	3	8	0	0	0	8	generic	0.56	-0.552	0.018	0.0022	0.0019								1.29	0		0.294	-0.341	1.268	-0.851	0.994	M0,M1,M0perm,M4,M5,M4perm,M5perm,M0permw	0	3	0	0.45	0.993	0	0	0	0	0		0.86	0.998	0	0	0	0	0		0.85	0.998	0	0	0																	0	1	0	0.22	0.869	0	0	0	3	1	0.333	0.44	0.879	0	0	0	0	1	0	0.21	0.766	0	0	0	3	1	0.333	0.42	0.765	0	0	0	0	1	0	0.05	0.727	0	0	0	3	1	0.333	0.09	0.744	0	0	0	0	0		0.24	0.799	0	0	0	3	0	0	0.37	0.806	0	0	0																																																																																	genotype_comparison	ex_vivo_primary_cells	unknown	""	high	other		TRUE	FALSE	balanced		balanced
SRP113541	tumor | genotype_comparison | conf=high | tumor_tissue | n=20	genotype	tissue:tumor	20	10	10	10	5	5	0.3	0.2		17757.5	3	7	2	1	10	0	0	0	10	generic	-0.608	0.438	1.283	3e-04	2e-04								1.35	3	0.321	0.946	-0.637	0.612	-1.739	0.094	M0,M1,M0perm,M3,M4,M5,M4perm,M5perm,M0permw	336	200	0.558	0.89	0.989	0	0	0	336	279	0.64	0.85	0.979	0	0	0	336	268	0.606	0.88	0.989	0	0	0	336	308	0.353	0.54	0.839	0	0	0	200	308	0.344	0.51	0.848	0	0	0	336	85	0.22	0.67	0.932	0	0	0	200	85	0.332	0.66	0.938	0	0	0	336	316	0.449	0.65	0.914	0	0	0	200	316	0.462	0.63	0.938	0	0	0	336	65	0.179	0.8	0.966	0	0	0	200	65	0.299	0.81	0.969	0	0	0	336	90	0.214	0.7	0.922	0	0	0	200	90	0.33	0.71	0.924	0	0	0																																																																																	genotype_comparison	in_vivo_tissue	unknown	tumor_tissue	high	tumor		TRUE	FALSE	mildly_imbalanced		mildly_imbalanced
SRP113560	skin | genotype_comparison | conf=medium |  | n=24	donor genotype	in:tissue=grafted ear skin;tissue:skin	24	24	12	12	6	6	1	0		18305	12	0	6	6	12	0	0	0	12	generic	-1.227	-4.201	-0.961	3e-04	3e-04								1.79	0		-0.918	-3.451	-1.464	1.122	0.034	M0																																																																																																																																																																																									genotype_comparison	in_vivo_tissue	unknown	""	medium	skin		TRUE	TRUE	single_sex		single_sex
SRP113587	brain_cns | genotype_comparison | conf=high |  | n=24	genotype	tissue:brain_cns	24	12	12	12	6	6	0	0		17467.5	0	12	0	0	12	0	0	0	12	brain	-1.174	0.393	0.477	3e-04	1e-04								0.86	0		-1.083	0.258	-0.11	0.248	1.164	M0																																																																																																																																																																																									genotype_comparison	in_vivo_tissue	unknown	""	high	brain_cns		TRUE	TRUE	single_sex		single_sex
SRP113605	muscle | in_vivo_treatment_arms | conf=high |  | n=92	treatment	tissue:muscle	92	92	92	81	39	42	0.06	0.02		13718.5	5	76	2	3	81	0	0	11	81	muscle	-0.197	1.584	0.267	0.004	0.004								3.89	5	0.54	-0.162	0.049	0.482	-0.222	0.322	M0,M1,M0perm,M3,M4,M5,M4perm,M5perm,M0permw	6376	6836	0.927	0.87	0.996	0	0	0	6376	6286	0.983	0.99	1	0	0	0	6376	6374	0.987	0.95	1	0	0	0	6376	9897	0.644	0.62	0.971	0	0	0	6836	9897	0.689	0.62	0.974	0	0	0	6376	7469	0.82	0.75	0.982	0	0	0	6836	7469	0.847	0.75	0.982	0	0	0	6376	34	0.005	0.42	0.353	1727	0	0	6836	34	0.005	0.39	0.352	1873	0	0	6376	6877	0.857	0.89	0.991	0	0	0	6836	6877	0.895	0.91	0.996	0	0	0	6376	6644	0.892	0.89	0.993	0	0	0	6836	6644	0.926	0.92	0.998	0	0	0																																																																																	in_vivo_treatment_arms	in_vivo_tissue	unknown	""	high	muscle		TRUE	FALSE	balanced		balanced
SRP113655	liver | genotype_comparison | conf=medium |  | n=24	genotype	tissue:liver	24	24	24	24	12	12	0.46	0.25		15142.5	11	13	7	4	0	0	0	0	0	liver	-0.18	-0.34	-1.044	7e-04	6e-04								2.47	3	0.805	-1.029	0.232	0.108	-0.237	0.439	M0,M1,M0perm,M3,M4,M5,M4perm,M5perm,M0permw	153	775	0.185	0.17	0.905	0	0	4	153	73	0.477	0.9	0.998	0	0	0	153	46	0.301	0.87	0.983	0	0	0	153	2381	0.062	0.02	0.906	0	0	4	775	2381	0.271	0.31	0.836	4	4	4	153	987	0.111	0.29	0.796	0	0	2	775	987	0.393	0.42	0.79	0	4	2	153	983	0.143	0.24	0.867	0	0	4	775	983	0.674	0.75	0.982	0	4	4	153	100	0.119	0.26	0.837	0	0	0	775	100	0.126	0.7	0.959	0	4	0	153	164	0.165	0.23	0.88	0	0	1	775	164	0.204	0.72	0.952	0	4	1																																																																																	genotype_comparison	in_vivo_tissue	both_sexes	""	medium	liver		TRUE	FALSE	mildly_imbalanced		mildly_imbalanced
SRP113724	other | genotype_comparison | conf=high |  | n=12	genotype	tissue:other	12	12	12	12	6	6	1	0		17736	12	0	6	6	12	0	0	0	12	generic	-0.836	0.323	0.379	0.0036	0.002								1.27	0		-0.261	-1.584	0.792	-0.652	-0.778	M0																																																																																																																																																																																									genotype_comparison	in_vivo_tissue	unknown	""	high	other		TRUE	TRUE	single_sex		single_sex
SRP113761	blood_immune | genotype_comparison | conf=high | tumor_tissue | n=12	host strain genotype/variation	tissue:blood_immune	12	12	12	12	6	6	1	0		14354	12	0	6	6	12	0	0	0	12	blood	-0.573	0.187	0.265	6e-04	6e-04								7.31	0		-0.639	-0.488	-0.495	0.466	0.456	M0																																																																																																																																																																																									genotype_comparison	ex_vivo_primary_cells	unknown	tumor_tissue	high	blood_immune		TRUE	TRUE	single_sex		single_sex
SRP113762	blood_immune | genotype_comparison | conf=high | tumor_tissue | n=40	host strain genotype/variation	tissue:blood_immune	40	10	10	10	5	5	0	0		14874	0	10	0	0	10	0	0	0	10	blood	-0.505	0.207	0.449	6e-04	6e-04								2.13	0		-1.257	0.482	0.984	-0.889	-0.065	M0																																																																																																																																																																																									genotype_comparison	ex_vivo_primary_cells	unknown	tumor_tissue	high	blood_immune		TRUE	TRUE	single_sex		single_sex
SRP113777	brain_cns | in_vivo_treatment_arms | conf=high |  | n=32	injury	tissue:brain_cns	32	32	32	32	17	15	0.5	0.063		17308.5	16	16	9	7	32	0	0	0	32	brain	-1.544	2.311	0.05	1e-04	1e-04								3	5	0.805	0.006	-0.658	-0.052	-0.004	-0.094	M0,M1,M0perm,M3,M4,M5,M4perm,M5perm,M0permw	5144	5175	0.955	0.87	0.998	0	0	0	5144	5143	0.959	0.98	0.999	0	0	0	5144	5098	0.956	0.97	0.999	0	0	0	5144	6473	0.745	0.58	0.976	0	0	0	5175	6473	0.754	0.53	0.979	0	0	0	5144	5369	0.66	0.65	0.905	0	0	0	5175	5369	0.664	0.61	0.908	0	0	0	5144	2537	0.297	0.46	0.733	191	0	0	5175	2537	0.294	0.43	0.732	191	0	0	5144	4873	0.878	0.84	0.992	0	0	0	5175	4873	0.883	0.95	0.993	0	0	0	5144	4686	0.836	0.84	0.986	0	0	0	5175	4686	0.842	0.83	0.989	0	0	0																																																																																	in_vivo_treatment_arms	in_vivo_tissue	unknown	""	high	brain_cns		TRUE	FALSE	balanced		balanced
SRP114370	kidney | genotype_comparison | conf=high |  | n=18	genotype/variation	tissue:kidney	18	18	10	10	5	5	0	0		17751	0	10	0	0	10	0	0	0	10	kidney	1.011	0.235	-0.086	8e-04	6e-04								2.3	0		0.802	0.024	2.027	-2.186	-0.183	M0																																																																																																																																																																																									genotype_comparison	in_vivo_tissue	unknown	""	high	kidney		TRUE	TRUE	single_sex		single_sex
SRP114436	liver | in_vivo_treatment_arms | conf=medium |  | n=67	feeding group	tissue:liver	67	67	67	67	33	34	0	0		14734	0	67	0	0	67	0	0	0	0	liver	-0.422	-0.383	-0.245	0.0083	0.0081	platform	0.46	0.46				0.46	2.79	0		0.447	-0.827	0.159	0.183	-0.029	M0																																																																																																																																																																																									in_vivo_treatment_arms	in_vivo_tissue	unknown	""	medium	liver		TRUE	TRUE	single_sex		single_sex
SRP114498	lung | genotype_comparison | conf=high |  | n=10	genotype	tissue:lung	10	10	10	10	5	5	0.3	0.2		15220.5	3	7	2	1	10	0	0	0	0	lung	0.065	-0.231	-0.747	0	0	readlen	0.333					0.333	1.17	2	0.794	-0.633	1.622	0.789	-0.302	-0.101	M0,M1,M0perm,M3,M4,M5,M6,M4perm,M5perm,M6perm,M0permw	0	0		0.71	0.971	0	0	0	0	0		0.84	0.984	0	0	0	0	0		0.83	0.978	0	0	0	0	0		0.64	0.962	0	0	0	0	0		0.76	0.987	0	0	0	0	3	0	0.13	0.677	0	0	0	0	3	0	0.16	0.737	0	0	0	0	0		0.55	0.942	0	0	0	0	0		0.59	0.939	0	0	0	0	2	0	0.52	0.955	0	0	0	0	2	0	0.65	0.977	0	0	0	0	0		0.51	0.908	0	0	0	0	0		0.59	0.926	0	0	0																																																	0	0		0.52	0.922	0	0	0	0	0		0.63	0.965	0	0	0	0	8	0	0.41	0.914	0	0	0	0	8	0	0.52	0.948	0	0	0	genotype_comparison	ex_vivo_primary_cells	unknown	""	high	lung		TRUE	FALSE	mildly_imbalanced		mildly_imbalanced
SRP114759	brain_cns | genotype_comparison | conf=high |  | n=20	genotype/variation	in:rna fraction=total rna;tissue:brain_cns	20	20	10	10	5	5	0.4	0		16857	4	6	2	2	10	0	0	0	10	brain	-0.452	-0.281	-0.185	0.0036	0.002								13.46	2	0.551	0.062	1.135	0.529	-0.387	-0.363	M0,M1,M0perm,M3,M4,M5,M4perm,M5perm,M0permw	92	102	0.813	0.87	0.998	0	0	0	92	74	0.804	0.96	0.999	0	0	0	92	84	0.853	0.94	0.999	0	0	0	92	893	0.103	0.65	0.957	0	0	0	102	893	0.114	0.7	0.958	0	0	0	92	173	0.402	0.6	0.882	0	0	0	102	173	0.44	0.63	0.882	0	0	0	92	104	0.647	0.77	0.957	0	0	0	102	104	0.648	0.8	0.959	0	0	0	92	39	0.394	0.81	0.993	0	0	0	102	39	0.369	0.83	0.994	0	0	0	92	13	0.141	0.83	0.958	0	0	0	102	13	0.127	0.87	0.96	0	0	0																																																																																	genotype_comparison	in_vivo_tissue	unknown	""	high	brain_cns		TRUE	FALSE	balanced		balanced
SRP114827	heart | genotype_comparison | conf=high |  | n=8	genotype	tissue:heart	8	8	8	8	4	4	0	0		14652	0	8	0	0	8	0	0	0	8	heart	1.802	2.248	1.05	0.002	0.0017								5.71	0		-4.465	2.089	2.901	-2.962	1.561	M0																																																																																																																																																																																									genotype_comparison	in_vivo_tissue	unknown	""	high	heart		TRUE	TRUE	single_sex		single_sex
SRP114869	muscle | in_vivo_treatment_arms | conf=high |  | n=40	sample group	tissue:muscle	40	36	13	13	4	9	0	0		15922	0	13	0	0	13	0	0	0	13	muscle	-1.351	0.307	1.644	8e-04	4e-04								4.73	0		-4.542	8.086	13.525	-12.152	-0.212	M0																																																																																																																																																																																									in_vivo_treatment_arms	in_vivo_tissue	male_only	""	high	muscle		TRUE	TRUE	single_sex		single_sex
SRP114947	brain_cns | in_vivo_treatment_arms | conf=medium |  | n=77	protocol	in:fraction=ip fraction;tissue:brain_cns	77	77	12	12	6	6	0	0		15400.5	0	12	0	0	12	0	0	0	12	brain	0.055	0.387	0.305	1e-04	1e-04	readlen	0					0	3.36	0		0.27	-0.651	0.147	-0.405	0.642	M0																																																																																																																																																																																									in_vivo_treatment_arms	in_vivo_tissue	unknown	""	medium	brain_cns		TRUE	TRUE	single_sex		single_sex
SRP114953	brain_cns | between_subject_case_control | conf=medium | tumor_tissue | n=10	tissue	subj:replicate;tissue:brain_cns	10	10	10	10	5	5	0.7	0.2	0.224	15479	7	3	3	4	4	0	1	0	0	brain	-0.913	-0.027	-1.64	0.001	0.001								2.85	2	0.06	-1.874	0.062	0.551	-0.392	-3.463	M0,M1,M0perm,M2,M2perm,M3,M4,M5,M4perm,M5perm,M0permw	2073	1873	0.719	0.53	0.992	0	0	0	2073	1727	0.796	0.89	0.975	0	0	0	2073	2585	0.749	0.57	0.934	0	0	0	2073	1546	0.476	0.68	0.823	0	0	0	1873	1546	0.505	0.54	0.81	0	0	0	2073	0	0	0.16	0.891	0	0	0	1873	0	0	0.5	0.907	0	0	0	2073	2470	0.601	0.38	0.864	0	0	0	1873	2470	0.585	0.37	0.868	0	0	0	2073	422	0.132	0.25	0.962	0	0	0	1873	422	0.216	0.66	0.977	0	0	0	2073	10	0	0.42	0.918	0	0	0	1873	10	0.005	0.75	0.921	0	0	0																																	2073	2121	0.633	0.34	0.979	0	0	0	2073	1931	0.497	0.36	0.929	0	0	0																																	between_subject_case_control	in_vivo_tissue	both_sexes	tumor_tissue	medium	brain_cns		TRUE	FALSE	mildly_imbalanced	balanced	mildly_imbalanced
SRP114976	brain_cns | genotype_comparison | conf=high |  | n=66	genotype	in:source_name=entorhinal cortex;tissue:brain_cns	66	58	29	29	19	10	0	0		17805	0	29	0	0	0	0	0	0	0	brain	1.286	0.024	0.055	5e-04	4e-04								6.67	0		1.251	-0.919	-1.298	1.103	-1.012	M0																																																																																																																																																																																									genotype_comparison	in_vivo_tissue	male_only	""	high	brain_cns		TRUE	TRUE	single_sex		single_sex
SRP114987	gut | in_vivo_treatment_arms | conf=high | tumor_tissue | n=27	group	tissue:gut	27	12	8	8	4	4	0	0		14499	0	8	0	0	8	0	0	0	0	gut	0.738	0.568	0.519	3e-04	3e-04								2.63	0		-0.673	0.479	0.383	-0.298	-0.505	M0																																																																																																																																																																																									in_vivo_treatment_arms	in_vivo_tissue	unknown	tumor_tissue	high	gut		TRUE	TRUE	single_sex		single_sex
SRP114994	tumor | between_subject_case_control | conf=medium |  | n=67	tissue	ex:cell line=optic glioma cell line;tissue:tumor	67	67	57	55	48	7	0.55	0.03		16720	30	25	26	4	55	0	0	2	52	generic	-0.387	-0.316	0.436	0.0012	0.0012	pubmonth	0.629	0.421			0.629	0.421	12.98	5	0.288	0.491	0.595	-0.366	-0.338	0.521	M0,M1,M0perm,M3,M4,M5,M6,M4perm,M5perm,M6perm,M0permw	1955	2292	0.83	0.91	0.998	0	0	0	1955	1661	0.814	0.91	0.995	0	0	0	1955	1831	0.919	0.95	0.999	0	0	0	1955	2181	0.473	0.51	0.863	0	0	0	2292	2181	0.482	0.52	0.867	0	0	0	1955	1575	0.544	0.57	0.958	0	0	0	2292	1575	0.518	0.57	0.959	0	0	0	1955	2302	0.747	0.78	0.984	0	0	0	2292	2302	0.792	0.79	0.987	0	0	0	1955	2341	0.787	0.86	0.996	0	0	0	2292	2341	0.896	0.91	0.998	0	0	0	1955	2104	0.81	0.84	0.994	0	0	0	2292	2104	0.849	0.86	0.996	0	0	0																																																	1955	6195	0.295	0.28	0.931	0	0	1	2292	6195	0.34	0.26	0.931	0	0	1	1955	2454	0.766	0.86	0.996	0	0	0	2292	2454	0.88	0.9	0.998	0	0	0	between_subject_case_control	in_vivo_tissue	unknown	""	medium	tumor		TRUE	FALSE	balanced		balanced
SRP115029	brain_cns | in_vivo_treatment_arms | conf=high |  | n=8	shrna	tissue:brain_cns	8	8	8	8	4	4	0	0		16651	0	8	0	0	0	0	0	0	0	brain	-0.81	-1.463	0.481	1e-04	1e-04								5.06	0		0.277	0.524	3.935	-3.51	1.752	M0																																																																																																																																																																																									in_vivo_treatment_arms	in_vivo_tissue	male_only	""	high	brain_cns		TRUE	TRUE	single_sex		single_sex
SRP115108	brain_cns | in_vivo_treatment_arms | conf=high |  | n=30	source_name	tissue:brain_cns	30	30	12	12	6	6	0	0		18122.5	0	12	0	0	12	0	0	0	12	brain	-1.114	-0.948	-1.68	6e-04	6e-04								2.19	0		0.222	0.224	3.432	-3.379	-0.672	M0																																																																																																																																																																																									in_vivo_treatment_arms	in_vivo_tissue	unknown	""	high	brain_cns		TRUE	TRUE	single_sex		single_sex
SRP115139	other | in_vivo_treatment_arms | conf=high |  | n=24	source_name	in:tissue=seminal vesicle;tissue:other	24	24	8	8	4	4	0	0		16369	0	8	0	0	8	0	0	0	0	generic	10.007	6.943	0.959	2e-04	1e-04								4.11	0		0.089	-0.139	1.247	-1.652	0.274	M0																																																																																																																																																																																									in_vivo_treatment_arms	in_vivo_tissue	both_sexes	""	high	other		TRUE	TRUE	single_sex		single_sex
SRP115148	other | in_vivo_treatment_arms | conf=medium |  | n=60	time under condition	in:tissue=mucosa;tissue:other	60	60	30	30	15	15	0	0		19770.5	0	30	0	0	30	0	0	0	30	generic	-0.367	-0.211	-0.023	0.0379	0.0361								4.9	0		-0.62	-0.01	-0.48	0.599	-0.177	M0																																																																																																																																																																																									in_vivo_treatment_arms	in_vivo_tissue	unknown	""	medium	other		TRUE	TRUE	single_sex		single_sex
SRP115189	blood_immune | genotype_comparison | conf=medium |  | n=30	genotype	tissue:blood_immune	30	30	30	30	15	15	0.93	0		15605	28	2	14	14	30	0	0	0	0	blood	-0.004	-0.436	0.557	1e-04	1e-04								10.69	4	0.223	-0.02	0.155	0.149	-0.143	0.108	M0,M1,M0perm,M3,M4,M5,M4perm,M5perm,M0permw	34	38	0.895	0.96	0.994	0	0	0	34	34	0.943	0.94	0.998	0	0	0	34	35	0.917	0.97	0.993	0	0	0	34	412	0.083	0.59	0.818	0	0	0	38	412	0.092	0.58	0.825	0	0	0	34	92	0.37	0.68	0.648	0	0	0	38	92	0.413	0.68	0.652	0	0	0	34	139	0.245	0.65	0.585	0	0	0	38	139	0.273	0.65	0.587	0	0	0	34	37	0.919	0.89	0.956	0	0	0	38	37	0.974	0.91	0.962	0	0	0	34	37	0.919	0.92	0.971	0	0	0	38	37	0.974	0.93	0.976	0	0	0																																																																																	genotype_comparison	ex_vivo_primary_cells	unknown	""	medium	blood_immune		TRUE	FALSE	balanced		balanced
SRP115453	other | genotype_comparison | conf=medium | tumor_tissue | n=87	genotype	in:tissue=primary;subj:mouse_number;tissue:other	87	87	67	58	33	25	1	0		15980.5	58	0	33	25	0	17	11	0	58	generic	-0.905	-0.598	0.144	0.0099	0.0099	readlen	0.679	0.015				0.679	7.39	0		0.09	-0.583	0.919	-0.66	0.419	M0																																																																																																																																																																																									genotype_comparison	in_vivo_tissue	female_only	tumor_tissue	medium	other		TRUE	TRUE	single_sex		single_sex
SRP115474	other | in_vivo_treatment_arms | conf=high |  | n=12	treatment	tissue:other	12	12	12	12	6	6	0.17	0.333		12658	2	10	0	2	12	0	0	0	12	generic	1.02	0.243	-0.827	6e-04	6e-04								0.85	2	0.189	0.944	2.081	-0.212	-0.8	-0.48	M0,M1,M0perm,M3,M4,M5,M4perm,M5perm,M0permw	9010	8484	0.864	0.89	0.987	0	0	3	9010	8373	0.858	0.9	0.988	0	0	4	9010	8204	0.882	0.93	0.994	0	0	0	9010	10241	0.877	0.68	0.992	0	0	0	8484	10241	0.791	0.72	0.974	1	3	0	9010	6572	0.614	0.71	0.929	25	0	2	8484	6572	0.675	0.74	0.962	1	3	2	9010	8177	0.742	0.7	0.947	1	0	2	8484	8177	0.79	0.71	0.964	0	3	2	9010	8111	0.825	0.75	0.981	0	0	2	8484	8111	0.906	0.78	0.996	0	3	2	9010	8298	0.855	0.78	0.988	0	0	3	8484	8298	0.938	0.81	0.998	0	3	3																																																																																	in_vivo_treatment_arms	in_vivo_tissue	unknown	""	high	other		TRUE	FALSE	partially_confounded		partially_confounded
SRP115689	gut | in_vivo_treatment_arms | conf=high |  | n=48	infection	tissue:gut	48	48	30	30	22	8	0	0		16333	0	30	0	0	30	0	0	0	30	gut	-1.432	-1.227	-1.107	1e-04	1e-04								8.74	0		-0.728	1.032	-0.697	0.281	0.733	M0																																																																																																																																																																																									in_vivo_treatment_arms	in_vivo_tissue	unknown	""	high	gut		TRUE	TRUE	single_sex		single_sex
SRP115705	other | genotype_comparison | conf=high |  | n=12	genotype/variation	tissue:other	12	12	12	12	6	6	0	0		14767.5	0	12	0	0	0	0	0	0	0	generic	-0.09	-0.423	-2.132	2e-04	2e-04								1.4	0		-1.075	0.203	-0.118	-1.523	-0.696	M0																																																																																																																																																																																									genotype_comparison	ex_vivo_primary_cells	male_only	""	high	other		TRUE	TRUE	single_sex		single_sex
SRP115833	brain_cns | genotype_comparison | conf=high |  | n=8	genotype/variation	tissue:brain_cns	8	8	8	8	4	4	0.38	0.25		12857	3	5	2	1	0	2	0	0	8	brain	0.603	1.463	0.215	4e-04	3e-04								1.55	0		-1.94	0.711	-0.458	0.127	-0.84	M0,M1,M0perm,M4,M5,M4perm,M5perm,M0permw	1	0	0	0.54	0.949	0	0	0	1	0	0	0.49	0.974	0	0	0	1	0	0	0.11	0.952	0	0	0																	1	0	0	0.04	0.658	0	0	0	0	0		0.06	0.751	0	0	0	1	0	0	0.2	0.685	0	0	0	0	0		0.21	0.662	0	0	0	1	0	0	0.11	0.858	0	0	0	0	0		0.18	0.901	0	0	0	1	0	0	0.11	0.817	0	0	0	0	0		0.2	0.862	0	0	0																																																																																	genotype_comparison	in_vivo_tissue	both_sexes	""	high	brain_cns		TRUE	FALSE	mildly_imbalanced		mildly_imbalanced
SRP115984	kidney | genotype_comparison | conf=medium |  | n=8	genotype	tissue:kidney	8	8	8	8	4	4	0.5	0		18220	4	4	2	2	0	1	1	0	8	kidney	-0.751	-0.24	-0.471	0.0031	0.0023	readlen	0.577					0.577	2.68	0		-0.16	-0.422	0.453	-0.759	-0.93	M0,M1,M0perm,M4,M5,M6,M4perm,M5perm,M6perm,M0permw	2	1	0.5	0.86	0.987	0	0	0	2	2	1	0.81	0.984	0	0	0	2	2	1	0.81	0.984	0	0	0																	2	113	0.018	0.52	0.967	0	0	0	1	113	0.009	0.57	0.961	0	0	0	2	53	0.038	0.53	0.87	0	0	1	1	53	0.019	0.57	0.884	0	0	1	2	9	0.1	0.54	0.948	0	0	0	1	9	0.111	0.59	0.961	0	0	0	2	0	0	0.28	0.826	0	0	0	1	0	0	0.33	0.836	0	0	0																																																	2	0	0	0.55	0.864	0	0	0	1	0	0	0.61	0.875	0	0	0	2	0	0	0.67	0.945	0	0	0	1	0	0	0.76	0.963	0	0	0	genotype_comparison	in_vivo_tissue	both_sexes	""	medium	kidney		TRUE	FALSE	balanced		balanced
SRP116137	gut | genotype_comparison | conf=high |  | n=36	genotype/variation	tissue:gut	36	36	36	35	17	18	0.51	0.029		18329	18	17	9	9	35	0	0	1	35	gut	0.24	-0.072	-0.472	0.0246	0.0237								3.61	5	0.29	-0.479	0.852	0.211	-0.075	0.002	M0,M1,M0perm,M3,M4,M5,M7,M4perm,M5perm,M7perm,M0permw	55	71	0.775	0.86	0.998	0	0	0	55	40	0.727	0.95	0.997	0	0	0	55	59	0.9	0.94	0.998	0	0	0	55	2805	0.02	0.36	0.942	0	0	0	71	2805	0.025	0.38	0.941	0	0	0	55	10	0.161	0.49	0.726	0	0	0	71	10	0.125	0.44	0.72	0	0	0	55	1911	0.029	0.3	0.935	0	0	0	71	1911	0.037	0.29	0.938	0	0	0	55	4	0.073	0.53	0.899	0	0	0	71	4	0.056	0.53	0.9	0	0	0	55	96	0.541	0.78	0.993	0	0	0	71	96	0.704	0.88	0.994	0	0	0	55	303	0.182	0.69	0.978	0	0	0	71	303	0.234	0.72	0.98	0	0	0	55	159	0.346	0.77	0.995	0	0	0	71	159	0.447	0.86	0.997	0	0	0																																																	genotype_comparison	in_vivo_tissue	unknown	""	high	gut		TRUE	FALSE	balanced		balanced
SRP116187	liver | genotype_comparison | conf=medium |  | n=16	genotype	in:cell type=activated hepatic stellate cells;tissue:liver	16	16	10	10	5	5	0	0		17600	0	10	0	0	0	0	0	0	10	liver	0.199	0.42	-0.719	0	0								2.72	0		0.634	0.06	-0.642	0.769	0.933	M0																																																																																																																																																																																									genotype_comparison	ex_vivo_primary_cells	male_only	""	medium	liver		TRUE	TRUE	single_sex		single_sex
SRP116342	liver | in_vivo_treatment_arms | conf=medium | pooled_samples | n=16	treatment	tissue:liver	16	16	16	16	12	4	0	0	0	14762.5	0	16	0	0	16	0	0	0	0	liver	-0.445	0.388	-0.471	0.0019	0.0016								3.71	0		0.444	-0.577	-0.204	0.312	-0.126	M0																																																																																																																																																																																									in_vivo_treatment_arms	in_vivo_tissue	male_only	pooled_samples	medium	liver		TRUE	TRUE	single_sex	balanced	single_sex
SRP116375	kidney | genotype_comparison | conf=medium |  | n=132	genotype/variation	in:age=e11.5;in:technical_replicate=na;tissue:kidney	132	33	12	12	6	6	0.5	0.333		14542.5	6	6	2	4	0	4	3	0	12	kidney	0.166	1.473	-0.469	0.0027	0.0024								15.63	2	0.104	0.4	0.569	-0.466	0.516	-0.426	M0,M1,M0perm,M3,M4,M5,M4perm,M5perm,M0permw	2	2	1	0.68	0.876	0	0	0	2	2	1	0.68	0.941	0	0	0	2	3	0.667	0.64	0.932	0	0	0	2	1	0	0.19	0.508	0	0	0	2	1	0	0.18	0.405	0	0	0	2	0	0	0.35	0.819	0	0	0	2	0	0	0.32	0.909	0	0	0	2	8	0.111	0.08	0.665	0	0	0	2	8	0.111	0.08	0.554	0	0	0	2	0	0	0.22	0.851	0	0	0	2	0	0	0.32	0.966	0	0	0	2	0	0	0.5	0.827	0	0	0	2	0	0	0.55	0.849	0	0	0																																																																																	genotype_comparison	in_vivo_tissue	both_sexes	""	medium	kidney		TRUE	FALSE	partially_confounded		partially_confounded
SRP116558	gut | genotype_comparison | conf=high |  | n=8	genotype	tissue:gut	8	8	8	8	4	4	0.5	0.5		18350.5	4	4	3	1	8	0	0	0	8	gut	-2.45	0.666	-1.527	0.0049	0.0029								2.31	0		-0.699	-0.7	-0.493	0.581	3.017	M0,M1,M0perm,M4,M5,M4perm,M5perm,M0permw	3860	3811	0.692	0.57	0.943	0	0	0	3860	3800	0.912	0.74	0.999	0	0	0	3860	3811	0.692	0.57	0.943	0	0	0																	3860	693	0.147	0.33	0.707	43	0	0	3811	693	0.147	0.39	0.73	23	0	0	3860	54	0.014	0.38	0.716	97	0	0	3811	54	0.014	0.38	0.695	77	0	0	3860	2825	0.508	0.39	0.847	1	0	1	3811	2825	0.507	0.41	0.887	0	0	1	3860	99	0.025	0.38	0.789	18	0	0	3811	99	0.026	0.44	0.857	4	0	0																																																																																	genotype_comparison	in_vivo_tissue	unknown	""	high	gut		TRUE	FALSE	partially_confounded		partially_confounded
SRP116890	liver | genotype_comparison | conf=high |  | n=12	genotype	tissue:liver	12	12	12	12	6	6	0	0		15205.5	0	12	0	0	0	0	0	0	0	liver	1.473	0.395	-0.189	7e-04	5e-04								3.88	0		1.229	1.693	-1.472	1.399	0.404	M0																																																																																																																																																																																									genotype_comparison	in_vivo_tissue	male_only	""	high	liver		TRUE	TRUE	single_sex		single_sex
SRP116898	heart | in_vivo_treatment_arms | conf=high |  | n=18	treatment	ex:treatment=none;tissue:heart	18	18	10	10	5	5	0.5	1		16033	5	5	5	0	10	0	0	0	10	heart	-2.778	0.419	0.059	0.0018	0.0017								0.53	0		0.576	0.067	1.668	-1.104	2.344	M0																																																																																																																																																																																									in_vivo_treatment_arms	in_vivo_tissue	unknown	""	high	heart		TRUE	FALSE	completely_confounded		completely_confounded
SRP116969	liver | in_vivo_treatment_arms | conf=high | ffpe_or_degraded | n=96	chemical treatment	in:experimental tissue preservation treatment=flash frozen;tissue:liver	96	96	12	12	6	6	0	0		15558	0	12	0	0	0	0	0	0	0	liver	-4.142	2.384	0.225	6e-04	4e-04								5.61	0		0.448	-0.486	-0.878	0.623	1.141	M0																																																																																																																																																																																									in_vivo_treatment_arms	in_vivo_tissue	male_only	ffpe_or_degraded	high	liver		TRUE	TRUE	single_sex		single_sex
SRP117060	brain_cns | genotype_comparison | conf=high |  | n=15	genotype	tissue:brain_cns	15	15	10	9	5	4	0.89	0.25		17348	8	1	5	3	9	0	0	1	0	brain	0.213	0.973	0.461	1e-04	0								2.87	0		-0.38	0.683	-0.39	0.803	-0.05	M0,M1,M0perm,M4,M5,M4perm,M5perm,M0permw	3	3	1	0.32	0.779	0	0	0	3	3	1	0.62	0.933	0	0	0	3	3	1	0.6	0.837	0	0	0																	3	29	0.103	0.26	0.681	0	0	0	3	29	0.103	0.52	0.597	0	0	0	3	3	0.5	0.26	0.673	0	0	0	3	3	0.5	0.3	0.645	0	0	0	3	3	0.5	0.23	0.577	0	0	0	3	3	0.5	0.42	0.789	0	0	0	3	2	0.667	0.3	0.594	0	0	0	3	2	0.667	0.37	0.849	0	0	0																																																																																	genotype_comparison	in_vivo_tissue	unknown	""	high	brain_cns		TRUE	FALSE	mildly_imbalanced		mildly_imbalanced
SRP117214	other | genotype_comparison | conf=high |  | n=8	genotype	tissue:other	8	8	8	8	4	4	1	0		17063.5	8	0	4	4	8	0	0	0	8	generic	0.96	3.37	-0.528	3e-04	2e-04								3.27	0		-1.629	-3.334	-1.684	0.772	-0.983	M0																																																																																																																																																																																									genotype_comparison	in_vivo_tissue	female_only	""	high	other		TRUE	TRUE	single_sex		single_sex
SRP117256	brain_cns | time_course | conf=medium |  | n=15	day post infection	tissue:brain_cns	15	15	10	10	5	5	1	0		18359.5	10	0	5	5	0	0	0	0	0	brain	0.93	-0.052	0.256	6e-04	5e-04								3.8	0		-3.616	2.82	-1.724	2.564	-0.411	M0																																																																																																																																																																																									time_course	in_vivo_tissue	female_only	""	medium	brain_cns		TRUE	TRUE	single_sex		single_sex
SRP117274	tumor | in_vivo_treatment_arms | conf=medium | tumor_tissue | n=12	mapki type	tissue:tumor	12	12	12	10	5	5	1	0		16913	10	0	5	5	10	0	0	2	10	generic	-1.364	-0.464	-1.399	4e-04	3e-04								3.94	0		1.187	1.079	-0.125	0.5	1.116	M0																																																																																																																																																																																									in_vivo_treatment_arms	in_vivo_tissue	unknown	tumor_tissue	medium	tumor		TRUE	TRUE	single_sex		single_sex
SRP117321	adipose | genotype_comparison | conf=medium |  | n=21	genotype	in:tissue=brown adipose tissue;tissue:adipose	21	21	11	11	6	5	0	0		16868	0	11	0	0	11	0	0	0	11	adipose	0.331	1.145	0.33	0.0031	0.0027								16.02	0		-0.646	0.568	0.556	-0.45	-1.145	M0																																																																																																																																																																																									genotype_comparison	in_vivo_tissue	unknown	""	medium	adipose		TRUE	TRUE	single_sex		single_sex
SRP117567	liver | genotype_comparison | conf=medium |  | n=12	genotype	tissue:liver	12	12	12	12	6	6	0.58	0.833		14991.5	7	5	1	6	12	0	0	0	0	liver	-1.598	0.145	1.323	1e-04	1e-04	layout	1		1			1	2.87	2	0.045	0.607	-1.837	0.99	-2.17	4.127	M0,M1,M0perm,M3,M4,M5,M4perm,M5perm,M0permw	1949	2441	0.283	0.6	0.648	20	1	0	1949	2036	0.844	0.92	0.983	0	1	1	1949	653	0.328	0.57	0.704	1	1	0	1949	4943	0.394	0.62	0.982	0	1	1	2441	4943	0.215	0.44	0.611	228	0	1	1949	2608	0.26	0.6	0.632	20	1	0	2441	2608	0.819	0.83	0.996	0	0	0	1949	34	0.015	0.57	0.474	142	1	0	2441	34	0.014	0.43	0.593	89	0	0	1949	640	0.217	0.7	0.666	28	1	0	2441	640	0.26	0.73	0.907	0	0	0	1949	2120	0.274	0.57	0.648	21	1	0	2441	2120	0.808	0.89	0.998	0	0	0																																																																																	genotype_comparison	ex_vivo_primary_cells	unknown	""	medium	liver		TRUE	FALSE	partially_confounded		partially_confounded
SRP117580	other | genotype_comparison | conf=high |  | n=43	genotype	in:treatment=pbs;tissue:other	43	43	16	15	7	8	0.8	0.429		16283	12	3	4	8	15	0	0	1	15	generic	-0.324	0.289	0.385	0.0036	0.0033	readlen	1					1	19.77	3	0.052	0.206	0.581	-1.362	1.709	0.443	M0,M1,M0perm,M3,M4,M5,M4perm,M5perm,M0permw	4715	4676	0.728	0.65	0.966	0	1	0	4715	4597	0.897	0.9	0.993	0	1	1	4715	3910	0.722	0.83	0.968	0	1	0	4715	5441	0.811	0.75	0.978	0	1	1	4676	5441	0.644	0.61	0.919	1	0	1	4715	4231	0.673	0.61	0.948	0	1	0	4676	4231	0.764	0.82	0.97	0	0	0	4715	4453	0.67	0.64	0.948	0	1	0	4676	4453	0.812	0.87	0.988	0	0	0	4715	4040	0.669	0.67	0.954	0	1	1	4676	4040	0.777	0.91	0.985	0	0	1	4715	3616	0.587	0.66	0.931	1	1	0	4676	3616	0.682	0.92	0.974	0	0	0																																																																																	genotype_comparison	in_vivo_tissue	unknown	""	high	other		TRUE	FALSE	partially_confounded		partially_confounded
SRP117680	heart | genotype_comparison | conf=high |  | n=20	genotype/variation	in:drug=vehicle;tissue:heart	20	20	10	10	5	5	0	0		14742.5	0	10	0	0	10	0	0	0	10	heart	2.562	1.529	-2.819	0.0024	0.0021								0.56	0		-1.873	1.428	1.488	-1.899	0.21	M0																																																																																																																																																																																									genotype_comparison	in_vivo_tissue	unknown	""	high	heart		TRUE	TRUE	single_sex		single_sex
SRP117703	liver | in_vivo_treatment_arms | conf=high |  | n=32	treatment	tissue:liver	32	32	11	11	5	6	0.27	0.5		14768	3	8	0	3	0	0	0	0	0	liver	0.367	0.584	0.846	4e-04	3e-04								0.7	1	0.968	-0.492	-0.653	-0.822	0.746	1.295	M0,M1,M0perm,M3,M4,M5,M4perm,M5perm,M0permw	0	0		0.14	0.566	0	0	0	0	0		0.74	0.988	0	0	0	0	0		0.33	0.828	0	0	0	0	0		0.41	0.742	0	0	0	0	0		0.6	0.958	0	0	0	0	0		0.16	0.538	0	0	0	0	0		0.48	0.889	0	0	0	0	0		0.02	0.282	0	0	0	0	0		0.02	0.419	0	0	0	0	0		0.1	0.504	0	0	0	0	0		0.5	0.942	0	0	0	0	0		0.13	0.535	0	0	0	0	0		0.56	0.931	0	0	0																																																																																	in_vivo_treatment_arms	in_vivo_tissue	both_sexes	""	high	liver		TRUE	FALSE	partially_confounded		partially_confounded
SRP117739	liver | in_vivo_treatment_arms | conf=high |  | n=56	treatment_compound	tissue:liver	56	56	24	24	16	8	1	0		15012	24	0	16	8	24	0	0	0	24	liver	1.421	-1.474	1.133	0.0025	0.0023								3.36	0		0.256	-1.031	1.718	-1.675	-0.408	M0																																																																																																																																																																																									in_vivo_treatment_arms	in_vivo_tissue	unknown	""	high	liver		TRUE	TRUE	single_sex		single_sex
SRP117757	kidney | genotype_comparison | conf=high |  | n=8	genotype/variation	tissue:kidney	8	8	8	8	4	4	0.75	0		16994	6	2	3	3	8	0	0	0	8	kidney	-1.218	-0.739	0.57	0.0034	0.0026								2.46	0		-0.243	0.247	-0.153	0.246	-1.48	M0,M1,M0perm,M4,M5,M4perm,M5perm,M0permw	38	41	0.681	0.86	0.996	0	0	0	38	15	0.395	0.92	0.997	0	0	0	38	23	0.564	0.84	0.997	0	0	0																	38	6	0.1	0.63	0.982	0	0	0	41	6	0.119	0.69	0.985	0	0	0	38	1	0.026	0.57	0.796	0	0	0	41	1	0.024	0.62	0.794	0	0	0	38	1	0.026	0.53	0.809	0	0	0	41	1	0.024	0.54	0.814	0	0	0	38	2	0.053	0.48	0.718	0	0	0	41	2	0.049	0.55	0.722	0	0	0																																																																																	genotype_comparison	in_vivo_tissue	unknown	""	high	kidney		TRUE	FALSE	balanced		balanced
SRP117936	liver | genotype_comparison | conf=high |  | n=14	genotype/variation	tissue:liver	14	14	14	14	7	7	0	0		13500.5	0	14	0	0	14	0	0	0	14	liver	1.467	3.132	0.092	4e-04	3e-04								8.12	0		-1.261	2.122	0.341	0.318	0.75	M0																																																																																																																																																																																									genotype_comparison	in_vivo_tissue	unknown	""	high	liver		TRUE	TRUE	single_sex		single_sex
SRP117955	brain_cns | genotype_comparison | conf=high |  | n=39	strain	in:treatment=vehicle;tissue:brain_cns	39	39	15	15	9	6	0.4	0.111		16485	6	9	4	2	0	4	2	0	0	brain	0.773	0.722	0.476	0.004	0.0039								1.42	3	0.347	0.329	-1.208	-0.347	0.02	0.369	M0,M1,M0perm,M3,M4,M5,M4perm,M5perm,M0permw	387	392	0.766	0.86	0.985	0	0	0	387	322	0.746	0.89	0.987	0	0	0	387	288	0.735	0.96	0.989	0	0	0	387	250	0.52	0.78	0.807	0	0	0	392	250	0.547	0.83	0.795	0	0	0	387	5	0.013	0.38	0.678	0	0	0	392	5	0.013	0.44	0.704	0	0	0	387	269	0.488	0.68	0.82	0	0	0	392	269	0.541	0.73	0.805	0	0	0	387	125	0.274	0.67	0.804	0	0	0	392	125	0.277	0.74	0.802	0	0	0	387	76	0.193	0.65	0.793	0	0	0	392	76	0.185	0.67	0.777	0	0	0																																																																																	genotype_comparison	in_vivo_tissue	both_sexes	""	high	brain_cns		TRUE	FALSE	balanced		balanced
SRP117958	skin | genotype_comparison | conf=high |  | n=10	genotype	tissue:skin	10	10	10	10	5	5	0.5	0.2	0	19274.5	5	5	2	3	10	0	0	0	0	generic	0.595	0.946	0.071	0.002	0.0017								4.82	1	0.65	-0.431	0.406	0.026	0.2	0.684	M0,M1,M0perm,M2,M2perm,M3,M4,M5,M4perm,M5perm,M0permw	0	0		0.18	0.824	0	0	0	0	0		0.14	0.189	0	0	0	0	0		0.74	0.927	0	0	0	0	0		0.14	0.92	0	0	0	0	0		0.18	0.727	0	0	0	0	0		0.23	0.659	0	0	0	0	0		0.2	0.495	0	0	0	0	0		0.19	0.671	0	0	0	0	0		0.27	0.895	0	0	0	0	0		0.04	0.71	0	0	0	0	0		0.2	0.962	0	0	0	0	0		0.01	0.617	0	0	0	0	0		0.14	0.929	0	0	0																																	0	0		0.11	0.916	0	0	0	0	0		0.2	0.81	0	0	0																																	genotype_comparison	in_vivo_tissue	unknown	""	high	skin		TRUE	FALSE	mildly_imbalanced	balanced	mildly_imbalanced
SRP118141	skin | genotype_comparison | conf=high |  | n=29	genotype	in:tissue=epidermis;tissue:skin	29	29	19	19	10	9	0.47	0.689	0.052	18388	9	10	8	1	19	0	0	0	0	generic	0.044	-0.102	0.481	7e-04	7e-04	platform	0.027	0.027					4.86	2	0.202	0.444	-0.483	-0.553	0.292	-0.845	M0,M1,M0perm,M2,M2perm,M3,M4,M5,M6,M4perm,M5perm,M6perm,M0permw	2096	8489	0.208	0.18	0.767	3	2	1	2096	1084	0.513	0.93	0.985	0	2	0	2096	161	0.077	0.76	0.948	0	2	0	2096	6760	0.31	0.36	0.936	0	2	1	8489	6760	0.417	0.29	0.728	718	1	1	2096	2388	0.318	0.11	0.728	12	2	0	8489	2388	0.17	0.09	0.42	1805	1	0	2096	9027	0.209	0.19	0.862	4	2	0	8489	9027	0.619	0.59	0.876	5	1	0	2096	7661	0.231	0.19	0.794	3	2	0	8489	7661	0.869	0.84	0.996	0	1	0	2096	9110	0.193	0.15	0.746	2	2	0	8489	9110	0.895	0.84	0.994	0	1	0																																	2096	9136	0.209	0.18	0.873	5	2	0	2096	8144	0.213	0.18	0.765	3	2	1	2096	9136	0.209	0.18	0.873	5	2	0	8489	9136	0.556	0.47	0.829	20	1	0	2096	8233	0.214	0.19	0.77	3	2	0	8489	8233	0.96	0.92	0.999	0	1	0	genotype_comparison	in_vivo_tissue	unknown	""	high	skin		TRUE	FALSE	partially_confounded	balanced	partially_confounded
SRP118346	brain_cns | genotype_comparison | conf=high |  | n=160	genotype	in:tissue=striatum;in:treatment=vehicle;tissue:brain_cns	160	160	16	16	8	8	0.5	0		17427.5	8	8	4	4	0	0	0	0	0	brain	0.519	-0.36	0.094	1e-04	1e-04								2.95	3	0.969	-0.299	-0.247	-0.8	0.725	0.548	M0,M1,M0perm,M3,M4,M5,M4perm,M5perm,M0permw	908	871	0.887	0.87	0.999	0	0	0	908	667	0.714	0.91	0.992	0	0	0	908	781	0.848	0.96	1	0	0	0	908	4076	0.223	0.53	0.838	0	0	0	871	4076	0.214	0.54	0.839	0	0	0	908	993	0.549	0.74	0.755	0	0	0	871	993	0.561	0.74	0.758	0	0	0	908	1806	0.481	0.74	0.975	0	0	1	871	1806	0.464	0.78	0.975	0	0	1	908	60	0.066	0.73	0.899	0	0	0	871	60	0.069	0.76	0.9	0	0	0	908	524	0.572	0.87	0.993	0	0	0	871	524	0.6	0.94	0.994	0	0	0																																																																																	genotype_comparison	in_vivo_tissue	both_sexes	""	high	brain_cns		TRUE	FALSE	balanced		balanced
SRP118401	brain_cns | genotype_comparison | conf=high |  | n=160	genotype	in:tissue=striatum;in:treatment=vehicle;tissue:brain_cns	160	160	16	16	8	8	0.5	0		17849	8	8	4	4	0	1	0	0	16	brain	-0.541	-0.337	-0.979	2e-04	2e-04								4.77	1	0.104	0.146	-0.504	-0.577	0.525	-0.006	M0,M1,M0perm,M3,M4,M5,M4perm,M5perm,M0permw	6816	6957	0.956	0.95	0.999	0	0	0	6816	6191	0.887	0.94	0.996	0	0	0	6816	6693	0.963	0.96	1	0	0	0	6816	11468	0.594	0.54	0.974	0	0	0	6957	11468	0.605	0.54	0.973	0	0	0	6816	8794	0.618	0.53	0.885	0	0	0	6957	8794	0.627	0.53	0.887	0	0	0	6816	6466	0.85	0.79	0.988	0	0	1	6957	6466	0.843	0.79	0.988	0	0	1	6816	6485	0.865	0.89	0.992	0	0	0	6957	6485	0.869	0.9	0.993	0	0	0	6816	5865	0.833	0.85	0.993	0	0	0	6957	5865	0.83	0.86	0.994	0	0	0																																																																																	genotype_comparison	in_vivo_tissue	both_sexes	""	high	brain_cns		TRUE	FALSE	balanced		balanced
SRP118483	gut | in_vivo_treatment_arms | conf=medium |  | n=16	microbiota	tissue:gut	16	16	8	8	4	4	1	0		16172	8	0	4	4	0	2	0	0	8	gut	1.54	0.564	0.442	0.0017	0.0017								2.5	0		-6.799	2.027	-2.513	2.408	-0.17	M0																																																																																																																																																																																									in_vivo_treatment_arms	in_vivo_tissue	female_only	""	medium	gut		TRUE	TRUE	single_sex		single_sex
SRP118780	brain_cns | in_vivo_treatment_arms | conf=high |  | n=80	treatment	tissue:brain_cns	80	10	10	10	5	5	0	0		15077	0	10	0	0	10	0	0	0	0	brain	-1.756	-2.712	-0.085	0	0								9.43	0		1.02	0.686	0.658	-0.585	0.462	M0																																																																																																																																																																																									in_vivo_treatment_arms	in_vivo_tissue	male_only	""	high	brain_cns		TRUE	TRUE	single_sex		single_sex
SRP118785	heart | in_vivo_treatment_arms | conf=high |  | n=8	surgery	tissue:heart	8	8	8	8	4	4	0	0		16008.5	0	8	0	0	0	2	0	0	0	heart	-1.251	1.738	-0.461	0.0016	0.0012								10.69	0		-0.263	-0.052	1.123	-1.418	0.232	M0																																																																																																																																																																																									in_vivo_treatment_arms	in_vivo_tissue	male_only	""	high	heart		TRUE	TRUE	single_sex		single_sex
SRP118915	adipose | genotype_comparison | conf=high |  | n=12	genotype	tissue:adipose	12	12	12	9	4	5	0.67	0.3		13396	6	3	2	4	9	0	0	3	0	adipose	0.488	1.638	1.049	7e-04	6e-04								4.54	0		-8.076	8.869	3.067	-2.191	0.678	M0,M1,M0perm,M4,M5,M4perm,M5perm,M0permw	3276	2480	0.699	0.93	0.98	0	0	0	3276	982	0.294	0.91	0.948	0	0	0	3276	2614	0.732	0.9	0.982	0	0	0																	3276	0	0	0.02	0.054	1397	0	0	2480	0	0	0.03	0.084	954	0	0	3276	1578	0.308	0.57	0.792	0	0	0	2480	1578	0.392	0.58	0.831	0	0	0	3276	1290	0.379	0.82	0.977	0	0	0	2480	1290	0.499	0.86	0.989	0	0	0	3276	725	0.21	0.74	0.895	0	0	0	2480	725	0.277	0.78	0.906	4	0	0																																																																																	genotype_comparison	in_vivo_tissue	male_only	""	high	adipose		TRUE	FALSE	partially_confounded		partially_confounded
SRP118939	lung | in_vivo_treatment_arms | conf=medium |  | n=11	model	tissue:lung	11	11	11	11	6	5	1	0		18768	11	0	6	5	11	0	0	0	11	lung	0.678	-0.197	2.941	0.0048	0.0048								4.62	0		-1.126	1.45	3.021	-2.919	-0.063	M0																																																																																																																																																																																									in_vivo_treatment_arms	in_vivo_tissue	unknown	""	medium	lung		TRUE	TRUE	single_sex		single_sex
SRP119064	brain_cns | genotype_comparison | conf=high |  | n=512	genotype/variation	in:tissue=cortex;in:age=4m;subj:sample id;tissue:brain_cns	512	128	32	16	8	8	0	0		17654	0	16	0	0	0	0	0	0	0	brain	0.987	-0.514	1.536	2e-04	1e-04								6.09	0		1.091	-1.139	0.091	-0.24	-0.127	M0																																																																																																																																																																																									genotype_comparison	in_vivo_tissue	male_only	""	high	brain_cns		TRUE	TRUE	single_sex		single_sex
SRP119088	reproductive | in_vivo_treatment_arms | conf=high |  | n=8	treatment	tissue:reproductive	8	8	8	8	4	4	1	0		17153	8	0	4	4	8	0	0	0	0	generic	5.372	3.79	2.377	0.0011	9e-04								2.84	0		0.615	-0.864	-1.547	1.64	-0.116	M0																																																																																																																																																																																									in_vivo_treatment_arms	in_vivo_tissue	female_only	""	high	reproductive		TRUE	TRUE	single_sex		single_sex
SRP119123	brain_cns | genotype_comparison | conf=high |  | n=38	genotype	in:agent=placebo;tissue:brain_cns	38	38	18	14	10	4	0.43	0.25	1.342	16654	6	8	5	1	14	0	0	4	0	brain	-1.63	-0.438	0.49	0.0017	0.0017								5.01	3	0.101	0.146	-1.177	-1.626	1.628	0.436	M0,M1,M0perm,M2,M2perm,M3,M4,M5,M4perm,M5perm,M0permw	26	8	0.308	0.74	0.977	0	0	0	26	218	0.119	0.55	0.991	0	0	0	26	15	0.577	0.8	0.99	0	0	0	26	4492	0.006	0.11	0.928	0	0	0	8	4492	0.002	0.11	0.896	0	0	0	26	4	0.154	0.31	0.783	0	0	0	8	4	0.5	0.34	0.825	0	0	0	26	1023	0.021	0.06	0.846	0	0	0	8	1023	0.008	0.07	0.863	0	0	0	26	1	0	0.07	0.768	0	0	0	8	1	0	0.11	0.784	0	0	0	26	5	0.192	0.57	0.947	0	0	0	8	5	0.625	0.71	0.968	0	0	0																																	26	56	0.188	0.32	0.866	0	0	0	26	8	0.308	0.61	0.975	0	0	0																																	genotype_comparison	in_vivo_tissue	unknown	""	high	brain_cns		TRUE	FALSE	mildly_imbalanced	partially_confounded	partially_confounded
SRP119167	other | genotype_comparison | conf=high |  | n=18	genotype	tissue:other	18	18	18	18	9	9	0	0		17052.5	0	18	0	0	18	0	0	0	18	generic	0.236	-0.673	-0.494	0.0065	0.0053	readlen	0.243					0.243	3.11	0		0.01	-0.358	-0.322	0.329	-0.253	M0																																																																																																																																																																																									genotype_comparison	in_vivo_tissue	unknown	""	high	other		TRUE	TRUE	single_sex		single_sex
SRP119172	gut | in_vivo_treatment_arms | conf=high |  | n=18	condition	tissue:gut	18	18	18	18	9	9	0	0		17704	0	18	0	0	18	0	0	0	18	gut	-0.665	0.481	-0.053	2e-04	2e-04								2.72	0		-2.253	2.802	0.931	-0.198	-0.902	M0																																																																																																																																																																																									in_vivo_treatment_arms	in_vivo_tissue	unknown	""	high	gut		TRUE	TRUE	single_sex		single_sex
SRP119221	other | in_vivo_treatment_arms | conf=medium |  | n=30	treatment	in:cell type=ssc;tissue:other	30	30	10	10	4	6	0	0		16673.5	0	10	0	0	0	0	0	0	10	generic	2.965	4.102	1.191	0.0054	0.0035								0.83	0		1.56	-0.937	1.869	-1.184	-0.198	M0																																																																																																																																																																																									in_vivo_treatment_arms	ex_vivo_primary_cells	male_only	""	medium	other		TRUE	TRUE	single_sex		single_sex
SRP119232	other | in_vivo_treatment_arms | conf=high |  | n=39	treatment	tissue:other	39	39	20	20	10	10	1	0		13939.5	20	0	10	10	0	0	0	0	20	generic	0.339	-0.623	0.061	0.002	0.0019								14.13	0		1.124	0.114	-1.576	0.773	0.142	M0																																																																																																																																																																																									in_vivo_treatment_arms	ex_vivo_primary_cells	female_only	""	high	other		TRUE	TRUE	single_sex		single_sex
SRP119258	other | genotype_comparison | conf=high |  | n=8	genotype	tissue:other	8	8	8	8	4	4	0	0		14686	0	8	0	0	8	0	0	0	8	generic	-2.175	0.106	2.113	0	0								3.51	0		3.772	-1.734	-0.213	-0.296	-1.227	M0																																																																																																																																																																																									genotype_comparison	ex_vivo_primary_cells	unknown	""	high	other		TRUE	TRUE	single_sex		single_sex
SRP119309	liver | genotype_comparison | conf=high |  | n=12	genotype/variation	tissue:liver	12	12	12	12	5	7	0	0		14024.5	0	12	0	0	12	0	0	0	12	liver	-0.132	0.539	-0.593	1e-04	1e-04								9.14	0		0.194	0.931	0.359	-0.428	-1.398	M0																																																																																																																																																																																									genotype_comparison	in_vivo_tissue	unknown	""	high	liver		TRUE	TRUE	single_sex		single_sex
SRP119538	brain_cns | in_vivo_treatment_arms | conf=high |  | n=63	dietary condition	tissue:brain_cns	63	21	10	10	5	5	0	0		18051.5	0	10	0	0	10	0	0	0	10	brain	0.547	1.12	-1.246	8e-04	5e-04								1.4	0		-0.682	-0.349	0.851	-1.133	-0.04	M0																																																																																																																																																																																									in_vivo_treatment_arms	in_vivo_tissue	unknown	""	high	brain_cns		TRUE	TRUE	single_sex		single_sex
SRP119667	blood_immune | genotype_comparison | conf=medium | tumor_tissue;pooled_samples | n=13	source_name	ex:source_name=fetal b cell progenitors;tissue:blood_immune	13	13	12	12	7	5	0.83	0.286		16006.5	10	2	5	5	12	0	0	0	12	blood	0.491	0.483	-0.366	0.0867	0.0867								10.82	2	0.033	2.343	0.538	4.14	-3.77	-0.253	M0,M1,M0perm,M3,M4,M5,M7,M4perm,M5perm,M7perm,M0permw	7049	6274	0.804	0.76	0.989	0	0	1	7049	6319	0.796	0.79	0.988	0	0	0	7049	6538	0.781	0.77	0.986	0	0	0	7049	8622	0.787	0.52	0.986	0	0	0	6274	8622	0.679	0.46	0.976	6	1	0	7049	743	0.097	0.47	0.835	85	0	1	6274	743	0.107	0.52	0.837	22	1	1	7049	6743	0.683	0.56	0.957	0	0	1	6274	6743	0.742	0.65	0.97	0	1	1	7049	5177	0.664	0.6	0.979	0	0	1	6274	5177	0.755	0.79	0.989	0	1	1	7049	2070	0.286	0.61	0.951	0	0	0	6274	2070	0.322	0.69	0.967	0	1	0	7049	5538	0.596	0.6	0.939	0	0	1	6274	5538	0.659	0.73	0.948	0	1	1	7049	6078	0.767	0.69	0.988	0	0	1	6274	6078	0.908	0.86	0.999	0	1	1																																																	genotype_comparison	in_vivo_tissue	unknown	tumor_tissue;pooled_samples	medium	blood_immune		TRUE	FALSE	mildly_imbalanced		mildly_imbalanced
SRP119675	brain_cns | genotype_comparison | conf=high |  | n=144	genotype	in:age=7m;subj:source_name;tissue:brain_cns	144	72	12	12	6	6	0.5	0		16339.5	6	6	3	3	0	6	4	0	0	brain	-1.036	1.229	-0.278	3e-04	3e-04								1.86	3	0.456	-0.248	-0.397	0.482	-0.642	-0.878	M0,M1,M0perm,M3,M4,M5,M4perm,M5perm,M0permw	132	166	0.763	0.85	0.994	0	0	0	132	163	0.735	0.88	0.985	0	0	0	132	196	0.673	0.78	0.992	0	0	0	132	98	0.523	0.71	0.746	0	0	0	166	98	0.475	0.72	0.756	0	0	0	132	0	0	0.55	0.521	0	0	0	166	0	0	0.55	0.53	0	0	0	132	1	0.008	0.52	0.446	0	0	0	166	1	0.006	0.53	0.459	0	0	0	132	139	0.694	0.82	0.973	0	0	0	166	139	0.723	0.84	0.975	0	0	0	132	129	0.695	0.81	0.975	0	0	0	166	129	0.676	0.9	0.977	0	0	0																																																																																	genotype_comparison	in_vivo_tissue	both_sexes	""	high	brain_cns		TRUE	FALSE	balanced		balanced
SRP119707	adipose | genotype_comparison | conf=high |  | n=8	genotype	subj:mouse id;tissue:adipose	8	8	8	8	4	4	0	0		16776	0	8	0	0	8	0	0	0	8	adipose	0.452	-1.606	-0.5	0.0015	0.0012								3.73	0		1.139	0.763	1.091	-0.091		M0																																																																																																																																																																																									genotype_comparison	in_vivo_tissue	unknown	""	high	adipose		TRUE	TRUE	single_sex		single_sex
SRP119845	brain_cns | in_vivo_treatment_arms | conf=high |  | n=156	high fat diet	in:treatment=stroke;tissue:brain_cns	156	26	20	19	11	8	0.84	0.159		17725.5	16	3	10	6	19	0	0	1	19	brain	-0.246	0.336	0.789	4e-04	3e-04								10.86	2	0.71	-0.105	0.334	-0.056	-0.056	0.458	M0,M1,M0perm,M3,M4,M5,M4perm,M5perm,M0permw	0	3	0	0.51	0.862	0	0	0	0	0		0.75	0.964	0	0	0	0	0		0.78	0.971	0	0	0	0	0		0.69	0.921	0	0	0	3	0	0	0.61	0.847	0	0	0	0	0		0.56	0.819	0	0	0	3	0	0	0.72	0.95	0	0	0	0	0		0.03	0.547	0	0	0	3	0	0	0.03	0.554	0	0	0	0	0		0.53	0.828	0	0	0	3	0	0	0.65	0.965	0	0	0	0	0		0.59	0.859	0	0	0	3	0	0	0.6	0.952	0	0	0																																																																																	in_vivo_treatment_arms	in_vivo_tissue	unknown	""	high	brain_cns		TRUE	FALSE	mildly_imbalanced		mildly_imbalanced
SRP119927	gut | in_vivo_treatment_arms | conf=medium |  | n=20	treatment	tissue:gut	20	10	10	10	5	5	0	0		17705	0	10	0	0	10	0	0	0	10	gut	0.054	1.249	0.83	4e-04	4e-04								3.34	0		-0.36	-0.838	-0.45	0.393	-2.741	M0																																																																																																																																																																																									in_vivo_treatment_arms	in_vivo_tissue	unknown	""	medium	gut		TRUE	TRUE	single_sex		single_sex
SRP119934	muscle | in_vivo_treatment_arms | conf=medium |  | n=14	strain	tissue:muscle	14	14	14	14	8	6	0.21	0.083		15812	3	11	2	1	0	1	10	0	0	muscle	0.206	0.822	0.489	0	0	platform	0.091	0.091	0.091			0.091	18.89	3	0.556	0.75	0.233	0.494	-0.202	0.432	M0,M1,M0perm,M3,M4,M5,M6,M4perm,M5perm,M6perm,M0permw	1	22	0.045	0.65	0.956	0	0	0	1	1	1	0.82	0.942	0	0	0	1	1	1	0.92	0.998	0	0	0	1	485	0.002	0.32	0.776	0	0	0	22	485	0.041	0.38	0.889	0	0	0	1	1	1	0.53	0.852	0	0	0	22	1	0.045	0.77	0.837	0	0	0	1	3	0.333	0.34	0.616	0	0	0	22	3	0.087	0.51	0.721	0	0	0	1	1	1	0.56	0.888	0	0	0	22	1	0.045	0.82	0.97	0	0	0	1	1	1	0.37	0.793	0	0	0	22	1	0.045	0.47	0.815	0	0	0																																																	1	21	0.048	0.61	0.945	0	0	0	22	21	0.72	0.9	0.992	0	0	0	1	1	1	0.55	0.84	0	0	0	22	1	0.045	0.79	0.934	0	0	0	in_vivo_treatment_arms	in_vivo_tissue	male_only	""	medium	muscle		TRUE	FALSE	balanced		balanced
SRP119935	kidney | genotype_comparison | conf=high |  | n=60	genotype	in:age=3 weeks;subj:source_name;tissue:kidney	60	15	9	9	5	4	1	0		15716	9	0	5	4	0	0	1	0	0	kidney	-0.109	1.225	-0.814	0.0067	0.0064	layout	0.316		0.316				2.71	0		-0.554	-0.546	1.501	-1.058	-0.623	M0																																																																																																																																																																																									genotype_comparison	in_vivo_tissue	both_sexes	""	high	kidney		TRUE	TRUE	single_sex		single_sex
SRP119938	gut | in_vivo_treatment_arms | conf=medium |  | n=24	diet	in:tissue=ileum;tissue:gut	24	24	12	12	6	6	1	0		15864	12	0	6	6	12	0	0	0	12	gut	-0.274	0.234	-0.517	2e-04	2e-04								11.66	0		-0.801	0.011	0.911	-0.104	0.716	M0																																																																																																																																																																																									in_vivo_treatment_arms	in_vivo_tissue	unknown	""	medium	gut		TRUE	TRUE	single_sex		single_sex
SRP119989	brain_cns | genotype_comparison | conf=high |  | n=16	genotype	tissue:brain_cns	16	16	16	15	7	8	0	0		20989.5	0	15	0	0	15	0	0	1	0	brain	0.508	-0.385	0.606	5e-04	3e-04								2.66	0		-0.385	-1.147	-0.743	0.59	-1.103	M0																																																																																																																																																																																									genotype_comparison	in_vivo_tissue	unknown	""	high	brain_cns		TRUE	TRUE	single_sex		single_sex
SRP120038	liver | in_vivo_treatment_arms | conf=high |  | n=30	treatment	in:tissue=liver;tissue:liver	30	30	15	15	7	8	0.53	0.071		14966	8	7	4	4	15	0	0	0	0	liver	-0.122	-0.675	-0.108	0.0011	8e-04								1.04	2	0.84	-0.427	-0.199	0.333	-1.92	0.378	M0,M1,M0perm,M3,M4,M5,M4perm,M5perm,M0permw	0	0		0.73	0.99	0	0	0	0	0		0.81	0.995	0	0	0	0	0		0.93	0.996	0	0	0	0	470	0	0.38	0.913	0	0	0	0	470	0	0.46	0.929	0	0	0	0	0		0.46	0.945	0	0	0	0	0		0.48	0.958	0	0	0	0	1	0	0.41	0.943	0	0	0	0	1	0	0.44	0.947	0	0	0	0	0		0.43	0.959	0	0	0	0	0		0.54	0.964	0	0	0	0	0		0.5	0.952	0	0	0	0	0		0.6	0.961	0	0	0																																																																																	in_vivo_treatment_arms	in_vivo_tissue	unknown	""	high	liver		TRUE	FALSE	balanced		balanced
SRP120168	lung | in_vivo_treatment_arms | conf=medium |  | n=8	protocol	tissue:lung	8	8	8	8	4	4	0.5	0		18687.5	4	4	2	2	0	0	0	0	8	lung	-0.073	0.786	0.568	0.027	0.0264								4.46	0		0.352	-0.526	-1.475	1.324	-0.727	M0,M1,M0perm,M4,M5,M7,M4perm,M5perm,M7perm,M0permw	0	0		0.69	0.991	0	0	0	0	0		0.72	0.99	0	0	0	0	0		0.84	0.993	0	0	0																	0	0		0.53	0.914	0	0	0	0	0		0.55	0.914	0	0	0	0	5918	0	0	0.814	0	0	3	0	5918	0	0	0.826	0	0	3	0	0		0.27	0.787	0	0	0	0	0		0.29	0.792	0	0	0	0	0		0.23	0.897	0	0	0	0	0		0.29	0.905	0	0	0	0	0		0.64	0.987	0	0	0	0	0		0.8	0.995	0	0	0	0	0		0.5	0.952	0	0	0	0	0		0.6	0.96	0	0	0																																																	in_vivo_treatment_arms	in_vivo_tissue	both_sexes	""	medium	lung		TRUE	FALSE	balanced		balanced
SRP120384	gut | in_vivo_treatment_arms | conf=high |  | n=15	treatment	tissue:gut	15	15	15	13	8	5	0.62	1		10704	8	5	8	0	13	0	0	2	13	gut	-0.083	0.6	0.5	0	0								9.7	0		-0.617	1.008	0.147	0.14	0.572	M0																																																																																																																																																																																									in_vivo_treatment_arms	ex_vivo_primary_cells	unknown	""	high	gut		TRUE	FALSE	completely_confounded		completely_confounded
SRP120494	other | between_subject_case_control | conf=medium | tumor_tissue | n=28	cell type	tissue:other	28	27	27	27	18	9	1	0		13410	27	0	18	9	27	0	0	0	27	generic	2.188	-0.274	0.067	4e-04	4e-04								8.28	0		-0.112	-0.1	-0.297	0.72	0.779	M0																																																																																																																																																																																									between_subject_case_control	ex_vivo_primary_cells	unknown	tumor_tissue	medium	other		TRUE	TRUE	single_sex		single_sex
SRP120513	brain_cns | genotype_comparison | conf=medium |  | n=94	strain	in:tissue=spinal_cord;in:age=6mo;tissue:brain_cns	94	94	35	35	17	18	1	0		16580	35	0	17	18	0	13	7	0	0	brain	0.104	0.46	-0.462	0.0011	0.001	readlen	0.042					0.042	35.94	0		-0.163	-0.537	0.315	-0.326	0.589	M0																																																																																																																																																																																									genotype_comparison	in_vivo_tissue	female_only	""	medium	brain_cns		TRUE	TRUE	single_sex		single_sex
SRP120584	liver | genotype_comparison | conf=medium |  | n=50	genotype	tissue:liver	50	50	50	50	25	25	0	0		13982	0	50	0	0	50	0	0	0	50	liver	-0.047	0.263	-0.315	7e-04	6e-04								4.69	0		-0.186	-0.283	-0.015	0.169	-0.691	M0																																																																																																																																																																																									genotype_comparison	in_vivo_tissue	unknown	""	medium	liver		TRUE	TRUE	single_sex		single_sex
SRP120602	other | in_vivo_treatment_arms | conf=medium |  | n=20	radiation	tissue:other	20	20	20	20	10	10	0	0		15935	0	20	0	0	0	0	0	0	0	generic	0.232	0.079	-0.193	0.0063	0.0063								3.52	0		0.329	-0.084	0.009	0.172	-0.397	M0																																																																																																																																																																																									in_vivo_treatment_arms	in_vivo_tissue	male_only	""	medium	other		TRUE	TRUE	single_sex		single_sex
SRP121482	adipose | in_vivo_treatment_arms | conf=high |  | n=20	diet	tissue:adipose	20	20	20	20	16	4	0	0		16163	0	20	0	0	0	0	0	0	20	adipose	-0.158	-0.369	-0.52	0.0025	0.002								3.05	0		0.381	-0.048	-0.675	0.664	-0.236	M0																																																																																																																																																																																									in_vivo_treatment_arms	in_vivo_tissue	male_only	""	high	adipose		TRUE	TRUE	single_sex		single_sex
SRP121622	heart | genotype_comparison | conf=high |  | n=26	genotype	tissue:heart	26	26	13	13	7	6	0	0		16060	0	13	0	0	13	0	0	0	13	heart	1.126	3.208	-0.109	6e-04	5e-04								13.88	0		-5.642	1.022	1.543	-1.631	0.583	M0																																																																																																																																																																																									genotype_comparison	in_vivo_tissue	male_only	""	high	heart		TRUE	TRUE	single_sex		single_sex
SRP121631	liver | genotype_comparison | conf=medium |  | n=87	strain	tissue:liver	87	20	20	20	10	10	0.5	0		14594.5	10	10	5	5	0	0	0	0	0	liver	3.748	-1.54	-0.61	7e-04	4e-04								4.5	2	0.855	-0.736	0.32	-0.087	0.144	-0.406	M0,M1,M0perm,M3,M4,M5,M4perm,M5perm,M0permw	3857	4805	0.799	0.79	0.994	0	0	0	3857	3827	0.956	0.97	0.999	0	0	0	3857	3783	0.954	0.98	0.999	0	0	0	3857	7343	0.523	0.62	0.97	0	0	0	4805	7343	0.651	0.68	0.975	0	0	0	3857	7001	0.468	0.68	0.847	0	0	0	4805	7001	0.525	0.79	0.852	0	0	0	3857	4177	0.177	0.48	0.461	511	0	0	4805	4177	0.18	0.47	0.465	720	0	0	3857	4219	0.8	0.74	0.982	0	0	0	4805	4219	0.84	0.92	0.988	0	0	0	3857	4409	0.81	0.75	0.984	0	0	0	4805	4409	0.877	0.92	0.989	0	0	0																																																																																	genotype_comparison	in_vivo_tissue	both_sexes	""	medium	liver		TRUE	FALSE	balanced		balanced
SRP121790	skin | genotype_comparison | conf=medium |  | n=34	genotype	tissue:skin	34	17	17	17	9	8	0.35	0.278		15285	6	11	2	4	17	0	0	0	0	generic	-0.401	-0.208	-0.367	0	0								27.38	2	0.13	0.399	-0.56	-0.348	0.394	-0.423	M0,M1,M0perm,M3,M4,M5,M4perm,M5perm,M0permw	0	0		0.62	0.95	0	0	0	0	0		0.73	0.965	0	0	0	0	0		0.64	0.958	0	0	0	0	0		0.47	0.857	0	0	0	0	0		0.43	0.857	0	0	0	0	0		0.54	0.91	0	0	0	0	0		0.68	0.971	0	0	0	0	0		0.44	0.822	0	0	0	0	0		0.56	0.874	0	0	0	0	0		0.49	0.893	0	0	0	0	0		0.72	0.957	0	0	0	0	0		0.51	0.862	0	0	0	0	0		0.62	0.925	0	0	0																																																																																	genotype_comparison	ex_vivo_primary_cells	unknown	""	medium	skin		TRUE	FALSE	mildly_imbalanced		mildly_imbalanced
SRP121797	heart | in_vivo_treatment_arms | conf=high |  | n=12	diet	ex:aa6 administration=yes;tissue:heart	12	12	8	8	4	4	0	0		14120.5	0	8	0	0	8	0	0	0	8	heart	-3.222	-1.004	-0.318	2e-04	1e-04								2.74	0		4.555	4.241	1.193	-0.422	0.174	M0																																																																																																																																																																																									in_vivo_treatment_arms	in_vivo_tissue	unknown	""	high	heart		TRUE	TRUE	single_sex		single_sex
SRP122515	skin | genotype_comparison | conf=high |  | n=57	genotype	tissue:skin	57	19	9	9	4	5	1	0		16524	9	0	4	5	9	0	0	0	0	generic	-0.616	-0.712	0.606	0.0031	0.0031								2.64	0		-4.41	-5.836	-1.904	1.666	1.313	M0																																																																																																																																																																																									genotype_comparison	in_vivo_tissue	unknown	""	high	skin		TRUE	TRUE	single_sex		single_sex
SRP122781	brain_cns | genotype_comparison | conf=high |  | n=8	genotype/variation	tissue:brain_cns	8	8	8	8	4	4	1	0		17457.5	8	0	4	4	0	0	0	0	0	brain	-2.81	0.92	1.147	8e-04	6e-04								0.79	0		-1.577	1.021	-0.226	0.056	-0.796	M0																																																																																																																																																																																									genotype_comparison	in_vivo_tissue	male_only	""	high	brain_cns		TRUE	TRUE	single_sex		single_sex
SRP123060	brain_cns | genotype_comparison | conf=high |  | n=10	genotype	tissue:brain_cns	10	10	10	10	5	5	1	0		18548	10	0	5	5	10	0	0	0	0	brain	-0.623	0.44	-1.034	0.0083	0.0072								2.61	0		-0.467	0.415	-0.355	0.37	0.009	M0																																																																																																																																																																																									genotype_comparison	in_vivo_tissue	unknown	""	high	brain_cns		TRUE	TRUE	single_sex		single_sex
SRP123230	heart | in_vivo_treatment_arms | conf=high |  | n=10	surgery	tissue:heart	10	10	10	10	5	5	0	0		15336.5	0	10	0	0	0	0	0	0	10	heart	0.868	2.459	0.452	0.0025	0.0015								0.67	0		-0.952	0.388	-1.734	1.125	0.753	M0																																																																																																																																																																																									in_vivo_treatment_arms	in_vivo_tissue	male_only	""	high	heart		TRUE	TRUE	single_sex		single_sex
SRP123512	liver | in_vivo_treatment_arms | conf=high |  | n=12	treatment	tissue:liver	12	12	12	12	6	6	0.5	0		15413	6	6	3	3	0	0	0	0	0	liver	0.224	-0.003	0.526	0.0018	0.0012								0.74	2	0.75	0.18	-0.081	0.494	-1.635	0.094	M0,M1,M0perm,M3,M4,M5,M4perm,M5perm,M0permw	37	245	0.151	0.58	0.986	0	0	0	37	10	0.237	0.75	0.942	0	0	0	37	47	0.75	0.81	0.992	0	0	0	37	298	0.124	0.55	0.916	0	0	0	245	298	0.592	0.75	0.934	0	0	0	37	276	0.134	0.57	0.973	0	0	0	245	276	0.67	0.8	0.986	0	0	0	37	296	0.125	0.53	0.979	0	0	0	245	296	0.701	0.76	0.986	0	0	0	37	78	0.278	0.43	0.879	0	0	0	245	78	0.277	0.67	0.898	0	0	0	37	207	0.179	0.54	0.975	0	0	0	245	207	0.644	0.81	0.985	0	0	0																																																																																	in_vivo_treatment_arms	in_vivo_tissue	both_sexes	""	high	liver		TRUE	FALSE	balanced		balanced
SRP123761	heart | genotype_comparison | conf=high |  | n=12	genotype	tissue:heart	12	12	12	12	6	6	0.5	0.333		18464	6	6	4	2	12	0	0	0	12	heart	0.204	0.128	-0.163	0.0466	0.0393								2.83	2	0.71	-0.505	0.156	0.007	-0.14	0.586	M0,M1,M0perm,M3,M4,M5,M7,M4perm,M5perm,M7perm,M0permw	27	129	0.209	0.55	0.804	0	0	0	27	8	0.296	0.88	0.997	0	0	0	27	19	0.533	0.72	0.929	0	0	0	27	285	0.095	0.57	0.924	0	0	0	129	285	0.38	0.59	0.899	0	0	0	27	84	0.276	0.55	0.841	0	0	0	129	84	0.555	0.76	0.903	0	0	0	27	122	0.173	0.43	0.803	0	0	0	129	122	0.549	0.71	0.905	0	0	0	27	68	0.319	0.55	0.791	0	0	0	129	68	0.47	0.77	0.924	0	0	0	27	244	0.106	0.51	0.778	0	0	0	129	244	0.463	0.58	0.966	0	0	0	27	92	0.24	0.57	0.749	0	0	0	129	92	0.556	0.78	0.961	0	0	0	27	72	0.32	0.51	0.802	0	0	0	129	72	0.546	0.9	0.972	0	0	0																																																	genotype_comparison	in_vivo_tissue	unknown	""	high	heart		TRUE	FALSE	partially_confounded		partially_confounded
SRP124300	brain_cns | genotype_comparison | conf=high |  | n=11	genotype	tissue:brain_cns	11	11	11	11	6	5	0.27	0.6		18847	3	8	0	3	11	0	0	0	11	brain	0.697	-0.28	-0.51	0.0017	0.0016								4.27	2	0.109	-0.368	0.788	0.616	-0.668	0.18	M0,M1,M0perm,M3,M4,M5,M4perm,M5perm,M0permw	0	0		0.2	0.743	0	0	0	0	1	0	0.59	0.941	0	0	1	0	0		0.15	0.76	0	0	0	0	0		0.31	0.855	0	0	0	0	0		0.18	0.45	0	0	0	0	0		0.03	0.057	0	0	0	0	0		0.09	0.123	0	0	0	0	0		0.06	0.217	0	0	0	0	0		0.21	0.207	0	0	0	0	0		0.13	0.723	0	0	0	0	0		0.54	0.921	0	0	0	0	0		0.04	0.689	0	0	0	0	0		0.38	0.864	0	0	0																																																																																	genotype_comparison	in_vivo_tissue	unknown	""	high	brain_cns		TRUE	FALSE	partially_confounded		partially_confounded
SRP124314	brain_cns | genotype_comparison | conf=high |  | n=16	genotype/variation	tissue:brain_cns	16	16	16	14	7	7	0	0		15730.5	0	14	0	0	14	0	0	2	14	brain	0.654	-1.043	-0.146	1e-04	1e-04								5.5	0		-0.701	0.453	0.096	0.262	-0.198	M0																																																																																																																																																																																									genotype_comparison	in_vivo_tissue	unknown	""	high	brain_cns		TRUE	TRUE	single_sex		single_sex
SRP124469	other | in_vivo_treatment_arms | conf=high |  | n=12	agent	tissue:other	12	12	12	12	6	6	0	0		16901.5	0	12	0	0	12	0	0	0	12	generic	0.55	-0.814	1.248	0.0017	0.0014								4.42	0		0.339	1.644	-0.98	0.636	-0.661	M0																																																																																																																																																																																									in_vivo_treatment_arms	in_vivo_tissue	unknown	""	high	other		TRUE	TRUE	single_sex		single_sex
SRP124622	other | genotype_comparison | conf=high |  | n=20	source_name	tissue:other	20	20	8	8	4	4	1	0		15814.5	8	0	4	4	8	0	0	0	8	generic	3.513	-0.01	0.412	0	0								5.38	0		1.533	2.4	1.464	-1.254	-2.033	M0																																																																																																																																																																																									genotype_comparison	ex_vivo_primary_cells	unknown	""	high	other		TRUE	TRUE	single_sex		single_sex
SRP124639	brain_cns | genotype_comparison | conf=high |  | n=18	genotype	in:tissue=retina;tissue:brain_cns	18	18	9	9	5	4	0.56	0.1		17353	5	4	3	2	0	2	1	0	0	brain	0.969	-0.29	-0.368	0	0								26.61	0		0.635	0.5	-0.775	0.897	0.168	M0,M1,M0perm,M4,M5,M4perm,M5perm,M0permw	0	0		0.65	0.992	0	0	0	0	0		0.65	0.992	0	0	0	0	0		0.79	0.995	0	0	0																	0	0		0.37	0.62	0	0	0	0	0		0.4	0.614	0	0	0	0	0		0.18	0.855	0	0	0	0	0		0.2	0.861	0	0	0	0	0		0.18	0.877	0	0	0	0	0		0.12	0.856	0	0	0	0	0		0.3	0.969	0	0	0	0	0		0.36	0.976	0	0	0																																																																																	genotype_comparison	in_vivo_tissue	both_sexes	""	high	brain_cns		TRUE	FALSE	balanced		balanced
SRP124677	brain_cns | genotype_comparison | conf=medium |  | n=19	genotype/variation	tissue:brain_cns	19	19	19	19	15	4	0.53	0.033		18340	10	9	8	2	19	0	0	0	19	brain	-1.419	0.147	0.531	0.0014	9e-04								3.72	4	0.407	0.623	-0.762	0.457	-0.647	0.593	M0,M1,M0perm,M3,M4,M5,M4perm,M5perm,M0permw	0	0		0.86	0.998	0	0	0	0	0		0.78	0.966	0	0	0	0	0		0.93	0.999	0	0	0	0	0		0.18	0.654	0	0	0	0	0		0.19	0.658	0	0	0	0	0		0.35	0.822	0	0	0	0	0		0.33	0.825	0	0	0	0	0		0.09	0.38	0	0	0	0	0		0.09	0.387	0	0	0	0	0		0.55	0.969	0	0	0	0	0		0.59	0.972	0	0	0	0	0		0.39	0.873	0	0	0	0	0		0.4	0.872	0	0	0																																																																																	genotype_comparison	in_vivo_tissue	unknown	""	medium	brain_cns		TRUE	FALSE	balanced		balanced
SRP124774	skin | genotype_comparison | conf=medium |  | n=22	genotype	in:age=post-natal week 12;tissue:skin	22	22	20	20	11	9	1	0		16096	20	0	11	9	20	0	0	0	0	generic	-1.077	0.408	-0.882	0	0	readlen	0.082					0.082	13.26	0		0.021	-0.178	0.638	-0.568	0.029	M0																																																																																																																																																																																									genotype_comparison	ex_vivo_primary_cells	unknown	""	medium	skin		TRUE	TRUE	single_sex		single_sex
SRP124835	blood_immune | in_vivo_treatment_arms | conf=high | pooled_samples | n=12	exposure	tissue:blood_immune	12	12	12	9	5	4	0.89	0.25		14564.5	8	1	5	3	9	0	0	3	9	blood	3.412	-0.299	-0.258	0.0063	0.0063								8.37	0		-0.299	-0.056	-0.147	0.357	0.975	M0,M1,M0perm,M4,M5,M4perm,M5perm,M0permw	0	0		0.71	0.939	0	0	0	0	0		0.74	0.967	0	0	0	0	0		0.66	0.91	0	0	0																	0	0		0.38	0.835	0	0	0	0	0		0.37	0.85	0	0	0	0	0		0.09	0.06	0	0	0	0	0		0.09	0.119	0	0	0	0	0		0.25	0.519	0	0	0	0	0		0.24	0.595	0	0	0	0	0		0.47	0.807	0	0	0	0	0		0.46	0.873	0	0	0																																																																																	in_vivo_treatment_arms	ex_vivo_primary_cells	unknown	pooled_samples	high	blood_immune		TRUE	FALSE	mildly_imbalanced		mildly_imbalanced
SRP124979	heart | genotype_comparison | conf=medium |  | n=8	genotype	tissue:heart	8	8	8	8	4	4	0.12	0.25		13770	1	7	1	0	8	0	0	0	8	heart	-0.905	-0.795	-0.959	0.0017	0.0014								0.6	0		1.046	-1.074	-0.694	0.201	-0.475	M0,M1,M0perm,M4,M5,M4perm,M5perm,M0permw	0	0		0.57	0.944	0	0	0	0	0		0.49	0.962	0	0	0	0	0		0.49	0.962	0	0	0																	0	0		0.1	0.281	0	0	0	0	0		0.17	0.435	0	0	0	0	9	0	0.13	0.462	0	0	0	0	9	0	0.17	0.61	0	0	0	0	0		0.26	0.893	0	0	0	0	0		0.34	0.909	0	0	0	0	0		0.25	0.573	0	0	0	0	0		0.32	0.706	0	0	0																																																																																	genotype_comparison	in_vivo_tissue	unknown	""	medium	heart		TRUE	FALSE	mildly_imbalanced		mildly_imbalanced
SRP125082	other | genotype_comparison | conf=high |  | n=17	genotype	tissue:other	17	17	17	17	8	9	0.53	0.181		17542	9	8	5	4	17	0	0	0	17	generic	-0.178	-0.146	-0.136	0.0363	0.0362								3.25	2	0.013	-0.364	0.246	0.232	-0.163	0.598	M0,M1,M0perm,M3,M4,M5,M7,M4perm,M5perm,M7perm,M0permw	446	379	0.825	0.96	0.99	0	0	0	446	432	0.888	0.93	0.996	0	0	0	446	356	0.798	0.99	0.992	0	0	0	446	2297	0.194	0.62	0.946	0	0	0	379	2297	0.164	0.62	0.932	0	0	0	446	773	0.498	0.73	0.865	0	0	0	379	773	0.455	0.73	0.887	0	0	0	446	873	0.502	0.75	0.952	0	0	0	379	873	0.432	0.75	0.965	0	0	0	446	391	0.755	0.89	0.975	0	0	0	379	391	0.795	0.88	0.981	0	0	0	446	387	0.757	0.89	0.971	0	0	0	379	387	0.794	0.88	0.977	0	0	0	446	488	0.686	0.77	0.916	0	0	0	379	488	0.671	0.8	0.91	0	0	0	446	538	0.61	0.86	0.816	0	0	0	379	538	0.623	0.84	0.812	0	0	0																																																	genotype_comparison	in_vivo_tissue	unknown	""	high	other		TRUE	FALSE	mildly_imbalanced		mildly_imbalanced
SRP125104	kidney | in_vivo_treatment_arms | conf=medium |  | n=16	injection	tissue:kidney	16	16	12	12	8	4	0	0		16615	0	12	0	0	12	0	0	0	0	kidney	-1.326	0.321	-0.539	0	0								4.36	0		-1.672	-1.193	0.999	-1.306	-0.793	M0																																																																																																																																																																																									in_vivo_treatment_arms	in_vivo_tissue	unknown	""	medium	kidney		TRUE	TRUE	single_sex		single_sex
SRP125225	other | in_vivo_treatment_arms | conf=medium |  | n=24	status	tissue:other	24	24	24	24	12	12	0.54	0.083		19358	13	11	7	6	24	0	0	0	0	generic	-0.02	1.072	-0.061	0.0482	0.0285								1.66	2	0.486	-0.075	0.226	-0.341	0.527	-0.025	M0,M1,M0perm,M3,M4,M5,M7,M4perm,M5perm,M7perm,M0permw	32	42	0.762	0.88	0.963	0	0	0	32	15	0.424	0.84	0.965	0	0	0	32	31	0.909	0.96	0.996	0	0	0	32	151	0.212	0.64	0.769	0	0	0	42	151	0.278	0.69	0.733	0	0	0	32	201	0.159	0.53	0.943	0	0	0	42	201	0.209	0.54	0.965	0	0	0	32	0	0	0.51	0.805	0	0	0	42	0	0	0.52	0.779	0	0	0	32	73	0.438	0.77	0.952	0	0	0	42	73	0.575	0.78	0.99	0	0	0	32	0	0	0.67	0.918	0	0	0	42	0	0	0.71	0.936	0	0	0	32	81	0.395	0.65	0.948	0	0	0	42	81	0.519	0.69	0.966	0	0	0	32	77	0.416	0.82	0.958	0	0	0	42	77	0.545	0.83	0.993	0	0	0																																																	in_vivo_treatment_arms	in_vivo_tissue	unknown	""	medium	other		TRUE	FALSE	balanced		balanced
SRP125336	other | in_vivo_treatment_arms | conf=high |  | n=110	condition	tissue:other	110	22	22	22	10	12	0.5	0.183		19656	11	11	6	5	0	0	0	0	22	generic	0.116	0.012	-0.075	0.003	0.0029	pubmonth	0.029				0.029		14.36	4	0.862	-0.349	-0.278	-0.058	-0.602	-0.353	M0,M1,M0perm,M3,M4,M5,M6,M4perm,M5perm,M6perm,M0permw	2021	1826	0.87	0.93	0.994	0	0	0	2021	1383	0.608	0.89	0.935	0	0	0	2021	1912	0.89	0.94	0.995	0	0	0	2021	3167	0.555	0.66	0.925	0	0	0	1826	3167	0.531	0.67	0.934	0	0	0	2021	2031	0.724	0.82	0.968	0	0	0	1826	2031	0.735	0.84	0.971	0	0	0	2021	2273	0.751	0.84	0.966	0	0	0	1826	2273	0.738	0.84	0.97	0	0	0	2021	1174	0.556	0.88	0.953	0	0	0	1826	1174	0.611	0.9	0.961	0	0	0	2021	901	0.427	0.88	0.924	0	0	0	1826	901	0.47	0.9	0.935	0	0	0																																																	2021	2511	0.763	0.86	0.988	0	0	0	1826	2511	0.726	0.88	0.993	0	0	0	2021	1453	0.683	0.89	0.958	0	0	0	1826	1453	0.746	0.94	0.967	0	0	0	in_vivo_treatment_arms	in_vivo_tissue	both_sexes	""	high	other		TRUE	FALSE	mildly_imbalanced		mildly_imbalanced
SRP125341	brain_cns | genotype_comparison | conf=high |  | n=11	genotype	tissue:brain_cns	11	11	11	11	5	6	0	0		18055	0	11	0	0	11	0	0	0	0	brain	1.501	2.148	0.842	0.0063	0.006								2.16	0		-0.491	0.788	-0.349	0.544	-0.164	M0																																																																																																																																																																																									genotype_comparison	in_vivo_tissue	unknown	""	high	brain_cns		TRUE	TRUE	single_sex		single_sex
SRP125353	liver | in_vivo_treatment_arms | conf=high |  | n=11	treatment	tissue:liver	11	11	11	10	6	4	0.5	0.417		14579	5	5	2	3	10	0	0	1	10	liver	-1.216	0.148	0.077	5e-04	4e-04								7.56	2	0.406	-1.165	0.045	0.295	-0.459	-1.526	M0,M1,M0perm,M3,M4,M5,M4perm,M5perm,M0permw	3123	22	0.007	0.7	0.971	0	0	0	3123	47	0.015	0.65	0.958	0	0	0	3123	39	0.012	0.73	0.961	0	0	0	3123	22	0.007	0.54	0.11	1156	0	0	22	22	0.692	0.58	0.156	0	0	0	3123	12	0.004	0.69	0.859	0	0	0	22	12	0.545	0.7	0.906	0	0	0	3123	13	0.004	0.64	0.805	0	0	0	22	13	0.522	0.71	0.848	0	0	0	3123	0	0	0.63	0.901	0	0	0	22	0	0	0.71	0.93	0	0	0	3123	2	0.001	0.55	0.93	0	0	0	22	2	0.091	0.62	0.938	0	0	0																																																																																	in_vivo_treatment_arms	in_vivo_tissue	unknown	""	high	liver		TRUE	FALSE	partially_confounded		partially_confounded
SRP125665	other | in_vivo_treatment_arms | conf=high |  | n=14	treatment	tissue:other	14	14	14	11	7	4	0.36	0.571	0.535	16050.5	4	7	4	0	11	0	0	3	0	generic	1.215	-0.797	1.006	2e-04	1e-04								3.3	1	0.226	0.269	-0.995	0.968	-0.415	-0.813	M0,M1,M0perm,M2,M2perm,M3,M4,M5,M4perm,M5perm,M0permw	5993	4427	0.71	0.78	0.958	0	0	0	5993	6403	0.874	0.82	0.978	0	0	0	5993	4143	0.664	0.85	0.95	0	0	0	5993	7554	0.732	0.81	0.943	0	0	0	4427	7554	0.569	0.8	0.919	0	0	0	5993	2530	0.405	0.62	0.895	0	0	0	4427	2530	0.529	0.73	0.936	0	0	0	5993	3802	0.512	0.53	0.915	0	0	2	4427	3802	0.621	0.58	0.916	0	0	2	5993	3000	0.484	0.76	0.954	0	0	0	4427	3000	0.651	0.92	0.974	0	0	0	5993	3237	0.479	0.62	0.909	0	0	0	4427	3237	0.626	0.72	0.935	0	0	0																																	5993	4118	0.658	0.69	0.958	0	0	0	5993	4343	0.7	0.71	0.958	0	0	0																																	in_vivo_treatment_arms	in_vivo_tissue	unknown	""	high	other		TRUE	FALSE	partially_confounded	mildly_imbalanced	partially_confounded
SRP125705	skin | genotype_comparison | conf=low |  | n=57	strain	in:tissue=skin;tissue:skin	57	57	49	49	12	37	0.29	0.378		15106	14	35	0	14	0	0	0	0	0	generic	-1.377	1.433	0.079	6e-04	6e-04	platform	0.558	0.558	0.558			0.558	7.31	5	0.629	1.259	-1.313	-0.532	-1.193	-1.165	M0,M1,M0perm,M3,M4,M5,M6,M4perm,M5perm,M6perm,M0permw	14950	9460	0.593	0.48	0.966	19	4	0	14950	15012	0.983	0.83	0.999	0	4	4	14950	13272	0.877	0.81	0.996	0	4	2	14950	4558	0.295	0.46	0.89	619	4	0	9460	4558	0.428	0.41	0.901	6	0	0	14950	15	0.001	0.06	0.846	923	4	0	9460	15	0.002	0.45	0.918	10	0	0	14950	12	0.001	0.05	0.792	928	4	0	9460	12	0.001	0.32	0.901	12	0	0	14950	7207	0.477	0.38	0.971	19	4	0	9460	7207	0.734	0.76	0.993	0	0	0	14950	7533	0.479	0.29	0.958	30	4	0	9460	7533	0.739	0.6	0.991	0	0	0																																																	14950	11	0.001	0.06	0.172	6865	4	0	9460	11	0.001	0.3	0.275	3189	0	0	14950	9400	0.595	0.47	0.967	18	4	0	9460	9400	0.942	0.92	0.999	0	0	0	genotype_comparison	ex_vivo_primary_cells	female_only	""	low	skin		TRUE	FALSE	partially_confounded		partially_confounded
SRP125804	liver | between_subject_case_control | conf=high |  | n=30	group	in:tissue=mouse liver;tissue:liver	30	30	10	10	5	5	0.1	0.2		14287.5	1	9	1	0	10	0	0	0	10	liver	0.998	0.791	-0.874	0.0021	0.002								2.17	3	0.945	0.213	2.705	3.595	-2.929	0.018	M0,M1,M0perm,M3,M4,M5,M4perm,M5perm,M0permw	1537	1312	0.648	0.64	0.968	0	0	0	1537	1312	0.648	0.64	0.968	0	0	0	1537	1304	0.698	0.72	0.985	0	0	0	1537	3073	0.483	0.41	0.962	0	0	1	1312	3073	0.425	0.44	0.97	0	0	1	1537	2	0.001	0.19	0.629	17	0	0	1312	2	0.001	0.23	0.642	7	0	0	1537	1	0.001	0.33	0.675	1	0	0	1312	1	0.001	0.42	0.69	0	0	0	1537	529	0.285	0.46	0.96	0	0	0	1312	529	0.389	0.66	0.994	0	0	0	1537	520	0.284	0.43	0.961	0	0	0	1312	520	0.383	0.67	0.995	0	0	0																																																																																	between_subject_case_control	in_vivo_tissue	unknown	""	high	liver		TRUE	FALSE	mildly_imbalanced		mildly_imbalanced
SRP126124	other | genotype_comparison | conf=low |  | n=64	strain	in:tissue=lymph nodes;subj:replicate;tissue:other	64	34	22	22	12	10	1	0		16626	22	0	12	10	22	0	0	0	22	generic	-0.459	-0.211	-0.094	0.0012	0.0011	pubmonth	0.671				0.671		1.96	0		0.348	-0.069	0.222	-0.148	-0.504	M0																																																																																																																																																																																									genotype_comparison	in_vivo_tissue	unknown	""	low	other		TRUE	TRUE	single_sex		single_sex
SRP126161	blood_immune | genotype_comparison | conf=medium |  | n=93	strain	in:source_name=siglecfside;tissue:blood_immune	93	18	9	9	4	5	0.56	0.1		14615	5	4	2	3	9	0	0	0	9	blood	0.899	-0.84	9.135	5e-04	5e-04								2.96	0		0.217	0.497	0.345	-0.048	1.687	M0,M1,M0perm,M4,M5,M4perm,M5perm,M0permw	3316	3005	0.867	0.85	0.993	0	0	0	3316	2954	0.861	0.82	0.993	0	0	0	3316	2908	0.855	0.9	0.994	0	0	0																	3316	3331	0.668	0.51	0.952	0	0	0	3005	3331	0.683	0.52	0.956	0	0	0	3316	4438	0.61	0.44	0.915	0	0	0	3005	4438	0.6	0.42	0.919	0	0	0	3316	477	0.142	0.75	0.887	0	0	0	3005	477	0.157	0.75	0.892	0	0	0	3316	1703	0.481	0.59	0.936	0	0	0	3005	1703	0.524	0.66	0.941	0	0	0																																																																																	genotype_comparison	ex_vivo_primary_cells	unknown	""	medium	blood_immune		TRUE	FALSE	balanced		balanced
SRP126200	gut | in_vivo_treatment_arms | conf=high |  | n=16	timepoint	tissue:gut	16	8	8	8	4	4	1	0		17095	8	0	4	4	0	0	0	0	8	gut	0.67	2.477	0.723	3e-04	2e-04								0.86	0		-0.777	-0.162	-5.376	1.368	0.39	M0																																																																																																																																																																																									in_vivo_treatment_arms	in_vivo_tissue	female_only	""	high	gut		TRUE	TRUE	single_sex		single_sex
SRP126245	gut | genotype_comparison | conf=high | tumor_tissue | n=39	genotype	in:tissue=intestinal tumor tissue;tissue:gut	39	39	29	14	7	7	0.36	0.714		17776	5	9	0	5	14	0	0	15	14	gut	0.1	0.759	0.713	0.0037	0.0037								5.49	4	0.12	0.542	0.556	-1.051	0.926	-0.467	M0,M1,M0perm,M3,M4,M5,M4perm,M5perm,M0permw	876	526	0.27	0.7	0.739	0	4	0	876	736	0.803	0.97	0.986	0	4	4	876	1138	0.317	0.62	0.797	0	4	1	876	5819	0.149	0.29	0.94	0	4	4	526	5819	0.088	0.39	0.708	0	0	4	876	378	0.244	0.62	0.63	0	4	0	526	378	0.543	0.79	0.955	0	0	0	876	70	0.074	0.61	0.729	0	4	0	526	70	0.116	0.7	0.613	0	0	0	876	142	0.15	0.69	0.744	0	4	0	526	142	0.258	0.85	0.992	0	0	0	876	2106	0.159	0.24	0.697	1	4	2	526	2106	0.243	0.38	0.97	0	0	2																																																																																	genotype_comparison	in_vivo_tissue	unknown	tumor_tissue	high	gut		TRUE	FALSE	partially_confounded		partially_confounded
SRP126279	brain_cns | in_vivo_treatment_arms | conf=high |  | n=18	treatment	tissue:brain_cns	18	18	18	18	9	9	1	0		11248	18	0	9	9	18	0	0	0	18	brain	1.938	-0.265	0.837	0.0033	0.0033								3.8	0		0.691	0.869	0.127	0.204	0.268	M0																																																																																																																																																																																									in_vivo_treatment_arms	ex_vivo_primary_cells	unknown	""	high	brain_cns		TRUE	TRUE	single_sex		single_sex
SRP126314	tumor | in_vivo_treatment_arms | conf=high | tumor_tissue | n=40	treatment	tissue:tumor	40	40	20	20	10	10	1	0		15937	20	0	10	10	20	0	0	0	20	generic	3.68	3.291	1.397	4e-04	4e-04								14.9	0		-3.664	3.494	-3.173	4.709	-1.587	M0																																																																																																																																																																																									in_vivo_treatment_arms	in_vivo_tissue	female_only	tumor_tissue	high	tumor		TRUE	TRUE	single_sex		single_sex
SRP126349	reproductive | in_vivo_treatment_arms | conf=high |  | n=8	treatment	tissue:reproductive	8	8	8	8	4	4	0.5	0		17602	4	4	2	2	0	1	0	0	0	generic	1.702	-0.595	-0.278	0.0134	0.0102								0.96	0		0.933	0.352	-0.815	0.626	0.131	M0,M1,M0perm,M4,M5,M7,M4perm,M5perm,M7perm,M0permw	0	0		0.72	0.997	0	0	0	0	0		0.7	0.996	0	0	0	0	0		0.73	0.996	0	0	0																	0	0		0.09	0.722	0	0	0	0	0		0.12	0.714	0	0	0	0	0		0.08	0.49	0	0	0	0	0		0.1	0.501	0	0	0	0	0		0.14	0.809	0	0	0	0	0		0.18	0.814	0	0	0	0	0		0.08	0.511	0	0	0	0	0		0.12	0.509	0	0	0	0	0		0.52	0.928	0	0	0	0	0		0.57	0.924	0	0	0	0	0		0.52	0.956	0	0	0	0	0		0.6	0.959	0	0	0																																																	in_vivo_treatment_arms	in_vivo_tissue	both_sexes	""	high	reproductive		TRUE	FALSE	balanced		balanced
SRP126416	liver | genotype_comparison | conf=high |  | n=14	genotype/variation	tissue:liver	14	14	8	8	4	4	0.25	0.5		13491	2	6	2	0	8	0	0	0	8	liver	-0.341	-0.189	-0.386	0.2237	0.2231	readlen	0.378					0.378	26.75	0		-0.005	-2.584	-1.491	0.872	0.156	M0,M1,M0perm,M4,M5,M6,M7,M4perm,M5perm,M6perm,M7perm,M0permw	31	0	0	0.85	0.971	0	0	0	31	0	0	0.88	0.978	0	0	0	31	0	0	0.85	0.971	0	0	0																	31	598	0.05	0.29	0.376	0	0	0	0	598	0	0.3	0.425	0	0	0	31	3060	0.01	0.5	0.895	0	0	1	0	3060	0	0.51	0.915	0	0	1	31	0	0	0.1	0.726	0	0	0	0	0		0.09	0.718	0	0	0	31	0	0	0.48	0.836	0	0	0	0	0		0.48	0.836	0	0	0	31	455	0.068	0.47	0.924	0	0	1	0	455	0	0.48	0.951	0	0	1	31	0	0	0.24	0.801	0	0	0	0	0		0.2	0.803	0	0	0																	31	0	0	0.49	0.738	0	0	0	0	0		0.53	0.75	0	0	0	31	0	0	0.74	0.97	0	0	0	0	0		0.83	0.999	0	0	0	genotype_comparison	ex_vivo_primary_cells	unknown	""	high	liver		TRUE	FALSE	partially_confounded		partially_confounded
SRP126545	brain_cns | genotype_comparison | conf=high |  | n=53	genotype/variation	in:tissue=brainstem;tissue:brain_cns	53	53	14	14	6	8	0.43	0.125	0.431	15807	6	8	3	3	14	0	0	0	0	brain	-0.586	-0.135	-0.775	6e-04	5e-04								3.45	4	0.484	-1.352	-0.621	-0.056	-0.275	1.115	M0,M1,M0perm,M2,M2perm,M3,M4,M5,M4perm,M5perm,M0permw	385	316	0.653	0.86	0.992	0	0	0	385	1287	0.299	0.81	0.996	0	0	0	385	248	0.555	0.89	0.995	0	0	0	385	2274	0.145	0.29	0.915	0	0	0	316	2274	0.118	0.28	0.926	0	0	0	385	43	0.1	0.56	0.804	0	0	0	316	43	0.118	0.56	0.824	0	0	0	385	4285	0.09	0.49	0.963	0	0	1	316	4285	0.073	0.46	0.967	0	0	1	385	47	0.122	0.69	0.961	0	0	0	316	47	0.149	0.75	0.97	0	0	0	385	138	0.282	0.69	0.954	0	0	0	316	138	0.327	0.66	0.956	0	0	0																																	385	149	0.352	0.81	0.983	0	0	0	385	60	0.153	0.75	0.971	0	0	0																																	genotype_comparison	in_vivo_tissue	unknown	""	high	brain_cns		TRUE	FALSE	balanced	mildly_imbalanced	mildly_imbalanced
SRP126565	blood_immune | in_vivo_treatment_arms | conf=medium |  | n=15	disease	tissue:blood_immune	15	15	15	15	11	4	0.33	0.114		12600	5	10	4	1	0	3	5	0	15	blood	2.384	0.277	0.056	0	0								4.51	2	0.276	-5.781	0.724	0.097	-0.148	0.211	M0,M1,M0perm,M3,M4,M5,M4perm,M5perm,M0permw	6827	6872	0.936	0.97	0.99	0	0	3	6827	5844	0.839	0.93	0.973	0	0	0	6827	6743	0.956	0.97	0.996	0	0	0	6827	6978	0.842	0.88	0.966	0	0	4	6872	6978	0.849	0.89	0.965	0	3	4	6827	1016	0.115	0.58	0.511	1478	0	0	6872	1016	0.114	0.6	0.496	1470	3	0	6827	4529	0.59	0.83	0.912	9	0	0	6872	4529	0.595	0.85	0.926	32	3	0	6827	4825	0.675	0.85	0.949	1	0	0	6872	4825	0.674	0.88	0.952	19	3	0	6827	5971	0.824	0.89	0.975	0	0	0	6872	5971	0.828	0.89	0.984	1	3	0																																																																																	in_vivo_treatment_arms	ex_vivo_primary_cells	both_sexes	""	medium	blood_immune		TRUE	FALSE	balanced		balanced
SRP126640	reproductive | genotype_comparison | conf=high | tumor_tissue | n=25	genotype	tissue:reproductive	25	25	11	11	7	4	0	0	0.756	17421	0	11	0	0	11	0	0	0	0	generic	3.623	4.413	2.843	1e-04	1e-04								5.13	0		2.534	1.529	1.72	-1.861	-1.17	M0																																																																																																																																																																																									genotype_comparison	in_vivo_tissue	male_only	tumor_tissue	high	reproductive		TRUE	TRUE	single_sex	mildly_imbalanced	single_sex
SRP126673	brain_cns | in_vivo_treatment_arms | conf=high |  | n=36	diabetic status	in:treatment group=vehicle;tissue:brain_cns	36	36	12	8	4	4	0.75	0.5		16241	6	2	4	2	8	0	0	4	8	brain	-0.337	-2.424	0.762	0.001	8e-04								9.03	0		1.583	0.534	0.479	-0.334	0.567	M0,M1,M0perm,M4,M5,M4perm,M5perm,M0permw	9	0	0	0.53	0.911	0	0	0	9	4	0.444	0.87	0.987	0	0	0	9	0	0	0.58	0.848	0	0	0																	9	0	0	0.08	0.65	0	0	0	0	0		0.08	0.608	0	0	0	9	0	0	0.22	0.355	0	0	0	0	0		0.15	0.308	0	0	0	9	0	0	0.07	0.74	0	0	0	0	0		0.1	0.876	0	0	0	9	0	0	0.26	0.759	0	0	0	0	0		0.48	0.883	0	0	0																																																																																	in_vivo_treatment_arms	in_vivo_tissue	unknown	""	high	brain_cns		TRUE	FALSE	partially_confounded		partially_confounded
SRP126678	reproductive | genotype_comparison | conf=high |  | n=16	genotype/variation	tissue:reproductive	16	16	13	13	8	5	0	0	0.673	17711	0	13	0	0	13	0	0	0	0	generic	-0.568	-0.4	-0.411	0.0027	0.0024								0.43	0		0.405	0.126	0.616	-0.372	-0.239	M0																																																																																																																																																																																									genotype_comparison	in_vivo_tissue	male_only	""	high	reproductive		TRUE	TRUE	single_sex	mildly_imbalanced	single_sex
SRP126777	liver | genotype_comparison | conf=high |  | n=8	genotype	tissue:liver	8	8	8	8	4	4	0.38	0.25		15532.5	3	5	2	1	8	0	0	0	0	liver	-0.543	1.853	-0.718	0.001	8e-04								1.64	0		0.831	1.13	0.301	-0.352	0.761	M0,M1,M0perm,M4,M5,M4perm,M5perm,M0permw	1500	680	0.432	0.82	0.989	0	0	0	1500	2109	0.669	0.64	0.978	0	0	0	1500	680	0.432	0.82	0.989	0	0	0																	1500	81	0.05	0.56	0.919	0	0	0	680	81	0.109	0.55	0.925	0	0	0	1500	7	0.005	0.57	0.765	0	0	0	680	7	0.01	0.57	0.76	0	0	0	1500	215	0.134	0.61	0.946	0	0	0	680	215	0.268	0.59	0.954	0	0	0	1500	938	0.433	0.54	0.983	0	0	0	680	938	0.515	0.54	0.993	0	0	0																																																																																	genotype_comparison	in_vivo_tissue	unknown	""	high	liver		TRUE	FALSE	mildly_imbalanced		mildly_imbalanced
SRP126786	kidney | in_vivo_treatment_arms | conf=high |  | n=18	treatment	tissue:kidney	18	9	9	9	4	5	0	0		18274	0	9	0	0	0	0	0	0	9	kidney	-1.266	0.716	-0.277	4e-04	4e-04	pubmonth	0.395				0.395		4.7	0		-2.751	0.774	0.228	-0.148	-0.632	M0																																																																																																																																																																																									in_vivo_treatment_arms	in_vivo_tissue	male_only	""	high	kidney		TRUE	TRUE	single_sex		single_sex
SRP127005	brain_cns | genotype_comparison | conf=high |  | n=15	genotype	tissue:brain_cns	15	15	10	10	5	5	0.4	0		17086	4	6	2	2	10	0	0	0	10	brain	-4.69	3.737	1.185	0.0019	0.0015								1.4	2	0.997	0.519	-1.045	0.286	-0.417	0.451	M0,M1,M0perm,M3,M4,M5,M4perm,M5perm,M0permw	5257	5200	0.938	0.98	0.999	0	0	0	5257	5292	0.93	0.96	0.999	0	0	0	5257	4916	0.912	0.94	0.999	0	0	0	5257	5132	0.833	0.93	0.98	0	0	0	5200	5132	0.85	0.92	0.981	0	0	0	5257	3893	0.672	0.88	0.954	0	0	0	5200	3893	0.68	0.87	0.955	0	0	0	5257	181	0.033	0.83	0.466	817	0	0	5200	181	0.034	0.82	0.467	785	0	0	5257	4696	0.78	0.9	0.984	0	0	0	5200	4696	0.786	0.91	0.985	0	0	0	5257	2889	0.515	0.92	0.954	0	0	0	5200	2889	0.519	0.91	0.955	0	0	0																																																																																	genotype_comparison	in_vivo_tissue	unknown	""	high	brain_cns		TRUE	FALSE	balanced		balanced
SRP127264	brain_cns | genotype_comparison | conf=high | tumor_tissue | n=41	full genotype	in:source_name=mouse brainstem tumor;tissue:brain_cns	41	41	29	29	20	9	0.59	0.117		19323	17	12	11	6	0	2	0	0	29	brain	0.401	0.712	-0.193	3e-04	3e-04	platform	0.017	0.017					24.47	5	0.064	0.262	-0.13	-0.371	0.403	-1.008	M0,M1,M0perm,M3,M4,M5,M6,M4perm,M5perm,M6perm,M0permw	32	31	0.909	0.87	0.995	0	0	0	32	28	0.818	0.87	0.991	0	0	0	32	33	0.806	0.89	0.992	0	0	0	32	305	0.105	0.56	0.864	0	0	0	31	305	0.102	0.56	0.831	0	0	0	32	30	0.676	0.78	0.958	0	0	0	31	30	0.743	0.85	0.949	0	0	0	32	59	0.444	0.53	0.752	0	0	0	31	59	0.452	0.51	0.728	0	0	0	32	28	0.714	0.87	0.994	0	0	0	31	28	0.735	0.91	0.998	0	0	0	32	30	0.824	0.81	0.982	0	0	0	31	30	0.848	0.87	0.989	0	0	0																																																	32	28	0.875	0.86	0.994	0	0	0	31	28	0.844	0.92	0.998	0	0	0	32	28	0.818	0.86	0.994	0	0	0	31	28	0.844	0.94	0.999	0	0	0	genotype_comparison	in_vivo_tissue	both_sexes	tumor_tissue	high	brain_cns		TRUE	FALSE	balanced		balanced
SRP127367	muscle | genotype_comparison | conf=medium |  | n=11	genotype	tissue:muscle	11	11	11	11	6	5	0	0		15128	0	11	0	0	0	0	0	0	0	muscle	0.512	-2.835	-0.894	0.0023	0.0017								3.2	0		7.435	-9.558	1.205	0.606	0.003	M0																																																																																																																																																																																									genotype_comparison	in_vivo_tissue	male_only	""	medium	muscle		TRUE	TRUE	single_sex		single_sex
SRP127396	brain_cns | genotype_comparison | conf=medium |  | n=16	genotype/variation	tissue:brain_cns	16	16	16	16	8	8	0	0		17008	0	16	0	0	0	0	0	0	16	brain	-1.21	0.862	-0.296	8e-04	7e-04								1.39	0		0.697	-1.102	-0.966	-0.575	-1.542	M0																																																																																																																																																																																									genotype_comparison	in_vivo_tissue	male_only	""	medium	brain_cns		TRUE	TRUE	single_sex		single_sex
SRP127402	tumor | between_subject_case_control | conf=high | tumor_tissue | n=12	tissue	tissue:tumor	12	12	12	12	8	4	1	0		17822	12	0	8	4	12	0	0	0	12	generic	-1.789	-1.22	-2.034	0.0017	0.0016								4.15	0		-2.58	-2.489	-1.945	1.202	0.941	M0																																																																																																																																																																																									between_subject_case_control	in_vivo_tissue	unknown	tumor_tissue	high	tumor		TRUE	TRUE	single_sex		single_sex
SRP127587	liver | genotype_comparison | conf=high |  | n=24	genotype	tissue:liver	24	12	12	12	6	6	0	0		14012	0	12	0	0	12	0	0	0	0	liver	-0.634	1.442	0.053	4e-04	3e-04								2.08	0		-0.252	-0.685	1.971	-2.125	-0.147	M0																																																																																																																																																																																									genotype_comparison	in_vivo_tissue	unknown	""	high	liver		TRUE	TRUE	single_sex		single_sex
SRP127588	kidney | genotype_comparison | conf=high |  | n=24	genotype	tissue:kidney	24	12	12	12	6	6	0	0		15980	0	12	0	0	12	0	0	0	0	kidney	-1.305	1.369	-0.533	0.001	7e-04								1.23	0		1.655	-0.782	-0.505	0.714	-0.228	M0																																																																																																																																																																																									genotype_comparison	in_vivo_tissue	unknown	""	high	kidney		TRUE	TRUE	single_sex		single_sex
SRP127681	other | genotype_comparison | conf=high |  | n=18	genotype	tissue:other	18	18	9	9	5	4	0.56	0.1		17914	5	4	3	2	9	0	0	0	9	generic	-1.458	-1.544	-0.849	0.0043	0.0036								3.27	0		0.435	-0.23	-0.182	0.057	-0.92	M0,M1,M0perm,M4,M5,M4perm,M5perm,M0permw	361	339	0.768	0.83	0.991	0	0	0	361	196	0.534	0.91	0.998	0	0	0	361	223	0.609	0.93	0.996	0	0	0																	361	1127	0.319	0.6	0.838	0	0	0	339	1127	0.301	0.65	0.881	0	0	0	361	1	0.003	0.66	0.607	0	0	0	339	1	0.003	0.73	0.558	0	0	0	361	1	0.003	0.63	0.77	0	0	0	339	1	0.003	0.76	0.803	0	0	0	361	278	0.532	0.65	0.989	0	0	0	339	278	0.52	0.68	0.997	0	0	0																																																																																	genotype_comparison	in_vivo_tissue	unknown	""	high	other		TRUE	FALSE	balanced		balanced
SRP127946	liver | in_vivo_treatment_arms | conf=medium |  | n=122	treatment	tissue:liver	122	122	122	122	62	60	0	0		14176.5	0	122	0	0	122	0	0	0	122	liver	-0.049	-0.338	-0.016	0.0022	0.0021	readlen	0.092					0.092	3.36	0		0.412	-0.323	-0.154	-0.165	-0.03	M0																																																																																																																																																																																									in_vivo_treatment_arms	in_vivo_tissue	male_only	""	medium	liver		TRUE	TRUE	single_sex		single_sex
SRP128068	brain_cns | genotype_comparison | conf=high |  | n=11	genotype/variation	tissue:brain_cns	11	11	11	10	5	5	0.7	0.2		16898	7	3	3	4	10	0	0	1	0	brain	-0.168	-0.424	0.632	0	0								4.05	2	0.222	1.338	-0.824	0.719	-0.908	0.216	M0,M1,M0perm,M3,M4,M5,M4perm,M5perm,M0permw	60	42	0.672	0.84	0.968	0	0	0	60	44	0.651	0.86	0.971	0	0	0	60	46	0.656	0.83	0.959	0	0	0	60	41	0.554	0.69	0.833	0	0	0	42	41	0.66	0.71	0.861	0	0	0	60	0	0	0.22	0.568	0	0	0	42	0	0	0.21	0.548	0	0	0	60	15	0.25	0.66	0.883	0	0	0	42	15	0.326	0.69	0.904	0	0	0	60	8	0.133	0.64	0.846	0	0	0	42	8	0.19	0.65	0.851	0	0	0	60	36	0.524	0.78	0.947	0	0	0	42	36	0.773	0.83	0.97	0	0	0																																																																																	genotype_comparison	ex_vivo_primary_cells	unknown	""	high	brain_cns		TRUE	FALSE	mildly_imbalanced		mildly_imbalanced
SRP128271	muscle | genotype_comparison | conf=medium |  | n=101	breed	in:tissue=heart;tissue:muscle	101	101	20	20	10	10	0.5	0		12215	10	10	5	5	0	0	0	0	0	muscle	-0.527	-0.489	0.261	9e-04	6e-04								1.08	5	0.693	1.143	-1.165	-0.314	0.061	0.401	M0,M1,M0perm,M3,M4,M5,M4perm,M5perm,M0permw	16	18	0.889	0.82	0.991	0	0	0	16	22	0.727	0.74	0.974	0	0	0	16	18	0.889	0.91	0.994	0	0	0	16	16	0.882	0.53	0.891	0	0	0	18	16	0.789	0.58	0.895	0	0	0	16	11	0.688	0.35	0.769	0	0	0	18	11	0.611	0.37	0.76	0	0	0	16	15	0.824	0.58	0.902	0	0	0	18	15	0.737	0.62	0.896	0	0	0	16	18	0.545	0.68	0.935	0	0	0	18	18	0.636	0.73	0.946	0	0	0	16	15	0.632	0.77	0.965	0	0	0	18	15	0.737	0.84	0.975	0	0	0																																																																																	genotype_comparison	in_vivo_tissue	both_sexes	""	medium	muscle		TRUE	FALSE	balanced		balanced
SRP128506	brain_cns | in_vivo_treatment_arms | conf=high |  | n=12	treatment	tissue:brain_cns	12	12	12	12	6	6	0.5	0		17214.5	6	6	3	3	0	1	0	0	12	brain	-0.093	0.042	0.325	3e-04	2e-04								3.75	2	0.564	-1.442	0.187	0.101	0.401	-0.643	M0,M1,M0perm,M3,M4,M5,M4perm,M5perm,M0permw	0	0		0.8	0.998	0	0	0	0	0		0.65	0.895	0	0	0	0	0		0.85	0.999	0	0	0	0	0		0.56	0.887	0	0	0	0	0		0.5	0.882	0	0	0	0	9	0	0.18	0.71	0	0	0	0	9	0	0.2	0.709	0	0	0	0	0		0.65	0.994	0	0	0	0	0		0.63	0.995	0	0	0	0	5	0	0.39	0.907	0	0	0	0	5	0	0.45	0.91	0	0	0	0	0		0.45	0.952	0	0	0	0	0		0.53	0.954	0	0	0																																																																																	in_vivo_treatment_arms	in_vivo_tissue	both_sexes	""	high	brain_cns		TRUE	FALSE	balanced		balanced
SRP128548	liver | genotype_comparison | conf=high |  | n=8	genotype	tissue:liver	8	8	8	8	4	4	0	0		15443.5	0	8	0	0	8	0	0	0	8	liver	0.553	2.88	0.014	2e-04	2e-04								5.26	0		0.144	0.392	-0.16	0.28	0.754	M0																																																																																																																																																																																									genotype_comparison	in_vivo_tissue	unknown	""	high	liver		TRUE	TRUE	single_sex		single_sex
SRP128596	brain_cns | in_vivo_treatment_arms | conf=high |  | n=69	treatment condition	tissue:brain_cns	69	23	23	23	10	13	0.65	0.085		14516	15	8	7	8	0	0	0	0	23	brain	-0.232	-0.707	0.658	1e-04	1e-04								17.92	5	0.074	-0.124	-0.551	-0.214	0.212	0.387	M0,M1,M0perm,M3,M4,M5,M4perm,M5perm,M0permw	0	0		0.79	0.991	0	0	0	0	0		0.65	0.96	0	0	0	0	0		0.84	0.988	0	0	0	0	0		0.17	0.454	0	0	0	0	0		0.17	0.477	0	0	0	0	0		0.41	0.821	0	0	0	0	0		0.46	0.835	0	0	0	0	0		0.48	0.849	0	0	0	0	0		0.53	0.859	0	0	0	0	0		0.42	0.868	0	0	0	0	0		0.42	0.884	0	0	0	0	0		0.63	0.97	0	0	0	0	0		0.7	0.978	0	0	0																																																																																	in_vivo_treatment_arms	ex_vivo_primary_cells	both_sexes	""	high	brain_cns		TRUE	FALSE	balanced		balanced
SRP128649	kidney | in_vivo_treatment_arms | conf=high |  | n=70	treatment	in:tissue=lung;tissue:kidney	70	70	23	17	7	10	0	0		19776	0	17	0	0	17	0	0	6	17	kidney	-0.762	-0.35	-0.092	0.0091	0.0064								24.15	0		-0.728	1.176	1.193	-0.876	0.233	M0																																																																																																																																																																																									in_vivo_treatment_arms	in_vivo_tissue	unknown	""	high	kidney		TRUE	TRUE	single_sex		single_sex
SRP128739	other | genotype_comparison | conf=high |  | n=8	genotype	tissue:other	8	8	8	8	4	4	1	0		15724.5	8	0	4	4	8	0	0	0	8	generic	-0.102	0.069	-0.935	1e-04	1e-04								8.67	0		1.283	-1.502	-0.77	0.721		M0																																																																																																																																																																																									genotype_comparison	ex_vivo_primary_cells	unknown	""	high	other		TRUE	TRUE	single_sex		single_sex
SRP128899	brain_cns | genotype_comparison | conf=high |  | n=22	genotype/variation	tissue:brain_cns	22	22	22	22	11	11	0.59	0.091		16474	13	9	7	6	22	0	0	0	22	brain	0.682	0.557	0.456	0	0	readlen	0.218					0.218	20.31	5	0.225	0.849	0.127	-0.58	0.528	-0.098	M0,M1,M0perm,M3,M4,M5,M6,M4perm,M5perm,M6perm,M0permw	3481	3300	0.897	0.91	0.995	0	0	0	3481	3153	0.88	0.95	0.994	0	0	0	3481	3408	0.923	0.87	0.998	0	0	0	3481	3369	0.635	0.53	0.909	0	0	0	3300	3369	0.639	0.54	0.919	0	0	0	3481	1994	0.453	0.41	0.876	0	0	0	3300	1994	0.46	0.41	0.877	1	0	0	3481	2012	0.543	0.8	0.96	0	0	0	3300	2012	0.569	0.85	0.957	0	0	0	3481	2037	0.569	0.85	0.975	0	0	0	3300	2037	0.606	0.89	0.979	0	0	0	3481	4168	0.752	0.76	0.981	0	0	0	3300	4168	0.755	0.78	0.988	0	0	0																																																	3481	2609	0.729	0.89	0.99	0	0	0	3300	2609	0.782	0.94	0.996	0	0	0	3481	2963	0.78	0.81	0.989	0	0	0	3300	2963	0.829	0.87	0.994	0	0	0	genotype_comparison	ex_vivo_primary_cells	unknown	""	high	brain_cns		TRUE	FALSE	balanced		balanced
SRP129020	brain_cns | in_vivo_treatment_arms | conf=high |  | n=52	diet	tissue:brain_cns	52	52	52	52	26	26	0.56	0.038		17230.5	29	23	15	14	0	0	0	0	52	brain	-0.363	-0.081	-0.33	9e-04	9e-04	readlen	0.042					0.042	2.6	5	0.529	0.183	0.26	0.199	0.13	-0.518	M0,M1,M0perm,M3,M4,M5,M6,M4perm,M5perm,M6perm,M0permw	0	0		0.88	0.995	0	0	0	0	0		0.72	0.959	0	0	0	0	0		0.96	0.999	0	0	0	0	63	0	0.5	0.948	0	0	0	0	63	0	0.57	0.955	0	0	0	0	0		0.61	0.943	0	0	0	0	0		0.66	0.953	0	0	0	0	0		0.64	0.936	0	0	0	0	0		0.67	0.937	0	0	0	0	0		0.57	0.949	0	0	0	0	0		0.64	0.954	0	0	0	0	0		0.72	0.986	0	0	0	0	0		0.82	0.992	0	0	0																																																	0	0		0.77	0.99	0	0	0	0	0		0.86	0.995	0	0	0	0	0		0.75	0.986	0	0	0	0	0		0.83	0.989	0	0	0	in_vivo_treatment_arms	in_vivo_tissue	both_sexes	""	high	brain_cns		TRUE	FALSE	balanced		balanced
SRP129022	tumor | in_vivo_treatment_arms | conf=high | tumor_tissue | n=8	health_state	tissue:tumor	8	8	8	8	4	4	1	0	0.567	18509	8	0	4	4	0	0	0	0	0	generic	0.222	-0.437	0.859	0.0022	0.0021								5.32	0		1.736	-1.369	-0.86	0.735	1.11	M0																																																																																																																																																																																									in_vivo_treatment_arms	in_vivo_tissue	female_only	tumor_tissue	high	tumor		TRUE	TRUE	single_sex	mildly_imbalanced	single_sex
SRP129035	brain_cns | genotype_comparison | conf=high |  | n=32	treatment	tissue:brain_cns	32	16	16	16	8	8	0.38	0.75		17634.5	6	10	6	0	0	1	5	0	16	brain	-0.476	-0.824	0.488	0.0201	0.0201								1.75	3	0.08	0.442	-2.403	-2.011	1.639	-1.004	M0,M1,M0perm,M3,M4,M5,M7,M4perm,M5perm,M7perm,M0permw	2672	453	0.146	0.42	0.825	1	3	1	2672	2474	0.718	0.67	0.982	0	3	3	2672	3860	0.272	0.18	0.736	40	3	0	2672	6513	0.407	0.09	0.957	0	3	4	453	6513	0.065	0.07	0.804	0	1	4	2672	16	0.006	0.27	0.726	35	3	0	453	16	0.035	0.48	0.818	0	1	0	2672	1074	0.263	0.28	0.76	2	3	2	453	1074	0.406	0.43	0.956	0	1	2	2672	324	0.101	0.29	0.743	3	3	0	453	324	0.45	0.59	0.943	0	1	0	2672	312	0.103	0.37	0.83	2	3	0	453	312	0.587	0.75	0.984	0	1	0	2672	826	0.221	0.27	0.821	1	3	1	453	826	0.543	0.49	0.994	0	1	1	2672	347	0.113	0.46	0.817	1	3	1	453	347	0.706	0.88	0.996	0	1	1																																																	genotype_comparison	in_vivo_tissue	male_only	""	high	brain_cns		TRUE	FALSE	partially_confounded		partially_confounded
SRP130256	blood_immune | in_vivo_treatment_arms | conf=medium |  | n=36	treatment	subj:isolate;tissue:blood_immune	36	36	24	22	11	11	1	0	0.174	15844.5	22	0	11	11	0	0	0	0	0	blood	0.968	-0.335	0.965	0	0								17.12	0		-0.332	-0.058	-0.259	0.306	0.037	M0																																																																																																																																																																																									in_vivo_treatment_arms	ex_vivo_primary_cells	female_only	""	medium	blood_immune		TRUE	TRUE	single_sex	balanced	single_sex
SRP130908	brain_cns | in_vivo_treatment_arms | conf=high |  | n=20	treatment	tissue:brain_cns	20	20	20	20	10	10	0	0		17109.5	0	20	0	0	20	0	0	0	20	brain	0.443	-0.206	-0.547	2e-04	1e-04								9.62	0		-0.71	0.293	-0.195	0.208	-0.879	M0																																																																																																																																																																																									in_vivo_treatment_arms	in_vivo_tissue	male_only	""	high	brain_cns		TRUE	TRUE	single_sex		single_sex
SRP131016	other | genotype_comparison | conf=medium |  | n=38	phenotype	in:treatment=none;ex:treatment=overnight culture;ex:treatment=none_input before culture;tissue:other	38	38	30	30	15	15	0	0		13931.5	0	30	0	0	30	0	0	0	30	generic	-0.162	-0.414	-0.468	3e-04	3e-04								15.76	0		0.238	-0.239	0.571	-0.674	0.618	M0																																																																																																																																																																																									genotype_comparison	ex_vivo_primary_cells	unknown	""	medium	other		TRUE	TRUE	single_sex		single_sex
SRP131036	liver | genotype_comparison | conf=high |  | n=12	genotype/variation	tissue:liver	12	12	12	12	5	7	0	0		12994.5	0	12	0	0	0	0	0	0	0	liver	-0.819	0.68	0.53	1e-04	1e-04								5.04	0		0.106	-0.887	0.234	-0.287	-0.299	M0																																																																																																																																																																																									genotype_comparison	in_vivo_tissue	male_only	""	high	liver		TRUE	TRUE	single_sex		single_sex
SRP131049	heart | in_vivo_treatment_arms | conf=medium |  | n=21	treatment	tissue:heart	21	18	18	18	12	6	1	0		15561	18	0	12	6	18	0	0	0	18	heart	-0.068	1.332	0.03	3e-04	3e-04								9.06	0		0.14	-0.248	0.383	-0.375	-0.995	M0																																																																																																																																																																																									in_vivo_treatment_arms	ex_vivo_primary_cells	unknown	""	medium	heart		TRUE	TRUE	single_sex		single_sex
SRP131055	brain_cns | genotype_comparison | conf=high |  | n=10	genotype	tissue:brain_cns	10	10	10	9	5	4	0.67	0.15		17119.5	6	3	3	3	9	0	0	1	0	brain	1.276	1.596	-0.886	4e-04	3e-04								1.71	0		0.653	-0.698	-0.716	1.651	0.897	M0,M1,M0perm,M4,M5,M4perm,M5perm,M0permw	69	63	0.784	0.77	0.93	0	0	0	69	45	0.652	0.89	0.915	0	0	0	69	65	0.763	0.82	0.959	0	0	0																	69	0	0	0.65	0.718	0	0	0	63	0	0	0.68	0.812	0	0	0	69	1	0.014	0.57	0.393	0	0	0	63	1	0.016	0.56	0.323	0	0	0	69	0	0	0.56	0.786	0	0	0	63	0	0	0.6	0.752	0	0	0	69	0	0	0.74	0.768	0	0	0	63	0	0	0.77	0.795	0	0	0																																																																																	genotype_comparison	in_vivo_tissue	unknown	""	high	brain_cns		TRUE	FALSE	mildly_imbalanced		mildly_imbalanced
SRP131084	brain_cns | in_vivo_treatment_arms | conf=high |  | n=88	csds phenotype	in:source_name=medial prefrontal cortex;tissue:brain_cns	88	88	26	26	14	12	0	0		20027	0	26	0	0	0	0	0	0	0	brain	-0.282	-0.686	1.085	3e-04	2e-04								7.26	0		-0.637	-0.092	0.389	-0.557	0.371	M0																																																																																																																																																																																									in_vivo_treatment_arms	in_vivo_tissue	male_only	""	high	brain_cns		TRUE	TRUE	single_sex		single_sex
SRP131118	liver | genotype_comparison | conf=high | targeted_assay_suspected | n=10	genotype	tissue:liver	10	10	10	10	5	5	0.5	0.2		13468.5	5	5	3	2	0	0	0	0	0	liver	0.675	0.609	0.131	0.0079	0.0064								1.01	1	0.983	0.206	0.414	0.406	-0.283	0.08	M0,M1,M0perm,M3,M4,M5,M4perm,M5perm,M0permw	0	8	0	0.64	0.96	0	0	0	0	0		0.79	0.984	0	0	0	0	2	0	0.69	0.984	0	0	0	0	14	0	0.57	0.96	0	0	0	8	14	0.571	0.92	0.998	0	0	0	0	4	0	0.52	0.947	0	0	0	8	4	0.2	0.7	0.99	0	0	0	0	0		0.3	0.807	0	0	0	8	0	0	0.33	0.819	0	0	0	0	0		0.11	0.547	0	0	0	8	0	0	0.13	0.552	0	0	0	0	1	0	0.5	0.937	0	0	0	8	1	0.125	0.74	0.985	0	0	0																																																																																	genotype_comparison	in_vivo_tissue	both_sexes	targeted_assay_suspected	high	liver		TRUE	FALSE	mildly_imbalanced		mildly_imbalanced
SRP131124	liver | in_vivo_treatment_arms | conf=high |  | n=78	treatment diet	ex:treatment week=0;tissue:liver	78	78	72	71	48	23	0	0		15768.5	0	71	0	0	71	0	0	1	71	liver	0.626	2.28	-0.36	0.001	7e-04								2.23	0		0.079	1.62	1.002	-0.968	0.368	M0																																																																																																																																																																																									in_vivo_treatment_arms	in_vivo_tissue	unknown	""	high	liver		TRUE	TRUE	single_sex		single_sex
SRP131130	tumor | in_vivo_treatment_arms | conf=high | tumor_tissue | n=12	treatment	tissue:tumor	12	12	12	12	6	6	1	0		18100.5	12	0	6	6	12	0	0	0	12	generic	0.696	1.536	-0.701	7e-04	7e-04								2.65	0		0.105	0.661	-0.375	0.307	0.583	M0																																																																																																																																																																																									in_vivo_treatment_arms	in_vivo_tissue	unknown	tumor_tissue	high	tumor		TRUE	TRUE	single_sex		single_sex
SRP131203	heart | in_vivo_treatment_arms | conf=medium |  | n=12	experiment	tissue:heart	12	12	12	12	6	6	0.08	0.167		15003	1	11	1	0	0	0	0	0	0	heart	0.547	0.871	-0.443	0.0181	0.0176								1.28	3	0.16	-0.604	0.058	-0.352	0.193	0.752	M0,M1,M0perm,M3,M4,M5,M7,M4perm,M5perm,M7perm,M0permw	0	0		0.69	0.967	0	0	0	0	0		0.78	0.982	0	0	0	0	0		0.7	0.964	0	0	0	0	40	0	0.35	0.818	0	0	0	0	40	0	0.32	0.84	0	0	0	0	1	0	0.58	0.921	0	0	0	0	1	0	0.69	0.965	0	0	0	0	0		0.48	0.866	0	0	0	0	0		0.55	0.931	0	0	0	0	0		0.48	0.897	0	0	0	0	0		0.58	0.936	0	0	0	0	0		0.53	0.942	0	0	0	0	0		0.7	0.981	0	0	0	0	0		0.6	0.945	0	0	0	0	0		0.73	0.989	0	0	0	0	0		0.65	0.963	0	0	0	0	0		0.79	0.998	0	0	0																																																	in_vivo_treatment_arms	in_vivo_tissue	unknown	""	medium	heart		TRUE	FALSE	mildly_imbalanced		mildly_imbalanced
SRP131224	liver | in_vivo_treatment_arms | conf=medium | pooled_samples | n=16	treatment	tissue:liver	16	8	8	8	4	4	0	0	0	14809.5	0	8	0	0	8	0	0	0	0	liver	0.01	-0.008	-0.535	0.0144	0.0142								3.05	0		0.075	-0.139	0.026	-0.168	0.681	M0																																																																																																																																																																																									in_vivo_treatment_arms	in_vivo_tissue	unknown	pooled_samples	medium	liver		TRUE	TRUE	single_sex	balanced	single_sex
SRP131248	liver | in_vivo_treatment_arms | conf=high |  | n=28	transduced gene	tissue:liver	28	28	16	16	8	8	0	0		14693	0	16	0	0	16	0	0	0	16	liver	-0.673	1.191	0.181	0.0028	0.0028								6.81	0		-0.035	0.471	0.682	-0.552	-0.046	M0																																																																																																																																																																																									in_vivo_treatment_arms	in_vivo_tissue	unknown	""	high	liver		TRUE	TRUE	single_sex		single_sex
SRP131333	brain_cns | genotype_comparison | conf=medium |  | n=14	genotype	tissue:brain_cns	14	14	14	14	6	8	0	0		16698.5	0	14	0	0	0	6	2	0	0	brain	0.333	2.558	-1.24	0.002	0.0018								1.94	0		-0.67	-0.153	1.074	-0.964	-0.715	M0																																																																																																																																																																																									genotype_comparison	in_vivo_tissue	male_only	""	medium	brain_cns		TRUE	TRUE	single_sex		single_sex
SRP131336	brain_cns | genotype_comparison | conf=high |  | n=12	genotype/variation	tissue:brain_cns	12	12	12	12	6	6	0.5	0		17884.5	6	6	3	3	12	0	0	0	0	brain	1.074	-0.804	0.227	2e-04	1e-04								1.06	2	0.996	-0.103	0.137	-0.626	0.422	-3.96	M0,M1,M0perm,M3,M4,M5,M4perm,M5perm,M0permw	6	7	0.857	0.78	0.998	0	0	0	6	7	0.857	0.84	0.998	0	0	0	6	6	1	0.85	0.999	0	0	0	6	7	0.857	0.6	0.95	0	0	0	7	7	0.75	0.76	0.952	0	0	0	6	25	0.24	0.49	0.994	0	0	0	7	25	0.28	0.65	0.995	0	0	0	6	5	0.833	0.18	0.695	0	0	0	7	5	0.714	0.18	0.696	0	0	0	6	47	0.128	0.26	0.763	0	0	0	7	47	0.125	0.34	0.765	0	0	0	6	6	1	0.66	0.966	0	0	0	7	6	0.857	0.71	0.967	0	0	0																																																																																	genotype_comparison	in_vivo_tissue	both_sexes	""	high	brain_cns		TRUE	FALSE	balanced		balanced
SRP131355	liver | genotype_comparison | conf=medium | tumor_tissue | n=18	genotype	tissue:liver	18	18	18	14	7	7	1	0		16084	14	0	7	7	14	0	0	4	14	liver	0.003	-0.129	-0.144	4e-04	3e-04								1.99	0		-0.421	0.951	-0.535	0.22	-0.011	M0																																																																																																																																																																																									genotype_comparison	in_vivo_tissue	unknown	tumor_tissue	medium	liver		TRUE	TRUE	single_sex		single_sex
SRP131509	other | genotype_comparison | conf=high |  | n=19	genotype/variation	tissue:other	19	19	19	19	10	9	0	0	0.157	16572	0	19	0	0	0	0	0	0	0	generic	1.842	-1.087	0.448	0.014	0.0133								5.48	0		-1.408	0.716	0.511	-0.539	1.009	M0																																																																																																																																																																																									genotype_comparison	in_vivo_tissue	male_only	""	high	other		TRUE	TRUE	single_sex	balanced	single_sex
SRP131764	brain_cns | in_vivo_treatment_arms | conf=high |  | n=138	mouse status	in:tissue=macro-dissected prefrontal cortex;tissue:brain_cns	138	69	35	35	20	15	0	0		17009	0	35	0	0	0	0	0	0	0	brain	-0.018	0.398	-0.246	3e-04	2e-04								10.28	0		-0.169	0.1	0.076	-0.074	-0.507	M0																																																																																																																																																																																									in_vivo_treatment_arms	in_vivo_tissue	male_only	""	high	brain_cns		TRUE	TRUE	single_sex		single_sex
SRP131771	brain_cns | in_vivo_treatment_arms | conf=high |  | n=10	source_name	tissue:brain_cns	10	10	10	10	5	5	1	0		15432	10	0	5	5	0	0	0	0	0	brain	-0.633	-1.099	0.706	1e-04	1e-04								13.9	0		3.464	-0.652	-2.092	2.158	-0.457	M0																																																																																																																																																																																									in_vivo_treatment_arms	ex_vivo_primary_cells	female_only	""	high	brain_cns		TRUE	TRUE	single_sex		single_sex
SRP131772	adipose | genotype_comparison | conf=high |  | n=20	genotype/variation	in:tissue=gonadal fat pad;tissue:adipose	20	20	10	10	5	5	1	0		16692.5	10	0	5	5	10	0	0	0	10	adipose	-0.495	0.385	-1.194	0.0077	0.0067								2.56	0		0.329	0.473	0.563	-0.618	-1.036	M0																																																																																																																																																																																									genotype_comparison	in_vivo_tissue	female_only	""	high	adipose		TRUE	TRUE	single_sex		single_sex
SRP131784	liver | in_vivo_treatment_arms | conf=high |  | n=84	treatment	tissue:liver	84	42	42	42	21	21	0	0		14969	0	42	0	0	0	0	0	0	42	liver	-1.586	0.653	0.337	0.0023	0.0022								4.3	0		-0.256	-0.229	-0.133	0.057	-0.147	M0																																																																																																																																																																																									in_vivo_treatment_arms	in_vivo_tissue	male_only	""	high	liver		TRUE	TRUE	single_sex		single_sex
SRP131795	tumor | between_subject_case_control | conf=medium | tumor_tissue | n=24	response to p53 restoration	tissue:tumor	24	12	12	12	8	4	0.58	0.5		16798	7	5	6	1	12	0	0	0	12	generic	0.317	1.483	1.026	0.0075	0.0074								16.51	2	0.343	0.156	-0.679	0.304	-0.518	2.677	M0,M1,M0perm,M3,M4,M5,M4perm,M5perm,M0permw	839	150	0.164	0.72	0.939	0	0	0	839	1011	0.705	0.69	0.988	0	0	0	839	0	0	0.75	0.962	0	0	0	839	28	0.018	0.14	0.725	0	0	0	150	28	0.053	0.18	0.75	0	0	0	839	93	0.079	0.47	0.898	0	0	0	150	93	0.358	0.59	0.959	0	0	0	839	0	0	0.57	0.893	0	0	0	150	0	0	0.63	0.968	0	0	0	839	0	0	0.5	0.925	0	0	0	150	0	0	0.64	0.964	0	0	0	839	0	0	0.43	0.912	0	0	0	150	0	0	0.52	0.904	0	0	0																																																																																	between_subject_case_control	in_vivo_tissue	unknown	tumor_tissue	medium	tumor		TRUE	FALSE	partially_confounded		partially_confounded
SRP131850	brain_cns | genotype_comparison | conf=high |  | n=13	genotype	tissue:brain_cns	13	13	13	13	7	6	0.77	0.119		18869	10	3	5	5	13	0	0	0	0	brain	-0.847	-0.458	-1.047	5e-04	5e-04								5.58	3	0.093	-1.214	0.737	-0.452	0.591	-1.511	M0,M1,M0perm,M3,M4,M5,M4perm,M5perm,M0permw	1405	1347	0.853	0.92	0.995	0	0	0	1405	1232	0.795	0.98	0.989	0	0	0	1405	1362	0.856	0.94	0.994	0	0	0	1405	1366	0.654	0.75	0.933	0	0	0	1347	1366	0.632	0.73	0.916	0	0	0	1405	840	0.442	0.73	0.879	0	0	0	1347	840	0.461	0.71	0.89	0	0	0	1405	254	0.167	0.7	0.892	0	0	0	1347	254	0.177	0.74	0.894	0	0	0	1405	1036	0.634	0.78	0.969	0	0	0	1347	1036	0.675	0.8	0.972	0	0	0	1405	1142	0.686	0.84	0.979	0	0	0	1347	1142	0.734	0.83	0.985	0	0	0																																																																																	genotype_comparison	in_vivo_tissue	unknown	""	high	brain_cns		TRUE	FALSE	balanced		balanced
SRP131855	liver | in_vivo_treatment_arms | conf=high |  | n=24	agent	tissue:liver	24	24	24	24	12	12	0.67	0.167		15436.5	16	8	7	9	0	0	4	0	0	liver	1.563	4.391	1.474	0.003	0.0029								4.3	2	0.116	-1.094	1.05	0.211	-0.359	1.968	M0,M1,M0perm,M3,M4,M5,M4perm,M5perm,M0permw	7312	8657	0.833	0.92	0.986	0	0	0	7312	7180	0.98	0.91	0.999	0	0	0	7312	6966	0.94	0.88	0.998	0	0	0	7312	12044	0.607	0.7	0.943	0	0	0	8657	12044	0.711	0.73	0.958	0	0	0	7312	6869	0.743	0.84	0.962	0	0	0	8657	6869	0.702	0.87	0.965	0	0	0	7312	6680	0.2	0.5	0.284	1288	0	0	8657	6680	0.21	0.5	0.203	2518	0	0	7312	8468	0.829	0.81	0.984	0	0	0	8657	8468	0.947	0.82	0.999	0	0	0	7312	6763	0.847	0.85	0.99	0	0	0	8657	6763	0.765	0.87	0.988	0	0	0																																																																																	in_vivo_treatment_arms	in_vivo_tissue	female_only	""	high	liver		TRUE	FALSE	mildly_imbalanced		mildly_imbalanced
SRP131877	blood_immune | between_subject_case_control | conf=medium | tumor_tissue | n=39	t cell phenotype	ex:t cell phenotype=intermediate;ex:t cell phenotype=n.a.;tissue:blood_immune	39	39	32	31	18	13	0.94	0.154		16480	29	2	18	11	31	0	0	1	31	blood	-0.139	-0.047	-0.106	9e-04	9e-04								4.49	4	0.235	-0.139	0.29	-0.09	0.188	0.058	M0,M1,M0perm,M3,M4,M5,M4perm,M5perm,M0permw	2	0	0	0.67	0.941	0	0	0	2	1	0.5	0.95	0.999	0	0	0	2	0	0	0.58	0.941	0	0	0	2	108	0.019	0.41	0.897	0	0	0	0	108	0	0.48	0.915	0	0	0	2	0	0	0.57	0.92	0	0	0	0	0		0.73	0.984	0	0	0	2	0	0	0.55	0.914	0	0	0	0	0		0.7	0.968	0	0	0	2	0	0	0.57	0.918	0	0	0	0	0		0.81	0.986	0	0	0	2	0	0	0.41	0.868	0	0	0	0	0		0.59	0.953	0	0	0																																																																																	between_subject_case_control	ex_vivo_primary_cells	unknown	tumor_tissue	medium	blood_immune		TRUE	FALSE	mildly_imbalanced		mildly_imbalanced
SRP131916	other | genotype_comparison | conf=high |  | n=12	genotype/variation	tissue:other	12	12	12	12	6	6	0.42	0.5		14308	5	7	4	1	12	0	0	0	12	generic	-0.182	-0.222	0.529	8e-04	8e-04								8.35	3	0.275	-0.388	0.65	0.26	0.745	0.082	M0,M1,M0perm,M3,M4,M5,M4perm,M5perm,M0permw	0	0		0.24	0.758	0	0	0	0	0		0.65	0.974	0	0	0	0	0		0.24	0.859	0	0	0	0	0		0.33	0.844	0	0	0	0	0		0.09	0.56	0	0	0	0	0		0.15	0.634	0	0	0	0	0		0.21	0.723	0	0	0	0	0		0.22	0.752	0	0	0	0	0		0.67	0.983	0	0	0	0	0		0.17	0.684	0	0	0	0	0		0.54	0.938	0	0	0	0	0		0.2	0.762	0	0	0	0	0		0.57	0.965	0	0	0																																																																																	genotype_comparison	ex_vivo_primary_cells	unknown	""	high	other		TRUE	FALSE	partially_confounded		partially_confounded
SRP131949	blood_immune | between_subject_case_control | conf=high | tumor_tissue | n=37	t cell phenotype	ex:t cell phenotype=intermediate;ex:t cell phenotype=n.a.;tissue:blood_immune	37	37	30	30	15	15	0.9	0.2		17239.5	27	3	15	12	30	0	0	0	30	blood	0.295	-0.368	-0.015	0.011	0.0108								4	4	0.328	0.126	-0.418	-0.054	0.148	-0.336	M0,M1,M0perm,M3,M4,M5,M7,M4perm,M5perm,M7perm,M0permw	0	0		0.7	0.923	0	0	0	0	374	0	0.53	0.993	0	0	0	0	0		0.68	0.954	0	0	0	0	33	0	0.3	0.83	0	0	0	0	33	0	0.48	0.913	0	0	0	0	0		0.58	0.896	0	0	0	0	0		0.73	0.979	0	0	0	0	0		0.51	0.917	0	0	0	0	0		0.58	0.954	0	0	0	0	0		0.34	0.846	0	0	0	0	0		0.53	0.958	0	0	0	0	0		0.54	0.905	0	0	0	0	0		0.75	0.993	0	0	0	0	0		0.61	0.884	0	0	0	0	0		0.82	0.985	0	0	0	0	0		0.65	0.921	0	0	0	0	0		0.9	0.996	0	0	0																																																	between_subject_case_control	in_vivo_tissue	unknown	tumor_tissue	high	blood_immune		TRUE	FALSE	mildly_imbalanced		mildly_imbalanced
SRP132184	lung | in_vivo_treatment_arms | conf=high |  | n=18	treatment	tissue:lung	18	18	18	18	9	9	0	0		18366.5	0	18	0	0	18	0	0	0	0	lung	-0.614	0.836	-0.409	0.0046	0.0033								4.19	0		-1.527	0.246	-0.455	0.191	0.134	M0																																																																																																																																																																																									in_vivo_treatment_arms	in_vivo_tissue	unknown	""	high	lung		TRUE	TRUE	single_sex		single_sex
SRP132264	brain_cns | in_vivo_treatment_arms | conf=high |  | n=20	treatment	in:tissue=trigeminal ganglia;tissue:brain_cns	20	20	10	10	5	5	0	0		17442	0	10	0	0	0	0	0	0	0	brain	-0.835	1.689	0.409	9e-04	7e-04								0.76	0		0.766	0.706	2.192	-2.075	-0.972	M0																																																																																																																																																																																									in_vivo_treatment_arms	in_vivo_tissue	male_only	""	high	brain_cns		TRUE	TRUE	single_sex		single_sex
SRP132283	heart | in_vivo_treatment_arms | conf=high |  | n=30	stress	ex:tissue=remote zone left ventricular tissue post myocardial infarction;ex:tissue=infarct zone left ventricular tissue;subj:sample type;tissue:heart	30	30	18	13	6	7	0.46	0.238		12809.5	6	7	2	4	13	0	0	5	13	heart	-0.23	3.871	0.592	0.0129	0.0129								12.84	4	0.346	-2.118	-0.019	3.099	-2.78	-0.339	M0,M1,M0perm,M3,M4,M5,M7,M4perm,M5perm,M7perm,M0permw	2130	1960	0.758	0.89	0.985	0	0	0	2130	1734	0.771	0.93	0.99	0	0	0	2130	1867	0.768	0.96	0.987	0	0	0	2130	3204	0.549	0.35	0.953	0	0	0	1960	3204	0.517	0.37	0.95	0	0	0	2130	202	0.09	0.71	0.837	1	0	0	1960	202	0.099	0.75	0.855	0	0	0	2130	4	0.002	0.24	0.622	84	0	0	1960	4	0.002	0.2	0.629	53	0	0	2130	977	0.292	0.64	0.886	0	0	0	1960	977	0.317	0.66	0.892	1	0	0	2130	1813	0.641	0.76	0.978	0	0	0	1960	1813	0.784	0.84	0.994	0	0	0	2130	1853	0.667	0.84	0.975	0	0	0	1960	1853	0.775	0.91	0.987	0	0	0	2130	1297	0.554	0.84	0.973	0	0	0	1960	1297	0.654	0.91	0.988	0	0	0																																																	in_vivo_treatment_arms	in_vivo_tissue	unknown	""	high	heart		TRUE	FALSE	mildly_imbalanced		mildly_imbalanced
SRP132397	other | in_vivo_treatment_arms | conf=high |  | n=12	treatment	tissue:other	12	12	8	8	4	4	0	0		16934	0	8	0	0	8	0	0	0	0	generic	3.019	2.684	-1.046	0.0076	0.0061								5.11	0		-1.301	1.248	0.446	-0.38	0.094	M0																																																																																																																																																																																									in_vivo_treatment_arms	in_vivo_tissue	unknown	""	high	other		TRUE	TRUE	single_sex		single_sex
SRP132399	adipose | genotype_comparison | conf=high |  | n=10	genotype/variation	tissue:adipose	10	10	10	10	5	5	0	0		15102.5	0	10	0	0	10	0	0	0	0	adipose	1.639	5.624	0.931	9e-04	6e-04								9.02	0		-8.991	2.851	1.551	-1.123	-0.181	M0																																																																																																																																																																																									genotype_comparison	in_vivo_tissue	unknown	""	high	adipose		TRUE	TRUE	single_sex		single_sex
SRP132400	other | in_vivo_treatment_arms | conf=medium |  | n=11	agent	tissue:other	11	11	11	11	6	5	1	0		16241	11	0	6	5	11	0	0	0	0	generic	1.878	-0.739	1.643	0.0043	0.004								5.42	0		1.061	0.462	-0.701	0.638	-0.4	M0																																																																																																																																																																																									in_vivo_treatment_arms	in_vivo_tissue	female_only	""	medium	other		TRUE	TRUE	single_sex		single_sex
SRP132407	other | in_vivo_treatment_arms | conf=high |  | n=14	agent	tissue:other	14	12	12	12	6	6	1	0		16710.5	12	0	6	6	12	0	0	0	0	generic	-0.199	-0.225	1.319	0.0037	0.0026								3.41	0		-0.891	-0.097	0.652	-0.843	-0.306	M0																																																																																																																																																																																									in_vivo_treatment_arms	in_vivo_tissue	female_only	""	high	other		TRUE	TRUE	single_sex		single_sex
SRP132471	heart | genotype_comparison | conf=high |  | n=30	genotype/variation	tissue:heart	30	10	10	10	5	5	0.4	0		15851.5	4	6	2	2	10	0	0	0	0	heart	-0.406	0.026	-0.291	0.0037	0.0029								5.12	2	0.143	0.068	-1.509	1.688	-2.164	1.01	M0,M1,M0perm,M3,M4,M5,M4perm,M5perm,M0permw	20	20	0.818	0.83	0.998	0	0	0	20	12	0.524	0.74	0.957	0	0	0	20	47	0.426	0.68	0.997	0	0	0	20	549	0.036	0.41	0.806	0	0	0	20	549	0.035	0.38	0.808	0	0	0	20	0	0	0.4	0.878	0	0	0	20	0	0	0.41	0.88	0	0	0	20	4341	0.005	0.31	0.962	0	0	1	20	4341	0.005	0.32	0.966	0	0	1	20	8	0.333	0.49	0.895	0	0	0	20	8	0.333	0.54	0.895	0	0	0	20	4	0.2	0.67	0.986	0	0	0	20	4	0.2	0.69	0.989	0	0	0																																																																																	genotype_comparison	in_vivo_tissue	unknown	""	high	heart		TRUE	FALSE	balanced		balanced
SRP132477	brain_cns | in_vivo_treatment_arms | conf=high |  | n=1783	self-administration	in:region=nucleus accumbens;tissue:brain_cns	1783	230	39	39	20	19	0	0		17460	0	39	0	0	0	0	0	0	39	brain	-0.056	0.338	0.468	0.001	0.001								6.44	0		0.392	-0.371	-0.257	0.201	-0.022	M0																																																																																																																																																																																									in_vivo_treatment_arms	in_vivo_tissue	male_only	""	high	brain_cns		TRUE	TRUE	single_sex		single_sex
SRP132586	blood_immune | in_vivo_treatment_arms | conf=high |  | n=45	treatment	in:tissue=lung;tissue:blood_immune	45	32	9	9	4	5	1	0		18642	9	0	4	5	9	0	0	0	9	blood	2.226	-4.137	-0.999	0.0184	0.0173								3.86	0		-1.861	-0.727	1.793	-2.342	-0.388	M0																																																																																																																																																																																									in_vivo_treatment_arms	in_vivo_tissue	unknown	""	high	blood_immune		TRUE	TRUE	single_sex		single_sex
SRP132678	other | genotype_comparison | conf=high |  | n=48	genotype	tissue:other	48	48	32	32	16	16	0	0		19284.5	0	32	0	0	0	0	0	0	0	generic	-0.038	0.243	-0.284	9e-04	8e-04								16.43	0		-0.15	0.22	0.092	0.336	0.167	M0																																																																																																																																																																																									genotype_comparison	in_vivo_tissue	male_only	""	high	other		TRUE	TRUE	single_sex		single_sex
SRP132851	brain_cns | genotype_comparison | conf=medium |  | n=16	genotype	in:intravenous infection=challenged with lcmvwt;tissue:brain_cns	16	16	9	9	4	5	0.22	0.5		17864	2	7	2	0	9	0	0	0	9	brain	1.653	-0.06	3.082	2e-04	2e-04								2.65	0		0.575	-1.485	2.097	-2.337	0.631	M0,M1,M0perm,M4,M5,M4perm,M5perm,M0permw	1127	490	0.421	0.78	0.93	0	0	0	1127	306	0.272	0.86	0.976	0	0	0	1127	217	0.193	0.97	0.978	0	0	0																	1127	1231	0.506	0.69	0.774	0	0	0	490	1231	0.398	0.79	0.923	0	0	0	1127	1168	0.208	0.44	0.684	0	0	0	490	1168	0.23	0.42	0.496	0	0	0	1127	342	0.298	0.64	0.928	0	0	0	490	342	0.661	0.79	0.995	0	0	0	1127	60	0.053	0.63	0.639	0	0	0	490	60	0.122	0.66	0.747	0	0	0																																																																																	genotype_comparison	in_vivo_tissue	unknown	""	medium	brain_cns		TRUE	FALSE	partially_confounded		partially_confounded
SRP132854	other | genotype_comparison | conf=high |  | n=12	genotype	tissue:other	12	12	12	11	6	5	0.64	0.067		15407	7	4	4	3	11	0	0	1	11	generic	-0.33	0.673	-0.674	0.0016	0.0016								6.74	1	0.194	0.527	0.23	-0.137	0.842	-0.195	M0,M1,M0perm,M3,M4,M5,M4perm,M5perm,M0permw	372	335	0.841	0.91	0.98	0	0	0	372	1024	0.363	0.78	0.962	0	0	0	372	539	0.684	0.84	0.975	0	0	0	372	4181	0.089	0.4	0.914	0	0	0	335	4181	0.08	0.41	0.906	0	0	0	372	2131	0.171	0.42	0.719	0	0	0	335	2131	0.157	0.42	0.656	0	0	0	372	2195	0.168	0.45	0.808	0	0	0	335	2195	0.152	0.46	0.802	0	0	0	372	139	0.345	0.7	0.715	0	0	0	335	139	0.374	0.67	0.659	0	0	0	372	167	0.411	0.68	0.905	0	0	0	335	167	0.438	0.69	0.895	0	0	0																																																																																	genotype_comparison	ex_vivo_primary_cells	unknown	""	high	other		TRUE	FALSE	balanced		balanced
SRP132873	heart | genotype_comparison | conf=medium | pooled_samples | n=36	genotype	in:developmental stage=e12.5;tissue:heart	36	36	12	11	4	7	0.55	0.714		16328	6	5	4	2	11	0	0	1	11	heart	-3.356	-1.959	-0.446	0.0104	0.0074	readlen	0.463					0.463	3.13	3	0.446	-1.442	-1.125	-0.408	0.421	-2.458	M0,M1,M0perm,M3,M4,M5,M6,M7,M4perm,M5perm,M6perm,M7perm,M0permw	7713	6463	0.473	0.52	0.891	16	1	0	7713	6955	0.871	0.94	0.997	0	1	1	7713	7000	0.533	0.44	0.93	1	1	0	7713	12956	0.587	0.52	0.974	0	1	1	6463	12956	0.475	0.3	0.872	43	0	1	7713	6658	0.491	0.49	0.884	11	1	0	6463	6658	0.846	0.73	0.986	0	0	0	7713	2699	0.148	0.21	0.647	867	1	0	6463	2699	0.375	0.32	0.703	211	0	0	7713	5304	0.391	0.46	0.865	25	1	0	6463	5304	0.766	0.7	0.979	0	0	0	7713	6697	0.512	0.57	0.894	18	1	0	6463	6697	0.834	0.72	0.994	0	0	0	7713	6350	0.473	0.53	0.889	13	1	0	6463	6350	0.922	0.86	0.997	0	0	0	7713	6184	0.452	0.45	0.889	22	1	0	6463	6184	0.924	0.83	0.997	0	0	0																	7713	7511	0.518	0.53	0.882	16	1	0	6463	7511	0.846	0.8	0.99	0	0	0	7713	6547	0.475	0.51	0.864	16	1	0	6463	6547	0.908	0.88	0.989	0	0	0	genotype_comparison	in_vivo_tissue	unknown	pooled_samples	medium	heart		TRUE	FALSE	partially_confounded		partially_confounded
SRP132899	tumor | between_subject_case_control | conf=medium | tumor_tissue | n=8	age of host	tissue:tumor	8	8	8	8	4	4	0	0	Inf	16804	0	8	0	0	0	0	0	0	0	generic	-0.5	-0.77	0.431	1e-04	1e-04								0.63	0		1.419	-0.517	0.108	-0.12	0.902	M0																																																																																																																																																																																									between_subject_case_control	in_vivo_tissue	male_only	tumor_tissue	medium	tumor		TRUE	TRUE	single_sex	completely_confounded	single_sex
SRP132926	liver | genotype_comparison | conf=medium |  | n=22	genotype	tissue:liver	22	22	22	22	11	11	0	0		15823	0	22	0	0	22	0	0	0	22	liver	0.4	1.21	0.381	0.0019	0.0017								2.91	0		-0.504	-0.207	-0.078	0.005	-0.237	M0																																																																																																																																																																																									genotype_comparison	in_vivo_tissue	unknown	""	medium	liver		TRUE	TRUE	single_sex		single_sex
SRP132927	liver | genotype_comparison | conf=high |  | n=12	genotype	tissue:liver	12	12	12	12	6	6	0	0		15548.5	0	12	0	0	12	0	0	0	12	liver	0.436	0.963	-1.618	3e-04	2e-04								2.92	0		-1.179	-0.682	0.931	-1.044	-0.343	M0																																																																																																																																																																																									genotype_comparison	in_vivo_tissue	unknown	""	high	liver		TRUE	TRUE	single_sex		single_sex
SRP132932	blood_immune | genotype_comparison | conf=high |  | n=26	genotype/variation	tissue:blood_immune	26	26	11	11	4	7	0.45	0.071		14150	5	6	2	3	11	0	0	0	11	blood	-1.072	-0.924	-1.931	0	0								8.6	2	0.91	2.127	-0.333	0.707	-0.785	-0.696	M0,M1,M0perm,M3,M4,M5,M4perm,M5perm,M0permw	1343	695	0.507	0.95	0.998	0	0	3	1343	4310	0.31	0.85	0.98	0	0	0	1343	633	0.467	0.93	0.998	0	0	0	1343	222	0.142	0.81	0.785	4	0	0	695	222	0.261	0.82	0.787	0	3	0	1343	30	0.02	0.64	0.316	53	0	0	695	30	0.037	0.65	0.322	2	3	0	1343	161	0.117	0.8	0.957	0	0	1	695	161	0.225	0.8	0.959	0	3	1	1343	121	0.089	0.81	0.967	0	0	0	695	121	0.172	0.81	0.967	0	3	0	1343	335	0.236	0.83	0.983	0	0	3	695	335	0.447	0.84	0.985	0	3	3																																																																																	genotype_comparison	ex_vivo_primary_cells	unknown	""	high	blood_immune		TRUE	FALSE	balanced		balanced
SRP132960	reproductive | genotype_comparison | conf=high |  | n=30	genotype	tissue:reproductive	30	30	21	21	15	6	0	0	0.182	17443	0	21	0	0	0	0	0	0	0	generic	0.363	0.025	0.102	2e-04	2e-04								3.71	0		-0.472	0.636	0.843	-0.82	0.02	M0																																																																																																																																																																																									genotype_comparison	ex_vivo_primary_cells	male_only	""	high	reproductive		TRUE	TRUE	single_sex	balanced	single_sex
SRP132997	brain_cns | genotype_comparison | conf=high |  | n=31	genotype	tissue:brain_cns	31	31	31	31	13	18	0.45	0.017		18152	14	17	6	8	0	0	0	0	31	brain	0.477	-0.216	-0.318	3e-04	2e-04								4.1	4	0.883	-0.189	0.546	0.143	-0.248	-0.116	M0,M1,M0perm,M3,M4,M5,M4perm,M5perm,M0permw	1	1	1	0.76	0.995	0	0	0	1	1	1	0.87	0.989	0	0	0	1	1	1	0.97	0.999	0	0	0	1	5	0.2	0.32	0.731	0	0	0	1	5	0.2	0.35	0.74	0	0	0	1	1	1	0.54	0.914	0	0	0	1	1	1	0.63	0.919	0	0	0	1	1	1	0.38	0.734	0	0	0	1	1	1	0.4	0.742	0	0	0	1	1	1	0.73	0.992	0	0	0	1	1	1	0.91	0.997	0	0	0	1	1	1	0.69	0.989	0	0	0	1	1	1	0.85	0.994	0	0	0																																																																																	genotype_comparison	in_vivo_tissue	both_sexes	""	high	brain_cns		TRUE	FALSE	balanced		balanced
SRP133012	other | in_vivo_treatment_arms | conf=high |  | n=8	treatment	tissue:other	8	8	8	8	4	4	0	0		16074.5	0	8	0	0	8	0	0	0	8	generic	5.026	1.911	1.1	0.0033	0.0022								3.74	0		-0.935	-0.903	-0.831	0.414	0.719	M0																																																																																																																																																																																									in_vivo_treatment_arms	ex_vivo_primary_cells	unknown	""	high	other		TRUE	TRUE	single_sex		single_sex
SRP133024	blood_immune | genotype_comparison | conf=high |  | n=12	genotype	subj:isolate;tissue:blood_immune	12	12	12	12	6	6	0.33	0.333		15098	4	8	1	3	12	0	0	0	12	blood	0.376	-0.292	0.429	1e-04	1e-04								2.68	2	0.552	0.915	0.606	0.649	-0.696	0.108	M0,M1,M0perm,M3,M4,M5,M4perm,M5perm,M0permw	801	889	0.628	0.75	0.961	0	0	0	801	505	0.626	0.92	0.999	0	0	0	801	297	0.357	0.87	0.971	0	0	0	801	1732	0.389	0.52	0.931	0	0	1	889	1732	0.489	0.61	0.956	0	0	1	801	1966	0.307	0.48	0.879	0	0	0	889	1966	0.397	0.62	0.952	0	0	0	801	1977	0.36	0.54	0.949	0	0	1	889	1977	0.447	0.67	0.992	0	0	1	801	241	0.227	0.57	0.862	0	0	0	889	241	0.231	0.69	0.914	0	0	0	801	172	0.195	0.72	0.958	0	0	0	889	172	0.191	0.82	0.983	0	0	0																																																																																	genotype_comparison	ex_vivo_primary_cells	unknown	""	high	blood_immune		TRUE	FALSE	partially_confounded		partially_confounded
SRP133035	reproductive | between_subject_case_control | conf=medium |  | n=12	phenotype	tissue:reproductive	12	12	12	12	6	6	1	0		15969.5	12	0	6	6	0	1	0	0	12	generic	-0.203	0.861	-0.329	0.0175	0.0129	readlen	0					0	14.04	0		-0.143	-0.515	-2.192	2.237	-1.111	M0																																																																																																																																																																																									between_subject_case_control	in_vivo_tissue	female_only	""	medium	reproductive		TRUE	TRUE	single_sex		single_sex
SRP133057	liver | in_vivo_treatment_arms | conf=medium |  | n=17	treated with	tissue:liver	17	17	15	15	8	7	0	0		13498	0	15	0	0	0	0	0	0	15	liver	0.274	2.343	0.895	9e-04	9e-04								5.66	0		-0.656	1.181	1.638	-1.563	-0.505	M0																																																																																																																																																																																									in_vivo_treatment_arms	in_vivo_tissue	male_only	""	medium	liver		TRUE	TRUE	single_sex		single_sex
SRP133158	brain_cns | genotype_comparison | conf=medium |  | n=76	genotype	ex:tissue=embryonic fibroblast;tissue:brain_cns	76	76	14	14	7	7	0.14	0.286		18106.5	2	12	2	0	14	0	0	0	6	brain	-0.048	-0.006	-0.789	0.005	0.0045	readlen	0					0	3.73	1	0.228	-0.205	0.159	0.635	-0.641	0.335	M0,M1,M0perm,M3,M4,M5,M6,M4perm,M5perm,M6perm,M0permw	0	0		0.56	0.582	0	0	0	0	0		0.94	0.995	0	0	0	0	0		0.65	0.757	0	0	0	0	1006	0	0.21	0.905	0	0	1	0	1006	0	0.24	0.61	0	0	1	0	26	0	0.27	0.722	0	0	0	0	26	0	0.36	0.824	0	0	0	0	103	0	0.3	0.887	0	0	0	0	103	0	0.34	0.466	0	0	0	0	0		0.41	0.457	0	0	0	0	0		0.69	0.974	0	0	0	0	0		0.5	0.491	0	0	0	0	0		0.8	0.985	0	0	0																																																	0	580	0	0.15	0.877	0	0	1	0	580	0	0.18	0.506	0	0	1	0	0		0.48	0.497	0	0	0	0	0		0.79	0.987	0	0	0	genotype_comparison	in_vivo_tissue	unknown	""	medium	brain_cns		TRUE	FALSE	mildly_imbalanced		mildly_imbalanced
SRP133169	other | genotype_comparison | conf=medium |  | n=34	genotype/variation	tissue:other	34	34	14	13	4	9	0.15	0.222		16920.5	2	11	0	2	13	0	0	1	13	generic	1.444	-0.507	0.265	0	0								10.48	4	0.087	1.86	-0.779	0.914	-1.023	0.392	M0,M1,M0perm,M3,M4,M5,M4perm,M5perm,M0permw	6651	5900	0.845	0.9	0.993	0	0	0	6651	5882	0.874	0.95	0.997	0	0	0	6651	5577	0.835	0.97	0.998	0	0	0	6651	10645	0.623	0.51	0.985	0	0	0	5900	10645	0.551	0.47	0.982	0	0	0	6651	3180	0.433	0.68	0.862	19	0	0	5900	3180	0.471	0.64	0.862	6	0	0	6651	3457	0.458	0.71	0.91	2	0	0	5900	3457	0.5	0.67	0.917	0	0	0	6651	5647	0.726	0.81	0.962	0	0	0	5900	5647	0.746	0.81	0.962	0	0	0	6651	5079	0.716	0.81	0.976	0	0	0	5900	5079	0.773	0.79	0.98	0	0	0																																																																																	genotype_comparison	ex_vivo_primary_cells	unknown	""	medium	other		TRUE	FALSE	mildly_imbalanced		mildly_imbalanced
SRP133190	heart | genotype_comparison | conf=medium |  | n=13	breed	tissue:heart	13	13	13	13	7	6	0	0	1.595	15605	0	13	0	0	0	0	0	0	0	heart	-0.318	-0.406	0.091	0.002	0.0014								0.79	0		0.363	-0.445	-0.246	0.45	0.329	M0																																																																																																																																																																																									genotype_comparison	in_vivo_tissue	male_only	""	medium	heart		TRUE	TRUE	single_sex	partially_confounded	single_sex
SRP133375	gut | genotype_comparison | conf=high |  | n=28	genotype	tissue:gut	28	28	28	24	13	11	0.88	0.105	0.061	15246.5	21	3	12	9	24	0	0	4	0	gut	2.672	0.59	-1.429	3e-04	3e-04								4.59	4	0.167	-1.963	1.307	-0.228	0.498	0.372	M0,M1,M0perm,M2,M2perm,M3,M4,M5,M4perm,M5perm,M0permw	6900	6204	0.867	0.96	0.995	0	0	0	6900	6646	0.924	0.98	0.998	0	0	0	6900	6065	0.864	0.99	0.996	0	0	0	6900	9390	0.684	0.83	0.962	0	0	0	6204	9390	0.635	0.83	0.956	0	0	0	6900	1517	0.197	0.87	0.858	85	0	0	6204	1517	0.218	0.88	0.872	62	0	0	6900	1369	0.131	0.75	0.281	2042	0	0	6204	1369	0.143	0.76	0.266	1583	0	0	6900	4646	0.657	0.93	0.985	0	0	0	6204	4646	0.736	0.96	0.99	0	0	0	6900	6177	0.805	0.95	0.986	0	0	0	6204	6177	0.837	0.96	0.99	0	0	0																																	6900	6958	0.83	0.82	0.99	0	0	0	6900	6421	0.784	0.94	0.976	0	0	0																																	genotype_comparison	in_vivo_tissue	both_sexes	""	high	gut		TRUE	FALSE	balanced	balanced	balanced
SRP133489	liver | in_vivo_treatment_arms | conf=high |  | n=38	agent	tissue:liver	38	21	21	21	12	9	0	0		15205	0	21	0	0	21	0	0	0	21	liver	-0.186	0.315	0.007	0.0103	0.01								16.84	0		1.051	0.384	0.053	-0.102	-0.007	M0																																																																																																																																																																																									in_vivo_treatment_arms	in_vivo_tissue	unknown	""	high	liver		TRUE	TRUE	single_sex		single_sex
SRP133512	brain_cns | genotype_comparison | conf=high |  | n=8	genotype	tissue:brain_cns	8	8	8	8	4	4	0.62	0.25		16214.5	5	3	2	3	8	0	0	0	0	brain	-0.944	0.3	-0.834	0	0								8.29	0		-0.745	0.793	0.306	-0.081	0.603	M0,M1,M0perm,M4,M5,M4perm,M5perm,M0permw	31	26	0.583	0.82	0.959	0	0	0	31	13	0.419	0.92	0.972	0	0	0	31	23	0.5	0.89	0.965	0	0	0																	31	30	0.488	0.58	0.886	0	0	0	26	30	0.514	0.62	0.915	0	0	0	31	3	0.097	0.64	0.794	0	0	0	26	3	0.115	0.65	0.814	0	0	0	31	25	0.302	0.48	0.717	0	0	0	26	25	0.214	0.48	0.734	0	0	0	31	50	0.446	0.68	0.924	0	0	0	26	50	0.52	0.7	0.941	0	0	0																																																																																	genotype_comparison	ex_vivo_primary_cells	unknown	""	high	brain_cns		TRUE	FALSE	mildly_imbalanced		mildly_imbalanced
SRP133520	lung | in_vivo_treatment_arms | conf=medium |  | n=13	tumor present	in:source_name=lung;tissue:lung	13	13	10	10	4	6	1	0		17364	10	0	4	6	10	0	0	0	0	lung	0.645	0.367	-0.524	0.0259	0.0257								9.08	0		-1.334	4.809	-1.072	2.667	0.172	M0																																																																																																																																																																																									in_vivo_treatment_arms	in_vivo_tissue	unknown	""	medium	lung		TRUE	TRUE	single_sex		single_sex
SRP133734	tumor | between_subject_case_control | conf=medium | tumor_tissue | n=39	tissue	ex:source_name=prostate cancer metastasis;tissue:tumor	39	39	15	14	6	8	0	0		16717	0	14	0	0	14	0	0	1	14	generic	-0.265	0.713	0.827	3e-04	3e-04								9.8	0		-2.153	1.579	-1.727	1.388	1.713	M0																																																																																																																																																																																									between_subject_case_control	in_vivo_tissue	male_only	tumor_tissue	medium	tumor		TRUE	TRUE	single_sex		single_sex
SRP133781	other | genotype_comparison | conf=medium | tumor_tissue | n=29	genotype	in:tissue=epithelial crypt;tissue:other	29	29	8	8	4	4	0.38	0.25		16027	3	5	2	1	8	0	0	0	8	generic	-0.245	-0.229	0.408	1e-04	1e-04								6.49	0		2.14	-2.651	-1.284	0.515	-5.043	M0,M1,M0perm,M4,M5,M4perm,M5perm,M0permw	1500	1257	0.636	0.83	0.987	0	0	0	1500	949	0.578	0.81	0.991	0	0	0	1500	998	0.616	0.74	0.99	0	0	0																	1500	40	0.024	0.33	0.69	8	0	0	1257	40	0.025	0.37	0.712	0	0	0	1500	2395	0.533	0.57	0.981	0	0	0	1257	2395	0.495	0.62	0.991	0	0	0	1500	0	0	0.36	0.811	0	0	0	1257	0	0	0.4	0.831	0	0	0	1500	714	0.279	0.37	0.941	0	0	0	1257	714	0.351	0.41	0.949	0	0	0																																																																																	genotype_comparison	ex_vivo_primary_cells	unknown	tumor_tissue	medium	other		TRUE	FALSE	mildly_imbalanced		mildly_imbalanced
SRP134051	other | in_vivo_treatment_arms | conf=medium |  | n=63	treatment	in:source_name=drg;ex:source_name=cultured drg neurons;ex:source_name=adult brain;tissue:other	63	63	17	14	6	8	0.64	0.042		17635	9	5	4	5	14	0	0	3	14	generic	1.246	0.199	-0.282	0.0136	0.013	readlen	0.125					0.125	4.42	3	0.402	-0.298	0.185	0.097	0.009	0.065	M0,M1,M0perm,M3,M4,M5,M6,M7,M4perm,M5perm,M6perm,M7perm,M0permw	685	765	0.873	0.89	0.992	0	0	0	685	223	0.301	0.81	0.802	0	0	0	685	670	0.903	0.95	0.993	0	0	0	685	2315	0.295	0.6	0.894	0	0	0	765	2315	0.329	0.64	0.904	0	0	0	685	1680	0.407	0.73	0.948	0	0	0	765	1680	0.454	0.76	0.946	0	0	0	685	245	0.33	0.7	0.601	0	0	0	765	245	0.307	0.73	0.599	0	0	0	685	560	0.751	0.88	0.951	0	0	0	765	560	0.707	0.93	0.964	0	0	0	685	600	0.802	0.89	0.981	0	0	0	765	600	0.764	0.91	0.99	0	0	0	685	844	0.778	0.84	0.986	0	0	0	765	844	0.86	0.91	0.993	0	0	0	685	406	0.581	0.89	0.871	0	0	0	765	406	0.523	0.93	0.887	0	0	0																	685	951	0.715	0.88	0.953	0	0	0	765	951	0.801	0.93	0.969	0	0	0	685	433	0.627	0.91	0.953	0	0	0	765	433	0.566	0.94	0.96	0	0	0	in_vivo_treatment_arms	in_vivo_tissue	unknown	""	medium	other		TRUE	FALSE	balanced		balanced
SRP134109	blood_immune | in_vivo_treatment_arms | conf=high |  | n=8	treatment	tissue:blood_immune	8	8	8	8	4	4	0	0		18164.5	0	8	0	0	8	0	0	0	8	blood	0.11	-1.136	0.01	0.0031	0.0023								6.95	0		0.672	0.373	0.404	-0.037	-1.497	M0																																																																																																																																																																																									in_vivo_treatment_arms	in_vivo_tissue	unknown	""	high	blood_immune		TRUE	TRUE	single_sex		single_sex
SRP134115	brain_cns | in_vivo_treatment_arms | conf=medium |  | n=23	condition	in:rna sample type=flow through;tissue:brain_cns	23	23	9	9	5	4	0	0		5926	0	9	0	0	9	0	0	0	9	brain	-0.167	-2.217	0.999	6e-04	4e-04								1.75	0		6.586	6.854	-6.262	6.847	-0.032	M0																																																																																																																																																																																									in_vivo_treatment_arms	in_vivo_tissue	unknown	""	medium	brain_cns		TRUE	TRUE	single_sex		single_sex
SRP134146	liver | genotype_comparison | conf=medium | pooled_samples | n=12	strain	tissue:liver	12	12	12	12	6	6	0	0	1.826	14429.5	0	12	0	0	0	0	0	0	0	liver	-0.163	-1.13	-0.154	3e-04	3e-04								10.2	0		0.29	-0.863	-0.193	0.094	-0.981	M0																																																																																																																																																																																									genotype_comparison	ex_vivo_primary_cells	male_only	pooled_samples	medium	liver		TRUE	TRUE	single_sex	completely_confounded	single_sex
SRP134204	other | in_vivo_treatment_arms | conf=high |  | n=40	source_name	tissue:other	40	40	10	10	5	5	1	0		18041	10	0	5	5	0	0	0	0	10	generic	-0.141	0.767	-0.08	2e-04	1e-04								10.99	0		-0.52	-0.855	1.192	-1.102	0.282	M0																																																																																																																																																																																									in_vivo_treatment_arms	in_vivo_tissue	both_sexes	""	high	other		TRUE	TRUE	single_sex		single_sex
SRP134375	other | genotype_comparison | conf=medium |  | n=16	treatment	tissue:other	16	16	16	15	11	4	0.6	0.205		13496.5	9	6	6	3	15	0	0	1	15	generic	1.083	1.794	0.919	0	0								9.98	3	0.245	0.894	1.447	1.668	-1.529	-0.229	M0,M1,M0perm,M3,M4,M5,M4perm,M5perm,M0permw	269	244	0.693	0.75	0.983	0	0	0	269	413	0.593	0.69	0.979	0	0	0	269	140	0.515	0.87	0.987	0	0	0	269	573	0.206	0.24	0.677	0	0	0	244	573	0.232	0.28	0.685	0	0	0	269	5	0.019	0.48	0.725	0	0	0	244	5	0.02	0.52	0.696	0	0	0	269	1	0.004	0.36	0.502	0	0	0	244	1	0.004	0.41	0.47	0	0	0	269	74	0.243	0.62	0.962	0	0	0	244	74	0.277	0.72	0.968	0	0	0	269	228	0.466	0.6	0.962	0	0	0	244	228	0.542	0.65	0.976	0	0	0																																																																																	genotype_comparison	in_vivo_tissue	unknown	""	medium	other		TRUE	FALSE	mildly_imbalanced		mildly_imbalanced
SRP135229	brain_cns | genotype_comparison | conf=high |  | n=16	genotype	tissue:brain_cns	16	16	16	16	8	8	0	0	0	18040.5	0	16	0	0	0	0	0	0	0	brain	0.625	-0.323	0.243	9e-04	7e-04								4.16	0		-0.619	0.808	0.777	-0.708	0.619	M0																																																																																																																																																																																									genotype_comparison	in_vivo_tissue	male_only	""	high	brain_cns		TRUE	TRUE	single_sex	balanced	single_sex
SRP135253	blood_immune | genotype_comparison | conf=high |  | n=10	genotype	tissue:blood_immune	10	10	10	10	5	5	1	0		12347.5	10	0	5	5	10	0	0	0	10	blood	-2.895	-2.261	0.15	0.006	0.0052								3.62	0		-2.016	-0.64	1.042	-1.266	0.569	M0																																																																																																																																																																																									genotype_comparison	ex_vivo_primary_cells	unknown	""	high	blood_immune		TRUE	TRUE	single_sex		single_sex
SRP135491	other | genotype_comparison | conf=high | pooled_samples | n=14	genotype/variation	tissue:other	14	14	14	14	6	8	1	0		16098	14	0	6	8	14	0	0	0	14	generic	1.389	0.961	1.047	0.0025	0.0025								14.17	0		-0.701	0.778	-0.101	0.17	2.719	M0																																																																																																																																																																																									genotype_comparison	ex_vivo_primary_cells	unknown	pooled_samples	high	other		TRUE	TRUE	single_sex		single_sex
SRP135539	blood_immune | in_vivo_treatment_arms | conf=medium |  | n=60	treatment	tissue:blood_immune	60	60	56	56	28	28	1	0	0	10203	56	0	28	28	0	0	3	0	0	blood	1.114	-0.427	-0.036	0.8639	0.367								4.38	0		-0.578	0.166	-0.398	0.139	0.419	M0																																																																																																																																																																																									in_vivo_treatment_arms	in_vivo_tissue	female_only	""	medium	blood_immune		TRUE	TRUE	single_sex	balanced	single_sex
SRP135768	liver | genotype_comparison | conf=high |  | n=39	genotype/variation	in:tissue=liver tissue;tissue:liver	39	39	24	24	13	11	0	0		13975	0	24	0	0	0	0	0	0	24	liver	0.086	0.303	-0.614	8e-04	7e-04	platform	0.06	0.06					3.59	0		-0.059	0.139	-0.247	0.43	-0.23	M0																																																																																																																																																																																									genotype_comparison	in_vivo_tissue	male_only	""	high	liver		TRUE	TRUE	single_sex		single_sex
SRP136246	tumor | in_vivo_treatment_arms | conf=high | tumor_tissue | n=14	injected with	in:cell type=tumor-associated plasmacytoid dendritic cells (pdc);tissue:tumor	14	14	8	8	4	4	1	0		15274.5	8	0	4	4	8	0	0	0	0	generic	-0.672	1.692	-0.398	0	0								2	0		-1.139	0.246	-0.665	0.779	-0.636	M0																																																																																																																																																																																									in_vivo_treatment_arms	ex_vivo_primary_cells	unknown	tumor_tissue	high	tumor		TRUE	TRUE	single_sex		single_sex
SRP136251	blood_immune | genotype_comparison | conf=medium |  | n=28	genotype	in:source_name=lineage-scai-ckit+ cells from the bone marrow;ex:treatment=splenic transplant recipient;tissue:blood_immune	28	28	8	8	4	4	1	0		15457.5	8	0	4	4	8	0	0	0	8	blood	-0.838	-3.423	0.088	4e-04	3e-04								0.87	0		0.816	-1.265	1.152	-1.266	2.252	M0																																																																																																																																																																																									genotype_comparison	ex_vivo_primary_cells	unknown	""	medium	blood_immune		TRUE	TRUE	single_sex		single_sex
SRP136270	gut | genotype_comparison | conf=high |  | n=24	genotype/variation	tissue:gut	24	24	24	24	12	12	0	0		17691	0	24	0	0	24	0	0	0	24	gut	-2.268	-1.799	-0.865	2e-04	1e-04								2.06	0		-0.097	-0.395	-0.412	0.669	0.461	M0																																																																																																																																																																																									genotype_comparison	in_vivo_tissue	unknown	""	high	gut		TRUE	TRUE	single_sex		single_sex
SRP136322	other | genotype_comparison | conf=medium |  | n=19	genotype	in:sgrna=none;tissue:other	19	19	9	9	4	5	0.78	0.05		18229	7	2	3	4	0	0	0	0	9	generic	0.553	0.812	1.366	0.0014	0.0011								6.79	0		-0.088	-0.327	0.331	-0.261	-0.624	M0,M1,M0perm,M4,M5,M4perm,M5perm,M0permw	0	1	0	0.77	0.995	0	0	0	0	1	0	0.84	0.997	0	0	0	0	0		0.85	0.996	0	0	0																	0	3	0	0.31	0.955	0	0	0	1	3	0.333	0.33	0.956	0	0	0	0	1	0	0.53	0.914	0	0	0	1	1	0	0.52	0.911	0	0	0	0	0		0.01	0.671	0	0	0	1	0	0	0	0.677	0	0	0	0	0		0.4	0.897	0	0	0	1	0	0	0.39	0.908	0	0	0																																																																																	genotype_comparison	in_vivo_tissue	both_sexes	""	medium	other		TRUE	FALSE	balanced		balanced
SRP136494	other | in_vivo_treatment_arms | conf=medium | pooled_samples | n=72	condition	in:source_name=main olfactory epithelium (moe);tissue:other	72	36	12	12	6	6	0.5	0		19401.5	6	6	3	3	0	0	0	0	0	generic	0.516	0.526	-0.994	6e-04	4e-04								7.09	3	0.577	-1.16	0.291	-0.035	0.898	0.23	M0,M1,M0perm,M3,M4,M5,M4perm,M5perm,M0permw	1	0	0	0.74	0.992	0	0	0	1	0	0	0.76	0.994	0	0	0	1	0	0	0.86	0.994	0	0	0	1	1	1	0.41	0.945	0	0	0	0	1	0	0.47	0.945	0	0	0	1	0	0	0.35	0.781	0	0	0	0	0		0.34	0.784	0	0	0	1	0	0	0.53	0.958	0	0	0	0	0		0.61	0.965	0	0	0	1	0	0	0.38	0.895	0	0	0	0	0		0.43	0.898	0	0	0	1	0	0	0.36	0.814	0	0	0	0	0		0.39	0.819	0	0	0																																																																																	in_vivo_treatment_arms	in_vivo_tissue	both_sexes	pooled_samples	medium	other		TRUE	FALSE	balanced		balanced
SRP136558	blood_immune | in_vivo_treatment_arms | conf=medium |  | n=24	temperature	ex:cell type=ap (adipose progenitor);tissue:blood_immune	24	24	12	12	6	6	0	0		16052.5	0	12	0	0	0	0	0	0	12	blood	-0.987	-0.151	0.433	0	0								2.84	0		0.289	0.65	-0.756	0.542	-0.315	M0																																																																																																																																																																																									in_vivo_treatment_arms	ex_vivo_primary_cells	male_only	""	medium	blood_immune		TRUE	TRUE	single_sex		single_sex
SRP136604	brain_cns | genotype_comparison | conf=high |  | n=96	genotype	in:tissue=hippocampus;tissue:brain_cns	96	96	10	10	4	6	0	0		18926	0	10	0	0	0	0	0	0	0	brain	-0.936	0.027	1.607	1e-04	1e-04	readlen	0.408					0.408	2.2	0		-0.19	0.3	-0.118	0.099	-0.815	M0																																																																																																																																																																																									genotype_comparison	in_vivo_tissue	male_only	""	high	brain_cns		TRUE	TRUE	single_sex		single_sex
SRP136714	brain_cns | genotype_comparison | conf=medium | pooled_samples | n=24	genotype	tissue:brain_cns	24	24	24	24	12	12	0.5	0		16522	12	12	6	6	0	0	0	0	0	brain	-0.054	1.271	-2.266	0	0								5.07	5	0.366	1.65	-0.707	0.306	-0.468	0.111	M0,M1,M0perm,M3,M4,M5,M4perm,M5perm,M0permw	6964	7056	0.94	0.91	0.997	0	0	2	6964	6863	0.956	0.95	0.999	0	0	0	6964	6948	0.952	0.93	0.998	0	0	0	6964	7480	0.793	0.66	0.972	0	0	1	7056	7480	0.794	0.65	0.972	2	2	1	6964	4034	0.535	0.77	0.933	9	0	0	7056	4034	0.533	0.77	0.935	9	2	0	6964	4972	0.647	0.82	0.956	0	0	2	7056	4972	0.651	0.84	0.958	0	2	2	6964	5923	0.745	0.84	0.972	0	0	2	7056	5923	0.753	0.89	0.975	0	2	2	6964	6856	0.868	0.85	0.99	0	0	2	7056	6856	0.895	0.88	0.993	0	2	2																																																																																	genotype_comparison	ex_vivo_primary_cells	both_sexes	pooled_samples	medium	brain_cns		TRUE	FALSE	balanced		balanced
SRP136814	other | genotype_comparison | conf=high |  | n=8	genotype	tissue:other	8	8	8	8	4	4	0.62	0.75		14983.5	5	3	1	4	8	0	0	0	0	generic	0.113	-0.478	-1.059	1e-04	1e-04								5.6	0		0.291	0.21	-1.645	1.655	0.648	M0,M1,M0perm,M4,M5,M4perm,M5perm,M0permw	2355	445	0.178	0.63	0.829	3	1	4	2355	3176	0.723	0.7	0.977	0	1	1	2355	445	0.178	0.63	0.829	3	1	4																	2355	2099	0.455	0.5	0.834	3	1	4	445	2099	0.212	0.61	0.919	0	4	4	2355	4692	0.282	0.3	0.692	8	1	4	445	4692	0.095	0.38	0.914	0	4	4	2355	39	0.016	0.49	0.825	2	1	2	445	39	0.085	0.66	0.989	0	4	2	2355	448	0.17	0.45	0.769	3	1	4	445	448	0.564	0.56	0.971	0	4	4																																																																																	genotype_comparison	ex_vivo_primary_cells	unknown	""	high	other		TRUE	FALSE	partially_confounded		partially_confounded
SRP136850	gut | in_vivo_treatment_arms | conf=high |  | n=24	monocolonized with	tissue:gut	24	12	12	12	6	6	0	0		16276	0	12	0	0	0	0	0	0	0	gut	-0.645	-0.58	1.174	2e-04	2e-04								12.61	0		1.338	-1.331	-0.077	0.372	-0.674	M0																																																																																																																																																																																									in_vivo_treatment_arms	in_vivo_tissue	male_only	""	high	gut		TRUE	TRUE	single_sex		single_sex
SRP136879	brain_cns | genotype_comparison | conf=high |  | n=28	genotype	tissue:brain_cns	28	28	18	18	10	8	0	0		17479	0	18	0	0	18	0	0	0	0	brain	-1.016	1.075	0.071	4e-04	3e-04								1.74	0		0.697	-0.334	-0.191	0.233	-0.64	M0																																																																																																																																																																																									genotype_comparison	in_vivo_tissue	unknown	""	high	brain_cns		TRUE	TRUE	single_sex		single_sex
SRP136890	adipose | in_vivo_treatment_arms | conf=high |  | n=16	kept at	in:tissue=inguinal wat;tissue:adipose	16	16	8	8	4	4	1	0		18092.5	8	0	4	4	0	1	0	0	0	adipose	0.607	-0.713	0.733	6e-04	4e-04								5.74	0		1.584	-0.387	-1.397	1.543	0.981	M0																																																																																																																																																																																									in_vivo_treatment_arms	in_vivo_tissue	female_only	""	high	adipose		TRUE	TRUE	single_sex		single_sex
SRP136999	brain_cns | genotype_comparison | conf=medium |  | n=25	genotype	tissue:brain_cns	25	25	25	25	14	11	1	0		19198	25	0	14	11	25	0	0	0	25	brain	-0.092	0.592	-0.108	0.001	7e-04								3.86	0		0.141	-0.424	-0.191	0.157	-0.359	M0																																																																																																																																																																																									genotype_comparison	in_vivo_tissue	unknown	""	medium	brain_cns		TRUE	TRUE	single_sex		single_sex
SRP137009	brain_cns | genotype_comparison | conf=high |  | n=33	genotype	in:tissue=cerebellum;tissue:brain_cns	33	33	18	18	7	11	0	0		17704.5	0	18	0	0	0	0	0	0	0	brain	-0.984	-0.622	-0.544	0.0039	0.0038	readlen	0.357					0.357	5.87	0		0.302	0.725	0.288	-0.346	-0.231	M0																																																																																																																																																																																									genotype_comparison	in_vivo_tissue	male_only	""	high	brain_cns		TRUE	TRUE	single_sex		single_sex
SRP137014	other | genotype_comparison | conf=medium |  | n=100	strain	tissue:other	100	100	67	67	33	34	0	0		18897	0	67	0	0	67	0	0	0	0	generic	-0.06	0.942	-0.899	0.0607	0.051								2.12	0		-0.194	-0.233	0.098	-0.187	-0.086	M0																																																																																																																																																																																									genotype_comparison	in_vivo_tissue	unknown	""	medium	other		TRUE	TRUE	single_sex		single_sex
SRP137053	brain_cns | genotype_comparison | conf=high |  | n=16	genotype/variation	in:tissue=brain - cerebral cortex (ctx);tissue:brain_cns	16	16	8	8	4	4	1	0		13557	8	0	4	4	8	0	0	0	0	brain	-0.521	-0.33	0.826	0.001	8e-04								1.66	0		0.235	0.108	0.15	0.042	-0.248	M0																																																																																																																																																																																									genotype_comparison	in_vivo_tissue	unknown	""	high	brain_cns		TRUE	TRUE	single_sex		single_sex
SRP137723	reproductive | in_vivo_treatment_arms | conf=high |  | n=15	source_name	tissue:reproductive	15	15	15	15	8	7	1	0		16109	15	0	8	7	0	1	3	0	15	generic	-0.658	1.281	1.68	0.0105	0.0086								2.92	0		-1.311	0.065	-0.031	-0.553	0.129	M0																																																																																																																																																																																									in_vivo_treatment_arms	in_vivo_tissue	both_sexes	""	high	reproductive		TRUE	TRUE	single_sex		single_sex
SRP139542	tumor | genotype_comparison | conf=medium | tumor_tissue | n=36	abbreviations	in:sample type=primary_tumor;ex:sample type=cell_line;ex:sample type=cell_line_derived_tumor;tissue:tumor	36	36	20	20	9	11	0.4	0.121		15900.5	8	12	3	5	20	0	0	0	20	generic	-1.083	-1.139	-0.51	0.0017	0.0017								5.18	5	0.218	-0.582	0.619	0.46	-0.473	-0.159	M0,M1,M0perm,M3,M4,M5,M4perm,M5perm,M0permw	2855	2684	0.864	0.89	0.993	0	0	0	2855	2743	0.895	0.89	0.997	0	0	0	2855	3019	0.848	0.88	0.993	0	0	0	2855	2609	0.571	0.47	0.934	0	0	0	2684	2609	0.591	0.47	0.937	0	0	0	2855	2310	0.643	0.73	0.968	0	0	0	2684	2310	0.694	0.74	0.974	0	0	0	2855	1872	0.508	0.55	0.916	0	0	1	2684	1872	0.524	0.57	0.912	0	0	1	2855	2340	0.671	0.68	0.971	0	0	1	2684	2340	0.7	0.7	0.972	0	0	1	2855	1924	0.595	0.72	0.963	0	0	0	2684	1924	0.635	0.75	0.968	0	0	0																																																																																	genotype_comparison	in_vivo_tissue	unknown	tumor_tissue	medium	tumor		TRUE	FALSE	balanced		balanced
SRP139544	heart | genotype_comparison | conf=high |  | n=12	genotype	tissue:heart	12	12	12	12	6	6	0	0		15371	0	12	0	0	12	0	0	0	0	heart	-0.285	1.736	0.141	0.0052	0.0044	platform	1	1					2.34	0		0.323	0.45	0.703	0.177	0.327	M0																																																																																																																																																																																									genotype_comparison	in_vivo_tissue	unknown	""	high	heart		TRUE	TRUE	single_sex		single_sex
SRP139558	blood_immune | in_vivo_treatment_arms | conf=medium |  | n=34	treatment	tissue:blood_immune	34	34	27	27	12	15	1	0		15538	27	0	12	15	27	0	0	0	27	blood	0.062	-0.055	-0.246	0.0021	0.0021								19.5	0		-0.942	0.613	0.502	-0.563	1.095	M0																																																																																																																																																																																									in_vivo_treatment_arms	ex_vivo_primary_cells	unknown	""	medium	blood_immune		TRUE	TRUE	single_sex		single_sex
SRP139599	adipose | in_vivo_treatment_arms | conf=high |  | n=18	diet	tissue:adipose	18	18	18	18	9	9	0	0		17281.5	0	18	0	0	0	0	0	0	18	adipose	0.035	1.916	1.598	0.0154	0.0145								14.47	0		-1.131	-0.172	0.407	-0.377	0.973	M0																																																																																																																																																																																									in_vivo_treatment_arms	in_vivo_tissue	male_only	""	high	adipose		TRUE	TRUE	single_sex		single_sex
SRP139727	lung | genotype_comparison | conf=medium |  | n=8	genotype	tissue:lung	8	8	8	8	4	4	0	0		13762.5	0	8	0	0	8	0	0	0	8	lung	-1.254	-2.199	-0.514	0.0017	0.0015								2.11	0		-0.14	-3.126	1.028	-1.847	-0.174	M0																																																																																																																																																																																									genotype_comparison	ex_vivo_primary_cells	unknown	""	medium	lung		TRUE	TRUE	single_sex		single_sex
SRP139796	reproductive | genotype_comparison | conf=medium |  | n=36	genotype	in:gestational day=4;tissue:reproductive	36	20	8	8	4	4	1	0		18136	8	0	4	4	8	0	0	0	8	generic	1.504	-0.07	1.706	7e-04	6e-04								2.4	0		1.074	-1.54	2.848	-3.186	-11.47	M0																																																																																																																																																																																									genotype_comparison	in_vivo_tissue	female_only	""	medium	reproductive		TRUE	TRUE	single_sex		single_sex
SRP139918	other | genotype_comparison | conf=high |  | n=18	genotype/variation	tissue:other	18	18	18	18	9	9	0.56	0	0.035	16473.5	10	8	5	5	18	0	0	0	0	generic	2.477	3.061	-0.54	9e-04	9e-04	layout	0		0			0	3.56	2	0.659	0.874	0.23	-0.605	0.367	-0.365	M0,M1,M0perm,M2,M2perm,M3,M4,M5,M6,M4perm,M5perm,M6perm,M0permw	7677	9018	0.845	0.74	0.996	0	0	0	7677	7523	0.972	0.96	1	0	0	0	7677	7639	0.958	0.91	0.999	0	0	0	7677	12174	0.63	0.29	0.977	0	0	1	9018	12174	0.738	0.27	0.983	1	0	1	7677	7595	0.786	0.65	0.973	0	0	0	9018	7595	0.763	0.77	0.978	0	0	0	7677	3263	0.262	0.47	0.634	1164	0	0	9018	3263	0.249	0.5	0.647	1432	0	0	7677	8528	0.838	0.72	0.989	0	0	0	9018	8528	0.892	0.89	0.994	0	0	0	7677	8475	0.857	0.72	0.992	0	0	0	9018	8475	0.9	0.89	0.996	0	0	0																																	7677	11394	0.669	0.4	0.975	0	0	0	7677	8021	0.853	0.67	0.989	0	0	0	7677	11246	0.678	0.42	0.977	0	0	0	9018	11246	0.8	0.53	0.988	0	0	0	7677	8860	0.858	0.74	0.996	0	0	0	9018	8860	0.973	0.94	1	0	0	0	genotype_comparison	in_vivo_tissue	unknown	""	high	other		TRUE	FALSE	balanced	balanced	balanced
SRP139957	muscle | genotype_comparison | conf=high |  | n=12	genotype	tissue:muscle	12	12	12	12	6	6	0	0		14375.5	0	12	0	0	0	0	0	0	0	muscle	1.141	1.298	0.232	7e-04	6e-04								0.96	0		0.698	-0.958	1.03	-0.576	-0.359	M0																																																																																																																																																																																									genotype_comparison	in_vivo_tissue	male_only	""	high	muscle		TRUE	TRUE	single_sex		single_sex
SRP140161	other | in_vivo_treatment_arms | conf=high |  | n=15	treatment	tissue:other	15	15	10	10	5	5	0	0		17554	0	10	0	0	10	0	0	0	0	generic	1.629	-0.329	2.049	0.1164	0.1053								5.15	0		-1.15	-4.065	-1.696	1.305	1.866	M0																																																																																																																																																																																									in_vivo_treatment_arms	in_vivo_tissue	unknown	""	high	other		TRUE	TRUE	single_sex		single_sex
SRP140436	liver | genotype_comparison | conf=high |  | n=8	genotype	tissue:liver	8	8	8	8	4	4	0	0		14478	0	8	0	0	8	0	0	0	0	liver	-2.403	4.792	1.342	0.0012	0.0011								4.61	0		0.018	0.986	-0.139	-0.18	0.714	M0																																																																																																																																																																																									genotype_comparison	in_vivo_tissue	unknown	""	high	liver		TRUE	TRUE	single_sex		single_sex
SRP140448	liver | genotype_comparison | conf=high |  | n=8	genotype/variation	tissue:liver	8	8	8	8	4	4	0	0		14837.5	0	8	0	0	8	0	0	0	0	liver	2.615	4.295	2.817	5e-04	2e-04								2.46	0		-1.531	5.846	-2.854	3.791	-0.63	M0																																																																																																																																																																																									genotype_comparison	in_vivo_tissue	unknown	""	high	liver		TRUE	TRUE	single_sex		single_sex
SRP140490	adipose | in_vivo_treatment_arms | conf=medium |  | n=19	diet	tissue:adipose	19	19	19	19	11	8	0	0		17262	0	19	0	0	19	0	0	0	19	adipose	0.2	-0.703	0.981	0.0032	0.0027								3.7	0		0.93	-0.593	-0.803	0.679	-1.093	M0																																																																																																																																																																																									in_vivo_treatment_arms	in_vivo_tissue	unknown	""	medium	adipose		TRUE	TRUE	single_sex		single_sex
SRP140499	liver | genotype_comparison | conf=medium |  | n=24	replicate	subj:replicate;tissue:liver	24	12	12	12	6	6	0.5	0		14276	6	6	3	3	0	0	0	0	12	liver	0.834	1.159	-4.402	0.0013	0.0013								1.95	3	0.713	-0.5	0.76	0.49	-0.313	0.221	M0,M1,M0perm,M3,M4,M5,M4perm,M5perm,M0permw	4754	5477	0.863	0.76	0.997	0	0	0	4754	4262	0.889	0.85	1	0	0	0	4754	4558	0.926	0.88	1	0	0	0	4754	6215	0.698	0.59	0.976	0	0	3	5477	6215	0.765	0.69	0.98	0	0	3	4754	5630	0.703	0.64	0.968	0	0	0	5477	5630	0.715	0.73	0.969	0	0	0	4754	6096	0.615	0.44	0.941	0	0	0	5477	6096	0.628	0.52	0.94	0	0	0	4754	3856	0.759	0.71	0.991	0	0	0	5477	3856	0.698	0.83	0.993	0	0	0	4754	3318	0.628	0.67	0.971	0	0	0	5477	3318	0.575	0.75	0.971	0	0	0																																																																																	genotype_comparison	in_vivo_tissue	both_sexes	""	medium	liver		TRUE	FALSE	balanced		balanced
SRP141016	brain_cns | in_vivo_treatment_arms | conf=high |  | n=80	treatment	tissue:brain_cns	80	10	10	10	5	5	0	0		17430	0	10	0	0	10	0	0	0	0	brain	0.093	0.607	0.254	0	0								20.82	0		-0.962	0.081	0.373	-0.393	0.686	M0																																																																																																																																																																																									in_vivo_treatment_arms	in_vivo_tissue	male_only	""	high	brain_cns		TRUE	TRUE	single_sex		single_sex
SRP141181	other | genotype_comparison | conf=medium |  | n=62	genotype	in:cell type=treg;ex:cell type=foxp3-transduced tconv;ex:cell type=control-transduced tconv;tissue:other	62	62	36	36	18	18	0	0		16180	0	36	0	0	36	0	0	0	36	generic	0.061	0.272	0.342	0	0								22.86	0		0.185	0.197	-0.072	-0.017	0.288	M0																																																																																																																																																																																									genotype_comparison	ex_vivo_primary_cells	unknown	""	medium	other		TRUE	TRUE	single_sex		single_sex
SRP141266	adipose | genotype_comparison | conf=high |  | n=128	genotype/variation	in:tissue=inguinal adipose tissue;tissue:adipose	128	32	16	16	8	8	0.5	0		16739	8	8	4	4	0	0	0	0	16	adipose	-0.141	0.487	0.195	0.0031	0.0025								2.64	2	0.95	0.648	0.058	-0.016	-0.189	1.266	M0,M1,M0perm,M3,M4,M5,M4perm,M5perm,M0permw	507	1518	0.333	0.68	0.972	0	0	0	507	451	0.797	0.94	0.97	0	0	0	507	471	0.892	0.94	0.996	0	0	0	507	1123	0.439	0.7	0.885	0	0	1	1518	1123	0.592	0.89	0.901	4	0	1	507	1307	0.361	0.69	0.89	0	0	0	1518	1307	0.592	0.81	0.913	0	0	0	507	1832	0.276	0.65	0.926	0	0	0	1518	1832	0.688	0.82	0.951	0	0	0	507	1252	0.402	0.62	0.95	0	0	0	1518	1252	0.751	0.85	0.982	0	0	0	507	1200	0.415	0.62	0.94	0	0	0	1518	1200	0.682	0.8	0.966	0	0	0																																																																																	genotype_comparison	in_vivo_tissue	both_sexes	""	high	adipose		TRUE	FALSE	balanced		balanced
SRP142316	brain_cns | in_vivo_treatment_arms | conf=medium | pooled_samples | n=8	raav2	tissue:brain_cns	8	8	8	8	4	4	1	0		14781	8	0	4	4	8	0	0	0	0	brain	-2.246	0.593	-1.11	5e-04	5e-04								10.79	0		1.533	-0.878	-0.52	0.628	-0.774	M0																																																																																																																																																																																									in_vivo_treatment_arms	ex_vivo_primary_cells	unknown	pooled_samples	medium	brain_cns		TRUE	TRUE	single_sex		single_sex
SRP142481	blood_immune | in_vivo_treatment_arms | conf=medium |  | n=36	condition	in:source_name=ewat;tissue:blood_immune	36	27	8	8	4	4	0	0		17232	0	8	0	0	8	0	0	0	8	blood	-0.476	-0.556	-1.189	0.0013	9e-04								6.84	0		-0.663	-1.715	-1.757	-0.627	0.112	M0																																																																																																																																																																																									in_vivo_treatment_arms	in_vivo_tissue	male_only	""	medium	blood_immune		TRUE	TRUE	single_sex		single_sex
SRP142524	lung | in_vivo_treatment_arms | conf=medium |  | n=45	treatment	subj:isolate;tissue:lung	45	45	10	10	6	4	1	0		17339	10	0	6	4	0	0	0	0	0	lung	-0.093	1.251	0.45	0.0041	0.0036								3.72	0		-0.436	0.153	0.065	-0.088	0.248	M0																																																																																																																																																																																									in_vivo_treatment_arms	in_vivo_tissue	female_only	""	medium	lung		TRUE	TRUE	single_sex		single_sex
SRP142711	blood_immune | genotype_comparison | conf=high |  | n=40	genotype	in:cell type=cd4+foxp3+ treg cells;tissue:blood_immune	40	20	10	10	5	5	1	0		15129	10	0	5	5	10	0	0	0	0	blood	1.789	1.628	0.87	0	0								2.23	0		-2.169	1.075	0.125	0.176	0.112	M0																																																																																																																																																																																									genotype_comparison	ex_vivo_primary_cells	unknown	""	high	blood_immune		TRUE	TRUE	single_sex		single_sex
SRP143461	liver | genotype_comparison | conf=high |  | n=17	genotype	tissue:liver	17	17	17	17	7	10	0	0		13935	0	17	0	0	0	0	0	0	0	liver	0.482	0.492	0.571	0	0								6.69	0		-0.083	-0.07	-0.05	0.083	-0.049	M0																																																																																																																																																																																									genotype_comparison	ex_vivo_primary_cells	male_only	""	high	liver		TRUE	TRUE	single_sex		single_sex
SRP143487	brain_cns | in_vivo_treatment_arms | conf=high | pooled_samples | n=13	treatment	in:fraction=input rna;tissue:brain_cns	13	13	13	13	6	7	0	0		16038	0	13	0	0	13	0	0	0	13	brain	-0.176	1.238	-0.37	2e-04	0	readlen	0.071					0.071	0.57	0		0.517	-0.049	0.147	0.629	-0.178	M0																																																																																																																																																																																									in_vivo_treatment_arms	in_vivo_tissue	male_only	pooled_samples	high	brain_cns		TRUE	TRUE	single_sex		single_sex
SRP143686	brain_cns | genotype_comparison | conf=high |  | n=40	genotype	in:mouse line=mettl3-nex-creert2;in:treatment=box;tissue:brain_cns	40	40	10	10	5	5	0	0		17501	0	10	0	0	10	0	0	0	10	brain	0.633	0.05	-0.13	1e-04	0								0.81	0		-0.45	0.598	-0.086	0.054	-0.318	M0																																																																																																																																																																																									genotype_comparison	in_vivo_tissue	unknown	""	high	brain_cns		TRUE	TRUE	single_sex		single_sex
SRP144020	other | in_vivo_treatment_arms | conf=high |  | n=13	agent	tissue:other	13	13	9	9	5	4	0	0		17186	0	9	0	0	9	0	0	0	9	generic	2.538	-0.831	-1.276	0.0021	0.0016								1.8	0		-1.517	1.227	2.677	-2.26	-0.063	M0																																																																																																																																																																																									in_vivo_treatment_arms	in_vivo_tissue	unknown	""	high	other		TRUE	TRUE	single_sex		single_sex
SRP144088	brain_cns | genotype_comparison | conf=high |  | n=8	genotype	tissue:brain_cns	8	8	8	8	4	4	0.25	0.5		18128	2	6	2	0	8	0	0	0	0	brain	0.29	2.298	-0.879	0	0								4.69	0		-0.192	-0.222	-0.413	0.504	1.333	M0,M1,M0perm,M4,M5,M4perm,M5perm,M0permw	437	252	0.406	0.67	0.892	0	2	0	437	249	0.406	0.65	0.887	0	2	5	437	181	0.386	0.77	0.913	0	2	0																	437	315	0.406	0.6	0.861	0	2	0	252	315	0.615	0.76	0.957	0	0	0	437	26	0.043	0.38	0.651	2	2	0	252	26	0.086	0.56	0.732	0	0	0	437	112	0.193	0.57	0.767	0	2	0	252	112	0.295	0.61	0.838	0	0	0	437	47	0.085	0.52	0.707	0	2	0	252	47	0.15	0.59	0.798	0	0	0																																																																																	genotype_comparison	in_vivo_tissue	unknown	""	high	brain_cns		TRUE	FALSE	partially_confounded		partially_confounded
SRP144211	brain_cns | genotype_comparison | conf=high |  | n=16	strain	subj:mouse id tag;tissue:brain_cns	16	16	16	16	8	8	0.06	0.125	0.167	18087	1	15	1	0	16	0	0	0	0	brain	-1.171	0.542	-1.362	4e-04	4e-04	readlen	0.16					0.16	4.97	3	0.223	-0.235	-0.335	-0.491	0.418	-0.317	M0,M1,M0perm,M2,M2perm,M3,M4,M5,M6,M4perm,M5perm,M6perm,M0permw	20	19	0.773	0.86	0.966	0	0	0	20	24	0.692	0.76	0.979	0	0	0	20	18	0.81	0.89	0.975	0	0	0	20	575	0.035	0.31	0.796	0	0	0	19	575	0.033	0.31	0.815	0	0	0	20	13	0.571	0.45	0.801	0	0	0	19	13	0.684	0.5	0.871	0	0	0	20	16	0.5	0.45	0.732	0	0	0	19	16	0.522	0.49	0.709	0	0	0	20	14	0.545	0.57	0.914	0	0	0	19	14	0.65	0.61	0.944	0	0	0	20	12	0.524	0.54	0.73	0	0	0	19	12	0.55	0.6	0.809	0	0	0																																	20	979	0.02	0.22	0.98	0	0	0	20	15	0.667	0.71	0.966	0	0	0	20	30	0.667	0.59	0.98	0	0	0	19	30	0.633	0.59	0.969	0	0	0	20	13	0.571	0.78	0.944	0	0	0	19	13	0.684	0.88	0.99	0	0	0	genotype_comparison	in_vivo_tissue	unknown	""	high	brain_cns		TRUE	FALSE	balanced	balanced	balanced
SRP144317	brain_cns | in_vivo_treatment_arms | conf=high |  | n=22	treatment	in:tissue=ventral striatum;tissue:brain_cns	22	22	12	12	6	6	0	0		18576	0	12	0	0	0	0	0	0	12	brain	-0.669	0.909	0.379	6e-04	5e-04								9.49	0		0.418	-0.308	-0.015	0.028	-0.081	M0																																																																																																																																																																																									in_vivo_treatment_arms	in_vivo_tissue	male_only	""	high	brain_cns		TRUE	TRUE	single_sex		single_sex
SRP144341	gut | in_vivo_treatment_arms | conf=high |  | n=251	surgery	in:tissue=liver;tissue:gut	251	51	9	9	5	4	0	0		11944	0	9	0	0	0	0	0	0	9	gut	0.046	0.3	0.596	0.0018	0.0017								3.4	0		-1.21	-0.104	-2.731	1.554	-0.098	M0																																																																																																																																																																																									in_vivo_treatment_arms	in_vivo_tissue	male_only	""	high	gut		TRUE	TRUE	single_sex		single_sex
SRP144388	other | genotype_comparison | conf=high |  | n=27	genotype	tissue:other	27	27	27	27	13	14	1	0		17004	27	0	13	14	27	0	0	0	27	generic	0.622	0.256	0.719	0.0013	0.0013								7.09	0		0.494	-0.065	-0.209	-0.113	0.422	M0																																																																																																																																																																																									genotype_comparison	ex_vivo_primary_cells	unknown	""	high	other		TRUE	TRUE	single_sex		single_sex
SRP144584	gut | in_vivo_treatment_arms | conf=high |  | n=70	surgery	in:tissue=liver;tissue:gut	70	48	8	8	4	4	0	0		15504	0	8	0	0	0	0	0	0	8	gut	0.826	2.014	-0.591	0.0022	0.0019								1.7	0		-3.119	7.195	-0.75	1.184	-2.114	M0																																																																																																																																																																																									in_vivo_treatment_arms	in_vivo_tissue	male_only	""	high	gut		TRUE	TRUE	single_sex		single_sex
SRP144638	brain_cns | genotype_comparison | conf=medium |  | n=15	condition	in:tissue=cerebellum;tissue:brain_cns	15	15	8	8	4	4	0	0		17166	0	8	0	0	0	0	0	0	0	brain	-0.189	1.206	0.995	6e-04	5e-04								1.62	0		0.837	-0.331	-1.71	1.71	-0.993	M0																																																																																																																																																																																									genotype_comparison	in_vivo_tissue	male_only	""	medium	brain_cns		TRUE	TRUE	single_sex		single_sex
SRP144689	blood_immune | in_vivo_treatment_arms | conf=high |  | n=12	surgery	tissue:blood_immune	12	12	12	12	6	6	0	0		13015	0	12	0	0	12	0	0	0	12	blood	1.48	-1.642	1.287	0.4301	0.3833								8.14	0		0.434	-0.631	-1.759	1.122	-0.265	M0																																																																																																																																																																																									in_vivo_treatment_arms	in_vivo_tissue	unknown	""	high	blood_immune		TRUE	TRUE	single_sex		single_sex
SRP144690	other | genotype_comparison | conf=high |  | n=8	sample group	tissue:other	8	8	8	8	4	4	0.75	0		19119.5	6	2	3	3	8	0	0	0	8	generic	0.079	-0.079	0.018	0.0023	0.0016	readlen	0					0	3.54	0		-0.933	-0.099	-0.755	0.394	0.157	M0,M1,M0perm,M4,M5,M6,M4perm,M5perm,M6perm,M0permw	0	0		0.8	0.995	0	0	0	0	0		0.17	0.446	0	0	0	0	0		0.83	0.953	0	0	0																	0	0		0.31	0.807	0	0	0	0	0		0.4	0.811	0	0	0	0	0		0.16	0.836	0	0	0	0	0		0.24	0.833	0	0	0	0	0		0.23	0.591	0	0	0	0	0		0.32	0.595	0	0	0	0	0		0.25	0.765	0	0	0	0	0		0.32	0.76	0	0	0																																																	0	0		0.45	0.965	0	0	0	0	0		0.54	0.966	0	0	0	0	0		0.75	0.97	0	0	0	0	0		0.86	0.973	0	0	0	genotype_comparison	in_vivo_tissue	unknown	""	high	other		TRUE	FALSE	balanced		balanced
SRP144932	brain_cns | in_vivo_treatment_arms | conf=medium |  | n=46	treatment	in:tissue=hypothalamic punch;in:dev_stage=e18.5;tissue:brain_cns	46	46	18	18	9	9	1	0		17696	18	0	9	9	0	0	0	0	18	brain	0.377	0.146	0.096	0.0029	0.0025								2.72	0		0.599	-0.893	-0.77	0.605	-0.199	M0																																																																																																																																																																																									in_vivo_treatment_arms	in_vivo_tissue	both_sexes	""	medium	brain_cns		TRUE	TRUE	single_sex		single_sex
SRP144989	other | in_vivo_treatment_arms | conf=medium |  | n=23	treatment	in:tissue=left atrium;tissue:other	23	23	12	12	6	6	1	0		13518.5	12	0	6	6	0	0	0	0	0	generic	2.019	2.991	0.728	3e-04	3e-04								4.6	0		-1.999	-0.461	-0.072	-0.75	0.301	M0																																																																																																																																																																																									in_vivo_treatment_arms	in_vivo_tissue	female_only	""	medium	other		TRUE	TRUE	single_sex		single_sex
SRP145021	other | genotype_comparison | conf=high |  | n=9	genotype	tissue:other	9	9	9	9	4	5	0	0		17151	0	9	0	0	9	0	0	0	9	generic	2.332	0.1	-1.124	1e-04	1e-04								4.48	0		-0.097	0.299	1.015	-1.061	-0.747	M0																																																																																																																																																																																									genotype_comparison	ex_vivo_primary_cells	unknown	""	high	other		TRUE	TRUE	single_sex		single_sex
SRP145067	lung | in_vivo_treatment_arms | conf=high |  | n=36	infection	tissue:lung	36	36	36	27	17	10	0.59	0.012		14811.5	16	11	10	6	27	0	0	9	27	lung	-1.973	1.731	-1.458	0.0564	0.0561								7.91	5	0.426	-2.292	-0.913	0.961	-0.709	0.257	M0,M1,M0perm,M3,M4,M5,M7,M4perm,M5perm,M7perm,M0permw	9063	9358	0.947	0.91	0.998	0	0	0	9063	9006	0.939	0.93	0.998	0	0	0	9063	9056	0.972	0.92	0.999	0	0	0	9063	6141	0.622	0.6	0.943	6	0	0	9358	6141	0.609	0.62	0.941	12	0	0	9063	774	0.082	0.56	0.756	649	0	0	9358	774	0.079	0.59	0.759	693	0	0	9063	984	0.102	0.72	0.73	892	0	0	9358	984	0.099	0.75	0.735	914	0	0	9063	8113	0.806	0.81	0.98	0	0	0	9358	8113	0.807	0.86	0.983	0	0	0	9063	8748	0.893	0.87	0.993	0	0	0	9358	8748	0.899	0.92	0.995	0	0	0	9063	1105	0.116	0.68	0.758	702	0	0	9358	1105	0.113	0.69	0.76	725	0	0	9063	8975	0.927	0.88	0.996	0	0	0	9358	8975	0.94	0.94	0.998	0	0	0																																																	in_vivo_treatment_arms	in_vivo_tissue	unknown	""	high	lung		TRUE	FALSE	balanced		balanced
SRP145104	liver | genotype_comparison | conf=high |  | n=11	mutation	tissue:liver	11	11	11	11	7	4	1	0	0.416	15014	11	0	7	4	0	0	0	0	0	liver	-0.341	-1.614	-0.038	6e-04	4e-04								1.72	0		1.498	-2.544	-1.162	0.409	-1.464	M0																																																																																																																																																																																									genotype_comparison	in_vivo_tissue	female_only	""	high	liver		TRUE	TRUE	single_sex	mildly_imbalanced	single_sex
SRP145116	liver | in_vivo_treatment_arms | conf=high |  | n=12	mouse model	in:treatment=vehicle;tissue:liver	12	12	8	8	4	4	0	0		14844.5	0	8	0	0	8	0	0	0	8	liver	-1.986	3.24	0.897	0.0016	0.0016								4.07	0		-0.495	-0.123	2.167	-2.881	0.834	M0																																																																																																																																																																																									in_vivo_treatment_arms	in_vivo_tissue	unknown	""	high	liver		TRUE	TRUE	single_sex		single_sex
SRP145144	heart | in_vivo_treatment_arms | conf=medium |  | n=14	conditions	tissue:heart	14	14	14	14	6	8	0	0	1.323	14950.5	0	14	0	0	14	0	0	0	0	heart	0.686	1.591	0.831	0.0022	0.0014								4.15	0		-0.597	0.307	-1.889	2.064	-0.868	M0																																																																																																																																																																																									in_vivo_treatment_arms	in_vivo_tissue	unknown	""	medium	heart		TRUE	TRUE	single_sex	partially_confounded	single_sex
SRP145412	tumor | between_subject_case_control | conf=medium | tumor_tissue | n=17	tissue type	tissue:tumor	17	17	17	14	10	4	1	0		19617	14	0	10	4	14	0	0	3	14	generic	6.152	-0.298	1.033	1e-04	1e-04								8.32	0		-2.993	-0.756	-2.109	2.471	2.397	M0																																																																																																																																																																																									between_subject_case_control	in_vivo_tissue	unknown	tumor_tissue	medium	tumor		TRUE	TRUE	single_sex		single_sex
SRP145604	other | in_vivo_treatment_arms | conf=high |  | n=15	source_name	tissue:other	15	15	10	10	5	5	0.5	0.2		14085.5	5	5	3	2	10	0	0	0	0	generic	0.812	0.969	1.798	0.0174	0.0174								19.11	3	0.229	-1.27	1.95	1.893	-1.176	0.942	M0,M1,M0perm,M3,M4,M5,M7,M4perm,M5perm,M7perm,M0permw	201	95	0.465	0.9	0.99	0	0	0	201	86	0.393	0.85	0.976	0	0	0	201	75	0.36	0.9	0.988	0	0	0	201	0	0	0.25	0.753	0	0	0	95	0	0	0.22	0.733	0	0	0	201	0	0	0.4	0.763	0	0	0	95	0	0	0.41	0.779	0	0	0	201	0	0	0.36	0.796	0	0	0	95	0	0	0.37	0.817	0	0	0	201	13	0.065	0.72	0.933	0	0	0	95	13	0.125	0.72	0.935	0	0	0	201	20	0.1	0.74	0.98	0	0	0	95	20	0.198	0.75	0.984	0	0	0	201	1	0	0.41	0.394	0	0	0	95	1	0	0.41	0.399	0	0	0	201	22	0.109	0.73	0.966	0	0	0	95	22	0.232	0.74	0.975	0	0	0																																																	in_vivo_treatment_arms	ex_vivo_primary_cells	unknown	""	high	other		TRUE	FALSE	mildly_imbalanced		mildly_imbalanced
SRP145605	gut | in_vivo_treatment_arms | conf=medium |  | n=375	gut microbiome status	in:tissue=duodenum;tissue:gut	375	47	24	24	12	12	0	0		17812.5	0	24	0	0	0	3	3	0	0	gut	-0.36	-1.558	0.096	0.0016	0.0016								18.43	0		0.899	-0.009	0.286	-0.368	-0.375	M0																																																																																																																																																																																									in_vivo_treatment_arms	in_vivo_tissue	male_only	""	medium	gut		TRUE	TRUE	single_sex		single_sex
SRP145607	adipose | in_vivo_treatment_arms | conf=high |  | n=168	gut microbiome status	tissue:adipose	168	21	21	21	9	12	0	0		18182	0	21	0	0	0	0	0	0	0	adipose	0.917	-1.071	0.381	0.002	0.0015								10.44	0		1.585	0.236	-2.024	1.709	0.803	M0																																																																																																																																																																																									in_vivo_treatment_arms	in_vivo_tissue	male_only	""	high	adipose		TRUE	TRUE	single_sex		single_sex
SRP145671	liver | between_subject_case_control | conf=medium |  | n=19	liver status	tissue:liver	19	19	19	19	13	6	0.53	0.282		14560	10	9	8	2	19	0	0	0	19	liver	-0.839	4.714	0.87	0	0	platform	0.036	0.036				0.036	16.86	4	0.576	0.629	1.181	0.472	-0.579	-0.194	M0,M1,M0perm,M3,M4,M5,M6,M4perm,M5perm,M6perm,M0permw	4017	5917	0.659	0.49	0.983	0	0	1	4017	3763	0.877	0.9	0.996	0	0	0	4017	3577	0.849	0.86	0.996	0	0	0	4017	8338	0.48	0.31	0.951	0	0	2	5917	8338	0.632	0.25	0.929	13	1	2	4017	3660	0.593	0.32	0.906	0	0	1	5917	3660	0.554	0.64	0.926	0	1	1	4017	23	0.004	0.05	0.312	1025	0	0	5917	23	0.004	0.12	0.301	1799	1	0	4017	6628	0.596	0.4	0.98	0	0	1	5917	6628	0.854	0.69	0.994	0	1	1	4017	6184	0.626	0.45	0.974	0	0	1	5917	6184	0.878	0.7	0.991	0	1	1																																																	4017	7734	0.514	0.36	0.973	0	0	1	5917	7734	0.764	0.6	0.986	0	1	1	4017	5057	0.707	0.48	0.979	0	0	1	5917	5057	0.827	0.84	0.995	0	1	1	between_subject_case_control	ex_vivo_primary_cells	unknown	""	medium	liver		TRUE	FALSE	mildly_imbalanced		mildly_imbalanced
SRP148281	liver | in_vivo_treatment_arms | conf=high |  | n=96	treatment	tissue:liver	96	12	12	12	6	6	0	0		14370	0	12	0	0	0	0	0	0	0	liver	0.822	-0.798	0.337	5e-04	4e-04								5.87	0		-0.422	-1.012	0.021	-0.267	0.37	M0																																																																																																																																																																																									in_vivo_treatment_arms	in_vivo_tissue	male_only	""	high	liver		TRUE	TRUE	single_sex		single_sex
SRP148282	liver | in_vivo_treatment_arms | conf=high |  | n=96	treatment	tissue:liver	96	12	12	12	6	6	0	0		14270.5	0	12	0	0	0	0	0	0	0	liver	-0.633	-0.163	0.107	4e-04	3e-04								3.36	0		-1.551	-1.661	-0.983	0.282	-0.952	M0																																																																																																																																																																																									in_vivo_treatment_arms	in_vivo_tissue	male_only	""	high	liver		TRUE	TRUE	single_sex		single_sex
SRP148283	reproductive | in_vivo_treatment_arms | conf=high |  | n=128	gut microbiome status	in:tissue=ovary;tissue:reproductive	128	16	9	9	5	4	1	0		16901	9	0	5	4	0	1	3	0	0	generic	-0.208	-0.458	-0.14	5e-04	5e-04								3.91	0		-0.87	-0.696	0.015	-0.131	0.211	M0																																																																																																																																																																																									in_vivo_treatment_arms	in_vivo_tissue	both_sexes	""	high	reproductive		TRUE	TRUE	single_sex		single_sex
SRP148411	other | in_vivo_treatment_arms | conf=high |  | n=21	group	tissue:other	21	21	14	14	7	7	0	0		16308	0	14	0	0	14	0	0	0	0	generic	0.485	0.381	-0.189	0	0	readlen	0					0	1.23	0		0	-0.177	-0.562	0.758	0.265	M0																																																																																																																																																																																									in_vivo_treatment_arms	in_vivo_tissue	unknown	""	high	other		TRUE	TRUE	single_sex		single_sex
SRP148418	liver | genotype_comparison | conf=high | tumor_tissue | n=40	genotype/variation	in:tissue=liver;tissue:liver	40	40	10	10	5	5	0.4	0		14288	4	6	2	2	10	0	0	0	10	liver	0.114	1.346	0.06	0.001	7e-04								1.83	1	0.993	-0.611	-0.312	0.556	-0.218	-0.183	M0,M1,M0perm,M3,M4,M5,M4perm,M5perm,M0permw	12	15	0.8	0.65	0.993	0	0	0	12	3	0.25	0.68	0.911	0	0	0	12	13	0.786	0.82	0.998	0	0	0	12	15	0.8	0.64	0.993	0	0	0	15	15	1	0.94	1	0	0	0	12	12	0.412	0.48	0.94	0	0	0	15	12	0.421	0.64	0.945	0	0	0	12	0	0	0.27	0.757	0	0	0	15	0	0	0.36	0.761	0	0	0	12	11	0.438	0.55	0.98	0	0	0	15	11	0.529	0.7	0.986	0	0	0	12	13	0.25	0.36	0.832	0	0	0	15	13	0.333	0.43	0.833	0	0	0																																																																																	genotype_comparison	in_vivo_tissue	unknown	tumor_tissue	high	liver		TRUE	FALSE	balanced		balanced
SRP148491	other | genotype_comparison | conf=medium |  | n=65	genotype	in:tissue=medulla;tissue:other	65	65	32	31	21	10	0.55	0.071		17689.5	17	14	12	5	31	0	0	1	31	generic	0.176	-0.096	0.149	0.001	8e-04								3.81	5	0.707	0.264	-0.23	0.48	-0.414	0.39	M0,M1,M0perm,M3,M4,M5,M4perm,M5perm,M0permw	719	782	0.888	0.93	0.998	0	0	0	719	902	0.795	0.81	0.995	0	0	0	719	678	0.908	0.96	0.999	0	0	0	719	2958	0.243	0.58	0.982	0	0	0	782	2958	0.264	0.56	0.982	0	0	0	719	1654	0.424	0.63	0.962	0	0	0	782	1654	0.464	0.62	0.968	0	0	0	719	1201	0.595	0.7	0.993	0	0	0	782	1201	0.648	0.71	0.995	0	0	0	719	995	0.675	0.81	0.988	0	0	0	782	995	0.71	0.8	0.985	0	0	0	719	574	0.692	0.86	0.983	0	0	0	782	574	0.666	0.82	0.98	0	0	0																																																																																	genotype_comparison	in_vivo_tissue	unknown	""	medium	other		TRUE	FALSE	balanced		balanced
SRP148574	other | genotype_comparison | conf=high |  | n=50	source_name	in:developmental stage=p30;tissue:other	50	50	23	21	12	9	0.57	0.417		19604	12	9	9	3	21	0	0	2	0	generic	0.163	-0.441	-0.722	0	0								4.59	3	0.029	-1.209	0.736	-0.238	0.298	0.084	M0,M1,M0perm,M3,M4,M5,M4perm,M5perm,M0permw	5	5	1	0.61	0.909	0	0	0	5	6	0.833	0.92	0.997	0	0	0	5	5	1	0.68	0.913	0	0	0	5	14	0.357	0.48	0.842	0	0	0	5	14	0.357	0.41	0.828	0	0	0	5	4	0.8	0.34	0.725	0	0	0	5	4	0.8	0.41	0.794	0	0	0	5	6	0.833	0.51	0.9	0	0	0	5	6	0.833	0.71	0.99	0	0	0	5	4	0.8	0.48	0.87	0	0	0	5	4	0.8	0.66	0.937	0	0	0	5	5	1	0.66	0.911	0	0	0	5	5	1	0.8	0.975	0	0	0																																																																																	genotype_comparison	in_vivo_tissue	unknown	""	high	other		TRUE	FALSE	partially_confounded		partially_confounded
SRP148959	other | genotype_comparison | conf=medium |  | n=32	genotype	in:agent=control;tissue:other	32	32	8	8	4	4	0	0		15069	0	8	0	0	8	0	0	0	8	generic	0.616	1.246	-0.258	0.0114	0.011								2.09	0		0.467	2.165	1.502	-1.006	0.648	M0																																																																																																																																																																																									genotype_comparison	ex_vivo_primary_cells	unknown	""	medium	other		TRUE	TRUE	single_sex		single_sex
SRP148999	skin | genotype_comparison | conf=medium |  | n=75	genotype/variation	tissue:skin	75	72	48	48	24	24	1	0		16228.5	48	0	24	24	48	0	0	0	0	generic	-1.232	-0.285	0.6	5e-04	5e-04								8.66	0		-0.171	-0.935	0.135	0.036	-0.796	M0																																																																																																																																																																																									genotype_comparison	in_vivo_tissue	unknown	""	medium	skin		TRUE	TRUE	single_sex		single_sex
SRP149000	other | genotype_comparison | conf=high |  | n=12	genotype	tissue:other	12	12	12	12	6	6	0.58	0.167		18518.5	7	5	3	4	12	0	0	0	6	generic	0.206	-0.208	0.08	0.0082	0.0069								2.16	2	0.266	0.211	-0.426	0.306	-0.572	0.049	M0,M1,M0perm,M3,M4,M5,M4perm,M5perm,M0permw	0	0		0.66	0.916	0	0	0	0	0		0.85	0.975	0	0	0	0	0		0.84	0.98	0	0	0	0	36	0	0.08	0.935	0	0	0	0	36	0	0.08	0.886	0	0	0	0	0		0.46	0.889	0	0	0	0	0		0.48	0.833	0	0	0	0	0		0.18	0.529	0	0	0	0	0		0.26	0.741	0	0	0	0	0		0.62	0.924	0	0	0	0	0		0.7	0.983	0	0	0	0	0		0.29	0.655	0	0	0	0	0		0.37	0.698	0	0	0																																																																																	genotype_comparison	ex_vivo_primary_cells	unknown	""	high	other		TRUE	FALSE	mildly_imbalanced		mildly_imbalanced
SRP149072	brain_cns | genotype_comparison | conf=high |  | n=16	source_name	tissue:brain_cns	16	16	12	12	5	7	0.5	0.171		19898.5	6	6	3	3	0	0	0	0	12	brain	0.868	2.213	-0.173	6e-04	4e-04								9.11	4	0.166	0.527	-0.555	-0.428	0.154	-0.349	M0,M1,M0perm,M3,M4,M5,M4perm,M5perm,M0permw	1	0	0	0.8	0.956	0	0	0	1	1	1	0.81	0.964	0	0	0	1	1	1	0.78	0.961	0	0	0	1	0	0	0.1	0.353	0	0	0	0	0		0.1	0.349	0	0	0	1	0	0	0.56	0.806	0	0	0	0	0		0.61	0.885	0	0	0	1	0	0	0.16	0.499	0	0	0	0	0		0.16	0.561	0	0	0	1	0	0	0.5	0.877	0	0	0	0	0		0.6	0.941	0	0	0	1	0	0	0.42	0.827	0	0	0	0	0		0.47	0.826	0	0	0																																																																																	genotype_comparison	in_vivo_tissue	both_sexes	""	high	brain_cns		TRUE	FALSE	mildly_imbalanced		mildly_imbalanced
SRP149099	liver | genotype_comparison | conf=high |  | n=15	genotype/variation	in:age=2 week old;tissue:liver	15	15	8	8	4	4	1	0		16311.5	8	0	4	4	8	0	0	0	0	liver	-0.226	-2.122	0.39	0.0037	0.0024								2.67	0		0.679	-1.8	1.551	-1.756	0.41	M0																																																																																																																																																																																									genotype_comparison	in_vivo_tissue	unknown	""	high	liver		TRUE	TRUE	single_sex		single_sex
SRP149124	blood_immune | genotype_comparison | conf=high |  | n=12	genotype/variation	tissue:blood_immune	12	12	12	12	6	6	0.67	0		16170	8	4	4	4	12	0	0	0	12	blood	0.031	0.566	1.552	4e-04	4e-04	platform	0	0				0	7.98	1	0.976	-0.275	-0.353	-0.515	0.599	0.189	M0,M1,M0perm,M3,M4,M5,M4perm,M5perm,M0permw	2	72	0.028	0.36	0.947	0	0	0	2	2	1	0.72	0.753	0	0	0	2	14	0.143	0.74	0.941	0	0	0	2	124	0.016	0.29	0.943	0	0	0	72	124	0.508	0.75	0.992	0	0	0	2	21	0.095	0.35	0.915	0	0	0	72	21	0.292	0.81	0.961	0	0	0	2	543	0.004	0.24	0.846	0	0	0	72	543	0.131	0.6	0.874	0	0	0	2	12	0.167	0.35	0.906	0	0	0	72	12	0.167	0.85	0.955	0	0	0	2	19	0.105	0.32	0.832	0	0	0	72	19	0.264	0.67	0.891	0	0	0																																																																																	genotype_comparison	ex_vivo_primary_cells	unknown	""	high	blood_immune		TRUE	FALSE	balanced		balanced
SRP149128	other | in_vivo_treatment_arms | conf=high |  | n=8	source_name	tissue:other	8	8	8	8	4	4	1	0		17004.5	8	0	4	4	8	0	0	0	0	generic	0.453	1.548	0.136	0.0012	0.0012								25.37	0		-0.416	0.055	0.371	-0.278	0.303	M0																																																																																																																																																																																									in_vivo_treatment_arms	ex_vivo_primary_cells	female_only	""	high	other		TRUE	TRUE	single_sex		single_sex
SRP149159	skin | genotype_comparison | conf=high |  | n=52	cre-genotpye	tissue:skin	52	13	13	13	7	6	0.31	0.048		14867	4	9	2	2	13	0	0	0	13	generic	0.097	0.065	-0.388	1e-04	1e-04								11.68	3	0.296	0.598	-0.967	-0.399	0.371	0.718	M0,M1,M0perm,M3,M4,M5,M4perm,M5perm,M0permw	5	8	0.625	0.74	0.991	0	0	0	5	8	0.625	0.88	0.991	0	0	0	5	0	0	0.86	0.992	0	0	0	5	1	0	0.37	0.729	0	0	0	8	1	0	0.34	0.746	0	0	0	5	0	0	0.38	0.876	0	0	0	8	0	0	0.39	0.887	0	0	0	5	12	0.214	0.59	0.981	0	0	0	8	12	0.429	0.7	0.985	0	0	0	5	13	0.286	0.68	0.975	0	0	0	8	13	0.4	0.77	0.983	0	0	0	5	0	0	0.58	0.947	0	0	0	8	0	0	0.67	0.955	0	0	0																																																																																	genotype_comparison	ex_vivo_primary_cells	unknown	""	high	skin		TRUE	FALSE	balanced		balanced
SRP149190	blood_immune | genotype_comparison | conf=high |  | n=8	genotype	tissue:blood_immune	8	8	8	8	4	4	1	0		14240	8	0	4	4	8	0	0	0	0	blood	-0.688	0.596	-0.165	0	0								6.77	0		-0.651	0.343	0.953	-0.605	-0.302	M0																																																																																																																																																																																									genotype_comparison	ex_vivo_primary_cells	unknown	""	high	blood_immune		TRUE	TRUE	single_sex		single_sex
SRP149344	gut | genotype_comparison | conf=high |  | n=15	genotype	tissue:gut	15	15	10	10	5	5	0	0		15474.5	0	10	0	0	10	0	0	0	10	gut	-7.586	-5.554	4.853	0.0224	0.0213								1.94	0		2.724	-17.106	-2.559	-2.393	1.987	M0																																																																																																																																																																																									genotype_comparison	in_vivo_tissue	male_only	""	high	gut		TRUE	TRUE	single_sex		single_sex
SRP149357	skin | genotype_comparison | conf=medium |  | n=72	genotype	tissue:skin	72	72	48	48	24	24	1	0		16147.5	48	0	24	24	48	0	0	0	0	generic	-1.362	-0.092	0.302	1e-04	1e-04	readlen	0.303					0.303	5.18	0		-0.219	0.767	-0.104	0.336	0.222	M0																																																																																																																																																																																									genotype_comparison	in_vivo_tissue	unknown	""	medium	skin		TRUE	TRUE	single_sex		single_sex
SRP149422	liver | in_vivo_treatment_arms | conf=high |  | n=48	treatment	tissue:liver	48	12	8	8	4	4	0	0		14701.5	0	8	0	0	0	0	0	0	0	liver	-0.29	0.901	-0.412	0.0024	0.0023								3.48	0		0.126	0.313	1.635	-0.229	0.334	M0																																																																																																																																																																																									in_vivo_treatment_arms	in_vivo_tissue	male_only	""	high	liver		TRUE	TRUE	single_sex		single_sex
SRP149487	other | genotype_comparison | conf=high |  | n=8	genotype1	tissue:other	8	8	8	8	4	4	0.62	0.25		16892.5	5	3	3	2	0	0	0	0	8	generic	-0.008	-1.342	-0.389	0	0								2.87	0		1.488	-0.323	0.039	0.005	-1.47	M0,M1,M0perm,M4,M5,M4perm,M5perm,M0permw	0	0		0.39	0.963	0	0	0	0	0		0.14	0.97	0	0	0	0	0		0.66	0.97	0	0	0																	0	0		0	0.376	0	0	0	0	0		0	0.4	0	0	0	0	0		0.11	0.326	0	0	0	0	0		0.09	0.328	0	0	0	0	0		0.26	0.863	0	0	0	0	0		0.32	0.906	0	0	0	0	0		0.15	0.574	0	0	0	0	0		0.15	0.601	0	0	0																																																																																	genotype_comparison	ex_vivo_primary_cells	both_sexes	""	high	other		TRUE	FALSE	mildly_imbalanced		mildly_imbalanced
SRP149490	brain_cns | in_vivo_treatment_arms | conf=high |  | n=16	group	tissue:brain_cns	16	16	8	8	4	4	1	0		17489.5	8	0	4	4	0	0	0	0	0	brain	-1.079	-0.267	0.755	3e-04	2e-04								3.27	0		-0.807	-2.598	0.621	-0.892	1.432	M0																																																																																																																																																																																									in_vivo_treatment_arms	in_vivo_tissue	female_only	""	high	brain_cns		TRUE	TRUE	single_sex		single_sex
SRP149803	other | in_vivo_treatment_arms | conf=medium |  | n=32	wound status	in:tissue compartment=epidermis;in:treatment=untreated;tissue:other	32	32	8	8	4	4	0	0		15514	0	8	0	0	8	0	0	0	8	generic	1.495	-2.27	0.008	0	0								4.04	0		-2.236	0.14	-0.526	-0.144	-0.832	M0																																																																																																																																																																																									in_vivo_treatment_arms	in_vivo_tissue	unknown	""	medium	other		TRUE	TRUE	single_sex		single_sex
SRP149957	gut | between_subject_case_control | conf=medium |  | n=18	dev_stage	tissue:gut	18	18	18	18	9	9	0	0		17196.5	0	18	0	0	0	0	0	0	0	gut	-1.096	0.665	1.636	0.0017	0.0016								2.99	0		0.098	-0.667	0.177	-0.289	0.365	M0																																																																																																																																																																																									between_subject_case_control	in_vivo_tissue	male_only	""	medium	gut		TRUE	TRUE	single_sex		single_sex
SRP150004	other | genotype_comparison | conf=high |  | n=28	genotype	tissue:other	28	14	12	11	4	7	0.45	0.857		12829	5	6	4	1	11	0	0	1	11	generic	-0.4	0.56	0.999	0.0013	0.0012								13.7	3	0.124	0.725	-3.594	2.902	-2.171	-0.543	M0,M1,M0perm,M3,M4,M5,M4perm,M5perm,M0permw	563	331	0.223	0.26	0.628	15	1	0	563	220	0.201	0.26	0.741	7	1	0	563	182	0.184	0.32	0.703	4	1	0	563	551	0.507	0.66	0.906	0	1	0	331	551	0.174	0.13	0.608	0	0	0	563	84	0.035	0.11	0.314	55	1	0	331	84	0.075	0.18	0.684	2	0	0	563	0	0	0.27	0.392	29	1	0	331	0	0	0.18	0.742	0	0	0	563	118	0.067	0.23	0.578	17	1	0	331	118	0.21	0.36	0.87	0	0	0	563	7	0.011	0.3	0.589	14	1	0	331	7	0.021	0.48	0.916	0	0	0																																																																																	genotype_comparison	in_vivo_tissue	unknown	""	high	other		TRUE	FALSE	partially_confounded		partially_confounded
SRP150211	heart | genotype_comparison | conf=high |  | n=12	genotype	tissue:heart	12	12	12	12	6	6	0	0		14992	0	12	0	0	12	0	0	0	12	heart	-0.14	-0.785	-0.718	0.0071	0.006								2	0		0.489	-0.288	-0.74	0.791	-1.409	M0																																																																																																																																																																																									genotype_comparison	in_vivo_tissue	male_only	""	high	heart		TRUE	TRUE	single_sex		single_sex
SRP150238	heart | in_vivo_treatment_arms | conf=medium |  | n=24	treatment	subj:isolate;tissue:heart	24	24	18	18	6	12	0.89	0.167		15933.5	16	2	6	10	0	0	0	0	0	heart	-0.736	-0.071	0.382	0.001	0.001	readlen	0.5					0.5	17.66	1	0.248	1.53	1.4	1.107	-0.996	-1.348	M0,M1,M0perm,M3,M4,M5,M6,M4perm,M5perm,M6perm,M0permw	3647	461	0.125	0.88	0.992	0	0	0	3647	3077	0.806	0.93	0.997	0	0	0	3647	8807	0.414	0.82	0.991	0	0	0	3647	1218	0.23	0.63	0.77	10	0	0	461	1218	0.344	0.58	0.819	0	0	0	3647	252	0.038	0.5	0.048	1393	0	0	461	252	0.234	0.49	0.124	2	0	0	3647	273	0.072	0.77	0.916	50	0	0	461	273	0.486	0.79	0.939	0	0	0	3647	378	0.103	0.88	0.99	0	0	0	461	378	0.719	0.89	0.997	0	0	0	3647	248	0.067	0.82	0.989	0	0	0	461	248	0.531	0.9	0.995	0	0	0																																																	3647	751	0.1	0.49	0.356	562	0	0	461	751	0.374	0.5	0.431	0	0	0	3647	336	0.092	0.86	0.991	0	0	0	461	336	0.71	0.97	0.998	0	0	0	in_vivo_treatment_arms	in_vivo_tissue	both_sexes	""	medium	heart		TRUE	FALSE	mildly_imbalanced		mildly_imbalanced
SRP150269	kidney | in_vivo_treatment_arms | conf=high |  | n=78	treatment	in:dose=repeated;tissue:kidney	78	78	48	48	25	23	0.02	0.043		16472.5	1	47	0	1	48	0	0	0	48	kidney	0.105	-0.499	-0.032	6e-04	4e-04								3.98	2	0.988	0.727	-1.241	0.236	-0.354	0.19	M0,M1,M0perm,M3,M4,M5,M4perm,M5perm,M0permw	1199	4612	0.26	0.54	0.775	0	0	0	1199	1164	0.958	0.99	0.998	0	0	0	1199	1158	0.932	0.99	0.997	0	0	0	1199	9808	0.122	0.56	0.924	0	0	2	4612	9808	0.366	0.74	0.781	304	0	2	1199	2253	0.282	0.46	0.629	1	0	0	4612	2253	0.385	0.64	0.827	33	0	0	1199	5360	0.207	0.44	0.687	0	0	0	4612	5360	0.617	0.76	0.883	0	0	0	1199	4531	0.265	0.53	0.774	0	0	0	4612	4531	0.966	0.95	1	0	0	0	1199	4296	0.278	0.54	0.768	0	0	0	4612	4296	0.881	0.96	0.993	0	0	0																																																																																	in_vivo_treatment_arms	in_vivo_tissue	male_only	""	high	kidney		TRUE	FALSE	balanced		balanced
SRP150310	other | genotype_comparison | conf=high |  | n=12	genotype/variation	tissue:other	12	12	12	12	6	6	0.5	0		15785	6	6	3	3	0	0	0	0	12	generic	-0.451	0.54	-0.835	0	0								13.27	3	0.837	-0.875	0.432	-0.127	0.241	-0.508	M0,M1,M0perm,M3,M4,M5,M4perm,M5perm,M0permw	131	455	0.288	0.61	0.987	0	0	0	131	92	0.689	0.93	0.998	0	0	0	131	105	0.748	0.89	0.996	0	0	0	131	536	0.242	0.47	0.826	0	0	0	455	536	0.475	0.59	0.825	2	0	0	131	221	0.437	0.53	0.867	0	0	0	455	221	0.355	0.71	0.865	0	0	0	131	275	0.4	0.6	0.912	0	0	0	455	275	0.443	0.72	0.917	0	0	0	131	291	0.431	0.63	0.983	0	0	0	455	291	0.622	0.74	0.995	0	0	0	131	287	0.432	0.62	0.978	0	0	0	455	287	0.585	0.82	0.991	0	0	0																																																																																	genotype_comparison	ex_vivo_primary_cells	both_sexes	""	high	other		TRUE	FALSE	balanced		balanced
SRP150347	liver | in_vivo_treatment_arms | conf=high |  | n=16	diet	tissue:liver	16	8	8	8	4	4	0	0		14162	0	8	0	0	8	0	0	0	0	liver	0.414	0.109	-0.995	8e-04	6e-04								2	0		-0.266	1.119	0.451	-0.467	-0.459	M0																																																																																																																																																																																									in_vivo_treatment_arms	in_vivo_tissue	unknown	""	high	liver		TRUE	TRUE	single_sex		single_sex
SRP150452	liver | genotype_comparison | conf=medium |  | n=63	genotype	in:sex=male;tissue:liver	63	63	51	51	26	25	0	0		14491	0	51	0	0	0	0	0	0	51	liver	-0.385	0.809	0.116	5e-04	5e-04								2.28	0		0.814	0.127	0.277	-0.725	0.117	M0																																																																																																																																																																																									genotype_comparison	in_vivo_tissue	both_sexes	""	medium	liver		TRUE	TRUE	single_sex		single_sex
SRP150687	lung | in_vivo_treatment_arms | conf=medium |  | n=192	infection	in:mouse strain=c57/bl6;tissue:lung	192	96	32	27	12	15	0	0		14372	0	27	0	0	27	0	0	5	27	lung	-0.426	0.666	0.585	0.0013	0.0013								4.95	0		0.791	-1.742	0.897	-1.315	0.24	M0																																																																																																																																																																																									in_vivo_treatment_arms	ex_vivo_primary_cells	unknown	""	medium	lung		TRUE	TRUE	single_sex		single_sex
SRP150787	blood_immune | genotype_comparison | conf=high |  | n=16	genotype	in:cell type=granulocyte-monocyte progenitors (gmps), lin-ckit+sca1-cd150-cd16/32+;tissue:blood_immune	16	16	8	8	4	4	1	0		15237	8	0	4	4	8	0	0	0	0	blood	1.204	-0.621	-0.003	0	0								7.47	0		-0.735	-0.511	1.474	-1.36	1.097	M0																																																																																																																																																																																									genotype_comparison	ex_vivo_primary_cells	unknown	""	high	blood_immune		TRUE	TRUE	single_sex		single_sex
SRP150874	brain_cns | genotype_comparison | conf=high |  | n=13	genotype	tissue:brain_cns	13	13	13	13	7	6	1	0		18098	13	0	7	6	13	0	0	0	0	brain	0.279	-0.38	0.888	4e-04	2e-04	readlen	0.267					0.267	1.85	0		-1.076	-0.674	-1.58	1.058	-0.442	M0																																																																																																																																																																																									genotype_comparison	in_vivo_tissue	female_only	""	high	brain_cns		TRUE	TRUE	single_sex		single_sex
SRP151014	gut | genotype_comparison | conf=medium |  | n=44	genotype	in:treatment=steady state;tissue:gut	44	44	24	22	11	11	0	0		15403.5	0	22	0	0	22	0	0	2	22	gut	0.407	0.59	0.31	3e-04	3e-04								7.34	0		-0.321	0.416	0.759	-0.168	0.293	M0																																																																																																																																																																																									genotype_comparison	ex_vivo_primary_cells	unknown	""	medium	gut		TRUE	TRUE	single_sex		single_sex
SRP151097	other | genotype_comparison | conf=high | tumor_tissue | n=13	genotype	subj:isolate;tissue:other	13	13	13	13	7	6	0.38	0.095		14405	5	8	3	2	0	1	0	0	13	generic	0.059	0.201	0.507	6e-04	6e-04								9.57	3	0.624	-0.363	-0.447	0.018	-0.491	-0.244	M0,M1,M0perm,M3,M4,M5,M4perm,M5perm,M0permw	0	0		0.77	0.966	0	0	0	0	0		0.56	0.957	0	0	0	0	0		0.69	0.988	0	0	0	0	0		0.3	0.743	0	0	0	0	0		0.34	0.8	0	0	0	0	0		0.39	0.831	0	0	0	0	0		0.48	0.879	0	0	0	0	0		0.55	0.953	0	0	0	0	0		0.61	0.968	0	0	0	0	0		0.38	0.888	0	0	0	0	0		0.46	0.909	0	0	0	0	0		0.35	0.92	0	0	0	0	0		0.4	0.916	0	0	0																																																																																	genotype_comparison	ex_vivo_primary_cells	both_sexes	tumor_tissue	high	other		TRUE	FALSE	balanced		balanced
SRP151151	tumor | in_vivo_treatment_arms | conf=medium | tumor_tissue | n=85	treatment	tissue:tumor	85	85	75	75	37	38	1	0		17981	75	0	37	38	0	0	0	0	0	generic	2.526	1.363	-0.508	0.0011	0.0011	readlen	0.065					0.065	19.82	0		-0.028	0.735	0.472	-0.289	0.142	M0																																																																																																																																																																																									in_vivo_treatment_arms	in_vivo_tissue	female_only	tumor_tissue	medium	tumor		TRUE	TRUE	single_sex		single_sex
SRP151246	other | in_vivo_treatment_arms | conf=high |  | n=12	condition	tissue:other	12	12	12	12	6	6	0.67	0.333		16530.5	8	4	5	3	12	0	0	0	12	generic	-0.27	-0.214	0.131	0	0	readlen	0.302					0.302	9.65	4	0.647	0.126	-0.687	-0.837	1.811	0.625	M0,M1,M0perm,M3,M4,M5,M6,M4perm,M5perm,M6perm,M0permw	2067	1507	0.628	0.87	0.958	0	0	0	2067	1823	0.724	0.92	0.977	0	0	0	2067	1139	0.539	0.98	0.973	0	0	0	2067	1854	0.572	0.71	0.898	0	0	0	1507	1854	0.666	0.75	0.942	0	0	0	2067	1945	0.482	0.5	0.865	0	0	0	1507	1945	0.48	0.5	0.864	0	0	0	2067	1458	0.577	0.72	0.942	0	0	0	1507	1458	0.67	0.79	0.954	0	0	0	2067	395	0.181	0.73	0.824	0	0	0	1507	395	0.252	0.77	0.869	0	0	0	2067	507	0.235	0.81	0.896	0	0	0	1507	507	0.333	0.84	0.941	0	0	0																																																	2067	1299	0.568	0.82	0.954	0	0	0	1507	1299	0.782	0.91	0.987	0	0	0	2067	1201	0.526	0.87	0.948	0	0	0	1507	1201	0.766	0.95	0.992	0	0	0	in_vivo_treatment_arms	ex_vivo_primary_cells	unknown	""	high	other		TRUE	FALSE	partially_confounded		partially_confounded
SRP151277	tumor | in_vivo_treatment_arms | conf=high | tumor_tissue | n=80	treatment	tissue:tumor	80	80	80	80	60	20	1	0		17784	80	0	60	20	0	0	0	0	0	generic	1.702	0.778	-0.662	0.0015	0.0015								12.39	0		-0.154	0.662	0.58	-0.535	0.452	M0																																																																																																																																																																																									in_vivo_treatment_arms	in_vivo_tissue	female_only	tumor_tissue	high	tumor		TRUE	TRUE	single_sex		single_sex
SRP151280	blood_immune | between_subject_case_control | conf=medium |  | n=22	phenotype	in:tissue=intraepithelium;tissue:blood_immune	22	22	11	11	5	6	1	0		20956	11	0	5	6	11	0	0	0	11	blood	-0.122	-0.396	0.829	0	0								23.43	0		0.723	-0.194	0.023	0.561	0.371	M0																																																																																																																																																																																									between_subject_case_control	ex_vivo_primary_cells	unknown	""	medium	blood_immune		TRUE	TRUE	single_sex		single_sex
SRP151290	liver | in_vivo_treatment_arms | conf=medium |  | n=60	injected with	in:genotype/variation=wild type;subj:source_name;tissue:liver	60	60	40	10	5	5	0.5	1		12020.5	5	5	0	5	0	2	2	0	0	liver	3.073	-1.198	0.554	0.0037	0.0027								14.58	0		1.467	1.309	0.214	-0.485	0.626	M0																																																																																																																																																																																									in_vivo_treatment_arms	ex_vivo_primary_cells	male_only	""	medium	liver		TRUE	FALSE	completely_confounded		completely_confounded
SRP151298	tumor | in_vivo_treatment_arms | conf=medium | tumor_tissue | n=24	treatment	tissue:tumor	24	24	24	24	12	12	1	0		16535	24	0	12	12	0	0	0	0	0	generic	0.224	1.099	0.007	3e-04	3e-04	readlen	0.192					0.192	11.12	0		-1.325	0.875	-0.133	0.413	-0.042	M0																																																																																																																																																																																									in_vivo_treatment_arms	in_vivo_tissue	female_only	tumor_tissue	medium	tumor		TRUE	TRUE	single_sex		single_sex
SRP151308	tumor | in_vivo_treatment_arms | conf=high | tumor_tissue | n=101	treatment	in:day=day4;tissue:tumor	101	101	16	16	8	8	1	0		17607.5	16	0	8	8	0	0	0	0	0	generic	3.159	2.554	-0.244	6e-04	5e-04								6.76	0		0.39	-0.583	0.21	-0.212	-0.145	M0																																																																																																																																																																																									in_vivo_treatment_arms	in_vivo_tissue	female_only	tumor_tissue	high	tumor		TRUE	TRUE	single_sex		single_sex
SRP151332	reproductive | genotype_comparison | conf=high |  | n=12	genotype	tissue:reproductive	12	12	12	12	6	6	0	0	0	17375	0	12	0	0	0	0	0	0	0	generic	1.554	0.451	0.164	0.0022	0.0019	platform	0	0			0	0	7.03	0		0.034	-0.767	-0.148	-0.162	-0.117	M0																																																																																																																																																																																									genotype_comparison	in_vivo_tissue	male_only	""	high	reproductive		TRUE	TRUE	single_sex	balanced	single_sex
SRP151441	tumor | in_vivo_treatment_arms | conf=high | tumor_tissue | n=90	treatment	in:day=day 7;tissue:tumor	90	90	20	20	10	10	1	0		17265.5	20	0	10	10	0	0	0	0	0	generic	0.383	1.1	-1.189	9e-04	8e-04	readlen	0.4					0.4	11.65	0		-0.129	0.364	0.678	-1.006	0.696	M0																																																																																																																																																																																									in_vivo_treatment_arms	in_vivo_tissue	female_only	tumor_tissue	high	tumor		TRUE	TRUE	single_sex		single_sex
SRP151455	tumor | cell_type_or_region_comparison | conf=medium | tumor_tissue | n=45	cell_line	in:tissue=tumor;tissue:tumor	45	45	19	19	10	9	0.32	0.244		17025	6	13	2	4	0	0	0	0	0	generic	-2.019	3.599	-0.449	1e-04	1e-04	readlen	0.224					0.224	15.03	2	0.567	1.604	5.828	0.91	-0.402	0.77	M0,M1,M0perm,M3,M4,M5,M6,M4perm,M5perm,M6perm,M0permw	15783	15435	0.946	0.92	0.992	0	0	4	15783	15683	0.972	0.91	0.999	0	0	0	15783	15555	0.963	0.94	0.999	0	0	0	15783	15984	0.937	0.84	0.983	0	0	3	15435	15984	0.95	0.89	0.993	0	4	3	15783	3078	0.195	0.66	0.837	2186	0	0	15435	3078	0.199	0.68	0.853	1884	4	0	15783	7293	0.451	0.59	0.931	428	0	3	15435	7293	0.461	0.61	0.941	395	4	3	15783	15551	0.941	0.84	0.989	0	0	4	15435	15551	0.963	0.89	0.998	0	4	4	15783	15317	0.933	0.83	0.99	0	0	4	15435	15317	0.969	0.88	0.999	0	4	4																																																	15783	15206	0.931	0.88	0.99	0	0	4	15435	15206	0.973	0.94	0.999	0	4	4	15783	15088	0.926	0.83	0.991	0	0	4	15435	15088	0.969	0.89	1	0	4	4	cell_type_or_region_comparison	in_vivo_tissue	female_only	tumor_tissue	medium	tumor		TRUE	FALSE	mildly_imbalanced		mildly_imbalanced
SRP151489	reproductive | in_vivo_treatment_arms | conf=high |  | n=23	experimental groups	tissue:reproductive	23	23	8	8	4	4	0	0		16871	0	8	0	0	8	0	0	0	8	generic	-0.292	0.441	1.233	0	0								5.51	0		0.533	-0.163	0.263	-0.145	-0.13	M0																																																																																																																																																																																									in_vivo_treatment_arms	in_vivo_tissue	male_only	""	high	reproductive		TRUE	TRUE	single_sex		single_sex
SRP151536	gut | genotype_comparison | conf=medium |  | n=15	genotype	tissue:gut	15	15	15	15	6	9	0.8	0.056		20455	12	3	5	7	15	0	0	0	15	gut	-1.55	0.91	-0.798	1e-04	1e-04								7.38	3	0.359	1.053	-0.15	0.436	-0.534	0.237	M0,M1,M0perm,M3,M4,M5,M4perm,M5perm,M0permw	355	498	0.709	0.92	0.995	0	0	0	355	342	0.66	0.89	0.943	0	0	0	355	319	0.867	0.95	0.998	0	0	0	355	915	0.388	0.83	0.971	0	0	0	498	915	0.534	0.86	0.972	0	0	0	355	356	0.556	0.85	0.862	0	0	0	498	356	0.528	0.83	0.868	0	0	0	355	203	0.434	0.84	0.792	0	0	0	498	203	0.356	0.86	0.787	0	0	0	355	392	0.664	0.91	0.977	0	0	0	498	392	0.689	0.94	0.974	0	0	0	355	284	0.618	0.87	0.917	0	0	0	498	284	0.539	0.91	0.93	0	0	0																																																																																	genotype_comparison	in_vivo_tissue	unknown	""	medium	gut		TRUE	FALSE	balanced		balanced
SRP151561	tumor | in_vivo_treatment_arms | conf=high | tumor_tissue | n=85	treatment	ex:treatment=untreated;tissue:tumor	85	85	75	75	38	37	1	0		17463	75	0	38	37	0	0	0	0	0	generic	-0.483	0.575	-0.319	0.012	0.012	readlen	0.163					0.163	21.55	0		-0.43	-0.358	-0.797	0.815	0.049	M0																																																																																																																																																																																									in_vivo_treatment_arms	in_vivo_tissue	female_only	tumor_tissue	high	tumor		TRUE	TRUE	single_sex		single_sex
SRP151595	tumor | between_subject_case_control | conf=medium | tumor_tissue | n=23	tissue	ex:developmental stage=e18 embryo;tissue:tumor	23	23	15	15	9	6	0.53	0.611		16049	8	7	7	1	15	0	0	0	15	generic	0.899	-0.029	-0.55	1e-04	1e-04	readlen	1					1	21.45	2	0.04	-4.822	7.216	-2.22	2.543	0.283	M0,M1,M0perm,M3,M4,M5,M4perm,M5perm,M0permw	10538	9314	0.788	0.82	0.974	0	4	1	10538	10194	0.922	0.89	0.997	0	4	4	10538	8073	0.748	0.82	0.966	0	4	3	10538	10285	0.853	0.42	0.947	0	4	4	9314	10285	0.765	0.5	0.916	3	1	4	10538	793	0.072	0.27	0.673	1540	4	0	9314	793	0.081	0.33	0.701	995	1	0	10538	11185	0.713	0.62	0.961	0	4	1	9314	11185	0.799	0.72	0.99	0	1	1	10538	8151	0.729	0.72	0.971	0	4	1	9314	8151	0.813	0.82	0.986	0	1	1	10538	7623	0.695	0.61	0.967	0	4	1	9314	7623	0.76	0.71	0.976	0	1	1																																																																																	between_subject_case_control	in_vivo_tissue	female_only	tumor_tissue	medium	tumor		TRUE	FALSE	partially_confounded		partially_confounded
SRP151677	liver | between_subject_case_control | conf=medium | tumor_tissue | n=29	tissue subtype	tissue:liver	29	29	29	29	14	15	0.34	0.438		14902	10	19	8	2	29	0	0	0	29	liver	-4.456	4.443	0.907	0.0036	0.0033								15.03	4	0.08	-1.39	1.131	1.715	-1.228	1.103	M0,M1,M0perm,M3,M4,M5,M4perm,M5perm,M0permw	15703	15211	0.944	0.91	0.998	1	4	3	15703	15722	0.984	0.94	1	0	4	4	15703	15174	0.95	0.92	0.998	0	4	4	15703	17218	0.911	0.65	0.987	0	4	5	15211	17218	0.878	0.64	0.984	0	3	5	15703	14562	0.856	0.75	0.981	92	4	4	15211	14562	0.873	0.77	0.983	33	3	4	15703	5276	0.324	0.62	0.855	1655	4	1	15211	5276	0.332	0.68	0.849	1605	3	1	15703	15166	0.934	0.9	0.997	1	4	4	15211	15166	0.976	0.96	0.999	0	3	4	15703	15016	0.933	0.89	0.997	0	4	3	15211	15016	0.968	0.96	0.999	0	3	3																																																																																	between_subject_case_control	in_vivo_tissue	unknown	tumor_tissue	medium	liver		TRUE	FALSE	partially_confounded		partially_confounded
SRP151689	blood_immune | in_vivo_treatment_arms | conf=medium |  | n=12	isolate	subj:isolate;tissue:blood_immune	12	12	8	8	4	4	0	0		15034.5	0	8	0	0	0	0	0	0	0	blood	-0.426	-5.17	0.065	0	0								3.71	0		1.733	-2.953	-2.304	2.248	2.117	M0																																																																																																																																																																																									in_vivo_treatment_arms	ex_vivo_primary_cells	male_only	""	medium	blood_immune		TRUE	TRUE	single_sex		single_sex
SRP151726	brain_cns | in_vivo_treatment_arms | conf=high |  | n=20	treatment	tissue:brain_cns	20	20	20	12	6	6	0	0		17944	0	12	0	0	12	0	0	8	12	brain	0.195	0.072	0.488	0	0								36.23	0		0.3	0.941	0.441	0.269	-0.211	M0																																																																																																																																																																																									in_vivo_treatment_arms	ex_vivo_primary_cells	unknown	""	high	brain_cns		TRUE	TRUE	single_sex		single_sex
SRP151888	gut | genotype_comparison | conf=high | tumor_tissue | n=19	genotype	tissue:gut	19	19	12	12	7	5	0.5	0.171		17690.5	6	6	3	3	0	0	0	0	12	gut	-0.146	-0.313	1.363	0.0016	0.0016								4.12	3	0.971	-1.652	0.178	-1.328	1.589	0.634	M0,M1,M0perm,M3,M4,M5,M4perm,M5perm,M0permw	10586	11932	0.876	0.78	0.991	0	0	0	10586	10569	0.941	0.85	0.997	0	0	0	10586	10155	0.939	0.9	0.999	0	0	0	10586	13463	0.779	0.46	0.984	0	0	0	11932	13463	0.877	0.54	0.993	0	0	0	10586	8531	0.658	0.63	0.929	3	0	0	11932	8531	0.637	0.71	0.942	7	0	0	10586	11625	0.864	0.59	0.99	0	0	0	11932	11625	0.926	0.65	0.996	0	0	0	10586	11059	0.85	0.62	0.988	0	0	0	11932	11059	0.868	0.7	0.991	0	0	0	10586	11263	0.85	0.68	0.988	0	0	0	11932	11263	0.898	0.77	0.995	0	0	0																																																																																	genotype_comparison	in_vivo_tissue	both_sexes	tumor_tissue	high	gut		TRUE	FALSE	mildly_imbalanced		mildly_imbalanced
SRP151925	brain_cns | genotype_comparison | conf=high |  | n=47	genotype	tissue:brain_cns	47	12	12	12	5	7	1	0		17012.5	12	0	5	7	12	0	0	0	0	brain	-0.417	0.085	0.874	3e-04	2e-04								4.05	0		-0.05	-0.298	0.496	-0.411	-0.237	M0																																																																																																																																																																																									genotype_comparison	ex_vivo_primary_cells	unknown	""	high	brain_cns		TRUE	TRUE	single_sex		single_sex
SRP151927	other | in_vivo_treatment_arms | conf=high |  | n=15	infection	tissue:other	15	15	10	10	5	5	0.7	0.6		18313.5	7	3	2	5	10	0	0	0	10	generic	2.576	0.09	-0.65	0.002	0.002								1.05	2	0.048	-0.133	0	0.027	0.033	0.731	M0,M1,M0perm,M3,M4,M5,M4perm,M5perm,M0permw	974	382	0.298	0.6	0.889	0	0	0	974	1050	0.705	0.56	0.989	0	0	0	974	408	0.335	0.5	0.872	0	0	0	974	857	0.681	0.67	0.979	0	0	0	382	857	0.315	0.59	0.838	0	0	0	974	353	0.255	0.47	0.868	0	0	0	382	353	0.564	0.64	0.979	0	0	0	974	13	0.007	0.18	0.668	12	0	0	382	13	0.023	0.3	0.791	0	0	0	974	233	0.15	0.31	0.818	0	0	0	382	233	0.37	0.56	0.928	0	0	0	974	231	0.164	0.39	0.832	0	0	0	382	231	0.371	0.59	0.948	0	0	0																																																																																	in_vivo_treatment_arms	in_vivo_tissue	unknown	""	high	other		TRUE	FALSE	partially_confounded		partially_confounded
SRP152146	brain_cns | in_vivo_treatment_arms | conf=high | pooled_samples | n=30	treatment	in:tissue=brain-amygdala;tissue:brain_cns	30	30	12	12	6	6	0	0		17779	0	12	0	0	12	0	0	0	0	brain	0.123	0.179	-0.229	3e-04	2e-04								3.3	0		0.664	-0.475	-1.99	2.019	1.438	M0																																																																																																																																																																																									in_vivo_treatment_arms	in_vivo_tissue	unknown	pooled_samples	high	brain_cns		TRUE	TRUE	single_sex		single_sex
SRP152570	brain_cns | genotype_comparison | conf=high |  | n=20	strain	in:amphetamine treatment=saline;subj:animal_id;tissue:brain_cns	20	20	10	10	5	5	0	0		17426.5	0	10	0	0	0	0	0	0	10	brain	-2.107	0.096	0.236	6e-04	6e-04								1.66	0		2.395	-1.191	0.214	-0.305	-0.33	M0																																																																																																																																																																																									genotype_comparison	in_vivo_tissue	male_only	""	high	brain_cns		TRUE	TRUE	single_sex		single_sex
SRP152861	brain_cns | in_vivo_treatment_arms | conf=medium |  | n=12	treatment	tissue:brain_cns	12	12	12	12	6	6	0	0		17308	0	12	0	0	12	0	0	0	12	brain	-0.16	-1.412	0.268	5e-04	3e-04								7.9	0		0.242	0.473	0.191	-0.191	-0.782	M0																																																																																																																																																																																									in_vivo_treatment_arms	in_vivo_tissue	unknown	""	medium	brain_cns		TRUE	TRUE	single_sex		single_sex
SRP152871	tumor | genotype_comparison | conf=high | tumor_tissue | n=14	genotype	tissue:tumor	14	14	10	10	4	6	1	0		17813.5	10	0	4	6	10	0	0	0	10	generic	-0.053	-0.944	-0.504	2e-04	2e-04								4.41	0		-1.324	0.829	-0.217	0.415	0.651	M0																																																																																																																																																																																									genotype_comparison	in_vivo_tissue	female_only	tumor_tissue	high	tumor		TRUE	TRUE	single_sex		single_sex
SRP152966	brain_cns | in_vivo_treatment_arms | conf=medium |  | n=72	diet	tissue:brain_cns	72	72	36	36	18	18	0	0		17079.5	0	36	0	0	36	0	0	0	0	brain	0.327	-0.599	-0.227	0.001	8e-04								4.12	0		-0.511	0.512	0.587	-0.489	0.036	M0																																																																																																																																																																																									in_vivo_treatment_arms	in_vivo_tissue	unknown	""	medium	brain_cns		TRUE	TRUE	single_sex		single_sex
SRP153030	brain_cns | genotype_comparison | conf=high |  | n=10	genotype/variation	tissue:brain_cns	10	10	10	10	5	5	0	0		17599	0	10	0	0	10	0	0	0	0	brain	-0.586	1.932	0.602	2e-04	1e-04								4.87	0		0.884	-1.053	0.096	-0.15	0.402	M0																																																																																																																																																																																									genotype_comparison	in_vivo_tissue	unknown	""	high	brain_cns		TRUE	TRUE	single_sex		single_sex
SRP153071	liver | in_vivo_treatment_arms | conf=medium |  | n=12	diet	tissue:liver	12	12	12	12	6	6	1	0		14966.5	12	0	6	6	0	0	0	0	0	liver	0.357	0.333	-0.811	0.0021	0.0021								2.1	0		-1.216	0.171	0.574	-0.218	-0.913	M0																																																																																																																																																																																									in_vivo_treatment_arms	in_vivo_tissue	female_only	""	medium	liver		TRUE	TRUE	single_sex		single_sex
SRP153101	skin | in_vivo_treatment_arms | conf=high | tumor_tissue | n=15	treatment	tissue:skin	15	15	12	12	8	4	0.5	0		17533.5	6	6	4	2	12	0	0	0	12	generic	-0.329	-1.345	-0.831	0	0								14.53	1	0	-0.114	0.269	-0.036	0.028	0.321	M0,M1,M0perm,M3,M4,M5,M4perm,M5perm,M0permw	248	188	0.71	0.87	0.996	0	0	0	248	180	0.678	0.92	0.996	0	0	0	248	240	0.743	0.81	0.995	0	0	0	248	1044	0.238	0.58	0.941	0	0	0	188	1044	0.179	0.58	0.941	0	0	0	248	983	0.251	0.58	0.926	0	0	0	188	983	0.191	0.63	0.926	0	0	0	248	0	0	0.56	0.859	0	0	0	188	0	0	0.6	0.863	0	0	0	248	0	0	0.31	0.483	0	0	0	188	0	0	0.28	0.489	0	0	0	248	0	0	0.56	0.594	0	0	0	188	0	0	0.52	0.601	0	0	0																																																																																	in_vivo_treatment_arms	ex_vivo_primary_cells	unknown	tumor_tissue	high	skin		TRUE	FALSE	balanced		balanced
SRP153147	lung | in_vivo_treatment_arms | conf=medium | tumor_tissue | n=47	expression vector	tissue:lung	47	47	47	44	12	32	0.23	0.312		16546	10	34	0	10	44	0	0	3	44	lung	-1.857	-1.209	-0.139	0	0	platform	0.851	0.851				0.851	20.3	5	0.141	2.923	-2.847	0.99	-0.765	0.345	M0,M1,M0perm,M3,M4,M5,M6,M4perm,M5perm,M6perm,M0permw	11978	11818	0.897	0.81	0.994	3	4	1	11978	11968	0.972	0.96	1	0	4	3	11978	11164	0.905	0.86	0.997	0	4	4	11978	14118	0.826	0.44	0.986	0	4	4	11818	14118	0.788	0.46	0.977	4	1	4	11978	2633	0.182	0.26	0.705	1472	4	0	11818	2633	0.183	0.31	0.713	1377	1	0	11978	13328	0.652	0.28	0.899	133	4	1	11818	13328	0.669	0.35	0.911	54	1	1	11978	11765	0.89	0.78	0.993	2	4	1	11818	11765	0.966	0.96	0.999	0	1	1	11978	11492	0.87	0.75	0.991	2	4	1	11818	11492	0.929	0.88	0.997	0	1	1																																																	11978	1198	0.085	0.2	0.592	2286	4	0	11818	1198	0.086	0.23	0.597	2170	1	0	11978	11745	0.893	0.79	0.993	3	4	1	11818	11745	0.974	0.95	0.999	0	1	1	in_vivo_treatment_arms	in_vivo_tissue	unknown	tumor_tissue	medium	lung		TRUE	FALSE	partially_confounded		partially_confounded
SRP153157	liver | in_vivo_treatment_arms | conf=medium |  | n=53	treatment	ex:preparation=isolated, facs sorted, cultured;tissue:liver	53	53	8	8	4	4	0	0		16496.5	0	8	0	0	0	0	0	0	8	liver	5.08	6.138	-0.589	3e-04	3e-04								1.06	0		1.532	-1.249	0.618	-0.267	-1.359	M0																																																																																																																																																																																									in_vivo_treatment_arms	ex_vivo_primary_cells	unknown	""	medium	liver		TRUE	TRUE	single_sex		single_sex
SRP153160	heart | in_vivo_treatment_arms | conf=high |  | n=24	treatment	tissue:heart	24	24	12	12	6	6	0	0		15788.5	0	12	0	0	0	0	0	0	12	heart	-1.06	2.676	-0.838	0.002	0.0019								8.56	0		-1.487	-0.075	0.276	-0.184	-0.528	M0																																																																																																																																																																																									in_vivo_treatment_arms	in_vivo_tissue	male_only	""	high	heart		TRUE	TRUE	single_sex		single_sex
SRP153200	lung | in_vivo_treatment_arms | conf=high |  | n=25	infected with	tissue:lung	25	25	25	25	13	12	0.48	0.038		18047	12	13	6	6	0	0	2	0	25	lung	-1.256	1.196	-1.134	0.0032	0.0031								4.73	4	0.604	-0.984	-0.443	0.551	-0.651	0.032	M0,M1,M0perm,M3,M4,M5,M4perm,M5perm,M0permw	9180	9273	0.96	0.94	0.999	0	0	1	9180	8412	0.911	0.92	0.999	0	0	0	9180	8903	0.963	0.93	1	0	0	0	9180	4092	0.411	0.17	0.885	139	0	0	9273	4092	0.41	0.16	0.888	119	1	0	9180	4017	0.423	0.59	0.942	0	0	1	9273	4017	0.42	0.6	0.944	0	1	1	9180	300	0.03	0.46	0.711	674	0	0	9273	300	0.03	0.48	0.713	677	1	0	9180	8530	0.9	0.89	0.998	0	0	0	9273	8530	0.906	0.88	0.999	0	1	0	9180	10261	0.834	0.58	0.988	0	0	0	9273	10261	0.842	0.59	0.989	0	1	0																																																																																	in_vivo_treatment_arms	in_vivo_tissue	both_sexes	""	high	lung		TRUE	FALSE	balanced		balanced
SRP153242	brain_cns | in_vivo_treatment_arms | conf=high |  | n=20	treatment	tissue:brain_cns	20	20	20	20	10	10	0	0		17366.5	0	20	0	0	0	0	0	0	0	brain	1.072	-0.188	-0.255	0.001	0.001								1.87	0		-0.264	0.531	-0.674	0.729	0.114	M0																																																																																																																																																																																									in_vivo_treatment_arms	in_vivo_tissue	male_only	""	high	brain_cns		TRUE	TRUE	single_sex		single_sex
SRP153374	brain_cns | genotype_comparison | conf=high |  | n=8	genotype/variation	tissue:brain_cns	8	8	8	8	4	4	0	0		17079.5	0	8	0	0	0	0	0	0	8	brain	0.467	-0.291	-1.163	5e-04	3e-04								0.96	0		0.529	0.423	0.172	0.16	0.992	M0																																																																																																																																																																																									genotype_comparison	in_vivo_tissue	male_only	""	high	brain_cns		TRUE	TRUE	single_sex		single_sex
SRP153814	liver | genotype_comparison | conf=high |  | n=54	genotype/variation	tissue:liver	54	54	36	36	18	18	1	0		14901.5	36	0	18	18	36	0	0	0	0	liver	0.166	-0.217	-0.162	0.001	9e-04								14.69	0		-0.293	0.15	0.703	-0.683	-0.512	M0																																																																																																																																																																																									genotype_comparison	in_vivo_tissue	female_only	""	high	liver		TRUE	TRUE	single_sex		single_sex
SRP153902	reproductive | genotype_comparison | conf=high |  | n=8	genotype/variation	tissue:reproductive	8	8	8	8	4	4	0	0		18519	0	8	0	0	8	0	0	0	0	generic	8.245	1.385	-0.303	0.0012	9e-04								3.45	0		1.689	0.617	-1.218	1.45	0.352	M0																																																																																																																																																																																									genotype_comparison	in_vivo_tissue	male_only	""	high	reproductive		TRUE	TRUE	single_sex		single_sex
SRP153906	muscle | in_vivo_treatment_arms | conf=high |  | n=18	running protocole	tissue:muscle	18	18	12	12	6	6	0	0		15256.5	0	12	0	0	0	0	0	0	12	muscle	0.714	-0.092	-0.494	6e-04	4e-04								0.44	0		-0.787	0.735	0.367	-0.018	-0.675	M0																																																																																																																																																																																									in_vivo_treatment_arms	in_vivo_tissue	male_only	""	high	muscle		TRUE	TRUE	single_sex		single_sex
SRP154146	brain_cns | in_vivo_treatment_arms | conf=medium |  | n=58	treatment	tissue:brain_cns	58	58	58	58	29	29	0.48	0		17280.5	28	30	14	14	0	0	0	0	58	brain	-2.176	2.582	-0.209	1e-04	1e-04								3.24	5	0.791	-0.057	-0.681	0.2	-0.287	-0.213	M0,M1,M0perm,M3,M4,M5,M4perm,M5perm,M0permw	9533	9679	0.98	0.84	1	0	0	0	9533	9523	0.992	0.96	1	0	0	0	9533	9547	0.991	0.94	1	0	0	0	9533	9944	0.886	0.79	0.989	0	0	1	9679	9944	0.89	0.87	0.99	0	0	1	9533	9433	0.89	0.79	0.991	0	0	0	9679	9433	0.89	0.88	0.991	0	0	0	9533	2120	0.187	0.5	0.649	1364	0	0	9679	2120	0.185	0.53	0.648	1415	0	0	9533	9757	0.946	0.83	0.998	0	0	0	9679	9757	0.956	0.93	0.998	0	0	0	9533	9629	0.938	0.83	0.997	0	0	0	9679	9629	0.941	0.93	0.997	0	0	0																																																																																	in_vivo_treatment_arms	in_vivo_tissue	both_sexes	""	medium	brain_cns		TRUE	FALSE	balanced		balanced
SRP154207	brain_cns | in_vivo_treatment_arms | conf=high |  | n=8	diet	tissue:brain_cns	8	8	8	8	4	4	0	0		16679	0	8	0	0	8	0	0	0	8	brain	1.095	0.037	0.766	0.0024	0.002								3.81	0		0.384	-0.718	0.819	0.174	-0.973	M0																																																																																																																																																																																									in_vivo_treatment_arms	in_vivo_tissue	male_only	""	high	brain_cns		TRUE	TRUE	single_sex		single_sex
SRP154425	other | between_subject_case_control | conf=high | tumor_tissue | n=48	response to immunotherapy	tissue:other	48	48	48	45	23	22	0.24	0.055		16598	11	34	5	6	45	0	0	3	45	generic	0.587	-0.33	-0.325	4e-04	4e-04								3.98	4	0.422	-0.588	0.686	-0.209	0.11	-0.231	M0,M1,M0perm,M3,M4,M5,M4perm,M5perm,M0permw	3436	3440	0.967	0.96	0.992	0	0	0	3436	3381	0.978	0.97	0.998	0	0	0	3436	3357	0.968	0.99	0.997	0	0	0	3436	7258	0.473	0.27	0.931	0	0	0	3440	7258	0.473	0.27	0.918	0	0	0	3436	810	0.201	0.52	0.874	1	0	0	3440	810	0.202	0.53	0.866	1	0	0	3436	2419	0.484	0.72	0.699	0	0	0	3440	2419	0.486	0.73	0.709	1	0	0	3436	3576	0.861	0.83	0.975	0	0	1	3440	3576	0.876	0.84	0.984	0	0	1	3436	3180	0.902	0.88	0.988	0	0	0	3440	3180	0.907	0.88	0.995	0	0	0																																																																																	between_subject_case_control	in_vivo_tissue	female_only	tumor_tissue	high	other		TRUE	FALSE	balanced		balanced
SRP154465	tumor | between_subject_case_control | conf=medium | tumor_tissue | n=16	source_name	tissue:tumor	16	16	16	14	8	6	0.79	0.375	0.489	16964	11	3	5	6	14	0	0	2	0	generic	0.594	-1.838	0.874	0.0019	0.0018								16.72	3	0.512	-1.26	-0.648	-7.602	7.047	-1.5	M0,M1,M0perm,M2,M2perm,M3,M4,M5,M4perm,M5perm,M0permw	11336	9916	0.76	0.89	0.977	0	0	0	11336	11162	0.961	0.94	0.999	0	0	0	11336	9205	0.77	0.93	0.987	0	0	0	11336	14440	0.774	0.59	0.984	0	0	1	9916	14440	0.673	0.6	0.976	0	0	1	11336	7843	0.633	0.85	0.963	1	0	0	9916	7843	0.707	0.88	0.982	0	0	0	11336	5645	0.438	0.65	0.799	1039	0	0	9916	5645	0.534	0.67	0.847	456	0	0	11336	8382	0.67	0.82	0.974	0	0	0	9916	8382	0.827	0.85	0.997	0	0	0	11336	6921	0.566	0.82	0.96	0	0	0	9916	6921	0.686	0.84	0.988	0	0	0																																	11336	10011	0.765	0.87	0.975	0	0	0	11336	8325	0.63	0.85	0.941	2	0	0																																	between_subject_case_control	in_vivo_tissue	female_only	tumor_tissue	medium	tumor		TRUE	FALSE	partially_confounded	mildly_imbalanced	partially_confounded
SRP154838	adipose | genotype_comparison | conf=high |  | n=35	genotype	in:treatment=nd;tissue:adipose	35	35	25	25	11	14	0.8	0.195		13457	20	5	10	10	0	2	0	0	25	adipose	1.337	-0.519	0.402	0.0116	0.0101	readlen	0.007					0.007	5.05	5	0.355	-0.058	0.535	0.473	1.055	-0.047	M0,M1,M0perm,M3,M4,M5,M6,M7,M4perm,M5perm,M6perm,M7perm,M0permw	31	63	0.492	0.64	0.947	0	0	0	31	31	0.938	0.96	0.993	0	0	0	31	27	0.812	0.86	0.959	0	0	0	31	488	0.064	0.5	0.836	0	0	0	63	488	0.098	0.4	0.706	0	0	0	31	49	0.481	0.63	0.887	0	0	0	63	49	0.534	0.74	0.899	0	0	0	31	27	0.381	0.43	0.636	0	0	0	63	27	0.286	0.5	0.686	0	0	0	31	44	0.596	0.68	0.936	0	0	0	63	44	0.621	0.83	0.968	0	0	0	31	38	0.605	0.62	0.929	0	0	0	63	38	0.554	0.84	0.972	0	0	0	31	268	0.116	0.5	0.872	0	0	0	63	268	0.235	0.63	0.92	0	0	0	31	42	0.622	0.62	0.932	0	0	0	63	42	0.615	0.86	0.982	0	0	0																	31	211	0.147	0.51	0.922	0	0	0	63	211	0.299	0.72	0.972	0	0	0	31	68	0.456	0.61	0.941	0	0	0	63	68	0.871	0.93	0.996	0	0	0	genotype_comparison	in_vivo_tissue	both_sexes	""	high	adipose		TRUE	FALSE	mildly_imbalanced		mildly_imbalanced
SRP154859	brain_cns | in_vivo_treatment_arms | conf=high |  | n=33	agent	tissue:brain_cns	33	33	33	33	17	16	0.7	0.018		17912	23	10	12	11	0	0	0	0	16	brain	-2.236	2.194	0.793	0.0182	0.0177								3.81	5	0.695	-0.654	-0.164	-0.191	0.093	1.734	M0,M1,M0perm,M3,M4,M5,M7,M4perm,M5perm,M7perm,M0permw	5776	7885	0.729	0.89	0.987	0	0	0	5776	5763	0.878	0.98	0.99	0	0	0	5776	5688	0.966	0.98	0.999	0	0	0	5776	13507	0.427	0.7	0.959	0	0	0	7885	13507	0.581	0.7	0.964	0	0	0	5776	4816	0.586	0.75	0.879	8	0	0	7885	4816	0.533	0.82	0.888	39	0	0	5776	1839	0.267	0.66	0.684	404	0	0	7885	1839	0.21	0.65	0.685	717	0	0	5776	6977	0.73	0.86	0.971	0	0	0	7885	6977	0.824	0.94	0.986	0	0	0	5776	7163	0.76	0.87	0.98	0	0	0	7885	7163	0.87	0.95	0.992	0	0	0	5776	5687	0.73	0.85	0.955	0	0	0	7885	5687	0.683	0.89	0.965	1	0	0	5776	7799	0.728	0.87	0.984	0	0	0	7885	7799	0.922	0.98	0.996	0	0	0																																																	in_vivo_treatment_arms	in_vivo_tissue	both_sexes	""	high	brain_cns		TRUE	FALSE	balanced		balanced
SRP154905	other | in_vivo_treatment_arms | conf=medium |  | n=146	treatment	tissue:other	146	146	91	91	48	43	1	0	1.13	17528	91	0	48	43	0	14	0	0	0	generic	1.586	-0.237	0.23	6e-04	5e-04								14	0		-0.821	-0.238	-0.095	-0.066	0.384	M0																																																																																																																																																																																									in_vivo_treatment_arms	in_vivo_tissue	female_only	""	medium	other		TRUE	TRUE	single_sex	partially_confounded	single_sex
SRP154932	tumor | genotype_comparison | conf=high | tumor_tissue | n=12	genotype	tissue:tumor	12	12	12	12	5	7	0.92	0.143		19141.5	11	1	5	6	12	0	0	0	12	generic	-1.357	-0.876	-0.082	0.0013	0.0012								4.07	4	0.384	-1.55	0.301	0.64	-0.863	-0.664	M0,M1,M0perm,M3,M4,M5,M4perm,M5perm,M0permw	3426	4236	0.698	0.79	0.985	0	0	0	3426	3404	0.763	0.78	0.991	0	0	0	3426	1966	0.565	0.95	0.993	0	0	0	3426	375	0.089	0.41	0.78	0	0	0	4236	375	0.072	0.37	0.714	115	0	0	3426	22	0.006	0.36	0.662	24	0	0	4236	22	0.005	0.36	0.646	50	0	0	3426	4908	0.464	0.43	0.928	0	0	0	4236	4908	0.524	0.45	0.937	0	0	0	3426	1308	0.312	0.52	0.949	0	0	0	4236	1308	0.28	0.57	0.954	0	0	0	3426	473	0.121	0.46	0.949	0	0	0	4236	473	0.107	0.52	0.965	0	0	0																																																																																	genotype_comparison	in_vivo_tissue	unknown	tumor_tissue	high	tumor		TRUE	FALSE	balanced		balanced
SRP154934	tumor | genotype_comparison | conf=high | tumor_tissue | n=17	genotype	tissue:tumor	17	17	17	15	7	8	0.8	0.375		18685	12	3	7	5	15	0	0	2	15	generic	-1.041	-0.344	0.169	0.0018	0.0018								5.52	1	0.192	-0.826	-0.619	0.924	-1.462	-0.414	M0,M1,M0perm,M3,M4,M5,M4perm,M5perm,M0permw	349	535	0.401	0.63	0.9	0	0	0	349	272	0.735	0.9	0.994	0	0	0	349	572	0.364	0.6	0.884	0	0	0	349	3179	0.11	0.42	0.959	0	0	0	535	3179	0.157	0.46	0.843	0	0	0	349	53	0.117	0.56	0.872	0	0	0	535	53	0.087	0.68	0.888	0	0	0	349	886	0.181	0.34	0.846	0	0	0	535	886	0.352	0.43	0.944	0	0	0	349	451	0.361	0.54	0.883	0	0	0	535	451	0.598	0.77	0.987	0	0	0	349	12	0.034	0.51	0.84	0	0	0	535	12	0.022	0.57	0.926	0	0	0																																																																																	genotype_comparison	in_vivo_tissue	unknown	tumor_tissue	high	tumor		TRUE	FALSE	partially_confounded		partially_confounded
SRP154942	liver | in_vivo_treatment_arms | conf=medium |  | n=72	dose	in:tissue=liver;in:time=3h;tissue:liver	72	72	12	12	6	6	0	0		13788.5	0	12	0	0	0	0	0	0	0	liver	0.556	-0.327	0.077	0.0023	0.0022								1.84	0		0.337	-0.341	2.808	-1.223	-0.14	M0																																																																																																																																																																																									in_vivo_treatment_arms	in_vivo_tissue	male_only	""	medium	liver		TRUE	TRUE	single_sex		single_sex
SRP155020	other | genotype_comparison | conf=medium |  | n=535	genotype	in:source_name=pons;ex:genotype=unknown (repeat run) 1;ex:genotype=unknown (repeat run) 2;tissue:other	535	59	23	23	7	16	0	0		17445	0	23	0	0	23	0	0	0	23	generic	-1.285	-0.922	0.011	0.0013	0.001	readlen	0.53					0.53	17.5	0		1.644	-1.049	1.427	-1.39	0.354	M0																																																																																																																																																																																									genotype_comparison	in_vivo_tissue	unknown	""	medium	other		TRUE	TRUE	single_sex		single_sex
SRP155097	brain_cns | genotype_comparison | conf=medium |  | n=28	genotype	in:treatment=placebo (nacl);tissue:brain_cns	28	28	13	13	7	6	0	0	0.309	18934	0	13	0	0	0	0	0	0	0	brain	-0.987	2.353	0.844	4e-04	4e-04	platform	0.793	0.793				0.617	11.26	0		0.876	-1.217	-0.721	0.568	1.399	M0																																																																																																																																																																																									genotype_comparison	in_vivo_tissue	male_only	""	medium	brain_cns		TRUE	TRUE	single_sex	balanced	single_sex
SRP155199	brain_cns | genotype_comparison | conf=medium |  | n=70	source_name	in:protocol=ribotag;tissue:brain_cns	70	70	10	10	5	5	0	0		19783	0	10	0	0	10	0	0	0	10	brain	0.1	0.174	-0.628	0	0								1.16	0		2.445	0.924	1.414	-1.533	-0.048	M0																																																																																																																																																																																									genotype_comparison	in_vivo_tissue	both_sexes	""	medium	brain_cns		TRUE	TRUE	single_sex		single_sex
SRP155346	blood_immune | genotype_comparison | conf=high | tumor_tissue | n=60	genotype	tissue:blood_immune	60	8	8	8	4	4	1	0		15470.5	8	0	4	4	8	0	0	0	0	blood	-1.707	0.005	-2.636	3e-04	2e-04								1.3	0		0.532	2.027	-0.42	1.047		M0																																																																																																																																																																																									genotype_comparison	ex_vivo_primary_cells	unknown	tumor_tissue	high	blood_immune		TRUE	TRUE	single_sex		single_sex
SRP155372	blood_immune | in_vivo_treatment_arms | conf=medium |  | n=10	treated with	tissue:blood_immune	10	10	10	10	5	5	1	0		16128.5	10	0	5	5	10	0	0	0	10	blood	0.747	-0.39	3.169	4e-04	3e-04								12.84	0		0.724	0.28	1.253	-1.218	-0.001	M0																																																																																																																																																																																									in_vivo_treatment_arms	ex_vivo_primary_cells	unknown	""	medium	blood_immune		TRUE	TRUE	single_sex		single_sex
SRP155404	brain_cns | genotype_comparison | conf=high |  | n=9	genotype	tissue:brain_cns	9	9	9	9	4	5	1	0		19190	9	0	4	5	9	0	0	0	0	brain	0.376	-0.06	1.21	4e-04	2e-04								20.11	0		-1.123	-2.055	-0.353	-0.282	-1.419	M0																																																																																																																																																																																									genotype_comparison	in_vivo_tissue	unknown	""	high	brain_cns		TRUE	TRUE	single_sex		single_sex
SRP155414	lung | in_vivo_treatment_arms | conf=high |  | n=8	treatment	tissue:lung	8	8	8	8	4	4	1	0		18305	8	0	4	4	0	0	0	0	0	lung	1.461	-1.451	1.605	0.0295	0.0186	readlen	0.791					0.791	0.68	0		-1.335	-0.734	-0.228	0.615	0.432	M0																																																																																																																																																																																									in_vivo_treatment_arms	in_vivo_tissue	female_only	""	high	lung		TRUE	TRUE	single_sex		single_sex
SRP155485	kidney | in_vivo_treatment_arms | conf=high |  | n=22	treatment	tissue:kidney	22	11	11	11	6	5	0	0		16044	0	11	0	0	0	1	5	0	11	kidney	0.029	-0.121	0.004	5e-04	4e-04								2.81	0		0.857	-0.856	-0.553	0.307	0.486	M0																																																																																																																																																																																									in_vivo_treatment_arms	in_vivo_tissue	male_only	""	high	kidney		TRUE	TRUE	single_sex		single_sex
SRP155684	gut | genotype_comparison | conf=medium |  | n=18	strain	tissue:gut	18	18	18	18	12	6	0	0		16420.5	0	18	0	0	0	0	0	0	0	gut	1.101	-0.547	0.402	2e-04	2e-04								5.37	0		-1.318	0.967	0.081	0.681	0.593	M0																																																																																																																																																																																									genotype_comparison	in_vivo_tissue	male_only	""	medium	gut		TRUE	TRUE	single_sex		single_sex
SRP155714	adipose | in_vivo_treatment_arms | conf=medium |  | n=26	group	in:tissue=scwat;tissue:adipose	26	26	11	11	5	6	0	0		16096	0	11	0	0	11	0	0	0	11	adipose	1.029	-3.723	1.225	0.0011	6e-04								1.63	0		1.05	-0.29	-1.91	1.35	0.639	M0																																																																																																																																																																																									in_vivo_treatment_arms	in_vivo_tissue	unknown	""	medium	adipose		TRUE	TRUE	single_sex		single_sex
SRP155757	brain_cns | genotype_comparison | conf=high |  | n=18	genotype	ex:genotype=fus delta15;tissue:brain_cns	18	18	17	17	8	9	0.12	0.014	0.105	17467	2	15	1	1	0	0	0	0	0	brain	-0.132	-0.406	0.304	4e-04	3e-04								6.04	2	0.125	0.185	-0.144	0.829	-1.073	-0.049	M0,M1,M0perm,M2,M2perm,M3,M4,M5,M4perm,M5perm,M0permw	0	0		0.89	0.999	0	0	0	0	0		0.93	0.999	0	0	0	0	0		0.93	0.999	0	0	0	0	1	0	0.29	0.883	0	0	0	0	1	0	0.3	0.875	0	0	0	0	0		0.6	0.937	0	0	0	0	0		0.63	0.941	0	0	0	0	1	0	0.43	0.662	0	0	0	0	1	0	0.47	0.646	0	0	0	0	0		0.58	0.958	0	0	0	0	0		0.65	0.963	0	0	0	0	0		0.55	0.944	0	0	0	0	0		0.58	0.949	0	0	0																																	0	0		0.47	0.972	0	0	0	0	0		0.66	0.97	0	0	0																																	genotype_comparison	in_vivo_tissue	both_sexes	""	high	brain_cns		TRUE	FALSE	balanced	balanced	balanced
SRP155851	brain_cns | in_vivo_treatment_arms | conf=high |  | n=12	disease state	tissue:brain_cns	12	12	12	12	6	6	0.5	0		16256.5	6	6	3	3	0	0	0	0	12	brain	-0.079	1.322	1.544	0.0021	0.0014								0.64	1	0.997	-1.287	0.715	-0.481	-0.022	-0.677	M0,M1,M0perm,M3,M4,M5,M4perm,M5perm,M0permw	970	3198	0.303	0.6	0.978	0	0	1	970	945	0.736	0.67	0.98	0	0	0	970	934	0.84	0.87	0.993	0	0	0	970	3216	0.302	0.61	0.977	0	0	1	3198	3216	0.976	0.95	0.999	0	1	1	970	509	0.165	0.23	0.7	2	0	0	3198	509	0.117	0.28	0.708	54	1	0	970	898	0.411	0.48	0.829	0	0	1	3198	898	0.269	0.71	0.852	1	1	1	970	2821	0.341	0.44	0.963	0	0	2	3198	2821	0.809	0.6	0.986	0	1	2	970	1835	0.438	0.53	0.928	0	0	1	3198	1835	0.542	0.79	0.951	0	1	1																																																																																	in_vivo_treatment_arms	in_vivo_tissue	male_only	""	high	brain_cns		TRUE	FALSE	balanced		balanced
SRP155931	brain_cns | in_vivo_treatment_arms | conf=medium |  | n=14	treatment	tissue:brain_cns	14	14	14	14	8	6	0.93	0.167	0.246	18045.5	13	1	8	5	14	0	0	0	0	brain	-1.276	0.013	0.413	4e-04	3e-04								3.17	3	0.134	-1.062	-0.309	0.129	-0.072	0.106	M0,M1,M0perm,M2,M2perm,M3,M4,M5,M4perm,M5perm,M0permw	1	1	1	0.7	0.974	0	0	0	1	0	0	0.73	0.975	0	0	0	1	1	1	0.7	0.974	0	0	0	1	517	0.002	0.27	0.967	0	0	0	1	517	0.002	0.2	0.937	0	0	0	1	0	0	0.42	0.756	0	0	0	1	0	0	0.39	0.739	0	0	0	1	0	0	0.49	0.738	0	0	0	1	0	0	0.51	0.775	0	0	0	1	0	0	0.67	0.983	0	0	0	1	0	0	0.77	0.978	0	0	0	1	0	0	0.54	0.935	0	0	0	1	0	0	0.61	0.965	0	0	0																																	1	167	0.006	0.27	0.924	0	0	0	1	2	0.5	0.6	0.974	0	0	0																																	in_vivo_treatment_arms	in_vivo_tissue	unknown	""	medium	brain_cns		TRUE	FALSE	mildly_imbalanced	balanced	mildly_imbalanced
SRP155943	liver | genotype_comparison | conf=high |  | n=24	genotype/variation	in:diet=fed ad libitum (labdiet, #5001);tissue:liver	24	24	18	18	9	9	0.11	0.222		13492.5	2	16	2	0	0	9	7	0	0	liver	0.558	0.546	-0.563	0.0015	0.0014	readlen	0.447					0.447	15.65	4	0.025	-0.314	0.7	0.59	-0.536	0.089	M0,M1,M0perm,M3,M4,M5,M6,M4perm,M5perm,M6perm,M0permw	508	336	0.652	0.92	0.988	0	0	0	508	331	0.635	0.93	0.983	0	0	0	508	382	0.642	0.89	0.963	0	0	0	508	1877	0.269	0.76	0.872	0	0	0	336	1877	0.178	0.74	0.845	0	0	0	508	109	0.212	0.79	0.914	0	0	0	336	109	0.317	0.84	0.93	0	0	0	508	473	0.523	0.74	0.905	0	0	0	336	473	0.628	0.77	0.926	0	0	0	508	262	0.469	0.87	0.947	0	0	0	336	262	0.666	0.87	0.954	0	0	0	508	223	0.417	0.89	0.934	0	0	0	336	223	0.602	0.85	0.934	0	0	0																																																	508	166	0.324	0.88	0.923	0	0	0	336	166	0.485	0.89	0.936	0	0	0	508	403	0.61	0.9	0.974	0	0	0	336	403	0.768	0.93	0.982	0	0	0	genotype_comparison	in_vivo_tissue	male_only	""	high	liver		TRUE	FALSE	mildly_imbalanced		mildly_imbalanced
SRP156218	other | genotype_comparison | conf=high |  | n=8	genotype/variation	tissue:other	8	8	8	8	4	4	0.75	0		15540.5	6	2	3	3	0	0	0	0	0	generic	0.837	3.738	0.849	0	0								3.51	0		-1.1	26.926	2.092	-1.495	-0.091	M0,M1,M0perm,M4,M5,M4perm,M5perm,M0permw	12153	12052	0.971	0.86	0.999	0	0	1	12153	12219	0.972	0.84	0.999	0	0	0	12153	12996	0.93	0.77	0.996	0	0	0																	12153	0	0	0.04	0.24	4754	0	0	12052	0	0	0.04	0.246	4689	1	0	12153	1735	0.142	0.51	0.922	260	0	0	12052	1735	0.143	0.6	0.924	239	1	0	12153	10165	0.757	0.62	0.969	7	0	1	12052	10165	0.758	0.68	0.968	6	1	1	12153	11879	0.849	0.6	0.981	0	0	1	12052	11879	0.849	0.66	0.981	0	1	1																																																																																	genotype_comparison	ex_vivo_primary_cells	both_sexes	""	high	other		TRUE	FALSE	balanced		balanced
SRP156226	brain_cns | in_vivo_treatment_arms | conf=high |  | n=17	source_name	in:age=postnatal day7;tissue:brain_cns	17	17	10	10	5	5	0	0		17589	0	10	0	0	10	0	0	0	0	brain	1.356	-0.017	-2.889	0.0045	0.0038								0.44	0		-0.616	2.969	1.385	0.817	0.528	M0																																																																																																																																																																																									in_vivo_treatment_arms	in_vivo_tissue	unknown	""	high	brain_cns		TRUE	TRUE	single_sex		single_sex
SRP156264	liver | in_vivo_treatment_arms | conf=high |  | n=8	source_name	tissue:liver	8	8	8	8	4	4	0	0		14361	0	8	0	0	8	0	0	0	0	liver	-0.889	2.045	1.319	2e-04	2e-04								1.46	0		-0.427	0.586	2.542	-2.827	-0.828	M0																																																																																																																																																																																									in_vivo_treatment_arms	in_vivo_tissue	unknown	""	high	liver		TRUE	TRUE	single_sex		single_sex
SRP156285	brain_cns | in_vivo_treatment_arms | conf=high |  | n=24	disease state	in:treatment=control;tissue:brain_cns	24	24	12	10	6	4	0.3	0.5		15083	3	7	3	0	10	0	0	2	10	brain	1.205	2.137	-1.655	0.001	8e-04								5.29	3	0.775	4.349	0.245	-2.402	4.243	0.972	M0,M1,M0perm,M3,M4,M5,M4perm,M5perm,M0permw	6633	6741	0.75	0.69	0.966	0	0	0	6633	6741	0.75	0.69	0.966	0	0	0	6633	4177	0.599	0.79	0.971	0	0	0	6633	6665	0.774	0.39	0.979	0	0	0	6741	6665	0.752	0.43	0.951	51	0	0	6633	16	0.002	0.21	0.77	253	0	0	6741	16	0.002	0.32	0.8	185	0	0	6633	823	0.117	0.56	0.863	37	0	0	6741	823	0.12	0.47	0.887	14	0	0	6633	5263	0.651	0.61	0.957	0	0	0	6741	5263	0.743	0.61	0.991	0	0	0	6633	6140	0.704	0.56	0.96	1	0	0	6741	6140	0.838	0.68	0.994	0	0	0																																																																																	in_vivo_treatment_arms	in_vivo_tissue	unknown	""	high	brain_cns		TRUE	FALSE	partially_confounded		partially_confounded
SRP156448	tumor | between_subject_case_control | conf=high | tumor_tissue | n=26	wnt1-stage	tissue:tumor	26	26	26	25	12	13	1	0		17955	25	0	12	13	25	0	0	1	25	generic	-0.469	-0.083	-1.79	0.0014	0.0014								29.68	0		0.224	1.079	0.069	-0.026	0.246	M0																																																																																																																																																																																									between_subject_case_control	in_vivo_tissue	female_only	tumor_tissue	high	tumor		TRUE	TRUE	single_sex		single_sex
SRP156476	brain_cns | genotype_comparison | conf=high |  | n=8	genotype	tissue:brain_cns	8	8	8	8	4	4	0.5	0		18826.5	4	4	2	2	8	0	0	0	8	brain	-0.875	-1.065	0.126	0.0017	9e-04								2.03	0		-0.187	0.195	0.518	-0.523	-0.873	M0,M1,M0perm,M4,M5,M4perm,M5perm,M0permw	41	63	0.651	0.87	0.997	0	0	0	41	36	0.878	0.92	0.999	0	0	0	41	30	0.732	0.92	0.998	0	0	0																	41	41	0.608	0.76	0.977	0	0	0	63	41	0.651	0.84	0.98	0	0	0	41	111	0.16	0.26	0.683	0	0	0	63	111	0.168	0.27	0.684	0	0	0	41	13	0.317	0.53	0.835	0	0	0	63	13	0.206	0.57	0.834	0	0	0	41	9	0.136	0.42	0.744	0	0	0	63	9	0.091	0.45	0.745	0	0	0																																																																																	genotype_comparison	in_vivo_tissue	unknown	""	high	brain_cns		TRUE	FALSE	balanced		balanced
SRP156518	liver | in_vivo_treatment_arms | conf=high |  | n=10	treatment	subj:isolate;tissue:liver	10	10	10	10	5	5	0	0		14816.5	0	10	0	0	0	0	0	0	0	liver	0.677	-0.277	0.166	0.0012	7e-04								1.64	0		-0.021	1.496	-0.407	0.839	0.846	M0																																																																																																																																																																																									in_vivo_treatment_arms	in_vivo_tissue	male_only	""	high	liver		TRUE	TRUE	single_sex		single_sex
SRP156566	other | genotype_comparison | conf=high |  | n=16	genotype/variation	tissue:other	16	8	8	8	4	4	0	0		17382	0	8	0	0	8	0	0	0	8	generic	0.221	0.181	0.045	0.018	0.0169								1.45	0		-0.224	0.797	1.616	-2.603	1.88	M0																																																																																																																																																																																									genotype_comparison	in_vivo_tissue	unknown	""	high	other		TRUE	TRUE	single_sex		single_sex
SRP156859	kidney | genotype_comparison | conf=high |  | n=18	genotype	in:tissue=whole kidney;tissue:kidney	18	18	12	12	6	6	0.25	0.167		17996	3	9	2	1	12	0	0	0	12	kidney	0.162	1.614	0.488	0.0061	0.0039								1.43	2	0.611	-0.25	-0.523	-0.073	-0.426	0.628	M0,M1,M0perm,M3,M4,M5,M4perm,M5perm,M0permw	397	585	0.639	0.78	0.99	0	0	0	397	405	0.696	0.79	0.988	0	0	0	397	293	0.683	0.89	0.99	0	0	0	397	1160	0.342	0.69	0.976	0	0	0	585	1160	0.504	0.72	0.983	0	0	0	397	540	0.519	0.64	0.947	0	0	0	585	540	0.621	0.7	0.964	0	0	0	397	39	0.087	0.52	0.801	0	0	0	585	39	0.063	0.55	0.805	0	0	0	397	2	0.005	0.39	0.837	0	0	0	585	2	0.003	0.45	0.857	0	0	0	397	185	0.382	0.64	0.953	0	0	0	585	185	0.298	0.76	0.964	0	0	0																																																																																	genotype_comparison	in_vivo_tissue	both_sexes	""	high	kidney		TRUE	FALSE	mildly_imbalanced		mildly_imbalanced
SRP156888	tumor | genotype_comparison | conf=high | tumor_tissue | n=12	genotype	tissue:tumor	12	12	12	12	6	6	0.42	0.167		17321.5	5	7	3	2	12	0	0	0	12	generic	0.065	-0.923	-1.388	5e-04	4e-04								2.01	2	0.322	-1.481	1.139	-0.596	0.027	0.726	M0,M1,M0perm,M3,M4,M5,M4perm,M5perm,M0permw	1143	1056	0.737	0.71	0.99	0	0	0	1143	822	0.661	0.76	0.994	0	0	0	1143	791	0.649	0.9	0.994	0	0	0	1143	3021	0.377	0.43	0.931	0	0	0	1056	3021	0.336	0.5	0.951	0	0	0	1143	7	0.006	0.46	0.847	0	0	0	1056	7	0.007	0.59	0.87	0	0	0	1143	3258	0.308	0.3	0.801	0	0	1	1056	3258	0.305	0.34	0.844	0	0	1	1143	190	0.151	0.63	0.93	0	0	0	1056	190	0.17	0.71	0.955	0	0	0	1143	230	0.185	0.55	0.967	0	0	0	1056	230	0.208	0.72	0.972	0	0	0																																																																																	genotype_comparison	in_vivo_tissue	unknown	tumor_tissue	high	tumor		TRUE	FALSE	mildly_imbalanced		mildly_imbalanced
SRP157900	brain_cns | genotype_comparison | conf=high |  | n=24	genotype	tissue:brain_cns	24	12	12	12	6	6	0	0	0	17332	0	12	0	0	12	0	0	0	0	brain	-0.013	-0.03	1.349	2e-04	1e-04								2.91	0		-0.526	-0.184	-0.353	-0.131	0.563	M0																																																																																																																																																																																									genotype_comparison	in_vivo_tissue	unknown	""	high	brain_cns		TRUE	TRUE	single_sex	balanced	single_sex
SRP158007	brain_cns | in_vivo_treatment_arms | conf=high |  | n=16	treatment	tissue:brain_cns	16	16	16	16	8	8	1	0		16318	16	0	8	8	16	0	0	0	0	brain	0.309	-0.419	0.031	0	0								6.51	0		0.636	-0.847	0.997	-0.727	-1.26	M0																																																																																																																																																																																									in_vivo_treatment_arms	in_vivo_tissue	unknown	""	high	brain_cns		TRUE	TRUE	single_sex		single_sex
SRP158112	brain_cns | genotype_comparison | conf=high |  | n=16	genotype	tissue:brain_cns	16	16	8	8	4	4	0.5	0		16236.5	4	4	2	2	0	0	0	0	0	brain	-1.818	2.753	0.261	0	0								4.61	0		-0.947	0.282	-0.731	1.073	-0.127	M0,M1,M0perm,M4,M5,M4perm,M5perm,M0permw	0	0		0.74	0.987	0	0	0	0	0		0.49	0.913	0	0	0	0	0		0.74	0.987	0	0	0																	0	0		0.38	0.803	0	0	0	0	0		0.42	0.814	0	0	0	0	0		0	-0.023	0	0	0	0	0		0	-0.025	0	0	0	0	0		0.37	0.851	0	0	0	0	0		0.41	0.86	0	0	0	0	0		0.38	0.716	0	0	0	0	0		0.44	0.72	0	0	0																																																																																	genotype_comparison	in_vivo_tissue	both_sexes	""	high	brain_cns		TRUE	FALSE	balanced		balanced
SRP158292	gut | genotype_comparison | conf=high | tumor_tissue | n=12	genotype	tissue:gut	12	12	12	12	6	6	0	0		17436.5	0	12	0	0	0	2	0	0	0	gut	-0.017	1.372	1.447	3e-04	3e-04								3.5	0		-0.23	-0.016	-1.801	2.213	0.189	M0																																																																																																																																																																																									genotype_comparison	in_vivo_tissue	male_only	tumor_tissue	high	gut		TRUE	TRUE	single_sex		single_sex
SRP158376	liver | genotype_comparison | conf=medium |  | n=22	genotype	in:age=postnatal day 14;tissue:liver	22	22	12	12	7	5	0.58	0.314		13892.5	7	5	5	2	0	0	0	0	0	liver	-1.055	0.959	1.81	8e-04	7e-04								7.21	2	0.634	-0.244	2.096	0.371	-0.226	-1.738	M0,M1,M0perm,M3,M4,M5,M4perm,M5perm,M0permw	2904	2469	0.747	0.88	0.977	0	0	0	2904	2855	0.904	0.86	0.998	0	0	0	2904	2693	0.731	0.89	0.967	0	0	0	2904	3763	0.611	0.66	0.926	0	0	0	2469	3763	0.634	0.69	0.97	0	0	0	2904	512	0.163	0.71	0.805	9	0	0	2469	512	0.19	0.75	0.794	1	0	0	2904	2278	0.47	0.62	0.832	0	0	0	2469	2278	0.523	0.65	0.868	0	0	0	2904	1608	0.5	0.76	0.949	0	0	0	2469	1608	0.545	0.83	0.932	0	0	0	2904	1152	0.382	0.78	0.935	0	0	0	2469	1152	0.452	0.81	0.963	0	0	0																																																																																	genotype_comparison	ex_vivo_primary_cells	both_sexes	""	medium	liver		TRUE	FALSE	partially_confounded		partially_confounded
SRP158468	adipose | in_vivo_treatment_arms | conf=high |  | n=12	agent	tissue:adipose	12	12	12	12	6	6	0	0		16557.5	0	12	0	0	12	0	0	0	6	adipose	1.162	0.205	1.208	0.002	0.002								2.78	0		-0.457	1.368	-0.671	1.027	0.606	M0																																																																																																																																																																																									in_vivo_treatment_arms	in_vivo_tissue	unknown	""	high	adipose		TRUE	TRUE	single_sex		single_sex
SRP158518	skin | in_vivo_treatment_arms | conf=medium |  | n=15	treatment	tissue:skin	15	15	15	15	7	8	1	0		18490	15	0	7	8	15	0	0	0	15	generic	-0.509	-0.522	-0.508	0.0013	0.0011								0.57	0		-0.343	-0.981	1.991	-1.939	-1.432	M0																																																																																																																																																																																									in_vivo_treatment_arms	in_vivo_tissue	unknown	""	medium	skin		TRUE	TRUE	single_sex		single_sex
SRP158538	adipose | genotype_comparison | conf=high |  | n=16	genotype	tissue:adipose	16	16	16	16	8	8	0	0		16462	0	16	0	0	16	0	0	0	0	adipose	0.505	0.705	0.495	6e-04	5e-04								2.13	0		0.559	0.389	0.986	-0.509	0.123	M0																																																																																																																																																																																									genotype_comparison	ex_vivo_primary_cells	unknown	""	high	adipose		TRUE	TRUE	single_sex		single_sex
SRP158678	blood_immune | genotype_comparison | conf=medium | tumor_tissue | n=67	genotype	in:cell type=prob;tissue:blood_immune	67	67	32	29	25	4	0.79	0.34		14899.5	23	6	21	2	29	0	0	3	29	blood	-5.645	-0.844	-1.247	0	0								18.18	5	0.286	-0.781	0.818	2.349	-2.17	1.353	M0,M1,M0perm,M3,M4,M5,M4perm,M5perm,M0permw	4681	4112	0.803	0.82	0.986	1	0	2	4681	4524	0.959	0.92	1	0	0	0	4681	4339	0.823	0.87	0.988	0	0	0	4681	7319	0.639	0.8	0.99	0	0	0	4112	7319	0.559	0.74	0.987	2	2	0	4681	4593	0.679	0.79	0.951	1	0	1	4112	4593	0.689	0.89	0.954	0	2	1	4681	519	0.106	0.52	0.685	219	0	0	4112	519	0.12	0.56	0.677	158	2	0	4681	4079	0.773	0.73	0.981	2	0	1	4112	4079	0.905	0.84	0.997	0	2	1	4681	4021	0.774	0.81	0.984	2	0	2	4112	4021	0.852	0.89	0.992	0	2	2																																																																																	genotype_comparison	ex_vivo_primary_cells	unknown	tumor_tissue	medium	blood_immune		TRUE	FALSE	partially_confounded		partially_confounded
SRP158761	other | genotype_comparison | conf=high |  | n=17	source_name	tissue:other	17	17	17	17	6	11	0.53	0.727		15452	9	8	6	3	17	0	0	0	17	generic	0.668	0.492	0.168	1e-04	1e-04								4.03	3	0.909	-1.524	0.654	0.449	0.013	1.92	M0,M1,M0perm,M3,M4,M5,M4perm,M5perm,M0permw	365	44	0.062	0.3	0.419	10	1	0	365	184	0.484	0.85	0.986	0	1	1	365	7	0.019	0.64	0.896	0	1	0	365	146	0.126	0.31	0.509	8	1	0	44	146	0.234	0.45	0.694	0	0	0	365	820	0.068	0.17	0.406	18	1	0	44	820	0.054	0.27	0.904	0	0	0	365	33	0.059	0.33	0.406	11	1	0	44	33	0.638	0.73	0.979	0	0	0	365	15	0.03	0.35	0.33	30	1	0	44	15	0.341	0.54	0.877	0	0	0	365	10	0.019	0.25	0.345	19	1	0	44	10	0.227	0.45	0.865	0	0	0																																																																																	genotype_comparison	ex_vivo_primary_cells	unknown	""	high	other		TRUE	FALSE	partially_confounded		partially_confounded
SRP158796	lung | genotype_comparison | conf=high |  | n=8	genotype/variation	tissue:lung	8	8	8	8	4	4	0	0		17695.5	0	8	0	0	8	0	0	0	8	lung	-0.677	0.243	2.851	0.0075	0.0062								6.39	0		-1.482	-1.559	0.935	-1.021	0.12	M0																																																																																																																																																																																									genotype_comparison	in_vivo_tissue	unknown	""	high	lung		TRUE	TRUE	single_sex		single_sex
SRP158995	liver | in_vivo_treatment_arms | conf=high |  | n=32	treatmet	tissue:liver	32	32	16	16	8	8	0.44	0.125		14532	7	9	4	3	0	0	0	0	0	liver	1.31	-1.392	0.613	0.0102	0.0101								5.05	2	0.244	-0.17	0.419	-0.552	0.703	-0.531	M0,M1,M0perm,M3,M4,M5,M7,M4perm,M5perm,M7perm,M0permw	2548	4927	0.514	0.8	0.95	0	0	0	2548	2391	0.892	0.91	0.997	0	0	0	2548	2332	0.884	0.96	0.993	0	0	0	2548	2831	0.601	0.82	0.894	0	0	0	4927	2831	0.444	0.82	0.876	97	0	0	2548	3791	0.571	0.7	0.918	0	0	0	4927	3791	0.693	0.83	0.927	75	0	0	2548	608	0.211	0.75	0.719	2	0	0	4927	608	0.119	0.84	0.682	410	0	0	2548	3146	0.665	0.84	0.953	0	0	0	4927	3146	0.597	0.9	0.974	0	0	0	2548	5059	0.465	0.72	0.941	0	0	0	4927	5059	0.739	0.87	0.951	73	0	0	2548	2581	0.656	0.81	0.931	0	0	0	4927	2581	0.496	0.96	0.959	0	0	0	2548	5178	0.483	0.79	0.945	0	0	0	4927	5178	0.852	0.91	0.993	0	0	0																																																	in_vivo_treatment_arms	in_vivo_tissue	both_sexes	""	high	liver		TRUE	FALSE	balanced		balanced
SRP159065	reproductive | genotype_comparison | conf=high |  | n=8	genotype	tissue:reproductive	8	8	8	8	4	4	0.75	0.5		16635.5	6	2	4	2	8	0	0	0	0	generic	-0.118	0.517	-1.394	0.0441	0.0437								1.66	0		0.348	0.106	-0.169	0.431	-1.127	M0,M1,M0perm,M4,M5,M7,M4perm,M5perm,M7perm,M0permw	633	22	0.031	0.71	0.942	0	0	0	633	184	0.285	0.87	0.996	0	0	0	633	22	0.031	0.71	0.942	0	0	0																	633	0	0	0.42	0.788	0	0	0	22	0	0	0.5	0.834	0	0	0	633	0	0	0.13	0.529	0	0	0	22	0	0	0.18	0.552	0	0	0	633	0	0	0.51	0.924	0	0	0	22	0	0	0.66	0.983	0	0	0	633	0	0	0.56	0.929	0	0	0	22	0	0	0.7	0.972	0	0	0	633	767	0.1	0	0.441	0	0	0	22	767	0.029	0.04	0.48	0	0	0	633	0	0	0.04	-0.007	170	0	0	22	0	0	0.04	-0.002	0	0	0																																																	genotype_comparison	ex_vivo_primary_cells	male_only	""	high	reproductive		TRUE	FALSE	partially_confounded		partially_confounded
SRP159568	gut | genotype_comparison | conf=medium |  | n=8	genotype	tissue:gut	8	8	8	8	4	4	1	0		15677.5	8	0	4	4	8	0	0	0	8	gut	-0.071	2.255	0.087	1e-04	0								6.83	0		0.218	1.017	-0.359	0.444	-1.388	M0																																																																																																																																																																																									genotype_comparison	ex_vivo_primary_cells	unknown	""	medium	gut		TRUE	TRUE	single_sex		single_sex
SRP159645	brain_cns | genotype_comparison | conf=medium |  | n=35	genotype	in:tissue=left hippocampus, ca region;tissue:brain_cns	35	35	29	29	15	14	0	0		12998	0	29	0	0	29	0	0	0	0	brain	0.212	0.161	-0.436	4e-04	3e-04								8.77	0		0.61	0.779	-0.456	0.404	-0.116	M0																																																																																																																																																																																									genotype_comparison	in_vivo_tissue	unknown	""	medium	brain_cns		TRUE	TRUE	single_sex		single_sex
SRP159688	other | in_vivo_treatment_arms | conf=medium |  | n=17	tissue	tissue:other	17	17	17	17	13	4	0	0		15314	0	17	0	0	0	0	0	0	0	generic	0.156	-1	0.59	0.6169	0.6071								6.9	0		-0.106	-1.101	-0.249	-0.12	0.293	M0																																																																																																																																																																																									in_vivo_treatment_arms	in_vivo_tissue	male_only	""	medium	other		TRUE	TRUE	single_sex		single_sex
SRP160110	adipose | genotype_comparison | conf=medium |  | n=10	genotype	tissue:adipose	10	10	10	10	6	4	1	0		18902.5	10	0	6	4	10	0	0	0	10	adipose	-0.422	0.188	0.593	0.003	0.0026								5.81	0		-0.873	0.081	-0.784	0.283	-0.643	M0																																																																																																																																																																																									genotype_comparison	in_vivo_tissue	unknown	""	medium	adipose		TRUE	TRUE	single_sex		single_sex
SRP160439	tumor | genotype_comparison | conf=high | tumor_tissue | n=8	source_name	tissue:tumor	8	8	8	8	4	4	0.75	0		18288	6	2	3	3	8	0	0	0	0	generic	4.018	0.717	-0.617	0	0								2.25	0		-2.394	-0.123	-1.624	1.502	-0.18	M0,M1,M0perm,M4,M5,M4perm,M5perm,M0permw	3386	3835	0.823	0.52	0.996	0	0	0	3386	3503	0.835	0.48	0.997	0	0	0	3386	2864	0.799	0.7	0.998	0	0	0																	3386	0	0	0.07	0.577	100	0	0	3835	0	0	0.08	0.581	142	0	0	3386	0	0	0.08	0.658	94	0	0	3835	0	0	0.05	0.654	123	0	0	3386	0	0	0.2	0.774	0	0	0	3835	0	0	0.27	0.782	0	0	0	3386	1668	0.3	0.11	0.813	1	0	0	3835	1668	0.282	0.07	0.812	1	0	0																																																																																	genotype_comparison	ex_vivo_primary_cells	unknown	tumor_tissue	high	tumor		TRUE	FALSE	balanced		balanced
SRP160877	blood_immune | in_vivo_treatment_arms | conf=medium | pooled_samples | n=12	diet	tissue:blood_immune	12	12	12	12	6	6	1	0		16964	12	0	6	6	12	0	0	0	12	blood	0.007	-1.092	0.738	4e-04	4e-04								2.88	0		-0.228	0.234	-0.335	0.816	0.064	M0																																																																																																																																																																																									in_vivo_treatment_arms	ex_vivo_primary_cells	unknown	pooled_samples	medium	blood_immune		TRUE	TRUE	single_sex		single_sex
SRP160883	reproductive | genotype_comparison | conf=high |  | n=19	placental genotype	tissue:reproductive	19	19	15	15	10	5	0.27	0.4		13995	4	11	4	0	15	0	0	0	15	generic	1.587	1.267	0.024	0.0151	0.0123								3.67	4	0.181	0.824	3.27	0.5	0.14	-0.122	M0,M1,M0perm,M3,M4,M5,M7,M4perm,M5perm,M7perm,M0permw	3406	2753	0.658	0.72	0.975	0	0	0	3406	2737	0.616	0.61	0.965	0	0	0	3406	2430	0.669	0.68	0.979	0	0	0	3406	5828	0.507	0.26	0.945	0	0	0	2753	5828	0.405	0.23	0.93	0	0	0	3406	41	0.008	0.17	0.707	198	0	0	2753	41	0.01	0.24	0.72	82	0	0	3406	2188	0.401	0.47	0.9	0	0	0	2753	2188	0.513	0.5	0.924	0	0	0	3406	1150	0.279	0.54	0.948	0	0	0	2753	1150	0.344	0.67	0.961	0	0	0	3406	866	0.231	0.55	0.928	0	0	0	2753	866	0.285	0.62	0.956	0	0	0	3406	2331	0.605	0.71	0.974	0	0	0	2753	2331	0.794	0.84	0.996	0	0	0	3406	2518	0.486	0.49	0.92	0	0	0	2753	2518	0.618	0.65	0.954	0	0	0																																																	genotype_comparison	in_vivo_tissue	both_sexes	""	high	reproductive		TRUE	FALSE	partially_confounded		partially_confounded
SRP160894	liver | in_vivo_treatment_arms | conf=medium |  | n=54	treatment	tissue:liver	54	54	12	12	6	6	0	0		14922	0	12	0	0	12	0	0	0	12	liver	0.785	0.386	-0.56	8e-04	6e-04								2.47	0		-0.986	0.01	2.198	-2.184	0.686	M0																																																																																																																																																																																									in_vivo_treatment_arms	in_vivo_tissue	unknown	""	medium	liver		TRUE	TRUE	single_sex		single_sex
SRP161452	brain_cns | in_vivo_treatment_arms | conf=medium |  | n=32	treatment	tissue:brain_cns	32	16	16	16	8	8	1	0		20027.5	16	0	8	8	0	0	0	0	16	brain	0.29	0.644	-0.172	8e-04	6e-04								9.45	0		0.188	1.025	0.677	-0.343	-0.317	M0																																																																																																																																																																																									in_vivo_treatment_arms	in_vivo_tissue	female_only	""	medium	brain_cns		TRUE	TRUE	single_sex		single_sex
SRP161460	other | genotype_comparison | conf=high |  | n=8	genotype	tissue:other	8	8	8	8	4	4	0.38	0.25		12758.5	3	5	2	1	8	0	0	0	0	generic	0.553	0.238	-0.498	0	0								3.78	0		-0.316	-0.258	1.654	-0.957	0.015	M0,M1,M0perm,M4,M5,M4perm,M5perm,M0permw	1240	1009	0.719	0.79	0.98	0	0	0	1240	900	0.672	0.86	0.986	0	0	0	1240	1053	0.716	0.87	0.98	0	0	0																	1240	725	0.523	0.63	0.972	0	0	0	1009	725	0.636	0.72	0.985	0	0	0	1240	857	0.459	0.56	0.906	0	0	0	1009	857	0.541	0.57	0.928	0	0	0	1240	717	0.524	0.65	0.978	0	0	0	1009	717	0.652	0.75	0.993	0	0	0	1240	329	0.19	0.46	0.736	1	0	0	1009	329	0.238	0.53	0.766	0	0	0																																																																																	genotype_comparison	in_vivo_tissue	unknown	""	high	other		TRUE	FALSE	mildly_imbalanced		mildly_imbalanced
SRP161461	liver | in_vivo_treatment_arms | conf=high |  | n=96	treatment	tissue:liver	96	48	48	48	24	24	0	0		15300.5	0	48	0	0	0	0	0	0	0	liver	-4.832	7.4	-0.248	5e-04	4e-04								3.88	0		2.413	-0.468	-0.016	-1.454	-0.02	M0																																																																																																																																																																																									in_vivo_treatment_arms	in_vivo_tissue	male_only	""	high	liver		TRUE	TRUE	single_sex		single_sex
SRP161564	lung | in_vivo_treatment_arms | conf=high |  | n=110	condition	tissue:lung	110	110	110	110	49	61	1	0		18302.5	110	0	49	61	110	0	0	0	110	lung	-1.59	1.269	-1.139	0.0169	0.0163								9.55	0		-1.186	-0.314	0.025	-0.112	0.314	M0																																																																																																																																																																																									in_vivo_treatment_arms	in_vivo_tissue	female_only	""	high	lung		TRUE	TRUE	single_sex		single_sex
SRP161565	blood_immune | in_vivo_treatment_arms | conf=high |  | n=17	condition	in:tissue=whole blood;tissue:blood_immune	17	17	9	8	4	4	1	0		14287	8	0	4	4	8	0	0	1	8	blood	1.249	-0.053	0.32	0.1275	0.0753								3.72	0		-0.715	-0.158	-0.146	0.193	-0.725	M0																																																																																																																																																																																									in_vivo_treatment_arms	in_vivo_tissue	female_only	""	high	blood_immune		TRUE	TRUE	single_sex		single_sex
SRP161566	blood_immune | in_vivo_treatment_arms | conf=high |  | n=124	condition	in:tissue=whole lung;tissue:blood_immune	124	124	31	31	19	12	1	0		18277	31	0	19	12	31	0	0	0	31	blood	4.052	-0.092	-2.612	0.0444	0.0443								4.32	0		-1.947	-0.543	1.669	-1.158	-0.461	M0																																																																																																																																																																																									in_vivo_treatment_arms	in_vivo_tissue	female_only	""	high	blood_immune		TRUE	TRUE	single_sex		single_sex
SRP161569	blood_immune | in_vivo_treatment_arms | conf=high |  | n=97	condition	tissue:blood_immune	97	97	97	97	49	48	1	0		14505	97	0	49	48	97	0	0	0	97	blood	1.375	-0.21	-0.472	0.2498	0.249	readlen	0.147					0.147	16.6	0		-0.155	-0.085	-0.679	0.799	0.019	M0																																																																																																																																																																																									in_vivo_treatment_arms	in_vivo_tissue	female_only	""	high	blood_immune		TRUE	TRUE	single_sex		single_sex
SRP161570	blood_immune | in_vivo_treatment_arms | conf=high |  | n=107	condition	tissue:blood_immune	107	107	107	107	49	58	1	0		14605	107	0	49	58	107	0	0	0	107	blood	1.157	-0.439	-1.051	0.2608	0.258	readlen	0.106					0.106	22.24	0		-0.034	0.753	-0.322	0.382	-0.37	M0																																																																																																																																																																																									in_vivo_treatment_arms	in_vivo_tissue	female_only	""	high	blood_immune		TRUE	TRUE	single_sex		single_sex
SRP161726	liver | in_vivo_treatment_arms | conf=high |  | n=40	treatment 1	tissue:liver	40	40	40	40	21	19	0	0		15300	0	40	0	0	0	0	0	0	40	liver	-0.247	1.745	-0.182	0.0014	0.0013	readlen	0.15					0.15	6.32	0		-0.026	1.476	1.125	-0.905	-0.427	M0																																																																																																																																																																																									in_vivo_treatment_arms	in_vivo_tissue	male_only	""	high	liver		TRUE	TRUE	single_sex		single_sex
SRP161775	brain_cns | genotype_comparison | conf=high |  | n=18	genotype	tissue:brain_cns	18	18	8	8	4	4	0.88	0.25		18568.5	7	1	4	3	8	0	0	0	0	brain	0.346	-0.634	0.175	8e-04	4e-04								3.15	0		-0.448	0.154	-1.699	2.089	0.303	M0,M1,M0perm,M4,M5,M4perm,M5perm,M0permw	0	0		0.5	0.911	0	0	0	0	1	0	0.35	0.944	0	0	0	0	0		0.65	0.939	0	0	0																	0	0		0.21	0.73	0	0	0	0	0		0.35	0.877	0	0	0	0	0		0.05	0.648	0	0	0	0	0		0.04	0.717	0	0	0	0	0		0.33	0.835	0	0	0	0	0		0.52	0.935	0	0	0	0	0		0.19	0.798	0	0	0	0	0		0.22	0.924	0	0	0																																																																																	genotype_comparison	in_vivo_tissue	unknown	""	high	brain_cns		TRUE	FALSE	mildly_imbalanced		mildly_imbalanced
SRP161856	blood_immune | in_vivo_treatment_arms | conf=medium | pooled_samples | n=21	treatment	in:cell type=cardiac macrophages;tissue:blood_immune	21	21	18	18	9	9	0	0		14091.5	0	18	0	0	18	0	0	0	18	blood	0.978	1.067	0.056	0	0								0.92	0		0.17	-0.696	0.746	-0.664	-0.537	M0																																																																																																																																																																																									in_vivo_treatment_arms	ex_vivo_primary_cells	unknown	pooled_samples	medium	blood_immune		TRUE	TRUE	single_sex		single_sex
SRP161894	other | in_vivo_treatment_arms | conf=high |  | n=20	treatment	tissue:other	20	20	8	8	4	4	1	0		16155.5	8	0	4	4	8	0	0	0	8	generic	-1.176	0.147	0.231	0.0022	0.0022								19.79	0		0.569	-3.563	-1.012	-0.456	1.09	M0																																																																																																																																																																																									in_vivo_treatment_arms	in_vivo_tissue	female_only	""	high	other		TRUE	TRUE	single_sex		single_sex
SRP161896	brain_cns | genotype_comparison | conf=medium |  | n=14	variation	tissue:brain_cns	14	14	10	10	4	6	1	0		17925	10	0	4	6	10	0	0	0	10	brain	-0.029	0.14	3.754	0.0041	0.0038								5.89	0		0.129	0.481	-0.567	0.697	0.89	M0																																																																																																																																																																																									genotype_comparison	in_vivo_tissue	unknown	""	medium	brain_cns		TRUE	TRUE	single_sex		single_sex
SRP161897	brain_cns | in_vivo_treatment_arms | conf=high |  | n=120	infection	in:time=35 days p.i.;tissue:brain_cns	120	30	10	10	5	5	1	0		18887	10	0	5	5	0	0	0	0	10	brain	-3.118	0.49	-0.453	6e-04	4e-04								5.29	0		-0.831	-1.505	-2.401	0.889	0.652	M0																																																																																																																																																																																									in_vivo_treatment_arms	in_vivo_tissue	female_only	""	high	brain_cns		TRUE	TRUE	single_sex		single_sex
SRP162260	brain_cns | in_vivo_treatment_arms | conf=high |  | n=16	genotype/variation	tissue:brain_cns	16	16	8	8	4	4	1	0		19076	8	0	4	4	8	0	0	0	0	brain	0.102	-0.398	0.473	1e-04	1e-04								6.25	0		0.487	0.164	-1.936	0.293	-1.293	M0																																																																																																																																																																																									in_vivo_treatment_arms	in_vivo_tissue	unknown	""	high	brain_cns		TRUE	TRUE	single_sex		single_sex
SRP162271	brain_cns | in_vivo_treatment_arms | conf=medium | targeted_assay_suspected | n=46	source_name	in:tissue=brain;tissue:brain_cns	46	46	12	12	6	6	0	0		17161.5	0	12	0	0	0	1	1	0	0	brain	0.038	-0.874	-0.142	0.0042	0.0031								6.92	0		0.212	0.55	-0.511	0.617	0.174	M0																																																																																																																																																																																									in_vivo_treatment_arms	in_vivo_tissue	male_only	targeted_assay_suspected	medium	brain_cns		TRUE	TRUE	single_sex		single_sex
SRP162305	brain_cns | genotype_comparison | conf=high |  | n=12	genotype	tissue:brain_cns	12	12	12	12	5	7	0.5	0.171		16283	6	6	2	4	12	0	0	0	12	brain	-0.586	-0.587	-0.271	0.0018	0.0012								2.25	2	0.182	-0.038	-0.782	0.349	-0.428	0.271	M0,M1,M0perm,M3,M4,M5,M4perm,M5perm,M0permw	0	0		0.78	0.969	0	0	0	0	0		0.73	0.974	0	0	0	0	0		0.74	0.978	0	0	0	0	0		0.31	0.785	0	0	0	0	0		0.27	0.741	0	0	0	0	1	0	0.19	0.816	0	0	0	0	1	0	0.21	0.826	0	0	0	0	0		0.48	0.866	0	0	0	0	0		0.55	0.916	0	0	0	0	0		0.49	0.929	0	0	0	0	0		0.49	0.94	0	0	0	0	0		0.69	0.957	0	0	0	0	0		0.69	0.961	0	0	0																																																																																	genotype_comparison	in_vivo_tissue	unknown	""	high	brain_cns		TRUE	FALSE	mildly_imbalanced		mildly_imbalanced
SRP162318	brain_cns | genotype_comparison | conf=high |  | n=15	genotype	tissue:brain_cns	15	15	10	10	5	5	0.6	0		17129.5	6	4	3	3	10	0	0	0	10	brain	-0.642	-0.051	0.765	0.0045	0.004								1.69	3	0.885	0.647	-1.545	-0.145	-0.078	1.338	M0,M1,M0perm,M3,M4,M5,M4perm,M5perm,M0permw	507	357	0.678	0.93	0.999	0	0	0	507	201	0.367	0.82	0.971	0	0	0	507	376	0.698	0.91	0.999	0	0	0	507	3104	0.163	0.61	0.981	0	0	0	357	3104	0.115	0.63	0.981	0	0	0	507	35	0.067	0.53	0.719	0	0	0	357	35	0.092	0.56	0.72	0	0	0	507	103	0.191	0.71	0.934	0	0	0	357	103	0.26	0.72	0.935	0	0	0	507	323	0.569	0.79	0.982	0	0	0	357	323	0.696	0.79	0.983	0	0	0	507	91	0.177	0.81	0.986	0	0	0	357	91	0.248	0.82	0.987	0	0	0																																																																																	genotype_comparison	in_vivo_tissue	unknown	""	high	brain_cns		TRUE	FALSE	balanced		balanced
SRP162359	adipose | genotype_comparison | conf=medium |  | n=16	genotype	in:tissue=ewat;tissue:adipose	16	16	8	8	4	4	0	0		16907.5	0	8	0	0	8	0	0	0	8	adipose	1.383	-1.451	-0.686	0.0014	8e-04								0.97	0		-0.742	0.201	-2.32	1.988	-1.818	M0																																																																																																																																																																																									genotype_comparison	in_vivo_tissue	male_only	""	medium	adipose		TRUE	TRUE	single_sex		single_sex
SRP162383	muscle | genotype_comparison | conf=high |  | n=16	genotype/variation	tissue:muscle	16	16	16	13	7	6	0.38	0.524		12758	5	8	1	4	13	0	0	3	0	muscle	1.041	1.236	0.07	0.0022	0.002								2.46	3	0.047	0.053	-0.926	1.698	-0.316	0.655	M0,M1,M0perm,M3,M4,M5,M4perm,M5perm,M0permw	2463	906	0.329	0.75	0.943	0	0	0	2463	2371	0.734	0.89	0.967	0	0	1	2463	1641	0.568	0.66	0.972	0	0	0	2463	4498	0.52	0.29	0.97	0	0	1	906	4498	0.193	0.28	0.924	0	0	1	2463	790	0.253	0.54	0.906	1	0	0	906	790	0.435	0.6	0.961	0	0	0	2463	715	0.245	0.31	0.873	1	0	0	906	715	0.443	0.35	0.945	0	0	0	2463	399	0.15	0.4	0.913	0	0	0	906	399	0.318	0.43	0.952	0	0	0	2463	708	0.269	0.64	0.944	0	0	0	906	708	0.627	0.68	0.974	0	0	0																																																																																	genotype_comparison	in_vivo_tissue	unknown	""	high	muscle		TRUE	FALSE	partially_confounded		partially_confounded
SRP162456	brain_cns | genotype_comparison | conf=high |  | n=330	genotype	ex:genotype=mixed genotype: b6sjlsod1-wt and b6sjlsod1-g93a;ex:genotype=atg7(fl/fl);chatcre(+/-);sod(+/-);subj:mouse id;tissue:brain_cns	330	330	225	52	30	22	0.48	0.033	0.188	11013.5	25	27	14	11	0	12	13	0	0	brain	-0.17	0.268	0.176	2e-04	2e-04								13.88	5	0.023	0.001	0.179	-0.046	-0.111	0.203	M0,M1,M0perm,M2,M2perm,M3,M4,M5,M4perm,M5perm,M0permw	2	2	1	0.91	0.993	0	0	0	2	2	0.333	0.89	0.994	1	0	0	2	4	0.5	0.93	0.994	0	0	0	2	0	0	0.37	0.821	0	0	0	2	0	0	0.38	0.823	0	0	0	2	4	0.2	0.78	0.975	1	0	0	2	4	0.2	0.79	0.979	1	0	0	2	2	0.333	0.68	0.957	1	0	0	2	2	0.333	0.68	0.961	1	0	0	2	7	0.286	0.74	0.972	0	0	0	2	7	0.286	0.75	0.977	0	0	0	2	6	0.333	0.76	0.979	0	0	0	2	6	0.333	0.79	0.985	0	0	0																																	2	18	0.111	0.72	0.981	1	0	0	2	5	0.167	0.84	0.988	0	0	0																																	genotype_comparison	in_vivo_tissue	both_sexes	""	high	brain_cns		TRUE	FALSE	balanced	balanced	balanced
SRP162527	other | genotype_comparison | conf=high |  | n=54	genotype/variation	in:tissue region=striatum of the mouse brain [str];tissue:other	54	27	15	15	8	7	0.47	0.071		17923	7	8	4	3	0	0	0	0	15	generic	0.032	0.999	0.733	3e-04	2e-04								1.13	4	0.685	0.786	1.06	-0.839	0.637	-0.076	M0,M1,M0perm,M3,M4,M5,M4perm,M5perm,M0permw	32	31	0.853	0.88	0.995	0	0	0	32	24	0.75	0.91	0.997	0	0	0	32	24	0.75	0.89	0.996	0	0	0	32	219	0.146	0.53	0.892	0	0	0	31	219	0.142	0.54	0.895	0	0	0	32	14	0.438	0.43	0.718	0	0	0	31	14	0.452	0.42	0.735	0	0	0	32	22	0.5	0.72	0.897	0	0	0	31	22	0.514	0.72	0.904	0	0	0	32	23	0.341	0.47	0.838	0	0	0	31	23	0.385	0.51	0.856	0	0	0	32	32	0.6	0.67	0.961	0	0	0	31	32	0.575	0.64	0.964	0	0	0																																																																																	genotype_comparison	in_vivo_tissue	both_sexes	""	high	other		TRUE	FALSE	balanced		balanced
SRP162537	adipose | genotype_comparison | conf=high |  | n=112	genotype	in:diet=hfd;tissue:adipose	112	24	12	12	6	6	0	0		16277	0	12	0	0	12	0	0	0	0	adipose	-0.795	-0.881	-0.943	0.0012	8e-04								1.63	0		1.216	-1.051	0.565	-0.569	-1.759	M0																																																																																																																																																																																									genotype_comparison	in_vivo_tissue	unknown	""	high	adipose		TRUE	TRUE	single_sex		single_sex
SRP163117	blood_immune | genotype_comparison | conf=high |  | n=12	cell type	tissue:blood_immune	12	12	12	12	6	6	1	0		14084.5	12	0	6	6	12	0	0	0	12	blood	-0.235	-0.081	-0.117	7e-04	7e-04								12.29	0		-0.274	-0.931	0.542	-0.592	-1.026	M0																																																																																																																																																																																									genotype_comparison	ex_vivo_primary_cells	unknown	""	high	blood_immune		TRUE	TRUE	single_sex		single_sex
SRP163144	liver | genotype_comparison | conf=medium |  | n=24	genotype	tissue:liver	24	24	24	24	12	12	0.5	0		14206.5	12	12	6	6	0	0	0	0	24	liver	-0.606	0.653	0.01	8e-04	8e-04	platform	0	0			0	0	7.7	2	0.904	0.216	-0.021	0.156	-0.43	0.055	M0,M1,M0perm,M3,M4,M5,M4perm,M5perm,M0permw	0	0		0.65	0.979	0	0	0	0	0		0.49	0.913	0	0	0	0	0		0.93	0.999	0	0	0	0	16	0	0.52	0.896	0	0	0	0	16	0	0.65	0.912	0	0	0	0	8	0	0.53	0.932	0	0	0	0	8	0	0.69	0.951	0	0	0	0	0		0.39	0.591	0	0	0	0	0		0.52	0.61	0	0	0	0	0		0.65	0.964	0	0	0	0	0		0.8	0.982	0	0	0	0	0		0.66	0.964	0	0	0	0	0		0.82	0.986	0	0	0																																																																																	genotype_comparison	in_vivo_tissue	both_sexes	""	medium	liver		TRUE	FALSE	balanced		balanced
SRP164581	other | genotype_comparison | conf=high |  | n=8	genotype	tissue:other	8	8	8	8	4	4	1	0		15394	8	0	4	4	8	0	0	0	8	generic	3.725	0.195	0.955	4e-04	4e-04	platform	0	0				0	7.18	0		-1.613	2.396	1.772	-1.916	-0.257	M0																																																																																																																																																																																									genotype_comparison	ex_vivo_primary_cells	unknown	""	high	other		TRUE	TRUE	single_sex		single_sex
SRP164677	liver | in_vivo_treatment_arms | conf=high |  | n=20	diet	in:genotype/variation=wild type;tissue:liver	20	20	10	10	5	5	0	0		15058.5	0	10	0	0	10	0	0	0	10	liver	-1.898	6.498	-0.054	4e-04	3e-04								4.78	0		-2.385	3.952	2.162	-1.285	-0.133	M0																																																																																																																																																																																									in_vivo_treatment_arms	in_vivo_tissue	unknown	""	high	liver		TRUE	TRUE	single_sex		single_sex
SRP164689	adipose | genotype_comparison | conf=high |  | n=8	genotype	tissue:adipose	8	8	8	8	4	4	0	0		17903	0	8	0	0	8	0	0	0	8	adipose	-1.906	-0.277	-0.093	0.0016	5e-04								2.91	0		2.562	-3.435	-1.38	1.139	0.461	M0																																																																																																																																																																																									genotype_comparison	in_vivo_tissue	male_only	""	high	adipose		TRUE	TRUE	single_sex		single_sex
SRP164691	brain_cns | genotype_comparison | conf=high |  | n=12	genotype	tissue:brain_cns	12	12	12	12	6	6	0.42	0.5		19592.5	5	7	4	1	12	0	0	0	12	brain	-2.113	-0.266	0.311	0.0012	9e-04								9.22	2	0.079	0.232	-0.2	0.235	-0.405	-0.093	M0,M1,M0perm,M3,M4,M5,M4perm,M5perm,M0permw	2876	1791	0.573	0.76	0.961	0	0	0	2876	1524	0.516	0.87	0.969	0	0	0	2876	1988	0.608	0.8	0.961	0	0	0	2876	7048	0.408	0.36	0.967	0	0	1	1791	7048	0.251	0.32	0.96	0	0	1	2876	3998	0.62	0.54	0.956	0	0	0	1791	3998	0.448	0.6	0.991	0	0	0	2876	2872	0.267	0.32	0.569	28	0	0	1791	2872	0.302	0.37	0.664	0	0	0	2876	22	0.008	0.65	0.852	0	0	0	1791	22	0.012	0.72	0.841	0	0	0	2876	771	0.255	0.58	0.9	0	0	0	1791	771	0.363	0.67	0.873	0	0	0																																																																																	genotype_comparison	in_vivo_tissue	unknown	""	high	brain_cns		TRUE	FALSE	partially_confounded		partially_confounded
SRP164704	brain_cns | in_vivo_treatment_arms | conf=high |  | n=48	drug tx	in:tissue=hippocampus;tissue:brain_cns	48	48	24	24	12	12	0	0		17442	0	24	0	0	24	0	0	0	0	brain	0.13	-0.3	-0.157	0.0016	0.0015								7.94	0		0.23	-0.113	0.401	-0.451	1.152	M0																																																																																																																																																																																									in_vivo_treatment_arms	in_vivo_tissue	male_only	""	high	brain_cns		TRUE	TRUE	single_sex		single_sex
SRP164941	adipose | in_vivo_treatment_arms | conf=high |  | n=8	aav	tissue:adipose	8	8	8	8	4	4	1	0		17570	8	0	4	4	8	0	0	0	8	adipose	0.445	0.952	0.21	0.0022	0.0016								3.31	0		-0.063	0.489	-0.152	0.239	-0.138	M0																																																																																																																																																																																									in_vivo_treatment_arms	in_vivo_tissue	female_only	""	high	adipose		TRUE	TRUE	single_sex		single_sex
SRP165196	blood_immune | in_vivo_treatment_arms | conf=medium |  | n=36	group	tissue:blood_immune	36	36	36	36	16	20	0.5	0		16709	18	18	8	10	36	0	0	0	36	blood	-0.505	-0.204	-0.165	9e-04	9e-04								25.4	4	0.985	0.386	0.079	0.396	-0.462	0.091	M0,M1,M0perm,M3,M4,M5,M4perm,M5perm,M0permw	2365	5097	0.463	0.52	0.978	0	0	0	2365	2522	0.881	0.93	0.996	0	0	0	2365	2291	0.958	0.95	1	0	0	0	2365	8838	0.268	0.32	0.962	0	0	0	5097	8838	0.567	0.46	0.971	0	0	0	2365	6159	0.361	0.48	0.901	0	0	0	5097	6159	0.605	0.76	0.919	0	0	0	2365	2677	0.361	0.41	0.738	0	0	0	5097	2677	0.372	0.63	0.769	61	0	0	2365	3903	0.535	0.54	0.961	0	0	0	5097	3903	0.748	0.87	0.985	0	0	0	2365	3771	0.557	0.53	0.972	0	0	0	5097	3771	0.733	0.92	0.992	0	0	0																																																																																	in_vivo_treatment_arms	ex_vivo_primary_cells	unknown	""	medium	blood_immune		TRUE	FALSE	balanced		balanced
SRP165599	muscle | in_vivo_treatment_arms | conf=high | tumor_tissue | n=8	isolate	subj:isolate;tissue:muscle	8	8	8	8	4	4	1	0		14260	8	0	4	4	0	0	0	0	0	muscle	0.2	-1.276	-2.421	7e-04	6e-04								2.09	0		0.242	-0.486	4.162	-1.016	-0.094	M0																																																																																																																																																																																									in_vivo_treatment_arms	in_vivo_tissue	female_only	tumor_tissue	high	muscle		TRUE	TRUE	single_sex		single_sex
SRP165625	brain_cns | genotype_comparison | conf=medium |  | n=14	genotype	tissue:brain_cns	14	14	14	14	7	7	0.64	0.143	0.535	13615	9	5	4	5	0	3	4	0	0	brain	-0.6	0.144	0.516	6e-04	6e-04								10.73	1	0.021	-0.148	-0.714	0.239	-0.378	-3.339	M0,M1,M0perm,M2,M2perm,M3,M4,M5,M4perm,M5perm,M0permw	0	0		0.67	0.94	0	0	0	0	0		0.62	0.926	0	0	0	0	0		0.78	0.983	0	0	0	0	0		0.62	0.753	0	0	0	0	0		0.5	0.749	0	0	0	0	0		0.41	0.445	0	0	0	0	0		0.34	0.408	0	0	0	0	0		0.51	0.726	0	0	0	0	0		0.69	0.808	0	0	0	0	0		0.26	0.32	0	0	0	0	0		0.25	0.443	0	0	0	0	0		0.48	0.8	0	0	0	0	0		0.52	0.836	0	0	0																																	0	0		0.46	0.857	0	0	0	0	0		0.64	0.954	0	0	0																																	genotype_comparison	ex_vivo_primary_cells	female_only	""	medium	brain_cns		TRUE	FALSE	balanced	mildly_imbalanced	mildly_imbalanced
SRP165738	heart | genotype_comparison | conf=high |  | n=12	source_name	tissue:heart	12	12	12	10	5	5	0.9	0.2	0.4	14285.5	9	1	5	4	10	0	0	2	0	heart	0.373	-0.247	0.079	1e-04	1e-04								17.8	3	0.21	0.124	0.524	0.553	-0.408	0.191	M0,M1,M0perm,M2,M2perm,M3,M4,M5,M4perm,M5perm,M0permw	0	0		0.51	0.895	0	0	0	0	0		0.54	0.923	0	0	0	0	0		0.59	0.948	0	0	0	0	1	0	0.39	0.877	0	0	0	0	1	0	0.27	0.729	0	0	0	0	0		0.39	0.867	0	0	0	0	0		0.56	0.967	0	0	0	0	0		0.18	0.738	0	0	0	0	0		0.2	0.814	0	0	0	0	0		0.14	0.71	0	0	0	0	0		0.22	0.789	0	0	0	0	0		0.08	0.612	0	0	0	0	0		0.13	0.672	0	0	0																																	0	0		0.44	0.856	0	0	0	0	0		0.24	0.669	0	0	0																																	genotype_comparison	in_vivo_tissue	unknown	""	high	heart		TRUE	FALSE	mildly_imbalanced	mildly_imbalanced	mildly_imbalanced
SRP165748	other | genotype_comparison | conf=medium |  | n=8	genotype	tissue:other	8	8	8	8	4	4	0.5	0		14883.5	4	4	2	2	8	0	0	0	8	generic	0.685	-0.395	1.272	0	0								2.5	0		-0.525	1.168	0.058	-0.08	-0.311	M0,M1,M0perm,M4,M5,M4perm,M5perm,M0permw	7	3	0.25	0.73	0.991	0	0	0	7	1	0.143	0.91	0.998	0	0	0	7	1	0.143	0.91	0.998	0	0	0																	7	0	0	0.3	0.739	0	0	0	3	0	0	0.33	0.742	0	0	0	7	0	0	0.42	0.858	0	0	0	3	0	0	0.49	0.86	0	0	0	7	0	0	0.55	0.848	0	0	0	3	0	0	0.63	0.854	0	0	0	7	0	0	0.09	0.369	0	0	0	3	0	0	0.08	0.368	0	0	0																																																																																	genotype_comparison	ex_vivo_primary_cells	unknown	""	medium	other		TRUE	FALSE	balanced		balanced
SRP165796	kidney | in_vivo_treatment_arms | conf=medium |  | n=94	stimulation	in:tissue=kidney;tissue:kidney	94	94	47	47	24	23	1	0		14877	47	0	24	23	47	0	0	0	47	kidney	-0.15	0.664	-0.636	0.0059	0.0053								13.48	0		-0.874	-0.119	0.275	-0.332	0.277	M0																																																																																																																																																																																									in_vivo_treatment_arms	in_vivo_tissue	unknown	""	medium	kidney		TRUE	TRUE	single_sex		single_sex
SRP165897	liver | in_vivo_treatment_arms | conf=high |  | n=24	lna	tissue:liver	24	24	16	16	8	8	0	0		15521	0	16	0	0	16	0	0	0	0	liver	-3.52	0.761	-1.546	7e-04	5e-04								9.2	0		0.037	-1.28	-0.541	-0.26	-0.535	M0																																																																																																																																																																																									in_vivo_treatment_arms	in_vivo_tissue	unknown	""	high	liver		TRUE	TRUE	single_sex		single_sex
SRP165919	lung | in_vivo_treatment_arms | conf=high |  | n=12	infection	tissue:lung	12	12	12	12	6	6	0.58	0.5		16424	7	5	5	2	0	0	1	0	0	lung	-0.758	0.919	-0.05	0.0256	0.025								5.94	2	0.042	-1.432	-0.099	-1.853	0.56	0.548	M0,M1,M0perm,M3,M4,M5,M7,M4perm,M5perm,M7perm,M0permw	526	1110	0.381	0.39	0.957	0	0	0	526	0	0	0.65	0.929	0	0	0	526	0	0	0.65	0.967	0	0	0	526	468	0.227	0.3	0.867	0	0	0	1110	468	0.206	0.41	0.795	2	0	0	526	0	0	0.26	0.907	0	0	0	1110	0	0	0.58	0.947	0	0	0	526	0	0	0.11	0.641	8	0	0	1110	0	0	0.2	0.677	5	0	0	526	0	0	0.37	0.938	0	0	0	1110	0	0	0.83	0.985	0	0	0	526	127	0.168	0.44	0.938	0	0	0	1110	127	0.11	0.52	0.981	0	0	0	526	251	0.22	0.29	0.933	0	0	0	1110	251	0.221	0.71	0.976	0	0	0	526	0	0	0.31	0.946	0	0	0	1110	0	0	0.82	0.991	0	0	0																																																	in_vivo_treatment_arms	in_vivo_tissue	male_only	""	high	lung		TRUE	FALSE	partially_confounded		partially_confounded
SRP166008	brain_cns | genotype_comparison | conf=medium |  | n=10	genotype	tissue:brain_cns	10	10	10	10	6	4	1	0		17538.5	10	0	6	4	0	0	0	0	10	brain	0.269	-0.692	0.4	3e-04	1e-04								2.42	0		0.95	-1.637	-0.689	0.521	-0.705	M0																																																																																																																																																																																									genotype_comparison	in_vivo_tissue	female_only	""	medium	brain_cns		TRUE	TRUE	single_sex		single_sex
SRP166067	other | genotype_comparison | conf=medium |  | n=12	genotype/variation	tissue:other	12	12	8	8	4	4	0	0		14564	0	8	0	0	8	0	0	0	8	generic	-0.79	-2.342	4.033	4e-04	3e-04								3.5	0		0.329	-4.18	-3.795	2.756	-1.039	M0																																																																																																																																																																																									genotype_comparison	ex_vivo_primary_cells	unknown	""	medium	other		TRUE	TRUE	single_sex		single_sex
SRP166762	muscle | in_vivo_treatment_arms | conf=medium |  | n=41	timecourse	in:age=young;tissue:muscle	41	41	14	14	5	9	0.93	0.111		16397.5	13	1	5	8	14	0	0	0	14	muscle	0.686	-0.75	-1.023	0.0055	0.0055								6.95	4	0.176	-1.173	0.147	-0.657	0.796	-0.805	M0,M1,M0perm,M3,M4,M5,M4perm,M5perm,M0permw	7674	7477	0.893	0.83	0.995	0	0	1	7674	6287	0.787	0.88	0.995	0	0	0	7674	7752	0.893	0.77	0.996	0	0	0	7674	11944	0.642	0.31	0.982	0	0	0	7477	11944	0.622	0.27	0.98	0	1	0	7674	5068	0.539	0.49	0.931	0	0	0	7477	5068	0.573	0.5	0.946	1	1	0	7674	7484	0.705	0.61	0.964	0	0	1	7477	7484	0.736	0.61	0.972	0	1	1	7674	7289	0.82	0.71	0.989	0	0	1	7477	7289	0.867	0.75	0.994	0	1	1	7674	7382	0.819	0.74	0.988	0	0	1	7477	7382	0.881	0.83	0.994	0	1	1																																																																																	in_vivo_treatment_arms	ex_vivo_primary_cells	unknown	""	medium	muscle		TRUE	FALSE	balanced		balanced
SRP166867	other | genotype_comparison | conf=medium |  | n=8	treatment	tissue:other	8	8	8	8	4	4	0	0		16576.5	0	8	0	0	0	0	0	0	8	generic	2.469	2.108	1.108	0.0017	0.0016								14.58	0		2.304	0.553	0.736	2.162	-0.153	M0																																																																																																																																																																																									genotype_comparison	in_vivo_tissue	male_only	""	medium	other		TRUE	TRUE	single_sex		single_sex
SRP166878	brain_cns | genotype_comparison | conf=high |  | n=32	genotype/variation	in:tissue=placenta;tissue:brain_cns	32	16	8	8	4	4	1	0		15505.5	8	0	4	4	8	0	0	0	8	brain	-1.634	-0.756	3.241	0.0137	0.0093								1.35	0		-5.517	1.191	-1.142	2.111	0.337	M0																																																																																																																																																																																									genotype_comparison	in_vivo_tissue	unknown	""	high	brain_cns		TRUE	TRUE	single_sex		single_sex
SRP166996	other | genotype_comparison | conf=high |  | n=9	genotype/variation	tissue:other	9	9	9	9	4	5	0.44	0.35		17587	4	5	1	3	9	0	0	0	0	generic	1.04	0.935	-0.437	0.0014	0.0012								2.01	0		0.313	0.756	0.592	0.113	-3.523	M0,M1,M0perm,M4,M5,M4perm,M5perm,M0permw	0	255	0	0.23	0.938	0	0	0	0	0		0.62	0.994	0	0	0	0	0		0.61	0.967	0	0	0																	0	2819	0	0	0.681	0	0	0	255	2819	0.083	0.02	0.809	0	0	0	0	0		0.17	0.794	0	0	0	255	0	0	0.46	0.851	0	0	0	0	1779	0	0.15	0.887	0	0	1	255	1779	0.143	0.19	0.974	0	0	1	0	478	0	0.13	0.844	0	0	0	255	478	0.338	0.31	0.943	0	0	0																																																																																	genotype_comparison	in_vivo_tissue	unknown	""	high	other		TRUE	FALSE	partially_confounded		partially_confounded
SRP167405	reproductive | in_vivo_treatment_arms | conf=medium |  | n=8	treatment	tissue:reproductive	8	8	8	8	4	4	0	0		19039.5	0	8	0	0	0	0	4	0	0	generic	1.103	1.282	0.803	2e-04	1e-04	readlen	0.577					0.577	6.15	0		-0.08	2.255	-2.903	1.86	-1.352	M0																																																																																																																																																																																									in_vivo_treatment_arms	in_vivo_tissue	male_only	""	medium	reproductive		TRUE	TRUE	single_sex		single_sex
SRP167428	blood_immune | genotype_comparison | conf=high |  | n=8	genotype	tissue:blood_immune	8	8	8	8	4	4	1	0		16363.5	8	0	4	4	8	0	0	0	8	blood	0.042	-0.519	-0.919	0.0547	0.0529								9.31	0		1.009	0.974	-0.403	1.112	-0.017	M0																																																																																																																																																																																									genotype_comparison	in_vivo_tissue	female_only	""	high	blood_immune		TRUE	TRUE	single_sex		single_sex
SRP167455	liver | in_vivo_treatment_arms | conf=high |  | n=18	treatment	tissue:liver	18	18	12	12	6	6	1	0		13483.5	12	0	6	6	0	4	0	0	0	liver	0.421	-0.155	0.579	0.0013	0.0011								2.69	0		-0.841	-0.882	-0.092	-0.014	-0.122	M0																																																																																																																																																																																									in_vivo_treatment_arms	in_vivo_tissue	female_only	""	high	liver		TRUE	TRUE	single_sex		single_sex
SRP167706	other | in_vivo_treatment_arms | conf=medium |  | n=19	lentivirus	in:source_name=flow cytometry sorted astrocytes;tissue:other	19	19	8	8	4	4	1	0		13129.5	8	0	4	4	0	0	0	0	0	generic	0.588	1.981	-0.236	0.0222	0.0165								12.35	0		-0.407	-0.441	0.43	-0.223	0.587	M0																																																																																																																																																																																									in_vivo_treatment_arms	ex_vivo_primary_cells	female_only	""	medium	other		TRUE	TRUE	single_sex		single_sex
SRP167707	muscle | in_vivo_treatment_arms | conf=high |  | n=99	treatment	in:tissue=gastrocnemius muscle;in:age=18 months;tissue:muscle	99	99	23	23	13	10	0	0		14485	0	23	0	0	0	0	0	0	0	muscle	0.873	0.522	-0.325	0.0047	0.0045								0.94	0		1.465	-1.043	-0.251	0.24	0.189	M0																																																																																																																																																																																									in_vivo_treatment_arms	in_vivo_tissue	male_only	""	high	muscle		TRUE	TRUE	single_sex		single_sex
SRP167708	other | genotype_comparison | conf=medium | pooled_samples | n=24	genotype	in:cell type=vascular endothelial cells;tissue:other	24	24	11	11	6	5	0	0		15115	0	11	0	0	0	0	0	0	11	generic	0.849	-0.725	-0.456	0.0316	0.0313	readlen	0.516					0.516	9.29	0		1.198	0.204	-1.374	0.437	-1.211	M0																																																																																																																																																																																									genotype_comparison	ex_vivo_primary_cells	male_only	pooled_samples	medium	other		TRUE	TRUE	single_sex		single_sex
SRP167865	adipose | genotype_comparison | conf=medium |  | n=80	genotype	in:tissue=brown fat (bat);tissue:adipose	80	80	10	10	5	5	0.2	0.4		14830.5	2	8	0	2	0	1	4	0	10	adipose	-0.14	4.226	0.512	0.0022	0.002								1.91	3	0.963	-5.022	5.394	2.214	-2.533	0.887	M0,M1,M0perm,M3,M4,M5,M4perm,M5perm,M0permw	1378	178	0.129	0.74	0.956	0	0	0	1378	910	0.476	0.65	0.963	0	0	0	1378	175	0.127	0.8	0.971	0	0	0	1378	5672	0.231	0.51	0.925	0	0	1	178	5672	0.031	0.56	0.921	0	0	1	1378	0	0	0.14	0.568	108	0	0	178	0	0	0.13	0.563	5	0	0	1378	0	0	0.17	-0.005	111	0	0	178	0	0	0.22	0.075	0	0	0	1378	473	0.27	0.39	0.951	0	0	0	178	473	0.331	0.4	0.984	0	0	0	1378	0	0	0.55	0.936	0	0	0	178	0	0	0.58	0.956	0	0	0																																																																																	genotype_comparison	in_vivo_tissue	male_only	""	medium	adipose		TRUE	FALSE	partially_confounded		partially_confounded
SRP167940	skin | genotype_comparison | conf=high |  | n=8	genotype/variation	tissue:skin	8	8	8	8	4	4	1	0		15274	8	0	4	4	8	0	0	0	8	generic	-0.682	3.426	3.188	5e-04	5e-04								4.11	0		9.059	-2.847	-1.19	1.044	-1.03	M0																																																																																																																																																																																									genotype_comparison	ex_vivo_primary_cells	unknown	""	high	skin		TRUE	TRUE	single_sex		single_sex
SRP167962	skin | in_vivo_treatment_arms | conf=medium | tumor_tissue | n=16	agent	in:source_name=epidermis;tissue:skin	16	16	12	12	6	6	1	0		14909.5	12	0	6	6	0	0	0	0	6	generic	1.07	0.434	0.864	1e-04	1e-04								3.44	0		-0.691	0.075	-0.284	0.222	0.362	M0																																																																																																																																																																																									in_vivo_treatment_arms	in_vivo_tissue	female_only	tumor_tissue	medium	skin		TRUE	TRUE	single_sex		single_sex
SRP167988	liver | in_vivo_treatment_arms | conf=high |  | n=18	treatment	tissue:liver	18	18	12	12	6	6	0.5	0	0	15178	6	6	3	3	0	2	0	0	0	liver	-0.255	0.045	-0.899	0.0011	0.001								4.39	1	0.041	-0.503	-0.286	0.628	-0.816	0.564	M0,M1,M0perm,M2,M2perm,M3,M4,M5,M4perm,M5perm,M0permw	3	8	0.375	0.79	0.998	0	0	0	3	0	0	0.72	0.961	0	0	0	3	2	0.25	0.81	0.998	0	0	0	3	365	0.008	0.53	0.97	0	0	0	8	365	0.022	0.49	0.968	0	0	0	3	107	0.028	0.4	0.883	0	0	0	8	107	0.075	0.39	0.887	0	0	0	3	53	0.057	0.62	0.969	0	0	0	8	53	0.151	0.65	0.968	0	0	0	3	0	0	0.49	0.888	0	0	0	8	0	0	0.54	0.893	0	0	0	3	0	0	0.74	0.975	0	0	0	8	0	0	0.76	0.977	0	0	0																																	3	412	0.007	0.41	0.971	0	0	0	3	0	0	0.69	0.953	0	0	0																																	in_vivo_treatment_arms	in_vivo_tissue	both_sexes	""	high	liver		TRUE	FALSE	balanced	balanced	balanced
SRP168283	liver | in_vivo_treatment_arms | conf=high |  | n=23	treatment	tissue:liver	23	23	23	23	12	11	0	0		12125	0	23	0	0	0	9	9	0	23	liver	0.181	-0.335	-0.59	0.0043	0.0042								4.99	0		-0.334	-1.232	0.552	-0.649	0.489	M0																																																																																																																																																																																									in_vivo_treatment_arms	in_vivo_tissue	male_only	""	high	liver		TRUE	TRUE	single_sex		single_sex
SRP168527	brain_cns | in_vivo_treatment_arms | conf=high |  | n=24	treatment	tissue:brain_cns	24	24	24	24	12	12	0.5	0		16976	12	12	6	6	0	0	0	0	0	brain	-0.148	0.153	0.672	3e-04	1e-04								1.66	4	0.602	0.168	-0.26	-0.919	1.111	0.577	M0,M1,M0perm,M3,M4,M5,M4perm,M5perm,M0permw	1	2	0.5	0.84	0.997	0	0	0	1	0	0	0.63	0.927	0	0	0	1	1	1	0.87	0.999	0	0	0	1	13	0.077	0.35	0.875	0	0	0	2	13	0.071	0.35	0.869	0	0	0	1	2	0.5	0.64	0.979	0	0	0	2	2	1	0.7	0.982	0	0	0	1	2	0.5	0.52	0.963	0	0	0	2	2	1	0.58	0.959	0	0	0	1	1	0	0.75	0.985	0	0	0	2	1	0.5	0.86	0.987	0	0	0	1	3	0.333	0.82	0.996	0	0	0	2	3	0.667	0.94	0.999	0	0	0																																																																																	in_vivo_treatment_arms	in_vivo_tissue	both_sexes	""	high	brain_cns		TRUE	FALSE	balanced		balanced
SRP168573	heart | in_vivo_treatment_arms | conf=medium |  | n=10	cultivar	subj:isolate;tissue:heart	10	10	10	10	5	5	0.5	0.2		13448	5	5	3	2	0	1	2	0	0	heart	-1.48	-1.345	-1.858	0.002	0.0017	pubmonth	1				1		0.66	3	0.118	2.089	-1.467	-1.956	3.914	-0.846	M0,M1,M0perm,M3,M4,M5,M4perm,M5perm,M0permw	3607	2977	0.796	0.94	0.993	0	0	0	3607	2924	0.791	0.94	0.99	0	0	0	3607	3039	0.766	0.96	0.988	0	0	0	3607	612	0.107	0.62	0.65	353	0	0	2977	612	0.127	0.63	0.666	206	0	0	3607	439	0.112	0.83	0.83	2	0	0	2977	439	0.135	0.86	0.838	0	0	0	3607	534	0.141	0.81	0.852	12	0	0	2977	534	0.172	0.83	0.869	6	0	0	3607	1414	0.367	0.85	0.947	0	0	1	2977	1414	0.443	0.88	0.952	0	0	1	3607	148	0.039	0.83	0.684	102	0	0	2977	148	0.047	0.86	0.703	11	0	0																																																																																	in_vivo_treatment_arms	in_vivo_tissue	male_only	""	medium	heart		TRUE	FALSE	mildly_imbalanced		mildly_imbalanced
SRP168748	blood_immune | genotype_comparison | conf=medium |  | n=12	genotype	tissue:blood_immune	12	12	12	12	6	6	0.5	0		15813.5	6	6	3	3	12	0	0	0	12	blood	2.353	0.954	0.094	0.0311	0.0311								8.35	1	0.117	-0.37	0.376	-0.133	0.217	0.383	M0,M1,M0perm,M3,M4,M5,M7,M4perm,M5perm,M7perm,M0permw	180	119	0.59	0.86	0.999	0	0	0	180	18	0.1	0.87	0.988	0	0	0	180	56	0.311	0.9	0.998	0	0	0	180	4239	0.042	0.25	0.904	0	0	0	119	4239	0.028	0.26	0.907	0	0	0	180	8822	0.02	0.15	0.868	0	0	0	119	8822	0.013	0.14	0.868	0	0	0	180	1	0.006	0.31	0.141	0	0	0	119	1	0.008	0.3	0.145	0	0	0	180	20	0.093	0.53	0.743	0	0	0	119	20	0.149	0.56	0.748	0	0	0	180	2	0.011	0.68	0.948	0	0	0	119	2	0.017	0.7	0.948	0	0	0	180	3454	0.052	0.36	0.872	0	0	0	119	3454	0.034	0.39	0.876	0	0	0	180	37	0.167	0.66	0.801	0	0	0	119	37	0.248	0.68	0.804	0	0	0																																																	genotype_comparison	ex_vivo_primary_cells	unknown	""	medium	blood_immune		TRUE	FALSE	balanced		balanced
SRP168822	other | in_vivo_treatment_arms | conf=high |  | n=20	source_name	tissue:other	20	20	10	10	5	5	1	0		18454	10	0	5	5	10	0	0	0	10	generic	-6.325	-4.286	-1.134	0.0035	0.0034								6.59	0		-3.301	-5.24	2.482	-2.677	-5.336	M0																																																																																																																																																																																									in_vivo_treatment_arms	in_vivo_tissue	female_only	""	high	other		TRUE	TRUE	single_sex		single_sex
SRP169858	liver | genotype_comparison | conf=high |  | n=32	infection status	tissue:liver	32	16	16	16	8	8	0	0		16055	0	16	0	0	16	0	0	0	16	liver	-0.725	0.358	-0.118	0.0013	9e-04								4.09	0		-1.214	-0.493	1.469	-1.934	-0.626	M0																																																																																																																																																																																									genotype_comparison	in_vivo_tissue	unknown	""	high	liver		TRUE	TRUE	single_sex		single_sex
SRP169935	adipose | genotype_comparison | conf=medium |  | n=16	strain	tissue:adipose	16	16	16	16	8	8	0	0		14895	0	16	0	0	0	1	0	0	16	adipose	0.522	0.762	0.359	9e-04	6e-04								4.09	0		0.766	-1.235	0.265	-0.59	0.782	M0																																																																																																																																																																																									genotype_comparison	in_vivo_tissue	male_only	""	medium	adipose		TRUE	TRUE	single_sex		single_sex
SRP169946	liver | in_vivo_treatment_arms | conf=medium |  | n=12	diet	tissue:liver	12	12	12	12	6	6	0	0		15460	0	12	0	0	12	0	0	0	12	liver	0.579	-0.293	0.072	3e-04	2e-04								1.22	0		0.852	-0.64	-0.769	0.839	-0.434	M0																																																																																																																																																																																									in_vivo_treatment_arms	in_vivo_tissue	unknown	""	medium	liver		TRUE	TRUE	single_sex		single_sex
SRP170677	lung | genotype_comparison | conf=high |  | n=34	lin28a expression	ex:lin28a expression=expression in the lung epithelial cells;ex:lin28a expression=expression in the mesenchymal cells;tissue:lung	34	34	29	29	15	14	0.52	0.033		18401	15	14	8	7	29	0	0	0	29	lung	-1.035	-1.073	-1.08	0.0516	0.0501								9.98	3	0.571	0.255	0.261	-0.249	0.299	-0.272	M0,M1,M0perm,M3,M4,M5,M7,M4perm,M5perm,M7perm,M0permw	8931	9686	0.908	0.89	0.998	0	0	1	8931	8512	0.933	0.98	0.999	0	0	0	8931	8679	0.958	0.95	1	0	0	0	8931	8404	0.667	0.21	0.919	0	0	0	9686	8404	0.67	0.2	0.919	0	1	0	8931	11038	0.799	0.5	0.989	0	0	1	9686	11038	0.854	0.49	0.99	0	1	1	8931	2655	0.184	0.55	0.68	313	0	1	9686	2655	0.171	0.51	0.672	634	1	1	8931	9724	0.89	0.86	0.997	0	0	1	9686	9724	0.959	0.9	0.999	0	1	1	8931	8886	0.895	0.89	0.997	0	0	1	9686	8886	0.913	0.95	0.999	0	1	1	8931	3274	0.296	0.71	0.895	0	0	1	9686	3274	0.277	0.68	0.894	0	1	1	8931	9475	0.911	0.9	0.998	0	0	1	9686	9475	0.973	0.96	1	0	1	1																																																	genotype_comparison	in_vivo_tissue	unknown	""	high	lung		TRUE	FALSE	balanced		balanced
SRP171142	liver | in_vivo_treatment_arms | conf=medium |  | n=25	parabiosis pair	in:age=21 mo;tissue:liver	25	25	10	10	5	5	0	0		15200	0	10	0	0	10	0	0	0	0	liver	-0.836	-0.299	-0.252	4e-04	3e-04								0.98	0		0.536	-0.971	-0.685	0.213	6.366	M0																																																																																																																																																																																									in_vivo_treatment_arms	in_vivo_tissue	unknown	""	medium	liver		TRUE	TRUE	single_sex		single_sex
SRP171149	liver | in_vivo_treatment_arms | conf=high |  | n=16	treatment	tissue:liver	16	16	16	16	8	8	0	0	0	14559.5	0	16	0	0	16	0	0	0	0	liver	1.111	0.008	-0.052	4e-04	4e-04								3.37	0		-0.506	0.436	-0.909	1.167	-0.136	M0																																																																																																																																																																																									in_vivo_treatment_arms	in_vivo_tissue	unknown	""	high	liver		TRUE	TRUE	single_sex	balanced	single_sex
SRP171158	lung | genotype_comparison | conf=high | tumor_tissue | n=23	genotype	tissue:lung	23	23	14	14	8	6	0.57	0.458		16633	8	6	3	5	0	2	1	0	14	lung	-0.512	0.643	-0.591	1e-04	1e-04								13.47	3	0.14	-1.04	0.222	0.351	-0.429	1.058	M0,M1,M0perm,M3,M4,M5,M4perm,M5perm,M0permw	2	0	0	0.62	0.904	0	0	0	2	0	0	0.84	0.981	0	0	0	2	0	0	0.59	0.911	0	0	0	2	2	0	0.43	0.693	0	0	0	0	2	0	0.38	0.732	0	0	0	2	0	0	0.3	0.705	0	0	0	0	0		0.43	0.808	0	0	0	2	0	0	0.48	0.77	0	0	0	0	0		0.64	0.901	0	0	0	2	0	0	0.5	0.849	0	0	0	0	0		0.71	0.956	0	0	0	2	0	0	0.31	0.786	0	0	0	0	0		0.38	0.837	0	0	0																																																																																	genotype_comparison	in_vivo_tissue	both_sexes	tumor_tissue	high	lung		TRUE	FALSE	partially_confounded		partially_confounded
SRP171159	other | in_vivo_treatment_arms | conf=high |  | n=10	treatment	tissue:other	10	10	10	10	5	5	1	0		15618	10	0	5	5	0	0	0	0	0	generic	0.908	-0.15	-0.298	0.0012	0.0012								7.41	0		0.285	0.24	1.632	-1.384	1.135	M0																																																																																																																																																																																									in_vivo_treatment_arms	ex_vivo_primary_cells	female_only	""	high	other		TRUE	TRUE	single_sex		single_sex
SRP171796	liver | between_subject_case_control | conf=medium | tumor_tissue | n=19	tissue	ex:tissue=liver-paratumor;subj:isolation_source;tissue:liver	19	19	16	16	11	5	0	0		13820.5	0	16	0	0	0	0	0	0	0	liver	1.206	1.985	-0.054	0.0014	0.0013								4.02	0		0.379	3.271	0.749	-1.394	0.05	M0																																																																																																																																																																																									between_subject_case_control	in_vivo_tissue	male_only	tumor_tissue	medium	liver		TRUE	TRUE	single_sex		single_sex
SRP172178	kidney | time_course | conf=medium |  | n=13	duration after star ko	tissue:kidney	13	13	9	9	4	5	1	0		17188	9	0	4	5	9	0	0	0	9	kidney	0.529	6.095	0.209	0.001	7e-04								2.97	0		2.185	-1.875	-2.833	5.505	0.361	M0																																																																																																																																																																																									time_course	in_vivo_tissue	unknown	""	medium	kidney		TRUE	TRUE	single_sex		single_sex
SRP172453	gut | genotype_comparison | conf=high |  | n=25	genotype/variation	tissue:gut	25	25	10	10	5	5	1	0		9219.5	10	0	5	5	10	0	0	0	0	gut	1.924	2.661	0.05	1e-04	1e-04								0.71	0		-2.79	0.027	-0.665	2.128	-0.438	M0																																																																																																																																																																																									genotype_comparison	in_vivo_tissue	unknown	""	high	gut		TRUE	TRUE	single_sex		single_sex
SRP172500	adipose | in_vivo_treatment_arms | conf=high |  | n=15	treatment	tissue:adipose	15	15	10	10	5	5	0	0		9697.5	0	10	0	0	10	0	0	0	0	adipose	-0.218	-1.304	-1.092	2e-04	2e-04								6.24	0		-0.284	0.139	-0.602	-0.642	1.468	M0																																																																																																																																																																																									in_vivo_treatment_arms	in_vivo_tissue	male_only	""	high	adipose		TRUE	TRUE	single_sex		single_sex
SRP172508	other | in_vivo_treatment_arms | conf=high |  | n=16	treatment	tissue:other	16	16	16	16	8	8	0	0		15372.5	0	16	0	0	0	2	0	0	0	generic	0.734	0.188	-0.513	6e-04	6e-04								6.47	0		0.16	-0.758	-0.294	0.316	0.414	M0																																																																																																																																																																																									in_vivo_treatment_arms	in_vivo_tissue	male_only	""	high	other		TRUE	TRUE	single_sex		single_sex
SRP172565	brain_cns | genotype_comparison | conf=high |  | n=54	genotype	in:source_name=cortex whole cell;tissue:brain_cns	54	42	21	21	6	15	0.14	0.2	0.966	17255	3	18	0	3	0	1	5	0	0	brain	0.682	-0.378	-0.37	0.0136	0.0136	platform	0.167	0.167					19.41	5	0.232	0.708	-0.361	-0.91	0.386	-0.196	M0,M1,M0perm,M2,M2perm,M3,M4,M5,M6,M7,M4perm,M5perm,M6perm,M7perm,M0permw	201	101	0.466	0.83	0.962	0	0	0	201	195	0.729	0.84	0.997	0	0	0	201	74	0.368	0.85	0.987	0	0	0	201	4001	0.048	0.01	0.91	0	0	0	101	4001	0.025	0.01	0.878	0	0	0	201	1007	0.168	0.36	0.918	0	0	0	101	1007	0.1	0.37	0.917	0	0	0	201	6	0.03	0.42	0.768	0	0	0	101	6	0.059	0.51	0.781	0	0	0	201	14	0.07	0.7	0.927	0	0	0	101	14	0.139	0.81	0.966	0	0	0	201	59	0.268	0.75	0.957	0	0	0	101	59	0.538	0.86	0.986	0	0	0	201	83	0.365	0.79	0.961	0	0	0	101	83	0.769	0.94	0.997	0	0	0	201	78	0.374	0.78	0.958	0	0	0	101	78	0.721	0.93	0.997	0	0	0	201	101	0.194	0.41	0.839	0	0	0	201	34	0.152	0.66	0.893	0	0	0	201	219	0.511	0.64	0.929	0	0	0	101	219	0.455	0.72	0.985	0	0	0	201	169	0.51	0.75	0.944	0	0	0	101	169	0.588	0.77	0.99	0	0	0	genotype_comparison	in_vivo_tissue	both_sexes	""	high	brain_cns		TRUE	FALSE	mildly_imbalanced	partially_confounded	partially_confounded
SRP172731	muscle | genotype_comparison | conf=medium |  | n=63	genotype	tissue:muscle	63	16	16	16	8	8	0	0		15499.5	0	16	0	0	16	0	0	0	0	muscle	0.105	0.037	-0.662	1e-04	1e-04								5.96	0		-0.852	0.263	0.759	-0.776	-0.688	M0																																																																																																																																																																																									genotype_comparison	ex_vivo_primary_cells	unknown	""	medium	muscle		TRUE	TRUE	single_sex		single_sex
SRP172733	liver | genotype_comparison | conf=high | tumor_tissue | n=99	genotype	ex:age=16 month old, tumour;ex:age=12 month old, tumour;ex:age=7 month old, tumour;tissue:liver	99	99	54	44	19	25	0.84	0.091	0.422	10043.5	37	7	15	22	44	0	0	10	0	liver	-0.095	-0.211	-0.201	0.0051	0.0051								6.09	5	0.028	0.053	0.013	-0.743	0.288	-0.495	M0,M1,M0perm,M2,M2perm,M3,M4,M5,M4perm,M5perm,M0permw	586	617	0.865	0.92	0.994	0	0	0	586	563	0.915	0.97	0.997	0	0	0	586	537	0.862	0.96	0.991	0	0	0	586	990	0.403	0.63	0.79	0	0	0	617	990	0.402	0.63	0.788	0	0	0	586	855	0.628	0.77	0.979	0	0	0	617	855	0.645	0.75	0.983	0	0	0	586	568	0.712	0.89	0.976	0	0	0	617	568	0.722	0.88	0.984	0	0	0	586	360	0.511	0.8	0.962	0	0	0	617	360	0.496	0.81	0.966	0	0	0	586	622	0.782	0.91	0.987	0	0	0	617	622	0.801	0.88	0.991	0	0	0																																	586	538	0.66	0.83	0.961	0	0	0	586	347	0.56	0.88	0.977	0	0	0																																	genotype_comparison	in_vivo_tissue	unknown	tumor_tissue	high	liver		TRUE	FALSE	balanced	mildly_imbalanced	mildly_imbalanced
SRP172741	tumor | in_vivo_treatment_arms | conf=medium | tumor_tissue | n=270	treatment	in:tissue=mammary tumor;ex:tissue=cell line;tissue:tumor	270	270	252	252	80	172	1	0		16906	252	0	80	172	0	0	0	0	252	generic	0.618	0.228	-0.081	0.0536	0.0536	platform	0.211	0.211					34.87	0		0.287	-0.144	-0.521	0.443	-0.517	M0																																																																																																																																																																																									in_vivo_treatment_arms	in_vivo_tissue	female_only	tumor_tissue	medium	tumor		TRUE	TRUE	single_sex		single_sex
SRP172787	brain_cns | genotype_comparison | conf=high |  | n=96	genotype	tissue:brain_cns	96	32	32	32	16	16	1	0	0	16296	32	0	16	16	0	0	0	0	0	brain	-1.502	-0.562	-0.637	0	0								15.65	0		2.477	-0.339	-1.627	1.497	0.469	M0																																																																																																																																																																																									genotype_comparison	ex_vivo_primary_cells	female_only	""	high	brain_cns		TRUE	TRUE	single_sex	balanced	single_sex
SRP173252	brain_cns | in_vivo_treatment_arms | conf=high |  | n=23	group	subj:sample barcode;tissue:brain_cns	23	23	15	14	6	8	0	0		17364	0	14	0	0	0	0	0	0	0	brain	1.137	-0.279	-0.293	2e-04	2e-04								3.43	0		-0.052	0.406	0.903	-0.236	0.238	M0																																																																																																																																																																																									in_vivo_treatment_arms	in_vivo_tissue	male_only	""	high	brain_cns		TRUE	TRUE	single_sex		single_sex
SRP173297	brain_cns | genotype_comparison | conf=high |  | n=95	genotype/variation	in:tissue=striatum;tissue:brain_cns	95	95	24	24	8	16	0.5	0		17990.5	12	12	4	8	0	0	0	0	0	brain	0.954	-0.277	-0.292	3e-04	3e-04	pubmonth	0.12				0.12		3.1	5	0.971	0.991	-1.2	-1.011	1.028	-0.581	M0,M1,M0perm,M3,M4,M5,M6,M4perm,M5perm,M6perm,M0permw	4527	4580	0.964	0.9	1	0	0	0	4527	4534	0.899	0.95	0.995	0	0	0	4527	4457	0.969	0.98	1	0	0	0	4527	6994	0.635	0.69	0.964	0	0	0	4580	6994	0.643	0.68	0.964	0	0	0	4527	4117	0.555	0.79	0.842	0	0	0	4580	4117	0.556	0.82	0.842	0	0	0	4527	4236	0.732	0.79	0.963	0	0	0	4580	4236	0.733	0.8	0.964	0	0	0	4527	4502	0.922	0.89	0.998	0	0	0	4580	4502	0.93	0.92	0.998	0	0	0	4527	4396	0.914	0.91	0.997	0	0	0	4580	4396	0.923	0.93	0.997	0	0	0																																																	4527	4674	0.906	0.88	0.995	0	0	0	4580	4674	0.916	0.91	0.996	0	0	0	4527	4734	0.9	0.89	0.996	0	0	0	4580	4734	0.914	0.93	0.997	0	0	0	genotype_comparison	in_vivo_tissue	both_sexes	""	high	brain_cns		TRUE	FALSE	balanced		balanced
SRP173309	kidney | in_vivo_treatment_arms | conf=high |  | n=18	treatment	in:tissue=ligated kidney;tissue:kidney	18	18	12	12	6	6	0	0		18235	0	12	0	0	0	0	0	0	12	kidney	1.106	-1.579	-1.478	3e-04	3e-04								4.57	0		2.342	-0.449	-3.964	3.645	-1.196	M0																																																																																																																																																																																									in_vivo_treatment_arms	in_vivo_tissue	male_only	""	high	kidney		TRUE	TRUE	single_sex		single_sex
SRP173361	liver | in_vivo_treatment_arms | conf=medium |  | n=24	source_name	tissue:liver	24	24	24	24	12	12	0	0		11348.5	0	24	0	0	24	0	0	0	0	liver	-0.081	-0.426	0.123	0.0064	0.0061								20.46	0		1.12	0.935	-0.198	0.125	0.49	M0																																																																																																																																																																																									in_vivo_treatment_arms	in_vivo_tissue	unknown	""	medium	liver		TRUE	TRUE	single_sex		single_sex
SRP173448	brain_cns | in_vivo_treatment_arms | conf=medium |  | n=95	diabetes-type	in:tissue=sciatic nerve;tissue:brain_cns	95	95	24	24	12	12	0	0		17200	0	24	0	0	24	0	0	0	0	brain	0.102	-1.368	0.628	0.0017	0.0017								4.34	0		-0.017	-0.413	0.377	-0.371	0.739	M0																																																																																																																																																																																									in_vivo_treatment_arms	in_vivo_tissue	unknown	""	medium	brain_cns		TRUE	TRUE	single_sex		single_sex
SRP173466	heart | in_vivo_treatment_arms | conf=high |  | n=36	surgery type	tissue:heart	36	36	36	23	12	11	0.52	0.045		16195.5	12	11	6	6	23	0	0	13	23	heart	0.597	2.858	0.748	0.007	0.0052								11.08	4	0.524	-0.707	0.77	-0.59	0.632	0.232	M0,M1,M0perm,M3,M4,M5,M4perm,M5perm,M0permw	3687	4570	0.806	0.77	0.998	0	0	0	3687	3981	0.882	0.9	0.998	0	0	0	3687	3717	0.932	0.88	0.999	0	0	0	3687	6437	0.558	0.38	0.949	0	0	0	4570	6437	0.664	0.42	0.951	0	0	0	3687	6605	0.52	0.45	0.931	0	0	0	4570	6605	0.571	0.42	0.932	0	0	0	3687	0	0	0.21	0.42	636	0	0	4570	0	0	0.23	0.425	811	0	0	3687	3164	0.726	0.75	0.985	0	0	0	4570	3164	0.655	0.77	0.986	0	0	0	3687	3683	0.784	0.66	0.988	0	0	0	4570	3683	0.734	0.64	0.99	0	0	0																																																																																	in_vivo_treatment_arms	in_vivo_tissue	unknown	""	high	heart		TRUE	FALSE	balanced		balanced
SRP173469	brain_cns | in_vivo_treatment_arms | conf=high |  | n=48	treatment	in:tissue=sorted microglia;tissue:brain_cns	48	48	24	24	12	12	0	0	0	17743.5	0	24	0	0	24	0	0	0	0	brain	-0.469	-0.224	0.305	0	0	readlen	0.126					0.126	8.35	0		-0.999	-0.301	0.076	-0.081	0.032	M0																																																																																																																																																																																									in_vivo_treatment_arms	in_vivo_tissue	unknown	""	high	brain_cns		TRUE	TRUE	single_sex	balanced	single_sex
SRP173477	muscle | in_vivo_treatment_arms | conf=high |  | n=60	treatment	in:genotype=wild type;tissue:muscle	60	15	10	10	5	5	0	0		14874.5	0	10	0	0	10	0	0	0	10	muscle	4.049	1.329	0.138	3e-04	1e-04								0.46	0		-0.894	0.52	1.59	-0.964	-0.696	M0																																																																																																																																																																																									in_vivo_treatment_arms	in_vivo_tissue	unknown	""	high	muscle		TRUE	TRUE	single_sex		single_sex
SRP173478	brain_cns | genotype_comparison | conf=high |  | n=14	genotype/variation	in:tissue=cerebellum;tissue:brain_cns	14	14	8	8	4	4	0.5	0		17727	4	4	2	2	8	0	0	0	0	brain	-0.837	-0.012	-0.405	3e-04	2e-04								1.19	0		0.912	-0.933	-0.399	0.414	0.667	M0,M1,M0perm,M4,M5,M4perm,M5perm,M0permw	1091	1279	0.833	0.91	0.998	0	0	0	1091	587	0.484	0.89	0.932	0	0	0	1091	1279	0.833	0.91	0.998	0	0	0																	1091	653	0.487	0.83	0.936	0	0	0	1279	653	0.456	0.87	0.937	0	0	0	1091	399	0.31	0.78	0.859	0	0	0	1279	399	0.284	0.82	0.86	0	0	0	1091	763	0.561	0.87	0.949	0	0	0	1279	763	0.527	0.85	0.951	0	0	0	1091	17	0.012	0.62	0.605	12	0	0	1279	17	0.01	0.6	0.607	18	0	0																																																																																	genotype_comparison	in_vivo_tissue	unknown	""	high	brain_cns		TRUE	FALSE	balanced		balanced
SRP173589	heart | genotype_comparison | conf=high |  | n=16	genotype	tissue:heart	16	8	8	8	4	4	0.5	0		15648.5	4	4	2	2	8	0	0	0	8	heart	-0.506	6.942	-2.552	0.0044	0.0031								4.45	0		-0.444	0.407	1.956	-2.398	0.771	M0,M1,M0perm,M4,M5,M4perm,M5perm,M0permw	10925	11062	0.956	0.75	0.999	0	0	2	10925	9406	0.81	0.84	0.987	0	0	0	10925	10912	0.958	0.79	0.999	0	0	0																	10925	10245	0.87	0.63	0.992	0	0	1	11062	10245	0.876	0.72	0.993	0	2	1	10925	229	0.02	0.36	0.612	1809	0	0	11062	229	0.02	0.36	0.612	1861	2	0	10925	9989	0.757	0.51	0.965	0	0	1	11062	9989	0.763	0.62	0.966	0	2	1	10925	6907	0.593	0.59	0.947	9	0	0	11062	6907	0.588	0.61	0.948	10	2	0																																																																																	genotype_comparison	in_vivo_tissue	unknown	""	high	heart		TRUE	FALSE	balanced		balanced
SRP173609	lung | in_vivo_treatment_arms | conf=high |  | n=12	diet	tissue:lung	12	12	12	12	6	6	0	0		18433	0	12	0	0	12	0	0	0	12	lung	-0.247	0.872	0.221	0.0117	0.0089								3.21	0		-0.444	-0.211	-0.535	0.537	-0.188	M0																																																																																																																																																																																									in_vivo_treatment_arms	in_vivo_tissue	male_only	""	high	lung		TRUE	TRUE	single_sex		single_sex
SRP173645	other | in_vivo_treatment_arms | conf=medium |  | n=16	agent	tissue:other	16	16	8	8	4	4	0.88	0.25		17758.5	7	1	3	4	8	0	0	0	4	generic	1.596	-1.043	-0.551	8e-04	5e-04								4.51	0		-0.562	-4.16	-6.049	5.344	-1.147	M0,M1,M0perm,M4,M5,M4perm,M5perm,M0permw	6933	6295	0.803	0.87	0.981	0	1	1	6933	6762	0.811	0.74	0.982	0	1	3	6933	6295	0.803	0.87	0.981	0	1	1																	6933	696	0.037	0.09	0.127	2936	1	0	6295	696	0.039	0.1	0.2	2417	1	0	6933	857	0.09	0.63	0.626	493	1	0	6295	857	0.106	0.67	0.681	292	1	0	6933	2064	0.279	0.84	0.921	0	1	1	6295	2064	0.316	0.9	0.952	0	1	1	6933	4788	0.638	0.74	0.972	0	1	1	6295	4788	0.736	0.79	0.996	0	1	1																																																																																	in_vivo_treatment_arms	in_vivo_tissue	unknown	""	medium	other		TRUE	FALSE	mildly_imbalanced		mildly_imbalanced
SRP173675	muscle | in_vivo_treatment_arms | conf=medium |  | n=24	treatment	subj:replicate;tissue:muscle	24	24	24	24	12	12	0.58	0.5		16253	14	10	10	4	0	1	8	0	0	muscle	-2.084	-0.545	-0.225	0.0012	0.0012								27.96	4	0.32	2.624	-4.399	-8.23	7.565	2.829	M0,M1,M0perm,M3,M4,M5,M4perm,M5perm,M0permw	12894	9830	0.734	0.87	0.985	12	1	0	12894	12855	0.978	0.96	0.999	0	1	1	12894	12996	0.902	0.91	0.99	0	1	0	12894	14371	0.828	0.55	0.972	2	1	0	9830	14371	0.679	0.54	0.969	0	0	0	12894	3764	0.259	0.54	0.764	1629	1	0	9830	3764	0.321	0.58	0.753	1199	0	0	12894	8327	0.586	0.72	0.923	334	1	0	9830	8327	0.711	0.78	0.932	9	0	0	12894	9662	0.718	0.79	0.982	18	1	0	9830	9662	0.946	0.86	0.998	0	0	0	12894	9637	0.723	0.84	0.983	13	1	0	9830	9637	0.931	0.92	0.997	0	0	0																																																																																	in_vivo_treatment_arms	ex_vivo_primary_cells	male_only	""	medium	muscle		TRUE	FALSE	partially_confounded		partially_confounded
SRP173777	liver | in_vivo_treatment_arms | conf=high |  | n=20	stress	subj:litter;tissue:liver	20	20	20	10	5	5	0	0		16932	0	10	0	0	10	0	0	0	10	liver	0.323	0.844	-0.448	0.0534	0.0295								1.2	0		-0.365	0.479	-0.159	0.158	0.441	M0																																																																																																																																																																																									in_vivo_treatment_arms	in_vivo_tissue	male_only	""	high	liver		TRUE	TRUE	single_sex		single_sex
SRP173803	skin | genotype_comparison | conf=high |  | n=24	genotype/variation	tissue:skin	24	24	14	14	5	9	0.5	0.467		18483	7	7	1	6	14	0	0	0	14	generic	1.693	1.035	-1.227	0.012	0.0086								4.15	3	0.107	-0.5	-0.667	0.136	-0.275	0.745	M0,M1,M0perm,M3,M4,M5,M7,M4perm,M5perm,M7perm,M0permw	3127	1955	0.621	0.95	0.975	0	0	0	3127	2588	0.738	0.92	0.968	0	0	0	3127	2085	0.646	0.94	0.978	0	0	0	3127	5603	0.542	0.55	0.88	0	0	1	1955	5603	0.347	0.55	0.887	0	0	1	3127	1708	0.519	0.8	0.872	0	0	0	1955	1708	0.752	0.82	0.918	0	0	0	3127	1111	0.342	0.78	0.804	0	0	0	1955	1111	0.508	0.79	0.826	0	0	0	3127	1566	0.499	0.89	0.966	0	0	0	1955	1566	0.781	0.91	0.991	0	0	0	3127	1229	0.392	0.87	0.958	0	0	0	1955	1229	0.626	0.89	0.976	0	0	0	3127	1387	0.411	0.84	0.837	0	0	0	1955	1387	0.594	0.87	0.814	0	0	0	3127	1854	0.59	0.89	0.973	0	0	0	1955	1854	0.909	0.9	0.999	0	0	0																																																	genotype_comparison	in_vivo_tissue	unknown	""	high	skin		TRUE	FALSE	partially_confounded		partially_confounded
SRP173808	brain_cns | genotype_comparison | conf=high | tumor_tissue | n=15	source_name	tissue:brain_cns	15	15	8	8	4	4	0.62	0.25		18307.5	5	3	3	2	8	0	0	0	8	brain	-0.515	0.347	-1.033	4e-04	4e-04								2.71	0		0.099	-0.698	-0.134	-0.325	-1.309	M0,M1,M0perm,M4,M5,M4perm,M5perm,M0permw	4	2	0.5	0.73	0.976	0	0	0	4	4	0.6	0.62	0.978	0	0	0	4	2	0.5	0.7	0.977	0	0	0																	4	0	0	0.33	0.844	0	0	0	2	0	0	0.35	0.868	0	0	0	4	1	0.25	0.41	0.887	0	0	0	2	1	0.5	0.43	0.92	0	0	0	4	0	0	0.43	0.864	0	0	0	2	0	0	0.44	0.912	0	0	0	4	4	0.333	0.35	0.864	0	0	0	2	4	0.5	0.42	0.87	0	0	0																																																																																	genotype_comparison	in_vivo_tissue	unknown	tumor_tissue	high	brain_cns		TRUE	FALSE	mildly_imbalanced		mildly_imbalanced
SRP173822	blood_immune | in_vivo_treatment_arms | conf=medium |  | n=20	treatment	in:source_name=whole bone marrow;tissue:blood_immune	20	20	8	8	4	4	1	0		16650.5	8	0	4	4	8	0	0	0	8	blood	-0.182	-2.811	2.811	0.2492	0.0856								1.85	0		0.27	-2.733	-1.498	1.109	-1.378	M0																																																																																																																																																																																									in_vivo_treatment_arms	in_vivo_tissue	unknown	""	medium	blood_immune		TRUE	TRUE	single_sex		single_sex
SRP173935	gut | in_vivo_treatment_arms | conf=high |  | n=9	treatment	tissue:gut	9	9	9	9	5	4	0.33	0.15		18476	3	6	2	1	9	0	0	0	9	gut	0.632	0.13	-0.689	0.0014	0.0012								3.17	0		1.107	-0.186	-0.852	0.371	0.943	M0,M1,M0perm,M4,M5,M4perm,M5perm,M0permw	0	0		0.79	0.949	0	0	0	0	0		0.65	0.909	0	0	0	0	0		0.73	0.983	0	0	0																	0	0		0.21	0.762	0	0	0	0	0		0.25	0.808	0	0	0	0	324	0	0.16	0.842	0	0	0	0	324	0	0.16	0.871	0	0	0	0	0		0.41	0.797	0	0	0	0	0		0.42	0.825	0	0	0	0	902	0	0.07	0.916	0	0	2	0	902	0	0.09	0.978	0	0	2																																																																																	in_vivo_treatment_arms	in_vivo_tissue	unknown	""	high	gut		TRUE	FALSE	mildly_imbalanced		mildly_imbalanced
SRP174018	brain_cns | in_vivo_treatment_arms | conf=high |  | n=13	stress	tissue:brain_cns	13	13	13	13	7	6	0	0		17606	0	13	0	0	13	0	0	0	13	brain	-0.3	-0.835	-0.258	0	0								4.89	0		0.245	-0.505	0.582	-0.616	-0.084	M0																																																																																																																																																																																									in_vivo_treatment_arms	ex_vivo_primary_cells	unknown	""	high	brain_cns		TRUE	TRUE	single_sex		single_sex
SRP174097	liver | genotype_comparison | conf=high |  | n=38	genotype	tissue:liver	38	22	22	22	12	10	0	0	0.099	14909	0	22	0	0	0	0	0	0	0	liver	-0.077	-0.068	0.156	0.0019	0.0018	readlen	0.1		0.056			0.1	9.02	0		0.695	0.543	0.362	-0.22	0.009	M0																																																																																																																																																																																									genotype_comparison	in_vivo_tissue	male_only	""	high	liver		TRUE	TRUE	single_sex	balanced	single_sex
SRP174208	brain_cns | in_vivo_treatment_arms | conf=high |  | n=74	diet	in:cell_type=microglia;subj:animal_id;tissue:brain_cns	74	74	37	37	19	18	0.68	0.018		13706	25	12	13	12	0	0	12	0	37	brain	-0.252	-0.879	0.367	1e-04	1e-04								20	5	0.136	1.256	-1.158	-0.816	0.695	0.563	M0,M1,M0perm,M3,M4,M5,M4perm,M5perm,M0permw	1180	1201	0.92	0.95	0.995	0	0	0	1180	1204	0.871	0.91	0.993	0	0	0	1180	1165	0.948	0.99	0.996	0	0	0	1180	1140	0.645	0.75	0.913	0	0	0	1201	1140	0.646	0.75	0.913	0	0	0	1180	414	0.264	0.5	0.748	5	0	0	1201	414	0.264	0.52	0.746	7	0	0	1180	608	0.495	0.85	0.926	0	0	0	1201	608	0.485	0.85	0.931	0	0	0	1180	1177	0.854	0.89	0.984	0	0	0	1201	1177	0.883	0.91	0.989	0	0	0	1180	985	0.662	0.79	0.935	0	0	0	1201	985	0.666	0.79	0.939	0	0	0																																																																																	in_vivo_treatment_arms	ex_vivo_primary_cells	both_sexes	""	high	brain_cns		TRUE	FALSE	balanced		balanced
SRP174225	blood_immune | in_vivo_treatment_arms | conf=medium |  | n=26	diet	in:cell type=cd4+ t cells;tissue:blood_immune	26	26	12	12	6	6	0	0		14767	0	12	0	0	12	0	0	0	12	blood	1.507	-0.259	1.266	0.0518	0.0512								0.72	0		-1.422	-0.955	0.013	0.046	-0.465	M0																																																																																																																																																																																									in_vivo_treatment_arms	ex_vivo_primary_cells	unknown	""	medium	blood_immune		TRUE	TRUE	single_sex		single_sex
SRP174351	muscle | in_vivo_treatment_arms | conf=high |  | n=138	pregnancy	in:tissue=muscle;subj:animal number;tissue:muscle	138	138	56	29	21	8	0	0		15633	0	29	0	0	29	0	0	0	0	muscle	0.289	0.162	0.118	0.001	8e-04								1.43	0		0.785	-0.714	-0.165	0.092	-0.39	M0																																																																																																																																																																																									in_vivo_treatment_arms	in_vivo_tissue	male_only	""	high	muscle		TRUE	TRUE	single_sex		single_sex
SRP174412	other | in_vivo_treatment_arms | conf=medium |  | n=20	treatment	in:cell type=gmdsc;tissue:other	20	20	10	10	5	5	1	0		15485.5	10	0	5	5	10	0	0	0	10	generic	-0.274	-0.166	-0.767	0	0								4.95	0		-2.201	2.08	-0.524	0.657	1.406	M0																																																																																																																																																																																									in_vivo_treatment_arms	ex_vivo_primary_cells	unknown	""	medium	other		TRUE	TRUE	single_sex		single_sex
SRP174500	muscle | genotype_comparison | conf=high |  | n=29	genotype	tissue:muscle	29	29	15	15	7	8	0	0		13633	0	15	0	0	0	0	0	0	15	muscle	0.366	0.421	0.685	4e-04	3e-04								1.86	0		-0.167	-1.022	0.605	-1.063	0.121	M0																																																																																																																																																																																									genotype_comparison	in_vivo_tissue	male_only	""	high	muscle		TRUE	TRUE	single_sex		single_sex
SRP174529	other | in_vivo_treatment_arms | conf=high |  | n=19	treatment	tissue:other	19	19	19	19	10	9	0.79	0.233		15398	15	4	9	6	19	0	0	0	19	generic	-0.578	0.096	-0.741	3e-04	3e-04	readlen	0.122					0.122	11.41	5	0.078	-2.034	-0.827	-2.859	2.842	0.033	M0,M1,M0perm,M3,M4,M5,M6,M4perm,M5perm,M6perm,M0permw	4741	4215	0.802	0.9	0.988	0	0	1	4741	4658	0.933	0.87	0.998	0	0	0	4741	4725	0.839	0.82	0.99	0	0	0	4741	4803	0.705	0.54	0.963	0	0	0	4215	4803	0.691	0.56	0.955	0	1	0	4741	47	0.008	0.23	0.443	904	0	0	4215	47	0.008	0.28	0.462	665	1	0	4741	3610	0.66	0.8	0.968	0	0	1	4215	3610	0.725	0.79	0.978	0	1	1	4741	932	0.183	0.72	0.908	0	0	0	4215	932	0.209	0.75	0.925	0	1	0	4741	3796	0.696	0.8	0.975	0	0	1	4215	3796	0.789	0.83	0.986	0	1	1																																																	4741	4041	0.78	0.9	0.987	0	0	1	4215	4041	0.913	0.95	0.998	0	1	1	4741	3772	0.716	0.83	0.98	0	0	1	4215	3772	0.819	0.86	0.992	0	1	1	in_vivo_treatment_arms	ex_vivo_primary_cells	unknown	""	high	other		TRUE	FALSE	mildly_imbalanced		mildly_imbalanced
SRP174637	liver | in_vivo_treatment_arms | conf=high |  | n=20	diet	tissue:liver	20	10	10	10	5	5	0	0		14398	0	10	0	0	0	0	0	0	10	liver	0.329	2.792	0.136	0.0021	9e-04								1.93	0		0.855	0.996	-0.98	0.814	-0.674	M0																																																																																																																																																																																									in_vivo_treatment_arms	in_vivo_tissue	male_only	""	high	liver		TRUE	TRUE	single_sex		single_sex
SRP175109	brain_cns | genotype_comparison | conf=high |  | n=20	genotype	in:tissue=striatum;tissue:brain_cns	20	20	11	11	6	5	0.64	0.067		17590	7	4	4	3	11	0	0	0	11	brain	0.321	1.2	-1.899	0.0013	0.001								5.21	3	0.102	0.971	-0.14	-0.934	0.808	-1.641	M0,M1,M0perm,M3,M4,M5,M4perm,M5perm,M0permw	4	2	0.5	0.85	0.997	0	0	0	4	2	0.5	0.75	0.996	0	0	0	4	3	0.75	0.77	0.993	0	0	0	4	6	0.667	0.37	0.691	0	0	0	2	6	0.333	0.38	0.687	0	0	0	4	1	0.25	0.42	0.839	0	0	0	2	1	0.5	0.45	0.851	0	0	0	4	3	0.167	0.2	0.78	0	0	0	2	3	0.25	0.21	0.795	0	0	0	4	1	0.25	0.67	0.981	0	0	0	2	1	0.5	0.72	0.985	0	0	0	4	1	0.25	0.33	0.726	0	0	0	2	1	0.5	0.35	0.75	0	0	0																																																																																	genotype_comparison	in_vivo_tissue	unknown	""	high	brain_cns		TRUE	FALSE	balanced		balanced
SRP175357	liver | genotype_comparison | conf=high |  | n=8	genotype/variation	tissue:liver	8	8	8	8	4	4	1	0		14130.5	8	0	4	4	8	0	0	0	0	liver	0.44	2.752	1.162	0	0								10.41	0		0.75	-0.439	-0.471	0.444	2.493	M0																																																																																																																																																																																									genotype_comparison	in_vivo_tissue	unknown	""	high	liver		TRUE	TRUE	single_sex		single_sex
SRP176410	other | genotype_comparison | conf=medium |  | n=12	genotype/varation	ex:agent=50 nm vitamin d3;ex:agent=none;tissue:other	12	12	8	8	4	4	0.25	0	0	15885.5	2	6	1	1	8	0	0	0	0	generic	-0.44	0.434	-0.888	0.0046	0.0045								3.16	0		1.168	0.287	-0.745	0.872	-0.324	M0,M1,M0perm,M2,M2perm,M4,M5,M4perm,M5perm,M0permw	0	3	0	0.77	0.994	0	0	0	0	0		0.28	0.785	0	0	0	0	0		0.86	0.991	0	0	0																	0	0		0.41	0.807	0	0	0	3	0	0	0.5	0.815	0	0	0	0	36	0	0.42	0.908	0	0	0	3	36	0.083	0.43	0.915	0	0	0	0	0		0.09	0.228	0	0	0	3	0	0	0.09	0.226	0	0	0	0	0		0.23	0.768	0	0	0	3	0	0	0.22	0.764	0	0	0																																	0	192	0	0.4	0.975	0	0	0	0	6	0	0.68	0.988	0	0	0																																	genotype_comparison	ex_vivo_primary_cells	unknown	""	medium	other		TRUE	FALSE	balanced	balanced	balanced
SRP176418	brain_cns | genotype_comparison | conf=high |  | n=23	genotype	tissue:brain_cns	23	18	10	10	4	6	0.6	0.25		16629.5	6	4	3	3	10	0	0	0	10	brain	-1.403	-2.017	0.05	0.0016	0.0011	pubmonth	0.272				0.272	0.272	4.23	3	0.72	1.872	-0.29	-1.048	1.285	-2.647	M0,M1,M0perm,M3,M4,M5,M6,M4perm,M5perm,M6perm,M0permw	3081	877	0.284	0.88	0.995	0	0	0	3081	3146	0.744	0.71	0.991	0	0	0	3081	2977	0.675	0.66	0.982	0	0	0	3081	5	0.002	0.29	0.286	346	0	0	877	5	0.006	0.3	0.297	0	0	0	3081	46	0.015	0.36	0.782	1	0	0	877	46	0.052	0.27	0.775	0	0	0	3081	0	0	0.38	0.725	5	0	0	877	0	0	0.41	0.723	0	0	0	3081	0	0	0.61	0.955	0	0	0	877	0	0	0.67	0.962	0	0	0	3081	6503	0.401	0.1	0.939	0	0	0	877	6503	0.132	0.12	0.949	0	0	0																																																	3081	6916	0.433	0.3	0.977	0	0	1	877	6916	0.127	0.24	0.977	0	0	1	3081	0	0	0.64	0.951	0	0	0	877	0	0	0.7	0.962	0	0	0	genotype_comparison	in_vivo_tissue	unknown	""	high	brain_cns		TRUE	FALSE	mildly_imbalanced		mildly_imbalanced
SRP178051	brain_cns | in_vivo_treatment_arms | conf=high |  | n=19	aav vector	tissue:brain_cns	19	19	15	15	7	8	0.6	0.054		17489	9	6	4	5	0	0	0	0	0	brain	-1.077	1.155	0.96	5e-04	3e-04								5.25	3	0.777	0.174	-0.299	1.144	-0.381	0.228	M0,M1,M0perm,M3,M4,M5,M4perm,M5perm,M0permw	5121	6276	0.813	0.81	0.998	0	0	0	5121	4493	0.868	0.92	1	0	0	0	5121	4984	0.905	0.91	0.999	0	0	0	5121	2840	0.42	0.31	0.853	0	0	0	6276	2840	0.376	0.33	0.852	0	0	0	5121	6912	0.684	0.46	0.987	0	0	0	6276	6912	0.802	0.51	0.989	0	0	0	5121	0	0	0.31	0.787	22	0	0	6276	0	0	0.29	0.783	32	0	0	5121	9905	0.503	0.5	0.978	0	0	2	6276	9905	0.613	0.54	0.983	0	0	2	5121	5786	0.653	0.58	0.976	0	0	0	6276	5786	0.711	0.64	0.98	0	0	0																																																																																	in_vivo_treatment_arms	in_vivo_tissue	both_sexes	""	high	brain_cns		TRUE	FALSE	balanced		balanced
SRP178267	other | genotype_comparison | conf=high |  | n=8	genotype	tissue:other	8	8	8	8	4	4	0.5	0		17294.5	4	4	2	2	8	0	0	0	8	generic	1.214	0.365	0.798	0.0024	0.0011								4.72	0		-0.1	0.017	-0.069	0.367	-0.202	M0,M1,M0perm,M4,M5,M4perm,M5perm,M0permw	244	188	0.742	0.93	0.999	0	0	0	244	209	0.834	0.93	0.998	0	0	0	244	183	0.722	0.95	0.999	0	0	0																	244	604	0.399	0.81	0.973	0	0	0	188	604	0.311	0.8	0.973	0	0	0	244	1316	0.167	0.72	0.449	0	0	0	188	1316	0.138	0.73	0.45	0	0	0	244	124	0.46	0.83	0.822	0	0	0	188	124	0.545	0.82	0.822	0	0	0	244	0	0	0.39	0.246	8	0	0	188	0	0	0.4	0.247	2	0	0																																																																																	genotype_comparison	in_vivo_tissue	unknown	""	high	other		TRUE	FALSE	balanced		balanced
SRP178474	other | in_vivo_treatment_arms | conf=medium |  | n=135	environment	in:tissue=dorsal dentate gyrus;tissue:other	135	135	31	31	16	15	0	0		18293	0	31	0	0	31	0	0	0	31	generic	0.159	-0.301	0.416	5e-04	4e-04								8.31	0		-0.183	0.935	-0.219	0.34	-0.011	M0																																																																																																																																																																																									in_vivo_treatment_arms	in_vivo_tissue	unknown	""	medium	other		TRUE	TRUE	single_sex		single_sex
SRP178890	kidney | in_vivo_treatment_arms | conf=medium |  | n=84	disease state	in:tissue=proximal tubule;tissue:kidney	84	42	14	14	7	7	0.43	0		16079.5	6	8	3	3	0	0	2	0	0	kidney	0.572	1.198	0.903	0	0								10.07	3	0.648		-0.499	0.711	-0.641	0.811	M0,M1,M0perm,M3,M5,M5perm,M0permw	50	100	0.5	0.73	0.993	0	0	0	50	36	0.654	0.76	0.964	0	0	0	50	38	0.725	0.84	0.998	0	0	0	50	874	0.057	0.56	0.962	0	0	0	100	874	0.114	0.63	0.964	0	0	0																	50	195	0.195	0.44	0.687	0	0	0	100	195	0.277	0.48	0.694	0	0	0																	50	0	0	0.58	0.795	0	0	0	100	0	0	0.7	0.802	0	0	0																																																																																	in_vivo_treatment_arms	in_vivo_tissue	both_sexes	""	medium	kidney		TRUE	FALSE	balanced		balanced
SRP178920	tumor | between_subject_case_control | conf=medium | tumor_tissue;pooled_samples | n=14	tissue type	tissue:tumor	14	14	14	14	8	6	1	0		18882	14	0	8	6	14	0	0	0	14	generic	1.741	0.022	0.49	0.0022	0.0021								28.63	0		-0.857	0.877	1.027	-0.659	4.383	M0																																																																																																																																																																																									between_subject_case_control	in_vivo_tissue	female_only	tumor_tissue;pooled_samples	medium	tumor		TRUE	TRUE	single_sex		single_sex
SRP179032	other | genotype_comparison | conf=high |  | n=18	genotype	tissue:other	18	18	18	18	9	9	0	0		15991.5	0	18	0	0	18	0	0	0	18	generic	0.713	0.416	0.583	0.4832	0.4832								5.1	0		0.914	-0.724	0.644	-1.049	-0.39	M0																																																																																																																																																																																									genotype_comparison	in_vivo_tissue	unknown	""	high	other		TRUE	TRUE	single_sex		single_sex
SRP179654	other | in_vivo_treatment_arms | conf=low |  | n=20	eae model	in:organ=lymph node;tissue:other	20	20	12	12	8	4	1	0		16670	12	0	8	4	12	0	0	0	12	generic	0.803	-1.034	1.28	1e-04	1e-04								4.8	0		0.803	-0.167	2.215	-3.246	1.769	M0																																																																																																																																																																																									in_vivo_treatment_arms	in_vivo_tissue	unknown	""	low	other		TRUE	TRUE	single_sex		single_sex
SRP179952	liver | in_vivo_treatment_arms | conf=high |  | n=8	transgene expressed	tissue:liver	8	8	8	8	4	4	0	0		14821.5	0	8	0	0	8	0	0	0	0	liver	-0.175	-0.149	0.669	0.0015	0.0013								8.94	0		0.249	-1.351	-0.428	0.564	-1.102	M0																																																																																																																																																																																									in_vivo_treatment_arms	in_vivo_tissue	unknown	""	high	liver		TRUE	TRUE	single_sex		single_sex
SRP179996	brain_cns | in_vivo_treatment_arms | conf=medium |  | n=24	isolate	tissue:brain_cns	24	24	16	16	8	8	0	0		16127.5	0	16	0	0	0	0	0	0	0	brain	-0.381	-0.045	1.513	1e-04	1e-04								5.51	0		0.375	-0.462	0.15	-0.151	-0.465	M0																																																																																																																																																																																									in_vivo_treatment_arms	in_vivo_tissue	male_only	""	medium	brain_cns		TRUE	TRUE	single_sex		single_sex
SRP180017	blood_immune | in_vivo_treatment_arms | conf=medium |  | n=54	infection status	in:strain/genotype=c57bl/6;tissue:blood_immune	54	54	41	41	18	23	1	0		15606	41	0	18	23	41	0	0	0	41	blood	0.564	0.39	0.288	9e-04	9e-04								8.06	0		-0.139	-0.294	-0.295	-0.201	-0.514	M0																																																																																																																																																																																									in_vivo_treatment_arms	ex_vivo_primary_cells	unknown	""	medium	blood_immune		TRUE	TRUE	single_sex		single_sex
SRP180242	liver | genotype_comparison | conf=medium | tumor_tissue | n=22	genotype/variation	tissue:liver	22	22	11	11	4	7	1	0		16239	11	0	4	7	11	0	0	0	11	liver	1.751	-0.589	1.127	0.0011	0.001	layout	0.571		0.571			0.571	3.92	0		-0.157	1.142	-0.181	-0.491	0.949	M0																																																																																																																																																																																									genotype_comparison	in_vivo_tissue	unknown	tumor_tissue	medium	liver		TRUE	TRUE	single_sex		single_sex
SRP180280	reproductive | genotype_comparison | conf=high |  | n=8	genotype	tissue:reproductive	8	8	8	8	4	4	0	0		16664	0	8	0	0	0	0	0	0	8	generic	-1.34	1.192	-0.534	1e-04	0								14.34	0		0.939	-0.484	-0.403	0.524	0.008	M0																																																																																																																																																																																									genotype_comparison	ex_vivo_primary_cells	male_only	""	high	reproductive		TRUE	TRUE	single_sex		single_sex
SRP180887	blood_immune | in_vivo_treatment_arms | conf=medium | tumor_tissue | n=20	treatment name	in:cell type=macrophage;tissue:blood_immune	20	20	10	10	5	5	1	0		15296.5	10	0	5	5	10	0	0	0	10	blood	0.191	0.298	-0.508	0	0								2.04	0		-0.681	0.974	-0.942	0.808	-0.615	M0																																																																																																																																																																																									in_vivo_treatment_arms	ex_vivo_primary_cells	unknown	tumor_tissue	medium	blood_immune		TRUE	TRUE	single_sex		single_sex
SRP181042	blood_immune | genotype_comparison | conf=high |  | n=8	genotype/variation	tissue:blood_immune	8	8	8	8	4	4	0	0		15020.5	0	8	0	0	8	0	0	0	8	blood	1.08	-0.026	0.949	0.0066	0.0063								1.19	0		-0.173	-0.555	0.216	-0.348	0.742	M0																																																																																																																																																																																									genotype_comparison	ex_vivo_primary_cells	unknown	""	high	blood_immune		TRUE	TRUE	single_sex		single_sex
SRP181125	brain_cns | between_subject_case_control | conf=high |  | n=597	reproductive state	in:tissue=hippocampus;subj:animal identification;tissue:brain_cns	597	80	16	16	8	8	1	0		17426.5	16	0	8	8	16	0	0	0	16	brain	-0.059	0.095	-0.081	7e-04	5e-04								3.75	0		0.488	-0.428	-0.857	0.824	0.5	M0																																																																																																																																																																																									between_subject_case_control	in_vivo_tissue	female_only	""	high	brain_cns		TRUE	TRUE	single_sex		single_sex
SRP181206	other | genotype_comparison | conf=medium |  | n=8	genotype	tissue:other	8	8	8	8	4	4	0.75	0	0	17238.5	6	2	3	3	0	0	0	0	0	generic	0.946	0.277	-1.005	0.001	9e-04								7.57	0		0.064	-0.575	2.776	-2.242	0.862	M0,M1,M0perm,M2,M2perm,M4,M5,M4perm,M5perm,M0permw	0	0		0.64	0.988	0	0	0	0	0		0.31	0.823	0	0	0	0	0		0.75	0.993	0	0	0																	0	0		0.3	0.873	0	0	0	0	0		0.42	0.879	0	0	0	0	0		0.23	0.658	0	0	0	0	0		0.29	0.671	0	0	0	0	0		0.26	0.846	0	0	0	0	0		0.34	0.853	0	0	0	0	0		0.48	0.929	0	0	0	0	0		0.52	0.92	0	0	0																																	0	6	0	0.38	0.962	0	0	0	0	0		0.49	0.933	0	0	0																																	genotype_comparison	in_vivo_tissue	male_only	""	medium	other		TRUE	FALSE	balanced	balanced	balanced
SRP181566	other | in_vivo_treatment_arms | conf=high |  | n=10	treatment	tissue:other	10	10	10	10	5	5	1	0		18547.5	10	0	5	5	0	0	0	0	10	generic	0.019	0.621	-0.252	0.0056	0.0047								6.42	0		-0.641	-0.161	0.173	-1.085	0.315	M0																																																																																																																																																																																									in_vivo_treatment_arms	in_vivo_tissue	female_only	""	high	other		TRUE	TRUE	single_sex		single_sex
SRP181622	brain_cns | in_vivo_treatment_arms | conf=high |  | n=336	group	in:tissue=prefrontal cortex;tissue:brain_cns	336	64	16	16	8	8	0	0		17556	0	16	0	0	0	0	0	0	0	brain	0.54	-0.166	-0.05	0.2068	0.2067								19.35	0		-0.374	-0.299	-0.015	0.028	-0.366	M0																																																																																																																																																																																									in_vivo_treatment_arms	in_vivo_tissue	male_only	""	high	brain_cns		TRUE	TRUE	single_sex		single_sex
SRP181809	blood_immune | genotype_comparison | conf=medium |  | n=84	genotype	in:age=10 weeks;tissue:blood_immune	84	84	45	45	21	24	0.53	0.196		15271	24	21	9	15	45	0	0	0	0	blood	-0.478	-0.012	0.529	0.0014	0.0014								6.28	5	0.159	0.419	-0.074	0.347	-0.452	-0.53	M0,M1,M0perm,M3,M4,M5,M4perm,M5perm,M0permw	92	83	0.823	0.9	0.961	0	0	0	92	96	0.918	0.97	0.998	0	0	0	92	78	0.809	0.95	0.978	0	0	0	92	1010	0.091	0.55	0.871	0	0	0	83	1010	0.082	0.5	0.751	0	0	0	92	133	0.585	0.75	0.799	0	0	0	83	133	0.6	0.8	0.86	0	0	0	92	147	0.562	0.73	0.88	0	0	0	83	147	0.533	0.74	0.896	0	0	0	92	100	0.794	0.87	0.941	0	0	0	83	100	0.83	0.91	0.971	0	0	0	92	90	0.784	0.88	0.948	0	0	0	83	90	0.821	0.9	0.979	0	0	0																																																																																	genotype_comparison	ex_vivo_primary_cells	unknown	""	medium	blood_immune		TRUE	FALSE	mildly_imbalanced		mildly_imbalanced
SRP181854	brain_cns | genotype_comparison | conf=medium |  | n=32	genotype	tissue:brain_cns	32	32	32	32	16	16	0	0		15839.5	0	32	0	0	32	0	0	0	0	brain	-0.463	0.706	-0.067	0.0026	0.0015								13.57	0		-0.292	-0.108	1.263	-1.22	0.104	M0																																																																																																																																																																																									genotype_comparison	in_vivo_tissue	unknown	""	medium	brain_cns		TRUE	TRUE	single_sex		single_sex
SRP181939	gut | genotype_comparison | conf=high |  | n=15	group	tissue:gut	15	15	10	10	5	5	0.4	0.4		18700.5	4	6	3	1	10	0	0	0	10	gut	-0.844	1.094	-0.247	0.0173	0.012								2.9	3	0.188	-1.097	-1.08	-1.391	1.505	-0.396	M0,M1,M0perm,M3,M4,M5,M7,M4perm,M5perm,M7perm,M0permw	9	1	0.111	0.64	0.966	0	0	0	9	3	0.333	0.64	0.951	0	0	0	9	5	0.556	0.66	0.949	0	0	0	9	21	0.304	0.33	0.364	0	0	0	1	21	0.048	0.29	0.252	0	0	0	9	0	0	0.2	0.822	0	0	0	1	0	0	0.31	0.885	0	0	0	9	1	0.111	0.4	0.559	0	0	0	1	1	1	0.44	0.616	0	0	0	9	0	0	0.23	0.596	0	0	0	1	0	0	0.24	0.647	0	0	0	9	1	0.111	0.57	0.965	0	0	0	1	1	1	0.74	0.994	0	0	0	9	1	0.111	0.62	0.964	0	0	0	1	1	1	0.88	0.999	0	0	0	9	1	0.111	0.62	0.967	0	0	0	1	1	1	0.82	0.998	0	0	0																																																	genotype_comparison	in_vivo_tissue	unknown	""	high	gut		TRUE	FALSE	partially_confounded		partially_confounded
SRP182089	brain_cns | genotype_comparison | conf=medium | pooled_samples | n=48	genotype	in:tissue=l4 dorsal root ganglia contralateral to sciatic nerve crush;tissue:brain_cns	48	48	24	24	12	12	0.5	0		16522	12	12	6	6	0	0	0	0	0	brain	-0.054	1.271	-2.266	0	0								5.07	5	0.366	1.65	-0.707	0.306	-0.468	0.111	M0,M1,M0perm,M3,M4,M5,M4perm,M5perm,M0permw	6964	7056	0.94	0.91	0.997	0	0	2	6964	6089	0.77	0.86	0.975	0	0	4	6964	6880	0.957	0.93	0.999	0	0	0	6964	7480	0.793	0.66	0.972	0	0	1	7056	7480	0.794	0.65	0.972	2	2	1	6964	4034	0.535	0.77	0.933	9	0	0	7056	4034	0.533	0.77	0.935	9	2	0	6964	4972	0.647	0.82	0.956	0	0	2	7056	4972	0.651	0.84	0.958	0	2	2	6964	6334	0.848	0.87	0.992	0	0	3	7056	6334	0.863	0.92	0.995	0	2	3	6964	6788	0.844	0.87	0.988	0	0	2	7056	6788	0.864	0.9	0.991	0	2	2																																																																																	genotype_comparison	ex_vivo_primary_cells	both_sexes	pooled_samples	medium	brain_cns		TRUE	FALSE	balanced		balanced
SRP182095	other | genotype_comparison | conf=high |  | n=24	genotype	tissue:other	24	12	8	8	4	4	0.75	0.5		15232	6	2	4	2	0	0	2	0	8	generic	2.091	0.751	0.558	0	0								1.45	0		1.805	0.656	0.373	-0.124	0.856	M0,M1,M0perm,M4,M5,M4perm,M5perm,M0permw	2	0	0	0.73	0.784	0	0	0	2	0	0	0.73	0.784	0	0	0	2	0	0	0.7	0.892	0	0	0																	2	0	0	0.22	0.306	0	0	0	0	0		0.17	0.519	0	0	0	2	0	0	0.22	0.255	0	0	0	0	0		0.18	0.43	0	0	0	2	0	0	0.11	0.595	0	0	0	0	0		0.15	0.627	0	0	0	2	0	0	0.13	0.711	0	0	0	0	0		0.12	0.792	0	0	0																																																																																	genotype_comparison	ex_vivo_primary_cells	male_only	""	high	other		TRUE	FALSE	partially_confounded		partially_confounded
SRP182655	skin | genotype_comparison | conf=high |  | n=37	condition	tissue:skin	37	18	11	11	4	7	0	0		15726	0	11	0	0	11	0	0	0	11	generic	1.424	0.144	-2.225	1e-04	0	readlen	0.625					0.625	5.58	0		-0.331	-1.173	-0.491	0.539	-1.052	M0																																																																																																																																																																																									genotype_comparison	in_vivo_tissue	unknown	""	high	skin		TRUE	TRUE	single_sex		single_sex
SRP183070	brain_cns | genotype_comparison | conf=high |  | n=142	genotype/variation	in:mouse_model=rtg4510;subj:sample_id;tissue:brain_cns	142	121	59	59	29	30	1	0	0.105	17360	59	0	29	30	59	0	0	0	0	brain	-0.575	1.977	0.121	2e-04	2e-04								11.36	0		-0.749	-0.075	0.194	-0.122	-0.36	M0																																																																																																																																																																																									genotype_comparison	in_vivo_tissue	unknown	""	high	brain_cns		TRUE	TRUE	single_sex	balanced	single_sex
SRP183456	reproductive | genotype_comparison | conf=high |  | n=9	genotype	tissue:reproductive	9	9	9	9	4	5	0.33	0.15		16554	3	6	1	2	0	0	6	0	0	generic	-0.657	-1.408	-0.822	0.0165	0.0146								4.11	0		0.747	-0.361	-0.99	0.66	-0.761	M0,M1,M0perm,M4,M5,M7,M4perm,M5perm,M7perm,M0permw	0	0		0.76	0.983	0	0	0	0	0		0.77	0.984	0	0	0	0	0		0.83	0.992	0	0	0																	0	1	0	0.2	0.795	0	0	0	0	1	0	0.19	0.797	0	0	0	0	0		0.16	0.583	0	0	0	0	0		0.17	0.623	0	0	0	0	0		0.54	0.935	0	0	0	0	0		0.6	0.95	0	0	0	0	0		0.61	0.954	0	0	0	0	0		0.67	0.966	0	0	0	0	0		0.31	0.843	0	0	0	0	0		0.36	0.886	0	0	0	0	0		0.53	0.899	0	0	0	0	0		0.59	0.915	0	0	0																																																	genotype_comparison	in_vivo_tissue	male_only	""	high	reproductive		TRUE	FALSE	mildly_imbalanced		mildly_imbalanced
SRP183512	tumor | genotype_comparison | conf=medium | tumor_tissue | n=18	genotype/variation	in:cell subtype=cd8+ t cells from tumors;tissue:tumor	18	18	9	9	5	4	0	0		15500	0	9	0	0	9	0	0	0	9	generic	-2.196	-0.049	-0.318	5e-04	5e-04								4.88	0		-0.761	-1.622	-0.757	0.582	1.058	M0																																																																																																																																																																																									genotype_comparison	ex_vivo_primary_cells	unknown	tumor_tissue	medium	tumor		TRUE	TRUE	single_sex		single_sex
SRP183821	liver | in_vivo_treatment_arms | conf=high |  | n=10	genotype/variation	tissue:liver	10	10	10	10	5	5	0	0		14736	0	10	0	0	10	0	0	0	0	liver	0.019	-0.832	0.214	0.0017	0.0011								1.79	0		-0.36	0.481	0.672	-0.551	-0.124	M0																																																																																																																																																																																									in_vivo_treatment_arms	in_vivo_tissue	unknown	""	high	liver		TRUE	TRUE	single_sex		single_sex
SRP184641	blood_immune | between_subject_case_control | conf=medium | tumor_tissue | n=44	genotype	in:tissue=mammary gland;tissue:blood_immune	44	44	12	12	6	6	1	0		16175	12	0	6	6	12	0	0	0	12	blood	-1.01	-2.135	0.141	0	0								20.43	0		-0.201	0.557	0.484	0.279	-0.21	M0																																																																																																																																																																																									between_subject_case_control	ex_vivo_primary_cells	female_only	tumor_tissue	medium	blood_immune		TRUE	TRUE	single_sex		single_sex
SRP185546	blood_immune | genotype_comparison | conf=medium |  | n=24	genoytpe	tissue:blood_immune	24	24	24	22	10	12	0.73	0.133		15877.5	16	6	8	8	22	0	0	2	22	blood	-0.22	0.126	2.231	0.0013	0.0013	readlen	0.239					0.239	26.09	5	0.214	0.525	0.379	-0.083	0.294	-0.155	M0,M1,M0perm,M3,M4,M5,M6,M4perm,M5perm,M6perm,M0permw	9	12	0.75	0.75	0.979	0	0	0	9	11	0.818	0.71	0.96	0	0	0	9	10	0.9	0.8	0.978	0	0	0	9	34	0.194	0.34	0.657	0	0	0	12	34	0.211	0.3	0.602	0	0	0	9	8	0.7	0.48	0.897	0	0	0	12	8	0.538	0.59	0.937	0	0	0	9	11	0.818	0.68	0.955	0	0	0	12	11	0.769	0.73	0.974	0	0	0	9	12	0.75	0.65	0.962	0	0	0	12	12	0.714	0.79	0.984	0	0	0	9	10	0.9	0.52	0.837	0	0	0	12	10	0.692	0.56	0.87	0	0	0																																																	9	7	0.778	0.57	0.832	0	0	0	12	7	0.583	0.59	0.813	0	0	0	9	11	0.818	0.63	0.944	0	0	0	12	11	0.769	0.76	0.97	0	0	0	genotype_comparison	ex_vivo_primary_cells	unknown	""	medium	blood_immune		TRUE	FALSE	balanced		balanced
SRP185578	heart | genotype_comparison | conf=high |  | n=8	genotype	tissue:heart	8	8	8	8	4	4	0.5	0.5		17216.5	4	4	1	3	8	0	0	0	8	heart	-2.766	0.316	0.976	4e-04	4e-04								1.42	0		-2.916	0.402	0.179	-0.161	-1.332	M0,M1,M0perm,M4,M5,M4perm,M5perm,M0permw	138	105	0.609	0.77	0.894	0	0	0	138	123	0.752	0.89	0.998	0	0	0	138	70	0.396	0.73	0.952	0	0	0																	138	31	0.19	0.51	0.529	0	0	0	105	31	0.248	0.54	0.518	0	0	0	138	2	0.007	0.07	0.028	6	0	0	105	2	0.009	0.06	0.017	1	0	0	138	0	0	0.69	0.683	0	0	0	105	0	0	0.73	0.782	0	0	0	138	67	0.404	0.7	0.712	0	0	0	105	67	0.522	0.74	0.787	0	0	0																																																																																	genotype_comparison	in_vivo_tissue	unknown	""	high	heart		TRUE	FALSE	partially_confounded		partially_confounded
SRP185583	adipose | in_vivo_treatment_arms | conf=medium |  | n=152	diet	tissue:adipose	152	38	38	31	7	24	0.61	0.423		15341	19	12	2	17	31	0	0	7	31	adipose	0.593	0.836	0.477	0.0233	0.0233	platform	0.265	0.265					23.88	5	0.155	0.721	-0.041	-0.561	0.796	0.437	M0,M1,M0perm,M3,M4,M5,M6,M7,M4perm,M5perm,M6perm,M7perm,M0permw	160	119	0.567	0.78	0.937	0	0	0	160	132	0.814	0.96	0.994	0	0	0	160	101	0.563	0.83	0.948	0	0	0	160	223	0.514	0.7	0.877	0	0	0	119	223	0.443	0.69	0.831	0	0	0	160	121	0.471	0.71	0.814	0	0	0	119	121	0.611	0.73	0.887	0	0	0	160	77	0.339	0.64	0.859	0	0	0	119	77	0.38	0.64	0.887	0	0	0	160	86	0.5	0.77	0.912	0	0	0	119	86	0.653	0.84	0.965	0	0	0	160	73	0.421	0.73	0.922	0	0	0	119	73	0.561	0.86	0.972	0	0	0	160	104	0.526	0.79	0.937	0	0	0	119	104	0.828	0.96	0.995	0	0	0	160	115	0.519	0.76	0.922	0	0	0	119	115	0.759	0.89	0.988	0	0	0																	160	126	0.521	0.71	0.916	0	0	0	119	126	0.788	0.87	0.986	0	0	0	160	109	0.546	0.81	0.935	0	0	0	119	109	0.884	0.96	0.997	0	0	0	in_vivo_treatment_arms	ex_vivo_primary_cells	male_only	""	medium	adipose		TRUE	FALSE	partially_confounded		partially_confounded
SRP185733	reproductive | genotype_comparison | conf=medium | mixed_organisms | n=44	pregnancy type code	in:tissue=placenta;tissue:reproductive	44	44	19	18	8	10	0.39	0.425		14926	7	11	5	2	18	0	0	1	18	generic	-0.239	1.364	-0.75	0.0733	0.0567								0.34	3	0.103	0.772	-0.16	-0.134	-0.853	0.246	M0,M1,M0perm,M3,M4,M5,M7,M4perm,M5perm,M7perm,M0permw	2894	1709	0.579	0.94	0.952	0	3	0	2894	2798	0.914	0.93	0.998	0	3	2	2894	2758	0.739	0.95	0.976	0	3	2	2894	5651	0.505	0.93	0.965	0	3	4	1709	5651	0.3	0.9	0.927	0	0	4	2894	1862	0.51	0.85	0.926	0	3	0	1709	1862	0.631	0.86	0.943	0	0	0	2894	2371	0.449	0.9	0.847	2	3	0	1709	2371	0.504	0.92	0.908	0	0	0	2894	1440	0.469	0.9	0.925	0	3	0	1709	1440	0.762	0.91	0.975	0	0	0	2894	1350	0.462	0.94	0.952	0	3	0	1709	1350	0.775	0.96	0.988	0	0	0	2894	1404	0.477	0.92	0.951	0	3	0	1709	1404	0.767	0.94	0.978	0	0	0	2894	1254	0.417	0.91	0.912	0	3	0	1709	1254	0.665	0.96	0.936	0	0	0																																																	genotype_comparison	in_vivo_tissue	both_sexes	mixed_organisms	medium	reproductive		TRUE	FALSE	partially_confounded		partially_confounded
SRP185805	liver | between_subject_case_control | conf=medium |  | n=84	diabetes	tissue:liver	84	84	84	84	27	57	0.51	0.372		14778.5	43	41	7	36	0	3	2	0	84	liver	0.428	-0.304	0.412	0.0073	0.0072								7.43	5	0.779	0.006	-0.247	-0.128	0.214	0.11	M0,M1,M0perm,M3,M4,M5,M4perm,M5perm,M0permw	0	0		0.27	0.797	0	0	0	0	0		0.93	0.999	0	0	0	0	0		0.57	0.93	0	0	0	0	0		0.22	0.698	0	0	0	0	0		0.4	0.852	0	0	0	0	0		0.27	0.824	0	0	0	0	0		0.77	0.981	0	0	0	0	0		0.26	0.675	0	0	0	0	0		0.56	0.817	0	0	0	0	0		0.26	0.814	0	0	0	0	0		0.78	0.983	0	0	0	0	0		0.25	0.783	0	0	0	0	0		0.77	0.978	0	0	0																																																																																	between_subject_case_control	in_vivo_tissue	both_sexes	""	medium	liver		TRUE	FALSE	partially_confounded		partially_confounded
SRP185829	blood_immune | in_vivo_treatment_arms | conf=medium | pooled_samples | n=48	treatment	ex:treatment=none;subj:unique sample identifier;tissue:blood_immune	48	12	8	8	4	4	1	0		15815	8	0	4	4	8	0	0	0	8	blood	-0.255	0.062	0.822	0	0								7.62	0		-0.157	0.04	0.363	-0.426	2.156	M0																																																																																																																																																																																									in_vivo_treatment_arms	in_vivo_tissue	unknown	pooled_samples	medium	blood_immune		TRUE	TRUE	single_sex		single_sex
SRP185854	brain_cns | genotype_comparison | conf=high | pooled_samples | n=12	genotype/variation	tissue:brain_cns	12	12	12	12	6	6	1	0		17593	12	0	6	6	12	0	0	0	12	brain	-0.181	0.877	0.213	2e-04	1e-04								1.64	0		-0.221	-0.033	0.175	-0.17	0.528	M0																																																																																																																																																																																									genotype_comparison	ex_vivo_primary_cells	unknown	pooled_samples	high	brain_cns		TRUE	TRUE	single_sex		single_sex
SRP185884	brain_cns | genotype_comparison | conf=high |  | n=48	genotype	in:tissue=cortex;tissue:brain_cns	48	48	16	16	8	8	0.5	0	0	17432.5	8	8	4	4	0	0	0	0	0	brain	-0.212	-0.073	0.548	0.0016	0.0015								5.77	3	0.075	0.437	-0.36	0.246	-0.243	0.004	M0,M1,M0perm,M3,M4,M5,M4perm,M5perm,M0permw	30	31	0.906	0.89	0.999	0	0	0	30	22	0.733	0.65	0.896	0	0	0	30	31	0.968	0.89	0.999	0	0	0	30	39	0.725	0.6	0.577	0	0	0	31	39	0.707	0.59	0.575	0	0	0	30	39	0.769	0.57	0.943	0	0	0	31	39	0.795	0.55	0.944	0	0	0	30	25	0.774	0.79	0.982	0	0	0	31	25	0.806	0.86	0.982	0	0	0	30	15	0.452	0.59	0.862	0	0	0	31	15	0.438	0.66	0.863	0	0	0	30	29	0.844	0.83	0.96	0	0	0	31	29	0.935	0.87	0.961	0	0	0																																																																																	genotype_comparison	in_vivo_tissue	both_sexes	""	high	brain_cns		TRUE	FALSE	balanced	balanced	balanced
SRP186066	other | genotype_comparison | conf=high |  | n=8	genotype	tissue:other	8	8	8	8	4	4	0.75	0		17592	6	2	3	3	8	0	0	0	0	generic	0.435	-1.169	0.636	7e-04	5e-04								3.91	0		0.938	-0.531	0.577	-0.518	0.321	M0,M1,M0perm,M4,M5,M4perm,M5perm,M0permw	355	312	0.788	0.83	0.998	0	0	0	355	287	0.393	0.61	0.903	0	0	0	355	245	0.648	0.91	0.999	0	0	0																	355	212	0.36	0.5	0.869	0	0	0	312	212	0.409	0.54	0.869	0	0	0	355	32	0.069	0.43	0.64	0	0	0	312	32	0.082	0.49	0.638	0	0	0	355	0	0	0.26	0.261	0	0	0	312	0	0	0.32	0.259	0	0	0	355	1	0.003	0.58	0.687	0	0	0	312	1	0.003	0.59	0.689	0	0	0																																																																																	genotype_comparison	in_vivo_tissue	unknown	""	high	other		TRUE	FALSE	balanced		balanced
SRP186132	brain_cns | in_vivo_treatment_arms | conf=high |  | n=24	treatment	tissue:brain_cns	24	24	12	12	6	6	0.5	0		18818.5	6	6	3	3	0	0	0	0	0	brain	-0.827	0.047	-0.217	2e-04	1e-04								3.19	3	0.907	0.569	-0.419	-0.375	0.334	0.033	M0,M1,M0perm,M3,M4,M5,M4perm,M5perm,M0permw	0	0		0.52	0.997	0	0	0	0	0		0.06	0.722	0	0	0	0	0		0.79	0.998	0	0	0	0	0		0.32	0.85	0	0	0	0	0		0.27	0.853	0	0	0	0	0		0.23	0.932	0	0	0	0	0		0.58	0.934	0	0	0	0	0		0.23	0.864	0	0	0	0	0		0.36	0.864	0	0	0	0	0		0.21	0.878	0	0	0	0	0		0.55	0.879	0	0	0	0	0		0.36	0.975	0	0	0	0	0		0.68	0.976	0	0	0																																																																																	in_vivo_treatment_arms	in_vivo_tissue	both_sexes	""	high	brain_cns		TRUE	FALSE	balanced		balanced
SRP186214	lung | between_subject_case_control | conf=medium | tumor_tissue | n=16	phenotype	subj:isolate;tissue:lung	16	16	16	16	12	4	0.81	0.25		18093	13	3	9	4	0	3	4	0	0	lung	1.476	-0.861	-0.624	0.0502	0.05								6.29	2	0.248	0.56	-1.283	-0.384	0.33	-0.678	M0,M1,M0perm,M3,M4,M5,M7,M4perm,M5perm,M7perm,M0permw	2939	2742	0.737	0.75	0.979	0	4	5	2939	2768	0.685	0.75	0.972	0	4	4	2939	4086	0.686	0.82	0.989	0	4	4	2939	830	0.22	0.59	0.763	0	4	4	2742	830	0.235	0.59	0.73	1	5	4	2939	695	0.226	0.7	0.926	0	4	5	2742	695	0.246	0.76	0.938	0	5	5	2939	1110	0.237	0.47	0.828	2	4	3	2742	1110	0.275	0.59	0.895	0	5	3	2939	1606	0.517	0.74	0.98	0	4	5	2742	1606	0.577	0.89	0.992	0	5	5	2939	2296	0.654	0.77	0.974	0	4	5	2742	2296	0.773	0.86	0.997	0	5	5	2939	98	0.032	0.71	0.762	5	4	2	2742	98	0.035	0.83	0.734	4	5	2	2939	2189	0.661	0.77	0.98	0	4	5	2742	2189	0.79	0.96	0.999	0	5	5																																																	between_subject_case_control	in_vivo_tissue	both_sexes	tumor_tissue	medium	lung		TRUE	FALSE	mildly_imbalanced		mildly_imbalanced
SRP186363	other | in_vivo_treatment_arms | conf=high | pooled_samples | n=13	agent	tissue:other	13	13	13	11	6	5	0.09	0.2		15417	1	10	0	1	11	0	0	2	5	generic	0.578	0.183	0.407	5e-04	5e-04								9.88	2	0.077	0.196	0.137	-0.579	0.56	-0.073	M0,M1,M0perm,M3,M4,M5,M4perm,M5perm,M0permw	2892	2203	0.705	0.66	0.978	0	0	0	2892	2375	0.69	0.75	0.973	0	0	0	2892	2054	0.669	0.8	0.972	0	0	0	2892	2	0.001	0.01	0.291	1132	0	0	2203	2	0.001	0.01	0.299	819	0	0	2892	930	0.262	0.27	0.967	0	0	0	2203	930	0.356	0.42	0.987	0	0	0	2892	2047	0.495	0.13	0.954	0	0	0	2203	2047	0.489	0.3	0.973	0	0	0	2892	11	0.001	0.19	0.938	0	0	0	2203	11	0.005	0.36	0.961	0	0	0	2892	86	0.015	0.07	0.925	0	0	0	2203	86	0.024	0.23	0.954	0	0	0																																																																																	in_vivo_treatment_arms	ex_vivo_primary_cells	unknown	pooled_samples	high	other		TRUE	FALSE	mildly_imbalanced		mildly_imbalanced
SRP186391	brain_cns | genotype_comparison | conf=high |  | n=18	genotype	tissue:brain_cns	18	9	9	9	4	5	1	0	0	18734	9	0	4	5	0	0	0	0	0	brain	1.432	-0.896	-0.75	0	0								15.51	0		1.345	-0.852	-0.828	0.816	-0.781	M0																																																																																																																																																																																									genotype_comparison	in_vivo_tissue	female_only	""	high	brain_cns		TRUE	TRUE	single_sex	balanced	single_sex
SRP186486	blood_immune | between_subject_case_control | conf=medium | tumor_tissue | n=40	disease	in:cell type=epithelial cells;tissue:blood_immune	40	40	8	8	4	4	0.62	0.75		14458.5	5	3	1	4	8	0	0	0	8	blood	1.07	-0.076	2.839	1e-04	1e-04								20.56	0		-0.758	-1.121	0.194	-0.401	0.585	M0,M1,M0perm,M4,M5,M4perm,M5perm,M0permw	4639	1671	0.355	0.54	0.926	6	1	0	4639	4128	0.814	0.86	0.986	0	1	1	4639	2956	0.488	0.36	0.87	10	1	0																	4639	1245	0.266	0.4	0.894	10	1	0	1671	1245	0.662	0.55	0.966	0	0	0	4639	1105	0.237	0.4	0.903	5	1	0	1671	1105	0.616	0.56	0.952	0	0	0	4639	622	0.132	0.63	0.853	19	1	0	1671	622	0.33	0.46	0.882	0	0	0	4639	1848	0.379	0.39	0.9	7	1	1	1671	1848	0.744	0.47	0.971	0	0	1																																																																																	between_subject_case_control	ex_vivo_primary_cells	unknown	tumor_tissue	medium	blood_immune		TRUE	FALSE	partially_confounded		partially_confounded
SRP186507	blood_immune | in_vivo_treatment_arms | conf=medium |  | n=39	treatment	in:organ of origin=bone marrow;tissue:blood_immune	39	39	21	21	8	13	1	0		14485	21	0	8	13	21	0	0	0	21	blood	0.951	0.387	0.32	4e-04	4e-04	pubmonth	0.192				0.192		9.73	0		-0.112	0.522	0.254	-0.081	-0.048	M0																																																																																																																																																																																									in_vivo_treatment_arms	ex_vivo_primary_cells	unknown	""	medium	blood_immune		TRUE	TRUE	single_sex		single_sex
SRP186761	tumor | in_vivo_treatment_arms | conf=high | tumor_tissue | n=8	agent	tissue:tumor	8	8	8	8	4	4	1	0		15779.5	8	0	4	4	8	0	0	0	8	generic	1.87	1.486	0.529	0.0016	0.001								0.97	0		2.694	-1.084	0.914	-0.285	1.97	M0																																																																																																																																																																																									in_vivo_treatment_arms	in_vivo_tissue	unknown	tumor_tissue	high	tumor		TRUE	TRUE	single_sex		single_sex
SRP186885	gut | in_vivo_treatment_arms | conf=high |  | n=19	condition	tissue:gut	19	19	19	19	9	10	1	0		16973	19	0	9	10	0	4	0	0	19	gut	-1.217	-0.772	1.065	1e-04	1e-04								3.46	0		-0.735	0.435	0.436	-0.461	-1.103	M0																																																																																																																																																																																									in_vivo_treatment_arms	in_vivo_tissue	female_only	""	high	gut		TRUE	TRUE	single_sex		single_sex
SRP186988	liver | in_vivo_treatment_arms | conf=medium |  | n=12	replicate	tissue:liver	12	12	12	12	6	6	0.5	0		14368.5	6	6	3	3	0	0	0	0	0	liver	-0.114	0.102	0.281	2e-04	2e-04								2.53	1	0.986	0.792	0.042	-0.333	0.198	-0.48	M0,M1,M0perm,M3,M4,M5,M4perm,M5perm,M0permw	0	13	0	0.61	0.99	0	0	0	0	0		0.85	0.998	0	0	0	0	0		0.81	0.998	0	0	0	0	11	0	0.66	0.98	0	0	0	13	11	0.714	0.81	0.983	0	0	0	0	133	0	0.2	0.809	0	0	0	13	133	0.09	0.24	0.817	0	0	0	0	13	0	0.53	0.983	0	0	0	13	13	0.529	0.74	0.993	0	0	0	0	10	0	0.53	0.979	0	0	0	13	10	0.353	0.77	0.989	0	0	0	0	25	0	0.56	0.983	0	0	0	13	25	0.462	0.78	0.993	0	0	0																																																																																	in_vivo_treatment_arms	in_vivo_tissue	both_sexes	""	medium	liver		TRUE	FALSE	balanced		balanced
SRP186992	heart | time_course | conf=medium |  | n=24	time post surgery	tissue:heart	24	24	16	16	8	8	0	0		14426	0	16	0	0	16	0	0	0	16	heart	-1.541	2.03	-0.461	0.0053	0.005								5.18	0		0.126	0.227	0.149	0.143	0.602	M0																																																																																																																																																																																									time_course	in_vivo_tissue	unknown	""	medium	heart		TRUE	TRUE	single_sex		single_sex
SRP187003	adipose | genotype_comparison | conf=high |  | n=96	genotype	in:tissue=ibat;tissue:adipose	96	96	48	48	24	24	0	0		15954.5	0	48	0	0	0	0	0	0	48	adipose	1.621	1.549	0.354	0.0035	0.0035								4.59	0		-2.531	2.479	1.09	-0.926	0.482	M0																																																																																																																																																																																									genotype_comparison	in_vivo_tissue	male_only	""	high	adipose		TRUE	TRUE	single_sex		single_sex
SRP187080	liver | genotype_comparison | conf=high |  | n=12	genotype	tissue:liver	12	12	12	12	6	6	0	0		15040.5	0	12	0	0	0	0	0	0	12	liver	0.451	-0.262	-0.101	0.0017	0.0014								2.65	0		-1.445	0.678	-0.522	0.441	0.413	M0																																																																																																																																																																																									genotype_comparison	in_vivo_tissue	male_only	""	high	liver		TRUE	TRUE	single_sex		single_sex
SRP187730	muscle | genotype_comparison | conf=high |  | n=24	strain	tissue:muscle	24	12	12	12	6	6	0	0		15415.5	0	12	0	0	0	0	0	0	0	muscle	1.027	2.582	-0.633	0.0016	0.0012								1.28	0		-4.944	4.206	5.215	-5.506	1.168	M0																																																																																																																																																																																									genotype_comparison	in_vivo_tissue	male_only	""	high	muscle		TRUE	TRUE	single_sex		single_sex
SRP187855	brain_cns | in_vivo_treatment_arms | conf=low |  | n=106	behavior	in:source_name=anterior dorsal cerebellar vermis;tissue:brain_cns	106	106	46	46	26	20	0.41	0.154		16829	19	27	9	10	46	0	0	0	0	brain	-0.05	0.094	0.25	0.0022	0.0022	pubmonth	0.17				0.17		66.03	5	0.193	0.299	-0.389	0.115	-0.273	0.776	M0,M1,M0perm,M3,M4,M5,M6,M4perm,M5perm,M6perm,M0permw	56	41	0.59	0.78	0.956	0	0	0	56	29	0.518	0.85	0.988	0	0	0	56	46	0.759	0.89	0.995	0	0	0	56	3913	0.014	0.33	0.775	0	0	0	41	3913	0.01	0.35	0.878	0	0	0	56	120	0.408	0.69	0.866	0	0	0	41	120	0.342	0.79	0.939	0	0	0	56	72	0.506	0.76	0.938	0	0	0	41	72	0.548	0.79	0.976	0	0	0	56	28	0.474	0.82	0.952	0	0	0	41	28	0.683	0.85	0.973	0	0	0	56	33	0.508	0.72	0.881	0	0	0	41	33	0.762	0.88	0.967	0	0	0																																																	56	30	0.483	0.79	0.965	0	0	0	41	30	0.732	0.93	0.988	0	0	0	56	38	0.567	0.75	0.916	0	0	0	41	38	0.795	0.93	0.989	0	0	0	in_vivo_treatment_arms	in_vivo_tissue	unknown	""	low	brain_cns		TRUE	FALSE	mildly_imbalanced		mildly_imbalanced
SRP187976	adipose | genotype_comparison | conf=high |  | n=12	replicate	tissue:adipose	12	12	12	12	6	6	0	0		17634.5	0	12	0	0	0	0	0	0	0	adipose	-0.895	-0.023	-0.975	0.0013	9e-04								5.83	0		0.433	-1.793	1.091	-1.25	1.35	M0																																																																																																																																																																																									genotype_comparison	in_vivo_tissue	male_only	""	high	adipose		TRUE	TRUE	single_sex		single_sex
SRP188076	other | genotype_comparison | conf=high |  | n=30	genotype	in:treatment=untreated;tissue:other	30	30	18	18	9	9	0	0	0	17697.5	0	18	0	0	0	0	0	0	0	generic	0.807	0.459	-0.434	1e-04	1e-04								41.18	0		-0.015	-0.006	-0.04	0.098	-0.135	M0																																																																																																																																																																																									genotype_comparison	in_vivo_tissue	both_sexes	""	high	other		TRUE	TRUE	single_sex	balanced	single_sex
SRP188087	other | genotype_comparison | conf=high |  | n=19	genotype	tissue:other	19	19	19	19	10	9	0	0		16572	0	19	0	0	19	0	0	0	19	generic	1.621	-0.598	0.489	0.0919	0.091								6.33	0		-1.051	-0.05	-0.127	0.263	1.34	M0																																																																																																																																																																																									genotype_comparison	in_vivo_tissue	unknown	""	high	other		TRUE	TRUE	single_sex		single_sex
SRP188147	brain_cns | in_vivo_treatment_arms | conf=high |  | n=20	treatment	in:treatment length=4 weeks;tissue:brain_cns	20	20	10	10	5	5	0	0		12950.5	0	10	0	0	10	0	0	0	10	brain	0.357	-0.299	-1.658	1e-04	1e-04								3.51	0		0.018	0.397	-0.877	0.668	1.391	M0																																																																																																																																																																																									in_vivo_treatment_arms	in_vivo_tissue	male_only	""	high	brain_cns		TRUE	TRUE	single_sex		single_sex
SRP188207	brain_cns | genotype_comparison | conf=medium |  | n=132	genotype	in:source_name=forebrain tissue;in:cellular fraction=whole-cell;tissue:brain_cns	132	132	30	30	10	20	0	0	1.378	16995	0	30	0	0	0	0	0	0	0	brain	-0.726	-0.502	-0.045	0.0012	9e-04								3.73	0		1.734	-1.028	0.97	-0.853	0.832	M0																																																																																																																																																																																									genotype_comparison	in_vivo_tissue	both_sexes	""	medium	brain_cns		TRUE	TRUE	single_sex	partially_confounded	single_sex
SRP188236	heart | genotype_comparison | conf=high |  | n=8	genotype/variation	tissue:heart	8	8	8	8	4	4	0	0		16759	0	8	0	0	8	0	0	0	0	heart	-0.223	0.731	-0.429	0.0014	5e-04								1.59	0		-0.366	-0.055	-0.252	0.343	0.362	M0																																																																																																																																																																																									genotype_comparison	in_vivo_tissue	unknown	""	high	heart		TRUE	TRUE	single_sex		single_sex
SRP188570	adipose | in_vivo_treatment_arms | conf=high |  | n=16	icv infusion	tissue:adipose	16	16	16	16	8	8	0	0		18611.5	0	16	0	0	16	0	0	0	0	adipose	0.907	0.29	0.585	0.002	0.0013								4.16	0		1.063	0.324	-1.399	1.471	-0.147	M0																																																																																																																																																																																									in_vivo_treatment_arms	in_vivo_tissue	unknown	""	high	adipose		TRUE	TRUE	single_sex		single_sex
SRP188688	other | genotype_comparison | conf=medium |  | n=12	phenotype	tissue:other	12	12	12	12	6	6	0.58	0.167		16247	7	5	4	3	12	0	0	0	12	generic	-0.745	0.31	-0.786	0	0								10.18	2	0.061	-0.018	-0.106	-0.038	-0.024	0.825	M0,M1,M0perm,M3,M4,M5,M4perm,M5perm,M0permw	0	0		0.77	0.931	0	0	0	0	0		0.72	0.921	0	0	0	0	0		0.76	0.967	0	0	0	0	0		0.28	0.831	0	0	0	0	0		0.29	0.852	0	0	0	0	0		0.48	0.899	0	0	0	0	0		0.46	0.91	0	0	0	0	0		0.27	0.733	0	0	0	0	0		0.3	0.816	0	0	0	0	0		0.2	0.548	0	0	0	0	0		0.22	0.59	0	0	0	0	0		0.26	0.71	0	0	0	0	0		0.28	0.69	0	0	0																																																																																	genotype_comparison	ex_vivo_primary_cells	unknown	""	medium	other		TRUE	FALSE	mildly_imbalanced		mildly_imbalanced
SRP188706	blood_immune | genotype_comparison | conf=medium |  | n=70	strain	in:source_name=blood;ex:source_name=primary_keratinocytes;subj:animal tag;tissue:blood_immune	70	22	8	8	4	4	0.5	0		9066	4	4	2	2	0	0	0	0	8	blood	1.875	-0.558	-0.742	0.8946	0.1175								1.27	0		0.567	0.688	0.204	0.256	0.389	M0,M1,M0perm,M4,M5,M7,M4perm,M5perm,M7perm,M0permw	19	5	0.263	0.91	0.991	0	0	0	19	27	0.484	0.56	0.925	0	0	0	19	5	0.263	0.91	0.991	0	0	0																	19	302	0.063	0.44	0.911	0	0	0	5	302	0.017	0.45	0.911	0	0	0	19	47	0.048	0.05	0.049	0	0	0	5	47	0.061	0.05	0.045	0	0	0	19	0	0	0.68	0.941	0	0	0	5	0	0	0.73	0.94	0	0	0	19	0	0	0.12	0.571	0	0	0	5	0	0	0.12	0.578	0	0	0	19	117	0.162	0.53	0.893	0	0	0	5	117	0.043	0.54	0.9	0	0	0	19	1	0.053	0.74	0.982	0	0	0	5	1	0.2	0.8	0.991	0	0	0																																																	genotype_comparison	in_vivo_tissue	both_sexes	""	medium	blood_immune		TRUE	FALSE	balanced		balanced
SRP188729	skin | in_vivo_treatment_arms | conf=medium | tumor_tissue | n=24	infection status	in:tissue=skin;tissue:skin	24	24	12	12	8	4	1	0		16339.5	12	0	8	4	12	0	0	0	12	generic	0.732	-0.077	0.69	0.0115	0.0115								33.64	0		1.241	-0.623	0.729	-0.707	-0.773	M0																																																																																																																																																																																									in_vivo_treatment_arms	in_vivo_tissue	unknown	tumor_tissue	medium	skin		TRUE	TRUE	single_sex		single_sex
SRP188846	liver | in_vivo_treatment_arms | conf=medium |  | n=24	treatment	in:genotype=wt;tissue:liver	24	12	8	8	4	4	0	0		15439.5	0	8	0	0	8	0	0	0	8	liver	-1.433	1.96	1.472	6e-04	4e-04								1.53	0		1.2	-5.233	-1.647	-0.397	0.04	M0																																																																																																																																																																																									in_vivo_treatment_arms	in_vivo_tissue	unknown	""	medium	liver		TRUE	TRUE	single_sex		single_sex
SRP188879	brain_cns | in_vivo_treatment_arms | conf=high |  | n=204	treatment	in:cell type=total homogenate;tissue:brain_cns	204	51	17	17	9	8	0	0		17927	0	17	0	0	17	0	0	0	17	brain	0.054	0.251	-0.171	9e-04	9e-04								29.4	0		0.106	-0.42	0.012	-0.009	-0.091	M0																																																																																																																																																																																									in_vivo_treatment_arms	in_vivo_tissue	unknown	""	high	brain_cns		TRUE	TRUE	single_sex		single_sex
SRP188927	brain_cns | genotype_comparison | conf=high |  | n=8	genotype	tissue:brain_cns	8	8	8	8	4	4	0.75	0.5		16966	6	2	4	2	8	0	0	0	8	brain	0.274	0.651	-1.008	3e-04	2e-04								0.99	0		1.094	-0.637	1.524	-0.801	0.065	M0,M1,M0perm,M4,M5,M4perm,M5perm,M0permw	1	1	1	0.36	0.916	0	0	0	1	1	1	0.25	0.841	0	0	0	1	1	1	0.25	0.841	0	0	0																	1	27	0.037	0.1	0.595	0	0	0	1	27	0.037	0.14	0.613	0	0	0	1	1	1	0.27	0.846	0	0	0	1	1	1	0.5	0.869	0	0	0	1	0	0	0.03	0.497	0	0	0	1	0	0	0.13	0.596	0	0	0	1	1	1	0.26	0.909	0	0	0	1	1	1	0.67	0.995	0	0	0																																																																																	genotype_comparison	in_vivo_tissue	unknown	""	high	brain_cns		TRUE	FALSE	partially_confounded		partially_confounded
SRP188970	blood_immune | genotype_comparison | conf=high |  | n=9	genotype	tissue:blood_immune	9	9	9	9	4	5	0	0		15783	0	9	0	0	0	0	0	0	9	blood	1.051	-0.747	-1.047	0	0								0.6	0		1.833	-0.505	0.021	0.775	-0.788	M0																																																																																																																																																																																									genotype_comparison	ex_vivo_primary_cells	male_only	""	high	blood_immune		TRUE	TRUE	single_sex		single_sex
SRP189061	brain_cns | in_vivo_treatment_arms | conf=high |  | n=48	stress	in:tissue=hypothalamus;tissue:brain_cns	48	48	16	16	8	8	1	0		17593	16	0	8	8	16	0	0	0	0	brain	-0.695	-1.072	-0.379	0.0022	0.0018								4.65	0		-0.019	0.201	0.139	-0.079	-0.43	M0																																																																																																																																																																																									in_vivo_treatment_arms	in_vivo_tissue	female_only	""	high	brain_cns		TRUE	TRUE	single_sex		single_sex
SRP189300	brain_cns | in_vivo_treatment_arms | conf=high |  | n=108	behavior	ex:behavior=baseline;tissue:brain_cns	108	108	96	96	48	48	0	0		16742.5	0	96	0	0	96	0	0	0	96	brain	-1.012	-0.208	-0.068	2e-04	2e-04								7.44	0		-0.585	0.34	-0.053	0.176	-0.114	M0																																																																																																																																																																																									in_vivo_treatment_arms	in_vivo_tissue	unknown	""	high	brain_cns		TRUE	TRUE	single_sex		single_sex
SRP189379	brain_cns | genotype_comparison | conf=high |  | n=24	genotype	tissue:brain_cns	24	24	8	8	4	4	0.75	0.5		18475.5	6	2	2	4	8	0	0	0	8	brain	-0.05	-1.503	0.063	9e-04	6e-04								16.9	0		0.126	-0.389	0.843	-1.493	-0.82	M0,M1,M0perm,M4,M5,M4perm,M5perm,M0permw	0	0		0.45	0.901	0	0	0	0	0		0.87	0.999	0	0	0	0	0		0.45	0.901	0	0	0																	0	594	0	0.17	0.82	0	0	0	0	594	0	0.13	0.882	0	0	0	0	0		0.11	0.634	0	0	0	0	0		0.19	0.744	0	0	0	0	693	0	0.07	0.626	0	0	0	0	693	0	0.06	0.642	0	0	0	0	3322	0	0.02	0.441	0	0	0	0	3322	0	0.02	0.538	0	0	0																																																																																	genotype_comparison	in_vivo_tissue	unknown	""	high	brain_cns		TRUE	FALSE	partially_confounded		partially_confounded
SRP189730	blood_immune | genotype_comparison | conf=high |  | n=24	genotype/variation	in:progenitor cell type=p1 (b220+, cd19+, cd93+, cd43+, cd25-);tissue:blood_immune	24	24	8	8	4	4	1	0		16919.5	8	0	4	4	8	0	0	0	8	blood	2.194	3.622	0.935	1e-04	1e-04								9.31	0		-1.895	-1.388	-0.418	-0.783	-0.935	M0																																																																																																																																																																																									genotype_comparison	ex_vivo_primary_cells	unknown	""	high	blood_immune		TRUE	TRUE	single_sex		single_sex
SRP189755	brain_cns | genotype_comparison | conf=high |  | n=12	strain	tissue:brain_cns	12	12	12	12	6	6	0.75	0.167	0	16798	9	3	5	4	0	0	2	0	0	brain	0.208	0.171	-0.558	0.0016	0.0016								2.17	2	0.449	-0.081	0.323	1.902	-1.707	-0.096	M0,M1,M0perm,M2,M2perm,M3,M4,M5,M4perm,M5perm,M0permw	1	0	0	0.36	0.946	0	0	0	1	0	0	0.68	0.961	0	0	0	1	1	1	0.74	0.89	0	0	0	1	0	0	0.28	0.418	0	0	0	0	0		0.15	0.318	0	0	0	1	2	0.5	0.18	0.603	0	0	0	0	2	0	0.29	0.603	0	0	0	1	2	0.5	0.21	0.836	0	0	0	0	2	0	0.25	0.878	0	0	0	1	2	0.5	0.34	0.887	0	0	0	0	2	0	0.72	0.961	0	0	0	1	0	0	0.03	0.039	0	0	0	0	0		0.18	0.033	0	0	0																																	1	3	0.333	0.26	0.655	0	0	0	1	0	0	0.22	0.913	0	0	0																																	genotype_comparison	in_vivo_tissue	male_only	""	high	brain_cns		TRUE	FALSE	mildly_imbalanced	balanced	mildly_imbalanced
SRP189776	lung | genotype_comparison | conf=high |  | n=8	genotype	tissue:lung	8	8	8	8	4	4	0.5	0		18223	4	4	2	2	8	0	0	0	8	lung	0.06	0.318	0.188	0.0583	0.0483	platform	1	1				1	8.67	0		-2.876	-0.141	0.049	0.869	0.3	M0,M1,M0perm,M4,M5,M7,M4perm,M5perm,M7perm,M0permw	407	319	0.784	0.93	0.996	0	0	0	407	349	0.822	0.89	0.992	0	0	0	407	397	0.827	0.87	0.992	0	0	0																	407	0	0	0.3	-0.025	6	0	0	319	0	0	0.31	-0.029	3	0	0	407	704	0.574	0.56	0.951	0	0	0	319	704	0.453	0.58	0.953	0	0	0	407	69	0.167	0.53	0.79	0	0	0	319	69	0.205	0.54	0.791	0	0	0	407	150	0.359	0.63	0.929	0	0	0	319	150	0.43	0.66	0.933	0	0	0	407	711	0.572	0.53	0.951	0	0	0	319	711	0.449	0.54	0.952	0	0	0	407	172	0.423	0.74	0.942	0	0	0	319	172	0.525	0.79	0.945	0	0	0																																																	genotype_comparison	in_vivo_tissue	unknown	""	high	lung		TRUE	FALSE	balanced		balanced
SRP189821	other | in_vivo_treatment_arms | conf=high |  | n=18	treatment	tissue:other	18	18	12	12	6	6	1	0		15160.5	12	0	6	6	0	0	0	0	0	generic	-0.278	0.251	-0.313	0	0								7.7	0		-0.18	-0.336	0.148	-0.201	0.112	M0																																																																																																																																																																																									in_vivo_treatment_arms	ex_vivo_primary_cells	female_only	""	high	other		TRUE	TRUE	single_sex		single_sex
SRP189878	other | in_vivo_treatment_arms | conf=medium |  | n=10	condtion	tissue:other	10	10	10	10	4	6	1	0		14723	10	0	4	6	0	0	0	0	10	generic	0.304	-0.597	-0.705	0.0013	0.0011								5.47	0		0.131	0.219	0.159	-0.454	1.008	M0																																																																																																																																																																																									in_vivo_treatment_arms	ex_vivo_primary_cells	female_only	""	medium	other		TRUE	TRUE	single_sex		single_sex
SRP189925	adipose | in_vivo_treatment_arms | conf=high |  | n=15	treatment	tissue:adipose	15	15	15	15	8	7	0	0	0.134	16125	0	15	0	0	15	0	0	0	0	adipose	1.389	-2.473	0.916	0.0014	0.0012								5.3	0		2.301	-1.091	-1.452	1.545	0.465	M0																																																																																																																																																																																									in_vivo_treatment_arms	in_vivo_tissue	male_only	""	high	adipose		TRUE	TRUE	single_sex	balanced	single_sex
SRP190028	heart | in_vivo_treatment_arms | conf=high |  | n=13	treatment	tissue:heart	13	13	9	9	5	4	0	0		15507	0	9	0	0	9	0	0	0	0	heart	-0.29	-0.689	0.256	0.0014	0.0011	readlen	1					1	1.92	0		-0.247	-2.564	1.054	-1.041	-1.824	M0																																																																																																																																																																																									in_vivo_treatment_arms	in_vivo_tissue	unknown	""	high	heart		TRUE	TRUE	single_sex		single_sex
SRP190335	reproductive | genotype_comparison | conf=medium |  | n=117	genotype	in:tissue=placenta;in:age=e14.5;tissue:reproductive	117	117	39	39	23	16	0.28	0.158		15660	11	28	5	6	0	18	3	0	39	generic	-0.038	0.552	0.233	0.0425	0.0414								2.23	5	0.383	0.438	0.57	0.01	0.17	-0.038	M0,M1,M0perm,M3,M4,M5,M7,M4perm,M5perm,M7perm,M0permw	0	0		0.88	0.98	0	0	0	0	0		0.91	0.998	0	0	0	0	0		0.9	0.996	0	0	0	0	85	0	0.47	0.815	0	0	0	0	85	0	0.45	0.812	0	0	0	0	0		0.48	0.569	0	0	0	0	0		0.51	0.649	0	0	0	0	0		0.7	0.896	0	0	0	0	0		0.73	0.914	0	0	0	0	2	0	0.66	0.952	0	0	0	0	2	0	0.69	0.978	0	0	0	0	0		0.79	0.975	0	0	0	0	0		0.84	0.987	0	0	0	0	3	0	0.7	0.979	0	0	0	0	3	0	0.71	0.982	0	0	0	0	0		0.83	0.975	0	0	0	0	0		0.92	0.997	0	0	0																																																	genotype_comparison	in_vivo_tissue	both_sexes	""	medium	reproductive		TRUE	FALSE	mildly_imbalanced		mildly_imbalanced
SRP190519	liver | in_vivo_treatment_arms | conf=high |  | n=40	treatment	subj:subject;tissue:liver	40	40	16	16	8	8	0	0		15777.5	0	16	0	0	16	0	0	0	16	liver	-0.393	0.157	1.153	0.0063	0.0052								7.02	0		-0.169	-0.14	1.172	-1.253	0.57	M0																																																																																																																																																																																									in_vivo_treatment_arms	in_vivo_tissue	unknown	""	high	liver		TRUE	TRUE	single_sex		single_sex
SRP190921	brain_cns | in_vivo_treatment_arms | conf=high |  | n=48	source_name	tissue:brain_cns	48	24	12	12	6	6	0	0		17897	0	12	0	0	12	0	0	0	0	brain	-0.099	0.666	0.636	3e-04	2e-04								2.04	0		1.69	-1.326	0.794	-1.011	2.452	M0																																																																																																																																																																																									in_vivo_treatment_arms	in_vivo_tissue	unknown	""	high	brain_cns		TRUE	TRUE	single_sex		single_sex
SRP190928	liver | genotype_comparison | conf=medium |  | n=20	maternal genotype	tissue:liver	20	20	8	8	4	4	0.5	0		15963	4	4	2	2	8	0	0	0	8	liver	-0.523	-1.463	0.932	0.1734	0.0869	readlen	0.258					0.258	1.29	0		-0.337	-0.791	-0.57	-0.477	1.946	M0,M1,M0perm,M4,M5,M6,M7,M4perm,M5perm,M6perm,M7perm,M0permw	1	1	1	0.86	0.999	0	0	0	1	6	0.167	0.41	0.916	0	0	0	1	1	1	0.88	0.999	0	0	0																	1	0	0	0.28	0.816	0	0	0	1	0	0	0.3	0.817	0	0	0	1	0	0	0.29	0.793	0	0	0	1	0	0	0.31	0.791	0	0	0	1	0	0	0.45	0.973	0	0	0	1	0	0	0.5	0.974	0	0	0	1	0	0	0.36	0.955	0	0	0	1	0	0	0.37	0.956	0	0	0	1	0	0	0.31	0.795	0	0	0	1	0	0	0.33	0.796	0	0	0	1	0	0	0.55	0.987	0	0	0	1	0	0	0.56	0.988	0	0	0																	1	0	0	0.47	0.962	0	0	0	1	0	0	0.52	0.964	0	0	0	1	0	0	0.69	0.978	0	0	0	1	0	0	0.73	0.98	0	0	0	genotype_comparison	in_vivo_tissue	both_sexes	""	medium	liver		TRUE	FALSE	balanced		balanced
SRP190929	adipose | genotype_comparison | conf=high |  | n=24	genotype/variation	tissue:adipose	24	8	8	8	4	4	0	0		16580	0	8	0	0	8	0	0	0	0	adipose	-0.358	0.491	-1.352	0.0051	0.0034								0.93	0		2.058	-1.603	0.436	-0.772	0.362	M0																																																																																																																																																																																									genotype_comparison	in_vivo_tissue	unknown	""	high	adipose		TRUE	TRUE	single_sex		single_sex
SRP191039	brain_cns | genotype_comparison | conf=high |  | n=24	strain	subj:source_name;tissue:brain_cns	24	24	24	9	5	4	0.67	0.15		17416	6	3	3	3	9	0	0	3	9	brain	-0.113	0.019	0.986	8e-04	6e-04								2.61	0		-1.194	-0.859	-0.462	0.236	1.344	M0,M1,M0perm,M4,M5,M4perm,M5perm,M0permw	5583	5479	0.885	0.88	0.994	0	0	1	5583	5158	0.889	0.93	0.997	0	0	0	5583	5247	0.895	0.93	0.997	0	0	0																	5583	5791	0.643	0.77	0.902	0	0	1	5479	5791	0.682	0.79	0.925	0	1	1	5583	5554	0.795	0.82	0.981	0	0	1	5479	5554	0.823	0.85	0.988	0	1	1	5583	3180	0.545	0.82	0.96	0	0	1	5479	3180	0.567	0.85	0.97	0	1	1	5583	4094	0.645	0.82	0.95	0	0	1	5479	4094	0.669	0.89	0.957	0	1	1																																																																																	genotype_comparison	in_vivo_tissue	unknown	""	high	brain_cns		TRUE	FALSE	mildly_imbalanced		mildly_imbalanced
SRP191054	gut | in_vivo_treatment_arms | conf=high |  | n=12	infection status	tissue:gut	12	12	12	12	6	6	0.25	0.167		13094	3	9	2	1	12	0	0	0	12	gut	0.814	0.45	-0.646	0	0								6.06	3	0.512	-0.878	-0.747	0.924	-0.924	0.244	M0,M1,M0perm,M3,M4,M5,M4perm,M5perm,M0permw	154	140	0.849	0.95	0.98	0	0	0	154	156	0.902	0.95	0.984	0	0	0	154	180	0.805	0.95	0.98	0	0	0	154	153	0.806	0.92	0.822	0	0	0	140	153	0.798	0.89	0.873	0	0	0	154	133	0.772	0.87	0.866	0	0	0	140	133	0.832	0.91	0.874	0	0	0	154	138	0.749	0.89	0.884	0	0	0	140	138	0.841	0.91	0.91	0	0	0	154	79	0.475	0.8	0.736	0	0	0	140	79	0.521	0.83	0.77	0	0	0	154	158	0.803	0.86	0.896	0	0	0	140	158	0.817	0.89	0.919	0	0	0																																																																																	in_vivo_treatment_arms	in_vivo_tissue	unknown	""	high	gut		TRUE	FALSE	mildly_imbalanced		mildly_imbalanced
SRP191069	tumor | genotype_comparison | conf=high | tumor_tissue | n=10	genotype	subj:id;tissue:tumor	10	10	10	10	6	4	0.4	0.25		16434	4	6	3	1	10	0	0	0	10	generic	-1.112	-1.217	-0.403	3e-04	3e-04								1.93	2	0.486	0.141	-0.553	-0.577	-0.16	0.429	M0,M1,M0perm,M3,M4,M5,M4perm,M5perm,M0permw	1	3	0.333	0.6	0.964	0	0	0	1	0	0	0.22	0.793	0	0	0	1	1	1	0.71	0.982	0	0	0	1	0	0	0.4	0.806	0	0	0	3	0	0	0.44	0.853	0	0	0	1	0	0	0.42	0.928	0	0	0	3	0	0	0.52	0.933	0	0	0	1	0	0	0.26	0.73	0	0	0	3	0	0	0.31	0.795	0	0	0	1	0	0	0.46	0.94	0	0	0	3	0	0	0.58	0.958	0	0	0	1	0	0	0.38	0.93	0	0	0	3	0	0	0.52	0.931	0	0	0																																																																																	genotype_comparison	in_vivo_tissue	unknown	tumor_tissue	high	tumor		TRUE	FALSE	mildly_imbalanced		mildly_imbalanced
SRP191089	liver | in_vivo_treatment_arms | conf=medium |  | n=28	treatment	tissue:liver	28	28	20	20	16	4	0	0		15525.5	0	20	0	0	20	0	0	0	20	liver	-2.445	0.696	-1.243	7e-04	5e-04								2.16	0		0.186	-0.161	-0.414	-0.198	0.817	M0																																																																																																																																																																																									in_vivo_treatment_arms	in_vivo_tissue	male_only	""	medium	liver		TRUE	TRUE	single_sex		single_sex
SRP191116	adipose | genotype_comparison | conf=high |  | n=10	genotype	tissue:adipose	10	10	10	10	5	5	0	0		16531.5	0	10	0	0	10	0	0	0	0	adipose	-0.423	0.167	-0.769	0.0023	0.0013								10.81	0		-0.697	-2.558	-2.063	1.961	-0.585	M0																																																																																																																																																																																									genotype_comparison	in_vivo_tissue	unknown	""	high	adipose		TRUE	TRUE	single_sex		single_sex
SRP191419	blood_immune | genotype_comparison | conf=high |  | n=21	genotype	tissue:blood_immune	21	21	21	21	11	10	0.71	0.027		16027	15	6	8	7	21	0	0	0	0	blood	-0.561	-0.122	-0.641	1e-04	1e-04								9.83	5	0.187	-0.335	0.086	-0.403	0.285	0.377	M0,M1,M0perm,M3,M4,M5,M4perm,M5perm,M0permw	2	2	1	0.88	0.994	0	0	0	2	2	1	0.9	0.99	0	0	0	2	2	1	0.9	0.993	0	0	0	2	64	0.031	0.3	0.898	0	0	0	2	64	0.031	0.28	0.9	0	0	0	2	2	1	0.54	0.903	0	0	0	2	2	1	0.55	0.916	0	0	0	2	2	1	0.6	0.913	0	0	0	2	2	1	0.62	0.92	0	0	0	2	2	1	0.62	0.921	0	0	0	2	2	1	0.64	0.927	0	0	0	2	2	1	0.69	0.947	0	0	0	2	2	1	0.71	0.96	0	0	0																																																																																	genotype_comparison	ex_vivo_primary_cells	unknown	""	high	blood_immune		TRUE	FALSE	balanced		balanced
SRP191501	other | genotype_comparison | conf=high |  | n=10	genotype	tissue:other	10	10	10	10	6	4	0.5	0		17043.5	5	5	3	2	0	4	1	0	0	generic	2.905	6.251	1.054	0.0012	0.001								9.48	3	0.17	1.943	-1.576	-2.639	3.188	-0.347	M0,M1,M0perm,M3,M4,M5,M4perm,M5perm,M0permw	8292	8220	0.946	0.87	0.998	0	0	2	8292	7897	0.934	0.97	0.999	0	0	0	8292	8156	0.94	0.9	0.999	0	0	0	8292	9193	0.86	0.73	0.992	0	0	1	8220	9193	0.849	0.73	0.992	0	2	1	8292	4298	0.47	0.42	0.916	7	0	0	8220	4298	0.476	0.44	0.917	6	2	0	8292	0	0	0.31	0.438	1877	0	0	8220	0	0	0.34	0.44	1858	2	0	8292	6811	0.728	0.68	0.974	0	0	0	8220	6811	0.734	0.7	0.975	0	2	0	8292	8026	0.877	0.74	0.995	0	0	2	8220	8026	0.887	0.76	0.994	2	2	2																																																																																	genotype_comparison	in_vivo_tissue	both_sexes	""	high	other		TRUE	FALSE	balanced		balanced
SRP191571	liver | in_vivo_treatment_arms | conf=high |  | n=21	treatment	in:genotype/variation=wt/floxed;tissue:liver	21	21	13	13	8	5	1	0		14561	13	0	8	5	13	0	0	0	13	liver	1.775	0.463	-0.434	0.0017	0.0012								1.52	0		-1.655	1.245	-0.451	0.552	-0.045	M0																																																																																																																																																																																									in_vivo_treatment_arms	in_vivo_tissue	unknown	""	high	liver		TRUE	TRUE	single_sex		single_sex
SRP191799	muscle | genotype_comparison | conf=high |  | n=32	genotype/variation	tissue:muscle	32	32	32	32	16	16	0	0		15219.5	0	32	0	0	32	0	0	0	0	muscle	-0.611	0.234	-0.045	0.001	7e-04								1.91	0		-0.199	-0.031	0.181	-0.277	0.339	M0																																																																																																																																																																																									genotype_comparison	in_vivo_tissue	unknown	""	high	muscle		TRUE	TRUE	single_sex		single_sex
SRP192145	adipose | genotype_comparison | conf=high |  | n=16	genotype	in:tissue=quadriceps muscle;tissue:adipose	16	16	8	8	4	4	1	0		14100.5	8	0	4	4	0	0	0	0	0	adipose	0.531	-0.058	-0.077	2e-04	2e-04								0.87	0		-0.504	0.488	-0.905	0.762	-0.955	M0																																																																																																																																																																																									genotype_comparison	in_vivo_tissue	male_only	""	high	adipose		TRUE	TRUE	single_sex		single_sex
SRP192368	kidney | genotype_comparison | conf=high |  | n=20	genotype	tissue:kidney	20	20	20	20	9	11	0.5	0.101	0.176	17449	10	10	5	5	0	0	0	0	0	kidney	-0.098	0.679	1.081	0.001	7e-04								4.26	1	0.989	-0.049	0.111	-0.016	-0.001	0.336	M0,M1,M0perm,M2,M2perm,M3,M4,M5,M4perm,M5perm,M0permw	727	2009	0.361	0.55	0.961	0	0	0	727	653	0.857	0.95	0.998	0	0	0	727	642	0.86	0.96	0.997	0	0	0	727	2144	0.339	0.52	0.967	0	0	0	2009	2144	0.909	0.92	0.999	0	0	0	727	2382	0.305	0.56	0.958	0	0	0	2009	2382	0.798	0.86	0.992	0	0	0	727	1929	0.37	0.52	0.928	0	0	0	2009	1929	0.704	0.82	0.949	0	0	0	727	2042	0.356	0.56	0.957	0	0	0	2009	2042	0.856	0.91	0.996	0	0	0	727	2236	0.325	0.52	0.957	0	0	0	2009	2236	0.76	0.8	0.976	0	0	0																																	727	2060	0.352	0.52	0.957	0	0	0	727	1771	0.409	0.58	0.954	0	0	0																																	genotype_comparison	in_vivo_tissue	both_sexes	""	high	kidney		TRUE	FALSE	balanced	balanced	balanced
SRP192489	other | genotype_comparison | conf=high |  | n=30	genotype	in:cell type=cd11b+ myeloid cells;tissue:other	30	30	10	10	5	5	0	0		10101.5	0	10	0	0	10	0	0	0	0	generic	-3.018	-1.81	-2.16	0	0								15.78	0		1.581	-0.945	-2.648	2.674	-0.086	M0																																																																																																																																																																																									genotype_comparison	ex_vivo_primary_cells	unknown	""	high	other		TRUE	TRUE	single_sex		single_sex
SRP192522	other | genotype_comparison | conf=high |  | n=18	phenotype	tissue:other	18	18	18	18	12	6	1	0		16729.5	18	0	12	6	18	0	0	0	18	generic	2.518	1.157	0.604	0	0								4.99	0		0.983	-2.076	0.258	-0.162	0.034	M0																																																																																																																																																																																									genotype_comparison	ex_vivo_primary_cells	female_only	""	high	other		TRUE	TRUE	single_sex		single_sex
SRP192601	other | in_vivo_treatment_arms | conf=high |  | n=9	agent	tissue:other	9	9	9	9	5	4	0.56	0.1		15068	5	4	3	2	9	0	0	0	4	generic	-0.271	1.461	0.833	7e-04	7e-04								4.38	0		1.987	-1.189	-0.265	0.276	0.573	M0,M1,M0perm,M4,M5,M4perm,M5perm,M0permw	0	0		0.72	0.972	0	0	0	0	0		0.59	0.858	0	0	0	0	0		0.8	0.978	0	0	0																	0	0		0.01	0.242	0	0	0	0	0		0.01	0.237	0	0	0	0	0		0.28	0.737	0	0	0	0	0		0.33	0.745	0	0	0	0	0		0.4	0.9	0	0	0	0	0		0.46	0.916	0	0	0	0	0		0.4	0.884	0	0	0	0	0		0.47	0.89	0	0	0																																																																																	in_vivo_treatment_arms	ex_vivo_primary_cells	unknown	""	high	other		TRUE	FALSE	balanced		balanced
SRP192735	brain_cns | genotype_comparison | conf=medium |  | n=154	genotype	in:source_name=cortex;in:cnv=15q13;subj:sample id;tissue:brain_cns	154	139	31	31	10	21	0.16	0.205		17765	5	26	3	2	0	0	0	0	31	brain	0.103	-0.317	-0.622	0.0021	0.002	platform	0.512	0.512	0.512			0.512	17.75	5	0.48	-0.36	-1.287	-1.076	1.006	-1.345	M0,M1,M0perm,M3,M4,M5,M6,M4perm,M5perm,M6perm,M0permw	3519	2327	0.651	0.58	0.98	0	0	0	3519	3317	0.918	0.84	0.999	0	0	1	3519	3370	0.887	0.66	0.994	0	0	0	3519	1746	0.273	0.14	0.831	3	0	0	2327	1746	0.335	0.16	0.84	0	0	0	3519	0	0	0.06	0.444	209	0	0	2327	0	0	0.12	0.553	102	0	0	3519	0	0	0.35	0.93	0	0	0	2327	0	0	0.52	0.955	0	0	0	3519	2855	0.745	0.53	0.977	0	0	0	2327	2855	0.763	0.51	0.977	0	0	0	3519	0	0	0.64	0.982	0	0	0	2327	0	0	0.7	0.979	0	0	0																																																	3519	8	0	0.03	0.198	450	0	0	2327	8	0	0.06	0.311	216	0	0	3519	3	0.001	0.54	0.931	0	0	0	2327	3	0.001	0.86	0.974	0	0	0	genotype_comparison	in_vivo_tissue	both_sexes	""	medium	brain_cns		TRUE	FALSE	mildly_imbalanced		mildly_imbalanced
SRP192832	kidney | in_vivo_treatment_arms | conf=high |  | n=8	treatment	tissue:kidney	8	8	8	8	4	4	0	0		15647.5	0	8	0	0	0	0	0	0	0	kidney	-1.195	0.931	-1.859	0.0021	0.0019								2.48	0		0.759	-0.437	2.335	-2.858	1.124	M0																																																																																																																																																																																									in_vivo_treatment_arms	in_vivo_tissue	male_only	""	high	kidney		TRUE	TRUE	single_sex		single_sex
SRP193316	liver | in_vivo_treatment_arms | conf=high |  | n=15	treatment	tissue:liver	15	15	10	10	5	5	0	0		13232	0	10	0	0	10	0	0	0	0	liver	0.367	-0.025	-0.015	0.0011	8e-04								1.43	0		-0.265	0.47	-0.34	0.197	1.391	M0																																																																																																																																																																																									in_vivo_treatment_arms	in_vivo_tissue	unknown	""	high	liver		TRUE	TRUE	single_sex		single_sex
SRP193449	tumor | between_subject_case_control | conf=high | tumor_tissue | n=56	tissue	tissue:tumor	56	50	50	50	45	5	0.44	0.178		15589.5	22	28	19	3	0	2	1	0	50	generic	1.367	1.626	0.767	0.0052	0.0048								6.47	5	0.535	-1.32	1.261	1.252	-1.528	1.56	M0,M1,M0perm,M3,M4,M5,M4perm,M5perm,M0permw	10505	10618	0.96	0.91	0.999	0	0	0	10505	10355	0.948	0.95	0.999	0	0	0	10505	10492	0.966	0.95	0.999	0	0	0	10505	11349	0.849	0.64	0.985	0	0	3	10618	11349	0.845	0.62	0.985	0	0	3	10505	7465	0.64	0.64	0.952	16	0	0	10618	7465	0.636	0.61	0.953	22	0	0	10505	9998	0.779	0.72	0.965	2	0	0	10618	9998	0.771	0.73	0.963	2	0	0	10505	10612	0.926	0.85	0.996	0	0	0	10618	10612	0.943	0.91	0.998	0	0	0	10505	9887	0.908	0.87	0.996	0	0	0	10618	9887	0.915	0.94	0.998	0	0	0																																																																																	between_subject_case_control	in_vivo_tissue	both_sexes	tumor_tissue	high	tumor		TRUE	FALSE	mildly_imbalanced		mildly_imbalanced
SRP193734	brain_cns | genotype_comparison | conf=high |  | n=143	selected line	in:tissue=dissected tissue (brain) - ventral midbrain;tissue:brain_cns	143	143	48	48	24	24	0	0		16761	0	48	0	0	0	0	0	0	48	brain	-0.077	1.57	-0.166	4e-04	3e-04								2	0		0.786	-0.825	-1.228	1.153	-0.327	M0																																																																																																																																																																																									genotype_comparison	in_vivo_tissue	male_only	""	high	brain_cns		TRUE	TRUE	single_sex		single_sex
SRP193857	blood_immune | genotype_comparison | conf=medium |  | n=13	genotype	tissue:blood_immune	13	13	11	11	4	7	0.55	0.071		16220	6	5	2	4	11	0	0	0	11	blood	0.009	1.581	0.808	2e-04	2e-04								8.41	3	0.47	0.442	1.075	1.064	-1.144	1.05	M0,M1,M0perm,M3,M4,M5,M4perm,M5perm,M0permw	3991	3786	0.907	0.88	0.997	0	0	0	3991	3973	0.896	0.84	0.996	0	0	0	3991	3822	0.899	0.95	0.998	0	0	0	3991	7697	0.513	0.61	0.956	0	0	0	3786	7697	0.49	0.62	0.96	0	0	0	3991	5139	0.509	0.69	0.819	0	0	0	3786	5139	0.509	0.7	0.828	0	0	0	3991	1459	0.358	0.75	0.917	0	0	0	3786	1459	0.38	0.75	0.922	0	0	0	3991	994	0.238	0.78	0.845	0	0	0	3786	994	0.251	0.82	0.847	0	0	0	3991	2822	0.674	0.79	0.981	0	0	0	3786	2822	0.715	0.83	0.986	0	0	0																																																																																	genotype_comparison	ex_vivo_primary_cells	unknown	""	medium	blood_immune		TRUE	FALSE	balanced		balanced
SRP193998	heart | genotype_comparison | conf=high |  | n=16	genotype	in:source_name=heart;tissue:heart	16	16	8	8	4	4	1	0		12116	8	0	4	4	0	0	0	0	0	heart	0.984	0.056	-0.102	0.0014	0.0011								11.56	0		0.396	0.346	-0.451	0.373	-0.667	M0																																																																																																																																																																																									genotype_comparison	in_vivo_tissue	female_only	""	high	heart		TRUE	TRUE	single_sex		single_sex
SRP194162	muscle | in_vivo_treatment_arms | conf=high |  | n=32	surgical  group	tissue:muscle	32	16	16	16	8	8	0	0		15089	0	16	0	0	16	0	0	0	16	muscle	-0.742	1.235	0.326	0.0124	0.0116								1.45	0		2.751	-3.099	-1.2	-0.516	-1.451	M0																																																																																																																																																																																									in_vivo_treatment_arms	in_vivo_tissue	male_only	""	high	muscle		TRUE	TRUE	single_sex		single_sex
SRP194194	heart | genotype_comparison | conf=high |  | n=18	genotype	tissue:heart	18	18	18	18	9	9	0	0		14841	0	18	0	0	18	0	0	0	18	heart	-0.687	-0.308	-0.265	0.0025	0.0022								3.77	0		1.724	-0.402	-0.261	0.03	-0.243	M0																																																																																																																																																																																									genotype_comparison	in_vivo_tissue	unknown	""	high	heart		TRUE	TRUE	single_sex		single_sex
SRP194360	blood_immune | genotype_comparison | conf=medium | tumor_tissue | n=8	genotype	tissue:blood_immune	8	8	8	8	4	4	1	0		14301	8	0	4	4	8	0	0	0	0	blood	-0.661	-1.418	12.428	1e-04	1e-04								1.76	0		0.741	-3.21	1.699	-3.618	-1.976	M0																																																																																																																																																																																									genotype_comparison	ex_vivo_primary_cells	unknown	tumor_tissue	medium	blood_immune		TRUE	TRUE	single_sex		single_sex
SRP194498	brain_cns | genotype_comparison | conf=high |  | n=8	genotype/variation	tissue:brain_cns	8	8	8	8	4	4	0	0		17082	0	8	0	0	0	0	0	0	0	brain	2.628	-0.677	0.099	0.0013	8e-04								1.63	0		-1.798	2.343	1.44	-1.316	0.865	M0																																																																																																																																																																																									genotype_comparison	in_vivo_tissue	male_only	""	high	brain_cns		TRUE	TRUE	single_sex		single_sex
SRP194918	brain_cns | in_vivo_treatment_arms | conf=high |  | n=17	injected with	tissue:brain_cns	17	17	9	9	5	4	1	0		18758	9	0	5	4	9	0	0	0	0	brain	-1.06	1.752	0.311	0	0								6.02	0		0.169	-0.137	0.481	-0.419	-0.312	M0																																																																																																																																																																																									in_vivo_treatment_arms	in_vivo_tissue	unknown	""	high	brain_cns		TRUE	TRUE	single_sex		single_sex
SRP194972	heart | in_vivo_treatment_arms | conf=high |  | n=8	treatment	tissue:heart	8	8	8	8	4	4	0	0		15359.5	0	8	0	0	0	0	0	0	8	heart	1.61	-1.648	0.419	0.0065	0.0046								6.26	0		0.556	-0.378	-0.798	0.675	1.46	M0																																																																																																																																																																																									in_vivo_treatment_arms	in_vivo_tissue	male_only	""	high	heart		TRUE	TRUE	single_sex		single_sex
SRP195618	brain_cns | genotype_comparison | conf=high |  | n=10	genotype	tissue:brain_cns	10	10	10	10	5	5	0.6	0		16913	6	4	3	3	10	0	0	0	0	brain	0.124	-0.22	-0.182	2e-04	1e-04								3.14	3	0.577	-0.103	0.528	-1.163	1.089	-0.877	M0,M1,M0perm,M3,M4,M5,M4perm,M5perm,M0permw	1646	1770	0.828	0.64	0.998	0	0	0	1646	339	0.2	0.62	0.961	0	0	0	1646	1522	0.805	0.7	0.998	0	0	0	1646	814	0.407	0.49	0.934	0	0	0	1770	814	0.413	0.52	0.936	0	0	0	1646	544	0.307	0.57	0.97	0	0	0	1770	544	0.298	0.73	0.972	0	0	0	1646	456	0.264	0.59	0.991	0	0	0	1770	456	0.253	0.68	0.991	0	0	0	1646	0	0	0.31	0.885	0	0	0	1770	0	0	0.45	0.887	0	0	0	1646	529	0.309	0.5	0.962	0	0	0	1770	529	0.293	0.53	0.963	0	0	0																																																																																	genotype_comparison	in_vivo_tissue	unknown	""	high	brain_cns		TRUE	FALSE	balanced		balanced
SRP196460	muscle | in_vivo_treatment_arms | conf=medium |  | n=56	treatment	tissue:muscle	56	56	56	56	28	28	0	0		15887.5	0	56	0	0	0	0	0	0	0	muscle	-0.027	1.311	-0.553	0.0013	0.0012								13.76	0		-0.667	0.726	0.227	0.268	0.155	M0																																																																																																																																																																																									in_vivo_treatment_arms	in_vivo_tissue	male_only	""	medium	muscle		TRUE	TRUE	single_sex		single_sex
SRP197108	liver | genotype_comparison | conf=medium |  | n=96	genotype/variation	tissue:liver	96	96	96	96	48	48	0	0		14520.5	0	96	0	0	0	0	0	0	0	liver	-1.99	2.226	-0.19	0.004	0.0038								2.23	0		1.426	-0.658	1.763	-2.127	-0.607	M0																																																																																																																																																																																									genotype_comparison	in_vivo_tissue	male_only	""	medium	liver		TRUE	TRUE	single_sex		single_sex
SRP197374	blood_immune | in_vivo_treatment_arms | conf=high |  | n=10	bacteria	tissue:blood_immune	10	10	10	10	5	5	0.7	0.2		16546.5	7	3	3	4	10	0	0	0	0	blood	0.904	1.053	3.338	0.0081	0.0081								8.19	3	0.328	-0.292	0.883	-0.625	1.044	-0.326	M0,M1,M0perm,M3,M4,M5,M4perm,M5perm,M0permw	558	255	0.447	0.91	0.99	0	0	0	558	236	0.415	0.89	0.989	0	0	0	558	255	0.447	0.91	0.99	0	0	0	558	1436	0.176	0.07	0.862	0	0	0	255	1436	0.088	0.07	0.832	0	0	0	558	0	0	0.7	0.677	0	0	0	255	0	0	0.74	0.7	0	0	0	558	0	0	0.7	0.813	0	0	0	255	0	0	0.73	0.841	0	0	0	558	153	0.243	0.74	0.986	0	0	0	255	153	0.432	0.76	0.985	0	0	0	558	111	0.188	0.78	0.916	0	0	0	255	111	0.381	0.76	0.935	0	0	0																																																																																	in_vivo_treatment_arms	ex_vivo_primary_cells	unknown	""	high	blood_immune		TRUE	FALSE	mildly_imbalanced		mildly_imbalanced
SRP197376	skin | in_vivo_treatment_arms | conf=high |  | n=10	bacteria	tissue:skin	10	10	10	10	5	5	0.7	0.2		18256.5	7	3	3	4	10	0	0	0	0	generic	1.12	0.26	1.932	0.0017	0.0015								4.21	2	0.124	-0.135	-0.225	-0.859	0.888	-0.381	M0,M1,M0perm,M3,M4,M5,M4perm,M5perm,M0permw	20	15	0.667	0.87	0.988	0	0	0	20	14	0.619	0.91	0.982	0	0	0	20	11	0.55	0.9	0.989	0	0	0	20	372	0.054	0.48	0.733	0	0	0	15	372	0.04	0.45	0.745	0	0	0	20	166	0.12	0.57	0.877	0	0	0	15	166	0.09	0.55	0.883	0	0	0	20	4	0.143	0.33	0.822	0	0	0	15	4	0.188	0.33	0.801	0	0	0	20	22	0.556	0.55	0.883	0	0	0	15	22	0.609	0.57	0.898	0	0	0	20	0	0	0.6	0.897	0	0	0	15	0	0	0.66	0.903	0	0	0																																																																																	in_vivo_treatment_arms	in_vivo_tissue	unknown	""	high	skin		TRUE	FALSE	mildly_imbalanced		mildly_imbalanced
SRP197377	other | genotype_comparison | conf=medium |  | n=27	strain/genotype	in:cell type=frc like cell from islet tertiary lymphoid organs (tlo);tissue:other	27	27	12	12	6	6	1	0		16875.5	12	0	6	6	12	0	0	0	0	generic	0.916	-0.861	-1.151	1e-04	1e-04								22.36	0		1.586	1.286	0.685	-0.442	-0.539	M0																																																																																																																																																																																									genotype_comparison	ex_vivo_primary_cells	unknown	""	medium	other		TRUE	TRUE	single_sex		single_sex
SRP198260	skin | genotype_comparison | conf=medium |  | n=10	genotype	tissue:skin	10	10	10	10	4	6	0.2	0.5		15908	2	8	2	0	10	0	0	0	0	generic	0.22	-0.222	0.668	0	0								8.92	2	0.047	0.131	-0.091	-0.51	0.568	-0.382	M0,M1,M0perm,M3,M4,M5,M4perm,M5perm,M0permw	0	0		0.37	0.799	0	0	0	0	0		0.46	0.911	0	0	0	0	2	0	0.27	0.837	0	0	1	0	0		0.46	0.888	0	0	0	0	0		0.27	0.702	0	0	0	0	0		0.08	0.749	0	0	0	0	0		0.25	0.945	0	0	0	0	0		0.18	0.643	0	0	0	0	0		0.51	0.909	0	0	0	0	0		0.18	0.649	0	0	0	0	0		0.34	0.906	0	0	0	0	0		0.11	0.679	0	0	0	0	0		0.06	0.7	0	0	0																																																																																	genotype_comparison	ex_vivo_primary_cells	unknown	""	medium	skin		TRUE	FALSE	partially_confounded		partially_confounded
SRP198299	brain_cns | genotype_comparison | conf=high |  | n=12	disease state	tissue:brain_cns	12	12	12	12	6	6	0.5	0		17348	6	6	3	3	0	0	0	0	0	brain	-0.031	0.827	0.029	4e-04	3e-04								2.03	3	0.582	-0.161	-0.273	-0.017	0.092	-0.074	M0,M1,M0perm,M3,M4,M5,M4perm,M5perm,M0permw	1	0	0	0.84	0.997	0	0	0	1	0	0	0.67	0.935	0	0	0	1	0	0	0.89	0.998	0	0	0	1	0	0	0.5	0.921	0	0	0	0	0		0.53	0.92	0	0	0	1	0	0	0.39	0.782	0	0	0	0	0		0.42	0.785	0	0	0	1	0	0	0.41	0.817	0	0	0	0	0		0.42	0.821	0	0	0	1	0	0	0.57	0.942	0	0	0	0	0		0.55	0.945	0	0	0	1	1	0	0.61	0.959	0	0	0	0	1	0	0.64	0.959	0	0	0																																																																																	genotype_comparison	in_vivo_tissue	both_sexes	""	high	brain_cns		TRUE	FALSE	balanced		balanced
SRP198351	other | genotype_comparison | conf=high |  | n=15	genotype	tissue:other	15	15	8	8	4	4	0.38	0.25		16922	3	5	2	1	8	0	0	0	8	generic	-0.292	0.344	0.479	5e-04	5e-04								1.05	0		1.144	0.446	-1.067	1.268	0.065	M0,M1,M0perm,M4,M5,M4perm,M5perm,M0permw	1748	1540	0.721	0.89	0.988	0	0	1	1748	1233	0.661	0.88	0.987	0	0	0	1748	1487	0.705	0.89	0.986	0	0	0																	1748	411	0.211	0.74	0.876	0	0	0	1540	411	0.246	0.79	0.901	0	1	0	1748	1609	0.606	0.72	0.974	0	0	1	1540	1609	0.641	0.72	0.986	0	1	1	1748	404	0.225	0.79	0.94	0	0	0	1540	404	0.257	0.84	0.954	0	1	0	1748	1641	0.584	0.7	0.968	0	0	1	1540	1641	0.598	0.73	0.975	0	1	1																																																																																	genotype_comparison	in_vivo_tissue	unknown	""	high	other		TRUE	FALSE	mildly_imbalanced		mildly_imbalanced
SRP198487	kidney | in_vivo_treatment_arms | conf=medium |  | n=8	agent	tissue:kidney	8	8	8	8	4	4	1	0		17409.5	8	0	4	4	8	0	0	0	8	kidney	0.145	1.284	0.801	0.0221	0.0214								7.74	0		0.024	0.752	-0.521	1.279	-1.675	M0																																																																																																																																																																																									in_vivo_treatment_arms	in_vivo_tissue	unknown	""	medium	kidney		TRUE	TRUE	single_sex		single_sex
SRP198525	kidney | genotype_comparison | conf=high |  | n=36	genotype	tissue:kidney	36	36	18	13	4	9	0	0	0.35	16517.5	0	13	0	0	13	0	0	5	0	kidney	-0.056	0.444	-0.196	0.0022	0.0017								2.7	0		-0.331	0.075	-0.014	-0.148	0.149	M0																																																																																																																																																																																									genotype_comparison	in_vivo_tissue	unknown	""	high	kidney		TRUE	TRUE	single_sex	balanced	single_sex
SRP198526	liver | in_vivo_treatment_arms | conf=high |  | n=9	antisense oligonucleotide target	tissue:liver	9	9	9	9	5	4	0	0		11759	0	9	0	0	9	0	0	0	9	liver	-0.161	-0.267	-0.208	1e-04	1e-04								5.19	0		-1.328	-0.83	0.298	-0.148	0.479	M0																																																																																																																																																																																									in_vivo_treatment_arms	in_vivo_tissue	unknown	""	high	liver		TRUE	TRUE	single_sex		single_sex
SRP198592	other | between_subject_case_control | conf=medium |  | n=32	disease	subj:internal sample id;tissue:other	32	32	32	32	14	18	0.47	0.31		16631	15	17	9	6	0	0	0	0	0	generic	0.238	-0.149	-0.338	0.1458	0.1456								1.74	5	0.584	-0.495	0.773	-0.048	0.09	-0.379	M0,M1,M0perm,M3,M4,M5,M7,M4perm,M5perm,M7perm,M0permw	402	332	0.552	0.76	0.948	0	0	0	402	391	0.911	0.97	0.999	0	0	0	402	348	0.609	0.78	0.975	0	0	0	402	85	0.162	0.56	0.538	0	0	0	332	85	0.205	0.57	0.576	0	0	0	402	17	0.04	0.61	0.55	0	0	0	332	17	0.048	0.65	0.582	0	0	0	402	597	0.496	0.65	0.917	0	0	0	332	597	0.554	0.79	0.974	0	0	0	402	251	0.494	0.69	0.93	0	0	0	332	251	0.61	0.81	0.968	0	0	0	402	218	0.429	0.73	0.927	0	0	0	332	218	0.647	0.91	0.986	0	0	0	402	853	0.373	0.64	0.867	0	0	0	332	853	0.389	0.74	0.929	0	0	0	402	342	0.55	0.77	0.948	0	0	0	332	342	0.877	0.93	0.998	0	0	0																																																	between_subject_case_control	in_vivo_tissue	both_sexes	""	medium	other		TRUE	FALSE	partially_confounded		partially_confounded
SRP198642	liver | in_vivo_treatment_arms | conf=high |  | n=18	treatment_full_name	tissue:liver	18	18	18	18	10	8	0	0	0	15431.5	0	18	0	0	0	0	0	0	0	liver	-1.687	-0.159	-1.209	5e-04	3e-04								1.68	0		-0.359	-2.378	-0.713	0.244	-0.007	M0																																																																																																																																																																																									in_vivo_treatment_arms	in_vivo_tissue	male_only	""	high	liver		TRUE	TRUE	single_sex	balanced	single_sex
SRP199120	blood_immune | genotype_comparison | conf=medium |  | n=8	genotype	tissue:blood_immune	8	8	8	8	4	4	0.5	0		15573	4	4	2	2	8	0	0	0	8	blood	0.041	-0.033	1.025	0.039	0.039	layout	0		0			0	14.86	0		-0.005	-0.051	-0.272	0.134	-0.109	M0,M1,M0perm,M4,M5,M7,M4perm,M5perm,M7perm,M0permw	0	0		0.62	0.973	0	0	0	0	0		0.19	0.824	0	0	0	0	0		0.62	0.973	0	0	0																	0	0		0.11	0.907	0	0	0	0	0		0.18	0.942	0	0	0	0	0		0.28	0.965	0	0	0	0	0		0.26	0.956	0	0	0	0	0		0.25	0.932	0	0	0	0	0		0.29	0.948	0	0	0	0	0		0.11	0.786	0	0	0	0	0		0.09	0.764	0	0	0	0	0		0.23	0.712	0	0	0	0	0		0.32	0.746	0	0	0	0	0		0.36	0.961	0	0	0	0	0		0.43	0.968	0	0	0																																																	genotype_comparison	ex_vivo_primary_cells	unknown	""	medium	blood_immune		TRUE	FALSE	balanced		balanced
SRP199237	brain_cns | genotype_comparison | conf=high |  | n=90	genotype/variation	tissue:brain_cns	90	90	90	90	45	45	0.48	0.022		17891	43	47	21	22	0	0	0	0	0	brain	0.096	0.25	-0.089	2e-04	2e-04								5.99	5	0.969	-0.182	0.041	-0.22	0.005	-0.141	M0,M1,M0perm,M3,M4,M5,M4perm,M5perm,M0permw	123	125	0.984	0.98	0.999	0	0	0	123	118	0.898	0.96	0.991	0	0	0	123	120	0.976	0.99	0.999	0	0	0	123	1000	0.123	0.66	0.919	0	0	0	125	1000	0.125	0.65	0.919	0	0	0	123	186	0.661	0.88	0.883	0	0	0	125	186	0.672	0.88	0.882	0	0	0	123	376	0.324	0.76	0.835	0	0	0	125	376	0.329	0.76	0.835	0	0	0	123	109	0.856	0.96	0.977	0	0	0	125	109	0.857	0.97	0.978	0	0	0	123	95	0.73	0.92	0.946	0	0	0	125	95	0.719	0.92	0.946	0	0	0																																																																																	genotype_comparison	in_vivo_tissue	both_sexes	""	high	brain_cns		TRUE	FALSE	balanced		balanced
SRP199374	reproductive | in_vivo_treatment_arms | conf=high |  | n=40	diet	tissue:reproductive	40	20	20	20	10	10	0.5	0		16833	10	10	5	5	0	6	4	0	20	generic	0.418	0.549	0.847	0.0188	0.0123								1.9	5	0.197	1.009	-0.711	0.152	-0.308	-0.263	M0,M1,M0perm,M3,M4,M5,M7,M4perm,M5perm,M7perm,M0permw	1	0	0	0.93	1	0	0	0	1	0	0	0.83	0.985	0	0	0	1	0	0	0.91	1	0	0	0	1	598	0.002	0.3	0.846	0	0	0	0	598	0	0.3	0.846	0	0	0	1	0	0	0.28	0.79	0	0	0	0	0		0.27	0.79	0	0	0	1	2	0.5	0.5	0.937	0	0	0	0	2	0	0.5	0.937	0	0	0	1	1	1	0.48	0.941	0	0	0	0	1	0	0.45	0.942	0	0	0	1	2	0.5	0.6	0.97	0	0	0	0	2	0	0.59	0.97	0	0	0	1	0	0	0.44	0.839	0	0	0	0	0		0.44	0.839	0	0	0	1	1	1	0.83	0.999	0	0	0	0	1	0	0.82	0.999	0	0	0																																																	in_vivo_treatment_arms	in_vivo_tissue	both_sexes	""	high	reproductive		TRUE	FALSE	balanced		balanced
SRP199441	liver | in_vivo_treatment_arms | conf=high |  | n=78	intervention	in:strain=um-het3;tissue:liver	78	78	24	24	12	12	0.5	0	0	13873.5	12	12	6	6	0	0	0	0	0	liver	-0.484	-0.222	-0.056	0.0012	0.0011	readlen	0					0	2.04	2	0.975	0.621	0.58	-0.779	0.811	-0.122	M0,M1,M0perm,M2,M2perm,M3,M4,M5,M6,M4perm,M5perm,M6perm,M0permw	1346	1652	0.815	0.79	0.997	0	0	0	1346	1046	0.73	0.93	0.981	0	0	0	1346	1383	0.93	0.95	0.999	0	0	0	1346	4041	0.333	0.6	0.976	0	0	1	1652	4041	0.408	0.68	0.977	0	0	1	1346	2509	0.387	0.6	0.872	0	0	1	1652	2509	0.413	0.61	0.874	0	0	1	1346	1472	0.726	0.78	0.98	0	0	0	1652	1472	0.759	0.92	0.982	0	0	0	1346	1656	0.784	0.79	0.993	0	0	0	1652	1656	0.886	0.92	0.996	0	0	0	1346	1140	0.69	0.76	0.983	0	0	0	1652	1140	0.67	0.92	0.986	0	0	0																																	1346	3908	0.344	0.61	0.977	0	0	0	1346	1373	0.753	0.83	0.985	0	0	0	1346	3908	0.344	0.61	0.977	0	0	0	1652	3908	0.423	0.72	0.978	0	0	0	1346	1844	0.729	0.79	0.995	0	0	0	1652	1844	0.887	0.93	0.998	0	0	0	in_vivo_treatment_arms	in_vivo_tissue	both_sexes	""	high	liver		TRUE	FALSE	balanced	balanced	balanced
SRP199583	other | genotype_comparison | conf=high |  | n=60	genotype/variation	ex:source_name=wt_noc_day0_plantaris tendon;tissue:other	60	20	16	15	8	7	0.53	0.339		14861.5	8	7	3	5	15	0	0	1	15	generic	-0.812	0.59	0.575	0.0076	0.0075								2.99	3	0.22	-0.32	1.85	-1.552	1.859	-0.394	M0,M1,M0perm,M3,M4,M5,M4perm,M5perm,M0permw	19	17	0.895	0.8	0.96	0	0	0	19	19	1	0.93	0.996	0	0	0	19	18	0.85	0.72	0.968	0	0	0	19	27	0.438	0.44	0.586	0	0	0	17	27	0.467	0.5	0.609	0	0	0	19	37	0.217	0.34	0.357	0	0	0	17	37	0.227	0.36	0.453	0	0	0	19	7	0.368	0.45	0.639	0	0	0	17	7	0.412	0.5	0.733	0	0	0	19	15	0.789	0.59	0.935	0	0	0	17	15	0.882	0.64	0.982	0	0	0	19	16	0.842	0.48	0.934	0	0	0	17	16	0.833	0.45	0.944	0	0	0																																																																																	genotype_comparison	in_vivo_tissue	male_only	""	high	other		TRUE	FALSE	partially_confounded		partially_confounded
SRP199768	blood_immune | in_vivo_treatment_arms | conf=high |  | n=59	vaccine/antigen	tissue:blood_immune	59	59	12	12	6	6	1	0		8189.5	12	0	6	6	0	0	0	0	12	blood	-0.06	-4.084	2.716	0.9002	0.833								5.64	0		-2.87	-3.053	-2.304	1.804	-1.262	M0																																																																																																																																																																																									in_vivo_treatment_arms	in_vivo_tissue	female_only	""	high	blood_immune		TRUE	TRUE	single_sex		single_sex
SRP199796	lung | in_vivo_treatment_arms | conf=medium |  | n=16	treatment	tissue:lung	16	16	12	12	4	8	0	0		19213.5	0	12	0	0	12	0	0	0	12	lung	1.348	-0.46	-0.955	0.0024	0.0019								7.45	0		-0.048	0.729	0.054	0.414	-1.709	M0																																																																																																																																																																																									in_vivo_treatment_arms	in_vivo_tissue	unknown	""	medium	lung		TRUE	TRUE	single_sex		single_sex
SRP199884	brain_cns | in_vivo_treatment_arms | conf=medium |  | n=10	early life stress	tissue:brain_cns	10	10	10	10	6	4	0	0		16380	0	10	0	0	0	0	0	0	10	brain	-0.206	0.144	0.142	2e-04	2e-04								1.6	0		-0.826	0.079	0.096	0.026	-0.215	M0																																																																																																																																																																																									in_vivo_treatment_arms	in_vivo_tissue	male_only	""	medium	brain_cns		TRUE	TRUE	single_sex		single_sex
SRP200201	brain_cns | genotype_comparison | conf=high |  | n=24	genotype	in:tissue=cerebellum;tissue:brain_cns	24	24	12	12	6	6	0	0	0	17237	0	12	0	0	12	0	0	0	0	brain	-0.699	0.628	-0.181	2e-04	1e-04								5.72	0		0.671	0	0.358	-0.363	0.074	M0																																																																																																																																																																																									genotype_comparison	in_vivo_tissue	unknown	""	high	brain_cns		TRUE	TRUE	single_sex	balanced	single_sex
SRP200258	blood_immune | genotype_comparison | conf=high |  | n=16	genotype	in:tissue=facs-purified pro-b;tissue:blood_immune	16	16	8	8	4	4	1	0		15338	8	0	4	4	8	0	0	0	8	blood	-0.1	-0.313	-0.909	0	0								11.06	0		-0.545	-0.846	0.782	-0.721	-0.594	M0																																																																																																																																																																																									genotype_comparison	ex_vivo_primary_cells	female_only	""	high	blood_immune		TRUE	TRUE	single_sex		single_sex
SRP200316	tumor | genotype_comparison | conf=medium | tumor_tissue | n=65	genotype/variation	in:tissue=b cells;tissue:tumor	65	65	10	10	4	6	0.8	0.5		11735.5	8	2	2	6	10	0	0	0	10	generic	0.606	0.366	-0.095	0.0044	0.004								8.23	3	0.067	-2.448	3.377	-3.567	3.426	1.511	M0,M1,M0perm,M3,M4,M5,M4perm,M5perm,M0permw	987	225	0.213	0.66	0.928	0	1	0	987	614	0.547	0.86	0.944	0	1	0	987	257	0.237	0.7	0.932	0	1	0	987	965	0.686	0.65	0.953	0	1	0	225	965	0.201	0.44	0.895	0	0	0	987	1	0	0.07	0.332	166	1	0	225	1	0	0.08	0.402	15	0	0	987	82	0.077	0.73	0.887	0	1	0	225	82	0.329	0.74	0.963	0	0	0	987	0	0	0.41	0.805	0	1	0	225	0	0	0.44	0.872	0	0	0	987	13	0.013	0.59	0.883	0	1	0	225	13	0.058	0.65	0.955	0	0	0																																																																																	genotype_comparison	in_vivo_tissue	unknown	tumor_tissue	medium	tumor		TRUE	FALSE	partially_confounded		partially_confounded
SRP200403	skin | in_vivo_treatment_arms | conf=high |  | n=162	treatment1	in:source_name=skin;in:genotype=wild-type;in:treatment2=no_injection;in:time point=day_8;tissue:skin	162	162	11	11	5	6	0	0		18245	0	11	0	0	0	0	0	0	11	generic	1.371	-0.669	-0.27	4e-04	3e-04								4.47	0		-0.071	-2.247	-0.242	0.239	-0.785	M0																																																																																																																																																																																									in_vivo_treatment_arms	in_vivo_tissue	male_only	""	high	skin		TRUE	TRUE	single_sex		single_sex
SRP200404	brain_cns | genotype_comparison | conf=high |  | n=12	genotype	tissue:brain_cns	12	12	12	12	6	6	0	0	0	17825	0	12	0	0	12	0	0	0	0	brain	-0.526	1.254	-0.834	3e-04	2e-04								7.75	0		0.703	-0.39	-0.571	0.511	-1.106	M0																																																																																																																																																																																									genotype_comparison	in_vivo_tissue	unknown	""	high	brain_cns		TRUE	TRUE	single_sex	balanced	single_sex
SRP200405	other | genotype_comparison | conf=high |  | n=100	genotype/variation	tissue:other	100	25	25	25	13	12	0.52	0.199		15574	13	12	8	5	0	5	0	0	25	generic	0.955	0.773	0.724	0.0119	0.0118								12.1	5	0.19	-0.924	0.087	0.522	-0.188	0.456	M0,M1,M0perm,M3,M4,M5,M7,M4perm,M5perm,M7perm,M0permw	1	1	1	0.46	0.98	0	0	0	1	3570	0	0.05	0.933	0	0	0	1	1	1	0.86	0.989	0	0	0	1	3	0.333	0.15	0.753	0	0	0	1	3	0.333	0.15	0.778	0	0	0	1	1	1	0.27	0.876	0	0	0	1	1	1	0.38	0.892	0	0	0	1	1	1	0.25	0.691	0	0	0	1	1	1	0.37	0.735	0	0	0	1	1	1	0.38	0.973	0	0	0	1	1	1	0.84	0.992	0	0	0	1	2	0.5	0.36	0.964	0	0	0	1	2	0.5	0.62	0.976	0	0	0	1	1	1	0.34	0.869	0	0	0	1	1	1	0.52	0.898	0	0	0	1	1	1	0.41	0.976	0	0	0	1	1	1	0.92	0.997	0	0	0																																																	genotype_comparison	in_vivo_tissue	both_sexes	""	high	other		TRUE	FALSE	mildly_imbalanced		mildly_imbalanced
SRP200481	brain_cns | genotype_comparison | conf=high |  | n=15	adar1 genotype	tissue:brain_cns	15	15	12	12	6	6	0	0		19885.5	0	12	0	0	0	0	0	0	0	brain	-0.235	0.05	-0.946	5e-04	3e-04	platform	0	0				0	8.11	0		-0.13	-0.061	0.3	-0.379	-0.426	M0																																																																																																																																																																																									genotype_comparison	in_vivo_tissue	male_only	""	high	brain_cns		TRUE	TRUE	single_sex		single_sex
SRP200569	gut | genotype_comparison | conf=high |  | n=16	genotype/variation	tissue:gut	16	16	16	16	8	8	0.5	0		16054.5	8	8	4	4	0	4	0	0	0	gut	-0.613	-0.569	-0.516	2e-04	2e-04								1.84	4	0.213	0.239	-1.103	-0.131	-0.123	-0.334	M0,M1,M0perm,M3,M4,M5,M4perm,M5perm,M0permw	0	0		0.89	0.998	0	0	0	0	0		0.43	0.958	0	0	0	0	0		0.81	0.999	0	0	0	0	0		0.19	0.344	0	0	0	0	0		0.19	0.341	0	0	0	0	0		0.25	0.343	0	0	0	0	0		0.25	0.342	0	0	0	0	0		0.38	0.842	0	0	0	0	0		0.39	0.845	0	0	0	0	0		0.59	0.976	0	0	0	0	0		0.62	0.977	0	0	0	0	0		0.54	0.971	0	0	0	0	0		0.54	0.972	0	0	0																																																																																	genotype_comparison	in_vivo_tissue	both_sexes	""	high	gut		TRUE	FALSE	balanced		balanced
SRP200652	other | in_vivo_treatment_arms | conf=high |  | n=17	treatment	tissue:other	17	17	17	17	8	9	1	0		17288	17	0	8	9	17	0	0	0	17	generic	-0.273	0.258	0.708	0.003	0.0028								3.05	0		-1.239	0.218	0.001	-0.371	-0.135	M0																																																																																																																																																																																									in_vivo_treatment_arms	in_vivo_tissue	unknown	""	high	other		TRUE	TRUE	single_sex		single_sex
SRP201011	brain_cns | genotype_comparison | conf=medium |  | n=73	genotype	in:age=8 months;tissue:brain_cns	73	73	27	27	21	6	0.48	0.024		16439	13	14	10	3	27	0	0	0	0	brain	-1.168	-2.309	0.681	3e-04	3e-04								3.64	5	0.842	1.116	-1.771	-2.543	1.744	-0.273	M0,M1,M0perm,M3,M4,M5,M4perm,M5perm,M0permw	7903	8000	0.971	0.83	0.999	0	0	0	7903	7244	0.815	0.91	0.981	0	0	0	7903	8089	0.962	0.94	0.999	0	0	0	7903	10680	0.714	0.61	0.973	0	0	1	8000	10680	0.721	0.59	0.975	0	0	1	7903	7155	0.567	0.64	0.867	13	0	0	8000	7155	0.568	0.66	0.87	12	0	0	7903	9028	0.393	0.57	0.679	456	0	0	8000	9028	0.398	0.61	0.685	464	0	0	7903	7783	0.847	0.8	0.977	0	0	0	8000	7783	0.849	0.85	0.979	0	0	0	7903	7690	0.905	0.82	0.995	0	0	0	8000	7690	0.912	0.92	0.996	0	0	0																																																																																	genotype_comparison	ex_vivo_primary_cells	unknown	""	medium	brain_cns		TRUE	FALSE	balanced		balanced
SRP201399	liver | genotype_comparison | conf=medium | tumor_tissue | n=48	genotype	in:tissue=liver tumor;tissue:liver	48	24	8	8	4	4	0	0		14776	0	8	0	0	8	0	0	0	0	liver	0.155	-1.165	1.26	0.001	8e-04								3.06	0		-2.059	-0.609	0.48	-0.7	-0.704	M0																																																																																																																																																																																									genotype_comparison	in_vivo_tissue	unknown	tumor_tissue	medium	liver		TRUE	TRUE	single_sex		single_sex
SRP201548	blood_immune | genotype_comparison | conf=medium |  | n=15	strain	tissue:blood_immune	15	15	15	15	7	8	0	0	0.134	16290	0	15	0	0	15	0	0	0	0	blood	1.562	3.842	4.107	5e-04	5e-04								2.49	0		2.637	-1.854	-1.204	1.317	0.204	M0																																																																																																																																																																																									genotype_comparison	ex_vivo_primary_cells	unknown	""	medium	blood_immune		TRUE	TRUE	single_sex	balanced	single_sex
SRP201665	lung | in_vivo_treatment_arms | conf=high |  | n=186	treatment	in:tissue=skin;in:time point=d14;tissue:lung	186	186	16	16	8	8	0.44	0.125		18631	7	9	3	4	0	1	3	0	0	lung	-0.084	-0.011	-0.092	0.0067	0.0066								8.19	2	0.263	-0.347	-0.662	-2.688	2.488	-0.136	M0,M1,M0perm,M3,M4,M5,M4perm,M5perm,M0permw	6039	5968	0.927	0.91	0.956	0	0	0	6039	5847	0.939	0.88	0.992	0	0	0	6039	6250	0.904	0.71	0.948	0	0	0	6039	7031	0.839	0.54	0.939	0	0	0	5968	7031	0.822	0.54	0.952	0	0	0	6039	6102	0.798	0.71	0.945	0	0	0	5968	6102	0.802	0.76	0.967	0	0	0	6039	5746	0.876	0.71	0.953	0	0	0	5968	5746	0.906	0.75	0.992	0	0	0	6039	5566	0.808	0.65	0.948	0	0	0	5968	5566	0.847	0.7	0.936	0	0	0	6039	5641	0.8	0.74	0.941	0	0	0	5968	5641	0.843	0.81	0.912	1	0	0																																																																																	in_vivo_treatment_arms	in_vivo_tissue	female_only	""	high	lung		TRUE	FALSE	balanced		balanced
SRP201679	brain_cns | genotype_comparison | conf=high |  | n=30	genotype	tissue:brain_cns	30	30	19	19	10	9	0.47	0.056		15068	9	10	5	4	0	0	0	0	19	brain	1.067	0.668	-0.316	1e-04	1e-04								16.36	4	0.561	0.668	0.3	0.643	-0.691	-1.189	M0,M1,M0perm,M3,M4,M5,M4perm,M5perm,M0permw	115	164	0.681	0.84	0.995	0	0	0	115	94	0.802	0.97	0.998	0	0	0	115	101	0.815	0.93	0.998	0	0	0	115	213	0.396	0.53	0.569	0	0	0	164	213	0.381	0.58	0.544	0	0	0	115	57	0.483	0.72	0.897	0	0	0	164	57	0.348	0.74	0.896	0	0	0	115	180	0.475	0.73	0.943	0	0	0	164	180	0.529	0.74	0.949	0	0	0	115	183	0.577	0.79	0.988	0	0	0	164	183	0.779	0.91	0.994	0	0	0	115	160	0.545	0.78	0.977	0	0	0	164	160	0.653	0.84	0.978	0	0	0																																																																																	genotype_comparison	ex_vivo_primary_cells	both_sexes	""	high	brain_cns		TRUE	FALSE	balanced		balanced
SRP201779	brain_cns | in_vivo_treatment_arms | conf=medium |  | n=200	activity	in:brain region=hippocampus;in:age=one year;tissue:brain_cns	200	65	17	17	5	12	0	0		17415	0	17	0	0	17	0	0	0	17	brain	-0.315	-0.223	1.809	2e-04	2e-04								4.59	0		0.563	-0.676	-0.839	0.492	1.264	M0																																																																																																																																																																																									in_vivo_treatment_arms	in_vivo_tissue	unknown	""	medium	brain_cns		TRUE	TRUE	single_sex		single_sex
SRP201876	adipose | genotype_comparison | conf=high |  | n=15	genotype	tissue:adipose	15	15	13	13	8	5	0	0		19096	0	13	0	0	13	0	0	0	13	adipose	-0.624	1.312	-0.827	1e-04	1e-04	platform	0.098	0.098					8.66	0		-0.177	0.1	0.552	-0.425	0.261	M0																																																																																																																																																																																									genotype_comparison	in_vivo_tissue	unknown	""	high	adipose		TRUE	TRUE	single_sex		single_sex
SRP201969	adipose | genotype_comparison | conf=high |  | n=17	genotype/variation	tissue:adipose	17	17	17	17	8	9	0.53	0.528	0.212	12472	9	8	2	7	0	1	2	0	0	adipose	-0.364	-0.493	0.14	3e-04	2e-04								2.57	3	0.066	0.55	-0.958	-0.173	-0.235	-0.121	M0,M1,M0perm,M2,M2perm,M3,M4,M5,M4perm,M5perm,M0permw	7	4	0.571	0.48	0.858	0	0	0	7	7	1	0.85	0.987	0	0	0	7	4	0.571	0.49	0.893	0	0	0	7	11	0.636	0.42	0.824	0	0	0	4	11	0.364	0.33	0.723	0	0	0	7	6	0.857	0.32	0.432	0	0	0	4	6	0.667	0.37	0.487	0	0	0	7	4	0.571	0.29	0.665	0	0	0	4	4	1	0.44	0.857	0	0	0	7	3	0.429	0.39	0.787	0	0	0	4	3	0.75	0.57	0.881	0	0	0	7	4	0.571	0.53	0.848	0	0	0	4	4	1	0.87	0.995	0	0	0																																	7	4	0.571	0.47	0.837	0	0	0	7	5	0.714	0.35	0.72	0	0	0																																	genotype_comparison	in_vivo_tissue	both_sexes	""	high	adipose		TRUE	FALSE	partially_confounded	balanced	partially_confounded
SRP211761	blood_immune | in_vivo_treatment_arms | conf=high |  | n=8	treatment	tissue:blood_immune	8	8	8	8	4	4	0	0		16586.5	0	8	0	0	8	0	0	0	8	blood	7.763	1.93	2.303	0.0013	0.0012								1.49	0		2.394	-4.67	0.083	-0.896	-0.946	M0																																																																																																																																																																																									in_vivo_treatment_arms	ex_vivo_primary_cells	unknown	""	high	blood_immune		TRUE	TRUE	single_sex		single_sex
SRP211789	adipose | genotype_comparison | conf=high |  | n=12	phenotype	tissue:adipose	12	12	12	12	6	6	0	0		14934.5	0	12	0	0	0	4	0	0	0	adipose	-0.071	-0.235	0.356	0.0022	0.0016								3.13	0		0.685	-0.758	-1.438	0.887	-0.115	M0																																																																																																																																																																																									genotype_comparison	in_vivo_tissue	male_only	""	high	adipose		TRUE	TRUE	single_sex		single_sex
SRP211825	other | genotype_comparison | conf=high |  | n=16	genotype	in:loading condition=non-loaded l side;tissue:other	16	16	8	8	4	4	0.75	0.5		18010	6	2	2	4	0	0	0	0	8	generic	1.07	1.656	-0.842	0.0102	0.0057								12	0		0.304	0.296	-0.052	0.317	-0.723	M0,M1,M0perm,M4,M5,M7,M4perm,M5perm,M7perm,M0permw	3591	5648	0.545	0.17	0.766	0	4	5	3591	5648	0.545	0.17	0.766	0	4	5	3591	2191	0.586	0.84	0.934	0	4	4																	3591	5836	0.519	0.19	0.745	0	4	5	5648	5836	0.915	0.71	0.988	0	5	5	3591	3395	0.427	0.21	0.605	8	4	5	5648	3395	0.592	0.71	0.838	4	5	5	3591	4128	0.437	0.28	0.552	4	4	4	5648	4128	0.695	0.46	0.808	0	5	4	3591	4646	0.532	0.24	0.744	0	4	5	5648	4646	0.806	0.72	0.962	0	5	5	3591	5751	0.532	0.16	0.76	0	4	5	5648	5751	0.924	0.79	0.986	0	5	5	3591	3510	0.475	0.34	0.702	4	4	4	5648	3510	0.545	0.51	0.852	12	5	4																																																	genotype_comparison	in_vivo_tissue	male_only	""	high	other		TRUE	FALSE	partially_confounded		partially_confounded
SRP211858	brain_cns | genotype_comparison | conf=high |  | n=49	genotype	in:tissue=ventral striatum;subj:mouseid_brainregion;tissue:brain_cns	49	49	11	11	5	6	0	0		16608	0	11	0	0	0	2	0	0	11	brain	0.154	-0.63	-0.157	3e-04	2e-04	readlen	0.356	0.069				0.356	8.63	0		-0.712	0.092	0.246	-0.115	-0.123	M0																																																																																																																																																																																									genotype_comparison	in_vivo_tissue	male_only	""	high	brain_cns		TRUE	TRUE	single_sex		single_sex
SRP211876	blood_immune | genotype_comparison | conf=high | tumor_tissue | n=16	genotype	tissue:blood_immune	16	8	8	8	4	4	0.62	0.25		15062.5	5	3	3	2	8	0	0	0	8	blood	1.083	1.131	1.579	4e-04	4e-04								12.78	0		-0.452	0.814	1.145	-1.136	-0.444	M0,M1,M0perm,M4,M5,M4perm,M5perm,M0permw	0	0		0.62	0.976	0	0	0	0	2119	0	0.06	0.825	0	0	0	0	0		0.47	0.975	0	0	0																	0	32	0	0.33	0.917	0	0	0	0	32	0	0.39	0.945	0	0	0	0	0		0.28	0.698	0	0	0	0	0		0.35	0.76	0	0	0	0	0		0.38	0.95	0	0	0	0	0		0.51	0.961	0	0	0	0	0		0.14	0.798	0	0	0	0	0		0.21	0.796	0	0	0																																																																																	genotype_comparison	ex_vivo_primary_cells	unknown	tumor_tissue	high	blood_immune		TRUE	FALSE	mildly_imbalanced		mildly_imbalanced
SRP212036	reproductive | genotype_comparison | conf=high |  | n=8	genotype	tissue:reproductive	8	8	8	8	4	4	0	0		16404.5	0	8	0	0	0	0	2	0	0	generic	1.689	-0.254	1.224	1e-04	1e-04								3.65	0		1.042	2.079	-3.056	3.072	0.366	M0																																																																																																																																																																																									genotype_comparison	ex_vivo_primary_cells	male_only	""	high	reproductive		TRUE	TRUE	single_sex		single_sex
SRP212107	other | in_vivo_treatment_arms | conf=high |  | n=28	treatment	tissue:other	28	28	15	15	7	8	0.53	0.071		17884	8	7	4	4	0	0	0	0	0	generic	3.421	0.763	-1.016	0.0026	0.0023								1.66	3	0.963	-0.486	-1.051	1.017	-0.936	-0.906	M0,M1,M0perm,M3,M4,M5,M4perm,M5perm,M0permw	1317	2150	0.613	0.83	0.988	0	0	0	1317	1528	0.767	0.93	0.983	0	0	0	1317	1268	0.89	0.96	0.999	0	0	0	1317	1881	0.506	0.63	0.888	0	0	0	2150	1881	0.569	0.69	0.894	1	0	0	1317	552	0.315	0.63	0.84	0	0	0	2150	552	0.234	0.7	0.85	0	0	0	1317	60	0.042	0.41	0.641	7	0	0	2150	60	0.028	0.46	0.632	27	0	0	1317	696	0.444	0.8	0.947	0	0	0	2150	696	0.319	0.87	0.952	0	0	0	1317	1857	0.644	0.8	0.981	0	0	0	2150	1857	0.783	0.92	0.995	0	0	0																																																																																	in_vivo_treatment_arms	in_vivo_tissue	both_sexes	""	high	other		TRUE	FALSE	balanced		balanced
SRP212122	brain_cns | genotype_comparison | conf=high |  | n=35	genotype	in:tissue=forebrain;tissue:brain_cns	35	35	13	13	7	6	0	0	0.132	16849	0	13	0	0	13	0	0	0	0	brain	-0.732	-0.154	-0.669	4e-04	4e-04								6.73	0		-0.248	-0.25	-0.278	0.235	-0.481	M0																																																																																																																																																																																									genotype_comparison	ex_vivo_primary_cells	unknown	""	high	brain_cns		TRUE	TRUE	single_sex	balanced	single_sex
SRP212124	brain_cns | in_vivo_treatment_arms | conf=high |  | n=12	prenatal treatment	tissue:brain_cns	12	12	12	12	6	6	0	0		16706	0	12	0	0	12	0	0	0	0	brain	-0.706	-0.242	1.552	0.0012	9e-04								2.65	0		1.018	0.086	0.64	-0.426	0.692	M0																																																																																																																																																																																									in_vivo_treatment_arms	in_vivo_tissue	unknown	""	high	brain_cns		TRUE	TRUE	single_sex		single_sex
SRP212257	liver | in_vivo_treatment_arms | conf=high |  | n=12	agent	tissue:liver	12	12	12	12	6	6	0	0		16835	0	12	0	0	12	0	0	0	12	liver	1.212	-1.543	-0.563	8e-04	5e-04								10.43	0		1.394	0.084	-0.042	-0.005	0.467	M0																																																																																																																																																																																									in_vivo_treatment_arms	in_vivo_tissue	unknown	""	high	liver		TRUE	TRUE	single_sex		single_sex
SRP212544	lung | in_vivo_treatment_arms | conf=high |  | n=18	treatment	subj:isolate;tissue:lung	18	18	18	18	9	9	1	0		17917	18	0	9	9	0	0	0	0	0	lung	-1.075	1.51	-0.82	0.0109	0.0104								3.49	0		-1.177	0.036	0.066	-0.148	0.112	M0																																																																																																																																																																																									in_vivo_treatment_arms	in_vivo_tissue	female_only	""	high	lung		TRUE	TRUE	single_sex		single_sex
SRP212656	brain_cns | in_vivo_treatment_arms | conf=high |  | n=17	disease state	in:treatment=sglacz;tissue:brain_cns	17	17	11	9	5	4	0.56	0.35		16752	5	4	2	3	9	0	0	2	9	brain	0.245	-0.375	1.13	0.0012	9e-04								2.95	0		0.271	-0.879	0.526	-0.298	0.487	M0,M1,M0perm,M4,M5,M4perm,M5perm,M0permw	0	0		0.52	0.935	0	0	0	0	0		0.33	0.974	0	0	0	0	0		0.57	0.954	0	0	0																	0	0		0.11	0.328	0	0	0	0	0		0.11	0.16	0	0	0	0	0		0.33	0.945	0	0	0	0	0		0.53	0.971	0	0	0	0	0		0.27	0.932	0	0	0	0	0		0.36	0.964	0	0	0	0	0		0.3	0.92	0	0	0	0	0		0.55	0.943	0	0	0																																																																																	in_vivo_treatment_arms	in_vivo_tissue	unknown	""	high	brain_cns		TRUE	FALSE	partially_confounded		partially_confounded
SRP212664	liver | genotype_comparison | conf=high |  | n=12	genotype	tissue:liver	12	12	12	12	6	6	0	0		14722.5	0	12	0	0	12	0	0	0	0	liver	1.524	1.66	0.055	2e-04	1e-04								3.86	0		0.407	0.607	1.845	-0.946	0.634	M0																																																																																																																																																																																									genotype_comparison	in_vivo_tissue	male_only	""	high	liver		TRUE	TRUE	single_sex		single_sex
SRP212753	tumor | in_vivo_treatment_arms | conf=high | tumor_tissue | n=40	treatment	tissue:tumor	40	40	40	34	18	16	1	0		13383	34	0	18	16	34	0	0	6	34	generic	1.144	0.29	-0.649	0.0049	0.0049								36.2	0		0.232	0.01	-0.278	0.293	0.128	M0																																																																																																																																																																																									in_vivo_treatment_arms	in_vivo_tissue	female_only	tumor_tissue	high	tumor		TRUE	TRUE	single_sex		single_sex
SRP212923	heart | genotype_comparison | conf=medium |  | n=11	genotype	tissue:heart	11	11	11	9	5	4	0.44	0.8		15354	4	5	4	0	9	0	0	2	9	heart	1.17	0.693	0.843	1e-04	1e-04								1.7	0		-2.474	1.727	-0.281	0.289	1.256	M0,M1,M0perm,M4,M5,M4perm,M5perm,M0permw	0	0		0.13	0.406	0	0	0	0	0		0.54	0.965	0	0	0	0	0		0.16	0.487	0	0	0																	0	0		0.11	0.347	0	0	0	0	0		0.75	0.881	0	0	0	0	0		0.12	0.263	0	0	0	0	0		0.68	0.848	0	0	0	0	0		0.06	0.327	0	0	0	0	0		0.54	0.829	0	0	0	0	0		0.12	0.45	0	0	0	0	0		0.77	0.933	0	0	0																																																																																	genotype_comparison	in_vivo_tissue	unknown	""	medium	heart		TRUE	FALSE	partially_confounded		partially_confounded
SRP212932	gut | in_vivo_treatment_arms | conf=high |  | n=28	source_name	in:tissue=colon;tissue:gut	28	28	9	9	4	5	0.44	0.1		16666	4	5	2	2	0	0	5	0	9	gut	1.019	-0.929	-1.167	0.0057	0.0054								2.44	0		0.89	1.101	0.288	1.597	-0.575	M0,M1,M0perm,M4,M5,M4perm,M5perm,M0permw	8	22	0.364	0.83	0.982	0	0	0	8	20	0.4	0.79	0.982	0	0	0	8	10	0.8	0.86	0.982	0	0	0																	8	99	0.081	0.47	0.749	0	0	0	22	99	0.21	0.55	0.748	0	0	0	8	34	0.135	0.46	0.793	0	0	0	22	34	0.302	0.54	0.795	0	0	0	8	2	0	0.48	0.67	0	0	0	22	2	0.091	0.56	0.671	0	0	0	8	5	0.182	0.48	0.856	0	0	0	22	5	0.227	0.53	0.874	0	0	0																																																																																	in_vivo_treatment_arms	in_vivo_tissue	both_sexes	""	high	gut		TRUE	FALSE	balanced		balanced
SRP212934	brain_cns | in_vivo_treatment_arms | conf=high |  | n=30	diet	in:cd45level=cd45lo;tissue:brain_cns	30	15	8	8	4	4	0	0		15813.5	0	8	0	0	8	0	0	0	0	brain	0.28	-2.516	-0.261	1e-04	1e-04								6.56	0		-0.693	0.419	1.345	-1.205	-1.024	M0																																																																																																																																																																																									in_vivo_treatment_arms	ex_vivo_primary_cells	unknown	""	high	brain_cns		TRUE	TRUE	single_sex		single_sex
SRP212936	blood_immune | in_vivo_treatment_arms | conf=medium |  | n=24	treatment	in:tissue=conducting airways;tissue:blood_immune	24	24	8	8	4	4	1	0		18394	8	0	4	4	0	0	0	0	0	blood	0.028	-0.971	0.323	0.0099	0.0037								2.46	0		-0.842	-0.743	0.701	-1.284	0.757	M0																																																																																																																																																																																									in_vivo_treatment_arms	in_vivo_tissue	female_only	""	medium	blood_immune		TRUE	TRUE	single_sex		single_sex
SRP212952	other | genotype_comparison | conf=high |  | n=12	genotype	tissue:other	12	12	12	12	6	6	0	0		18989	0	12	0	0	0	0	0	0	0	generic	0.202	-0.783	0.609	2e-04	2e-04								6.94	0		-0.262	0.338	0.188	-0.48	-0.114	M0																																																																																																																																																																																									genotype_comparison	in_vivo_tissue	male_only	""	high	other		TRUE	TRUE	single_sex		single_sex
SRP212954	other | genotype_comparison | conf=high |  | n=12	genotype	tissue:other	12	12	12	12	6	6	0	0		19029.5	0	12	0	0	0	0	0	0	0	generic	0.157	0.292	0.137	4e-04	3e-04								7.6	0		0.431	0.212	-0.056	0.47	-0.163	M0																																																																																																																																																																																									genotype_comparison	in_vivo_tissue	male_only	""	high	other		TRUE	TRUE	single_sex		single_sex
SRP212955	other | genotype_comparison | conf=high |  | n=12	genotype	tissue:other	12	12	12	12	6	6	0.83	0.333		17441	10	2	4	6	0	0	0	0	0	generic	-1.19	-0.576	-0.395	2e-04	2e-04								8.43	2	0.108	0.594	0.246	-0.892	0.511	-0.833	M0,M1,M0perm,M3,M4,M5,M4perm,M5perm,M0permw	289	0	0	0.89	0.915	0	0	0	289	242	0.825	0.9	0.999	0	0	0	289	2789	0.095	0	0.939	0	0	0	289	4444	0.065	0.23	0.985	0	0	0	0	4444	0	0.24	0.885	0	0	0	289	0	0	0.27	0.84	0	0	0	0	0		0.33	0.891	0	0	0	289	0	0	0.38	0.822	0	0	0	0	0		0.42	0.859	0	0	0	289	0	0	0.35	0.836	0	0	0	0	0		0.4	0.907	0	0	0	289	0	0	0.16	0.911	0	0	0	0	0		0.19	0.991	0	0	0																																																																																	genotype_comparison	in_vivo_tissue	male_only	""	high	other		TRUE	FALSE	partially_confounded		partially_confounded
SRP213018	blood_immune | genotype_comparison | conf=high | tumor_tissue | n=10	genotype	tissue:blood_immune	10	10	10	10	6	4	0.6	0.167		15964.5	6	4	4	2	10	0	0	0	10	blood	-2.99	-1.832	0.952	2e-04	2e-04								8.3	2	0.493	1.366	-0.492	-0.029	-0.242	0.387	M0,M1,M0perm,M3,M4,M5,M4perm,M5perm,M0permw	6065	6381	0.869	0.84	0.992	0	0	0	6065	6265	0.826	0.83	0.987	0	0	0	6065	5784	0.879	0.85	0.995	0	0	0	6065	11648	0.521	0.3	0.979	0	0	0	6381	11648	0.546	0.31	0.974	0	0	0	6065	3365	0.517	0.7	0.958	0	0	0	6381	3365	0.498	0.74	0.953	0	0	0	6065	1942	0.286	0.55	0.833	69	0	0	6381	1942	0.274	0.6	0.823	90	0	0	6065	3431	0.544	0.65	0.965	0	0	0	6381	3431	0.534	0.72	0.978	0	0	0	6065	2936	0.476	0.67	0.971	0	0	0	6381	2936	0.459	0.75	0.98	0	0	0																																																																																	genotype_comparison	ex_vivo_primary_cells	unknown	tumor_tissue	high	blood_immune		TRUE	FALSE	mildly_imbalanced		mildly_imbalanced
SRP213629	brain_cns | in_vivo_treatment_arms | conf=high |  | n=72	injury	tissue:brain_cns	72	24	16	16	8	8	0	0		17941	0	16	0	0	16	0	0	0	16	brain	-0.486	0.671	0.528	9e-04	8e-04								5.86	0		0.168	0.033	-0.641	0.618	-0.602	M0																																																																																																																																																																																									in_vivo_treatment_arms	in_vivo_tissue	unknown	""	high	brain_cns		TRUE	TRUE	single_sex		single_sex
SRP213641	other | in_vivo_treatment_arms | conf=medium | pooled_samples | n=11	tretment in vivo	tissue:other	11	11	11	10	5	5	0	0		15889	0	10	0	0	10	0	0	1	10	generic	0.09	0.371	-0.276	0.0053	0.0047								4.67	0		-0.048	1.344	-1.818	2.158	0.694	M0																																																																																																																																																																																									in_vivo_treatment_arms	ex_vivo_primary_cells	unknown	pooled_samples	medium	other		TRUE	TRUE	single_sex		single_sex
SRP213792	muscle | genotype_comparison | conf=high |  | n=64	genotype	tissue:muscle	64	16	16	16	9	7	0	0		14762.5	0	16	0	0	16	0	0	0	16	muscle	0.553	-0.072	-0.636	5e-04	5e-04								1.75	0		-0.199	0.099	-0.011	-0.09	0.175	M0																																																																																																																																																																																									genotype_comparison	in_vivo_tissue	unknown	""	high	muscle		TRUE	TRUE	single_sex		single_sex
SRP213838	other | between_subject_case_control | conf=medium |  | n=44	condition	in:age=p9;tissue:other	44	21	13	13	7	6	0.38	0.095		20724	5	8	3	2	13	0	0	0	0	generic	-0.969	-1.991	-2.411	0.023	0.0221								22.62	4	0.099	3.166	0.453	1.04	0.595	0.586	M0,M1,M0perm,M3,M4,M5,M7,M4perm,M5perm,M7perm,M0permw	4722	4540	0.896	0.91	0.994	0	0	0	4722	3251	0.653	0.83	0.97	0	0	0	4722	4909	0.885	0.85	0.994	0	0	0	4722	7763	0.576	0.5	0.936	0	0	0	4540	7763	0.551	0.48	0.927	0	0	0	4722	298	0.063	0.49	0.716	75	0	0	4540	298	0.065	0.52	0.701	70	0	0	4722	1266	0.22	0.48	0.763	12	0	0	4540	1266	0.229	0.51	0.784	9	0	0	4722	4145	0.79	0.73	0.983	0	0	0	4540	4145	0.826	0.76	0.986	0	0	0	4722	4394	0.771	0.81	0.968	0	0	0	4540	4394	0.81	0.84	0.978	0	0	0	4722	2006	0.236	0.2	0.637	195	0	0	4540	2006	0.237	0.2	0.625	196	0	0	4722	4416	0.855	0.82	0.99	0	0	0	4540	4416	0.899	0.88	0.995	0	0	0																																																	between_subject_case_control	in_vivo_tissue	unknown	""	medium	other		TRUE	FALSE	balanced		balanced
SRP213880	brain_cns | genotype_comparison | conf=high |  | n=56	genotype	in:cell_type=microglia;subj:animal_id;tissue:brain_cns	56	56	28	28	14	14	1	0	0	14696.5	28	0	14	14	0	0	0	0	0	brain	-0.25	0.001	-0.841	4e-04	4e-04								10.96	0		-0.341	0.019	-0.155	0.019	-0.251	M0																																																																																																																																																																																									genotype_comparison	ex_vivo_primary_cells	female_only	""	high	brain_cns		TRUE	TRUE	single_sex	balanced	single_sex
SRP214059	gut | genotype_comparison | conf=high | tumor_tissue | n=18	genotype/variation	in:source_name=gavaged with nmba;tissue:gut	18	18	12	12	6	6	0	0		16783.5	0	12	0	0	0	0	0	0	12	gut	-0.188	0.547	-0.446	3e-04	2e-04								1.98	0		-0.137	2.032	1.176	0.1	0.392	M0																																																																																																																																																																																									genotype_comparison	in_vivo_tissue	male_only	tumor_tissue	high	gut		TRUE	TRUE	single_sex		single_sex
SRP214273	brain_cns | genotype_comparison | conf=high |  | n=48	genotype	in:tissue region=cortex;in:treatment=vehicle;tissue:brain_cns	48	48	8	8	4	4	0.88	0.25		17348	7	1	3	4	8	0	0	0	8	brain	-2.844	-0.778	0.788	0.0231	0.0231								9.62	0		-0.465	-0.572	-0.081	0.049	-0.824	M0,M1,M0perm,M4,M5,M7,M4perm,M5perm,M7perm,M0permw	43	10	0.152	0.82	0.958	0	0	0	43	3	0.07	0.76	0.951	0	0	0	43	1	0.023	0.66	0.963	0	0	0																	43	0	0	0.13	0.556	0	0	0	10	0	0	0.14	0.644	0	0	0	43	0	0	0.14	0.464	0	0	0	10	0	0	0.19	0.518	0	0	0	43	0	0	0.17	0.75	0	0	0	10	0	0	0.23	0.814	0	0	0	43	0	0	0.38	0.921	0	0	0	10	0	0	0.45	0.959	0	0	0	43	1	0	0.51	0.895	0	0	0	10	1	0.1	0.63	0.93	0	0	0	43	34	0.069	0.22	0.893	0	0	0	10	34	0.128	0.24	0.902	0	0	0																																																	genotype_comparison	in_vivo_tissue	unknown	""	high	brain_cns		TRUE	FALSE	mildly_imbalanced		mildly_imbalanced
SRP214375	gut | in_vivo_treatment_arms | conf=high |  | n=60	disease	tissue:gut	60	60	60	60	40	20	0.8	0		17323.5	48	12	32	16	0	0	6	0	0	gut	-0.327	1.614	0.428	0.0098	0.0098								4.77	5	0.032	-1.013	0.811	-0.477	0.575	0.161	M0,M1,M0perm,M3,M4,M5,M4perm,M5perm,M0permw	4971	4940	0.975	0.99	0.999	0	0	0	4971	4941	0.979	0.98	0.999	0	0	0	4971	4943	0.978	0.94	0.999	0	0	0	4971	5348	0.729	0.77	0.872	4	0	0	4940	5348	0.726	0.77	0.872	4	0	0	4971	6887	0.53	0.83	0.916	0	0	0	4940	6887	0.528	0.83	0.915	0	0	0	4971	2904	0.437	0.71	0.614	227	0	0	4940	2904	0.437	0.7	0.615	228	0	0	4971	4657	0.81	0.92	0.982	0	0	0	4940	4657	0.817	0.93	0.983	0	0	0	4971	4860	0.929	0.97	0.997	0	0	0	4940	4860	0.938	0.97	0.997	0	0	0																																																																																	in_vivo_treatment_arms	in_vivo_tissue	male_only	""	high	gut		TRUE	FALSE	balanced		balanced
SRP214489	other | in_vivo_treatment_arms | conf=high |  | n=12	developmental exposure	tissue:other	12	12	12	12	6	6	1	0		14160.5	12	0	6	6	0	0	0	0	0	generic	-0.616	-0.072	0.722	0	0								13.65	0		2.904	-1.615	0.146	-0.242	0.106	M0																																																																																																																																																																																									in_vivo_treatment_arms	ex_vivo_primary_cells	female_only	""	high	other		TRUE	TRUE	single_sex		single_sex
SRP215249	tumor | genotype_comparison | conf=high | tumor_tissue | n=40	genotype	tissue:tumor	40	10	10	10	5	5	0	0		16888.5	0	10	0	0	10	0	0	0	10	generic	2.546	-2.006	0.241	0	0	readlen	0.5					0.5	2.31	0		-2.435	-1.414	-1.354	1.372	0.779	M0																																																																																																																																																																																									genotype_comparison	in_vivo_tissue	unknown	tumor_tissue	high	tumor		TRUE	TRUE	single_sex		single_sex
SRP215371	muscle | genotype_comparison | conf=high |  | n=8	genotype	tissue:muscle	8	8	8	8	4	4	1	0		14917.5	8	0	4	4	0	0	0	0	0	muscle	0.578	-0.429	1.041	0.005	0.0043								0.34	0		1.575	-2.039	1.307	1.711	0.368	M0																																																																																																																																																																																									genotype_comparison	in_vivo_tissue	female_only	""	high	muscle		TRUE	TRUE	single_sex		single_sex
SRP215380	brain_cns | genotype_comparison | conf=high |  | n=15	genotype	tissue:brain_cns	15	15	10	10	5	5	0.6	0		17771.5	6	4	3	3	0	0	0	0	10	brain	-0.374	-0.48	0.553	0.0025	0.0016								1.5	3	0.433	0.087	-0.575	-0.18	0.381	0.212	M0,M1,M0perm,M3,M4,M5,M4perm,M5perm,M0permw	0	0		0.69	0.995	0	0	0	0	0		0.43	0.888	0	0	0	0	0		0.8	0.996	0	0	0	0	0		0.27	0.793	0	0	0	0	0		0.26	0.789	0	0	0	0	0		0.03	0.848	0	0	0	0	0		0.03	0.855	0	0	0	0	0		0.39	0.926	0	0	0	0	0		0.41	0.93	0	0	0	0	0		0.38	0.965	0	0	0	0	0		0.45	0.966	0	0	0	0	0		0.53	0.987	0	0	0	0	0		0.62	0.991	0	0	0																																																																																	genotype_comparison	in_vivo_tissue	both_sexes	""	high	brain_cns		TRUE	FALSE	balanced		balanced
SRP215469	muscle | in_vivo_treatment_arms | conf=medium |  | n=16	treatment	ex:treatment=no treatment;tissue:muscle	16	16	8	8	4	4	0	0		16166.5	0	8	0	0	0	0	0	0	0	muscle	0.667	-1.229	0.272	5e-04	4e-04								0.4	0		0.779	1.084	-1.396	3.489	-0.297	M0																																																																																																																																																																																									in_vivo_treatment_arms	in_vivo_tissue	male_only	""	medium	muscle		TRUE	TRUE	single_sex		single_sex
SRP215863	other | genotype_comparison | conf=medium |  | n=48	kat6a genotype	tissue:other	48	24	16	14	4	10	0.07	0.25		13966	1	13	1	0	14	0	0	2	14	generic	-0.186	-0.35	-0.676	0.0084	0.0082								4	4	0.163	0.221	-0.804	0.504	-0.272	-0.405	M0,M1,M0perm,M3,M4,M5,M4perm,M5perm,M0permw	38	499	0.076	0.09	0.954	0	0	0	38	23	0.605	0.84	0.99	0	0	0	38	36	0.451	0.52	0.952	0	0	0	38	34	0.2	0.28	0.689	0	0	0	499	34	0.025	0.09	0.576	0	0	0	38	329	0.102	0.1	0.915	0	0	0	499	329	0.643	0.96	0.96	0	0	0	38	589	0.065	0.13	0.925	0	0	0	499	589	0.648	0.88	0.978	0	0	0	38	423	0.087	0.14	0.96	0	0	0	499	423	0.74	0.93	0.989	0	0	0	38	112	0.087	0.12	0.755	0	0	0	499	112	0.217	0.87	0.787	0	0	0																																																																																	genotype_comparison	in_vivo_tissue	female_only	""	medium	other		TRUE	FALSE	mildly_imbalanced		mildly_imbalanced
SRP215922	brain_cns | in_vivo_treatment_arms | conf=high |  | n=24	treatment	tissue:brain_cns	24	24	24	24	12	12	0.5	0		18791.5	12	12	6	6	0	0	0	0	0	brain	-0.007	-0.759	-0.599	4e-04	3e-04								23.56	4	0.35	0.319	-0.353	-0.243	0.009	0.693	M0,M1,M0perm,M3,M4,M5,M4perm,M5perm,M0permw	0	0		0.84	0.997	0	0	0	0	0		0.8	0.989	0	0	0	0	0		0.91	0.998	0	0	0	0	0		0.15	0.498	0	0	0	0	0		0.18	0.505	0	0	0	0	0		0.28	0.931	0	0	0	0	0		0.28	0.934	0	0	0	0	0		0.19	0.351	0	0	0	0	0		0.22	0.353	0	0	0	0	0		0.62	0.971	0	0	0	0	0		0.71	0.974	0	0	0	0	0		0.77	0.992	0	0	0	0	0		0.85	0.994	0	0	0																																																																																	in_vivo_treatment_arms	in_vivo_tissue	both_sexes	""	high	brain_cns		TRUE	FALSE	balanced		balanced
SRP216020	brain_cns | genotype_comparison | conf=high |  | n=10	genotype	tissue:brain_cns	10	10	10	10	5	5	0.4	0		18222	4	6	2	2	10	0	0	0	0	brain	-1.056	0.421	0.156	4e-04	2e-04								6.62	3	0.914	0.066	-0.748	0.752	-0.726	0.219	M0,M1,M0perm,M3,M4,M5,M4perm,M5perm,M0permw	205	210	0.82	0.91	0.998	0	0	0	205	201	0.829	0.9	0.999	0	0	0	205	174	0.813	0.97	0.999	0	0	0	205	317	0.631	0.76	0.964	0	0	5	210	317	0.657	0.79	0.965	0	0	5	205	177	0.605	0.78	0.936	0	0	0	210	177	0.668	0.77	0.938	0	0	0	205	131	0.52	0.76	0.844	0	0	0	210	131	0.536	0.76	0.845	0	0	0	205	150	0.644	0.85	0.972	0	0	0	210	150	0.682	0.91	0.972	0	0	0	205	168	0.622	0.84	0.962	0	0	0	210	168	0.643	0.86	0.962	0	0	0																																																																																	genotype_comparison	in_vivo_tissue	unknown	""	high	brain_cns		TRUE	FALSE	balanced		balanced
SRP216037	kidney | in_vivo_treatment_arms | conf=high |  | n=34	treatment	in:genotype=pdk2ko;tissue:kidney	34	34	22	22	11	11	0.5	0.091		17856	11	11	6	5	22	0	0	0	22	kidney	1.411	0.166	0.262	0.0011	0.001								6.39	4	0.663	0.989	-0.032	0.944	-1.001	-1.102	M0,M1,M0perm,M3,M4,M5,M4perm,M5perm,M0permw	4901	5623	0.854	0.88	0.997	0	0	4	4901	5096	0.916	0.68	0.999	0	0	0	4901	4611	0.895	0.87	0.999	0	0	0	4901	208	0.041	0.44	0.858	0	0	0	5623	208	0.036	0.44	0.857	10	4	0	4901	0	0	0.53	0.624	135	0	0	5623	0	0	0.58	0.612	268	4	0	4901	0	0	0.49	0.793	51	0	0	5623	0	0	0.51	0.811	50	4	0	4901	1221	0.246	0.72	0.985	0	0	4	5623	1221	0.216	0.79	0.989	0	4	4	4901	4220	0.802	0.85	0.997	0	0	4	5623	4220	0.749	0.92	0.999	0	4	4																																																																																	in_vivo_treatment_arms	in_vivo_tissue	unknown	""	high	kidney		TRUE	FALSE	balanced		balanced
SRP216039	kidney | in_vivo_treatment_arms | conf=high |  | n=31	treatment	in:strain=pcy/cd1;tissue:kidney	31	31	26	26	14	12	0	0		17386.5	0	26	0	0	26	0	0	0	26	kidney	-0.184	-0.671	0.209	3e-04	3e-04								1.68	0		1.994	-2.889	0.188	-0.425	0.001	M0																																																																																																																																																																																									in_vivo_treatment_arms	in_vivo_tissue	unknown	""	high	kidney		TRUE	TRUE	single_sex		single_sex
SRP216087	other | genotype_comparison | conf=high |  | n=10	genotype	tissue:other	10	10	10	10	5	5	0.7	0.6		19067	7	3	5	2	10	0	0	0	10	generic	1.089	1.136	0.464	0.0087	0.0064								1.45	3	0.6	0.089	-0.121	-0.135	0.413	0.605	M0,M1,M0perm,M3,M4,M5,M4perm,M5perm,M0permw	8	3	0.375	0.5	0.746	0	0	0	8	8	1	0.93	0.981	0	0	0	8	4	0.5	0.57	0.675	0	0	0	8	59	0.136	0.4	0.607	0	0	0	3	59	0.051	0.44	0.717	0	0	0	8	2	0.25	0.27	0.722	0	0	0	3	2	0.667	0.48	0.91	0	0	0	8	21	0.208	0.36	0.427	0	0	0	3	21	0.143	0.48	0.812	0	0	0	8	3	0.375	0.43	0.745	0	0	0	3	3	1	0.69	0.998	0	0	0	8	1	0.125	0.38	0.655	0	0	0	3	1	0.333	0.57	0.873	0	0	0																																																																																	genotype_comparison	in_vivo_tissue	unknown	""	high	other		TRUE	FALSE	partially_confounded		partially_confounded
SRP216264	other | in_vivo_treatment_arms | conf=high |  | n=60	abx treated	tissue:other	60	15	15	15	8	7	0	0		18029	0	15	0	0	15	0	0	0	15	generic	-0.087	-1.103	0.759	1e-04	1e-04								2.77	0		0.664	-0.74	1.145	-1.269	-0.876	M0																																																																																																																																																																																									in_vivo_treatment_arms	in_vivo_tissue	male_only	""	high	other		TRUE	TRUE	single_sex		single_sex
SRP216298	liver | in_vivo_treatment_arms | conf=medium |  | n=32	treatment	tissue:liver	32	32	8	8	4	4	0	0		14693	0	8	0	0	0	0	0	0	0	liver	-0.012	6.275	-0.56	7e-04	5e-04								3.78	0		-1.845	2.373	-0.834	0.719	-0.312	M0																																																																																																																																																																																									in_vivo_treatment_arms	in_vivo_tissue	male_only	""	medium	liver		TRUE	TRUE	single_sex		single_sex
SRP216540	liver | in_vivo_treatment_arms | conf=high |  | n=12	maternal diet	tissue:liver	12	12	12	12	6	6	0	0		15310	0	12	0	0	12	0	0	0	0	liver	-0.717	0.518	-0.556	0.001	9e-04								6.92	0		-0.458	-0.026	0.425	-0.607	0.474	M0																																																																																																																																																																																									in_vivo_treatment_arms	in_vivo_tissue	male_only	""	high	liver		TRUE	TRUE	single_sex		single_sex
SRP216742	brain_cns | in_vivo_treatment_arms | conf=medium |  | n=20	treatment	ex:treatment=/;subj:sample #;tissue:brain_cns	20	20	9	9	4	5	1	0		18909	9	0	4	5	0	0	0	0	0	brain	-11.516	1.788	0.632	0	0								7.83	0		-1.567	0.298	0.854	-1.263	0.307	M0																																																																																																																																																																																									in_vivo_treatment_arms	in_vivo_tissue	female_only	""	medium	brain_cns		TRUE	TRUE	single_sex		single_sex
SRP216750	liver | genotype_comparison | conf=high |  | n=9	genotype/variation	tissue:liver	9	9	9	9	4	5	0	0		14340	0	9	0	0	9	0	0	0	0	liver	-1.578	3.815	0.151	6e-04	4e-04								0.49	0		2.233	1.567	-0.142	-5.195	-0.68	M0																																																																																																																																																																																									genotype_comparison	in_vivo_tissue	both_sexes	""	high	liver		TRUE	TRUE	single_sex		single_sex
SRP216757	brain_cns | genotype_comparison | conf=high |  | n=64	genotype/variation	tissue:brain_cns	64	16	16	16	8	8	0	0		17718.5	0	16	0	0	0	0	0	0	0	brain	-0.181	-1.229	-2.197	3e-04	2e-04								1.93	0		-2.591	-0.446	-0.7	1.058	-0.849	M0																																																																																																																																																																																									genotype_comparison	in_vivo_tissue	male_only	""	high	brain_cns		TRUE	TRUE	single_sex		single_sex
SRP216849	liver | in_vivo_treatment_arms | conf=medium |  | n=10	treatment	tissue:liver	10	10	10	10	4	6	1	0		15909.5	10	0	4	6	10	0	0	0	10	liver	-0.05	-0.76	0.39	5e-04	5e-04								15.65	0		-0.086	0.419	0.208	-0.066	1.129	M0																																																																																																																																																																																									in_vivo_treatment_arms	ex_vivo_primary_cells	unknown	""	medium	liver		TRUE	TRUE	single_sex		single_sex
SRP216866	blood_immune | in_vivo_treatment_arms | conf=medium |  | n=12	cd4 t cell help	tissue:blood_immune	12	12	12	12	6	6	1	0		16442	12	0	6	6	12	0	0	0	12	blood	-0.433	1.304	-0.265	0.0045	0.0045								3.22	0		-0.385	0.612	-0.52	0.502	0.143	M0																																																																																																																																																																																									in_vivo_treatment_arms	ex_vivo_primary_cells	unknown	""	medium	blood_immune		TRUE	TRUE	single_sex		single_sex
SRP217127	other | genotype_comparison | conf=high |  | n=8	genotype	tissue:other	8	8	8	8	4	4	1	0		17121	8	0	4	4	8	0	0	0	8	generic	-3.035	3.973	-0.009	0.0257	0.02								2.74	0		1.42	-0.671	-1.916	1.592	0.359	M0																																																																																																																																																																																									genotype_comparison	in_vivo_tissue	unknown	""	high	other		TRUE	TRUE	single_sex		single_sex
SRP217206	adipose | in_vivo_treatment_arms | conf=high |  | n=15	group	tissue:adipose	15	15	10	10	5	5	0	0		16386.5	0	10	0	0	10	0	0	0	0	adipose	0.627	1.671	-0.604	0.0044	0.0026								11.69	0		0.462	0.849	-1.513	1.375	0.692	M0																																																																																																																																																																																									in_vivo_treatment_arms	in_vivo_tissue	male_only	""	high	adipose		TRUE	TRUE	single_sex		single_sex
SRP217727	heart | in_vivo_treatment_arms | conf=high |  | n=16	diet	tissue:heart	16	16	8	8	4	4	0	0		14647.5	0	8	0	0	8	0	0	0	8	heart	1.169	0.883	-0.574	0.0056	0.005	pubmonth	1				1		5.81	0		-1.089	2.361	0.394	-0.048	-0.539	M0																																																																																																																																																																																									in_vivo_treatment_arms	in_vivo_tissue	unknown	""	high	heart		TRUE	TRUE	single_sex		single_sex
SRP217736	brain_cns | genotype_comparison | conf=medium |  | n=44	genotype	in:treatment=none;in:tissue=spinal cord (lumbar);tissue:brain_cns	44	44	11	11	6	5	0.45	0.1		17996	5	6	3	2	11	0	0	0	11	brain	-3.449	2.489	-1.613	2e-04	2e-04								2.59	2	0.64	-0.32	-0.697	-0.557	0.31	-0.293	M0,M1,M0perm,M3,M4,M5,M4perm,M5perm,M0permw	6767	7217	0.906	0.91	0.996	0	0	0	6767	6528	0.93	0.91	0.998	0	0	0	6767	7363	0.894	0.74	0.997	0	0	0	6767	7132	0.829	0.61	0.985	0	0	0	7217	7132	0.864	0.63	0.986	0	0	0	6767	4034	0.475	0.52	0.883	0	0	0	7217	4034	0.471	0.54	0.897	0	0	0	6767	49	0.006	0.47	0.191	2365	0	0	7217	49	0.006	0.46	0.186	2567	0	0	6767	6059	0.816	0.83	0.993	0	0	0	7217	6059	0.812	0.88	0.995	0	0	0	6767	615	0.09	0.58	0.778	95	0	0	7217	615	0.085	0.61	0.792	86	0	0																																																																																	genotype_comparison	in_vivo_tissue	unknown	""	medium	brain_cns		TRUE	FALSE	balanced		balanced
SRP217849	muscle | genotype_comparison | conf=high |  | n=16	genotype/variation	tissue:muscle	16	16	16	16	8	8	0.5	0		14489.5	8	8	4	4	0	0	0	0	0	muscle	1.568	0.125	1.277	2e-04	1e-04								0.76	4	0.755	-1.692	1.153	0.487	-1.311	-0.027	M0,M1,M0perm,M3,M4,M5,M4perm,M5perm,M0permw	4831	5155	0.922	0.89	0.997	0	0	1	4831	4850	0.952	0.95	0.999	0	0	0	4831	4876	0.953	0.94	0.999	0	0	0	4831	6520	0.715	0.73	0.975	0	0	5	5155	6520	0.756	0.78	0.977	0	1	5	4831	3526	0.515	0.74	0.844	6	0	1	5155	3526	0.511	0.76	0.848	6	1	1	4831	4100	0.567	0.78	0.881	2	0	0	5155	4100	0.568	0.82	0.884	1	1	0	4831	4805	0.811	0.84	0.982	0	0	2	5155	4805	0.823	0.85	0.986	0	1	2	4831	4788	0.865	0.84	0.993	0	0	1	5155	4788	0.878	0.86	0.995	0	1	1																																																																																	genotype_comparison	in_vivo_tissue	both_sexes	""	high	muscle		TRUE	FALSE	balanced		balanced
SRP217860	blood_immune | genotype_comparison | conf=high |  | n=18	genotype	in:source_name=naïve cd8 t cells;tissue:blood_immune	18	18	9	9	5	4	0.56	0.8		11465	5	4	1	4	9	0	0	0	9	blood	1.076	-0.339	0.846	0	0								8.64	0		-1.29	0.014	-1.381	0.303	0.924	M0,M1,M0perm,M4,M5,M4perm,M5perm,M0permw	7	0	0	0.27	0.554	0	1	0	7	7	0.75	0.89	0.977	0	1	0	7	0	0	0.2	0.486	0	1	0																	7	0	0	0.25	0.564	0	1	0	0	0		0.59	0.976	0	0	0	7	0	0	0.3	0.529	0	1	0	0	0		0.33	0.696	0	0	0	7	0	0	0.24	0.478	0	1	0	0	0		0.41	0.769	0	0	0	7	0	0	0.28	0.44	1	1	0	0	0		0.45	0.844	0	0	0																																																																																	genotype_comparison	ex_vivo_primary_cells	unknown	""	high	blood_immune		TRUE	FALSE	partially_confounded		partially_confounded
SRP217867	blood_immune | genotype_comparison | conf=high |  | n=18	genotype	in:age=3 day old neonate;tissue:blood_immune	18	18	8	8	4	4	0.38	0.25		14812.5	3	5	2	1	8	0	0	0	0	blood	-0.569	0.779	-0.948	2e-04	2e-04								20.09	0		-0.127	-0.507	0.764	-0.703	0.208	M0,M1,M0perm,M4,M5,M4perm,M5perm,M0permw	2	0	0	0.79	0.946	0	0	0	2	0	0	0.81	0.958	0	0	0	2	0	0	0.78	0.945	0	0	0																	2	0	0	0.38	0.889	0	0	0	0	0		0.41	0.841	0	0	0	2	0	0	0.29	0.835	0	0	0	0	0		0.3	0.904	0	0	0	2	0	0	0.31	0.813	0	0	0	0	0		0.29	0.853	0	0	0	2	0	0	0.53	0.936	0	0	0	0	0		0.55	0.944	0	0	0																																																																																	genotype_comparison	ex_vivo_primary_cells	unknown	""	high	blood_immune		TRUE	FALSE	mildly_imbalanced		mildly_imbalanced
SRP217905	liver | genotype_comparison | conf=high |  | n=10	genotype/variation	tissue:liver	10	10	10	10	5	5	1	0		14719	10	0	5	5	10	0	0	0	0	liver	-0.059	-1.667	-0.019	3e-04	2e-04								4.51	0		0.295	0.825	-0.055	-0.026	-0.125	M0																																																																																																																																																																																									genotype_comparison	in_vivo_tissue	unknown	""	high	liver		TRUE	TRUE	single_sex		single_sex
SRP217909	gut | in_vivo_treatment_arms | conf=high |  | n=8	treatment	tissue:gut	8	8	8	8	4	4	0.5	0		17042.5	4	4	2	2	0	0	0	0	0	gut	0.263	-0.293	-0.117	2e-04	1e-04								2.49	0		0.624	0.188	-0.599	0.642	0.632	M0,M1,M0perm,M4,M5,M4perm,M5perm,M0permw	0	0		0.69	0.993	0	0	0	0	0		0.72	0.996	0	0	0	0	0		0.83	0.997	0	0	0																	0	3	0	0.35	0.916	0	0	0	0	3	0	0.47	0.918	0	0	0	0	4	0	0.53	0.972	0	0	0	0	4	0	0.61	0.972	0	0	0	0	3	0	0.47	0.958	0	0	0	0	3	0	0.6	0.963	0	0	0	0	8	0	0.3	0.805	0	0	0	0	8	0	0.37	0.806	0	0	0																																																																																	in_vivo_treatment_arms	in_vivo_tissue	both_sexes	""	high	gut		TRUE	FALSE	balanced		balanced
SRP218156	brain_cns | in_vivo_treatment_arms | conf=high |  | n=60	treatment	in:source_name=hippocampus;tissue:brain_cns	60	45	15	15	8	7	0.47	0.071		16647	7	8	4	3	0	0	0	0	0	brain	0.424	1.094	0.287	2e-04	2e-04								3.16	3	0.732	0.417	-0.796	-0.501	0.478	0.091	M0,M1,M0perm,M3,M4,M5,M4perm,M5perm,M0permw	4	7	0.571	0.87	0.99	0	0	0	4	3	0.75	0.9	0.996	0	0	0	4	4	1	0.84	0.994	0	0	0	4	11	0.364	0.63	0.851	0	0	0	7	11	0.5	0.66	0.846	0	0	0	4	1	0.25	0.5	0.884	0	0	0	7	1	0.143	0.49	0.898	0	0	0	4	12	0.067	0.27	0.799	0	0	0	7	12	0.056	0.26	0.822	0	0	0	4	3	0.75	0.65	0.974	0	0	0	7	3	0.429	0.7	0.987	0	0	0	4	3	0.75	0.79	0.985	0	0	0	7	3	0.429	0.81	0.993	0	0	0																																																																																	in_vivo_treatment_arms	in_vivo_tissue	both_sexes	""	high	brain_cns		TRUE	FALSE	balanced		balanced
SRP218250	other | genotype_comparison | conf=high | tumor_tissue | n=23	genotype	tissue:other	23	23	23	23	12	11	0.3	0.114		18070	7	16	3	4	0	0	0	0	0	generic	0.214	0.332	-0.116	0.0033	0.0031								2.9	1	0.037	0.118	0.121	0.236	-0.095	0.288	M0,M1,M0perm,M3,M4,M5,M4perm,M5perm,M0permw	337	330	0.884	0.93	0.992	0	0	0	337	324	0.905	0.98	0.997	0	0	0	337	317	0.885	0.97	0.991	0	0	0	337	1611	0.209	0.69	0.961	0	0	0	330	1611	0.204	0.67	0.96	0	0	0	337	451	0.724	0.85	0.981	0	0	0	330	451	0.724	0.85	0.978	0	0	0	337	384	0.75	0.85	0.974	0	0	0	330	384	0.746	0.86	0.967	0	0	0	337	210	0.595	0.9	0.927	0	0	0	330	210	0.617	0.89	0.943	0	0	0	337	317	0.847	0.93	0.991	0	0	0	330	317	0.886	0.95	0.994	0	0	0																																																																																	genotype_comparison	in_vivo_tissue	both_sexes	tumor_tissue	high	other		TRUE	FALSE	balanced		balanced
SRP218436	kidney | in_vivo_treatment_arms | conf=high |  | n=22	condition	tissue:kidney	22	22	15	15	10	5	1	0		17566	15	0	10	5	0	0	0	0	15	kidney	0.574	0.806	0.677	1e-04	1e-04								16.77	0		-1.062	1.509	0.572	-0.546	0.577	M0																																																																																																																																																																																									in_vivo_treatment_arms	in_vivo_tissue	female_only	""	high	kidney		TRUE	TRUE	single_sex		single_sex
SRP218456	liver | in_vivo_treatment_arms | conf=high |  | n=16	treatment	tissue:liver	16	8	8	8	4	4	0	0		14474.5	0	8	0	0	8	0	0	0	8	liver	-1.878	-1.379	0.151	0.0021	0.0017								2.83	0		1.98	-0.138	-0.738	0.474	-0.695	M0																																																																																																																																																																																									in_vivo_treatment_arms	in_vivo_tissue	unknown	""	high	liver		TRUE	TRUE	single_sex		single_sex
SRP218614	liver | genotype_comparison | conf=high |  | n=39	genotype/variation	in:tissue=liver tissue;tissue:liver	39	39	20	20	10	10	0	0		14619	0	20	0	0	20	0	0	0	0	liver	-0.505	0.38	0.944	0.001	8e-04								1.89	0		-0.064	0.703	0.206	-0.32	1.251	M0																																																																																																																																																																																									genotype_comparison	in_vivo_tissue	unknown	""	high	liver		TRUE	TRUE	single_sex		single_sex
SRP218851	other | genotype_comparison | conf=high |  | n=12	genotype	tissue:other	12	12	12	12	6	6	0.75	0.5		16395.5	9	3	3	6	12	0	0	0	12	generic	-0.621	-1.393	3.385	0.0399	0.0381								5.5	1	0.202	-0.3	-1.179	0.475	-0.709	0.529	M0,M1,M0perm,M3,M4,M5,M7,M4perm,M5perm,M7perm,M0permw	503	217	0.356	0.7	0.822	0	4	5	503	402	0.778	0.88	0.996	0	4	4	503	670	0.539	0.63	0.924	0	4	5	503	3771	0.133	0.42	0.947	0	4	4	217	3771	0.055	0.3	0.858	0	5	4	503	67	0.115	0.64	0.843	0	4	1	217	67	0.309	0.87	0.928	0	5	1	503	934	0.06	0.05	0.032	9	4	5	217	934	0.063	0.07	0.311	0	5	5	503	70	0.117	0.54	0.733	0	4	1	217	70	0.305	0.79	0.878	0	5	1	503	166	0.282	0.62	0.886	0	4	4	217	166	0.651	0.83	0.945	0	5	4	503	9518	0.028	0.01	-0.274	34	4	5	217	9518	0.02	0	0.119	0	5	5	503	125	0.208	0.65	0.692	0	4	4	217	125	0.569	0.88	0.93	0	5	4																																																	genotype_comparison	ex_vivo_primary_cells	unknown	""	high	other		TRUE	FALSE	partially_confounded		partially_confounded
SRP218864	gut | between_subject_case_control | conf=medium | tumor_tissue | n=17	tissue	tissue:gut	17	17	17	17	8	9	1	0		17740	17	0	8	9	17	0	0	0	17	gut	0.138	-0.787	0.572	3e-04	3e-04								1.03	0		-1.444	0.63	-0.356	0.561	0.208	M0																																																																																																																																																																																									between_subject_case_control	in_vivo_tissue	unknown	tumor_tissue	medium	gut		TRUE	TRUE	single_sex		single_sex
SRP219039	brain_cns | genotype_comparison | conf=high |  | n=12	genotype	tissue:brain_cns	12	12	12	12	6	6	0	0		17486	0	12	0	0	12	0	0	0	12	brain	-0.117	-1.081	-0.346	1e-04	1e-04	pubmonth	0.302				0.302		6.41	0		-0.964	1.246	0.648	-0.534	0.009	M0																																																																																																																																																																																									genotype_comparison	in_vivo_tissue	unknown	""	high	brain_cns		TRUE	TRUE	single_sex		single_sex
SRP219271	liver | genotype_comparison | conf=high |  | n=32	genotype/variation	tissue:liver	32	32	32	32	16	16	0	0	0.445	13353.5	0	32	0	0	0	0	0	0	0	liver	-0.302	0.142	0.343	0.0221	0.0213								2.42	0		0.274	-0.547	0.035	0.074	0.195	M0																																																																																																																																																																																									genotype_comparison	in_vivo_tissue	male_only	""	high	liver		TRUE	TRUE	single_sex	mildly_imbalanced	single_sex
SRP219342	blood_immune | genotype_comparison | conf=medium |  | n=44	disease_stage	in:tissue=sorted hsc cells from bone marrow;tissue:blood_immune	44	44	28	28	12	16	1	0	0.177	16421	28	0	12	16	0	16	0	0	0	blood	0.633	0.584	-0.471	4e-04	4e-04	readlen	0.167					0.167	9.97	0		-0.103	-0.132	-0.096	0.221	0.031	M0																																																																																																																																																																																									genotype_comparison	ex_vivo_primary_cells	female_only	""	medium	blood_immune		TRUE	TRUE	single_sex	balanced	single_sex
SRP219516	gut | genotype_comparison | conf=medium |  | n=78	strain	in:tissue=colon;subj:mouse-id;tissue:gut	78	39	13	13	6	7	0.77	0.119		19349	10	3	5	5	13	0	0	0	13	gut	-0.908	3.027	2.323	1e-04	1e-04								7.61	3	0.977	-0.143	-0.59	-0.408	0.544	-1.208	M0,M1,M0perm,M3,M4,M5,M4perm,M5perm,M0permw	5393	5488	0.911	0.91	0.996	0	0	0	5393	5082	0.908	0.94	0.995	0	0	0	5393	5182	0.915	0.94	0.996	0	0	0	5393	5751	0.852	0.83	0.989	0	0	2	5488	5751	0.889	0.85	0.993	0	0	2	5393	4599	0.735	0.82	0.96	0	0	0	5488	4599	0.751	0.88	0.965	0	0	0	5393	1000	0.169	0.62	0.596	397	0	0	5488	1000	0.165	0.64	0.589	441	0	0	5393	4616	0.784	0.87	0.978	0	0	0	5488	4616	0.78	0.92	0.979	0	0	0	5393	4262	0.694	0.85	0.958	0	0	0	5488	4262	0.705	0.9	0.961	0	0	0																																																																																	genotype_comparison	in_vivo_tissue	unknown	""	medium	gut		TRUE	FALSE	balanced		balanced
SRP219614	other | genotype_comparison | conf=high |  | n=24	genotype	tissue:other	24	24	24	24	12	12	0	0		17156.5	0	24	0	0	24	0	0	0	0	generic	0.575	-0.268	1.333	0.0671	0.0651								4.86	0		-0.568	-0.209	1.31	-1.505	-0.366	M0																																																																																																																																																																																									genotype_comparison	in_vivo_tissue	unknown	""	high	other		TRUE	TRUE	single_sex		single_sex
SRP219834	muscle | in_vivo_treatment_arms | conf=medium |  | n=34	treatment	in:denervation surgery=denervated leg;tissue:muscle	34	34	26	26	10	16	0	0		15342	0	26	0	0	26	0	0	0	26	muscle	0.478	0.33	0.628	4e-04	3e-04								1.42	0		0.302	0.01	0.234	0.211	-0.579	M0																																																																																																																																																																																									in_vivo_treatment_arms	in_vivo_tissue	female_only	""	medium	muscle		TRUE	TRUE	single_sex		single_sex
SRP220131	blood_immune | genotype_comparison | conf=medium | pooled_samples | n=24	genotype	in:co-receptor=cd4;subj:mouse identifier;tissue:blood_immune	24	24	12	10	4	6	0.8	0.333		14365.5	8	2	4	4	10	0	0	2	10	blood	0.796	0.467	0.791	0.0291	0.0287								7.33	2	0.232	0.308	1.354	-1.022	1.206	1.219	M0,M1,M0perm,M3,M4,M5,M7,M4perm,M5perm,M7perm,M0permw	37	24	0.326	0.67	0.941	0	0	0	37	31	0.659	0.81	0.993	0	0	0	37	2	0.054	0.71	0.95	0	0	0	37	60	0.406	0.56	0.716	0	0	0	24	60	0.183	0.47	0.662	0	0	0	37	5	0.135	0.57	0.676	0	0	0	24	5	0.16	0.67	0.76	0	0	0	37	7	0.1	0.5	0.764	0	0	0	24	7	0.148	0.64	0.85	0	0	0	37	2	0.054	0.46	0.854	0	0	0	24	2	0.04	0.63	0.918	0	0	0	37	2	0.054	0.48	0.89	0	0	0	24	2	0.083	0.56	0.952	0	0	0	37	5	0.135	0.56	0.88	0	0	0	24	5	0.16	0.81	0.951	0	0	0	37	0	0	0.55	0.896	0	0	0	24	0	0	0.76	0.953	0	0	0																																																	genotype_comparison	ex_vivo_primary_cells	unknown	pooled_samples	medium	blood_immune		TRUE	FALSE	partially_confounded		partially_confounded
SRP220328	brain_cns | genotype_comparison | conf=high |  | n=81	genotype	in:source_name=whole brain;tissue:brain_cns	81	81	55	55	22	33	1	0	0.311	17986	55	0	22	33	0	0	0	0	0	brain	0.485	-0.016	-0.025	1e-04	1e-04								8.52	0		0.079	0.372	-0.108	0.104	-0.062	M0																																																																																																																																																																																									genotype_comparison	in_vivo_tissue	female_only	""	high	brain_cns		TRUE	TRUE	single_sex	balanced	single_sex
SRP220333	brain_cns | genotype_comparison | conf=medium |  | n=41	genotype	in:tissue=cortex;tissue:brain_cns	41	41	29	21	11	10	0.9	0.182		13389	19	2	9	10	21	0	0	8	21	brain	1.69	-1.066	0.218	2e-04	2e-04								2.03	3	0.121	0.698	-0.275	0.038	0.422	0.319	M0,M1,M0perm,M3,M4,M5,M4perm,M5perm,M0permw	5	0	0	0.67	0.982	0	0	0	5	4	0.8	0.96	0.999	0	0	0	5	6	0.571	0.83	0.99	0	0	0	5	87	0.057	0.39	0.905	0	0	0	0	87	0	0.3	0.909	0	0	0	5	0	0	0.32	0.897	0	0	0	0	0		0.33	0.899	0	0	0	5	0	0	0.17	0.256	0	0	0	0	0		0.21	0.341	0	0	0	5	0	0	0.63	0.961	0	0	0	0	0		0.85	0.985	0	0	0	5	0	0	0.56	0.968	0	0	0	0	0		0.79	0.989	0	0	0																																																																																	genotype_comparison	in_vivo_tissue	unknown	""	medium	brain_cns		TRUE	FALSE	mildly_imbalanced		mildly_imbalanced
SRP220337	muscle | genotype_comparison | conf=medium |  | n=42	genotype	tissue:muscle	42	42	27	27	8	19	0	0		14663	0	27	0	0	0	0	0	0	0	muscle	0.735	-0.243	-0.112	0.0014	0.0013								1.8	0		1.39	-0.788	0.403	0.272	0.668	M0																																																																																																																																																																																									genotype_comparison	in_vivo_tissue	male_only	""	medium	muscle		TRUE	TRUE	single_sex		single_sex
SRP220371	gut | in_vivo_treatment_arms | conf=medium |  | n=42	treatment	tissue:gut	42	42	17	17	9	8	1	0	3.272	16608	17	0	9	8	0	0	0	0	0	gut	0.509	-1.123	-0.193	1e-04	1e-04								4.29	0		1.69	-1.337	0.422	-0.503	0.319	M0																																																																																																																																																																																									in_vivo_treatment_arms	in_vivo_tissue	female_only	""	medium	gut		TRUE	TRUE	single_sex	completely_confounded	single_sex
SRP220401	other | in_vivo_treatment_arms | conf=high | pooled_samples | n=13	treatment	tissue:other	13	13	13	13	6	7	0	0		21045	0	13	0	0	0	0	0	0	13	generic	3.283	0.052	0.656	0.0074	0.0071	readlen	0.312					0.312	6.71	0		-3.174	0.805	0.446	0.149	0.182	M0																																																																																																																																																																																									in_vivo_treatment_arms	in_vivo_tissue	male_only	pooled_samples	high	other		TRUE	TRUE	single_sex		single_sex
SRP220487	muscle | in_vivo_treatment_arms | conf=high |  | n=21	drug	tissue:muscle	21	21	21	21	11	10	0	0		14793	0	21	0	0	21	0	0	0	21	muscle	-0.924	-0.065	0.033	6e-04	6e-04								5.2	0		0.04	-0.078	0.422	-0.077	0.574	M0																																																																																																																																																																																									in_vivo_treatment_arms	in_vivo_tissue	unknown	""	high	muscle		TRUE	TRUE	single_sex		single_sex
SRP220671	adipose | genotype_comparison | conf=high |  | n=62	fam13a genotype	in:tissue=subcutaneous adipose;tissue:adipose	62	62	23	23	12	11	0.3	0.061		17490	7	16	4	3	0	0	0	0	23	adipose	0.794	0.128	0.613	0.0035	0.0032								17.15	3	0.833	0.307	0.343	-0.353	0.66	1.418	M0,M1,M0perm,M3,M4,M5,M4perm,M5perm,M0permw	4	7	0.571	0.82	0.99	0	0	0	4	0	0	0.68	0.963	0	0	0	4	4	1	0.91	0.998	0	0	0	4	278	0.014	0.53	0.772	0	0	0	7	278	0.025	0.56	0.79	0	0	0	4	9	0.444	0.69	0.979	0	0	0	7	9	0.778	0.75	0.99	0	0	0	4	9	0.3	0.58	0.543	0	0	0	7	9	0.6	0.6	0.579	0	0	0	4	2	0	0.68	0.969	0	0	0	7	2	0.286	0.79	0.979	0	0	0	4	3	0.167	0.64	0.948	0	0	0	7	3	0.429	0.69	0.953	0	0	0																																																																																	genotype_comparison	in_vivo_tissue	both_sexes	""	high	adipose		TRUE	FALSE	balanced		balanced
SRP221258	liver | genotype_comparison | conf=high |  | n=12	genotype	tissue:liver	12	12	12	12	6	6	0	0		13197.5	0	12	0	0	0	0	0	0	12	liver	0.176	0.338	0.086	7e-04	4e-04	readlen	0.391					0.391	7.78	0		0.246	1.219	0.43	-0.389	1.461	M0																																																																																																																																																																																									genotype_comparison	in_vivo_tissue	male_only	""	high	liver		TRUE	TRUE	single_sex		single_sex
SRP221270	gut | genotype_comparison | conf=high |  | n=19	genotype/variation	tissue:gut	19	19	19	19	10	9	1	0		15220	19	0	10	9	19	0	0	0	19	gut	-0.148	-0.239	0.029	4e-04	4e-04								9.73	0		0.392	0.126	-0.362	0.172	-0.695	M0																																																																																																																																																																																									genotype_comparison	in_vivo_tissue	unknown	""	high	gut		TRUE	TRUE	single_sex		single_sex
SRP221458	lung | in_vivo_treatment_arms | conf=medium |  | n=43	agent	tissue:lung	43	43	24	24	17	7	1	0		20038	24	0	17	7	24	0	0	0	24	lung	0.211	2.54	-2.097	0.0131	0.0124								12.31	0		-0.019	-1.381	-0.745	0.509	-0.072	M0																																																																																																																																																																																									in_vivo_treatment_arms	in_vivo_tissue	unknown	""	medium	lung		TRUE	TRUE	single_sex		single_sex
SRP221514	adipose | in_vivo_treatment_arms | conf=high |  | n=54	diet	in:tissue=adipocyte;tissue:adipose	54	54	18	18	9	9	0	0		18119	0	18	0	0	18	0	0	0	18	adipose	-0.296	2.406	-1.268	0.0032	0.0025								3.82	0		-2.757	0.899	-0.319	0.257	0.589	M0																																																																																																																																																																																									in_vivo_treatment_arms	in_vivo_tissue	male_only	""	high	adipose		TRUE	TRUE	single_sex		single_sex
SRP221637	liver | in_vivo_treatment_arms | conf=high |  | n=32	diet	tissue:liver	32	32	32	32	16	16	0.5	0		14077	16	16	8	8	0	0	0	0	32	liver	-1.262	4.697	0.666	0.0013	0.001								3.96	4	0.957	-0.288	1.092	0.133	-0.105	-0.022	M0,M1,M0perm,M3,M4,M5,M4perm,M5perm,M0permw	9751	10681	0.91	0.72	0.994	0	0	3	9751	9618	0.929	0.96	0.996	0	0	0	9751	9723	0.992	0.96	1	0	0	0	9751	11701	0.831	0.52	0.989	0	0	3	10681	11701	0.903	0.69	0.993	7	3	3	9751	9733	0.79	0.68	0.965	4	0	3	10681	9733	0.799	0.83	0.971	11	3	3	9751	3379	0.251	0.38	0.576	2109	0	0	10681	3379	0.246	0.42	0.585	2381	3	0	9751	10427	0.896	0.7	0.992	0	0	3	10681	10427	0.933	0.9	0.997	0	3	3	9751	10606	0.907	0.71	0.994	0	0	3	10681	10606	0.963	0.94	0.999	0	3	3																																																																																	in_vivo_treatment_arms	in_vivo_tissue	both_sexes	""	high	liver		TRUE	FALSE	balanced		balanced
SRP221742	brain_cns | in_vivo_treatment_arms | conf=high |  | n=17	treatment	tissue:brain_cns	17	17	17	17	9	8	0	0		16509	0	17	0	0	0	0	0	0	0	brain	0.002	0.578	0.778	2e-04	1e-04	readlen	0.29					0.29	2.49	0		0.839	-1.173	-0.711	0.593	-0.991	M0																																																																																																																																																																																									in_vivo_treatment_arms	in_vivo_tissue	male_only	""	high	brain_cns		TRUE	TRUE	single_sex		single_sex
SRP222321	blood_immune | genotype_comparison | conf=high |  | n=8	genotype	tissue:blood_immune	8	8	8	8	4	4	0.25	0		16311	2	6	1	1	8	0	0	0	8	blood	0.328	0.376	1.075	0.0016	0.001								4.62	0		0.07	0.798	0.138	-0.09	0.394	M0,M1,M0perm,M4,M5,M4perm,M5perm,M0permw	0	0		0.8	0.994	0	0	0	0	1	0	0.38	0.684	0	0	0	0	0		0.77	0.995	0	0	0																	0	1	0	0.3	0.689	0	0	0	0	1	0	0.34	0.688	0	0	0	0	0		0.4	0.878	0	0	0	0	0		0.46	0.876	0	0	0	0	0		0.54	0.957	0	0	0	0	0		0.56	0.958	0	0	0	0	0		0.15	0.526	0	0	0	0	0		0.13	0.522	0	0	0																																																																																	genotype_comparison	ex_vivo_primary_cells	unknown	""	high	blood_immune		TRUE	FALSE	balanced		balanced
SRP222324	blood_immune | in_vivo_treatment_arms | conf=high |  | n=20	treatment protocol	tissue:blood_immune	20	20	20	20	10	10	0	0		14576.5	0	20	0	0	20	0	0	0	20	blood	1.223	1.138	0.445	0	0								2.74	0		0.502	0.548	-1.726	0.314	-0.048	M0																																																																																																																																																																																									in_vivo_treatment_arms	ex_vivo_primary_cells	unknown	""	high	blood_immune		TRUE	TRUE	single_sex		single_sex
SRP222586	other | genotype_comparison | conf=medium |  | n=10	genotype	tissue:other	10	10	10	10	4	6	1	0		15935	10	0	4	6	10	0	0	0	0	generic	-0.071	1.003	-0.89	1e-04	1e-04								6.87	0		0.212	1.731	2.787	-0.235	-0.884	M0																																																																																																																																																																																									genotype_comparison	ex_vivo_primary_cells	unknown	""	medium	other		TRUE	TRUE	single_sex		single_sex
SRP222765	other | genotype_comparison | conf=medium |  | n=68	genotype	subj:source_name;tissue:other	68	68	68	17	9	8	0.24	0.208	0.322	15421	4	13	3	1	0	0	1	0	0	generic	-0.01	-0.757	-0.17	0.0336	0.0336								3.58	3	0.323	0.067	-0.96	-0.031	-0.195	-0.448	M0,M1,M0perm,M2,M2perm,M3,M4,M5,M7,M4perm,M5perm,M7perm,M0permw	0	0		0.69	0.921	0	0	0	0	0		0.39	0.84	0	0	0	0	0		0.67	0.975	0	0	0	0	103	0	0.15	0.718	0	0	0	0	103	0	0.14	0.705	0	0	0	0	0		0.16	0.72	0	0	0	0	0		0.18	0.818	0	0	0	0	36	0	0.32	0.812	0	0	0	0	36	0	0.35	0.778	0	0	0	0	0		0.5	0.921	0	0	0	0	0		0.57	0.982	0	0	0	0	0		0.51	0.914	0	0	0	0	0		0.56	0.983	0	0	0	0	0		0.33	0.899	0	0	0	0	0		0.43	0.945	0	0	0	0	0		0.35	0.872	0	0	0	0	0		0.46	0.942	0	0	0	0	0		0.55	0.895	0	0	0	0	0		0.65	0.901	0	0	0																																	genotype_comparison	ex_vivo_primary_cells	both_sexes	""	medium	other		TRUE	FALSE	mildly_imbalanced	balanced	mildly_imbalanced
SRP222784	brain_cns | in_vivo_treatment_arms | conf=medium |  | n=25	treatment	ex:treatment=untreated;tissue:brain_cns	25	25	19	19	9	10	0	0		19436	0	19	0	0	19	0	0	0	19	brain	-0.201	0.806	-1.661	4e-04	3e-04								18.16	0		0.213	0.507	0.878	-0.796	0.83	M0																																																																																																																																																																																									in_vivo_treatment_arms	in_vivo_tissue	unknown	""	medium	brain_cns		TRUE	TRUE	single_sex		single_sex
SRP223077	reproductive | genotype_comparison | conf=high |  | n=8	genotype	tissue:reproductive	8	8	8	8	4	4	0	0		16311	0	8	0	0	0	0	1	0	8	generic	-0.334	0.119	0.454	0.1027	0.0804								2.02	0		-0.481	-0.537	0.671	-0.587	-0.146	M0																																																																																																																																																																																									genotype_comparison	in_vivo_tissue	male_only	""	high	reproductive		TRUE	TRUE	single_sex		single_sex
SRP223230	liver | genotype_comparison | conf=medium |  | n=24	genotype	in:source_name=liver;tissue:liver	24	24	18	18	9	9	0	0	0	13947	0	18	0	0	18	0	0	0	0	liver	-0.465	0.234	0.249	5e-04	4e-04								6.76	0		0.039	-0.007	-0.265	0.319	-0.415	M0																																																																																																																																																																																									genotype_comparison	in_vivo_tissue	unknown	""	medium	liver		TRUE	TRUE	single_sex	balanced	single_sex
SRP223287	brain_cns | in_vivo_treatment_arms | conf=high |  | n=32	treatment	tissue:brain_cns	32	16	16	16	8	8	1	0		18274.5	16	0	8	8	0	0	0	0	16	brain	-0.3	-0.006	0.408	2e-04	1e-04								1.36	0		-0.155	3.307	-0.019	0.072	0.807	M0																																																																																																																																																																																									in_vivo_treatment_arms	in_vivo_tissue	female_only	""	high	brain_cns		TRUE	TRUE	single_sex		single_sex
SRP223303	brain_cns | genotype_comparison | conf=high |  | n=24	genotype	tissue:brain_cns	24	24	8	8	4	4	0.5	0		16354	4	4	2	2	0	0	0	0	8	brain	0.267	-0.566	-0.427	9e-04	5e-04								3.79	0		-0.506	-0.008	-1.074	0.293	-0.384	M0,M1,M0perm,M4,M5,M4perm,M5perm,M0permw	21	10	0.476	0.9	0.998	0	0	0	21	5	0.238	0.69	0.907	0	0	0	21	10	0.476	0.9	0.998	0	0	0																	21	19	0.481	0.64	0.803	0	0	0	10	19	0.381	0.67	0.802	0	0	0	21	10	0.476	0.68	0.865	0	0	0	10	10	0.538	0.67	0.866	0	0	0	21	0	0	0.74	0.938	0	0	0	10	0	0	0.75	0.939	0	0	0	21	0	0	0.46	0.831	0	0	0	10	0	0	0.46	0.829	0	0	0																																																																																	genotype_comparison	in_vivo_tissue	female_only	""	high	brain_cns		TRUE	FALSE	balanced		balanced
SRP223761	heart | in_vivo_treatment_arms | conf=medium |  | n=66	treatment	in:stress=myocardial infarction;tissue:heart	66	34	22	22	11	11	1	0		15762.5	22	0	11	11	22	0	0	0	22	heart	-0.217	0.383	0.402	0.0089	0.0087								3.05	0		-0.479	0.299	-0.028	0.392	0.025	M0																																																																																																																																																																																									in_vivo_treatment_arms	in_vivo_tissue	unknown	""	medium	heart		TRUE	TRUE	single_sex		single_sex
SRP224526	brain_cns | genotype_comparison | conf=high |  | n=9	genotype	tissue:brain_cns	9	9	9	9	5	4	0	0		15956	0	9	0	0	9	0	0	0	0	brain	-0.681	-0.358	-0.245	2e-04	2e-04								4.46	0		0.631	-0.027	-0.449	0.728	0.327	M0																																																																																																																																																																																									genotype_comparison	in_vivo_tissue	unknown	""	high	brain_cns		TRUE	TRUE	single_sex		single_sex
SRP224649	brain_cns | in_vivo_treatment_arms | conf=medium |  | n=16	treatment	in:region=basolateral amygdala;tissue:brain_cns	16	16	8	8	4	4	0	0		15968	0	8	0	0	8	0	0	0	0	brain	-1.329	-0.089	-0.647	0	0								14.94	0		-0.109	0.184	0.234	-0.209	-0.034	M0																																																																																																																																																																																									in_vivo_treatment_arms	ex_vivo_primary_cells	unknown	""	medium	brain_cns		TRUE	TRUE	single_sex		single_sex
SRP224655	heart | genotype_comparison | conf=high |  | n=48	genotype	tissue:heart	48	12	12	12	8	4	0.67	0.25		13244.5	8	4	6	2	0	4	0	0	0	heart	-0.835	1.578	1.411	6e-04	5e-04	readlen	0.426					0.426	2.94	1	0.001	-0.838	1.105	-0.612	0.642	0.592	M0,M1,M0perm,M3,M4,M5,M6,M4perm,M5perm,M6perm,M0permw	3	4	0.75	0.53	0.966	0	0	0	3	8	0.375	0.63	0.98	0	0	0	3	2	0.667	0.55	0.958	0	0	0	3	1	0.333	0.54	0.849	0	0	0	4	1	0.25	0.43	0.83	0	0	0	3	1	0	0.31	0.788	0	0	0	4	1	0	0.44	0.836	0	0	0	3	0	0	0.08	0.401	0	0	0	4	0	0	0.07	0.431	0	0	0	3	0	0	0.35	0.882	0	0	0	4	0	0	0.48	0.918	0	0	0	3	4	0.167	0.36	0.901	0	0	0	4	4	0.143	0.44	0.923	0	0	0																																																	3	9	0.2	0.43	0.891	0	0	0	4	9	0.3	0.58	0.931	0	0	0	3	2	0.25	0.55	0.958	0	0	0	4	2	0.5	0.83	0.991	0	0	0	genotype_comparison	in_vivo_tissue	both_sexes	""	high	heart		TRUE	FALSE	mildly_imbalanced		mildly_imbalanced
SRP224951	adipose | genotype_comparison | conf=high |  | n=24	genotype	tissue:adipose	24	24	24	24	12	12	0	0		17139.5	0	24	0	0	24	0	0	0	24	adipose	-0.067	0.314	0.228	0.0065	0.0057								17.11	0		-0.107	0.842	0.227	-0.092	-0.201	M0																																																																																																																																																																																									genotype_comparison	in_vivo_tissue	male_only	""	high	adipose		TRUE	TRUE	single_sex		single_sex
SRP225503	liver | in_vivo_treatment_arms | conf=medium |  | n=63	pup treatment	in:dam treatment=anti-bmp9/10;subj:mouse id;tissue:liver	63	45	21	21	12	9	0.52	0.333		14649	11	10	8	3	21	0	0	0	0	liver	-0.046	-1.221	1.056	0.0206	0.0167								6.24	4	0.025	-0.03	-0.168	0.9	-0.842	0.203	M0,M1,M0perm,M3,M4,M5,M7,M4perm,M5perm,M7perm,M0permw	3131	2556	0.76	0.84	0.986	0	0	0	3131	2465	0.744	0.88	0.993	0	0	4	3131	2624	0.764	0.84	0.986	0	0	0	3131	5863	0.528	0.42	0.971	0	0	0	2556	5863	0.425	0.44	0.948	0	0	0	3131	2627	0.744	0.77	0.985	0	0	0	2556	2627	0.886	0.85	0.998	0	0	0	3131	1941	0.382	0.39	0.84	0	0	0	2556	1941	0.391	0.43	0.828	0	0	0	3131	2597	0.748	0.83	0.985	0	0	0	2556	2597	0.868	0.84	0.995	0	0	0	3131	1668	0.518	0.75	0.976	0	0	0	2556	1668	0.64	0.84	0.99	0	0	0	3131	4024	0.449	0.38	0.85	0	0	1	2556	4024	0.463	0.39	0.879	0	0	1	3131	2351	0.708	0.82	0.984	0	0	0	2556	2351	0.899	0.92	0.999	0	0	0																																																	in_vivo_treatment_arms	in_vivo_tissue	unknown	""	medium	liver		TRUE	FALSE	partially_confounded		partially_confounded
SRP225544	liver | in_vivo_treatment_arms | conf=high |  | n=19	treatment	in:tissue=liver;tissue:liver	19	19	10	10	5	5	1	0		15829.5	10	0	5	5	10	0	0	0	0	liver	-1.638	2.721	0.54	0.0032	0.0026								1.1	0		-0.413	1.978	0.546	-0.393	0.099	M0																																																																																																																																																																																									in_vivo_treatment_arms	in_vivo_tissue	unknown	""	high	liver		TRUE	TRUE	single_sex		single_sex
SRP225660	liver | genotype_comparison | conf=high |  | n=76	genotype	in:tissue=liver;tissue:liver	76	76	26	26	13	13	0.46	0		14454.5	12	14	6	6	0	0	0	0	26	liver	-0.401	-0.4	-0.252	0.0026	0.0023								1.3	3	0.989	0.096	-0.096	-0.02	-0.083	0.284	M0,M1,M0perm,M3,M4,M5,M4perm,M5perm,M0permw	77	94	0.819	0.95	0.992	0	0	0	77	76	0.889	0.95	0.987	0	0	0	77	79	0.975	0.98	0.998	0	0	0	77	102	0.738	0.87	0.936	0	0	0	94	102	0.849	0.91	0.945	0	0	0	77	88	0.875	0.92	0.974	0	0	0	94	88	0.916	0.97	0.98	0	0	0	77	89	0.785	0.89	0.928	0	0	0	94	89	0.83	0.93	0.934	0	0	0	77	91	0.806	0.92	0.984	0	0	0	94	91	0.888	0.94	0.992	0	0	0	77	85	0.862	0.93	0.968	0	0	0	94	85	0.884	0.97	0.975	0	0	0																																																																																	genotype_comparison	in_vivo_tissue	both_sexes	""	high	liver		TRUE	FALSE	balanced		balanced
SRP225812	skin | genotype_comparison | conf=high |  | n=8	genotype	tissue:skin	8	8	8	8	4	4	0.62	0.25		15535	5	3	3	2	8	0	0	0	8	generic	-0.093	0.503	-0.608	0	0								4.53	0		-1.967	0.364	0.44	-0.334	-0.315	M0,M1,M0perm,M4,M5,M4perm,M5perm,M0permw	1311	1309	0.733	0.76	0.982	0	0	0	1311	830	0.598	0.8	0.992	0	0	0	1311	1309	0.733	0.76	0.982	0	0	0																	1311	8	0.006	0.43	0.781	0	0	0	1309	8	0.006	0.48	0.773	0	0	0	1311	531	0.346	0.61	0.963	0	0	0	1309	531	0.369	0.69	0.975	0	0	0	1311	921	0.365	0.42	0.915	0	0	2	1309	921	0.384	0.44	0.923	0	0	2	1311	75	0.056	0.66	0.944	0	0	0	1309	75	0.056	0.75	0.953	0	0	0																																																																																	genotype_comparison	ex_vivo_primary_cells	unknown	""	high	skin		TRUE	FALSE	mildly_imbalanced		mildly_imbalanced
SRP225890	adipose | genotype_comparison | conf=high |  | n=32	genotype	in:tissue=red gastrocnemius muscle;subj:subject;tissue:adipose	32	16	8	8	4	4	1	0		15048	8	0	4	4	0	0	0	0	8	adipose	0.529	9.692	0.016	6e-04	4e-04								1.39	0		0.176	0.847	-0.505	1.158	0.945	M0																																																																																																																																																																																									genotype_comparison	in_vivo_tissue	female_only	""	high	adipose		TRUE	TRUE	single_sex		single_sex
SRP225899	liver | in_vivo_treatment_arms | conf=high |  | n=10	genotype/variation	tissue:liver	10	10	10	10	5	5	0	0		15155	0	10	0	0	10	0	0	0	10	liver	-1.738	2.56	0.391	5e-04	4e-04								0.69	0		-2.794	0.75	0.412	-0.148	0.035	M0																																																																																																																																																																																									in_vivo_treatment_arms	in_vivo_tissue	unknown	""	high	liver		TRUE	TRUE	single_sex		single_sex
SRP225901	liver | in_vivo_treatment_arms | conf=high |  | n=10	treatment	tissue:liver	10	10	10	10	5	5	0	0		14506	0	10	0	0	10	0	0	0	10	liver	-1.179	-0.184	-1.074	4e-04	3e-04								1.25	0		0.886	0.153	-0.187	-0.038	-0.876	M0																																																																																																																																																																																									in_vivo_treatment_arms	in_vivo_tissue	unknown	""	high	liver		TRUE	TRUE	single_sex		single_sex
SRP225951	lung | in_vivo_treatment_arms | conf=high |  | n=20	treatment	tissue:lung	20	20	20	20	10	10	0	0		4812.5	0	20	0	0	0	0	0	0	0	lung	0.31	-0.374	0.489	1e-04	1e-04								0.12	0			0.086	0.34	0.47	-0.393	M0																																																																																																																																																																																									in_vivo_treatment_arms	in_vivo_tissue	male_only	""	high	lung		FALSE	TRUE	single_sex		single_sex
SRP226196	brain_cns | genotype_comparison | conf=high | pooled_samples | n=12	genotype/variation	tissue:brain_cns	12	12	12	12	6	6	0.58	0.5		18207	7	5	2	5	12	0	0	0	12	brain	-0.537	0.828	0.525	6e-04	4e-04								4.51	3	0.004	-0.803	0.503	0.264	-0.234	0.203	M0,M1,M0perm,M3,M4,M5,M4perm,M5perm,M0permw	0	0		0.6	0.908	0	0	0	0	0		0.86	0.981	0	0	0	0	0		0.45	0.807	0	0	0	0	181	0	0.45	0.914	0	0	0	0	181	0	0.28	0.82	0	0	0	0	0		0.35	0.843	0	0	0	0	0		0.56	0.925	0	0	0	0	0		0.51	0.65	0	0	0	0	0		0.42	0.742	0	0	0	0	0		0.55	0.889	0	0	0	0	0		0.61	0.973	0	0	0	0	0		0.47	0.838	0	0	0	0	0		0.53	0.917	0	0	0																																																																																	genotype_comparison	in_vivo_tissue	unknown	pooled_samples	high	brain_cns		TRUE	FALSE	partially_confounded		partially_confounded
SRP226459	blood_immune | in_vivo_treatment_arms | conf=medium |  | n=12	experimental group	tissue:blood_immune	12	12	12	12	6	6	0	0		21584	0	12	0	0	12	0	0	0	12	blood	1.171	-4.005	-0.469	0	0								10.11	0		0.752	0.192	0.553	-0.495	0.59	M0																																																																																																																																																																																									in_vivo_treatment_arms	ex_vivo_primary_cells	unknown	""	medium	blood_immune		TRUE	TRUE	single_sex		single_sex
SRP226737	brain_cns | genotype_comparison | conf=high |  | n=12	genotype	tissue:brain_cns	12	12	12	12	6	6	0	0		18533.5	0	12	0	0	0	0	0	0	12	brain	-1.981	1.258	-0.076	2e-04	1e-04								3.94	0		1.958	-0.323	0.035	-0.236	-0.815	M0																																																																																																																																																																																									genotype_comparison	in_vivo_tissue	male_only	""	high	brain_cns		TRUE	TRUE	single_sex		single_sex
SRP227165	lung | genotype_comparison | conf=high | tumor_tissue | n=16	crispr-mediated mutation	tissue:lung	16	16	16	14	6	8	0.36	0.25		16475.5	5	9	3	2	14	0	0	2	14	lung	2.521	2.105	1.64	0.0689	0.0689								2.79	3	0.482	0.196	-0.052	0.457	-0.729	0.79	M0,M1,M0perm,M3,M4,M5,M7,M4perm,M5perm,M7perm,M0permw	6765	7371	0.81	0.79	0.986	0	0	0	6765	7344	0.894	0.79	0.996	0	0	0	6765	6064	0.827	0.8	0.99	0	0	0	6765	9111	0.719	0.1	0.981	0	0	0	7371	9111	0.762	0.07	0.979	1	0	0	6765	7355	0.767	0.65	0.979	0	0	0	7371	7355	0.868	0.77	0.992	0	0	0	6765	384	0.05	0.41	0.8	88	0	0	7371	384	0.052	0.52	0.817	55	0	0	6765	5671	0.681	0.61	0.971	0	0	0	7371	5671	0.707	0.74	0.98	0	0	0	6765	2148	0.202	0.3	0.822	33	0	0	7371	2148	0.232	0.44	0.857	20	0	0	6765	2596	0.306	0.48	0.862	25	0	0	7371	2596	0.318	0.52	0.87	51	0	0	6765	6918	0.789	0.78	0.985	0	0	0	7371	6918	0.908	0.93	0.998	0	0	0																																																	genotype_comparison	in_vivo_tissue	unknown	tumor_tissue	high	lung		TRUE	FALSE	mildly_imbalanced		mildly_imbalanced
SRP227207	liver | in_vivo_treatment_arms | conf=high |  | n=12	operation	tissue:liver	12	12	12	12	6	6	0	0		14077	0	12	0	0	12	0	0	0	0	liver	-0.247	0.434	0.062	3e-04	2e-04								1.98	0		0.597	0.401	0.377	-0.578	1.96	M0																																																																																																																																																																																									in_vivo_treatment_arms	in_vivo_tissue	unknown	""	high	liver		TRUE	TRUE	single_sex		single_sex
SRP227260	brain_cns | genotype_comparison | conf=high |  | n=20	genotype	tissue:brain_cns	20	20	20	20	10	10	0	0		17163	0	20	0	0	0	0	0	0	0	brain	-0.027	0.341	0.625	7e-04	5e-04								3.33	0		0.349	0.298	-0.164	0.183	0.458	M0																																																																																																																																																																																									genotype_comparison	in_vivo_tissue	male_only	""	high	brain_cns		TRUE	TRUE	single_sex		single_sex
SRP227924	blood_immune | genotype_comparison | conf=medium |  | n=50	genotype/variation	in:hrs of activation=0h - naive;tissue:blood_immune	50	50	10	10	5	5	1	0		15841	10	0	5	5	10	0	0	0	10	blood	1.009	1.166	-0.724	4e-04	4e-04								5.79	0		0.732	-0.233	0.386	-0.614	-0.568	M0																																																																																																																																																																																									genotype_comparison	ex_vivo_primary_cells	unknown	""	medium	blood_immune		TRUE	TRUE	single_sex		single_sex
SRP228490	reproductive | genotype_comparison | conf=high |  | n=20	genotype/variation	tissue:reproductive	20	20	14	14	7	7	1	0		19890	14	0	7	7	14	0	0	0	8	generic	-0.364	0.25	0.826	0.0071	0.0064								13.86	0		-0.908	0.561	0.287	-0.011	-0.766	M0																																																																																																																																																																																									genotype_comparison	in_vivo_tissue	female_only	""	high	reproductive		TRUE	TRUE	single_sex		single_sex
SRP228800	liver | in_vivo_treatment_arms | conf=high |  | n=19	aso	tissue:liver	19	19	19	19	10	9	0	0		13791	0	19	0	0	19	0	0	0	19	liver	2.179	-0.003	-1.025	3e-04	2e-04								2.2	0		-0.354	-0.174	-0.375	0.4	0.192	M0																																																																																																																																																																																									in_vivo_treatment_arms	in_vivo_tissue	unknown	""	high	liver		TRUE	TRUE	single_sex		single_sex
SRP228964	other | genotype_comparison | conf=medium |  | n=95	strain	subj:unique sample;tissue:other	95	95	22	22	4	18	0.55	0.25		16349	12	10	3	9	0	0	1	0	0	generic	2.452	3.707	1.025	2e-04	2e-04								4.33	4	0.381	-0.518	0.347	0.625	-0.483	-0.243	M0,M1,M0perm,M3,M4,M5,M4perm,M5perm,M0permw	7542	7726	0.884	0.74	0.988	1	0	1	7542	7258	0.928	0.92	0.997	0	0	0	7542	7558	0.925	0.89	0.996	0	0	0	7542	9312	0.755	0.56	0.967	0	0	0	7726	9312	0.734	0.61	0.958	2	1	0	7542	8036	0.798	0.62	0.966	1	0	1	7726	8036	0.827	0.77	0.98	0	1	1	7542	1980	0.221	0.28	0.718	569	0	0	7726	1980	0.221	0.32	0.714	622	1	0	7542	7357	0.824	0.7	0.974	0	0	1	7726	7357	0.881	0.89	0.99	0	1	1	7542	7044	0.817	0.71	0.977	1	0	1	7726	7044	0.87	0.89	0.991	0	1	1																																																																																	genotype_comparison	ex_vivo_primary_cells	both_sexes	""	medium	other		TRUE	FALSE	mildly_imbalanced		mildly_imbalanced
SRP229069	liver | in_vivo_treatment_arms | conf=high |  | n=28	treatment	tissue:liver	28	28	28	28	14	14	0	0		14935.5	0	28	0	0	28	0	0	0	0	liver	-2.876	-0.051	0.922	0.0028	0.0025								2.18	0		-2.244	0.664	-2.454	2.672	-1.228	M0																																																																																																																																																																																									in_vivo_treatment_arms	in_vivo_tissue	unknown	""	high	liver		TRUE	TRUE	single_sex		single_sex
SRP229353	liver | genotype_comparison | conf=high |  | n=16	genotype	tissue:liver	16	16	16	16	8	8	0.5	0.25		13580.5	8	8	5	3	0	2	1	0	0	liver	-0.471	0.178	0.032	8e-04	5e-04								11.82	2	0.006	-0.806	0.138	-0.647	0.668	0.996	M0,M1,M0perm,M3,M4,M5,M4perm,M5perm,M0permw	32	26	0.812	0.89	0.989	0	0	0	32	40	0.636	0.74	0.976	0	0	0	32	26	0.758	0.79	0.985	0	0	0	32	374	0.08	0.39	0.697	0	0	0	26	374	0.07	0.4	0.705	0	0	0	32	25	0.676	0.55	0.855	0	0	0	26	25	0.7	0.59	0.867	0	0	0	32	16	0.455	0.65	0.851	0	0	0	26	16	0.556	0.7	0.867	0	0	0	32	22	0.588	0.62	0.969	0	0	0	26	22	0.714	0.67	0.976	0	0	0	32	21	0.606	0.52	0.681	0	0	0	26	21	0.741	0.54	0.713	0	0	0																																																																																	genotype_comparison	in_vivo_tissue	both_sexes	""	high	liver		TRUE	FALSE	mildly_imbalanced		mildly_imbalanced
SRP229390	other | in_vivo_treatment_arms | conf=high |  | n=10	transduction	tissue:other	10	10	10	10	5	5	1	0		17088.5	10	0	5	5	10	0	0	0	0	generic	0.988	-0.151	0.408	1e-04	1e-04								0.4	0		-0.446	-0.48	0.89	-1.157	0.549	M0																																																																																																																																																																																									in_vivo_treatment_arms	in_vivo_tissue	unknown	""	high	other		TRUE	TRUE	single_sex		single_sex
SRP229484	reproductive | between_subject_case_control | conf=medium | tumor_tissue | n=72	tissue	in:time post-inoculation=3 weeks;tissue:reproductive	72	36	12	12	6	6	1	0		17784	12	0	6	6	12	0	0	0	12	generic	0.783	-0.799	-0.395	0.001	9e-04								2.1	0		-1.082	0.844	1.408	-1.161	-0.443	M0																																																																																																																																																																																									between_subject_case_control	in_vivo_tissue	female_only	tumor_tissue	medium	reproductive		TRUE	TRUE	single_sex		single_sex
SRP229489	other | in_vivo_treatment_arms | conf=medium |  | n=53	diet	in:age=24 weeks;tissue:other	53	53	36	36	28	8	0	0		16484.5	0	36	0	0	36	0	0	0	0	generic	0.173	-0.341	0.348	0.0046	0.0046								12.68	0		-0.199	-0.029	0.586	-0.35	-0.079	M0																																																																																																																																																																																									in_vivo_treatment_arms	in_vivo_tissue	unknown	""	medium	other		TRUE	TRUE	single_sex		single_sex
SRP229494	brain_cns | genotype_comparison | conf=high |  | n=20	genotype	tissue:brain_cns	20	20	20	20	10	10	0.5	0		17883.5	10	10	5	5	0	0	4	0	0	brain	-0.461	0.07	-0.715	3e-04	3e-04								5.76	3	0.443	-1.414	0.849	-0.9	1.087	0.371	M0,M1,M0perm,M3,M4,M5,M4perm,M5perm,M0permw	673	689	0.894	0.92	0.999	0	0	0	673	452	0.667	0.95	0.992	0	0	0	673	609	0.874	0.94	1	0	0	0	673	1401	0.38	0.68	0.778	0	0	0	689	1401	0.385	0.68	0.779	0	0	0	673	57	0.072	0.65	0.689	0	0	1	689	57	0.072	0.69	0.692	0	0	1	673	569	0.654	0.81	0.956	0	0	0	689	569	0.66	0.83	0.956	0	0	0	673	415	0.588	0.85	0.989	0	0	0	689	415	0.593	0.88	0.989	0	0	0	673	171	0.249	0.87	0.979	0	0	0	689	171	0.245	0.88	0.98	0	0	0																																																																																	genotype_comparison	in_vivo_tissue	both_sexes	""	high	brain_cns		TRUE	FALSE	balanced		balanced
SRP229586	lung | in_vivo_treatment_arms | conf=medium |  | n=18	infection	tissue:lung	18	18	18	18	12	6	1	0		18963	18	0	12	6	18	0	0	0	18	lung	-0.377	0.856	-1.381	0.0103	0.0095								1.8	0		-0.66	-0.608	-0.684	0.841	0.634	M0																																																																																																																																																																																									in_vivo_treatment_arms	in_vivo_tissue	unknown	""	medium	lung		TRUE	TRUE	single_sex		single_sex
SRP229626	brain_cns | genotype_comparison | conf=high |  | n=13	genotype	tissue:brain_cns	13	13	13	13	6	7	0.62	0.214	0.424	17237	8	5	3	5	13	0	0	0	0	brain	-0.994	1.825	0.158	3e-04	2e-04								1.71	4	0.509	-1.324	-0.606	0.987	-0.909	1.404	M0,M1,M0perm,M2,M2perm,M3,M4,M5,M4perm,M5perm,M0permw	790	2063	0.383	0.66	0.984	0	0	0	790	801	0.735	0.85	0.992	0	0	0	790	531	0.647	0.84	0.988	0	0	0	790	529	0.466	0.6	0.81	0	0	0	2063	529	0.241	0.64	0.803	1	0	0	790	10	0.008	0.55	0.869	0	0	0	2063	10	0.003	0.69	0.894	0	0	0	790	2	0.001	0.36	0.372	4	0	0	2063	2	0	0.37	0.377	187	0	0	790	3656	0.214	0.53	0.961	0	0	1	2063	3656	0.525	0.64	0.97	0	0	1	790	1584	0.466	0.61	0.981	0	0	0	2063	1584	0.736	0.86	0.997	0	0	0																																	790	1538	0.466	0.67	0.961	0	0	0	790	1087	0.577	0.62	0.973	0	0	0																																	genotype_comparison	in_vivo_tissue	unknown	""	high	brain_cns		TRUE	FALSE	mildly_imbalanced	mildly_imbalanced	mildly_imbalanced
SRP229632	brain_cns | in_vivo_treatment_arms | conf=medium |  | n=16	treatment	in:cell type=neuronal;tissue:brain_cns	16	16	8	8	4	4	0	0		19617	0	8	0	0	8	0	0	0	8	brain	-0.568	-1.578	0.918	0	0								15.12	0		-0.024	-0.578	-0.471	0.643		M0																																																																																																																																																																																									in_vivo_treatment_arms	in_vivo_tissue	unknown	""	medium	brain_cns		TRUE	TRUE	single_sex		single_sex
SRP229742	brain_cns | in_vivo_treatment_arms | conf=medium |  | n=741	condition	in:ztime=6;tissue:brain_cns	741	63	17	17	12	5	0	0		17481	0	17	0	0	0	0	0	0	17	brain	-0.124	-0.727	-0.185	1e-04	1e-04								2.83	0		-0.502	1.046	-0.153	0.339	-0.262	M0																																																																																																																																																																																									in_vivo_treatment_arms	in_vivo_tissue	male_only	""	medium	brain_cns		TRUE	TRUE	single_sex		single_sex
SRP229965	brain_cns | in_vivo_treatment_arms | conf=high |  | n=19	treatment	tissue:brain_cns	19	19	19	19	9	10	0.74	0.133		16539	14	5	6	8	0	0	7	0	19	brain	0.181	0.319	0.886	2e-04	2e-04								1.14	2	0.306	0.445	-1.335	-0.336	0.188	0.02	M0,M1,M0perm,M3,M4,M5,M4perm,M5perm,M0permw	0	0		0.77	0.979	0	0	0	0	0		0.72	0.98	0	0	0	0	0		0.86	0.98	0	0	0	0	0		0.39	0.782	0	0	0	0	0		0.35	0.733	0	0	0	0	0		0.2	0.789	0	0	0	0	0		0.17	0.775	0	0	0	0	0		0.5	0.916	0	0	0	0	0		0.5	0.934	0	0	0	0	0		0.4	0.896	0	0	0	0	0		0.47	0.929	0	0	0	0	0		0.58	0.908	0	0	0	0	0		0.59	0.926	0	0	0																																																																																	in_vivo_treatment_arms	in_vivo_tissue	both_sexes	""	high	brain_cns		TRUE	FALSE	balanced		balanced
SRP230248	brain_cns | genotype_comparison | conf=medium |  | n=64	strain	subj:unique sample;tissue:brain_cns	64	64	16	16	8	8	0.5	0		17360	8	8	4	4	0	0	0	0	16	brain	0.271	-0.096	-1.094	3e-04	2e-04								1.44	3	0.811	-2.74	0.949	1.861	-2.353	-0.022	M0,M1,M0perm,M3,M4,M5,M4perm,M5perm,M0permw	4684	4673	0.963	0.94	1	0	0	0	4684	4450	0.875	0.94	0.988	0	0	0	4684	4592	0.959	0.95	1	0	0	0	4684	7262	0.645	0.72	0.989	0	0	1	4673	7262	0.643	0.76	0.99	0	0	1	4684	1337	0.269	0.72	0.775	83	0	0	4673	1337	0.27	0.72	0.776	85	0	0	4684	4673	0.89	0.84	0.995	0	0	0	4673	4673	0.894	0.88	0.996	0	0	0	4684	4356	0.86	0.88	0.991	0	0	1	4673	4356	0.865	0.93	0.991	0	0	1	4684	4541	0.831	0.85	0.979	0	0	0	4673	4541	0.837	0.88	0.979	0	0	0																																																																																	genotype_comparison	in_vivo_tissue	both_sexes	""	medium	brain_cns		TRUE	FALSE	balanced		balanced
SRP230420	brain_cns | genotype_comparison | conf=high |  | n=84	group	tissue:brain_cns	84	84	84	84	44	40	0.46	0.027		17568	39	45	21	18	0	0	0	0	84	brain	-0.308	0.035	-0.062	3e-04	2e-04								17.14	5	0.884	-0.079	-0.087	0.304	-0.288	0.335	M0,M1,M0perm,M3,M4,M5,M4perm,M5perm,M0permw	968	953	0.958	0.98	0.999	0	0	1	968	812	0.826	0.99	0.997	0	0	0	968	1026	0.936	0.98	1	0	0	0	968	2591	0.368	0.68	0.908	0	0	0	953	2591	0.363	0.68	0.908	0	1	0	968	1713	0.565	0.91	0.995	0	0	1	953	1713	0.556	0.89	0.996	0	1	1	968	1410	0.573	0.84	0.9	0	0	0	953	1410	0.57	0.85	0.903	0	1	0	968	841	0.833	0.96	0.998	0	0	0	953	841	0.851	0.95	0.998	0	1	0	968	925	0.904	0.97	0.999	0	0	0	953	925	0.928	0.98	0.999	0	1	0																																																																																	genotype_comparison	in_vivo_tissue	both_sexes	""	high	brain_cns		TRUE	FALSE	balanced		balanced
SRP230425	other | genotype_comparison | conf=high |  | n=60	genotype	tissue:other	60	15	10	8	4	4	0.88	0.25		17059	7	1	3	4	8	0	0	2	0	generic	-0.357	-1.617	-1.497	0.019	0.0184	readlen	0.5					0.5	1.43	0		-2.568	1.162	-0.68	-0.235	1.692	M0,M1,M0perm,M4,M5,M6,M7,M4perm,M5perm,M6perm,M7perm,M0permw	3214	4407	0.611	0.35	0.977	0	0	0	3214	2619	0.614	0.25	0.977	0	0	0	3214	4407	0.611	0.35	0.977	0	0	0																	3214	0	0	0.01	0.637	20	0	0	4407	0	0	0.03	0.633	129	0	0	3214	2445	0.298	0.15	0.759	2	0	0	4407	2445	0.319	0.09	0.775	1	0	0	3214	0	0	0.06	0.886	0	0	0	4407	0	0	0.16	0.905	0	0	0	3214	550	0.13	0.09	0.91	0	0	0	4407	550	0.11	0.05	0.93	0	0	0	3214	1	0	0.2	0.902	0	0	0	4407	1	0	0.52	0.92	0	0	0	3214	4168	0.532	0.23	0.97	0	0	0	4407	4168	0.736	0.48	0.992	0	0	0																	3214	5267	0.483	0.06	0.955	0	0	0	4407	5267	0.611	0.09	0.968	0	0	0	3214	4178	0.503	0.14	0.964	0	0	0	4407	4178	0.692	0.45	0.983	0	0	0	genotype_comparison	in_vivo_tissue	male_only	""	high	other		TRUE	FALSE	mildly_imbalanced		mildly_imbalanced
SRP232912	lung | in_vivo_treatment_arms | conf=high |  | n=89	treatment	tissue:lung	89	89	89	89	79	10	1	0		20362	89	0	79	10	89	0	0	0	89	lung	-1.508	2.377	-1.21	0.0168	0.0158								3.87	0		-1.441	-1.326	-0.326	0.09	-0.46	M0																																																																																																																																																																																									in_vivo_treatment_arms	in_vivo_tissue	unknown	""	high	lung		TRUE	TRUE	single_sex		single_sex
SRP232913	brain_cns | in_vivo_treatment_arms | conf=high |  | n=72	paternal treatment	in:tissue=dorsal hippocampus;tissue:brain_cns	72	24	12	12	6	6	0.5	0		16097.5	6	6	3	3	0	5	4	0	12	brain	2.849	0.802	3.328	5e-04	4e-04								0.67	2	0.214	1.085	-1.877	-0.533	0.456	0.031	M0,M1,M0perm,M3,M4,M5,M4perm,M5perm,M0permw	460	338	0.619	0.74	0.979	0	0	0	460	317	0.551	0.73	0.979	0	0	0	460	265	0.543	0.76	0.986	0	0	0	460	217	0.05	0.02	0.668	0	0	0	338	217	0.061	0.02	0.696	0	0	0	460	0	0	0.06	0.542	0	0	0	338	0	0	0.17	0.544	0	0	0	460	0	0	0.03	-0.27	199	0	0	338	0	0	0.04	-0.224	138	0	0	460	0	0	0.34	0.826	0	0	0	338	0	0	0.3	0.83	0	0	0	460	0	0	0.46	0.85	0	0	0	338	0	0	0.55	0.855	0	0	0																																																																																	in_vivo_treatment_arms	in_vivo_tissue	both_sexes	""	high	brain_cns		TRUE	FALSE	balanced		balanced
SRP233206	brain_cns | in_vivo_treatment_arms | conf=high |  | n=18	lps or pbs	in:fraction=positive;subj:animal number;tissue:brain_cns	18	18	9	9	5	4	0.67	0.3		18046	6	3	4	2	0	0	0	0	9	brain	-2.339	-1.927	-0.701	1e-04	0								3.5	0		0.162	-1.037	0.569	-0.68	-0.079	M0,M1,M0perm,M4,M5,M4perm,M5perm,M0permw	6465	5616	0.816	0.88	0.989	0	0	0	6465	6188	0.892	0.86	0.996	0	0	0	6465	5622	0.823	0.83	0.993	0	0	0																	6465	3517	0.507	0.69	0.934	0	0	0	5616	3517	0.578	0.74	0.949	0	0	0	6465	938	0.136	0.51	0.758	139	0	0	5616	938	0.154	0.51	0.783	65	0	0	6465	2866	0.436	0.74	0.952	0	0	0	5616	2866	0.499	0.79	0.96	0	0	0	6465	703	0.107	0.64	0.821	52	0	0	5616	703	0.123	0.64	0.842	20	0	0																																																																																	in_vivo_treatment_arms	in_vivo_tissue	both_sexes	""	high	brain_cns		TRUE	FALSE	partially_confounded		partially_confounded
SRP233366	brain_cns | in_vivo_treatment_arms | conf=high |  | n=12	agent	tissue:brain_cns	12	12	12	12	6	6	0.5	0		17404.5	6	6	3	3	0	1	0	0	0	brain	0.346	-0.453	-0.397	0.001	8e-04								4.6	2	0.645	-0.315	0.321	0.459	-0.443	-1.268	M0,M1,M0perm,M3,M4,M5,M4perm,M5perm,M0permw	0	0		0.86	0.997	0	0	0	0	0		0.66	0.902	0	0	0	0	0		0.86	0.999	0	0	0	0	0		0.36	0.967	0	0	0	0	0		0.42	0.966	0	0	0	0	0		0.38	0.817	0	0	0	0	0		0.4	0.83	0	0	0	0	0		0.47	0.81	0	0	0	0	0		0.51	0.797	0	0	0	0	0		0.71	0.99	0	0	0	0	0		0.76	0.991	0	0	0	0	0		0.6	0.986	0	0	0	0	0		0.62	0.987	0	0	0																																																																																	in_vivo_treatment_arms	in_vivo_tissue	both_sexes	""	high	brain_cns		TRUE	FALSE	balanced		balanced
SRP233389	liver | in_vivo_treatment_arms | conf=high |  | n=360	exposure	subj:animal id;tissue:liver	360	90	90	90	49	41	1	0		14385.5	90	0	49	41	0	0	0	0	90	liver	-0.933	-0.101	-0.207	0.0014	0.0013								4.96	0		-0.305	-0.257	0.19	-0.062	-0.195	M0																																																																																																																																																																																									in_vivo_treatment_arms	in_vivo_tissue	female_only	""	high	liver		TRUE	TRUE	single_sex		single_sex
SRP234038	brain_cns | genotype_comparison | conf=high |  | n=48	genotype	subj:sample id;tissue:brain_cns	48	48	48	48	24	24	0.5	0		17602	24	24	12	12	0	0	3	0	48	brain	-0.703	0.336	0.569	1e-04	1e-04								2.11	5	0.82	0.581	-0.911	0.16	-0.233	-0.083	M0,M1,M0perm,M3,M4,M5,M4perm,M5perm,M0permw	0	0		0.81	0.998	0	0	0	0	0		0.79	0.988	0	0	0	0	0		0.97	1	0	0	0	0	4	0	0.26	0.647	0	0	0	0	4	0	0.31	0.644	0	0	0	0	2	0	0.29	0.733	0	0	0	0	2	0	0.34	0.737	0	0	0	0	5	0	0.36	0.717	0	0	1	0	5	0	0.41	0.718	0	0	1	0	2	0	0.67	0.98	0	0	0	0	2	0	0.74	0.981	0	0	0	0	5	0	0.62	0.987	0	0	0	0	5	0	0.73	0.989	0	0	0																																																																																	genotype_comparison	in_vivo_tissue	both_sexes	""	high	brain_cns		TRUE	FALSE	balanced		balanced
SRP234628	blood_immune | genotype_comparison | conf=medium |  | n=36	genotype	in:cell type=splenic b cell;tissue:blood_immune	36	36	12	12	6	6	0	0		15604.5	0	12	0	0	12	0	0	0	0	blood	-1.067	-1.604	-0.626	5e-04	5e-04								10.17	0		0.402	0.467	0.066	0.293	0.205	M0																																																																																																																																																																																									genotype_comparison	ex_vivo_primary_cells	unknown	""	medium	blood_immune		TRUE	TRUE	single_sex		single_sex
SRP234876	brain_cns | time_course | conf=medium |  | n=71	time point	in:brain region=nucleus accumbens;tissue:brain_cns	71	71	24	24	12	12	0	0		17547.5	0	24	0	0	24	0	0	0	24	brain	-0.792	0.157	0.839	0.0012	0.0011	readlen	1					1	7.77	0		-2.756	-5.219	-3.725	3.546	1.888	M0																																																																																																																																																																																									time_course	in_vivo_tissue	unknown	""	medium	brain_cns		TRUE	TRUE	single_sex		single_sex
SRP235070	brain_cns | in_vivo_treatment_arms | conf=medium |  | n=41	group	in:sample type=immunopurified (ip);tissue:brain_cns	41	41	10	10	5	5	0	0		14416.5	0	10	0	0	10	0	0	0	10	brain	-1.718	0.866	-0.501	0	0								24.09	0		0.51	0.576	-0.42	0.366	0.314	M0																																																																																																																																																																																									in_vivo_treatment_arms	in_vivo_tissue	unknown	""	medium	brain_cns		TRUE	TRUE	single_sex		single_sex
SRP235231	tumor | genotype_comparison | conf=high | tumor_tissue | n=19	genotype	tissue:tumor	19	19	19	19	8	11	0.47	0.17		16775	9	10	3	6	19	0	0	0	19	generic	0.579	0.72	0.349	0.0036	0.0035								5.02	5	0.071	-0.193	-0.097	-0.146	0.138	0.331	M0,M1,M0perm,M3,M4,M5,M4perm,M5perm,M0permw	0	0		0.86	0.993	0	0	0	0	0		0.37	0.97	0	0	0	0	0		0.78	0.991	0	0	0	0	0		0.06	0.443	0	0	0	0	0		0.07	0.456	0	0	0	0	0		0.53	0.975	0	0	0	0	0		0.57	0.984	0	0	0	0	0		0.28	0.724	0	0	0	0	0		0.31	0.719	0	0	0	0	0		0.4	0.951	0	0	0	0	0		0.39	0.964	0	0	0	0	0		0.54	0.934	0	0	0	0	0		0.59	0.942	0	0	0																																																																																	genotype_comparison	in_vivo_tissue	unknown	tumor_tissue	high	tumor		TRUE	FALSE	mildly_imbalanced		mildly_imbalanced
SRP235265	other | in_vivo_treatment_arms | conf=medium |  | n=40	protocol	tissue:other	40	40	15	15	9	6	0	0		15570	0	15	0	0	15	0	0	0	15	generic	-0.5	-0.474	0.777	1e-04	1e-04								39.87	0		-0.072	0.171	-0.667	0.665	0.718	M0																																																																																																																																																																																									in_vivo_treatment_arms	in_vivo_tissue	unknown	""	medium	other		TRUE	TRUE	single_sex		single_sex
SRP237295	gut | genotype_comparison | conf=high |  | n=12	genotype	tissue:gut	12	12	12	12	6	6	0.17	0.333		15167.5	2	10	0	2	0	0	0	0	0	gut	0.383	1.579	0.583	0.0011	0.001								8.38	1	0.377	-0.019	0.435	-0.913	1.014	0.076	M0,M1,M0perm,M3,M4,M5,M4perm,M5perm,M0permw	0	0		0.33	0.773	0	0	0	0	0		0.5	0.801	0	0	0	0	0		0.4	0.924	0	0	0	0	0		0.6	0.96	0	0	0	0	0		0.39	0.742	0	0	0	0	0		0.11	0.546	0	0	0	0	0		0.23	0.859	0	0	0	0	0		0.05	0.27	0	0	0	0	0		0.06	0.502	0	0	0	0	0		0.15	0.541	0	0	0	0	0		0.24	0.57	0	0	0	0	0		0.25	0.724	0	0	0	0	0		0.66	0.968	0	0	0																																																																																	genotype_comparison	in_vivo_tissue	female_only	""	high	gut		TRUE	FALSE	partially_confounded		partially_confounded
SRP237329	brain_cns | in_vivo_treatment_arms | conf=high |  | n=26	treatment	in:sample type=immunopurified (ip);tissue:brain_cns	26	26	23	23	15	8	0	0		16912	0	23	0	0	23	0	0	0	23	brain	0.756	-0.352	-0.698	2e-04	2e-04								49.57	0		0.422	0.292	-0.496	0.592	0.135	M0																																																																																																																																																																																									in_vivo_treatment_arms	in_vivo_tissue	unknown	""	high	brain_cns		TRUE	TRUE	single_sex		single_sex
SRP237364	brain_cns | genotype_comparison | conf=high |  | n=10	genotype	tissue:brain_cns	10	10	10	10	5	5	0.5	0.2		15295.5	5	5	2	3	10	0	0	0	10	brain	0.334	0.378	0.841	0	0	readlen	0.408					0.408	3.41	3	0.337	0.799	-0.94	-0.629	0.601	-0.244	M0,M1,M0perm,M3,M4,M5,M6,M4perm,M5perm,M6perm,M0permw	2	2	1	0.79	0.982	0	0	0	2	0	0	0.54	0.895	0	0	0	2	2	1	0.84	0.984	0	0	0	2	10	0.2	0.35	0.462	0	0	0	2	10	0.2	0.41	0.473	0	0	0	2	0	0	0.38	0.423	0	0	0	2	0	0	0.42	0.473	0	0	0	2	2	1	0.45	0.963	0	0	0	2	2	1	0.46	0.983	0	0	0	2	0	0	0.47	0.901	0	0	0	2	0	0	0.46	0.883	0	0	0	2	0	0	0.31	0.861	0	0	0	2	0	0	0.3	0.861	0	0	0																																																	2	1	0.5	0.57	0.891	0	0	0	2	1	0.5	0.59	0.889	0	0	0	2	1	0.5	0.14	0.899	0	0	0	2	1	0.5	0.13	0.884	0	0	0	genotype_comparison	ex_vivo_primary_cells	unknown	""	high	brain_cns		TRUE	FALSE	mildly_imbalanced		mildly_imbalanced
SRP237439	tumor | in_vivo_treatment_arms | conf=medium | tumor_tissue | n=12	treatment condition	tissue:tumor	12	12	12	12	6	6	0.83	0		16744	10	2	5	5	12	0	0	0	12	generic	-0.067	-0.358	-0.645	6e-04	6e-04	readlen	0.577					0.577	16	4	0.277	0.356	1.223	-0.18	0.088	-0.789	M0,M1,M0perm,M3,M4,M5,M6,M4perm,M5perm,M6perm,M0permw	74	78	0.708	0.82	0.998	0	0	0	74	66	0.707	0.92	0.997	0	0	0	74	66	0.707	0.92	0.997	0	0	0	74	1164	0.064	0.41	0.975	0	0	0	78	1164	0.066	0.37	0.974	0	0	0	74	53	0.27	0.49	0.734	0	0	0	78	53	0.248	0.49	0.736	0	0	0	74	423	0.175	0.51	0.938	0	0	0	78	423	0.184	0.51	0.939	0	0	0	74	3	0.041	0.59	0.86	0	0	0	78	3	0.038	0.64	0.86	0	0	0	74	4	0.04	0.68	0.925	0	0	0	78	4	0.051	0.73	0.925	0	0	0																																																	74	14	0.114	0.51	0.732	0	0	0	78	14	0.122	0.54	0.732	0	0	0	74	1	0.014	0.55	0.882	0	0	0	78	1	0.013	0.57	0.884	0	0	0	in_vivo_treatment_arms	in_vivo_tissue	unknown	tumor_tissue	medium	tumor		TRUE	FALSE	balanced		balanced
SRP237817	brain_cns | in_vivo_treatment_arms | conf=high |  | n=20	treatment	subj:specimen_voucher;tissue:brain_cns	20	20	12	12	8	4	0.5	0		17570.5	6	6	4	2	0	0	0	0	0	brain	0.739	0.126	0.591	6e-04	4e-04								2.4	3	0.917	0.308	0.449	-0.618	0.788	2.415	M0,M1,M0perm,M3,M4,M5,M4perm,M5perm,M0permw	101	151	0.669	0.83	0.996	0	0	0	101	49	0.456	0.83	0.965	0	0	0	101	89	0.776	0.92	0.999	0	0	0	101	1192	0.085	0.58	0.983	0	0	1	151	1192	0.127	0.62	0.987	0	0	1	101	20	0.186	0.55	0.805	0	0	0	151	20	0.125	0.59	0.807	0	0	0	101	113	0.518	0.67	0.946	0	0	0	151	113	0.509	0.74	0.949	0	0	0	101	54	0.476	0.69	0.935	0	0	0	151	54	0.34	0.73	0.939	0	0	0	101	80	0.574	0.77	0.993	0	0	0	151	80	0.49	0.83	0.996	0	0	0																																																																																	in_vivo_treatment_arms	in_vivo_tissue	both_sexes	""	high	brain_cns		TRUE	FALSE	balanced		balanced
SRP237911	gut | in_vivo_treatment_arms | conf=medium |  | n=21	treatment	in:source_name=iecs sorted from neonatal intestine;tissue:gut	21	21	8	8	4	4	0.38	0.25		16053	3	5	2	1	8	0	0	0	8	gut	0.41	0.6	0.53	0	0								2.23	0		-0.251	0.198	-0.535	0.827	-0.178	M0,M1,M0perm,M4,M5,M4perm,M5perm,M0permw	265	265	0.84	0.9	0.961	0	0	0	265	198	0.741	0.97	0.984	0	0	0	265	220	0.783	0.89	0.977	0	0	0																	265	302	0.718	0.82	0.953	0	0	0	265	302	0.777	0.88	0.972	0	0	0	265	243	0.699	0.8	0.878	0	0	1	265	243	0.77	0.86	0.949	0	0	1	265	130	0.474	0.83	0.825	0	0	0	265	130	0.474	0.89	0.834	0	0	0	265	154	0.513	0.84	0.559	0	0	0	265	154	0.513	0.9	0.465	0	0	0																																																																																	in_vivo_treatment_arms	ex_vivo_primary_cells	unknown	""	medium	gut		TRUE	FALSE	mildly_imbalanced		mildly_imbalanced
SRP237927	other | in_vivo_treatment_arms | conf=high |  | n=114	genotype	tissue:other	114	114	114	114	54	60	0	0	0.123	15232.5	0	114	0	0	114	0	0	0	0	generic	1.084	2.522	0.672	7e-04	7e-04								5.4	0		-0.832	0.616	-0.828	0.661	0.596	M0																																																																																																																																																																																									in_vivo_treatment_arms	ex_vivo_primary_cells	unknown	""	high	other		TRUE	TRUE	single_sex	balanced	single_sex
SRP238545	other | genotype_comparison | conf=high |  | n=44	genotype/variation	in:treatment=peg;tissue:other	44	44	24	24	13	11	1	0		15513.5	24	0	13	11	24	0	0	0	0	generic	2.308	-0.489	0.758	0.0035	0.0035								3.27	0		-1.655	-2.156	0.94	-1.897	0.547	M0																																																																																																																																																																																									genotype_comparison	in_vivo_tissue	unknown	""	high	other		TRUE	TRUE	single_sex		single_sex
SRP238748	brain_cns | genotype_comparison | conf=high |  | n=32	genotype	tissue:brain_cns	32	32	32	32	15	17	1	0	0.078	19127.5	32	0	15	17	32	0	0	0	0	brain	1.097	0.489	0.539	0.0036	0.0035								2.67	0		-2.107	1.279	0.105	0.018	-0.197	M0																																																																																																																																																																																									genotype_comparison	in_vivo_tissue	unknown	""	high	brain_cns		TRUE	TRUE	single_sex	balanced	single_sex
SRP238851	brain_cns | genotype_comparison | conf=high |  | n=13	strain	tissue:brain_cns	13	13	13	13	6	7	0.38	0.095	0.132	17010	5	8	2	3	13	0	0	0	0	brain	0.122	2.787	-0.067	5e-04	4e-04								2.31	3	0.879	1.469	-2.48	-1.131	1.116	1.138	M0,M1,M0perm,M2,M2perm,M3,M4,M5,M4perm,M5perm,M0permw	687	808	0.817	0.82	0.996	0	0	0	687	577	0.768	0.96	0.988	0	0	0	687	616	0.867	0.95	0.997	0	0	0	687	1742	0.391	0.61	0.899	0	0	0	808	1742	0.46	0.6	0.903	0	0	0	687	205	0.255	0.62	0.623	0	0	0	808	205	0.226	0.7	0.621	0	0	0	687	209	0.184	0.64	0.617	3	0	0	808	209	0.162	0.62	0.62	2	0	0	687	483	0.592	0.82	0.949	0	0	0	808	483	0.565	0.93	0.957	0	0	0	687	333	0.461	0.76	0.93	0	0	0	808	333	0.405	0.87	0.933	0	0	0																																	687	1575	0.436	0.75	0.983	0	0	0	687	817	0.778	0.8	0.993	0	0	0																																	genotype_comparison	in_vivo_tissue	unknown	""	high	brain_cns		TRUE	FALSE	balanced	balanced	balanced
SRP251172	brain_cns | genotype_comparison | conf=high |  | n=12	genotype	tissue:brain_cns	12	12	8	8	4	4	0.5	0		19627.5	4	4	2	2	8	0	0	0	8	brain	0.89	0.467	1.579	2e-04	1e-04	readlen	0.577					0.577	2.75	0		-4.396	-0.763	2.059	-0.594	0.787	M0,M1,M0perm,M4,M5,M6,M4perm,M5perm,M6perm,M0permw	1406	1615	0.852	0.82	0.997	0	0	2	1406	1264	0.846	0.9	0.998	0	0	0	1406	1591	0.859	0.87	0.997	0	0	0																	1406	21	0.006	0.11	0.376	215	0	0	1615	21	0.008	0.12	0.377	256	2	0	1406	1372	0.499	0.49	0.909	0	0	1	1615	1372	0.515	0.58	0.911	0	2	1	1406	122	0.073	0.42	0.833	0	0	0	1615	122	0.067	0.53	0.834	0	2	0	1406	475	0.271	0.44	0.891	0	0	0	1615	475	0.266	0.55	0.894	0	2	0																																																	1406	535	0.327	0.63	0.914	0	0	1	1615	535	0.3	0.66	0.917	0	2	1	1406	1355	0.773	0.64	0.996	0	0	2	1615	1355	0.8	0.78	0.998	0	2	2	genotype_comparison	in_vivo_tissue	unknown	""	high	brain_cns		TRUE	FALSE	balanced		balanced
SRP256038	brain_cns | in_vivo_treatment_arms | conf=medium |  | n=73	disease_stage	in:tissue=cortical microglia;tissue:brain_cns	73	73	21	21	7	14	0.57	0		14645	12	9	4	8	0	0	0	0	21	brain	-0.691	0.281	0.292	0	0	readlen	0.316					0.316	5.78	4	0.636	1.243	-0.942	1.5	0.176	-0.049	M0,M1,M0perm,M3,M4,M5,M6,M4perm,M5perm,M6perm,M0permw	7045	7167	0.955	0.82	0.998	0	0	3	7045	6818	0.912	0.9	0.996	0	0	0	7045	7055	0.966	0.91	0.999	0	0	0	7045	6084	0.661	0.55	0.938	1	0	1	7167	6084	0.668	0.56	0.938	2	3	1	7045	6220	0.591	0.55	0.898	13	0	3	7167	6220	0.59	0.61	0.9	14	3	3	7045	6642	0.851	0.76	0.989	0	0	2	7167	6642	0.849	0.89	0.99	0	3	2	7045	7227	0.92	0.78	0.996	0	0	3	7167	7227	0.935	0.86	0.998	0	3	3	7045	6659	0.821	0.77	0.983	0	0	4	7167	6659	0.819	0.84	0.985	0	3	4																																																	7045	6051	0.815	0.76	0.989	0	0	2	7167	6051	0.813	0.9	0.99	0	3	2	7045	7199	0.919	0.82	0.996	0	0	3	7167	7199	0.935	0.93	0.998	0	3	3	in_vivo_treatment_arms	ex_vivo_primary_cells	both_sexes	""	medium	brain_cns		TRUE	FALSE	balanced		balanced
SRP281844	other | genotype_comparison | conf=medium |  | n=9	genotype	ex:genotype=cnp-cre; tardbp-fl/fl;tissue:other	9	9	8	8	4	4	0.75	0		16917	6	2	3	3	0	0	0	0	0	generic	-0.025	-0.232	-0.636	0.0017	0.0014								2.67	0		0.547	0.287	0.074	-0.069	1.593	M0,M1,M0perm,M4,M5,M4perm,M5perm,M0permw	0	0		0.52	0.995	0	0	0	0	0		0.6	0.995	0	0	0	0	0		0.82	0.997	0	0	0																	0	0		0.19	0.826	0	0	0	0	0		0.19	0.828	0	0	0	0	0		0.42	0.965	0	0	0	0	0		0.53	0.969	0	0	0	0	0		0.19	0.93	0	0	0	0	0		0.29	0.934	0	0	0	0	0		0.22	0.945	0	0	0	0	0		0.4	0.95	0	0	0																																																																																	genotype_comparison	in_vivo_tissue	both_sexes	""	medium	other		TRUE	FALSE	balanced		balanced
SRP316599	brain_cns | genotype_comparison | conf=high |  | n=48	genotype	in:tissue=cerebellum;tissue:brain_cns	48	48	12	12	6	6	0.5	0		16733.5	6	6	3	3	0	0	0	0	0	brain	1.833	0.51	0.085	0.0022	0.0016	readlen	0					0	3.45	4	0.378	-0.617	0.517	0.016	1.478	0.524	M0,M1,M0perm,M3,M4,M5,M6,M4perm,M5perm,M6perm,M0permw	0	0		0.82	0.989	0	0	0	0	0		0.76	0.944	0	0	0	0	0		0.85	0.991	0	0	0	0	0		0.25	0.615	0	0	0	0	0		0.22	0.611	0	0	0	0	0		0.41	0.878	0	0	0	0	0		0.39	0.883	0	0	0	0	0		0.08	0.499	0	0	0	0	0		0.08	0.496	0	0	0	0	0		0.52	0.921	0	0	0	0	0		0.58	0.934	0	0	0	0	0		0.36	0.914	0	0	0	0	0		0.39	0.923	0	0	0																																																	0	0		0.78	0.988	0	0	0	0	0		0.87	0.991	0	0	0	0	0		0.83	0.979	0	0	0	0	0		0.91	0.991	0	0	0	genotype_comparison	in_vivo_tissue	both_sexes	""	high	brain_cns		TRUE	FALSE	balanced		balanced
SRP340286	adipose | in_vivo_treatment_arms | conf=high |  | n=204	status	in:source_name=ewat;tissue:adipose	204	204	10	10	5	5	0	0		16325	0	10	0	0	10	0	0	0	10	adipose	-2.136	4.21	-2.613	0.0013	0.0011								1.01	0		-2.29	1.394	0.031	-1.369	0.572	M0																																																																																																																																																																																									in_vivo_treatment_arms	in_vivo_tissue	unknown	""	high	adipose		TRUE	TRUE	single_sex		single_sex
SRP471095	brain_cns | genotype_comparison | conf=medium |  | n=32	genotype	in:tissue=brain (one hemisphere);tissue:brain_cns	32	32	17	17	6	11	0.53	0.045	1.469	17443	9	8	3	6	0	0	0	0	0	brain	0.95	0.484	0.059	1e-04	1e-04								3.04	4	0.99	-0.894	-0.252	-0.569	0.852	-0.422	M0,M1,M0perm,M2,M2perm,M3,M4,M5,M4perm,M5perm,M0permw	3613	3546	0.946	0.94	0.999	0	0	0	3613	3157	0.845	0.92	0.993	0	0	0	3613	3590	0.941	0.91	0.999	0	0	0	3613	3695	0.694	0.7	0.949	0	0	0	3546	3695	0.696	0.74	0.951	0	0	0	3613	2715	0.606	0.83	0.935	0	0	0	3546	2715	0.615	0.83	0.936	0	0	0	3613	2873	0.59	0.78	0.927	0	0	1	3546	2873	0.596	0.8	0.927	0	0	1	3613	3545	0.89	0.89	0.997	0	0	0	3546	3545	0.908	0.91	0.998	0	0	0	3613	2894	0.72	0.83	0.976	0	0	0	3546	2894	0.733	0.88	0.977	0	0	0																																	3613	2624	0.536	0.82	0.9	1	0	0	3613	3442	0.909	0.9	0.998	0	0	0																																	genotype_comparison	in_vivo_tissue	both_sexes	""	medium	brain_cns		TRUE	FALSE	balanced	partially_confounded	partially_confounded
