study	group_key	case_level	control_level	exclude	note
DRP003161	sample_title	indium_oxide_biological_replicate_1	control_biological_replicate_1	tissue:unknown	| in_vivo_treatment_arms | conf=high |  | n=8
DRP002295	sample comment	medaka were bred and growth in a freshwater recirculating aquarium system in the atmosphere and ocean research institute, the university of tokyo. the aquarium system was controlled at 26 ?c with a photoperiod of 14h/10h light/dark cycle. fish was fed daily with freshly hatched brine shrimp. individuals (1.0 - 1.2 g body weight) were randomly divided into nine experimental tanks. medaka were transferred to 50% seawater. in sampling, the experimental fish was anaesthetized in 0.1% tricaine methanesulfonate (ms-222) and further sacrificed by spinal transection. intestine was immediately dissected, snap-frozen in liquid nitrogen, and stored at -80 ?c until use. total rna was extracted from the intestine samples using isogen (nippon gene, toyama) according to the manufacturer protocols. poly(a) rna was isolated from the total rna according to the manufacturer protocols.	medaka were bred and growth in a freshwater (fw) recirculating aquarium system in the atmosphere and ocean research institute, the university of tokyo. the aquarium system was controlled at 26 ?c with a photoperiod of 14h/10h light/dark cycle. fish was fed daily with freshly hatched brine shrimp. individuals (1.0 - 1.2 g body weight) were randomly divided into nine experimental tanks. in sampling, the experimental fish was anaesthetized in 0.1% tricaine methanesulfonate (ms-222) and further sacrificed by spinal transection. intestine was immediately dissected, snap-frozen in liquid nitrogen, and stored at -80 ?c until use. total rna was extracted from the intestine samples using isogen (nippon gene, toyama) according to the manufacturer protocols. poly(a) rna was isolated from the total rna according to the manufacturer protocols.	tissue:unknown	| in_vivo_treatment_arms | conf=medium | mixed_organisms | n=25
DRP003242	sample_title	mrg15 cko spermatid1	mrg15 wt spermatid1	subj:replicate;tissue:unknown	| genotype_comparison | conf=medium |  | n=8
DRP003637	sample_title	space brain	control brain	tissue:unknown	| between_subject_case_control | conf=medium |  | n=12
DRP003654	strain	msm/ms	b6	tissue:other	other | genotype_comparison | conf=medium |  | n=16
DRP003641	sample_title	p53-knockout	p53-wildtype	in:tissue_type=bladder;subj:sample_title;tissue:unknown	| genotype_comparison | conf=low |  | n=286
DRP003973	sample_title	lsk cells isolated from tamoxifen treated cre-ert;bcorde9-10fl/y mice bm cells	lsk cells isolated from tamoxifen treated cre-ert mice bm cells	in:tissue_type=bone marrow;tissue:unknown	| genotype_comparison | conf=medium |  | n=22
DRP003926	disease	chronic kidney disease	healty	tissue:unknown	| between_subject_case_control | conf=medium |  | n=8
DRP004069	genotype	h3mm7-/-	h3mm7+/+	in:tissue_type=tibialis anterior muscle;ex:cell_line=c2c12;ex:cell_line=nih3t3;tissue:other	other | genotype_comparison | conf=high |  | n=63
DRP004472	genotype	gc-a-transgenic	wt	in:strain=b6;tissue:unknown	| genotype_comparison | conf=low |  | n=24
DRP004672	genotype	sry mutant	wild type	in:cell_type=oocyte;tissue:reproductive	reproductive | genotype_comparison | conf=medium |  | n=74
DRP004731	genotype	floxed jsap1:jlp with emx1-cre	floxed jsap1:jlp without emx1-cre	tissue:unknown	| genotype_comparison | conf=high |  | n=8
DRP004730	genotype	floxed jsap1:jlp with glurdelta2-cre	floxed jsap1:jlp without glurdelta2-cre	tissue:unknown	| genotype_comparison | conf=high |  | n=10
DRP004874	genotype	spib-deficient	wild type	tissue:unknown	| genotype_comparison | conf=high |  | n=12
DRP005130	genotype	ob/ob	wild type	tissue:liver	liver | genotype_comparison | conf=high |  | n=47
DRP005322	treatment	3 days after pyramidotomy	3 days after sham	tissue:brain_cns	brain_cns | in_vivo_treatment_arms | conf=high |  | n=12
DRP005351	genotype	calrdel52;calr+/+	wild-type	tissue:unknown	| genotype_comparison | conf=high |  | n=14
DRP005251	genotype	tet2-ko;cre-ert2	tet-wt/wt;cre-ert2	tissue:unknown	| genotype_comparison | conf=medium |  | n=12
DRP005354	strain	pl/j	fvb/nj	tissue:unknown	| genotype_comparison | conf=medium |  | n=37
DRP005463	genotype	mpst ko	wildtype	tissue:brain_cns	brain_cns | genotype_comparison | conf=high |  | n=12
DRP005471	genotype	mpst tg	non-tg	tissue:brain_cns	brain_cns | genotype_comparison | conf=high |  | n=12
DRP005533	strain	k5d1	c57bl/6	in:cell_type=ctec;tissue:other	other | genotype_comparison | conf=medium |  | n=24
DRP005521	genotype	meiosin ko	wt	tissue:unknown	| genotype_comparison | conf=medium |  | n=16
ERP000419	genotype	ptf1a^yfp/yfp	ptf1a^yfp/+	in:developmentalstage=e11.5;tissue:unknown	| genotype_comparison | conf=low |  | n=9
ERP000771	diseasestate	cardiac hypertrophy	normal	tissue:unknown	| between_subject_case_control | conf=medium |  | n=12
ERP001255	phenotype	btg	bne	tissue:unknown	| in_vivo_treatment_arms | conf=medium |  | n=13
ERP003263	genotype	ehmt1myf5 ko	wild type	in:organism part=embryonic brown fat;tissue:unknown	| genotype_comparison | conf=high |  | n=55
ERP003507	genotype	splotch-delayed (pax3spd/spd)	splotch-delayed (pax3spd/+)	tissue:unknown	| genotype_comparison | conf=high |  | n=12
ERP004369	strain	129s5	c57bl/6	tissue:unknown	| genotype_comparison | conf=medium |  | n=48
ERP005175	genotype	sod1-/-	wild type	tissue:unknown	| genotype_comparison | conf=high |  | n=17
ERP004944	treatment	myccap xenograft treated with azd1208 at 45mg/kg (once daily for 21 days)	myccap xenograft treated with vehicle (once daily for 21 days)	ex:treatment=myccap cells + 0.1% dmso (overnight);ex:treatment=myccap cells + azd1208 at 1um in 0.1% dmso (overnight);tissue:unknown	| in_vivo_treatment_arms | conf=medium | tumor_tissue | n=12
ERP006000	strain	129/svev-?olfr7?	cast/eij	tissue:unknown	| genotype_comparison | conf=medium |  | n=12
ERP006813	phenotype	lkb1 knockout	wild type	tissue:unknown	| genotype_comparison | conf=high |  | n=32
ERP006822	disease	squamous cell carcinoma	normal	subj:individual;tissue:unknown	| between_subject_case_control | conf=medium | tumor_tissue | n=18
ERP009054	genotype	importin-alpha3 knockout	wild type	tissue:unknown	| genotype_comparison | conf=medium |  | n=24
ERP009592	genotype	foxa1/2 flox/ flox	wild type genotype	tissue:unknown	| genotype_comparison | conf=high |  | n=59
ERP009440	genotype	wsb/eij mother, pwd/phj father	pwd/phj	in:organism part=liver;subj:individual;tissue:unknown	| genotype_comparison | conf=medium |  | n=34
ERP009675	strain	ghrltm1(cre-egfp)suss; nkx2-2tm5(null)suss; b6.cg-gt(rosa)26sortm14(cag-tdtomato)hze/j	ghrltm1(cre-egfp)suss; b6.cg-gt(rosa)26sortm14(cag-tdtomato)hze/j	tissue:unknown	| genotype_comparison | conf=medium |  | n=6
ERP009958	genotype	bmal1 knockout	wild type genotype	tissue:unknown	| genotype_comparison | conf=high |  | n=16
ERP009664	strain	nkx2.2tm(null)suss; neurog3tm1(egfp)khk/mmcd	neurog3tm1(egfp)khk/mmcd	tissue:unknown	| genotype_comparison | conf=medium |  | n=6
ERP010742	genotype	ifng knock out	wild type genotype	ex:infect=akkermansia muciniphila;tissue:unknown	| genotype_comparison | conf=medium |  | n=13
ERP010756	genotype	klf14 knockout	wild type genotype	tissue:unknown	| genotype_comparison | conf=low |  | n=15
ERP012146	genotype	humanised krt12 homozygote	wild type genotype	tissue:unknown	| genotype_comparison | conf=high |  | n=18
ERP012530	genotype	homozygous r299q ampk g2	wild type genotype	tissue:unknown	| genotype_comparison | conf=high |  | n=15
ERP013119	genotype	1810027o10rik knockout	wild type genotype	in:organism part=liver;tissue:unknown	| genotype_comparison | conf=medium |  | n=94
ERP013151	state	obese	ctrl	tissue:unknown	| between_subject_case_control | conf=high |  | n=19
ERP013315	genotype	ucp1-null	wild type genotype	tissue:unknown	| genotype_comparison | conf=medium |  | n=12
ERP013699	genotype	ap2-ben	wild type genotype	in:organism part=inguinal adipose tissue;tissue:unknown	| genotype_comparison | conf=medium |  | n=16
ERP013684	disease	t-cell acute lymphoblastic leukemia	normal	tissue:blood_immune	blood_immune | between_subject_case_control | conf=medium | tumor_tissue | n=12
ERP013839	clinical history	long term ventilation	no ventilation	in:organism part=right plantaris muscle;tissue:unknown	| in_vivo_treatment_arms | conf=medium |  | n=26
ERP014572	stimulus	cold (4 degree)	ambient temperature	tissue:unknown	| in_vivo_treatment_arms | conf=medium |  | n=16
ERP014590	stimulus	cold	control	tissue:unknown	| in_vivo_treatment_arms | conf=high |  | n=16
ERP014612	genotype	tet1 gt/gt	wild type genotype	subj:individual;tissue:unknown	| genotype_comparison | conf=medium |  | n=15
ERP014609	genotype	sox9-/-;sox8-/-	sox9+/+;sox8-/-	in:organism part=testis;tissue:unknown	| genotype_comparison | conf=medium |  | n=12
ERP015152	genotype	kpc cxcr2-/-	kpc	subj:individual;tissue:unknown	| genotype_comparison | conf=high | tumor_tissue | n=10
ERP015782	genotype	vachtnkx2.1-cre-flox/flox	vachtflox/flox	tissue:unknown	| genotype_comparison | conf=high |  | n=7
ERP015766	diagnosis	classic invasive lobular carcinoma	basal-like breast cancer	tissue:unknown	| genotype_comparison | conf=medium | tumor_tissue | n=42
ERP016031	genotype	tnfr1-/- ikk1 fx/fx ikk2 fx/fx cd4cre r26ryfp fx/fx	tnfr1-/-	tissue:unknown	| genotype_comparison | conf=high |  | n=7
ERP016155	disease	cancer	normal	tissue:other	other | between_subject_case_control | conf=medium | tumor_tissue | n=8
ERP016271	genotype	zrsr1mu3/mu3	wild type genotype	tissue:unknown	| genotype_comparison | conf=high |  | n=18
ERP016751	sbds_mutant	yes	no	tissue:other	other | genotype_comparison | conf=medium |  | n=15
ERP016856	time point after surgery	2w	0w	tissue:unknown	| in_vivo_treatment_arms | conf=medium |  | n=14
ERP020504	genotype	irgm1-/- knockout	wild type genotype	tissue:unknown	| genotype_comparison | conf=medium |  | n=47
ERP020514	genotype	hcd2-cre / egr2loxp/loxp / egr3-/-	egr2-gfp knockin	tissue:blood_immune	blood_immune | genotype_comparison | conf=medium |  | n=12
ERP020604	sample_description	ko 24h post hcg	heterozygous 24h post hcg	tissue:unknown	| genotype_comparison | conf=high |  | n=54
ERP020735	environmental history	access to running wheel	no access to running wheel	tissue:unknown	| in_vivo_treatment_arms | conf=high | tumor_tissue | n=16
ERP021224	disease	autosomal dominant polycystic kidney disease	normal	tissue:unknown	| genotype_comparison | conf=high |  | n=21
ERP021077	comment	known toxic	control	tissue:unknown	| in_vivo_treatment_arms | conf=medium |  | n=79
ERP021472	genotype	k14-cre-ert2 / ck1 fl/fl	k14-cre-ert2	tissue:unknown	| genotype_comparison | conf=high |  | n=19
ERP021444	genotype	gm-csfind x cd4-creert2	gm-csfind	in:organism part=cns;tissue:other	other | genotype_comparison | conf=medium |  | n=15
ERP022186	genotype	dhh-cre / miz1 flox/flox	wild type genotype	tissue:unknown	| genotype_comparison | conf=high |  | n=8
ERP022432	genotype	tbx20 homozygous knockout	wild type genotype	tissue:heart	heart | genotype_comparison | conf=high |  | n=8
ERP022429	diet	dietary restricted	ad libitum	in:age=15;tissue:unknown	| in_vivo_treatment_arms | conf=medium |  | n=12
ERP021891	genotype	fsp1-cre;lkb1fl/fl	lkb1+/+	in:organism part=gastric mucosa;subj:individual;tissue:unknown	| genotype_comparison | conf=medium |  | n=14
ERP022747	genotype	pdx1-creert / pax6 fl/fl	pax6 fl/fl	tissue:unknown	| genotype_comparison | conf=high |  | n=9
ERP022738	environmental history	smoking	non-smoking	tissue:unknown	| in_vivo_treatment_arms | conf=high |  | n=15
ERP022752	genotype	app/ps1	wild type genotype	subj:individual;tissue:unknown	| genotype_comparison | conf=medium |  | n=78
ERP023196	treatment	anti-activina + anti-gdf8	isotype control	tissue:unknown	| in_vivo_treatment_arms | conf=high |  | n=34
ERP023189	genotype	prx1 cre/+; mycn fl/fl	mycn fl/fl	tissue:other	other | genotype_comparison | conf=high |  | n=12
ERP023283	genotype	wt1-cretg/+;nrg1fl/fl	nrg1fl/f	tissue:unknown	| genotype_comparison | conf=high | pooled_samples | n=8
ERP023507	genotype	spontaneus mutation in ppp1r13l gene	wild type genotype	tissue:unknown	| genotype_comparison | conf=medium |  | n=12
ERP023265	sample_description	total rna from a single e9.5 mouse placenta, homozygous for nubpl, prepared using illumina stranded mrna lt kit. this study forms part of the deciphering the mechanisms of developmental disorders (dmdd) project.	total rna from a single wt e9.5 mouse placenta from heterozygous nubpl/ c57bl/6n parents, prepared using illumina stranded mrna lt kit. this study forms part of the deciphering the mechanisms of developmental disorders (dmdd) project.	ex:sample_description=cdna library from a single wt e9.6 mouse yolk sac from mtor/ c57bl/6n parents, prepared using illumina truseq stranded mrna lt kit. this study forms part of the deciphering the mechanisms of developmental disorders (dmdd) project.;tissue:unknown	| genotype_comparison | conf=medium |  | n=45
ERP023452	genotype	homozygous knockout of mir-183 and mir-96	wild type genotype	in:genetic modification=knockout of mir-183 and mir-96;tissue:unknown	| genotype_comparison | conf=high |  | n=24
ERP024052	phenotype	chemotherapy resistant	chemotherapy sensitive	tissue:unknown	| in_vivo_treatment_arms | conf=high | tumor_tissue | n=9
ERP024283	genotype	amh-cre;mir17-92flox/flox	mir17-92flox/flox	tissue:unknown	| genotype_comparison | conf=high |  | n=6
ERP024489	environmental history	access to running wheel	no access to running wheel	tissue:unknown	| in_vivo_treatment_arms | conf=high |  | n=24
ERP024583	genotype	lmx1a and lmx1b knockout	wild type genotype	tissue:unknown	| genotype_comparison | conf=medium |  | n=14
ERP104046	genotype	cd11ccre/+ tgfbr2fl/fl	tgfbr2fl/fl	tissue:blood_immune	blood_immune | genotype_comparison | conf=high |  | n=8
ERP104373	genotype	bhlhe23 knockout	wild type genotype	tissue:unknown	| genotype_comparison | conf=high |  | n=12
ERP104759	genotype	p0-cre+;r26c-junstopff/f	wild type genotype	tissue:other	other | genotype_comparison | conf=high |  | n=12
ERP104844	genotype	3l-/-;tom/+	tom/+	tissue:reproductive	reproductive | genotype_comparison | conf=medium |  | n=12
ERP104865	mouse+treatment	b6 + abx	b6 no abx	in:tissue_type=proximal colon;tissue:unknown	| in_vivo_treatment_arms | conf=medium |  | n=26
ERP105477	genotype	ko	wt	in:tissue_type=ileum;subj:mouseid;tissue:unknown	| genotype_comparison | conf=medium |  | n=62
ERP105602	genotype	tdg knockout	wild type genotype	in:organism part=heart;tissue:unknown	| genotype_comparison | conf=high |  | n=24
ERP106132	genotype	atxn2q127	wild type genotype	tissue:unknown	| genotype_comparison | conf=high |  | n=64
ERP105638	sample_treatment	rapamycin	vehicle	in:tissue_type=hippocampus;tissue:unknown	| in_vivo_treatment_arms | conf=low |  | n=49
ERP106136	genotype	bal1-cre / slc7a5 flox/flox	wild type genotype	tissue:unknown	| genotype_comparison | conf=high |  | n=10
ERP106558	genotype	c/ebp uorf expression	wild type genotype	tissue:unknown	| genotype_comparison | conf=high |  | n=24
ERP106455	genotype	cd1d homozygous knockout	wild type genotype	tissue:other	other | genotype_comparison | conf=medium |  | n=16
ERP106592	phenotype	ilf7 knockout	wild type phenotype	tissue:unknown	| genotype_comparison | conf=high |  | n=6
ERP106580	phenotype	p-erk high	p-erk low	tissue:unknown	| between_subject_case_control | conf=medium | tumor_tissue | n=8
ERP107154	genotype	sod2 loxp/loxp; ckmm cre +	sod2 loxp/loxp; ckmm cre -	tissue:unknown	| genotype_comparison | conf=high |  | n=19
ERP107271	genotype	mr1-/-	wild type genotype	in:organism part=ascending colon;subj:individual;tissue:unknown	| genotype_comparison | conf=high |  | n=96
ERP107455	disease	hutchinson-gilford progeria syndrome	normal	tissue:unknown	| genotype_comparison | conf=medium |  | n=12
ERP107429	treatment	azd4547	vehicle	ex:treatment=donor;tissue:unknown	| in_vivo_treatment_arms | conf=medium | tumor_tissue | n=43
ERP107629	genotype	ve-cadherin(pac)-creert2;cpt1alox/lox	wild type genotype	tissue:other	other | genotype_comparison | conf=medium |  | n=6
ERP107945	genotype	jak2+/v617f; crispr/cas9 mediated knockout of dnmt3a	jak2+/v617f	subj:individual;tissue:other	other | genotype_comparison | conf=medium |  | n=28
ERP107948	phenotype	obese	lean	ex:biomaterial_type=primary cell culture;in:cell_type=hepatocyte;subj:donor_id;tissue:liver	liver | between_subject_case_control | conf=medium |  | n=183
ERP108446	genotype	lgr5-cre-ert2; il22-/-	lgr5-cre-ert2	tissue:gut	gut | genotype_comparison | conf=medium |  | n=12
ERP108766	genotype	itgaxcreh2-ab1c	wild type genotype	in:cell_type=pre-b cell;tissue:blood_immune	blood_immune | genotype_comparison | conf=medium |  | n=16
ERP109057	figure label	day3	mock	tissue:unknown	| in_vivo_treatment_arms | conf=medium |  | n=28
ERP109201	genotype	castb6f1	b6castf1	tissue:unknown	| genotype_comparison | conf=medium |  | n=8
ERP109306	genotype	ccl19-eyfp myd88fl/fl	ccl19-eyfp	ex:stimulus=ompc/f; 10 microgram;tissue:other	other | genotype_comparison | conf=medium |  | n=13
ERP109471	diet	high fat diet	low fat diet	tissue:unknown	| in_vivo_treatment_arms | conf=high |  | n=16
ERP109687	genotype	tie2-gfp; camk2-tta tet-vegf	tie2-gfp; camk2a-tta	in:cell type=endothelial cell;tissue:brain_cns	brain_cns | genotype_comparison | conf=medium |  | n=16
ERP109959	genotype	nr1d1 homozygous knockout	wild type genotype	tissue:unknown	| genotype_comparison | conf=medium |  | n=40
ERP110063	genotype	aatf homozygous knockout	wild type genotype	tissue:brain_cns	brain_cns | genotype_comparison | conf=high |  | n=8
ERP110102	genotype	aire -/-	wild type genotype	tissue:other	other | genotype_comparison | conf=high |  | n=6
ERP110346	genotype	tab1 knock-in	wild type genotype	tissue:unknown	| genotype_comparison | conf=high |  | n=10
ERP111365	genotype	h2afb3 knock out	wild type genotype	tissue:reproductive	reproductive | genotype_comparison | conf=high |  | n=6
ERP110668	genotype	cnot1(flox/flox);alb-cre	cnot1(flox/flox)	tissue:unknown	| genotype_comparison | conf=high |  | n=9
ERP111448	phenotype	human tumor necrosis factor expression	wild type	in:organism part=hippocampus;subj:individual;tissue:unknown	| genotype_comparison | conf=high |  | n=34
ERP111481	genotype	mir-150homozygous knock out	wild type genotype	in:phenotype=ly6c-positive;tissue:blood_immune	blood_immune | genotype_comparison | conf=medium |  | n=22
ERP111614	genotype	albcreert2;hamp[fl/fl]	hamp[fl/fl]	tissue:unknown	| genotype_comparison | conf=medium |  | n=12
ERP111552	genotype	il10-/-	wild type genotype	tissue:gut	gut | genotype_comparison | conf=medium |  | n=52
ERP112516	genotype	vgat-cre;sox2fl/fl	sox2fl/fl	tissue:unknown	| genotype_comparison | conf=high |  | n=40
ERP112326	genotype	kctd13 homozygous knockout	wild type genotype	in:organism part=cerebral cortex;subj:individual;tissue:unknown	| genotype_comparison | conf=high |  | n=47
ERP112380	stimulus	beta(3)-adrenergic agonist cl316,243	none	subj:individual;tissue:unknown	| in_vivo_treatment_arms | conf=medium |  | n=12
ERP112898	genotype	wb1p-myc	wb1p	ex:replicate=true;in:origin=gemm;tissue:unknown	| genotype_comparison | conf=medium | tumor_tissue | n=94
ERP113256	genotype	chrnb4-cre; dicer flox/flox	dicer flox/flox	tissue:unknown	| genotype_comparison | conf=high |  | n=6
ERP113260	genotype	villincreer apcfl/fl	wild type genotype	subj:individual;tissue:unknown	| genotype_comparison | conf=high | tumor_tissue | n=18
ERP113681	genotype	bmal1 knockout	wild type genotype	in:fraction=synapse;tissue:unknown	| genotype_comparison | conf=low |  | n=70
ERP113868	genotype	mdx	c57-bl/10	tissue:unknown	| genotype_comparison | conf=high |  | n=12
ERP114136	strain	adar1 -/- mavs -/-	adar1 +/+ mavs -/-	tissue:unknown	| genotype_comparison | conf=high |  | n=12
ERP114395	genotype	rip-cre er+/-, floxkir6.2-v59m+/-	rip-cre er+/-	tissue:unknown	| genotype_comparison | conf=high |  | n=7
ERP114772	genotype	mapt null + app/ps1 transgene + reversible human mapt	mapt null	subj:individual;tissue:unknown	| genotype_comparison | conf=high |  | n=40
ERP114372	genotype	coq9r239x	coq9+/+	subj:individual;tissue:unknown	| genotype_comparison | conf=medium |  | n=25
ERP114245	genotype	smarca5 flox5/flox5 trp53+/+ hcd2-icre	smarca5 flox5/flox5 trp53+/+	ex:genotype=smarca5 flox5/flox5 trp53-/- hcd2-icre;subj:individual;tissue:other	other | genotype_comparison | conf=medium |  | n=20
ERP115170	genotype	ptf1acre;hnf1a loxp/loxp	ptf1acre	tissue:unknown	| genotype_comparison | conf=high |  | n=15
ERP115405	genotype	dcas9-krab+;slc25a44 grna+	control	subj:individual;tissue:unknown	| genotype_comparison | conf=high |  | n=6
ERP115570	genotype	zrsr1 loss of function mutant	wild type genotype	subj:individual;tissue:unknown	| genotype_comparison | conf=high |  | n=6
ERP115710	genotype	dectin-1; dectin-2 and mincle triple knockout	wild type genotype	tissue:blood_immune	blood_immune | genotype_comparison | conf=high |  | n=10
ERP115639	study group	p53 er/er - late off	p53 er/er - always on	tissue:unknown	| genotype_comparison | conf=medium | tumor_tissue | n=24
ERP115713	strain	c57bl/10mdx	c57bl/6j	tissue:other	other | genotype_comparison | conf=medium |  | n=12
ERP116564	genotype	rip-cre cdk8fl/fl	cdk8fl/fl	tissue:unknown	| genotype_comparison | conf=medium |  | n=12
ERP116309	genotype	villin creer krasg12d/+ p53 floxed/floxed rosa26 n1icd/+	villin creer krasg12d/+ p53 floxed/floxed	in:cell_type=tumour;tissue:tumor	tumor | genotype_comparison | conf=low | tumor_tissue | n=28
ERP117469	genotype	cnot1(flox/flox):adipo-cre	cnot1(flox/flox)	in:organism part=brown adipose tissue;subj:individual;tissue:unknown	| genotype_comparison | conf=medium |  | n=16
ERP117312	strain	a/j	c57bl/6j	in:genotype=+/+;in:organism part=midbrain;tissue:unknown	| genotype_comparison | conf=medium |  | n=70
ERP117731	genotype	lysm-cre;bmal1 flox/flox	bmal1 flox/flox	subj:individual;tissue:blood_immune	blood_immune | genotype_comparison | conf=high |  | n=9
ERP117862	genotype	er1f/-	wild type genotype	tissue:blood_immune	blood_immune | genotype_comparison | conf=medium |  | n=6
ERP119049	disease	autosomal dominant polycystic kidney disease	normal	tissue:unknown	| genotype_comparison | conf=medium |  | n=45
SRP005860	treatment	tdp-43 anti-sense oligo	control anti-sense oligo	tissue:brain_cns	brain_cns | in_vivo_treatment_arms | conf=high |  | n=21
SRP002811	strain	f1 hybrid reciprocal cross (f1i) hybrid [mother: c57bl6j, father: casteij]	f1 hybrid initial cross (f1i) hybrid [mother: casteij, father: c57bl6j]	in:brain region=medial prefrontal cortex;tissue:brain_cns	brain_cns | genotype_comparison | conf=medium |  | n=203
SRP006832	operation	transverse aortic constriction	sham operation	tissue:heart	heart | in_vivo_treatment_arms | conf=high | pooled_samples | n=10
SRP007579	source_name	tbx20 knockout adult heart	normal adult heart	tissue:heart	heart | genotype_comparison | conf=high |  | n=6
SRP008123	activity level	active	sedentary	tissue:muscle	muscle | in_vivo_treatment_arms | conf=high |  | n=12
SRP009096	genotype	nrl-/-	wild type	tissue:brain_cns	brain_cns | genotype_comparison | conf=high |  | n=6
SRP009464	genotype/variation	klf1-/-	wildtype	tissue:liver	liver | genotype_comparison | conf=high |  | n=6
SRP010804	genotype/variation	ko	wt	tissue:other	other | genotype_comparison | conf=high |  | n=6
SRP010190	cell type	f4/80+ tumor-associated macrophages (tams) overexpressing mir-511-3p	f4/80+ tumor-associated macrophages (tams) overexpressing mutated mir-511-3p (mir-511-3p-mut)	ex:cell type=f4/80+cd11c+ tumor-associated macrophages;ex:cell type=f4/80+mrc1+ tumor-associated macrophages;tissue:blood_immune	blood_immune | genotype_comparison | conf=medium | tumor_tissue | n=12
SRP011014	stress	emotional stress	unstressed control	tissue:other	other | in_vivo_treatment_arms | conf=high |  | n=12
SRP011204	treatment	paraquat	control	in:tissue=ventral mid brain (vmb);tissue:brain_cns	brain_cns | in_vivo_treatment_arms | conf=medium |  | n=24
SRP010780	temperature	39.5oc	20oc	tissue:liver	liver | in_vivo_treatment_arms | conf=medium |  | n=8
SRP012173	genotype/variation	samhd1 ko	wt	tissue:blood_immune	blood_immune | genotype_comparison | conf=medium | pooled_samples | n=6
SRP012297	feeding	high fat diet + 1% wepak for 18 wks	high fat diet (45% fat) for 18 wks	tissue:liver	liver | in_vivo_treatment_arms | conf=high |  | n=16
SRP012574	genotype	stat5abfl/fl;mmtv-cre	wild-type	in:development stage=day 6 of pregnancy;subj:sample tag;tissue:reproductive	reproductive | genotype_comparison | conf=medium |  | n=31
SRP013558	genotype/variation	delta-e2/delta-e2	wt	tissue:brain_cns	brain_cns | genotype_comparison | conf=high |  | n=7
SRP013610	strain	a/j	c57bl/6j	tissue:other	other | genotype_comparison | conf=medium |  | n=9
SRP014029	treatment	lentiviral vector (lv)	none	tissue:liver	liver | in_vivo_treatment_arms | conf=high |  | n=6
SRP013986	tissue	intestine, ileum, adenoma	intestine, ileum, normal tissue	subj:animal id;tissue:gut	gut | between_subject_case_control | conf=medium | tumor_tissue | n=11
SRP014858	strain	129s1-celf4 tm1frk/tm1frk (del)	129s1/svimj	in:cellular region=neuropil;tissue:brain_cns	brain_cns | genotype_comparison | conf=medium |  | n=12
SRP015437	treatment	fus/tls anti-sense oligo	control anti-sense oligo	tissue:brain_cns	brain_cns | in_vivo_treatment_arms | conf=high |  | n=18
SRP015136	age	tamoxifen induction at 2 months, wait 3 months	5 months, no tamoxifen induction	in:cell type origin=basal cells;tissue:reproductive	reproductive | in_vivo_treatment_arms | conf=low |  | n=34
SRP015851	genotype/variation	mir181a1/b1 knockout	wild type	tissue:other	other | genotype_comparison | conf=high |  | n=6
SRP015977	tissue	clear cell from rosa26creer	control	tissue:other	other | between_subject_case_control | conf=medium | tumor_tissue | n=32
SRP016859	genotype	samhd1 ko	wild type	tissue:blood_immune	blood_immune | genotype_comparison | conf=high |  | n=60
SRP017471	treatment	repeated cocaine i.p. injection for 1w at 20mg/kg	repeated saline i.p. injection for 1w as control	tissue:other	other | in_vivo_treatment_arms | conf=medium | pooled_samples | n=12
SRP017388	maternal strain	cast	b6	in:tissue=placenta;in:stage=e11.5;tissue:reproductive	reproductive | genotype_comparison | conf=low |  | n=31
SRP017560	genotype/variation	homozygous nurr1-floxed, heterozygous bac-dat-creer t2	homozygous nurr1-floxed	tissue:brain_cns	brain_cns | genotype_comparison | conf=high |  | n=15
SRP017849	genotype	sod1-g93a	wild type	ex:sample type=lps injected 48 hr timepoint;tissue:brain_cns	brain_cns | genotype_comparison | conf=medium |  | n=42
SRP018090	genotype/variation	trrap knockout	wild type	tissue:brain_cns	brain_cns | genotype_comparison | conf=high |  | n=6
SRP018038	genotype	ctko;albcreer/+	ctko	tissue:liver	liver | genotype_comparison | conf=low |  | n=8
SRP018013	strain	b6(cg)-snord116tm1.1uta/j	c57bl/6j	tissue:brain_cns	brain_cns | genotype_comparison | conf=medium |  | n=9
SRP018291	genotype/varation	shp -/- knockout	wild type	tissue:liver	liver | genotype_comparison | conf=high | targeted_assay_suspected | n=6
SRP018287	genotype/variation	sod1_g93a mutant	wt	in:source_name=spinal cord;tissue:other	other | genotype_comparison | conf=high |  | n=59
SRP018735	genotype	nic+dock1flx/flx	nic+dock1wt/wt	tissue:tumor	tumor | genotype_comparison | conf=high | tumor_tissue | n=8
SRP018811	source_name	e11.5 heart, hypomorph	e11.5 heart, wt	tissue:heart	heart | genotype_comparison | conf=high |  | n=6
SRP018846	treatment	cz (imiglucerase)	gcb (velaglucerase)	in:tissue=spleen;tissue:liver	liver | in_vivo_treatment_arms | conf=medium |  | n=24
SRP018860	genotype	smchd1mommed1/mommed1	smchd1+/+	tissue:reproductive	reproductive | genotype_comparison | conf=high |  | n=20
SRP019266	treatment	banding	sham	in:sample type=trap rna;tissue:heart	heart | in_vivo_treatment_arms | conf=medium |  | n=41
SRP019757	genotype	gamma-hif2alpham3 tg+	wild type	tissue:brain_cns	brain_cns | genotype_comparison | conf=high |  | n=44
SRP019455	genotype/variation	tlr9-/- (tlr9ko)	wild type (wt)	tissue:tumor	tumor | genotype_comparison | conf=medium | tumor_tissue | n=11
SRP018865	genotype	9v/null	wt	in:tissue=spleen;in:treatment=saline;tissue:other	other | genotype_comparison | conf=high |  | n=55
SRP019798	genotype	ptg ko	wild type	tissue:liver	liver | genotype_comparison | conf=high |  | n=10
SRP020224	genotype	tgf-beta3 -/-	tgf-beta3 +/+	in:age=embryonic day 15.5;tissue:other	other | genotype_comparison | conf=high |  | n=36
SRP020636	diet	high fat	standard chow	subj:sample id;tissue:liver	liver | in_vivo_treatment_arms | conf=high |  | n=1086
SRP021195	genotype/variation	delta-e2/delta-e2	wt	tissue:other	other | genotype_comparison | conf=high |  | n=6
SRP021548	sample type	gfp-labeled c-kit+ mouse apl cells	lin-sca-1-c-kit+ mouse bone marrow cells	tissue:blood_immune	blood_immune | between_subject_case_control | conf=medium | tumor_tissue | n=6
SRP022896	genotype/variation	utx/jmjd3 dko	wt	tissue:other	other | genotype_comparison | conf=high |  | n=6
SRP022960	breed	mfn2 ff x mhy6cre	mfn2 ff	tissue:heart	heart | genotype_comparison | conf=high |  | n=20
SRP022850	treatment	arrested embryo conditioned media	control embryo culture media (unconditioned)	tissue:reproductive	reproductive | in_vivo_treatment_arms | conf=medium |  | n=9
SRP023469	genotype	ptf1a-cre +/ki; gata6 lox/lox	ptf1a-cre +/ki	tissue:other	other | genotype_comparison | conf=high |  | n=8
SRP024269	genotype/variation	aicda-/-	aicda+/+	in:cell type=naive b cell;ex:cell type=activated b cell;tissue:blood_immune	blood_immune | genotype_comparison | conf=medium |  | n=20
SRP026129	treatment	14 ppm rapamycin diet (3 month treatment)	control diet	tissue:heart	heart | in_vivo_treatment_arms | conf=high |  | n=20
SRP026039	source_name	c57black mouse maintained on a calorie restricted diet	c57black mouse maintained on a normal diet	tissue:other	other | in_vivo_treatment_arms | conf=high |  | n=8
SRP026667	ectopic expression	huri	none	tissue:liver	liver | genotype_comparison | conf=high |  | n=25
SRP027255	colonization	mice colonized with 8 human gut bacterial species plus desulfovibrio piger	mice colonized with 8 human gut bacterial species	tissue:gut	gut | in_vivo_treatment_arms | conf=high |  | n=8
SRP027535	genotype/variation	r6/2 transgenic (mangiarini et al., cell 87:493-506,1996)	wild type	in:tissue=brain striatum;tissue:brain_cns	brain_cns | genotype_comparison | conf=high |  | n=24
SRP027536	genotype	liver-specific med23-knockout	control	tissue:liver	liver | genotype_comparison | conf=high |  | n=8
SRP027541	timepoint	9.0 hours after light onset (15:00)	1.5 hours after light onset (07:30)	tissue:other	other | time_course | conf=medium |  | n=6
SRP027595	treatment	house dust mite (hdm)	pbs	tissue:lung	lung | in_vivo_treatment_arms | conf=medium |  | n=8
SRP028138	genotype	atg16l1hm	wt	tissue:gut	gut | genotype_comparison | conf=medium |  | n=20
SRP028161	disease state	experimental schistosoma-induced pulmonary hypertension	control	tissue:lung	lung | in_vivo_treatment_arms | conf=high |  | n=16
SRP028125	phenotype	nrasg12v expression off	nrasg12v expression on	tissue:other	other | in_vivo_treatment_arms | conf=medium | tumor_tissue | n=20
SRP028331	genotype	egr2-/-	wild type	tissue:blood_immune	blood_immune | genotype_comparison | conf=medium |  | n=8
SRP028806	genotype/variation	trim28(flox/flox):mx1cre	trim28(flox/flox)	tissue:blood_immune	blood_immune | genotype_comparison | conf=medium |  | n=9
SRP028868	infection	influenza	none	tissue:lung	lung | in_vivo_treatment_arms | conf=high |  | n=46
SRP028877	genotype	sip1 flox/flox + mlr10cre (cko)	sip1 flox/flox no cre (wild type)	in:strain=mix;tissue:other	other | genotype_comparison | conf=medium |  | n=9
SRP028867	infection	influenza	none	tissue:lung	lung | in_vivo_treatment_arms | conf=medium |  | n=28
SRP029447	genotype	klf3-/-	klf3+/+	tissue:liver	liver | genotype_comparison | conf=high |  | n=6
SRP029753	genotype/variation	tgif1-/-	wt	tissue:blood_immune	blood_immune | genotype_comparison | conf=high |  | n=6
SRP029761	strain	b6.129-prnpzrchi/zrchi	b6.129-prnpwt/wt	tissue:unknown	| genotype_comparison | conf=medium |  | n=6
SRP029912	genotype/variation	hur cko	wt	in:rna fraction=total;tissue:brain_cns	brain_cns | genotype_comparison | conf=medium |  | n=31
SRP029939	genotype	appswe/ps1de9_tg/il10-/-	appswe/ps1de9_tg/il10+/+	subj:isolate;tissue:unknown	| genotype_comparison | conf=high |  | n=20
SRP030409	genotype/variation	p53r172h_delta_g/krasg12d	wild type	tissue:lung	lung | genotype_comparison | conf=high | tumor_tissue | n=16
SRP029974	genotype/variation	cldn4 ko	wt	tissue:lung	lung | genotype_comparison | conf=low |  | n=10
SRP031862	treatment	tac	sham	tissue:heart	heart | in_vivo_treatment_arms | conf=high |  | n=6
SRP032458	genotype	crxrip/rip	wild type	tissue:brain_cns	brain_cns | genotype_comparison | conf=medium | pooled_samples | n=20
SRP032164	drug treatment	treatment with 500 ug of a mouse c9orf72 aso (#571883) - 10ul of aso solution was injected in the right lateral ventricle	treatment with 500 ug of a control aso (#456835) - 10ul of aso solution was injected in the right lateral ventricle	tissue:brain_cns	brain_cns | in_vivo_treatment_arms | conf=high |  | n=9
SRP032778	genotype	slc43a2_-/-	slc43a2_+/+	subj:internal_id;tissue:unknown	| genotype_comparison | conf=high |  | n=6
SRP032811	genotype/variation	b-pdgfr fl/fl, gfap-cre pos	b-pdgfr fl/fl, gfap-cre neg	tissue:liver	liver | genotype_comparison | conf=medium |  | n=8
SRP032980	isolate	f1 null	f1 wt	tissue:unknown	| genotype_comparison | conf=high |  | n=12
SRP033021	virus	ma15	mock	tissue:lung	lung | in_vivo_treatment_arms | conf=high |  | n=181
SRP033220	treatment	nac-treated	untreated	subj:animal no;tissue:lung	lung | in_vivo_treatment_arms | conf=high | tumor_tissue | n=30
SRP033129	genotype	six2-tgc, mir-17~92 flx/flx	wt, mir-17~92 flx/+	tissue:kidney	kidney | genotype_comparison | conf=high |  | n=12
SRP033096	treatment	1:1:1 amyl acetate:acetophenone:octanal	h2o	in:source_name=main olfactory epithelium;tissue:brain_cns	brain_cns | in_vivo_treatment_arms | conf=low |  | n=12
SRP033501	genotype/variation	del(8-17) homozygous	wt	tissue:other	other | genotype_comparison | conf=high |  | n=8
SRP033416	treatment	3 days dox (pax5 restoration)	untreated	tissue:tumor	tumor | in_vivo_treatment_arms | conf=medium | tumor_tissue | n=6
SRP033407	cell group	fibrosis control	normal control	tissue:lung	lung | in_vivo_treatment_arms | conf=high |  | n=20
SRP033577	genotype/variation	dlx3oc-cko	wild type	in:tissue=femur diaphysis;tissue:other	other | genotype_comparison | conf=high |  | n=12
SRP034621	genotype/variation	ntd mutants with the baf155^msp3 allele	homozygous wildtype	tissue:other	other | genotype_comparison | conf=high |  | n=6
SRP034534	genotype/variation	kat2afl/fl ; camkii_alpha-cre+	kat2afl/fl	tissue:brain_cns	brain_cns | genotype_comparison | conf=high |  | n=24
SRP034660	genotype	cd2bp2 knockout	wildtype	tissue:other	other | genotype_comparison | conf=medium |  | n=24
SRP034693	genotype	ikzf1(fl/-) cd79a(cre/+)	ikzf1(fl/+) cd79a(cre/+)	in:cell type=pro-b cell;tissue:blood_immune	blood_immune | genotype_comparison | conf=medium |  | n=33
SRP034703	genotype/variation	ezh1-/-ezh2fl/flalb-cre	ezh2fl/fl (wild type)	ex:age=3 months;tissue:liver	liver | genotype_comparison | conf=medium |  | n=32
SRP034846	genotype/variation	ezh2f/f;control	mmtv-cre	ex:treatment=prolactin;in:development stage=day 13 of pregnancy;tissue:reproductive	reproductive | genotype_comparison | conf=high |  | n=31
SRP034855	condition	white matter stroke	control	tissue:other	other | in_vivo_treatment_arms | conf=medium |  | n=25
SRP034880	surgery	vertical sleeve gastrectomy	sham surgery	tissue:other	other | in_vivo_treatment_arms | conf=high |  | n=10
SRP034892	injected with	hdac inhibitor ci-994 ('ci') at 30mg/kg	ci-994's vehicle ('veh')	tissue:brain_cns	brain_cns | in_vivo_treatment_arms | conf=high |  | n=6
SRP035462	disease	glioma	normal brain	subj:identifier;tissue:unknown	| between_subject_case_control | conf=high | tumor_tissue | n=37
SRP035523	genotype	ckp25	ck	subj:mouseid;tissue:unknown	| genotype_comparison | conf=high |  | n=12
SRP035561	source_name	tongue squamous cell carcinoma	tongue	tissue:other	other | between_subject_case_control | conf=high | tumor_tissue | n=28
SRP035667	genotype	track/gamma-hif1alpham3 tg+	track/gamma-hif1alpham3 tg-	tissue:brain_cns	brain_cns | genotype_comparison | conf=high |  | n=37
SRP035941	treatment	3 days dox (shrna shut-off)	untreated	tissue:other	other | in_vivo_treatment_arms | conf=medium | tumor_tissue | n=12
SRP036832	tissue	tumor	bone	tissue:other	other | between_subject_case_control | conf=medium | tumor_tissue | n=6
SRP036861	treated with	daily intraperitoneal injection of mptp-hcl (30 mg/kg free base) for 5d	daily intraperitoneal injection of saline for 5d	tissue:brain_cns	brain_cns | in_vivo_treatment_arms | conf=high |  | n=8
SRP036866	genotype/variation	serpinb3a-transgenic	wild type	tissue:skin	skin | genotype_comparison | conf=high |  | n=12
SRP037539	genotype	math5-null	wild type	tissue:unknown	| genotype_comparison | conf=high |  | n=12
SRP037555	agent	10 g / kg glcn in diet	control	tissue:liver	liver | in_vivo_treatment_arms | conf=high |  | n=12
SRP038707	treatment	optic nerve crush	sham	tissue:brain_cns	brain_cns | in_vivo_treatment_arms | conf=high |  | n=6
SRP038144	genotype/variation	upf2 knockout	wild type	in:source_name=whole testis;tissue:reproductive	reproductive | genotype_comparison | conf=medium |  | n=10
SRP038217	genotype/variation	mutator	wt/wt	ex:genotype/variation=wt/d257a;tissue:other	other | genotype_comparison | conf=high |  | n=11
SRP038971	genotype/variation	dicerfl/fl, icre75+	dicerfl/fl, icre75-	tissue:brain_cns	brain_cns | genotype_comparison | conf=high |  | n=6
SRP038989	genotype/variation	conditional casz1 knockout; nkx2-5cre/+,casz1f/f	wild type; nkx2-5+/+,casz1f/+	tissue:heart	heart | genotype_comparison | conf=high |  | n=6
SRP039089	treatment	interferon (ifn)	pbs	tissue:lung	lung | in_vivo_treatment_arms | conf=high |  | n=12
SRP039411	diet	high fat	control	tissue:liver	liver | in_vivo_treatment_arms | conf=high |  | n=8
SRP039501	genotype	k14cre+/−;cdh1f/f;trp53f/f	wild-type	tissue:blood_immune	blood_immune | genotype_comparison | conf=high |  | n=9
SRP039432	genotype	stat3-/-	wt	in:cell type=cd4+cd44+ly6clo psgl-1hi;tissue:other	other | genotype_comparison | conf=high |  | n=47
SRP039609	genotype	l/h-pgds ko	wild type	tissue:other	other | genotype_comparison | conf=high |  | n=6
SRP039964	genotype	taf7l ko	wild type	tissue:adipose	adipose | genotype_comparison | conf=high |  | n=16
SRP039628	disease state	mi	homeostasis	in:cell type=bmi1+ cardiac stem cells;tissue:heart	heart | in_vivo_treatment_arms | conf=medium |  | n=12
SRP040817	genotype	rd10	wild type	tissue:brain_cns	brain_cns | genotype_comparison | conf=high |  | n=9
SRP040656	treatment	papain	none	in:source_name=lung eosinophil;tissue:lung	lung | in_vivo_treatment_arms | conf=low |  | n=15
SRP041005	genotype	transgenic mice contain the trasactivator under the control of the k5 promoter (k5-rtta) and the teto-nanog transgene	control mice contain the teto-nanog transgene and lack the transactivator	subj:mouse id number;tissue:skin	skin | genotype_comparison | conf=high | tumor_tissue | n=7
SRP040958	genotype/variation	rag-/-.inshel	rag-/-	tissue:other	other | genotype_comparison | conf=high |  | n=12
SRP041034	genotype	iptkb-/-	wt	tissue:other	other | genotype_comparison | conf=high | pooled_samples | n=6
SRP041101	genotype/variation	utx knockout (utx-/y)	utx wild-type (utx+/+ or utx+/y)	tissue:blood_immune	blood_immune | genotype_comparison | conf=high | tumor_tissue | n=11
SRP041266	source_name	sub-cutaneous tumors that were growing in the presence of an intra-kidney tumor	sub-cutaneous tumors that were growing in the absence of an intra-kidney tumor	tissue:kidney	kidney | in_vivo_treatment_arms | conf=high | tumor_tissue | n=12
SRP041313	mitochondria	nzb	c57	in:tissue=liver;tissue:liver	liver | genotype_comparison | conf=medium |  | n=29
SRP041363	genotype	ahr -/-	ahr +/+	tissue:brain_cns	brain_cns | genotype_comparison | conf=high |  | n=6
SRP041419	treatment	amlexanox	vehicle	tissue:liver	liver | in_vivo_treatment_arms | conf=high |  | n=6
SRP041584	treatment	b-glucan	pbs	tissue:blood_immune	blood_immune | in_vivo_treatment_arms | conf=high |  | n=12
SRP041749	genotype/variation	shhcre;ezh2fl/fl	shhcre;ezh2fl/+	in:cell population=epithelial (cd31-cd45-epcam+);tissue:lung	lung | genotype_comparison | conf=high |  | n=12
SRP041767	genotype	scx null	wildtype	tissue:heart	heart | genotype_comparison | conf=high |  | n=12
SRP041752	genotype	tif1g-/-	wild type	in:age=4 months;tissue:blood_immune	blood_immune | genotype_comparison | conf=high |  | n=49
SRP041835	genotype/variation	catalytically inactive ago2	ago2 wild-type	tissue:reproductive	reproductive | genotype_comparison | conf=high | pooled_samples | n=14
SRP041888	treatment	treatment with dss following treatment with aom	no treatment	tissue:gut	gut | in_vivo_treatment_arms | conf=high | tumor_tissue | n=10
SRP041997	genotype/variation	id2fl/flid3fl/flfoxp3cre	id2fl/+id3fl/+foxp3cre	tissue:blood_immune	blood_immune | genotype_comparison | conf=high |  | n=7
SRP041929	aerosol exposure	ova	none	tissue:lung	lung | in_vivo_treatment_arms | conf=medium |  | n=34
SRP042164	genotype	hnrnpl knock-out	hnrnpl wild-type	tissue:liver	liver | genotype_comparison | conf=high |  | n=6
SRP042287	genotype	gaa knock-out	wild type	tissue:muscle	muscle | genotype_comparison | conf=high |  | n=9
SRP042289	genotype	dlx3-k14cko	dlx3-wt	tissue:other	other | genotype_comparison | conf=high |  | n=8
SRP042206	condition	germ-free (gf)	conventionally-raised (cr)	tissue:gut	gut | in_vivo_treatment_arms | conf=medium |  | n=18
SRP042335	source_name	mutant_week8	wt_week8	in:age=8 weeks;tissue:other	other | genotype_comparison | conf=high |  | n=24
SRP042368	treatment	ldp	control	in:strain=c57bl6j;tissue:liver	liver | in_vivo_treatment_arms | conf=high |  | n=24
SRP042409	genotype/variation	rlf mutant	wildtype	tissue:liver	liver | genotype_comparison | conf=high |  | n=6
SRP043000	genotype	olig1cre/+;dnmt1flox/flox	olig1+/+;dnmt1flox/flox	tissue:brain_cns	brain_cns | genotype_comparison | conf=high |  | n=12
SRP042593	infection	γ-herpesvirus	none	tissue:blood_immune	blood_immune | in_vivo_treatment_arms | conf=medium | pooled_samples | n=6
SRP042636	genotype	lyzs cre p38g/d	lyzs cre	tissue:liver	liver | genotype_comparison | conf=medium | pooled_samples | n=12
SRP043013	genotype/variation	ucn3 null islets	wild type	tissue:other	other | genotype_comparison | conf=high |  | n=6
SRP043083	genotype/variation	mir-146a-/-	wild type	tissue:blood_immune	blood_immune | genotype_comparison | conf=high |  | n=12
SRP043269	treatment	contextual fear conditioning	context control exposure	tissue:brain_cns	brain_cns | in_vivo_treatment_arms | conf=high |  | n=8
SRP043302	sub_species	musculus	domesticus	ex:sub_species=;subj:strain;tissue:reproductive	reproductive | genotype_comparison | conf=medium | mixed_organisms | n=23
SRP043436	genotype/variation	c-dgcr8 ko (d4-cre/dgcr8 ko/ai9 tdtomato)	wild type (d4-cre/ai9 tdtomato)	tissue:brain_cns	brain_cns | genotype_comparison | conf=high | pooled_samples | n=20
SRP043469	genotype	pf4-cre::sp1fl/fl::sp3fl/fl (dko)	sp1fl/fl::sp3fl/fl (wtlox)	tissue:other	other | genotype_comparison | conf=medium |  | n=6
SRP043544	infected with	aav expressing an shrna against h2a.z	aav expressing a scrambled shrna control	tissue:brain_cns	brain_cns | in_vivo_treatment_arms | conf=high |  | n=9
SRP043493	genotype/variation	fancd2-/-	wildtype	in:cell population=ckit+ sca1+ lin- cells;tissue:other	other | genotype_comparison | conf=medium | pooled_samples | n=20
SRP043577	genotype/variation	bicaudal c1 knockout	wt	tissue:other	other | genotype_comparison | conf=high | pooled_samples | n=6
SRP043597	exposed to	cocktail of odorants for 30 min	clean air	tissue:other	other | in_vivo_treatment_arms | conf=high |  | n=9
SRP043967	genotype	r6_2	wt	tissue:heart	heart | genotype_comparison | conf=high |  | n=30
SRP044008	cell type	cd62llo tregs from foxp3yfp-cre/foxp3wt;ezh2fl/fl	cd62llo tregs from foxp3yfp-cre/foxp3wt;ezh2fl/+	tissue:other	other | genotype_comparison | conf=high |  | n=24
SRP044222	genotype	p2y14-knockout	wildtype	tissue:other	other | genotype_comparison | conf=high |  | n=52
SRP044220	source_name	apc min small intestinal adenoma	wt small intestinal crypts	tissue:gut	gut | genotype_comparison | conf=medium | tumor_tissue | n=18
SRP044242	genotype/variation	pten m3m4/m3m4	pten wt/wt	in:tissue=hemibrain;tissue:brain_cns	brain_cns | genotype_comparison | conf=medium |  | n=17
SRP044619	treatment	sciatic nerve crush	sham surgery	tissue:brain_cns	brain_cns | in_vivo_treatment_arms | conf=high |  | n=18
SRP044675	genotype	rfx6fl/fl; ins1-creert2	rfx6fl/fl	tissue:other	other | genotype_comparison | conf=high |  | n=6
SRP044940	source_name	tumor lung	wt lung	in:cell type=cd11b+ly6g+ neutrophils;tissue:blood_immune	blood_immune | between_subject_case_control | conf=medium | tumor_tissue | n=27
SRP045305	treatment	murine norovirus infection day 10	uninfected	tissue:gut	gut | in_vivo_treatment_arms | conf=high |  | n=9
SRP045223	genotype	mx1-cre+;dnmt3a-/-	mx1-cre-;dnmt3af/f	tissue:blood_immune	blood_immune | genotype_comparison | conf=medium |  | n=19
SRP045331	dev_stage	pregnancy	virgin	in:cell_subtype=lin-cd24+cd29hi (basal);tissue:reproductive	reproductive | other | conf=medium |  | n=47
SRP045354	genotype/variation	mecp2 knock-out	wild-type	tissue:brain_cns	brain_cns | genotype_comparison | conf=medium | pooled_samples | n=8
SRP045275	developmental expsoure	tcdd	vehicle	in:tissue=mediastinal lymph node;tissue:blood_immune	blood_immune | in_vivo_treatment_arms | conf=medium |  | n=32
SRP045365	genotype/variation	sfpq_homo_ko	control	tissue:brain_cns	brain_cns | genotype_comparison | conf=high |  | n=9
SRP045369	genotype	triple ko (zfp36-/-, tnfr1-/-, tnfr2-/-)	wildtype	tissue:other	other | genotype_comparison | conf=high |  | n=16
SRP045525	genotype/variation	dmrt6 null	wild type	tissue:reproductive	reproductive | genotype_comparison | conf=high |  | n=6
SRP045460	genotype/variation	cxcr4-/- notch1-deltae+	cxcr4+/+ notch1-deltae+	ex:genotype/variation=notch1-deltae+;tissue:tumor	tumor | genotype_comparison | conf=high | tumor_tissue | n=12
SRP045626	genotype/variation	sox5fl/fl, sox6fl/fl, amhc-cre pos	sox5fl/fl, sox6fl/fl, amhc-cre neg	tissue:heart	heart | genotype_comparison | conf=high |  | n=8
SRP045625	genotype	hretntg+	hretntg-	in:agent=nippostrongylus brasiliensis;tissue:lung	lung | genotype_comparison | conf=medium |  | n=10
SRP045630	strain	cast/eij	c57bl/6j	tissue:brain_cns	brain_cns | genotype_comparison | conf=medium | pooled_samples | n=18
SRP045727	genotype	krkr - knockin mutation into exon 1 of the ar as amino acids 385 and 518	wt	tissue:muscle	muscle | genotype_comparison | conf=medium |  | n=12
SRP045774	source_name	6-ohda lesioned striatum, acute l-dopa injected	unlesioned striatum, acute l-dopa injected	tissue:brain_cns	brain_cns | in_vivo_treatment_arms | conf=medium |  | n=12
SRP045747	genotype	setdb1 delta/- (ko)	setdb1 delta/+ (het1)	in:cell type=ssea1+ primordial germ cells;tissue:other	other | genotype_comparison | conf=medium |  | n=16
SRP045899	drug treatment	srt3025	palcebo	tissue:other	other | in_vivo_treatment_arms | conf=high |  | n=6
SRP046087	vitamin d status	deficient	replete	tissue:lung	lung | in_vivo_treatment_arms | conf=high |  | n=36
SRP045828	genotype/variation	bcl9-loxp/loxp, bcl9l-loxp/loxp, vil-cre	bcl9-loxp/loxp, bcl9l-loxp/loxp	in:tumor model=aom-dss;tissue:tumor	tumor | genotype_comparison | conf=medium | tumor_tissue | n=25
SRP046242	genotype	trim24 -/-	wild type	tissue:liver	liver | genotype_comparison | conf=high |  | n=6
SRP046746	genotype	nkx2-5 cre/wt; hif1a null/flox	nkx2-5 cre/wt; hif1a wt/flox	tissue:heart	heart | genotype_comparison | conf=high |  | n=6
SRP047452	genotype/variation	lincrna knockout (ko)	wt	in:timepoint=adult;tissue:brain_cns	brain_cns | genotype_comparison | conf=high |  | n=230
SRP048202	treatment	short-130	short-nc	tissue:lung	lung | in_vivo_treatment_arms | conf=high |  | n=9
SRP048579	genotype	mx1-cre+;dnmt3af/f;mscv_flt3-itd-gfp	mx1-cre+;dnmt3a+/+;mscv_flt3-itd-gfp	tissue:blood_immune	blood_immune | genotype_comparison | conf=medium | tumor_tissue | n=19
SRP048702	source_name	hippocampus, camta1 knock-down sample, infected with anti-camta1 shrna sequence a	hippocampus, control sample, infected with non-targeting control shrna	tissue:brain_cns	brain_cns | in_vivo_treatment_arms | conf=high |  | n=9
SRP048707	genotype	hur ko	wild type	in:condition=ex-vivo;tissue:blood_immune	blood_immune | genotype_comparison | conf=medium |  | n=15
SRP048704	source_name	4-nqo and untr. mice (4-nqo/untr.)	v.c. and untr. treated mice (v.c./untr.)	tissue:other	other | in_vivo_treatment_arms | conf=high |  | n=40
SRP048893	genotype	col4a3 -/-	wild type	tissue:kidney	kidney | genotype_comparison | conf=medium |  | n=8
SRP048846	genotype	vav-cre/srsf2	vav-cre	in:tissue=bone marrow;tissue:blood_immune	blood_immune | genotype_comparison | conf=medium |  | n=14
SRP048894	genotype	col4a3 -/-	col4a3+/-	tissue:kidney	kidney | genotype_comparison | conf=medium |  | n=11
SRP049019	treatment	il22	pbs	tissue:gut	gut | in_vivo_treatment_arms | conf=high |  | n=12
SRP048898	sample_id	mecp2	control	subj:sample_id;tissue:brain_cns	brain_cns | in_vivo_treatment_arms | conf=medium |  | n=14
SRP049139	genotype	nono ko	wt	tissue:brain_cns	brain_cns | genotype_comparison | conf=high |  | n=12
SRP049142	genotype	oc1/2 double null	wt	tissue:brain_cns	brain_cns | genotype_comparison | conf=high |  | n=12
SRP049167	genotype	med13 cardiac transgenic	wild type	in:tissue=epididymal fat (ewat);tissue:adipose	adipose | genotype_comparison | conf=high |  | n=12
SRP049177	treatment	tamoxifen	corn oil	tissue:blood_immune	blood_immune | in_vivo_treatment_arms | conf=high |  | n=18
SRP049219	behavioral phenotype	catalepsy: responder	catalepsy: non-responder	tissue:brain_cns	brain_cns | between_subject_case_control | conf=high |  | n=60
SRP049262	diet	high-fat	control	tissue:liver	liver | in_vivo_treatment_arms | conf=high |  | n=12
SRP049261	strain	c57bl/6 (germ-free)	c57bl/6 (spf)	tissue:brain_cns	brain_cns | in_vivo_treatment_arms | conf=high | pooled_samples | n=14
SRP049335	treatment	apd1 plus actla4	control ab	tissue:tumor	tumor | in_vivo_treatment_arms | conf=medium | tumor_tissue | n=22
SRP049328	treatment	heterochonic parabiosis	isochronic parabiosis	in:selection marker=age and type of parabiosis (hetero- vs. isochronic);in:organ=choroid plexus;subj:source_name;tissue:other	other | in_vivo_treatment_arms | conf=medium |  | n=75
SRP049366	state	activated	resting	in:organ=spleen;tissue:other	other | in_vivo_treatment_arms | conf=medium |  | n=9
SRP049440	treatment	tcdd	vehicle	tissue:liver	liver | in_vivo_treatment_arms | conf=high |  | n=91
SRP049630	treatment	tsa	none	in:age=p180;in:tissue=occipital cortex layer;tissue:brain_cns	brain_cns | in_vivo_treatment_arms | conf=medium |  | n=56
SRP049763	genotype/variation	klf15 ko	control (alpha-mhc cre)	tissue:heart	heart | genotype_comparison | conf=medium |  | n=36
SRP049722	strain	c57 bl6, flt3-itd knock-in	c57 bl6	in:phenotype=ecs; cd45-ter119-cd31+;tissue:other	other | genotype_comparison | conf=medium |  | n=28
SRP049965	genotype/variation	morc1 ko	morc1 het	in:tissue=whole testis;in:source_name=p10.5 whole testis;tissue:reproductive	reproductive | genotype_comparison | conf=medium |  | n=47
SRP050387	treatment	cocaine	saline	tissue:other	other | in_vivo_treatment_arms | conf=high |  | n=6
SRP050483	genotype	bc027072 -/-	wild type	tissue:other	other | genotype_comparison | conf=high |  | n=6
SRP050491	genotype	mir-17~92 knockout	wild type mir-17-92 locus	in:tissue=heart;tissue:heart	heart | genotype_comparison | conf=medium |  | n=71
SRP050899	genotype/variation	tdrd6 knockout (tdrd6-/-)	tdrd6 heterozygote (tdrd6+/-)	tissue:reproductive	reproductive | genotype_comparison | conf=high |  | n=8
SRP050547	genotype	tet-op-esr1mmtv-rtta	wild type	tissue:reproductive	reproductive | genotype_comparison | conf=medium |  | n=17
SRP050894	genotype	app/ps1-21 transgenic	wt	in:tissue=ca1 hippocampal subregion;in:drug treatment=vehicle: 18g cyclodextrin/l water;in:age=10 months;tissue:brain_cns	brain_cns | genotype_comparison | conf=high |  | n=69
SRP051077	genotype	mutant	wt	tissue:other	other | genotype_comparison | conf=high |  | n=24
SRP051004	treatment	nnk + lps	control	tissue:lung	lung | in_vivo_treatment_arms | conf=high |  | n=21
SRP051396	genotype	bmi1f/f;αmhctm-cretg/+	αmhctm-cretg/+	tissue:heart	heart | genotype_comparison | conf=high |  | n=6
SRP051387	genotype/variation	sirt1mko	wt	in:cell type=quiescent satellite cells;tissue:other	other | genotype_comparison | conf=medium |  | n=18
SRP051497	genotype	cnot3(fl/fl)mb1(cre/+)	mb1(cre/+)	tissue:blood_immune	blood_immune | genotype_comparison | conf=high |  | n=8
SRP051406	source_name	7 days post-resection myocardium, isolated cms	7 days post-sham surgery myocardium, isolated cms	ex:source_name=in vitro ESC-differentiated cardiomyocyte and explant samples;tissue:heart	heart | in_vivo_treatment_arms | conf=medium |  | n=36
SRP051514	genotype	pin wt / htt ki	pin wt / htt wt	tissue:brain_cns	brain_cns | genotype_comparison | conf=high |  | n=12
SRP051537	genotype/variation	nes-gfp;nes-cre;pdgfr-alpha+/[s]d842v	nes-gfp+ cells	tissue:adipose	adipose | genotype_comparison | conf=high |  | n=6
SRP051500	strain	129s1/svimj	c57bl/6	ex:molecule subtype=pre-mrna;ex:strain=f1;in:tissue=epididymal white adipose tissue;tissue:adipose	adipose | genotype_comparison | conf=medium |  | n=49
SRP051812	genotype/variation	id2_id3_dko	wild type	in:source_name=sorted cd4 sp cells;tissue:other	other | genotype_comparison | conf=medium | tumor_tissue | n=20
SRP052232	genotype/variation	utx fl/fl lck-cre	utx fl/fl	tissue:blood_immune	blood_immune | genotype_comparison | conf=high |  | n=11
SRP052583	genotype/variation	alpha-cre:ezh2fl/null	alpha-cre:ezh2fl/+	tissue:brain_cns	brain_cns | genotype_comparison | conf=high |  | n=8
SRP052803	treatment	folic acid	none	tissue:kidney	kidney | in_vivo_treatment_arms | conf=high |  | n=18
SRP052872	genotype/variation	sh2b3-/-	wild type	tissue:blood_immune	blood_immune | genotype_comparison | conf=high |  | n=8
SRP052840	genotype/variation	krasg12d	wt	in:source_name=duct cell;tissue:blood_immune	blood_immune | genotype_comparison | conf=medium | tumor_tissue | n=11
SRP052881	genotype/variation	ttp<delta>are	wt	tissue:other	other | genotype_comparison | conf=high |  | n=8
SRP052794	strain	cr1cre/iubcl6/nik	cr1cre/iubcl6	ex:strain=activated b-cell control;ex:strain=gcb control;ex:strain=resting b-cell (ex-vivo);subj:id in analysis;tissue:blood_immune	blood_immune | genotype_comparison | conf=medium | tumor_tissue | n=18
SRP052906	genotype/variation	ring ko	wt	tissue:gut	gut | genotype_comparison | conf=medium |  | n=6
SRP052924	genotype	tnfr2-knockout	wildtype	tissue:gut	gut | genotype_comparison | conf=high |  | n=6
SRP052884	genotype/variation	knockout; tcf7 -/-	wild type; tcf7 +/+	tissue:adipose	adipose | genotype_comparison | conf=high |  | n=8
SRP052914	genotype	nkcc1-/-	wildtype	tissue:other	other | genotype_comparison | conf=medium | pooled_samples | n=6
SRP053041	genotype/variation	e168d2/+	wildtype	in:age=p10;tissue:brain_cns	brain_cns | genotype_comparison | conf=high |  | n=30
SRP053177	genotype	aire ko	wild type	in:cell type=mtec;tissue:other	other | genotype_comparison | conf=high |  | n=108
SRP053223	genotype	epac1-pln transgenic	wildtype	tissue:other	other | genotype_comparison | conf=high |  | n=10
SRP053235	treatment	siyap-lnps	siluciferase-lnps	tissue:other	other | in_vivo_treatment_arms | conf=high | tumor_tissue | n=13
SRP053389	genotype	het (q175) knock-in	wild type	in:age=6 month;tissue:brain_cns	brain_cns | genotype_comparison | conf=high |  | n=168
SRP053401	genotype	het (q175) knock-in	wild type	in:tissue=brain - hippocampus;tissue:brain_cns	brain_cns | genotype_comparison | conf=high |  | n=173
SRP053396	genotype	het (q175) knock-in	wild type	tissue:liver	liver | genotype_comparison | conf=high |  | n=158
SRP053398	genotype	het (q175) knock-in	wild type	in:age=6 month;tissue:brain_cns	brain_cns | genotype_comparison | conf=high |  | n=208
SRP053440	genotype/variation	nsr100/srmm4 ko	wild type	in:source_name=e18.5 dpc cortex;tissue:brain_cns	brain_cns | genotype_comparison | conf=high |  | n=12
SRP053363	genotype/variation	xbp1-deficient	wild type	in:growth protocol=none, sorted into trizol;tissue:other	other | genotype_comparison | conf=medium |  | n=12
SRP054255	genotype/variation	nf1 flox/mut; gfap-cre	nf1 flox/mut	tissue:brain_cns	brain_cns | genotype_comparison | conf=high | tumor_tissue | n=7
SRP055013	tissue	tumor	forebrain	in:cell population=cd11b+ cd45lo;tissue:brain_cns	brain_cns | between_subject_case_control | conf=medium | tumor_tissue | n=12
SRP054977	diet	high-fat	normal	in:molecule type=total rna;ex:diet=mixed;ex:strain=mixed;tissue:liver	liver | in_vivo_treatment_arms | conf=low |  | n=26
SRP055058	behavioral phenotype	high ethanol preference	low ethanol preference	tissue:brain_cns	brain_cns | between_subject_case_control | conf=high |  | n=48
SRP055083	genotype	maf1 ko	wild-type	tissue:adipose	adipose | genotype_comparison | conf=high |  | n=6
SRP055023	cell state	peak effector (7dpi)	naïve	tissue:blood_immune	blood_immune | in_vivo_treatment_arms | conf=medium |  | n=18
SRP055082	genotype	bigenic camk2a-tta / deltanls-htdp-43	nontransgenic	tissue:brain_cns	brain_cns | genotype_comparison | conf=high |  | n=8
SRP055064	genotype/variation	tet1 ko	wt	tissue:blood_immune	blood_immune | genotype_comparison | conf=medium |  | n=8
SRP055147	oocyte genotype	dnmt3a/b ko	dnmt3a/b wt	tissue:reproductive	reproductive | genotype_comparison | conf=medium |  | n=21
SRP055206	genotype	zfp36l3 ko	wt	tissue:reproductive	reproductive | genotype_comparison | conf=high |  | n=17
SRP055207	genotype	zfp36l3 ko	wt	tissue:other	other | genotype_comparison | conf=high |  | n=8
SRP055478	genotype/variation	nhd13 mutant	wild type	tissue:blood_immune	blood_immune | genotype_comparison | conf=high |  | n=6
SRP055432	genotype	mecp2-null	wild type	in:cell type=acutely isolated microglia;tissue:brain_cns	brain_cns | genotype_comparison | conf=medium |  | n=11
SRP055521	genotype	lgr4.5-ko	wt	tissue:liver	liver | genotype_comparison | conf=medium |  | n=20
SRP055450	trt	high-fat breeder chow + 0.006% sc-435	high-fat breeder chow	in:genotype=mdr2-/-;tissue:liver	liver | in_vivo_treatment_arms | conf=medium |  | n=9
SRP055571	strain	c57bl/6j-dba/2j	c57bl/6j	subj:source_name;tissue:brain_cns	brain_cns | genotype_comparison | conf=high |  | n=32
SRP055722	genotype	imp2 -/-	wt	tissue:liver	liver | genotype_comparison | conf=high |  | n=14
SRP055875	genotype	mutation in insulin 2 gene. type 1 diabetic model.	wild type	tissue:heart	heart | genotype_comparison | conf=high |  | n=6
SRP055864	genotype	alphab-crystallin/hspb2 knock out	wild type	tissue:muscle	muscle | genotype_comparison | conf=high |  | n=12
SRP055753	genotype/variation	sox2-creer, kras	sox2-creer	tissue:gut	gut | genotype_comparison | conf=low | tumor_tissue | n=12
SRP055928	environmental stress	trans-aortic constriction	sham control	tissue:heart	heart | in_vivo_treatment_arms | conf=high |  | n=64
SRP055930	genotype	ccsp/tgfalpha	ccsp/-	tissue:lung	lung | genotype_comparison | conf=high |  | n=6
SRP056013	genotype/variation	14-3-3zeta ko	wt	tissue:adipose	adipose | genotype_comparison | conf=high |  | n=11
SRP055993	genotype/variation	hoxa9,10,11/hoxd9,10,11 mutant	wild type	in:compartments purified by lcm=resting;tissue:other	other | genotype_comparison | conf=medium |  | n=12
SRP056125	genetic modification	cdhrs5creert2:r26axin1il+/-	cdhrs5creert2:r26axin1il-/-	tissue:brain_cns	brain_cns | genotype_comparison | conf=medium |  | n=6
SRP056118	genotype	tet2/3 double knock out	wild type	in:cell type=thymic inkt;tissue:other	other | genotype_comparison | conf=medium |  | n=19
SRP056141	genotype	mecp2 knockout	wild type for mecp2 knockout	tissue:brain_cns	brain_cns | genotype_comparison | conf=high |  | n=12
SRP056148	castration status	castrated at 4 weeks of age	not castrated	in:cell type=ctecs;in:sex=male;tissue:other	other | in_vivo_treatment_arms | conf=medium |  | n=29
SRP056428	genotype/variation	stra8 -/-	stra8 +/+	tissue:reproductive	reproductive | genotype_comparison | conf=high |  | n=6
SRP056551	genotype	mecp2 ko	wild type	tissue:brain_cns	brain_cns | genotype_comparison | conf=high |  | n=6
SRP056447	tissue	colon polyp	colon mucosa	tissue:gut	gut | in_vivo_treatment_arms | conf=medium | tumor_tissue | n=20
SRP056630	genotype	dnmt1 l/l; villincre	dnmt1 l/+	tissue:gut	gut | genotype_comparison | conf=high | ffpe_or_degraded | n=10
SRP056606	source_name	lef1-rv+ th1	gfp-rv+ th1	tissue:other	other | genotype_comparison | conf=medium |  | n=8
SRP056865	strain	cast/eijxc57bl/6j hybrid	c57bl/6jxcast/eij hybrid	tissue:brain_cns	brain_cns | genotype_comparison | conf=medium |  | n=48
SRP056926	genotype/variation	apc min/+	wild-type mice	tissue:gut	gut | genotype_comparison | conf=high |  | n=22
SRP056980	genotype	epas1 -/-	wild type	tissue:tumor	tumor | genotype_comparison | conf=high | tumor_tissue | n=8
SRP056937	diet	high fat	low fat	in:tissue=mesenteric adipose;tissue:adipose	adipose | in_vivo_treatment_arms | conf=high |  | n=340
SRP056933	treatment	malat1 aso1	scaso	in:tissue=mammary tumor;tissue:tumor	tumor | in_vivo_treatment_arms | conf=medium | tumor_tissue | n=26
SRP056986	treatment	null sepp1 aom/dss	wt c57bi6 aom/dss	tissue:gut	gut | genotype_comparison | conf=medium | tumor_tissue;pooled_samples | n=9
SRP057050	infection	candida albicans sc5314	none	tissue:other	other | in_vivo_treatment_arms | conf=high |  | n=6
SRP057060	treatment	drug	placebo	tissue:brain_cns	brain_cns | in_vivo_treatment_arms | conf=high |  | n=28
SRP057202	protocol	induction of cortical spreading depression	sham surgery	tissue:brain_cns	brain_cns | in_vivo_treatment_arms | conf=high |  | n=25
SRP057155	genotype/variation	raptor f/f, mx1-cre (cko)	raptor f/f (ctrl)	tissue:blood_immune	blood_immune | genotype_comparison | conf=medium |  | n=12
SRP057270	gene delivery	gfp-bcl2	gfp	tissue:liver	liver | in_vivo_treatment_arms | conf=high |  | n=8
SRP057171	genotype/variation	dll4flox; nfatc1-cre	wt	in:age=e9.5;tissue:heart	heart | genotype_comparison | conf=medium | pooled_samples | n=82
SRP057302	genotype	ffar3-/-	wildtype	tissue:other	other | genotype_comparison | conf=high |  | n=6
SRP057486	treatment	shocked	non-shocked	in:tissue=brain-acc;subj:animal;tissue:brain_cns	brain_cns | in_vivo_treatment_arms | conf=high |  | n=72
SRP057556	genotype	vilcre-cmvcanrf2	vilcre	in:tissue=colon;in:treatment=none;tissue:gut	gut | genotype_comparison | conf=medium |  | n=24
SRP057560	genotype/variation	anterior heart field (ahf)-conditional mef2c knockout	wild type	tissue:heart	heart | genotype_comparison | conf=high |  | n=8
SRP057563	genotype	gpr34-/-	wildtype	in:cell type=spleen;tissue:other	other | genotype_comparison | conf=high |  | n=31
SRP057574	condition	24hr fasted	control	in:neuron type=agrp;tissue:brain_cns	brain_cns | in_vivo_treatment_arms | conf=medium |  | n=21
SRP057615	infected with	cft073 upec	pbs (control)	in:genotype/variation=wild type;tissue:other	other | in_vivo_treatment_arms | conf=high |  | n=20
SRP057696	genotype	rfx2-/-	wild type	tissue:reproductive	reproductive | genotype_comparison | conf=high |  | n=9
SRP057697	genotype	rfx2-/-	wild type	tissue:reproductive	reproductive | genotype_comparison | conf=high |  | n=11
SRP057718	treatment	tph1 knock-out dams	wild-type dams	tissue:reproductive	reproductive | genotype_comparison | conf=high |  | n=12
SRP057760	source_name	hfd	viv	tissue:liver	liver | in_vivo_treatment_arms | conf=high |  | n=18
SRP057815	genotype	nlrx1-/-	wild-type	tissue:gut	gut | genotype_comparison | conf=medium |  | n=12
SRP057879	genotype/variation	conditional knockout selectively deleting xbp1 in cd11c positive cells	wild type	tissue:tumor	tumor | genotype_comparison | conf=high | tumor_tissue | n=6
SRP058063	genotype	trim33 -/+	trim33 +/+	tissue:reproductive	reproductive | genotype_comparison | conf=high |  | n=7
SRP057986	genotype	mir-155 ko	wild type	in:cell type=natural killer cells;tissue:blood_immune	blood_immune | genotype_comparison | conf=medium |  | n=18
SRP058071	genotype/variation	abcc5 knockout; abcc5-/-	wildtype; abcc5+/+	tissue:brain_cns	brain_cns | genotype_comparison | conf=high |  | n=10
SRP058258	source_name	liver from dio mouse 8wk after gallbladder-ileum anastomosis	liver from dio mouse 8wk after no surgery	tissue:liver	liver | in_vivo_treatment_arms | conf=high |  | n=14
SRP058313	genotype	ilk -/-	ilk +/-	tissue:skin	skin | genotype_comparison | conf=high |  | n=6
SRP058362	genotype	satb2 cko	wild type	tissue:brain_cns	brain_cns | genotype_comparison | conf=high |  | n=12
SRP058363	genotype	homozygous for bcat2tm1.2clyn allele	wild type	tissue:muscle	muscle | genotype_comparison | conf=high |  | n=8
SRP058378	genotype/variation	human-mfn2-overexpressing (mfn2wt)	nontransgenic (ntg)	in:age=p21 (3 weeks);tissue:heart	heart | genotype_comparison | conf=medium |  | n=63
SRP058506	genotype	nfic-/-	control nfic+/-	tissue:other	other | genotype_comparison | conf=high |  | n=12
SRP058594	breed	mrl/mp-faslpr	mrl	tissue:blood_immune	blood_immune | genotype_comparison | conf=medium |  | n=12
SRP058641	treatment	1,25(oh)2d3 (2 ng/g body weight (bw))	vehicle control	tissue:gut	gut | in_vivo_treatment_arms | conf=high |  | n=24
SRP058715	genotype/variation	ebf1+/- pax5+/-	wt	in:treatment=none;tissue:other	other | genotype_comparison | conf=medium |  | n=28
SRP058702	condition	t2dm	control	in:zone of isolation=infarcted;tissue:heart	heart | between_subject_case_control | conf=medium |  | n=12
SRP058725	treatment	j147	control	in:age=ten months old;tissue:brain_cns	brain_cns | in_vivo_treatment_arms | conf=medium |  | n=10
SRP058713	treatment	il-10f/f foxp3 cre d15 rep1	il-10f/f d15 rep1	subj:id;tissue:blood_immune	blood_immune | genotype_comparison | conf=medium |  | n=6
SRP058850	genotype	rbpj ko induced in chd5 domain at 8 weeks old mice	apoe mice	tissue:other	other | genotype_comparison | conf=high |  | n=6
SRP058979	genotype	rag1: -/-; tcrbeta: +/+/tg	rag1: -/-	tissue:other	other | genotype_comparison | conf=medium |  | n=12
SRP059062	genotype	pkhd1cre; pkd2 f/f	wild-type	tissue:kidney	kidney | genotype_comparison | conf=high |  | n=10
SRP059196	sample group	fasted (with free access to water) for 48 h	fed with standard chow diet for 48hrs	tissue:liver	liver | in_vivo_treatment_arms | conf=high |  | n=10
SRP059236	agent	cisplatin	saline	tissue:kidney	kidney | in_vivo_treatment_arms | conf=high |  | n=12
SRP059295	genotype	nova2-ko	wild-type	in:source_name=cortex;tissue:brain_cns	brain_cns | genotype_comparison | conf=high |  | n=18
SRP059237	genotypes	11b3fl/p53fl;shnf1;shmll3;vav1-cre	p53fl/fl;shnf1;shmll3;vav1-cre	tissue:other	other | genotype_comparison | conf=medium | tumor_tissue | n=116
SRP059378	genotype/variation	-77-/-	wt	tissue:other	other | genotype_comparison | conf=high |  | n=12
SRP059387	strain	lewesxpwk	lewesxwsb	subj:isolate;tissue:reproductive	reproductive | genotype_comparison | conf=medium |  | n=12
SRP059440	genotype	fbxw7_liver_ko	wild-type	tissue:liver	liver | genotype_comparison | conf=medium |  | n=8
SRP059487	treatment	ventricular apical resection	sham surgery	tissue:heart	heart | in_vivo_treatment_arms | conf=high |  | n=9
SRP059538	source_name	brown adipose tissue, ro5508887-treated	brown adipose tissue, untreated	tissue:adipose	adipose | in_vivo_treatment_arms | conf=high |  | n=6
SRP059586	genotype	prox1 cko (prox1 f/f mlr10cre+)	wild type	tissue:other	other | genotype_comparison | conf=high | pooled_samples | n=12
SRP059601	genotype	c57bl/6 dazl -/-	c57bl/6 dazl +/+	tissue:reproductive	reproductive | genotype_comparison | conf=high |  | n=6
SRP059599	genotype	c57bl/6 stra8 -/-	c57bl/6 stra8 +/+	tissue:reproductive	reproductive | genotype_comparison | conf=high |  | n=6
SRP059676	diagnosis	chronic myeloid leukemia	healthy	tissue:blood_immune	blood_immune | between_subject_case_control | conf=medium |  | n=8
SRP059688	tissue	lung tumor	normal lung	tissue:lung	lung | between_subject_case_control | conf=medium | tumor_tissue | n=7
SRP059753	genotype/variation	rab10ko	wild type	tissue:adipose	adipose | genotype_comparison | conf=high |  | n=6
SRP059754	genotype/variation	k19-wnt1/k19-ptgs2/k19-ptges transgenic	wild type	tissue:gut	gut | genotype_comparison | conf=high | tumor_tissue | n=15
SRP059792	genotype	zeb2-ko	wt	ex:genotype=t-bet rv;ex:genotype=zeb2-ko t-bet rv;tissue:blood_immune	blood_immune | genotype_comparison | conf=medium |  | n=27
SRP059824	genotype/variation	mt-mg/smom2;mmtv-cre (smom2 positive)	mt-mg/smom2;+ (wild type)	tissue:reproductive	reproductive | genotype_comparison | conf=medium |  | n=12
SRP059938	treatment	mir-30c mimic	scramble oligomer	tissue:liver	liver | in_vivo_treatment_arms | conf=high |  | n=11
SRP059940	genotype	g9a-/-	g9a+/+	tissue:other	other | genotype_comparison | conf=medium |  | n=14
SRP060228	treatment	room temperature (4°c)	room temperature (22°c)	tissue:adipose	adipose | in_vivo_treatment_arms | conf=high |  | n=10
SRP060233	genotype/variation	fat4-/-	fat4+/+	tissue:kidney	kidney | genotype_comparison | conf=high |  | n=6
SRP060232	genotype	ezh2f/f; mmtv-cre	wild type	in:state=pregnancy day of 13;tissue:reproductive	reproductive | genotype_comparison | conf=high |  | n=18
SRP060238	genotype	ae3-null	wild type	tissue:heart	heart | genotype_comparison | conf=high |  | n=8
SRP060296	genotype/variation	bmal1 ko	wt	tissue:liver	liver | genotype_comparison | conf=high |  | n=36
SRP060295	genotype/variation	bmal1 ko	wt	tissue:liver	liver | genotype_comparison | conf=high |  | n=48
SRP060340	phenotype	her2 primary	normal	tissue:reproductive	reproductive | between_subject_case_control | conf=medium | tumor_tissue | n=25
SRP060438	genotype	adar2-/-/gria2r/r	adar2+/+ gria2r/r	tissue:brain_cns	brain_cns | genotype_comparison | conf=high |  | n=12
SRP060366	genotype	ptf1a(creer/fl)	ptf1a(creer/+)	subj:mouse id;tissue:other	other | genotype_comparison | conf=high |  | n=6
SRP060364	genotype/variation	tet2/3_ko	normal	in:source_name=follicular b cells;tissue:blood_immune	blood_immune | genotype_comparison | conf=medium |  | n=16
SRP060667	genotype	cop1 fl/fl; pdx1.creert2	cop1 fl/fl	tissue:other	other | genotype_comparison | conf=high |  | n=24
SRP060666	source_name	cdx2-del mouse intestinal stem cells	control mouse intestinal stem cells	ex:source_name=control mouse villus cells;tissue:gut	gut | genotype_comparison | conf=high |  | n=9
SRP060648	stage	pc16	virgin	in:brain region=hypothalamus;tissue:brain_cns	brain_cns | time_course | conf=medium |  | n=72
SRP060706	agent	fgf-2	vehicle	tissue:other	other | in_vivo_treatment_arms | conf=high |  | n=6
SRP060710	source_name	infected-mouse bone marrow neutrophils	uninfected-mouse bone marrow neutrophils	in:cell type=bone marrow neutrophils;tissue:blood_immune	blood_immune | in_vivo_treatment_arms | conf=medium |  | n=12
SRP061102	genotype/variation	khdrbs3 knockout	wild type	in:tissue=ammon's horn;tissue:other	other | genotype_comparison | conf=high |  | n=7
SRP061193	strain	ido knockout (ido(-/-))	c57bl/6j	in:cell type=brain microglia;tissue:blood_immune	blood_immune | genotype_comparison | conf=medium |  | n=48
SRP061339	genotype/variation	knockout, mecp2(-/y)	wild-type, mecp2(+/y)	tissue:other	other | genotype_comparison | conf=high |  | n=6
SRP061355	injury condition	snl	sham	tissue:brain_cns	brain_cns | in_vivo_treatment_arms | conf=high |  | n=16
SRP061376	genotype	cdh5-cre+ jnk1loxp/loxp jnk2loxp/loxp jnk3-/-	cdh5-cre+ jnk1+/+ jnk2+/+ jnk3-/-	tissue:lung	lung | genotype_comparison | conf=medium |  | n=9
SRP061386	treatment	4h 7gy	mock	in:cell type=b cells from spleen;tissue:blood_immune	blood_immune | in_vivo_treatment_arms | conf=medium |  | n=24
SRP061407	genotype/variation	gata3 ko	wildtype	tissue:other	other | genotype_comparison | conf=medium |  | n=12
SRP061436	genotype	tg ctrl	wt	tissue:brain_cns	brain_cns | genotype_comparison | conf=high |  | n=9
SRP061437	genotype	tg ctrl	wt	tissue:brain_cns	brain_cns | genotype_comparison | conf=high |  | n=9
SRP061434	genotype	f/tg	flox	tissue:brain_cns	brain_cns | genotype_comparison | conf=high |  | n=12
SRP061458	genotype	psmb11 -/-	psmb11 +/+	in:source_name=cortical thymic epithelial cell;tissue:other	other | genotype_comparison | conf=high |  | n=49
SRP061544	genotype/variation	foxp3-cre(yfp).rorcfl/fl	foxp3-cre(yfp).rorc+/+	tissue:gut	gut | genotype_comparison | conf=high |  | n=6
SRP061646	genotype	nan/+	+/+	tissue:liver	liver | genotype_comparison | conf=high |  | n=6
SRP061758	genotype	pten lox/lox : p53lox/lox : olig2lox/lox	pten lox/lox : p53lox/lox	tissue:brain_cns	brain_cns | genotype_comparison | conf=high | tumor_tissue | n=10
SRP061785	genotype/variation	rgs9-2ko	rgs9-2wt	tissue:brain_cns	brain_cns | genotype_comparison | conf=high |  | n=18
SRP061800	mouse group	high cholesterol/hypertensive model	control mice	tissue:other	other | genotype_comparison | conf=high |  | n=16
SRP061869	treatment	high-fat diet, tj added	high-fat diet	tissue:adipose	adipose | in_vivo_treatment_arms | conf=high |  | n=12
SRP061757	treatment	cyclophosphamide-treated (6 days after 2nd cpa at 140 mg/kg-bw/6d, i.p.)	untreated	in:tumor cell line implanted in mouse=gl261;in:strain=c57bl/bntac (taconic);tissue:tumor	tumor | in_vivo_treatment_arms | conf=medium | tumor_tissue;pooled_samples | n=24
SRP061788	genotype	p53 null	p53 wt	tissue:other	other | genotype_comparison | conf=low | tumor_tissue | n=18
SRP061950	genotype	myf6 cre/+; smyd1 flox/-	myf6 cre/+; smyd1 flox/+	tissue:muscle	muscle | genotype_comparison | conf=high |  | n=12
SRP061985	diet	high-cholesterol diet for 8 weeks	standard chow	tissue:blood_immune	blood_immune | in_vivo_treatment_arms | conf=high |  | n=10
SRP062014	genotype/variation	eedf/f; villin-cre	eedf/f; cre-	in:cell type=adult epitheial cells; proximal 1/3 of intestine;tissue:gut	gut | genotype_comparison | conf=high |  | n=9
SRP062164	genotype	containing cre-lox inducible allele of ss18-ssx2	containing cre-lox inducible allele of ss18-ssx1	tissue:tumor	tumor | genotype_comparison | conf=high | tumor_tissue | n=6
SRP062039	colonization	crwt	gf	in:cell type=colonic epithelial cells;tissue:gut	gut | in_vivo_treatment_arms | conf=medium |  | n=16
SRP062209	protocol	fish	control	in:tissue=liver;tissue:liver	liver | in_vivo_treatment_arms | conf=medium |  | n=29
SRP062073	tissue	d5 fibrotic ear tissue	d0 uninjured ear tissue	tissue:other	other | time_course | conf=medium | mixed_organisms | n=45
SRP062211	genotype	wnt5a +/-	wt	subj:mouse_id;tissue:blood_immune	blood_immune | genotype_comparison | conf=high |  | n=11
SRP062238	genotype/variation	mib1flox; tnt-cre	wt	tissue:heart	heart | genotype_comparison | conf=high | pooled_samples | n=8
SRP062213	genotype	krasg12d/+; mir-143/145-/-	krasg12d/+; mir-143/145+/+	in:cell type=lung endothelial cells (cd31+);tissue:lung	lung | genotype_comparison | conf=medium | tumor_tissue | n=18
SRP062249	genotype	rb1 knockout	rb1 wild type	in:tissue=lung;tissue:lung	lung | genotype_comparison | conf=high |  | n=23
SRP062546	source_name	mouse skin scc	mouse back skins	tissue:skin	skin | between_subject_case_control | conf=medium | tumor_tissue | n=9
SRP062636	genotype	smn(c)	wt	in:tissue=testis;tissue:brain_cns	brain_cns | genotype_comparison | conf=high |  | n=23
SRP062619	genotype	atoh1-cre::chd7 f/+	chd7 wild type	tissue:brain_cns	brain_cns | genotype_comparison | conf=medium |  | n=14
SRP062639	source_name	aicdako_gcb	wt_gcb	tissue:other	other | genotype_comparison | conf=medium |  | n=16
SRP062845	genotype/variation	smc1a(shrna/+)/rosa(rtta/+)	ren(shrna/+)/rosa(rtta/+)	tissue:blood_immune	blood_immune | genotype_comparison | conf=high |  | n=20
SRP062829	phenotype	susceptible	control	in:brain region=adult ventral hippocampus;ex:phenotype=accelerated social defeat;ex:timepoint=24h post accelerated defeat;tissue:brain_cns	brain_cns | in_vivo_treatment_arms | conf=high |  | n=140
SRP062874	treatment name	btki	vehicle hpmc in citrate	in:primary tissue=kidney;subj:mouse id;tissue:kidney	kidney | in_vivo_treatment_arms | conf=medium |  | n=114
SRP062868	genotype/variation	st18 knockdown	wild type	tissue:tumor	tumor | in_vivo_treatment_arms | conf=medium | tumor_tissue | n=6
SRP062904	treatment	chd8 knockdown	control	tissue:brain_cns	brain_cns | in_vivo_treatment_arms | conf=medium | pooled_samples | n=10
SRP062946	genotype/variation	pcbp2 knockout	wild type	tissue:liver	liver | genotype_comparison | conf=high |  | n=14
SRP063005	genotype/variation	lox (rpl11+/lox::tb.ub-creert2)	wt (rpl11+/+:: tg.ubc-creert2)	tissue:blood_immune	blood_immune | genotype_comparison | conf=high |  | n=8
SRP063013	treatment	1 week dox	no dox	in:source_name=whole pancreatic islets;tissue:other	other | in_vivo_treatment_arms | conf=medium |  | n=12
SRP062991	genotype/variation	lin28b ko	wild-type	in:tissue=fetal liver;ex:genotype/variation=inducible let-7;tissue:blood_immune	blood_immune | genotype_comparison | conf=medium |  | n=34
SRP063091	genotype	tet2/3 double knock out	wild type	tissue:blood_immune	blood_immune | genotype_comparison | conf=high |  | n=8
SRP063269	genotype	adnp+/-	wild-type	tissue:brain_cns	brain_cns | genotype_comparison | conf=high |  | n=78
SRP063060	source_name	small bowel, 2'-fl supplementation	small bowel, no 2'-fl supplementation	in:tissue=8 weeks post-ileocecal resection;tissue:other	other | in_vivo_treatment_arms | conf=medium |  | n=12
SRP063066	treatment	10°c for 1 week	30°c for 1 week	in:tissue=subcutaneous white adipose tissue (swat);tissue:adipose	adipose | in_vivo_treatment_arms | conf=medium | mixed_organisms | n=49
SRP063412	genotype	nkx2.2flox/tn; villin-cre/+; rosa26tomato/+	nkx2.2flox/+; rosa26tomato/+	tissue:gut	gut | genotype_comparison | conf=high |  | n=6
SRP063451	genotype	cki_mx+	wt_mx+	ex:genotype=cki_cre-;tissue:blood_immune	blood_immune | genotype_comparison | conf=high |  | n=9
SRP063414	genotype	nkx2.2flox/flox; villin-cre/+	nkx2.2flox/+	subj:rnaseq id;tissue:gut	gut | genotype_comparison | conf=medium |  | n=6
SRP063475	genotype	wt/del	wt/wt	in:cell type=cd150hi hsc;tissue:other	other | genotype_comparison | conf=high |  | n=24
SRP063413	genotype	nkx2.2flox/sd; villin-cre/+; rosa26tomato/+	nkx2.2flox/+; rosa26tomato/+	tissue:gut	gut | genotype_comparison | conf=medium |  | n=6
SRP063560	genotype/variation	pgrcre/+ foxo1f/f	foxo1f/f	tissue:reproductive	reproductive | genotype_comparison | conf=high | pooled_samples | n=12
SRP063474	genotype/variation	glis3 mutant	wild-type	tissue:reproductive	reproductive | genotype_comparison | conf=high |  | n=14
SRP063574	genotype/variation	hdac3ko	wt control	tissue:other	other | genotype_comparison | conf=medium | pooled_samples | n=8
SRP063861	genotype	sgo1 -/+	wild type	tissue:gut	gut | genotype_comparison | conf=high |  | n=12
SRP063872	tissue	glioblastoma	brain	tissue:other	other | between_subject_case_control | conf=high | tumor_tissue | n=8
SRP063705	genotype	errg ko	wt errg	ex:genotype=ppara ko;ex:genotype=wt pparg;tissue:adipose	adipose | genotype_comparison | conf=medium |  | n=8
SRP063890	treatement group	ee, ethanol-ethanol	ss, saline-saline	in:cell fraction=p2, synaptoneurosome;tissue:brain_cns	brain_cns | in_vivo_treatment_arms | conf=medium |  | n=24
SRP063968	genotype	sox9fl/fl:tie2-cre/+ (sox9 cko)	sox9fl/fl:+/+ (wt)	tissue:heart	heart | genotype_comparison | conf=medium |  | n=8
SRP064004	strain status	with ulcers	healthy control	ex:source_name=gastric organoids;ex:source_name=intact stomach tissue;tissue:gut	gut | between_subject_case_control | conf=medium |  | n=10
SRP064030	diet	high fat diet(60% kcal fat)	normal diet	ex:treatment period=0 weeks;tissue:adipose	adipose | in_vivo_treatment_arms | conf=medium |  | n=27
SRP064190	genotype/variation	homozygous ampk r299q	wild type	tissue:brain_cns	brain_cns | genotype_comparison | conf=high |  | n=12
SRP064194	genotype	mrko-ob	fc-ob	tissue:liver	liver | genotype_comparison | conf=high |  | n=8
SRP064164	genotype/variation	mir132/212 cko (camkii-cre::mir-132/212f/f)	cko non-transgenic control	tissue:brain_cns	brain_cns | genotype_comparison | conf=medium | pooled_samples | n=18
SRP064216	genotype/variation	het (q175) knock-in	wild type	tissue:brain_cns	brain_cns | genotype_comparison | conf=high |  | n=166
SRP064223	genotype	ko	wt	ex:source_name=c2c12;in:tissue=liver;tissue:liver	liver | genotype_comparison | conf=high |  | n=46
SRP064245	genotype/variation	het (q175) knock-in	wild type	tissue:brain_cns	brain_cns | genotype_comparison | conf=high |  | n=168
SRP064266	source_name	rag-/- yy1f/f x mb1-cre pro-b cells	rag1-/-pro-b cells	in:cell type=pro-b cells;tissue:blood_immune	blood_immune | genotype_comparison | conf=medium | pooled_samples | n=12
SRP064271	genotype/variation	pgr(cre/+)pten(lox/lox)csf3r(-/-)	pgr(cre/+)pten(lox/lox)	tissue:blood_immune	blood_immune | genotype_comparison | conf=high | tumor_tissue | n=14
SRP064433	genotype/variation	blinc1-/-	blinc1+/+	tissue:other	other | genotype_comparison | conf=high |  | n=9
SRP064420	source_name	wt influenza a virus (iav-wt)	mock infection	tissue:lung	lung | in_vivo_treatment_arms | conf=medium |  | n=12
SRP064569	genotype	lsd1 ko	control	tissue:reproductive	reproductive | genotype_comparison | conf=high |  | n=6
SRP064534	treatment	tcdd ahr wt 1000	tcdd ahr wt ctrl	in:tissue=ventricle;tissue:heart	heart | in_vivo_treatment_arms | conf=medium |  | n=72
SRP064762	source_name	heart, biventricle_plcb1a	heart, biventricle_blank	tissue:heart	heart | in_vivo_treatment_arms | conf=high |  | n=18
SRP064844	genotype	gpr124 flox/-; rosa-creer+	gpr124 flox/+; rosa-creer+	in:source_name=stroke hemisphere after 1-hr mcao 1-d reperfusion;tissue:brain_cns	brain_cns | genotype_comparison | conf=medium |  | n=21
SRP064923	treatment	cre+t	cre-t	tissue:other	other | genotype_comparison | conf=high |  | n=16
SRP064981	source_name	6 c 30 days	room temp 30 days	tissue:gut	gut | in_vivo_treatment_arms | conf=medium | pooled_samples | n=12
SRP064862	treatment	e7107	vehicle	in:cell type=gfp+ cd11b+;subj:mouse;tissue:blood_immune	blood_immune | in_vivo_treatment_arms | conf=medium | tumor_tissue;pooled_samples | n=54
SRP064982	genotype	cko_mx+	cko_cre-	tissue:blood_immune	blood_immune | genotype_comparison | conf=medium |  | n=10
SRP064991	treatment	roxadust	pbs	in:tissue=liver;tissue:brain_cns	brain_cns | in_vivo_treatment_arms | conf=high |  | n=36
SRP065187	genotype	pet-1-/-	wild type	tissue:brain_cns	brain_cns | genotype_comparison | conf=medium |  | n=18
SRP065281	source_name	inguinal white adipose tissue_fabp4-ebf2	inguinal white adipose tissue_wildtype	tissue:adipose	adipose | genotype_comparison | conf=high |  | n=8
SRP065217	viral infection status	hsv-1	mock	tissue:brain_cns	brain_cns | in_vivo_treatment_arms | conf=low |  | n=8
SRP065537	genotype/variation	germline parkin knockout	wild type	tissue:heart	heart | genotype_comparison | conf=high |  | n=9
SRP065536	genotype/variation	floxed, mercremer (induced)	floxed, non-cre (noninduced)	tissue:heart	heart | genotype_comparison | conf=high |  | n=12
SRP065560	genotype	hoil	wildtype	in:cell type=cd69+ mhc i high;subj:mouse;tissue:blood_immune	blood_immune | genotype_comparison | conf=medium |  | n=18
SRP065556	genotype	aof1 1lox/1lox	wild-type	in:developmental stage=oocytes (ovulated, metaphase ii);tissue:reproductive	reproductive | genotype_comparison | conf=medium | pooled_samples | n=7
SRP065571	genotype/variation	jag1flox;nkx2.5-cre mutant	wt	tissue:heart	heart | genotype_comparison | conf=high |  | n=16
SRP065603	genotype	deficient for nampt in skeletal muscle	wild type	in:age=7 months;tissue:muscle	muscle | genotype_comparison | conf=high |  | n=23
SRP065613	genotype	ppar delta e411p +; nestin-cre +	wild type	tissue:brain_cns	brain_cns | genotype_comparison | conf=high |  | n=6
SRP065681	genotype	smcx ko	wt	in:tissue type=adult amygdala;tissue:brain_cns	brain_cns | genotype_comparison | conf=medium |  | n=12
SRP065767	genotype	nrlp-gfp;nrl-/-	nrlp-gfp	tissue:brain_cns	brain_cns | genotype_comparison | conf=medium |  | n=30
SRP065801	genotype/variation	mesp1cre mut	mesp1cre wt	tissue:heart	heart | genotype_comparison | conf=high |  | n=20
SRP065769	genotype	elf5 transgene	wild type	in:tissue=placenta;tissue:other	other | genotype_comparison | conf=medium |  | n=28
SRP065804	genotype/variation	elp3cko	wild type	tissue:brain_cns	brain_cns | genotype_comparison | conf=medium |  | n=8
SRP065842	genotype	sod1 g37r	non-tg	in:source_name=oligodendrocyte;tissue:brain_cns	brain_cns | genotype_comparison | conf=medium |  | n=74
SRP065965	genotype/variation	chx10-cre::gfp +/tg; ronin flox/flox	ronin flox/flox	tissue:brain_cns	brain_cns | genotype_comparison | conf=high | pooled_samples | n=6
SRP066019	strain	f1 (patbfmi)	f1 (matbfmi)	in:gender=male;tissue:liver	liver | genotype_comparison | conf=medium |  | n=10
SRP065995	genotype	ippo knock-in	wild-type	tissue:blood_immune	blood_immune | genotype_comparison | conf=low |  | n=6
SRP066097	genotype	dnmt1 -/-	wild type	in:developmental stage=e11.5;tissue:other	other | genotype_comparison | conf=medium |  | n=37
SRP066149	genotype/variation	expressing a human c9orf72 bac including 500 g4c2 repeats	wild type	tissue:brain_cns	brain_cns | genotype_comparison | conf=high |  | n=8
SRP066127	condition	shock 1h	naive	in:source_name=anterior cingulate cortex;tissue:brain_cns	brain_cns | in_vivo_treatment_arms | conf=medium |  | n=29
SRP066173	genotype	ercc1 delta/+	wild type	tissue:brain_cns	brain_cns | genotype_comparison | conf=high |  | n=8
SRP066244	genotype	oct4 -/-	wild type	in:source_name=atherosclerosis lesion;tissue:muscle	muscle | genotype_comparison | conf=high |  | n=81
SRP066354	source_name	gestational day 14.5	littermates	tissue:other	other | between_subject_case_control | conf=medium |  | n=6
SRP066438	treatment	tac+solvent	sham+solvent	tissue:heart	heart | in_vivo_treatment_arms | conf=high |  | n=12
SRP066489	treatment	lps	vehicle	in:cell type=microglia;tissue:brain_cns	brain_cns | in_vivo_treatment_arms | conf=high |  | n=28
SRP066446	genotype	mice homozygous for beta5t-rtta locus, homozygous for foxn1fl/fl locus and heterozygous for teto-cre1jaw/j(jax006234) transgene.	mice homozygous for beta5t-rtta locus, homozygous for foxn1fl/fl locus and lacking the teto-cre1jaw/j(jax006234) transgene.	in:cell type=cortical thymic epithelial cells;tissue:other	other | genotype_comparison | conf=medium | pooled_samples | n=20
SRP066622	genotype	ps2app	non-tg	tissue:brain_cns	brain_cns | genotype_comparison | conf=high |  | n=24
SRP066728	genotype	ps2app	non-tg	in:cell type=microglia;subj:animalid;tissue:brain_cns	brain_cns | genotype_comparison | conf=high |  | n=61
SRP066807	genotype	prnp-/- (coisogenic)	prnpwt/wt	tissue:brain_cns	brain_cns | genotype_comparison | conf=high |  | n=12
SRP066776	genotype	apoe-cyp7a1 transgenic	wild type	tissue:liver	liver | genotype_comparison | conf=medium |  | n=8
SRP066786	treatment	anti-pd-1	igg control	in:selection marker=whole tissue;tissue:other	other | in_vivo_treatment_arms | conf=medium |  | n=25
SRP066809	exposure	cigarette smoke	control	tissue:blood_immune	blood_immune | in_vivo_treatment_arms | conf=medium |  | n=31
SRP066909	source_name	gab2 null mouse bone marrow	gab2 wt mouse bone marrow	tissue:blood_immune	blood_immune | genotype_comparison | conf=high |  | n=6
SRP066975	tumor/nontumor	tumor	nontumor	tissue:liver	liver | between_subject_case_control | conf=medium | tumor_tissue | n=6
SRP066983	sample group	three days after the burn injury	control	tissue:brain_cns	brain_cns | in_vivo_treatment_arms | conf=high | pooled_samples | n=24
SRP067091	strain balb/cnctr-npc1m1n/j	homozygous	wildtype	tissue:brain_cns	brain_cns | genotype_comparison | conf=high |  | n=8
SRP067092	genotype	atxn1[82q]	wt/fvb	in:age=5 weeks;tissue:brain_cns	brain_cns | genotype_comparison | conf=high |  | n=84
SRP067216	genotype/variation	gnasxlm+/p-	wild type	tissue:brain_cns	brain_cns | genotype_comparison | conf=high |  | n=6
SRP067226	genotype	lhx2 lox/lox; pdgfr{alpha}-cre	lhx2 lox/lox	tissue:brain_cns	brain_cns | genotype_comparison | conf=high |  | n=6
SRP067260	genotype/variation	grpc6afl/fl;mck-cre	grpc6afl/fl	tissue:muscle	muscle | genotype_comparison | conf=high |  | n=18
SRP067243	genotype/variation	mm77 ko	wild-type (wt)	in:mouse line=mm77 line;tissue:heart	heart | genotype_comparison | conf=high |  | n=20
SRP067265	strain	dkk3 knockout	dkk3 wildtype	subj:mouseid;tissue:kidney	kidney | genotype_comparison | conf=medium |  | n=18
SRP067305	genotype	smn1+/+, smn2+/+, exspeu1+/-	smn1+/+, smn2+/+, exspeu1-/-	tissue:brain_cns	brain_cns | genotype_comparison | conf=medium |  | n=6
SRP067359	genotype/variation	prmt7-/-	prmt7+/+	tissue:muscle	muscle | genotype_comparison | conf=high |  | n=12
SRP067349	diet	high fat - 16wk	control - 16wk	ex:diet=high fat 8 wk, control - 16wk;tissue:liver	liver | in_vivo_treatment_arms | conf=high |  | n=12
SRP067490	genotype	plat-/-	wt	tissue:brain_cns	brain_cns | genotype_comparison | conf=high |  | n=12
SRP067339	treatment	ikaros knockdown	control	in:duration=0 days;subj:tumor;tissue:other	other | genotype_comparison | conf=low | tumor_tissue | n=82
SRP067454	genotype/variation	tet-myc/laptta (tet-myc expression on)	control liver	tissue:liver	liver | genotype_comparison | conf=high |  | n=46
SRP067527	recipient mouse leukemia status	leukemic	non-leukemic	tissue:other	other | between_subject_case_control | conf=high |  | n=9
SRP067548	diet	high fat diet 16 week	control chow diet	tissue:adipose	adipose | in_vivo_treatment_arms | conf=high |  | n=6
SRP067535	phenotype	delayed anagen	normal	tissue:skin	skin | genotype_comparison | conf=medium |  | n=6
SRP067494	condition	spinal cord injury	uninjured	in:rna sample type=ha ip;in:genotype=wild type;tissue:brain_cns	brain_cns | between_subject_case_control | conf=medium |  | n=22
SRP067491	genotype/variation	cftr knockout; apc+cftr-	cftr wildtype; apc+cftr+	in:tissue type=mouse epithelium;tissue:gut	gut | genotype_comparison | conf=medium | tumor_tissue | n=68
SRP067600	sample type	hplus	wt	tissue:tumor	tumor | genotype_comparison | conf=medium | tumor_tissue | n=15
SRP067667	genotype	rosa26 i/+;mx1-cre tg/+	rosa26 +/+;mx1-cre tg/+	tissue:other	other | genotype_comparison | conf=high |  | n=6
SRP067636	treatment	cs	ac	in:time point=6 months;subj:mouse id;tissue:lung	lung | in_vivo_treatment_arms | conf=medium |  | n=248
SRP067740	genotype/variation	nova1-deficient	wild type	tissue:adipose	adipose | genotype_comparison | conf=high |  | n=9
SRP067752	genotype/variation	are-del	wt	tissue:liver	liver | genotype_comparison | conf=high |  | n=12
SRP067765	genotype/variation	nova1- and nova2-deficient	wild type	tissue:adipose	adipose | genotype_comparison | conf=high |  | n=8
SRP067829	genotype/variation	myeloid-cell-specific dicer1 gene deletion	control	tissue:blood_immune	blood_immune | genotype_comparison | conf=high | tumor_tissue | n=7
SRP067991	genotype	id2-null	wild type	tissue:other	other | genotype_comparison | conf=high |  | n=9
SRP068030	mouse genotype	nod2-/-	c57bl/6	tissue:gut	gut | genotype_comparison | conf=medium |  | n=28
SRP068326	genotype/variation	ezh2-/-	wild type	in:condition=cd44lo naïve t;tissue:blood_immune	blood_immune | genotype_comparison | conf=medium |  | n=12
SRP068356	genotype	lsatf4-/-	wild type	tissue:liver	liver | genotype_comparison | conf=high |  | n=12
SRP068355	source_name	pymt-late-caricnoma-tumor	fvb-mammary-gland	tissue:reproductive	reproductive | genotype_comparison | conf=medium | tumor_tissue | n=19
SRP068358	satb1 status	knockdown	wildtype	tissue:tumor	tumor | in_vivo_treatment_arms | conf=medium | tumor_tissue | n=6
SRP068384	genotype	het (q175) knock-in	wild type	tissue:adipose	adipose | genotype_comparison | conf=high |  | n=55
SRP068418	genotype	bmal1 knock-out	wild-type	tissue:kidney	kidney | genotype_comparison | conf=high |  | n=12
SRP068420	induced overexpression	nhd13&ms2	control	tissue:other	other | genotype_comparison | conf=medium |  | n=9
SRP068461	genotype/variation	ing5 mommed48/+	ing5 +/+	tissue:liver	liver | genotype_comparison | conf=high |  | n=6
SRP068500	genotype	wiz mommed30/+	wiz +/+	in:tissue=embryonic whole brain;tissue:brain_cns	brain_cns | genotype_comparison | conf=high |  | n=16
SRP068520	genotype/variation	hnrnph1 heterozygous ko	control	subj:sampleid;tissue:brain_cns	brain_cns | genotype_comparison | conf=high |  | n=64
SRP068517	genotype	arid1a fl/fl; alb-cre	arid1a fl/fl	in:source_name=frozen post-hepatectomy liver tissue;tissue:liver	liver | genotype_comparison | conf=high |  | n=10
SRP068582	protocol	aav-cre injection	aav-gfp injection	tissue:brain_cns	brain_cns | genotype_comparison | conf=high |  | n=14
SRP068574	genotype	tet1-ko	tet1-wt	ex:genotype=wild type;tissue:other	other | genotype_comparison | conf=medium | pooled_samples | n=22
SRP068647	genotype	med23-/- (mensenchymal stem cells specific deletion)	wt	tissue:other	other | genotype_comparison | conf=high |  | n=12
SRP068724	genotype	fzd3 -/- mutant	control +/+	tissue:brain_cns	brain_cns | genotype_comparison | conf=high |  | n=9
SRP068777	genotype/variation	tnpo3fl/fl; lck:cre	tnpo3fl/+; lck:cre	tissue:other	other | genotype_comparison | conf=high |  | n=12
SRP068744	genotype/variation	hdac3 ko	wt	tissue:blood_immune	blood_immune | genotype_comparison | conf=medium |  | n=8
SRP068845	genotype/variation	beta1-cko (beta1 flox/flox mlr10 cre+)	c57bl/6	tissue:other	other | genotype_comparison | conf=medium | pooled_samples | n=9
SRP068855	treatment group	stress paradigm	none	tissue:brain_cns	brain_cns | in_vivo_treatment_arms | conf=high |  | n=6
SRP068928	genotype	aipl1(-/-)	wild type	tissue:brain_cns	brain_cns | genotype_comparison | conf=high |  | n=8
SRP068974	genotype	aipl1(-/-)	wild type	tissue:brain_cns	brain_cns | genotype_comparison | conf=high |  | n=16
SRP068931	light exposure	0hr	standard	in:cre line=vip;tissue:brain_cns	brain_cns | in_vivo_treatment_arms | conf=medium | pooled_samples | n=75
SRP069057	gentotype/variation	dko; relbfl/flnfkb2fl/flcg1-cre	wt; cg1-cre	tissue:blood_immune	blood_immune | genotype_comparison | conf=high |  | n=10
SRP069010	genotype/variation	tsc1f/f / p62f/f mice albcre positive - specific deletion of tsc1 and p62 in hepatocytes	tsc1f/f cre positive specific deletion of tsc1 in hepatocytes	tissue:liver	liver | genotype_comparison | conf=medium |  | n=30
SRP069082	genotype	ela1-myc	wt	tissue:other	other | genotype_comparison | conf=high |  | n=6
SRP069071	genotype	il17ra knockout	c57bl6	in:tissue=terminal illuem;ex:cell_type=intestinal enteroids;tissue:other	other | genotype_comparison | conf=medium |  | n=27
SRP069240	exposed to	4c environment temperature	thermoneutral temperature (29c)	tissue:adipose	adipose | in_vivo_treatment_arms | conf=high |  | n=8
SRP069191	genotype	e-mu-myc pin1-/-	e-mu-myc pin1+/+	tissue:other	other | genotype_comparison | conf=high |  | n=13
SRP069292	agent	bexarotene	0.2 mg/kg glycerol	tissue:brain_cns	brain_cns | in_vivo_treatment_arms | conf=high |  | n=16
SRP069345	diet	16 week high-fat diet	chow diet	tissue:liver	liver | in_vivo_treatment_arms | conf=high |  | n=9
SRP069731	genotype/variation	androgen receptor (ar) knockout	wild-type androgen receptor (ar)	tissue:reproductive	reproductive | genotype_comparison | conf=high |  | n=16
SRP069726	genotype	ctcf fl/fl; nkx2.5-cre/+	ctcf fl/fl	tissue:heart	heart | genotype_comparison | conf=high | pooled_samples | n=9
SRP069758	genotype/variation	stat5a+/- stat5b-/-	wt	in:culture condition=ex vivo naive cd4+ t cells (growth protocol 2);tissue:blood_immune	blood_immune | genotype_comparison | conf=medium |  | n=40
SRP069772	genotype	c9orf72 -/-	c9orf72 +/+	tissue:brain_cns	brain_cns | genotype_comparison | conf=high |  | n=21
SRP069803	phenotype	type 2 diabetic	non-diabetic, normal control	tissue:kidney	kidney | genotype_comparison | conf=high |  | n=6
SRP069804	genotype/variation	trex1 loss	control	tissue:blood_immune	blood_immune | genotype_comparison | conf=high |  | n=12
SRP069809	genotype	f112exp	nontransgenic (ntg)	tissue:brain_cns	brain_cns | genotype_comparison | conf=high |  | n=12
SRP069812	genotype/variation	i4f_ink4a/arf_ko	i4f_wt	in:tissue=kidney;tissue:kidney	kidney | genotype_comparison | conf=medium |  | n=30
SRP069817	tissue type	liver tumour	liver	tissue:liver	liver | in_vivo_treatment_arms | conf=medium | tumor_tissue | n=7
SRP069873	treatment	ppargc1a overexpression	control	tissue:heart	heart | genotype_comparison | conf=high |  | n=12
SRP069966	treatment	anti-mir-873 treated	mir control treated	tissue:liver	liver | in_vivo_treatment_arms | conf=medium |  | n=52
SRP069879	strain	cast/eij x c57bl/6j	129s1/svlmj x c57bl/6j	in:tissue=kidney;tissue:kidney	kidney | genotype_comparison | conf=medium |  | n=71
SRP069979	genotype/variation	bach2-/-	wild type	in:sample type=control;in:source_name=naive cd8+ t cells;tissue:blood_immune	blood_immune | genotype_comparison | conf=medium |  | n=32
SRP070058	genetic modification	r26 axin1 ireslacz overexpression	wt	tissue:brain_cns	brain_cns | genotype_comparison | conf=high |  | n=6
SRP070188	genotype	tet2-/-flt3itd	wild-type	tissue:blood_immune	blood_immune | genotype_comparison | conf=medium |  | n=15
SRP070433	genotype	rbpjk deficient hair follicle	wild-type	tissue:other	other | genotype_comparison | conf=high | pooled_samples | n=13
SRP070440	genotype	deletion	wild type	in:tissue=cortex;subj:animal id;tissue:brain_cns	brain_cns | genotype_comparison | conf=high |  | n=96
SRP070571	genotype	dup-ldeltabor	wt	in:tissue=limb buds;tissue:other	other | genotype_comparison | conf=medium |  | n=17
SRP070641	genotype/variation	hlx transgenic	wt	tissue:adipose	adipose | genotype_comparison | conf=high |  | n=6
SRP070673	diet	high fat, high sugar (hfhs)	regular chow (rc)	in:time=d90;subj:mouse id;tissue:other	other | in_vivo_treatment_arms | conf=high |  | n=387
SRP070642	genotype/variation	dnm3a-mutant	wt	tissue:tumor	tumor | genotype_comparison | conf=medium | tumor_tissue | n=19
SRP070767	genotype	het (q140) knock-in	wild type	tissue:brain_cns	brain_cns | genotype_comparison | conf=high |  | n=96
SRP070770	genotype	het (q140) knock-in	wild type	tissue:liver	liver | genotype_comparison | conf=high |  | n=93
SRP070769	genotype	het (q140) knock-in	wild type	tissue:brain_cns	brain_cns | genotype_comparison | conf=high |  | n=95
SRP070775	genotype	het (q140) knock-in	wild type	tissue:brain_cns	brain_cns | genotype_comparison | conf=high |  | n=96
SRP070790	tumor stage	resistant	sensitive	in:source_name=mouse bcc tumor;tissue:other	other | between_subject_case_control | conf=medium | tumor_tissue | n=17
SRP070837	strain	vav-cre-g9afl/fl	g9afl/fl	tissue:blood_immune	blood_immune | genotype_comparison | conf=medium |  | n=6
SRP070880	genotype/variation	uterine-specific tsc2-null	wild-type	tissue:reproductive	reproductive | genotype_comparison | conf=high |  | n=18
SRP070849	genotype	tet2-/-;flt3-idt	wild type	ex:treatment=ag-221;ex:treatment=5-aza;tissue:other	other | genotype_comparison | conf=medium |  | n=19
SRP070906	genotype	fus deltanls/ deltanls	non-tg	subj:source_name;tissue:brain_cns	brain_cns | genotype_comparison | conf=high |  | n=19
SRP070946	genotype/variation	stab1 knock-out	wild-type	tissue:liver	liver | genotype_comparison | conf=high |  | n=8
SRP070945	genotype	pgrn.ko	wt	tissue:brain_cns	brain_cns | genotype_comparison | conf=high |  | n=15
SRP070944	genotype	grn.ko	grn.het	in:sort=cd11b;tissue:brain_cns	brain_cns | genotype_comparison | conf=medium | ffpe_or_degraded | n=29
SRP071156	genotype	phf13-/-	wild type	tissue:reproductive	reproductive | genotype_comparison | conf=high |  | n=6
SRP071039	microglia population	eae mouse cd11c negative	control mouse cd11c negative	tissue:brain_cns	brain_cns | between_subject_case_control | conf=medium |  | n=17
SRP071304	genotype	peae	wild type	tissue:brain_cns	brain_cns | in_vivo_treatment_arms | conf=high |  | n=6
SRP071231	dose	3.5 g/l	0 g/l	in:sample preparation=frozen;tissue:liver	liver | dose_response | conf=medium | ffpe_or_degraded | n=80
SRP071312	treatment	20 mg/kg caffeine	vehicle	tissue:heart	heart | in_vivo_treatment_arms | conf=high |  | n=6
SRP071238	treatment	follistatin	control	tissue:muscle	muscle | in_vivo_treatment_arms | conf=medium |  | n=14
SRP071321	genotype/variation	pcp2-bactrap; pcp2-cre; rbm17 f/-	pcp2-bactrap; rbm17 f/+	tissue:brain_cns	brain_cns | genotype_comparison | conf=high |  | n=36
SRP071239	tissue genotype category	foxo triple ko	foxo triple heterozygous	in:aldh expression=-;tissue:other	other | genotype_comparison | conf=medium |  | n=15
SRP071333	genotype	del(hotair) homozygous	wild type	tissue:other	other | genotype_comparison | conf=medium |  | n=24
SRP071610	genotype/variation	rev ko	wild type	tissue:liver	liver | genotype_comparison | conf=high |  | n=12
SRP071570	light exposure	light exposure	no light exposure	in:tissue=neural retina;tissue:brain_cns	brain_cns | in_vivo_treatment_arms | conf=high |  | n=30
SRP071611	genotype	k14-act/wt	wt/wt	tissue:blood_immune	blood_immune | genotype_comparison | conf=medium | pooled_samples | n=12
SRP071653	genotype/variation	ptbp2-deficient (cko)	wild type (wt)	subj:source_name;tissue:reproductive	reproductive | genotype_comparison | conf=medium |  | n=8
SRP071664	genotype/variation	mog ko	wt	tissue:other	other | genotype_comparison | conf=high |  | n=6
SRP071732	genotype	zfp36l1fl/fl, zfp36l2fl/fl, cd2cre	zfp36l1fl/fl, zfp36l2fl/fl	tissue:blood_immune	blood_immune | genotype_comparison | conf=high |  | n=12
SRP071661	genotype	yap/taz-dbl-cko	yap/taz-wt	tissue:other	other | genotype_comparison | conf=medium |  | n=6
SRP071754	diet	24h fasted	ad libitum fed	tissue:liver	liver | in_vivo_treatment_arms | conf=high |  | n=9
SRP071883	treatment	bmp9	igg2a2b	tissue:brain_cns	brain_cns | in_vivo_treatment_arms | conf=high |  | n=12
SRP072041	treatment	treated	controls	tissue:skin	skin | in_vivo_treatment_arms | conf=high |  | n=6
SRP072072	genotype	alpha-7hmz	wt	tissue:liver	liver | genotype_comparison | conf=high |  | n=12
SRP072092	group	24 h after sah	control	tissue:brain_cns	brain_cns | in_vivo_treatment_arms | conf=high |  | n=6
SRP072120	source_name	kidney_right_ureteric_ligation_8day	kidney_sham_operation	tissue:kidney	kidney | in_vivo_treatment_arms | conf=high |  | n=10
SRP072171	treatment	bacterial infection	none	tissue:blood_immune	blood_immune | in_vivo_treatment_arms | conf=medium |  | n=32
SRP072227	source_name	pkm2 ko liver	wt liver	tissue:liver	liver | genotype_comparison | conf=high |  | n=6
SRP072241	stressed	yes	no	tissue:brain_cns	brain_cns | in_vivo_treatment_arms | conf=high |  | n=6
SRP072124	developmental stage	day 2 of involution	day 7 of lactation	tissue:reproductive	reproductive | other | conf=medium |  | n=13
SRP072380	genotype	rosa26gfpzfp36l1 cd23cre/+	rosa26gfpzfp36l1	tissue:blood_immune	blood_immune | genotype_comparison | conf=high |  | n=8
SRP072457	genotype	mir-137 ko	wildtype	tissue:brain_cns	brain_cns | genotype_comparison | conf=high |  | n=12
SRP072383	genotype	zfp36l1fl/flert2cre/+	ert2cre/ert2cre	in:cell type=ex-vivo marginal zone b cells;tissue:blood_immune	blood_immune | genotype_comparison | conf=medium |  | n=12
SRP072458	genotype	tcf4 knockout	wildtype	tissue:other	other | genotype_comparison | conf=high |  | n=9
SRP072468	genotype/variation	trf2-/-	wild type	tissue:reproductive	reproductive | genotype_comparison | conf=high |  | n=6
SRP072516	genotype/variation	hdac3 knock-out	hdac3 wild-type	tissue:muscle	muscle | genotype_comparison | conf=high |  | n=6
SRP072519	treatment	niclosamide	control	tissue:other	other | in_vivo_treatment_arms | conf=high |  | n=6
SRP072526	genotype/variation	usp15l749r	wild-type	in:tissue=brain;tissue:brain_cns	brain_cns | genotype_comparison | conf=medium |  | n=38
SRP072574	source_name	wt exercise_quadriceps muscle	wt rest_quadriceps muscle	tissue:muscle	muscle | in_vivo_treatment_arms | conf=high |  | n=12
SRP072673	genotype	klf5flox/flox; vil-creert2	klf5+/+; vil-creert2	tissue:gut	gut | genotype_comparison | conf=high |  | n=12
SRP072697	genotype	mutant gli1-creer;bmpr1afl/fl	control bmpr1afl/fl	tissue:other	other | genotype_comparison | conf=high |  | n=6
SRP072742	genotype/variation	shank2 ko (exon 6,7 deletion mutant)	wild-type (exon 6,7 deletion control)	tissue:brain_cns	brain_cns | genotype_comparison | conf=high |  | n=12
SRP072844	genotype/variation	slm2ko	wt	tissue:brain_cns	brain_cns | genotype_comparison | conf=high |  | n=8
SRP072877	genotype	mesp1cre;hira-/fl	mesp1cre;hira+/fl	tissue:heart	heart | genotype_comparison | conf=high |  | n=12
SRP073042	genotype/variation	ptenfl/fl;trp53fl/fl;olig2fl/fl:pdgfb-cre (olig2cko)	ptenfl/fl;trp53fl/fl:pdgfb-cre (control)	ex:source_name=normal brain astrocytes;ex:source_name=normal brain opcs;tissue:brain_cns	brain_cns | genotype_comparison | conf=medium | tumor_tissue | n=15
SRP073062	genotype	spccre etv5ko	spccre	in:tissue=lung;tissue:lung	lung | genotype_comparison | conf=medium |  | n=19
SRP073063	genotype	kras;etv5ko	krasetv wt	tissue:lung	lung | genotype_comparison | conf=medium |  | n=12
SRP073096	genotype	deltadmr1-u2	wild-type	tissue:muscle	muscle | genotype_comparison | conf=high |  | n=16
SRP073086	genotype/variation	transgenic	control	tissue:brain_cns	brain_cns | genotype_comparison | conf=high |  | n=59
SRP073081	genotype/variation	psgl-1 ko	wildtype	tissue:blood_immune	blood_immune | genotype_comparison | conf=medium | pooled_samples | n=8
SRP073119	diet	high fat	standard	tissue:adipose	adipose | in_vivo_treatment_arms | conf=high |  | n=24
SRP073224	genotype/variation	ezh2 deletion	wild type	tissue:brain_cns	brain_cns | genotype_comparison | conf=high |  | n=8
SRP073310	source_name	hdc-/- mouse (c57bl/6 background) bone marrow	c57bl/6 mouse bone marrow	tissue:blood_immune	blood_immune | genotype_comparison | conf=high |  | n=8
SRP073338	genotype	ptchd1 mutant	wild type	tissue:brain_cns	brain_cns | genotype_comparison | conf=high |  | n=6
SRP073294	source_name	cd4-cd8- double negative (cd25+cd44-/+) miek-/- t cells	cd4-cd8- double negative (cd25+cd44-/+) t cells	in:cell type=cd4-cd8- double negative (cd25+cd44-/+) t cells;tissue:blood_immune	blood_immune | genotype_comparison | conf=medium |  | n=35
SRP073396	control or treatment	treatment	control	in:source_name=frontal cortex;subj:animal id;tissue:brain_cns	brain_cns | in_vivo_treatment_arms | conf=medium |  | n=90
SRP073438	genotype/variation	rest gene knockout at cardiomyocyte by troponin-t cre	wild type	tissue:heart	heart | genotype_comparison | conf=high | pooled_samples | n=6
SRP073495	genotype/variation	cnp_ko	cnp_wt	in:tissue=frontal cortex;tissue:brain_cns	brain_cns | genotype_comparison | conf=high |  | n=189
SRP073498	tissue	liposarcoma	white adipose	tissue:other	other | between_subject_case_control | conf=medium | tumor_tissue | n=24
SRP073608	genotype/variation	heterozygous app23 (+/-)	wild type	tissue:brain_cns	brain_cns | genotype_comparison | conf=high |  | n=24
SRP073503	genotype	nkx2.2-lacz/lacz	nkx2.2-+/+	tissue:other	other | genotype_comparison | conf=high |  | n=12
SRP073609	treatment	estrogen	control	tissue:kidney	kidney | in_vivo_treatment_arms | conf=medium | pooled_samples | n=10
SRP073509	genotype	il-1r8-/-	wild-type	in:flow cell lane=lane 1;in:treatment=non-treated;tissue:other	other | genotype_comparison | conf=medium | pooled_samples | n=24
SRP073927	phenotype	eae	naive	in:treatment=vehicle;subj:id;tissue:blood_immune	blood_immune | in_vivo_treatment_arms | conf=medium |  | n=109
SRP074042	genotype	shhcre;rfwd2 f/d	shhcre;rfwd2 f/+	tissue:lung	lung | genotype_comparison | conf=high |  | n=6
SRP074155	genotype/variation	chd8 asn2373lysfsx2 heterozygote mutation	wild type	tissue:brain_cns	brain_cns | genotype_comparison | conf=high |  | n=12
SRP074136	genotype/variation	mdr2-ko	mdr2-wt	ex:source_name=liver tissue;tissue:liver	liver | genotype_comparison | conf=high | tumor_tissue | n=16
SRP074146	genotype	socs3 cko	wild type	tissue:other	other | genotype_comparison | conf=medium |  | n=22
SRP074231	genotype	g6pd	wild type	tissue:heart	heart | genotype_comparison | conf=medium |  | n=6
SRP074295	genotype	homozygous far2 knock-out	wild-type	tissue:kidney	kidney | genotype_comparison | conf=high |  | n=6
SRP074209	genotype	nfatc1+/-; klf2fl/fl	wild type	tissue:heart	heart | genotype_comparison | conf=medium |  | n=8
SRP074330	genotype/variation	gtf2ird1 ko	wild type	tissue:other	other | genotype_comparison | conf=high |  | n=6
SRP074301	genotype	lap-tta; col1a1:tet-o-fosflag	single transgenic control lap-tta; col1a1:tet-o-fosflag	tissue:liver	liver | genotype_comparison | conf=high |  | n=16
SRP074361	genotype	chd8+/-	chd8+/+	in:age=postnatal day 5;tissue:brain_cns	brain_cns | genotype_comparison | conf=high |  | n=24
SRP074350	treatment	atrazine	control	in:tissue=testis;tissue:brain_cns	brain_cns | in_vivo_treatment_arms | conf=high |  | n=18
SRP074380	colonization status	conventionally raised (convr)	germ-free	tissue:liver	liver | in_vivo_treatment_arms | conf=high |  | n=15
SRP074412	genotype/variation	knockout	heterozygote	tissue:brain_cns	brain_cns | genotype_comparison | conf=medium | pooled_samples | n=7
SRP074378	colonization status	conventionalized (convd)	germ-free	in:supplement=none;tissue:liver	liver | in_vivo_treatment_arms | conf=high |  | n=9
SRP074611	genotype/variation	kdm6a deficient	wild type	tissue:brain_cns	brain_cns | genotype_comparison | conf=high |  | n=6
SRP074576	treatment	pic exosomes	control exosomes	in:treatment=pic exosomes;in:treatment=control exosomes;tissue:blood_immune	blood_immune | in_vivo_treatment_arms | conf=medium |  | n=10
SRP074626	genotype	dusp6(-/-)	wild-type	tissue:gut	gut | genotype_comparison | conf=high |  | n=19
SRP074487	genotype/variation	gad2-cre;rai1cko	wild type	in:tissue=striatum;tissue:brain_cns	brain_cns | genotype_comparison | conf=low |  | n=16
SRP074762	condition	hypoxia	control	tissue:muscle	muscle | in_vivo_treatment_arms | conf=high |  | n=9
SRP074831	trap1	transgenic	non-transgenic	tissue:reproductive	reproductive | genotype_comparison | conf=high |  | n=12
SRP074887	genotype	r6/2 cag200	wild type	in:treatment=vehicle;in:tissue=tibialis muscle;tissue:muscle	muscle | genotype_comparison | conf=high |  | n=80
SRP074838	transduction	aml1-eto + meis2	aml1-eto9a + meis2	ex:transduction=aml1-eto9a;tissue:blood_immune	blood_immune | genotype_comparison | conf=medium | tumor_tissue | n=8
SRP074717	treatment	pic exosomes	control exosomes	ex:treatment=25ug of filtered poly(i:c) ligand;ex:treatment=pbs;tissue:other	other | in_vivo_treatment_arms | conf=low |  | n=10
SRP075114	genotype/variation	nkx3.1 -/-	nkx3.1 +/+	tissue:reproductive	reproductive | genotype_comparison | conf=high |  | n=12
SRP075053	genotype	b6.runx1-delta/delta	b6.runx1-delta/+	tissue:blood_immune	blood_immune | genotype_comparison | conf=medium | tumor_tissue | n=8
SRP075052	cell type	runx1-flt3itd_aml	flt3itd_all	tissue:blood_immune	blood_immune | cell_type_or_region_comparison | conf=medium | tumor_tissue | n=12
SRP075245	genotype	wild type (single mutant)	control	in:tissue=kidney;tissue:kidney	kidney | genotype_comparison | conf=medium |  | n=10
SRP075249	pten genotype	fl/fl	wt/wt	in:source_name=primary tumor from hind limb;tissue:tumor	tumor | genotype_comparison | conf=high | tumor_tissue | n=19
SRP075258	genotype	xy amh-cre; sox9flox/flox	xy sox9flox/flox wildtype	in:tissue=testis;tissue:reproductive	reproductive | genotype_comparison | conf=high |  | n=9
SRP075332	genotype/variation	lsd1knock-out; ko	lsd1 floxed; control	tissue:adipose	adipose | genotype_comparison | conf=high |  | n=16
SRP075353	genotype/variation	eed-/-	wt	in:tissue/cell type=small intestinal crypts;tissue:gut	gut | genotype_comparison | conf=high |  | n=13
SRP075350	strain	il17rafl/fl-k13cre+	il17rafl/fl-k13cre-	in:treatment=infected;tissue:other	other | genotype_comparison | conf=medium |  | n=15
SRP075541	condition	iaki	control	in:region=whole kidney;tissue:kidney	kidney | in_vivo_treatment_arms | conf=medium |  | n=53
SRP075473	group	susceptible, saline-treated	control, saline-treated	in:brain region=prefrontal cortex;tissue:brain_cns	brain_cns | in_vivo_treatment_arms | conf=medium |  | n=99
SRP075573	housing	single	group	tissue:brain_cns	brain_cns | in_vivo_treatment_arms | conf=high |  | n=24
SRP075661	cell type	leukemia stem cells	counterparts for lscs from normal bone marrow	ex:source_name=gonadal adipose tissue;ex:source_name=peripheral blood;ex:source_name=spleen;tissue:blood_immune	blood_immune | between_subject_case_control | conf=medium | tumor_tissue | n=15
SRP075761	genotype/variation	emp2 knockout; emp2-/-	wild type; emp2+/+	tissue:reproductive	reproductive | genotype_comparison | conf=high |  | n=6
SRP075769	lps dosing	10 mg/kg i.p.	0 mg/kg i.p.	tissue:kidney	kidney | in_vivo_treatment_arms | conf=medium |  | n=12
SRP075814	treatment	tcdd	vehicle	tissue:liver	liver | in_vivo_treatment_arms | conf=medium |  | n=58
SRP075825	genotype/variation	setdb1 f/-; zp3-cre	setdb1 f/+; zp3-cre	tissue:reproductive	reproductive | genotype_comparison | conf=high | pooled_samples | n=10
SRP075894	disease_stage	stress_30day	control	tissue:brain_cns	brain_cns | in_vivo_treatment_arms | conf=high |  | n=20
SRP075833	strain	c57bl/6 foxp3-cre-yfp*c-rel f/f	c57bl/6 foxp3-cre-yfp	ex:source_name=wt treg + ptxf;tissue:other	other | genotype_comparison | conf=low |  | n=19
SRP075921	genotype	sclcre jak2v617f	sclecre	tissue:other	other | genotype_comparison | conf=medium |  | n=29
SRP075923	genotype	sclcre jak2v617f	sclcre	tissue:other	other | genotype_comparison | conf=medium |  | n=112
SRP075924	genotype	p65ko	wt	in:cell type=regulatory t cells;tissue:blood_immune	blood_immune | genotype_comparison | conf=medium |  | n=39
SRP076018	genotype	ko	wt	tissue:blood_immune	blood_immune | genotype_comparison | conf=medium |  | n=6
SRP076021	genotype	fkrpp448l-nsg	nsg	tissue:other	other | genotype_comparison | conf=medium |  | n=12
SRP076034	genotype	ko	wt	ex:genotype=gfp+;tissue:gut	gut | genotype_comparison | conf=high |  | n=14
SRP076019	strain	crelysmcasp8flox/flox	casp8flox/flox	in:cell type=alveolar macrophages;tissue:blood_immune	blood_immune | genotype_comparison | conf=medium |  | n=163
SRP076158	source_name	rnaseq_mut_p13	rnaseq_wt_p13	tissue:reproductive	reproductive | genotype_comparison | conf=medium |  | n=7
SRP076238	genotype	alphat-catenin ko	wildtype	tissue:brain_cns	brain_cns | genotype_comparison | conf=high |  | n=6
SRP076218	treatment	isoproterenol 10 mg/kg per day	control	subj:mouse id number;tissue:heart	heart | in_vivo_treatment_arms | conf=high |  | n=178
SRP076338	genotype/variation	nipp1 ko; ubc cre-ert2+/- ppp1r8 fl/-	nipp1 control; ubc cre-ert2+/- ppp1r8 fl/+	tissue:reproductive	reproductive | genotype_comparison | conf=high |  | n=8
SRP076391	genotype/variation	il-33-/-	wild type	in:tissue=brown adipose tissue;tissue:adipose	adipose | genotype_comparison | conf=high |  | n=15
SRP076406	genotype/variation	cugbp1 s302a	wt	tissue:liver	liver | genotype_comparison | conf=high | tumor_tissue | n=12
SRP076416	treatment	sibdnf	siscramble	tissue:brain_cns	brain_cns | in_vivo_treatment_arms | conf=high |  | n=12
SRP076421	genotype	otp-cre; cicflox/flox; rosafstrap	otp-cre; rosafstrap	tissue:brain_cns	brain_cns | genotype_comparison | conf=high |  | n=8
SRP076543	genotype/variation	alb-cre;rora f/f	rora f/f	tissue:liver	liver | genotype_comparison | conf=high |  | n=8
SRP076491	genotype/variation	nrl-egfp;nrlko	nrl-egfp	tissue:other	other | genotype_comparison | conf=medium |  | n=6
SRP076557	genotype	foxp1-shq1-flox/flox pten-flox/flox pb-cre4	pten-flox/flox pb-cre4	tissue:tumor	tumor | genotype_comparison | conf=high | tumor_tissue | n=24
SRP076586	genotype	polrmt -/-	polrmt +/+	tissue:heart	heart | genotype_comparison | conf=medium | targeted_assay_suspected | n=6
SRP076703	genotype/variation	citk -/-, p53 +/-	citk +/-, p53 +/-	tissue:brain_cns	brain_cns | genotype_comparison | conf=high |  | n=12
SRP076709	genotype	mrpp3^loxp/loxp, +/ckmm	mrpp3^loxp/loxp	tissue:heart	heart | genotype_comparison | conf=high |  | n=6
SRP076710	genotype	r106w	wt (tavi)	in:cell type=cortical excitatory neurons;in:age=6 week;tissue:brain_cns	brain_cns | genotype_comparison | conf=medium |  | n=46
SRP076721	genotype	brpf1-null	wildtype	tissue:liver	liver | genotype_comparison | conf=high | pooled_samples | n=8
SRP076811	source_name	post ccl4 i.p. 6wks + etoh treatment 4wks	post olive oil i.p. 6wks	tissue:kidney	kidney | in_vivo_treatment_arms | conf=medium |  | n=15
SRP076817	genotype/variation	zp407 transgenic	wild type	tissue:muscle	muscle | genotype_comparison | conf=high |  | n=10
SRP076841	genotype	ho	wt	in:mouse_line_experiment=dok3;tissue:gut	gut | genotype_comparison | conf=high |  | n=222
SRP076844	genotype/variation	auf1-null (ko)	wild type (wt)	tissue:muscle	muscle | genotype_comparison | conf=high |  | n=6
SRP076866	genotype/variation	fes ko	fes wt	tissue:tumor	tumor | genotype_comparison | conf=high | tumor_tissue | n=10
SRP076942	genotype	mir17-92 knockout	wildtype	tissue:brain_cns	brain_cns | genotype_comparison | conf=high |  | n=23
SRP076940	genotype/variation	firre knockout	wildtype	in:tissue=forelimb;tissue:other	other | genotype_comparison | conf=high |  | n=138
SRP077095	tissue	renal cortex (kidney tumor)	renal cortex (normal kidney)	tissue:brain_cns	brain_cns | genotype_comparison | conf=high | tumor_tissue | n=36
SRP077214	genotype	math1-cre;atr-loxp/loxp;bax-loxp/loxp;bak--/-	math1-cre;bax-loxp/loxp;bak--/-	tissue:brain_cns	brain_cns | genotype_comparison | conf=high |  | n=34
SRP077284	cell type	dnmt3a-null nicd t-all blasts	wt nicd t-all blasts	tissue:other	other | genotype_comparison | conf=high | tumor_tissue | n=10
SRP077508	genotype	df/df	n/df	tissue:reproductive	reproductive | genotype_comparison | conf=high |  | n=20
SRP077480	genotype	setd8fl/fl epor cre	setd8 +/+ eporcre	tissue:liver	liver | genotype_comparison | conf=medium |  | n=6
SRP077664	genotype	adiponectin-cre, hdac3 floxed	hdac3 floxed	tissue:adipose	adipose | genotype_comparison | conf=high |  | n=8
SRP077634	tissue	mammary tumor	normal mammary gland	tissue:reproductive	reproductive | between_subject_case_control | conf=high | tumor_tissue | n=23
SRP077667	genotype	tet2-/-, rhoa g17v	hd-delta-pest notch1, rhoa wt	tissue:tumor	tumor | genotype_comparison | conf=medium | tumor_tissue | n=21
SRP077732	source_name	sox2 ko stomach	sox2 wt stomach	tissue:gut	gut | genotype_comparison | conf=high |  | n=6
SRP077673	strain	r26-rtta; tet-yap	r26-rtta; wt	tissue:liver	liver | genotype_comparison | conf=medium | tumor_tissue | n=38
SRP077734	genotype	n1het_tercg2	n1wt_tercg2	tissue:other	other | genotype_comparison | conf=high |  | n=15
SRP077714	treatment	high fat diet	chow diet	tissue:liver	liver | in_vivo_treatment_arms | conf=high |  | n=8
SRP077894	isolate	mlp-ko	mlp-wt	subj:isolate;tissue:heart	heart | genotype_comparison | conf=medium |  | n=6
SRP077961	genotype	mrtf-a/b dko	wt	tissue:muscle	muscle | genotype_comparison | conf=high |  | n=12
SRP078057	genotype	mir-34a/b/c-/-;apcmin/+	mir-34a/b/c+/+;apcmin/+	tissue:gut	gut | genotype_comparison | conf=high | tumor_tissue;pooled_samples | n=6
SRP078058	genotype	homozygous mutant	heterozygous control	tissue:reproductive	reproductive | genotype_comparison | conf=high |  | n=8
SRP078061	genotype	ret null	wildtype	tissue:gut	gut | genotype_comparison | conf=high |  | n=12
SRP077994	genotype	zeb2 f/f; hgfap-cre	zeb2 f/+; hgfap-cre	tissue:brain_cns	brain_cns | genotype_comparison | conf=medium |  | n=6
SRP078062	genotype/variation	nrros ko	wt	in:primary tissue=brain;tissue:brain_cns	brain_cns | genotype_comparison | conf=medium |  | n=20
SRP078142	genotype/variation	ctcf cko	wild type	tissue:brain_cns	brain_cns | genotype_comparison | conf=high |  | n=6
SRP078070	genotype/variation	med1ko	wt	tissue:heart	heart | genotype_comparison | conf=high |  | n=8
SRP078198	line	high runner	control	tissue:brain_cns	brain_cns | genotype_comparison | conf=high |  | n=16
SRP078250	genotype/variation	homozygous for mutant b6nj allele (binge-prone; n/n)	homozygous for wild-type b6j allele (binge-resistant; j/j)	subj:sampleid;tissue:brain_cns	brain_cns | genotype_comparison | conf=high |  | n=64
SRP078270	genotype	pbxmndelta	control littermate	tissue:brain_cns	brain_cns | genotype_comparison | conf=medium | pooled_samples | n=24
SRP078313	cell type	cuscc	nonlesional,chronically uv-exposed skin (ns)	tissue:skin	skin | between_subject_case_control | conf=medium | tumor_tissue | n=18
SRP078340	treatment	sirna gsk3beta	vehicle	tissue:brain_cns	brain_cns | in_vivo_treatment_arms | conf=high |  | n=12
SRP078443	genotype	asxl2-/-	wild type	tissue:blood_immune	blood_immune | genotype_comparison | conf=high |  | n=6
SRP078380	genotype/variation	n/n; binge-prone	n/-; binge-resistant	subj:sampleid;tissue:brain_cns	brain_cns | genotype_comparison | conf=high |  | n=64
SRP078432	genotype	am ec ko	wild type	tissue:lung	lung | genotype_comparison | conf=high |  | n=7
SRP078502	genotype/variation	rag1-/-sgo1-/+	rag1-/-	tissue:lung	lung | genotype_comparison | conf=high |  | n=6
SRP078792	genotype/variation	kdm5c deficient	wild type	tissue:brain_cns	brain_cns | genotype_comparison | conf=high |  | n=6
SRP078862	genotype/variation	pi3kinase-gamma-null (p110g-/-)	wild type	in:cell type=cd11b+gr1- cells isolated from tumor;tissue:tumor	tumor | genotype_comparison | conf=high | tumor_tissue | n=20
SRP078915	genotype	uhrf1 -/-	uhrf1 +/-	tissue:brain_cns	brain_cns | genotype_comparison | conf=high |  | n=6
SRP078916	genotype	uhrf1 -/-	uhrf1 +/-	tissue:brain_cns	brain_cns | genotype_comparison | conf=high |  | n=6
SRP078918	genotype	foxp3cre-ert2rosa26stat5bca	foxp3cre-ert2	in:cell type=cd4+foxp3+gitrhicd25hi cells;tissue:other	other | genotype_comparison | conf=medium | pooled_samples | n=88
SRP079140	nr5a2 genotype	+/-	+/+	in:treatment=saline;tissue:other	other | genotype_comparison | conf=medium |  | n=33
SRP079382	genotype/variation	hp1a-/-, hp1gliver-/-	wt	tissue:liver	liver | genotype_comparison | conf=high |  | n=9
SRP079693	genotype	arid4b-/flox; amh-cre	arid4b+/flox; amh-cre	tissue:other	other | genotype_comparison | conf=high | pooled_samples | n=6
SRP079698	genotype	akvpsl	akvpl	in:sort=gfp+;tissue:other	other | genotype_comparison | conf=medium | tumor_tissue | n=16
SRP079900	infection	chronic	acute	ex:infection=none;in:celltype=p14 cd8+ t cells;tissue:other	other | in_vivo_treatment_arms | conf=medium |  | n=37
SRP080111	genotype/variation	tspo knockout (ko)	wild type (wt)	tissue:lung	lung | genotype_comparison | conf=high | pooled_samples | n=6
SRP080121	genotype	fxr-/-	wild-type	tissue:reproductive	reproductive | genotype_comparison | conf=high |  | n=10
SRP080140	phenotype	initial chronic e. coli infection	spontaneously resolved initial e. coli infection	tissue:other	other | between_subject_case_control | conf=high |  | n=17
SRP080322	genotype	mll-enl inducible ki	wild type/control	tissue:blood_immune	blood_immune | genotype_comparison | conf=medium | tumor_tissue | n=12
SRP080147	genotype	zbtb1 mutant	wildtype	in:co-culture treatment=d0;tissue:other	other | genotype_comparison | conf=medium |  | n=19
SRP080323	genotype	pax5etv6/+	wt	in:source_name=pro-b;ex:cell preparation=short-time culture;tissue:other	other | genotype_comparison | conf=medium |  | n=24
SRP080326	niche genotype	wnt5a	wt	in:source_name=lsk progenitor cell;tissue:other	other | genotype_comparison | conf=medium |  | n=29
SRP080947	genotype	smoc2 transgenic	wildtype	tissue:kidney	kidney | genotype_comparison | conf=high |  | n=14
SRP080864	treatment	stress	control	in:genotype/variation=wt;tissue:brain_cns	brain_cns | in_vivo_treatment_arms | conf=high |  | n=24
SRP080961	exposure	0.2 mg/kg bde-47	vehicle	in:time point=postnatal week 20;tissue:liver	liver | in_vivo_treatment_arms | conf=high |  | n=72
SRP081004	source_name	adult_dko_hepatocyte	adult_control_hepatocyte	ex:source_name=young_wt_hepatocyte;ex:source_name=newborn_wt_hepatocyte;tissue:liver	liver | genotype_comparison | conf=medium |  | n=24
SRP081104	genotype	ompigf1 (ko)	ompflfl (ctrl)	tissue:other	other | genotype_comparison | conf=high |  | n=8
SRP081089	genotype	bcl6f/f cd4cre	wild type	tissue:blood_immune	blood_immune | genotype_comparison | conf=medium |  | n=23
SRP081108	genotype/variation	adipoqcre lkb1 f/f	lkb1 f/f	tissue:adipose	adipose | genotype_comparison | conf=high |  | n=30
SRP081141	genotype/variation	knock out	control	tissue:reproductive	reproductive | genotype_comparison | conf=high | pooled_samples | n=8
SRP081219	diet	high fat/high sucrose	low fat/low sucrose	tissue:liver	liver | in_vivo_treatment_arms | conf=high |  | n=14
SRP081207	treatment	lps challenge	sham control	in:tissue=decidua;tissue:other	other | in_vivo_treatment_arms | conf=high |  | n=48
SRP081203	follicle source	transplanted fgscs	wt mice	tissue:reproductive	reproductive | in_vivo_treatment_arms | conf=medium |  | n=8
SRP081294	genotype	tshz3 mutant	wild type	tissue:brain_cns	brain_cns | genotype_comparison | conf=high | pooled_samples | n=6
SRP081242	genotype	uhrf1-/-	wild type	in:cell type=hsc(lsk);tissue:liver	liver | genotype_comparison | conf=high |  | n=7
SRP081282	source_name	superficial and intermediate cells from upk3agce;mcherry mouse 24h after infection with e. coli	superficial and intermediate cells from an adult mouse	tissue:other	other | in_vivo_treatment_arms | conf=medium |  | n=14
SRP081443	genotype/variation	lrfffthpokff foxp3 cre-yfp/x	wt foxp3 cre-yfp/x	in:phenotype=yfp+mhcii-;tissue:other	other | genotype_comparison | conf=medium |  | n=8
SRP082141	treatment	gsk-lsd1 0.5 mg/kg x 45 days	pbs 100 μl x 45 days	in:cell type=b cells;tissue:blood_immune	blood_immune | in_vivo_treatment_arms | conf=high |  | n=24
SRP082219	genotype/variation	endoa1a2a3 triple ko (tko)	kowtko littermate controls	in:age=p0;tissue:brain_cns	brain_cns | genotype_comparison | conf=high |  | n=49
SRP081655	source_name	magohmos2/+	wildtype	in:source_name=magohmos2/+;in:source_name=wildtype;tissue:brain_cns	brain_cns | genotype_comparison | conf=medium |  | n=20
SRP082142	treatment	h1n1 influenza infected	naïve	tissue:lung	lung | in_vivo_treatment_arms | conf=low | pooled_samples | n=8
SRP082367	cre status	pos	neg	tissue:blood_immune	blood_immune | genotype_comparison | conf=high |  | n=12
SRP082357	genotype	huwe1 ko (mx1-cre)	wild type	tissue:blood_immune	blood_immune | genotype_comparison | conf=high |  | n=16
SRP082273	genotype	ppfpthy;ptenthy-/-	ptenthy-/-	in:treatment=control diet;tissue:other	other | genotype_comparison | conf=high | tumor_tissue | n=19
SRP082369	genotype/variation	gata1-hsc overexpressing (mg-g1)	wild type	tissue:blood_immune	blood_immune | genotype_comparison | conf=high |  | n=6
SRP082377	genotype	double transgenic mice (1256[3emut]mck-rtta+, tre-myrakt1+ )	single transgenic mice (1256[3emut]mck-rtta+)	tissue:muscle	muscle | genotype_comparison | conf=high |  | n=8
SRP082385	gestation stage	late-gestation	mid-gestation (e15)	tissue:other	other | between_subject_case_control | conf=medium |  | n=8
SRP082496	genotype	tnip1-/-	tnip1+/+	tissue:skin	skin | genotype_comparison | conf=high |  | n=6
SRP082451	genotype	kdm5c -/- (ko)	wild-type	in:treatment=non-treated;tissue:brain_cns	brain_cns | genotype_comparison | conf=medium | pooled_samples | n=24
SRP082520	genotype	cx3cr1 cx43-/-	control	tissue:other	other | genotype_comparison | conf=medium |  | n=9
SRP082562	aav8	cre	gfp	tissue:liver	liver | in_vivo_treatment_arms | conf=medium |  | n=17
SRP082572	day post immunization	9-dpi	naïve	tissue:blood_immune	blood_immune | in_vivo_treatment_arms | conf=medium |  | n=7
SRP082566	treated with	cocaine	saline	ex:source_name=e2f3a_sal_brain;tissue:brain_cns	brain_cns | in_vivo_treatment_arms | conf=medium |  | n=11
SRP082982	selection	selected	control	subj:mouse_behavior_id;tissue:brain_cns	brain_cns | genotype_comparison | conf=high |  | n=31
SRP082974	genotype	stat3f/f k5cre	k5cre	tissue:skin	skin | genotype_comparison | conf=high |  | n=24
SRP082985	dose	3.5 g/l	0 g/l	tissue:liver	liver | dose_response | conf=high |  | n=24
SRP083074	inoculum	tritrichomonas musculis	none (control)	in:tissue type=total colonic tissue;tissue:gut	gut | in_vivo_treatment_arms | conf=high |  | n=40
SRP083848	genotype	ptf1a(creer/fl)	ptf1a(creer/+)	tissue:other	other | genotype_comparison | conf=high |  | n=8
SRP083760	diet	ain-93g high iron diet (1000 ppm)	ain-93g sufficient iron diet (37.5 ppm)	tissue:liver	liver | in_vivo_treatment_arms | conf=high |  | n=9
SRP083759	genotype	snf2h cko	control	tissue:brain_cns	brain_cns | genotype_comparison | conf=medium |  | n=8
SRP083850	genotype	mbd3-deltah/deltah	mbd3-flox/flox	in:tissue=haematopoietic stem cells (hscs);subj:replicate;tissue:other	other | genotype_comparison | conf=high |  | n=40
SRP083914	treatment	imq	control	tissue:skin	skin | in_vivo_treatment_arms | conf=high |  | n=56
SRP083959	treatment	4oc 7 days	room termperature	in:tissue=brown fat;tissue:adipose	adipose | in_vivo_treatment_arms | conf=medium |  | n=16
SRP086702	treatment	aso hnrnpa2/b1	saline	tissue:brain_cns	brain_cns | in_vivo_treatment_arms | conf=high |  | n=7
SRP087434	genotype/variation	pkd1f/f:hoxb7-cre	pkd1f/f	tissue:kidney	kidney | genotype_comparison | conf=high |  | n=36
SRP087440	genotype	muscle-specific estrogen receptor alpha -/-	wild type	tissue:muscle	muscle | genotype_comparison | conf=high |  | n=6
SRP086630	genotype	3q21q26::gata2+/- (evi1gata2)	3q21q26 (evi1)	tissue:blood_immune	blood_immune | genotype_comparison | conf=high | tumor_tissue | n=6
SRP087467	mir-155 status	homozygous deletion of mir-155	wild type mir-155	tissue:blood_immune	blood_immune | genotype_comparison | conf=high | pooled_samples | n=6
SRP087641	treatment	anti-pd-l1-day1	untreated-day1	in:treatment=anti-pd-l1-day1;in:treatment=untreated-day1;tissue:blood_immune	blood_immune | in_vivo_treatment_arms | conf=medium |  | n=13
SRP087741	exposed to	1,3-butadiene (bd)	clean-air	tissue:lung	lung | in_vivo_treatment_arms | conf=high |  | n=24
SRP087889	genotype/variation	rag1 -/-	c57bl/6	tissue:other	other | genotype_comparison | conf=medium |  | n=12
SRP087718	treatment	e2	oil	tissue:other	other | in_vivo_treatment_arms | conf=high |  | n=18
SRP087890	strain	il-17ra flox scgb1a1-cre+	il-17ra flox scgb1a1-cre-	tissue:other	other | genotype_comparison | conf=high |  | n=8
SRP089713	diet	high fat diet	chow	in:tissue=epididymal white adipose tissue;tissue:adipose	adipose | in_vivo_treatment_arms | conf=medium |  | n=75
SRP089818	genotype	gprc5a knockout	wt	tissue:tumor	tumor | genotype_comparison | conf=high | tumor_tissue | n=6
SRP089776	genotype/variation	pir+ ko	pir+ wt	tissue:liver	liver | genotype_comparison | conf=medium |  | n=24
SRP089860	genotype	nfia fl/fl; pdx1-cre	control (wildtype, nfia fl/+, nfia fl/fl)	tissue:other	other | genotype_comparison | conf=high | pooled_samples | n=16
SRP089881	genotype/variation	ncor1 intestinal ko	wild type	tissue:gut	gut | genotype_comparison | conf=high | pooled_samples | n=12
SRP089943	genotype	mutgck(y214c)	wild type	tissue:other	other | genotype_comparison | conf=high |  | n=12
SRP089925	treatment	dt	nacl	tissue:skin	skin | in_vivo_treatment_arms | conf=high |  | n=6
SRP089973	isolate	rd1	wild type	tissue:brain_cns	brain_cns | genotype_comparison | conf=high |  | n=8
SRP090022	inoculation	b29	lb	tissue:gut	gut | in_vivo_treatment_arms | conf=high |  | n=24
SRP090059	genotype	aav-so11	aav-plap	tissue:brain_cns	brain_cns | in_vivo_treatment_arms | conf=high |  | n=6
SRP090064	strain	5xfad	wild-type nmri	tissue:brain_cns	brain_cns | genotype_comparison | conf=medium |  | n=19
SRP090141	genotype	en1+/cre;ptpn11f/f	ptpn11+/f	tissue:brain_cns	brain_cns | genotype_comparison | conf=medium |  | n=28
SRP090192	treatment	mrl-871	vehicle	in:sample type=in vivo;tissue:other	other | in_vivo_treatment_arms | conf=medium |  | n=31
SRP090295	genotype/variation	pld4-/-	pld4+/+	in:time=day 10;tissue:kidney	kidney | genotype_comparison | conf=high |  | n=24
SRP090281	genotype/variation	mef2c cko (mef2cfl/fl; emx1-cre)	control (mef2cfl/fl)	tissue:brain_cns	brain_cns | genotype_comparison | conf=high |  | n=6
SRP090301	strain	mrl/lpr-tnfrsf6lpr; mrl/lpr lupus model mice	c57bl/6j	tissue:blood_immune	blood_immune | genotype_comparison | conf=medium |  | n=20
SRP090360	strain	bmal1 knockout	c57bl/6	tissue:liver	liver | genotype_comparison | conf=medium |  | n=20
SRP090469	genotype	rpl13a snorna knockout on c57bl/6 background	wildtype c57bl/6	tissue:other	other | genotype_comparison | conf=high |  | n=8
SRP090395	genotype	grk2 fl/fl grk5 fl/fl grk6 ko/ko nkx2.5cre	grk2 wt/wt grk5 wt/wt grk6 wt/wt no cre	tissue:heart	heart | genotype_comparison | conf=high |  | n=23
SRP090397	treatment	no-wheel/2-bottle choice ethanol	no-wheel/water only	subj:isolate;tissue:brain_cns	brain_cns | in_vivo_treatment_arms | conf=high |  | n=24
SRP090477	genotype/variation	asn2373lysfsx2 heterozygote	wild type	tissue:brain_cns	brain_cns | genotype_comparison | conf=high |  | n=12
SRP090476	genotype	neo/neo	wt	tissue:other	other | genotype_comparison | conf=high |  | n=20
SRP090558	protocol	i.v. injection of 3prna 24h prior to irradiation, isolation of small intestine 12h after irradiation	isolation of small intestine 12h after irradiation	tissue:gut	gut | in_vivo_treatment_arms | conf=high |  | n=45
SRP090515	genotype	hoxa9 knock-out	wildtype	tissue:muscle	muscle | genotype_comparison | conf=medium |  | n=12
SRP090572	tissue	tumor	normal	tissue:tumor	tumor | genotype_comparison | conf=high | tumor_tissue | n=104
SRP090574	genotype	cko	control	tissue:kidney	kidney | genotype_comparison | conf=high |  | n=8
SRP090702	genotype	mip-creer; pax6lox/lox; rosa26-lsl-yfp	wt (mip-creer; rosa26-lsl-yfp)	tissue:other	other | genotype_comparison | conf=high |  | n=7
SRP090688	treatment	tcdd	vehicle	tissue:liver	liver | dose_response | conf=high |  | n=54
SRP090729	treatment	tcdd	vehicle	tissue:gut	gut | dose_response | conf=high |  | n=54
SRP090770	genotype	myc-/-	wt	in:source_name=hepatoblastoma tumor;tissue:liver	liver | genotype_comparison | conf=high | tumor_tissue | n=48
SRP090817	treatment	hfd	chow	tissue:liver	liver | in_vivo_treatment_arms | conf=high |  | n=12
SRP090789	genotype	wild type reserve ko	wild type reserve	tissue:blood_immune	blood_immune | genotype_comparison | conf=medium |  | n=18
SRP090809	source_name	interstitial macrophage hypoxia day 14	interstitial macrophage sea level	in:tissue compartment=interstitial;tissue:blood_immune	blood_immune | in_vivo_treatment_arms | conf=medium |  | n=17
SRP090754	timepoint	11	0	in:tissue=splenic white pulp;tissue:blood_immune	blood_immune | time_course | conf=medium |  | n=184
SRP090822	genotype/variation	runx2+/-	wildtype	tissue:other	other | genotype_comparison | conf=high |  | n=12
SRP090922	antibody treatment	anti-ly6g	control igg	tissue:lung	lung | in_vivo_treatment_arms | conf=high | tumor_tissue | n=12
SRP090933	genotype	rtp1 and rtp2 -/-	wild type	tissue:other	other | genotype_comparison | conf=high |  | n=6
SRP090877	genotype	brn3b^ap/ko	brn3b^ap/wt	in:cell type=ap positive rgc;in:tissue=retina;tissue:brain_cns	brain_cns | genotype_comparison | conf=low | pooled_samples | n=27
SRP090924	cohort	wr	uninfected	in:source_name=lung;in:experiment id=exp1;subj:mouse id;tissue:other	other | in_vivo_treatment_arms | conf=medium |  | n=737
SRP090989	genotype/variation	ldlr-/- / mc4r-/-	ldlr+/+ / mc4r+/+	tissue:liver	liver | genotype_comparison | conf=high |  | n=85
SRP091374	genotype/variation	tie2-cre slc7a5 fl/fl; slc7a5-ko	tie2-cre slc7a5 fl/+; wild type	tissue:brain_cns	brain_cns | genotype_comparison | conf=high |  | n=6
SRP091317	genotype	rbm20-het	wt	tissue:heart	heart | genotype_comparison | conf=medium |  | n=12
SRP091394	treatment	antagomir-122 and cl316243	antagomir-control and cl316243	tissue:liver	liver | in_vivo_treatment_arms | conf=high |  | n=8
SRP091367	condition	bu_tx	adult	tissue:brain_cns	brain_cns | in_vivo_treatment_arms | conf=medium |  | n=17
SRP091388	strain	c3h/hej	c57bl/6j	in:treatment=uninjured;tissue:heart	heart | genotype_comparison | conf=medium |  | n=11
SRP091437	tumor	nras dependent	nras independent	tissue:other	other | between_subject_case_control | conf=medium | tumor_tissue | n=18
SRP091540	agent	cadmium	control	in:source_name=sperm;tissue:other	other | in_vivo_treatment_arms | conf=medium |  | n=10
SRP091665	genotype	ko	wt	in:tissue=testes;ex:tissue=embryonic fibroblasts;tissue:other	other | genotype_comparison | conf=high |  | n=78
SRP091781	status	adrenalectomized	sham-operated	tissue:other	other | in_vivo_treatment_arms | conf=high |  | n=36
SRP091722	sample type	engrafted with aml patient-derived cells	engrafted with control human cb cells	tissue:blood_immune	blood_immune | in_vivo_treatment_arms | conf=high |  | n=24
SRP091788	genotype/variation	lcn2-/-	wild type	tissue:brain_cns	brain_cns | genotype_comparison | conf=high |  | n=16
SRP091782	sample_source	tumor-associated microglia	naive microglia	in:tissue=brain;tissue:brain_cns	brain_cns | between_subject_case_control | conf=medium | tumor_tissue;pooled_samples | n=12
SRP091724	genotype	ubc-creert2; igf1rfl/fl (igf1r-deficient mice)	igf1rfl/fl (normal/control)	tissue:lung	lung | genotype_comparison | conf=high |  | n=6
SRP091793	tissue	breast tumor	normal mammary gland	tissue:tumor	tumor | between_subject_case_control | conf=medium | tumor_tissue | n=8
SRP091843	genotype	whsc1-/-	wt	tissue:blood_immune	blood_immune | genotype_comparison | conf=high |  | n=8
SRP091872	strain	transnuclear mouse strain rop7-i	transnuclear mouse strain rop7-ii	tissue:other	other | genotype_comparison | conf=medium |  | n=9
SRP091863	phenotype	exhausted	naive	tissue:blood_immune	blood_immune | in_vivo_treatment_arms | conf=medium |  | n=16
SRP091809	vac + mtb-infected + dc transfer	1	1	tissue:lung	lung | in_vivo_treatment_arms | conf=low |  | n=9
SRP091875	treatment	nb	pbs	in:cell population=cd11c int, mhcii hi, cd11b+;tissue:skin	skin | in_vivo_treatment_arms | conf=medium | pooled_samples | n=92
SRP091917	treatment	h2b antigens from c57bl/6 mice	untreated	tissue:blood_immune	blood_immune | in_vivo_treatment_arms | conf=medium |  | n=12
SRP091955	treatment	acetaminophen	none	tissue:reproductive	reproductive | in_vivo_treatment_arms | conf=high |  | n=12
SRP091938	condition	ehmt1 +/-	ehmt1 wild type	in:age=p30;tissue:brain_cns	brain_cns | genotype_comparison | conf=high |  | n=96
SRP091933	genotype	gcgr-/-	gcgr+/+	in:treatment=pbs;tissue:liver	liver | genotype_comparison | conf=medium |  | n=9
SRP092258	treatment	high fat western diet	chow diet	tissue:liver	liver | in_vivo_treatment_arms | conf=high |  | n=14
SRP092346	genotype	plcgamma1-/-plcgamma2-/-	plcgamma1+/+plcgamma2+/+	in:cell population=clp;tissue:blood_immune	blood_immune | genotype_comparison | conf=high |  | n=96
SRP092356	treatment	mycobacterium avium infection	naïve	tissue:blood_immune	blood_immune | in_vivo_treatment_arms | conf=high |  | n=6
SRP092427	tissue	tumor	tibialis anterior (ta) muscle	tissue:muscle	muscle | between_subject_case_control | conf=medium | tumor_tissue | n=6
SRP092442	treatment	tcdd	vehicle	tissue:other	other | dose_response | conf=high |  | n=54
SRP092472	diet	10.00 g/kg bw ras supplementation	control	tissue:adipose	adipose | in_vivo_treatment_arms | conf=high |  | n=6
SRP092451	genotype	ezh2cko	wt	ex:cell subpopulation=nccprogenitors;tissue:blood_immune	blood_immune | genotype_comparison | conf=medium |  | n=47
SRP092412	genotype/variation	cd19cre/wtdnmt3afl/fldnmt3bfl/fl	cd19wt/wtdnmt3afl/fldnmt3bfl/fl	in:cell type=naive b cell (b220+ fas- gl7-);tissue:blood_immune	blood_immune | genotype_comparison | conf=high |  | n=60
SRP092532	genotype	ps2app	non-transgenic wild type	tissue:brain_cns	brain_cns | genotype_comparison | conf=high |  | n=15
SRP092537	genotype/variation	jnk-/-	wild type	in:time of involution=3 days;tissue:reproductive	reproductive | genotype_comparison | conf=high |  | n=12
SRP092552	genotype	q175 homozygous knock-in	wild type	in:tissue=striatum;in:treatment=vehicle;tissue:brain_cns	brain_cns | genotype_comparison | conf=high |  | n=90
SRP092644	drug treatment	cocaine	control	tissue:brain_cns	brain_cns | in_vivo_treatment_arms | conf=medium | pooled_samples | n=12
SRP092799	genotype/variation	ret_null	wildtype	tissue:gut	gut | genotype_comparison | conf=high |  | n=24
SRP092906	genotype	rpm	rpr2	tissue:lung	lung | genotype_comparison | conf=high | tumor_tissue | n=14
SRP093233	genotype	kspcre; pkd1 f/rc mir17~92 f/f	kspcre; pkd1 f/rc	tissue:kidney	kidney | genotype_comparison | conf=high |  | n=6
SRP092900	condition	dko	wt	in:cell type=fap;tissue:muscle	muscle | genotype_comparison | conf=medium |  | n=20
SRP093175	treatment	ova + lps	ova + cfa	tissue:blood_immune	blood_immune | in_vivo_treatment_arms | conf=high |  | n=6
SRP093237	genotype	cebpa ko	wt	in:source_name=pregm;tissue:blood_immune	blood_immune | genotype_comparison | conf=medium |  | n=24
SRP093261	genotype/variation	vhl(flox/flox) / nkx2.5(cre/+)	vhl(flox/flox) / nkx2.5(+/+)	tissue:heart	heart | genotype_comparison | conf=high |  | n=6
SRP093260	genotype	myb fl/fl cd23-cre t/+	myb fl/fl (no cre)	tissue:blood_immune	blood_immune | genotype_comparison | conf=medium | pooled_samples | n=12
SRP093269	genotype/variation	lats1,2 deletion	wild type	tissue:skin	skin | genotype_comparison | conf=high |  | n=14
SRP093280	genotype/variation	l2hgdh-ko; l2hgdh-/-	wild type	tissue:brain_cns	brain_cns | genotype_comparison | conf=high |  | n=6
SRP093283	genotype/variation	hmgb1 deleted (hgmb1dhep)	floxed control (hgmb1fl/fl)	in:tissue=liver tumor;tissue:liver	liver | genotype_comparison | conf=high | tumor_tissue | n=15
SRP093302	genotype	arf+/+; p53f/f; ptenf/f	arf+/+; p53+/+; pten+/+	tissue:other	other | genotype_comparison | conf=medium | tumor_tissue | n=24
SRP093326	genotype	u2af1(s34f)/rtta doxycycline-inducible transgenic mice	u2af1(wt)/rtta doxycycline-inducible transgenic mice	in:treatment=vehicle treatment;tissue:blood_immune	blood_immune | genotype_comparison | conf=high |  | n=20
SRP093288	early life condition	els p10-20	standard	ex:source_name=ventral tegmental area (brain);in:source_name=nac;tissue:other	other | in_vivo_treatment_arms | conf=medium | pooled_samples | n=187
SRP093363	disease	obesity	n/a	tissue:gut	gut | in_vivo_treatment_arms | conf=medium | tumor_tissue | n=12
SRP093627	genotype	gcgr-/-	gcgr+/+	tissue:other	other | genotype_comparison | conf=high |  | n=6
SRP093615	treatment	tcdd	vehicle	tissue:gut	gut | dose_response | conf=high |  | n=54
SRP093645	construct	mir-203	gfp	tissue:brain_cns	brain_cns | in_vivo_treatment_arms | conf=high |  | n=22
SRP093648	treatment	wy-14,643	control	subj:isolate;tissue:liver	liver | in_vivo_treatment_arms | conf=high |  | n=24
SRP093647	genotype	cdx2f/f::ahcreert	wt	in:tissue=cecum;tissue:gut	gut | genotype_comparison | conf=medium |  | n=24
SRP093638	cell types	adult skin epidermal stem cells after wounding	adult skin epidermal stem cells	tissue:skin	skin | between_subject_case_control | conf=medium | tumor_tissue | n=54
SRP093668	source_name	cic lof t-all	wildtype thymus	tissue:other	other | genotype_comparison | conf=medium | tumor_tissue | n=15
SRP093745	genotype	arxdup24/0	arxwt/0	tissue:brain_cns	brain_cns | genotype_comparison | conf=high |  | n=6
SRP093733	source_name	colon tumor	healthy lamina propria	in:cell type=monocytes;subj:donorid;tissue:blood_immune	blood_immune | between_subject_case_control | conf=medium | tumor_tissue | n=24
SRP093797	genotype/variation	phf8 ko	wild type	in:tissue/cell type=prefrontal cortex;tissue:other	other | genotype_comparison | conf=medium |  | n=22
SRP093818	source_name	glioma ec	normal brain ec	tissue:brain_cns	brain_cns | between_subject_case_control | conf=medium | tumor_tissue;pooled_samples | n=6
SRP093912	disease stage	nash liver	healthy fatty liver	tissue:liver	liver | between_subject_case_control | conf=high | tumor_tissue | n=41
SRP093835	source_name	epcam+ embryonic intestinal epithelial cells_e11.5 from id2ko	epcam+ embryonic intestinal epithelial cells_e11.5	in:developmental stage=embryonic day 11.5;tissue:gut	gut | genotype_comparison | conf=medium |  | n=41
SRP093925	genotype	hdac3betako	hdac3f/f;cre;veh	tissue:other	other | genotype_comparison | conf=medium |  | n=26
SRP094023	genotype	nptx2 knockout	wild type	tissue:brain_cns	brain_cns | genotype_comparison | conf=high |  | n=32
SRP094057	genotype/variation	satb1-/- hb9	wt hb9	tissue:brain_cns	brain_cns | genotype_comparison | conf=high |  | n=10
SRP094101	genotype	hepatic fto knockout	wildtype control	tissue:liver	liver | genotype_comparison | conf=high |  | n=6
SRP094068	strain	dba/2j	d2-gpnmb+	in:treatment=water control;tissue:brain_cns	brain_cns | genotype_comparison | conf=medium |  | n=61
SRP094108	transgenic	tg	wt	in:tissue=hippocampus;tissue:brain_cns	brain_cns | genotype_comparison | conf=high |  | n=277
SRP094428	genotype	hepatic foxo1 knockout	wildtype control	tissue:liver	liver | genotype_comparison | conf=high |  | n=8
SRP094485	genotype	hoxa9,10,11-/- hoxc9,10,11-/-	wild type	tissue:kidney	kidney | genotype_comparison | conf=high |  | n=12
SRP094566	source_name	whole ear_mc903	whole ear_control	tissue:skin	skin | in_vivo_treatment_arms | conf=high |  | n=8
SRP094547	genotype/variation	acss2 knockdown	wt	tissue:brain_cns	brain_cns | genotype_comparison | conf=medium |  | n=8
SRP094569	genotype/variation	cdc73/hrpt2 ko	wildtype	tissue:other	other | genotype_comparison | conf=high |  | n=6
SRP094567	genotype	are-del +/-	are-del +/+	tissue:tumor	tumor | genotype_comparison | conf=medium | tumor_tissue | n=30
SRP094570	genotype	ptenf/f;rb1f/f	ptenf/f	in:source_name=prostate;tissue:tumor	tumor | genotype_comparison | conf=high | tumor_tissue | n=27
SRP094587	stress	spinal cord injury	none	in:tissue=brain meninges;tissue:brain_cns	brain_cns | in_vivo_treatment_arms | conf=medium | pooled_samples | n=53
SRP094648	genotype	kif1bb fl/fl : dbhcre +/-	kif1bb fl/fl : dbhcre -/-	tissue:brain_cns	brain_cns | genotype_comparison | conf=high |  | n=8
SRP094656	genotype	rb null, tet-mycn	rb null	tissue:brain_cns	brain_cns | genotype_comparison | conf=high |  | n=8
SRP094627	group	deprived	control	tissue:brain_cns	brain_cns | in_vivo_treatment_arms | conf=medium |  | n=32
SRP094678	strain	vav bcl2	c57bl/6	subj:isolate;tissue:brain_cns	brain_cns | genotype_comparison | conf=medium |  | n=15
SRP094696	condition	sporadic creutzfeldt-jakob mm1 challenged mouse	control challenged mouse	tissue:brain_cns	brain_cns | in_vivo_treatment_arms | conf=high |  | n=16
SRP094700	source_name	h3atko	floxed	tissue:adipose	adipose | genotype_comparison | conf=medium | pooled_samples | n=6
SRP094777	genotype	egr1-/-	wild-type	tissue:adipose	adipose | genotype_comparison | conf=high |  | n=6
SRP094779	type	obese	lean	tissue:kidney	kidney | between_subject_case_control | conf=high |  | n=57
SRP094736	genotype	hwt_tko	hwt_twt	tissue:gut	gut | genotype_comparison | conf=medium | tumor_tissue | n=20
SRP094796	agent	rosi	control	in:tissue=iwat;tissue:adipose	adipose | in_vivo_treatment_arms | conf=medium |  | n=64
SRP094831	genotype	gas2l3 -/-	wildtype	tissue:heart	heart | genotype_comparison | conf=high |  | n=24
SRP094864	treatment	spared nerve injury model (sni)	sham surgery	in:tissue=brain (adult nucleus accumbens);tissue:brain_cns	brain_cns | in_vivo_treatment_arms | conf=high |  | n=36
SRP094853	treatment	ethanol	control (water)	in:cell type=microglia;tissue:brain_cns	brain_cns | in_vivo_treatment_arms | conf=high |  | n=48
SRP094855	genotype	vav1-icre;brca1f22-24/f22-24	c57bl6	subj:source_name;tissue:other	other | genotype_comparison | conf=high |  | n=14
SRP094897	genotype/variation	arid1b +/-	wt	tissue:brain_cns	brain_cns | genotype_comparison | conf=high |  | n=8
SRP094952	condition	irf4-/-	irf4+/+	tissue:other	other | genotype_comparison | conf=medium |  | n=15
SRP094984	genotype	nanci-creert2:rfp/+:nkx2.1-gfp/+	nanci-+/+	in:age=e18.5;tissue:lung	lung | genotype_comparison | conf=high |  | n=22
SRP095117	condition	ic treated with 10^6 npcs in pbs 10μl	ic treated with pbs 10μl	tissue:other	other | in_vivo_treatment_arms | conf=high | pooled_samples | n=8
SRP095091	genotype	cd28-/-	wild type	tissue:other	other | genotype_comparison | conf=medium |  | n=18
SRP095184	genotype	ns-dadm	wt	tissue:brain_cns	brain_cns | genotype_comparison | conf=high |  | n=6
SRP095191	treatment	ethanol	control (water)	in:cell type=total homogenate;tissue:brain_cns	brain_cns | in_vivo_treatment_arms | conf=medium |  | n=180
SRP095239	diet	16 week high-fat diet	chow diet	in:treatment=no insulin/metformin treatment;tissue:liver	liver | in_vivo_treatment_arms | conf=medium |  | n=62
SRP095348	genotype	plag1-/-	plag1+/+	in:tissue=testis;tissue:other	other | genotype_comparison | conf=medium |  | n=24
SRP095370	diet	high fat	normal	tissue:other	other | in_vivo_treatment_arms | conf=high |  | n=6
SRP095406	condition	pten knockout	control	tissue:other	other | genotype_comparison | conf=high |  | n=6
SRP095528	genotype/variation	gps2-/-	wildtype	tissue:blood_immune	blood_immune | genotype_comparison | conf=high |  | n=6
SRP095488	genotype	nkx3.1creert2/+;ptenflox/flox;p53flox/flox;rosaeyfp/+	nkx3.1creert2/+	tissue:reproductive	reproductive | genotype_comparison | conf=medium | tumor_tissue | n=29
SRP095547	source_name	18hpl mouse olfactory epithelium	nml mouse olfactory epithelium	tissue:other	other | in_vivo_treatment_arms | conf=medium | pooled_samples | n=6
SRP095599	genotype	db/db (obese)	wt	tissue:blood_immune	blood_immune | genotype_comparison | conf=high |  | n=6
SRP095617	treatment	saline (25µl/g, daily)	untreated	in:age=post natal day 14;tissue:lung	lung | in_vivo_treatment_arms | conf=high |  | n=188
SRP095733	genotype	klf2 and klf4 double knockout	cre control	tissue:heart	heart | genotype_comparison | conf=high |  | n=16
SRP095735	treatment	conjugated estrogen+bazedoxifene	vehicle	tissue:liver	liver | in_vivo_treatment_arms | conf=high |  | n=15
SRP095766	genotype	nkx3.1 -/-	nkx3.1 +/+	tissue:reproductive	reproductive | genotype_comparison | conf=medium |  | n=16
SRP095812	strain	ils	iss	tissue:brain_cns	brain_cns | genotype_comparison | conf=high |  | n=6
SRP095811	cell type	ot-i cd8+ t cells	p14 cd8+ t cells	tissue:blood_immune	blood_immune | genotype_comparison | conf=medium | tumor_tissue | n=18
SRP095851	genotype	xist +/cagdelta5''	xist +/+	ex:genotype=xist +/cag;tissue:other	other | genotype_comparison | conf=high |  | n=21
SRP095855	treatment	ischemia reperfusion injury	sham surgery	tissue:liver	liver | in_vivo_treatment_arms | conf=high |  | n=18
SRP095936	genotype/variation	hgfap-cre; sp8 flox/flox; sp9 flox/flox	wild type	tissue:other	other | genotype_comparison | conf=high |  | n=8
SRP096024	diet	mcd	bd	tissue:liver	liver | in_vivo_treatment_arms | conf=high |  | n=15
SRP096052	tissue	sclc	normal lung	tissue:other	other | between_subject_case_control | conf=high | tumor_tissue | n=20
SRP096113	genotype	tau-p301l transgenic mice	wild type	subj:samid;tissue:brain_cns	brain_cns | genotype_comparison | conf=high |  | n=9
SRP096116	genotype	hmapt-p301s	non-transgenic littermate	tissue:brain_cns	brain_cns | genotype_comparison | conf=high |  | n=12
SRP096254	genotype	lsd1 ko	control	tissue:adipose	adipose | genotype_comparison | conf=high |  | n=8
SRP096126	genotype	nlrp3-/-	wild type	in:age=24 months;in:source_name=visceral adipose tissue (vat);tissue:blood_immune	blood_immune | genotype_comparison | conf=medium |  | n=20
SRP096162	genotype	tnr	tn	tissue:tumor	tumor | genotype_comparison | conf=medium | tumor_tissue | n=12
SRP096324	genotype	isl1 mutation	wild type	tissue:other	other | genotype_comparison | conf=medium |  | n=8
SRP096336	genotype	tsc1 flox/flox;emx1-cre/+	tsc1 flox/flox;emx1 +/+	tissue:other	other | genotype_comparison | conf=high |  | n=6
SRP096342	genotype	yap-flox/flox; shh-cre/+	wild type	tissue:lung	lung | genotype_comparison | conf=high |  | n=6
SRP096355	trans-gene	p16/p21 double knockout	p16/p21 wild-type	in:cell type=monocytic myeloid-derived suppressor cells;tissue:other	other | genotype_comparison | conf=medium |  | n=9
SRP096374	genotype	tlx3f/f;sns-cre	wild type	tissue:other	other | genotype_comparison | conf=high |  | n=6
SRP096580	genotype	apcmin/+/macrod2-/-	apcmin/+/macrod2+/+	tissue:gut	gut | genotype_comparison | conf=high | tumor_tissue | n=18
SRP096571	source_name	nipbl	tam	ex:source_name=wt;tissue:liver	liver | genotype_comparison | conf=medium |  | n=24
SRP096655	genotype	ythdc2/bgcn null	wild type	in:fraction=total rna;tissue:other	other | genotype_comparison | conf=medium |  | n=12
SRP096690	genotype/variation	foxo1(f/f) ert2cre(ki/+) b1-8hi(ki/+) cd45.1/2	foxo1(+/+) ert2cre(ki/+) b1-8hi(ki/+) cd45.1/1	tissue:blood_immune	blood_immune | genotype_comparison | conf=medium |  | n=9
SRP096738	genotype	homozygous nfia knockout	wild type	tissue:brain_cns	brain_cns | genotype_comparison | conf=high |  | n=12
SRP096721	strain	(b6 x b6.a14)f1	b6	tissue:liver	liver | genotype_comparison | conf=medium |  | n=154
SRP096779	strain	samp8	samr1	tissue:brain_cns	brain_cns | genotype_comparison | conf=high |  | n=6
SRP096821	genotype	stim1/2 knock out	wild type	tissue:other	other | genotype_comparison | conf=high |  | n=6
SRP096851	source_name	hippocampus, ad, vehicle	hippocampus, wt, vehicle	tissue:brain_cns	brain_cns | genotype_comparison | conf=medium |  | n=13
SRP096963	genotype/variation	bhlhe41-/- bhlhe40-/-	wild-type	in:cell type=peritoneal cavity b-1a cells;tissue:other	other | genotype_comparison | conf=high |  | n=18
SRP096968	genotype	knockout, cldn18-/-	wild-type, cldn18+/+	tissue:gut	gut | genotype_comparison | conf=high |  | n=6
SRP096988	source_name	adoptively transfered ot-1_tox-deficient	adoptively transfered ot-1_wt	tissue:other	other | genotype_comparison | conf=medium |  | n=6
SRP096977	drug treatment	jq1 50mg/kg i.p., 10 days	vehicle (10% dmso) i.p., 10 days	in:strain=c57b/6jrj;tissue:brain_cns	brain_cns | in_vivo_treatment_arms | conf=high |  | n=33
SRP096989	pathogen	lcmv-ova	lm-ova	tissue:other	other | in_vivo_treatment_arms | conf=medium |  | n=18
SRP097576	genotype	ifnar deficient	wild type	tissue:other	other | genotype_comparison | conf=high |  | n=10
SRP097585	treatment	clozapine (10mg/kg)	vehicle	tissue:brain_cns	brain_cns | in_vivo_treatment_arms | conf=high |  | n=24
SRP097621	dox treatment days	14 days	0 days	tissue:tumor	tumor | in_vivo_treatment_arms | conf=medium | tumor_tissue | n=10
SRP097635	breed	sepw1:cre, ca>gfpstop>ha-uprt	nr5a1:cre, ca>gfpstop>ha-uprt	in:sample_type=streptavidin purified, 4tu-labeled rna;tissue:brain_cns	brain_cns | genotype_comparison | conf=medium | pooled_samples;targeted_assay_suspected | n=9
SRP097644	treatment	spinal cord injury (sci)	none	in:tissue=sci site;tissue:brain_cns	brain_cns | in_vivo_treatment_arms | conf=high |  | n=12
SRP097685	genotype/variation	pias3 ko	wild type	in:age=post natal day 21;tissue:brain_cns	brain_cns | genotype_comparison | conf=high | pooled_samples | n=12
SRP097740	type	microglia repopulated	control	in:age group=aged;tissue:brain_cns	brain_cns | in_vivo_treatment_arms | conf=high |  | n=9
SRP097755	isolate	qkifl/fl;olig2cre	qkifl/fl; -	tissue:brain_cns	brain_cns | genotype_comparison | conf=high |  | n=6
SRP097921	agent	cla	control	tissue:reproductive	reproductive | in_vivo_treatment_arms | conf=high |  | n=160
SRP098045	treatment	praziquantel (250 mg/kg)	vehicle (cremophor el)	tissue:liver	liver | in_vivo_treatment_arms | conf=medium |  | n=36
SRP098206	genotype/variation	hand2 d/d (null-mutant)	wild type	tissue:heart	heart | genotype_comparison | conf=high |  | n=7
SRP098205	genotype/variation	percc1-/-	wild type	in:tissue=intestine (bottom);tissue:gut	gut | genotype_comparison | conf=medium |  | n=32
SRP098558	genotype/variation	atr fl/fl; braf ca/+; cre +	atr +/+; braf ca/+; cre +	tissue:skin	skin | genotype_comparison | conf=high | tumor_tissue | n=12
SRP098559	genotype/variation	atr fl/fl; braf ca/+; pten fl/+; cre +	atr +/+; braf ca/+; pten fl/+; cre +	tissue:tumor	tumor | genotype_comparison | conf=high | tumor_tissue | n=24
SRP098606	genotype/variation	shh-cre;sin3a flox/flox	shh-cre;sin3a flox/+	tissue:lung	lung | genotype_comparison | conf=high |  | n=24
SRP098626	knockdown	higher 12a heteroplasmy in oril	lower 12a heteroplasmy in oril	tissue:liver	liver | genotype_comparison | conf=high |  | n=20
SRP098654	genotype	p62fsp1ko	wild type	tissue:reproductive	reproductive | genotype_comparison | conf=high |  | n=32
SRP098702	adar genotype	e861a	wt	tissue:brain_cns	brain_cns | genotype_comparison | conf=high |  | n=6
SRP098703	adar genotype	e861a	wt	tissue:brain_cns	brain_cns | genotype_comparison | conf=high |  | n=6
SRP098725	condition	germ-free mice (absence of microbiota)	conventional-raised mice (presence of microbiota)	tissue:other	other | in_vivo_treatment_arms | conf=high |  | n=30
SRP098754	genotype/variation	hsp20 ko	wt	tissue:adipose	adipose | genotype_comparison | conf=high |  | n=6
SRP098901	genotype/variation	rd10	wild type	tissue:brain_cns	brain_cns | genotype_comparison | conf=high | pooled_samples | n=6
SRP098902	genotype	tbk1-dko	wild type	tissue:other	other | genotype_comparison | conf=high |  | n=6
SRP098918	source_name	wfs1-creert2:ribotag:frm1 knockout hippocampus	wfs1-creert2:ribotag hippocampus	tissue:brain_cns	brain_cns | genotype_comparison | conf=high |  | n=12
SRP098816	source_name	pyramidotomized cortex	intact cortex	tissue:brain_cns	brain_cns | in_vivo_treatment_arms | conf=low |  | n=21
SRP098941	genotype	lag3	wt	in:tissue=islet;tissue:other	other | genotype_comparison | conf=medium |  | n=12
SRP098946	condition	primary tumor	normal tissue	in:sample type=tissue;tissue:other	other | between_subject_case_control | conf=medium | tumor_tissue | n=73
SRP098927	genotype	arr2pb-cre;ptenflox/flox	ptenflox/flox	in:prostate lobe=ap;tissue:reproductive	reproductive | genotype_comparison | conf=medium | tumor_tissue | n=917
SRP099054	genotype/variation	col15a1 -/-	wild type	tissue:blood_immune	blood_immune | genotype_comparison | conf=high |  | n=12
SRP099072	genotype	ve-cadherin-creert2 lats1f/f lats2 f/f	wild type	tissue:lung	lung | genotype_comparison | conf=high |  | n=12
SRP098987	stimulation	t1l virus (10^8 pfu)	sham	tissue:other	other | in_vivo_treatment_arms | conf=medium |  | n=18
SRP099105	genotype	apoe-/-lmnag609g/g609g	apoe-/-lmna+/+	tissue:other	other | genotype_comparison | conf=high | pooled_samples | n=16
SRP099204	diet	hamsb diet	np diet	tissue:blood_immune	blood_immune | in_vivo_treatment_arms | conf=high |  | n=32
SRP099218	treatment	bmpr2 delx	rosa	tissue:other	other | genotype_comparison | conf=medium |  | n=8
SRP099065	genotype	ve-cadherin-creert2 yapf/f tazf/f	wild type	tissue:brain_cns	brain_cns | genotype_comparison | conf=high |  | n=8
SRP099232	genotype/variation	tdrd6-/-	tdrd6+/-	tissue:reproductive	reproductive | genotype_comparison | conf=medium | pooled_samples | n=16
SRP099234	genotype	socs3 cko	wild type	tissue:other	other | genotype_comparison | conf=high |  | n=15
SRP099303	genotype/variation	dmrt1 +/+; rara f/f; rarb f/f; rarg f/f; sf1-cre+	dmrt1 +/+; rara f/f; rarb f/f; rarg f/f; sf1-cre-	tissue:reproductive	reproductive | genotype_comparison | conf=high |  | n=10
SRP099448	genotype/variation	hdac3flox/flox	wild type	in:age=18-20 months;tissue:brain_cns	brain_cns | genotype_comparison | conf=medium |  | n=40
SRP099567	genotype/variation	fra-2 transgenic; constituatively expressing fra-2	wildtype	tissue:lung	lung | genotype_comparison | conf=medium |  | n=8
SRP099497	treatment	radiated	control	tissue:lung	lung | in_vivo_treatment_arms | conf=medium | pooled_samples | n=10
SRP099579	genotype	yap/taz ecko	wild type	tissue:brain_cns	brain_cns | genotype_comparison | conf=high |  | n=7
SRP099592	genotype	c57bl6j mmp-9ko	c57bl6j	tissue:gut	gut | genotype_comparison | conf=high |  | n=32
SRP099692	genotype/variation	nras-v12; shp53; shatrx; idh1-r132h	nras-v12; shp53; shatrx	tissue:brain_cns	brain_cns | genotype_comparison | conf=medium | tumor_tissue | n=12
SRP099841	source_name	gemm tumor from ks cohort	gemm tumor from kp cohort	tissue:tumor	tumor | genotype_comparison | conf=medium | tumor_tissue | n=12
SRP099677	genotype	k14-creer; lsl-shh	wild type	in:age=4-5 week old;in:tissue=skin epidermis;tissue:skin	skin | genotype_comparison | conf=medium |  | n=52
SRP100030	genotype/variation	tet-o-myc; laptta; src-2-/-; homozygous null alleles	tet-o-myc; laptta; src-2+/+; src-2 wt	tissue:liver	liver | genotype_comparison | conf=high | tumor_tissue | n=10
SRP099973	genotype	otx2fl/fl; camkii-cre; vgat-venus	otx2fl/fl; vgat-venus	tissue:brain_cns	brain_cns | genotype_comparison | conf=medium |  | n=8
SRP099609	cell_subtype	m6-hh	m6-ctrl	in:treatment=vehicle;subj:unique attribute;tissue:tumor	tumor | in_vivo_treatment_arms | conf=medium | tumor_tissue | n=30
SRP100019	genotype	lysm cre + rictor ko	lysm cre+	in:source_name=sorted peritoneal tissue resident macrophages (cd11b+f4/80hitim4+);tissue:blood_immune	blood_immune | genotype_comparison | conf=medium |  | n=10
SRP100060	genotype	nras-v12; shp53; shatrx; idh1-r132h	nras-v12; shp53; shatrx	tissue:brain_cns	brain_cns | genotype_comparison | conf=medium | tumor_tissue | n=16
SRP100248	genotype/variation	trf2 depleted	control	in:tissue=cortex;tissue:brain_cns	brain_cns | genotype_comparison | conf=high |  | n=14
SRP100075	sample type	mutant	control	tissue:other	other | genotype_comparison | conf=medium |  | n=8
SRP100466	genotype	csnk1e knockout	wild type	tissue:brain_cns	brain_cns | genotype_comparison | conf=high |  | n=64
SRP100462	diet	8 wks lieber decarli alcohol diet	8 wks isocaloric liquid diet	tissue:liver	liver | in_vivo_treatment_arms | conf=low |  | n=8
SRP100512	genotype/variation	p1ko	wt	tissue:brain_cns	brain_cns | genotype_comparison | conf=high |  | n=15
SRP100615	genotype	atp7b-/-	wild type	tissue:liver	liver | genotype_comparison | conf=high |  | n=6
SRP100496	treatment	sc injection of estradiol 3h	sc injection of sesame oil metaestrous	tissue:blood_immune	blood_immune | in_vivo_treatment_arms | conf=medium |  | n=9
SRP100651	agent	bkc	none	tissue:skin	skin | in_vivo_treatment_arms | conf=high |  | n=12
SRP100676	genotype	e2afl/flhebfl/flil7rcre	wild type	tissue:other	other | genotype_comparison | conf=high |  | n=12
SRP100679	genotype/variation	risp knockout	risp wild type	tissue:liver	liver | genotype_comparison | conf=high |  | n=6
SRP100697	genotype	s196a	wt	tissue:liver	liver | genotype_comparison | conf=high |  | n=24
SRP100778	treatment	aav8-1.2hbv	pbs	tissue:liver	liver | in_vivo_treatment_arms | conf=medium |  | n=12
SRP100753	miz1/p53 status	miz1 deltapoz / p53 wt	miz1 wt / p53 wt	tissue:blood_immune	blood_immune | genotype_comparison | conf=medium | tumor_tissue | n=32
SRP100777	disease model	eae	healthy	in:source_name=brain endothelial cells;ex:source_name=whole brain;tissue:brain_cns	brain_cns | in_vivo_treatment_arms | conf=medium |  | n=66
SRP100841	genotype/variation	cbfbeta2 knockout	wildtype	tissue:skin	skin | genotype_comparison | conf=medium |  | n=12
SRP100902	genotype	klhl41-ko	wt	tissue:muscle	muscle | genotype_comparison | conf=high |  | n=6
SRP100848	genotype/variation	cdkn1ako_ezh2ko	wt	in:sample type=in vivo sample;in:cell type=gc b cell;tissue:blood_immune	blood_immune | genotype_comparison | conf=medium |  | n=49
SRP100881	genotyping	lap-tta-arid1afl/fl;alb-cre;tre-myc	lap-tta-arid1aflfl;tre-myc	tissue:liver	liver | genotype_comparison | conf=medium | tumor_tissue | n=34
SRP100954	sample type	transplanted islet day 60	isolated islet	tissue:other	other | in_vivo_treatment_arms | conf=medium |  | n=12
SRP101279	genotype/variation	mll4 ko	mll4 wt	in:age=1 month;tissue:brain_cns	brain_cns | genotype_comparison | conf=high |  | n=8
SRP101281	genotype	mrp8/bcl2+	wild type	in:tissue=bone marrow;tissue:blood_immune	blood_immune | genotype_comparison | conf=medium |  | n=12
SRP101368	genotype/variation	mir-290 knockout	wild-type	tissue:reproductive	reproductive | genotype_comparison | conf=high |  | n=7
SRP101444	genotype	raf1 l613v/+ knock-in	control	tissue:other	other | genotype_comparison | conf=medium |  | n=8
SRP101373	genotype/variation	legsko	wt	in:cell type=epithelia;tissue:other	other | genotype_comparison | conf=high |  | n=24
SRP101460	treatment	myocardial infarction	sham-operation	in:cell type=cardiomyocyte;tissue:other	other | in_vivo_treatment_arms | conf=medium |  | n=128
SRP101453	housing condition	enriched environment	standard housing	in:source_name=whole tissue from dorsal dentate gyrus in mouse;tissue:brain_cns	brain_cns | in_vivo_treatment_arms | conf=medium |  | n=20
SRP101363	treatment	3 mg/kg tcpobop_27 h	vehicle (1% dmso in corn oil)_27 h	tissue:liver	liver | in_vivo_treatment_arms | conf=medium | pooled_samples | n=22
SRP101495	treatment	vehicle	wild type	tissue:blood_immune	blood_immune | in_vivo_treatment_arms | conf=medium |  | n=15
SRP101501	treatment	poly i:c + den	den	in:genotype/variation=shp2 ko in hepatocytes;tissue:liver	liver | in_vivo_treatment_arms | conf=medium |  | n=24
SRP101577	genotype	foxg1cre: cre/+; dot1l-cko f/f	foxg1cre: +/+; dot1l-cko f/+	tissue:other	other | genotype_comparison | conf=high |  | n=10
SRP101579	genotype	foxg1cre: cre/cre	foxg1cre: +/+	tissue:other	other | genotype_comparison | conf=high |  | n=45
SRP101665	injury	hemi-section	non-injured	tissue:other	other | in_vivo_treatment_arms | conf=medium |  | n=12
SRP101667	injury	full transection	non-injured	tissue:brain_cns	brain_cns | in_vivo_treatment_arms | conf=medium |  | n=20
SRP101617	cell type	treated stem cells	naive stem cells	tissue:other	other | in_vivo_treatment_arms | conf=low |  | n=24
SRP101670	genotype/variation	oma1 ko	wild type	in:treatment=isoproterenol;tissue:heart	heart | genotype_comparison | conf=high |  | n=9
SRP101724	genotype/variation	sfpq-/-	control	tissue:brain_cns	brain_cns | genotype_comparison | conf=high |  | n=8
SRP101732	genotype/variation	abca1 deletion	wildtype	tissue:liver	liver | genotype_comparison | conf=high |  | n=6
SRP101755	genotype/variation	tfam (l/l, cre)	tfam (l/l)	tissue:heart	heart | genotype_comparison | conf=high |  | n=40
SRP101746	maternal infection	infected dam	uninfected dam	tissue:brain_cns	brain_cns | in_vivo_treatment_arms | conf=high |  | n=16
SRP101802	genotype	camk2a-cre; rng105flox/flox	rng105flox/flox	in:tissue=hippocampal sp;tissue:brain_cns	brain_cns | genotype_comparison | conf=medium |  | n=12
SRP101865	genotype	dsg knockout mutant	wild type	tissue:heart	heart | genotype_comparison | conf=medium |  | n=9
SRP101855	drug treatment	dlki	control	in:eye treatment=crushed;tissue:brain_cns	brain_cns | in_vivo_treatment_arms | conf=medium |  | n=16
SRP101878	genotype	raptor knockout	raptor fl/fl	in:source_name=bone marrow;ex:source_name=immortalized myeloid progenitor cell line;tissue:blood_immune	blood_immune | genotype_comparison | conf=high |  | n=18
SRP101949	genotype/variation	s196a	wt	tissue:liver	liver | genotype_comparison | conf=high |  | n=24
SRP101986	treatment	severe cold temperatue, 6ºc	thermoneutral, 30ºc	tissue:adipose	adipose | in_vivo_treatment_arms | conf=high |  | n=12
SRP101992	genotype	knockout	wildtype	in:tissue=ovary;tissue:reproductive	reproductive | genotype_comparison | conf=high |  | n=24
SRP101991	genotype	mecp2-null (mecp2jae)	wt	tissue:brain_cns	brain_cns | genotype_comparison | conf=high |  | n=16
SRP101985	treatment	room temperature, 22ºc	thermoneutral, 30ºc	tissue:adipose	adipose | in_vivo_treatment_arms | conf=high |  | n=32
SRP102009	genotype	chd8+/-	chd8+/+	in:tissue=brain - cerebral cortex;tissue:brain_cns	brain_cns | genotype_comparison | conf=high |  | n=47
SRP102003	stage	proestrus	diestrus	in:tissue=hypothalamus;tissue:brain_cns	brain_cns | between_subject_case_control | conf=medium |  | n=47
SRP102075	genotype	tet2(-/-) nras(g12d)	wt	tissue:blood_immune	blood_immune | genotype_comparison | conf=high |  | n=30
SRP102037	genotype	plpcreert2;nf1flox/flox	nf1flox/+	tissue:other	other | genotype_comparison | conf=medium |  | n=6
SRP102208	treatment	doxo	ctrl	subj:replicate;tissue:heart	heart | in_vivo_treatment_arms | conf=medium |  | n=14
SRP102246	genotype/variation	enlcre/+;rrbgal;bcatflox/null	enlcre/+;rrbgal;bcatflox/+	tissue:other	other | genotype_comparison | conf=high |  | n=7
SRP102241	infection	influenza a	non-infected	in:tissue=spinal cord;tissue:brain_cns	brain_cns | in_vivo_treatment_arms | conf=high |  | n=45
SRP102285	gentoype	hdac3 cko	wt	tissue:other	other | genotype_comparison | conf=high |  | n=6
SRP102294	treatment	hf-hf	conc-con	tissue:liver	liver | in_vivo_treatment_arms | conf=high |  | n=12
SRP102352	genotype	tweak ko	wt	tissue:skin	skin | genotype_comparison | conf=medium |  | n=22
SRP102360	genotype	transgenic (human snca overexpression)	wildtype	tissue:brain_cns	brain_cns | genotype_comparison | conf=high |  | n=16
SRP102411	genotype	f508del	wt	tissue:adipose	adipose | genotype_comparison | conf=high |  | n=6
SRP102398	genotype	nrros ko	wild type	in:tissue=perivascular macrophages;tissue:blood_immune	blood_immune | genotype_comparison | conf=medium |  | n=9
SRP102448	genotype	asxl2-/-	wt	tissue:other	other | genotype_comparison | conf=high |  | n=6
SRP102453	genotype	cdk8tg	wt	tissue:heart	heart | genotype_comparison | conf=high |  | n=10
SRP102454	group	hdid1 (selected line)	hsnpt (control)	tissue:brain_cns	brain_cns | genotype_comparison | conf=high |  | n=69
SRP102527	treatment	ag-221	vehicle	subj:source_name;tissue:other	other | in_vivo_treatment_arms | conf=medium | tumor_tissue | n=11
SRP102553	genotype	q111/+	+/+	subj:mouse;tissue:brain_cns	brain_cns | genotype_comparison | conf=high |  | n=35
SRP102529	genotype	xist 2lox/2lox, nestin-cre +/-	xist 2lox/2lox	ex:tissue=embryonic fibroblasts;in:tissue=brain;subj:source_name;tissue:brain_cns	brain_cns | genotype_comparison | conf=medium |  | n=24
SRP102617	condition	3 days post cryoinjury	uninfarcted heart	tissue:blood_immune	blood_immune | in_vivo_treatment_arms | conf=medium |  | n=24
SRP102696	genotype	conditional knock-out	control	in:source_name=hippocampus;tissue:brain_cns	brain_cns | genotype_comparison | conf=high |  | n=16
SRP102687	genotype	alfp-cretg/+;klf5flox/flox	alfp-cre+/+;klf5flox/flox	tissue:liver	liver | genotype_comparison | conf=high |  | n=6
SRP102786	strain	orl/balbc	c57bl/6	tissue:brain_cns	brain_cns | genotype_comparison | conf=medium |  | n=24
SRP102713	source_name	chiared+ epcam+cd45- lung cells	epcam+cd45- lung cells	tissue:lung	lung | genotype_comparison | conf=medium |  | n=8
SRP102789	genotype	gna11 q209l bap1 ko	braf v600e bap1 ko	ex:genotype=gna11 q209l;tissue:skin	skin | genotype_comparison | conf=medium | tumor_tissue | n=11
SRP102793	disease state	ah	control	tissue:liver	liver | in_vivo_treatment_arms | conf=high |  | n=10
SRP102799	genotype/variation	s1pr1-null	wildtype	tissue:blood_immune	blood_immune | genotype_comparison | conf=medium |  | n=6
SRP102894	genotype	nucb2-/-	wild type	tissue:blood_immune	blood_immune | genotype_comparison | conf=high |  | n=9
SRP102915	genotype/variation	hs119/hs121 ko	wt	tissue:brain_cns	brain_cns | genotype_comparison | conf=medium |  | n=20
SRP103019	source_name	tamoxifen treated leukemia stem/progenitor cells	leukemia stem/progenitor cells	tissue:tumor	tumor | in_vivo_treatment_arms | conf=medium | tumor_tissue | n=6
SRP103117	genotype/variation	wlsshhcre	control	tissue:lung	lung | genotype_comparison | conf=high |  | n=8
SRP103126	tumor intiated by	hoxa9/irx3	hoxa9	tissue:blood_immune	blood_immune | genotype_comparison | conf=high | tumor_tissue | n=24
SRP103214	genotype	ezh2-fl/fl il7ra-cre/+	il7ra-cre/+	in:cell type=pro-b;tissue:blood_immune	blood_immune | genotype_comparison | conf=high |  | n=108
SRP103215	treatment	1.8g/kg etoh (using 20% v/v 200 proof etoh (koptec) in saline) was administered by dorsal subcutaneous injection twice each day from postnatal day 4 through postnatal day 9 (p4-p9), for a total daily dose of 3.6g/kg. the two doses each day were separated by a 2 hour interval. after p9, mice were no longer exposed to any etoh until time of sacrifice and cell sorting for microglial sample collection that occured in adolescent animals. animal age for each sample (individual animal) is listed in the next column.	instead of 20% etoh, an equivalent volume of saline (0.9% nacl) was administered twice each day from postnatal day 4 through postnatal day 9 (p4-p9) by dorsal subcutaneous injection. after p9, mice were no longer injected with saline and were sacrificed as adolescent animals for same day fluorescence assisted cell sorting to collect microglia. specific ages at sacrifice for each sample (individual mouse) are listed in the next column.	tissue:brain_cns	brain_cns | in_vivo_treatment_arms | conf=high |  | n=9
SRP103751	genotype/variation	a20 knockout	wt	tissue:brain_cns	brain_cns | genotype_comparison | conf=high |  | n=24
SRP103754	genotype/variation	tg	wt	tissue:brain_cns	brain_cns | genotype_comparison | conf=high |  | n=6
SRP103813	genotype	jak2v617f/+ plek2-/-	jak2v617f/+ plek2+/+	tissue:other	other | genotype_comparison | conf=medium |  | n=8
SRP103859	genotype/background	utx/p53 dko	p53 ko	tissue:other	other | genotype_comparison | conf=high |  | n=6
SRP103874	genotype	alphamhc cre recombinase positive, beta-catenin exon3 deleted-stabilized beta-catenin	alphamhc cre recombinase positive, wt for beta-catenin	tissue:heart	heart | genotype_comparison | conf=high |  | n=6
SRP103871	treatment	10 um naja mossambica mossambica (sigma c9759) cardiotoxin	untreated	tissue:muscle	muscle | in_vivo_treatment_arms | conf=medium |  | n=6
SRP103922	genotype/variation	expressing the constitutive active form of the tgf-b receptor 1	control	tissue:lung	lung | genotype_comparison | conf=high |  | n=8
SRP103932	oxygen status	hyperoxia	room air	tissue:lung	lung | in_vivo_treatment_arms | conf=high |  | n=22
SRP103939	genotype	fgfr2+/s252w; eiia-cre	wt	tissue:other	other | genotype_comparison | conf=high |  | n=6
SRP104153	genotype	beta-catenin ko in hepatocytes	wt	tissue:liver	liver | genotype_comparison | conf=medium | tumor_tissue | n=18
SRP104275	genotype	setd1b hom (fd/fd; rc/+)	setd1b het (fd/+; rc/+)	tissue:blood_immune	blood_immune | genotype_comparison | conf=high |  | n=12
SRP104179	genotype	het_nrp1-	wt	in:source_name=treg;in:tissue=tumor;tissue:tumor	tumor | genotype_comparison | conf=medium | tumor_tissue | n=45
SRP104319	genotype	shp2 ko in hepatocytes	shp2f/f	tissue:liver	liver | genotype_comparison | conf=medium |  | n=18
SRP104440	genotype/variation	cryaa-r49c homozygous mutant knock-in	wild-type	in:postnatal age=2-day-old;tissue:other	other | genotype_comparison | conf=medium |  | n=54
SRP104505	genotype/variation	biliray derived hepatocytes from itgb1 fl/fl liver	wild type hepatocytes	tissue:liver	liver | genotype_comparison | conf=medium |  | n=48
SRP104670	genotype	nono-/-	wild type	in:tissue=total liver;tissue:liver	liver | genotype_comparison | conf=medium | pooled_samples | n=48
SRP104987	genotype	tie2cre ino80 flox/flox	wild-type	tissue:heart	heart | genotype_comparison | conf=high |  | n=6
SRP105147	treatment	e.coli infection	naive	tissue:other	other | in_vivo_treatment_arms | conf=high |  | n=15
SRP105097	genotype/variation	visceral-zfp423-knockout	control; cre negative	in:tissue=gonadal adipose tissue;tissue:adipose	adipose | genotype_comparison | conf=high |  | n=24
SRP105166	strain	cx3cr1creer:dicerfl/-	cx3cr1creer:dicer+/-	in:source_name=freshly isolated brain microglia;tissue:brain_cns	brain_cns | genotype_comparison | conf=medium |  | n=46
SRP105178	tissue	fibrotic tissue	normal tissue	in:tissue=fibrotic tissue;in:tissue=normal tissue;tissue:skin	skin | between_subject_case_control | conf=medium |  | n=12
SRP105268	cell type	ppef2-/- cd8+ dcs	ppef2+/+ cd8+ dcs	tissue:other	other | genotype_comparison | conf=high |  | n=10
SRP105321	genotype/variation	ko	wt	tissue:gut	gut | genotype_comparison | conf=medium |  | n=12
SRP105344	disease state	obese	lean	tissue:gut	gut | in_vivo_treatment_arms | conf=high |  | n=16
SRP105534	genotype/variation	uhrf2 ko	wild type	tissue:brain_cns	brain_cns | genotype_comparison | conf=high |  | n=8
SRP105358	tissue type	primary tumor	wild type adult cerebellum	tissue:tumor	tumor | between_subject_case_control | conf=medium | tumor_tissue | n=9
SRP105803	source_name	intestine_2% dss	intestine_normal water	tissue:gut	gut | in_vivo_treatment_arms | conf=high |  | n=15
SRP106009	genotype	ifnar+/-	ifnar-/-	in:infection=zikv ivag e5.5;tissue:reproductive	reproductive | genotype_comparison | conf=high |  | n=64
SRP106069	disease state	bleomycin model of pulmonary fibrosis	control	tissue:blood_immune	blood_immune | in_vivo_treatment_arms | conf=high |  | n=6
SRP106055	genotype/variation	irg1-/-	wt	in:cell type=lung neutrophils;tissue:blood_immune	blood_immune | genotype_comparison | conf=medium |  | n=11
SRP106312	genotype/variation	mem+sol; overexpression of both membrane bound and soluble forms of tl1a	wt; tl1a expressed under the control of the cd2 promoter	in:tissue=terminal ileum;tissue:gut	gut | genotype_comparison | conf=high |  | n=30
SRP106322	genotype	gdf9-cre mediated mtor oocyte-conditional knockout (cko)	wild type	tissue:reproductive	reproductive | genotype_comparison | conf=high |  | n=12
SRP106347	genotype	zpbp2 ko	wt	tissue:liver	liver | genotype_comparison | conf=high |  | n=6
SRP106321	genotype	apcmin/+	wild-type	in:source_name=colon adenoma;tissue:gut	gut | genotype_comparison | conf=low | tumor_tissue | n=8
SRP106358	genotype	nkx2-1cre/+;lef1flox/flox; rosatdtomato/+	nkx2-1cre/+;lef1flox/+; rosatdtomato/+	in:age=p22;tissue:brain_cns	brain_cns | genotype_comparison | conf=high |  | n=12
SRP106381	infection	a/california/04/09 (h1n1)	uninfected (mock control)	in:time point=04d;tissue:lung	lung | in_vivo_treatment_arms | conf=high |  | n=48
SRP106488	treatment	il-1 beta	saline	tissue:liver	liver | in_vivo_treatment_arms | conf=high |  | n=10
SRP106519	treatment	ccl4	oil	tissue:liver	liver | in_vivo_treatment_arms | conf=high |  | n=11
SRP106484	genotype	smn allele c, tia1 knockout	tia1 knockout	in:tissue=brain;subj:individual number;tissue:brain_cns	brain_cns | genotype_comparison | conf=medium |  | n=16
SRP106520	genotype/variation	tfam ko	control	tissue:heart	heart | genotype_comparison | conf=high |  | n=6
SRP106531	treatment	continuous gh infusion for 1 day	sham pump	in:sex=male;tissue:liver	liver | in_vivo_treatment_arms | conf=medium | pooled_samples | n=12
SRP106685	treatment	aav-cre	aav-gfp	tissue:brain_cns	brain_cns | in_vivo_treatment_arms | conf=high |  | n=14
SRP106646	genotype	hcar-tg	wild type	in:age=post natal day 60;tissue:liver	liver | genotype_comparison | conf=medium |  | n=24
SRP106570	treatment	bcg iv	pbs iv	in:tissue=hematopoietic stem cell;ex:tissue=bone marrow-derived macrophages;subj:mouse id;tissue:blood_immune	blood_immune | in_vivo_treatment_arms | conf=medium |  | n=32
SRP106722	condition	ptk7ko	control	tissue:other	other | genotype_comparison | conf=high |  | n=8
SRP106751	pm exposure	pm	pbs	tissue:blood_immune	blood_immune | in_vivo_treatment_arms | conf=high |  | n=52
SRP106863	source_name	infected cecal tissue	uninfected cecal tissue	tissue:other	other | in_vivo_treatment_arms | conf=high | mixed_organisms | n=18
SRP106889	genotype	hdac1/2-loxp/loxp cx3cr1-cre	hdac1/2-loxp/loxp	in:treatment=tamoxifen;tissue:brain_cns	brain_cns | genotype_comparison | conf=medium |  | n=51
SRP106814	treatment	treated	untreated	tissue:other	other | in_vivo_treatment_arms | conf=medium |  | n=8
SRP106915	genotype	thap1+/- (deltaexon2)	wt	in:tissue=striatum;tissue:brain_cns	brain_cns | genotype_comparison | conf=high |  | n=60
SRP106920	genotype/variation	memo1 mutant (enu allele)	control	tissue:other	other | genotype_comparison | conf=high |  | n=6
SRP106917	growth_protocol	nwd1	ain	in:cell_subtype=lgr5;tissue:gut	gut | in_vivo_treatment_arms | conf=medium |  | n=28
SRP107001	condition	germ free	specific pathogen free	tissue:skin	skin | in_vivo_treatment_arms | conf=high |  | n=16
SRP106922	genotype	rora sg/sg ilc3 rep1	wt ilc3 rep1	subj:isolate;tissue:other	other | genotype_comparison | conf=medium |  | n=9
SRP106946	genotype	riox2(-/-)	riox2(+/+)	in:infection=21 day long gi infection by tm;tissue:other	other | genotype_comparison | conf=medium |  | n=11
SRP107123	disease	ctcfko	wt	tissue:heart	heart | genotype_comparison | conf=medium |  | n=19
SRP107214	genotype	conditional knock-out	control	tissue:brain_cns	brain_cns | genotype_comparison | conf=high |  | n=8
SRP107220	strain/genotype	mrl/lpr	mrl/+	tissue:other	other | genotype_comparison | conf=high |  | n=18
SRP107209	genotype	atg5 flox/flox cd11c cre +/-	atg5 flox/flox cd11c cre -/-	in:cell type=regulatory t cells (cd4+ cd62l+ cd25 high);tissue:blood_immune	blood_immune | genotype_comparison | conf=medium |  | n=12
SRP107211	genotype/variation	tet2 knockout	wildtype	in:cell type=tumor associated macrophages (tams);tissue:blood_immune	blood_immune | genotype_comparison | conf=medium | tumor_tissue | n=20
SRP107251	tissue	paraspinal tumors	sciatic nerve	tissue:brain_cns	brain_cns | genotype_comparison | conf=medium | tumor_tissue | n=9
SRP107560	genotype/variation	upf3b ko	wildtype	tissue:brain_cns	brain_cns | genotype_comparison | conf=high |  | n=12
SRP107692	genotype/variation	poln	wild type	tissue:reproductive	reproductive | genotype_comparison | conf=high |  | n=8
SRP107760	genotype	etaa1 deltaex2/dex2	etaa1 +/+	tissue:blood_immune	blood_immune | genotype_comparison | conf=medium | pooled_samples | n=8
SRP107881	genotype/variation	ret null	wildtype	tissue:gut	gut | genotype_comparison | conf=high |  | n=6
SRP107800	genotype	tshz1gfp/ra	tshz1gfp/+	tissue:other	other | genotype_comparison | conf=high |  | n=8
SRP107902	strain	samp8	samr1	tissue:brain_cns	brain_cns | genotype_comparison | conf=high |  | n=6
SRP108051	genotype	dtg-211	camk	tissue:brain_cns	brain_cns | genotype_comparison | conf=medium |  | n=68
SRP108052	treatment	dexamethasone	pbs	tissue:liver	liver | in_vivo_treatment_arms | conf=high |  | n=12
SRP108049	genotype	tgcrnd8	wt	in:isolate=total mrna;tissue:brain_cns	brain_cns | genotype_comparison | conf=high |  | n=13
SRP108013	treatment	etoh	control	in:organoidtissue=tissue;ex:organoidtissue=organoid;subj:donorid;tissue:gut	gut | in_vivo_treatment_arms | conf=medium |  | n=27
SRP108079	genotype	ko	wt	in:source_name=jejunum;in:treatment=nt;subj:mouse id;tissue:gut	gut | genotype_comparison | conf=high |  | n=40
SRP108127	genotype/variation	q331k/q331k	+/+	tissue:brain_cns	brain_cns | genotype_comparison | conf=high |  | n=20
SRP108248	nras status	nras61k	wtnras	tissue:other	other | genotype_comparison | conf=medium |  | n=9
SRP108280	genotype	apcmin/+; ap4deltaiec	apcmin/+; ap4fl/fl	tissue:other	other | genotype_comparison | conf=high | tumor_tissue;pooled_samples | n=6
SRP108282	genotype	ins1-/-;ins2+/-	ins1-/-;ins2+/+	in:tissue=liver;tissue:muscle	muscle | genotype_comparison | conf=medium |  | n=39
SRP108291	genotype	het	wt	in:stage=e12.5;tissue:brain_cns	brain_cns | genotype_comparison | conf=high |  | n=52
SRP108342	genotype/variation	jak2vf/+ hmga2 transduced	jak2vf/+ vector transduced	tissue:blood_immune	blood_immune | genotype_comparison | conf=medium |  | n=6
SRP108382	genotype	tmem135-tg	wt	tissue:heart	heart | genotype_comparison | conf=high |  | n=6
SRP108489	genotype	bcl11bfl/fl dlck-icre	wild type	tissue:other	other | genotype_comparison | conf=high |  | n=20
SRP108495	treatment	upf3b-galnac-aso	control-galnac-aso	ex:treatment=upf1-galnac-aso;tissue:liver	liver | in_vivo_treatment_arms | conf=high |  | n=33
SRP108534	treated with	yh250	dmso	tissue:blood_immune	blood_immune | in_vivo_treatment_arms | conf=medium |  | n=6
SRP108497	treated with	lps	saline	in:developmental stage=p60;tissue:brain_cns	brain_cns | in_vivo_treatment_arms | conf=high |  | n=60
SRP108574	treatment	anti-ox40	control ig	in:source_name=splenic sorted live cd45+cd19-cd3+cd4+ t cells;tissue:blood_immune	blood_immune | in_vivo_treatment_arms | conf=high |  | n=18
SRP108594	genotype	pik3cah1047r/h1047r	wt	tissue:other	other | genotype_comparison | conf=medium |  | n=6
SRP108593	genotype/variation	constitutive rnaseh1 exon 4/5 deletion	rnaseh1 wt	tissue:liver	liver | genotype_comparison | conf=high |  | n=23
SRP108608	genotype/variation	tet1deltae4-/-	tet1+/+	tissue:brain_cns	brain_cns | genotype_comparison | conf=high |  | n=6
SRP108621	genotype/variation	tcr<delta>-/-	wild type	tissue:lung	lung | genotype_comparison | conf=high |  | n=6
SRP108600	phenotype	musculus non choosy	musculus choosy	tissue:other	other | genotype_comparison | conf=medium |  | n=11
SRP108605	diet	high fat diet-high fat bacteria	low fat diet- low fat bacteria	tissue:gut	gut | in_vivo_treatment_arms | conf=medium |  | n=12
SRP108622	strain	129s6/svev	c57bl/6	tissue:other	other | genotype_comparison | conf=high |  | n=32
SRP108641	genotype	transgenic	control	tissue:kidney	kidney | genotype_comparison | conf=high |  | n=6
SRP108759	treatment	meningeal lymphatic ablation	pbs	in:tissue=dcln;tissue:blood_immune	blood_immune | in_vivo_treatment_arms | conf=medium |  | n=24
SRP108766	group	day 7 post-injury	baseline (non-injured)	tissue:other	other | in_vivo_treatment_arms | conf=high |  | n=23
SRP108808	strain	smc3(+/-)/c57bl6	smc3(+/+)/c57bl6	tissue:brain_cns	brain_cns | genotype_comparison | conf=medium |  | n=10
SRP109133	genotype	nikko	wt	tissue:other	other | genotype_comparison | conf=high |  | n=9
SRP109217	testing	fear conditioned	naïve	tissue:brain_cns	brain_cns | in_vivo_treatment_arms | conf=medium |  | n=12
SRP109267	genotype	pca_ tramp+/p62adipo (adipocyte p62 ko)	pca_ tramp+ (adipocyte p62 wild type)	tissue:tumor	tumor | genotype_comparison | conf=high | tumor_tissue | n=28
SRP109270	genotype	cbfb+/myh11	wt	tissue:blood_immune	blood_immune | genotype_comparison | conf=high |  | n=9
SRP109283	genotype	fmn2 knock out	wild type	tissue:other	other | genotype_comparison | conf=high |  | n=48
SRP109298	genotype	med12cko (crepos)	control (creneg)	tissue:heart	heart | genotype_comparison | conf=high |  | n=6
SRP109609	treatment	highfat diet	control diet	subj:biological replicates;tissue:adipose	adipose | in_vivo_treatment_arms | conf=high |  | n=9
SRP109615	genotype	elabela ko	wt	tissue:reproductive	reproductive | genotype_comparison | conf=high |  | n=12
SRP109674	treatment	4weeks_bleomycin	saline	tissue:skin	skin | in_vivo_treatment_arms | conf=high |  | n=44
SRP109699	treatment	etoh	saline	in:genotype/variation=wt;tissue:brain_cns	brain_cns | in_vivo_treatment_arms | conf=high |  | n=48
SRP109807	genotype	inicd	control	tissue:heart	heart | genotype_comparison | conf=high |  | n=12
SRP109774	group	consistent	control	in:region=dg;subj:mouse;tissue:brain_cns	brain_cns | in_vivo_treatment_arms | conf=medium |  | n=54
SRP110068	genotype	elabela ko	wt	tissue:reproductive	reproductive | genotype_comparison | conf=high |  | n=12
SRP110015	dose	6	0	in:tissue=liver;tissue:kidney	kidney | dose_response | conf=medium |  | n=57
SRP110193	genotype/variation	hlf ko	wild type	tissue:other	other | genotype_comparison | conf=high |  | n=6
SRP110208	genotype	nav1.8+ jak1f/f	wt	tissue:skin	skin | genotype_comparison | conf=high |  | n=10
SRP110277	overexpression	myc	control	in:source_name=sorted pax6+ cortical neural progenitors;tissue:other	other | genotype_comparison | conf=medium |  | n=10
SRP110495	genotype	ko	wt	tissue:kidney	kidney | genotype_comparison | conf=medium |  | n=24
SRP110319	tissue	bone_marrow_cells_mtg16_1	bone_marrow_cells_wt_4	tissue:other	other | genotype_comparison | conf=medium |  | n=6
SRP110508	genotype	iec-ogt ko	wt	tissue:gut	gut | genotype_comparison | conf=high |  | n=11
SRP110576	genotype/variation	knockout of mettl3	wt	tissue:brain_cns	brain_cns | genotype_comparison | conf=medium |  | n=8
SRP110594	condition	infected	uninfected	tissue:gut	gut | in_vivo_treatment_arms | conf=high |  | n=12
SRP110691	treatment	rgfp966	vehicle	tissue:liver	liver | in_vivo_treatment_arms | conf=high |  | n=6
SRP110674	genotype	stat5fl/fl, nestin-cre	stat5fl/fl	in:tissue=hypothalamus;tissue:brain_cns	brain_cns | genotype_comparison | conf=medium |  | n=17
SRP110715	source_name	co-treatment of angiotensin ii, nephrectomy and salt	sham	in:tissue=kidney;tissue:kidney	kidney | in_vivo_treatment_arms | conf=high |  | n=25
SRP110757	genotype	gulo -/-; tet2 -/-	control	tissue:blood_immune	blood_immune | genotype_comparison | conf=medium |  | n=11
SRP110979	genotype	lrpprc knockout	wildtype	tissue:heart	heart | genotype_comparison | conf=high |  | n=8
SRP110981	genotype	pitx1 null	wild type	in:tissue=hindlimb;tissue:other	other | genotype_comparison | conf=medium |  | n=32
SRP111071	treatment	trueperella pyogenes infection	pbs	tissue:blood_immune	blood_immune | in_vivo_treatment_arms | conf=medium |  | n=8
SRP111204	genotype	ptf1a(creer/fl)	ptf1a(creer/+)	tissue:other	other | genotype_comparison | conf=high |  | n=60
SRP111291	genotype	atg7 cko	atg7 cwt	tissue:brain_cns	brain_cns | genotype_comparison | conf=high |  | n=16
SRP111338	treatment	pma_ethanol	control	tissue:other	other | in_vivo_treatment_arms | conf=high |  | n=15
SRP111344	genotype	gadd45a-/-	wild type	tissue:brain_cns	brain_cns | genotype_comparison | conf=high |  | n=12
SRP111408	community	cc+	cc-	tissue:liver	liver | in_vivo_treatment_arms | conf=high |  | n=8
SRP111411	genotype	nr4a1 fl/fl; nr4a3-/-; rosa26-ert2	nr4a1 fl/fl; nr4a3-/-	tissue:other	other | genotype_comparison | conf=high | pooled_samples | n=12
SRP111520	genotype	5xfad	ntg	tissue:brain_cns	brain_cns | genotype_comparison | conf=high |  | n=132
SRP111685	strain	myh6:hmem43s358l	wt	tissue:heart	heart | genotype_comparison | conf=high |  | n=9
SRP111484	source_name	samp8_old121	samp8_old	ex:source_name=samp8_young;tissue:brain_cns	brain_cns | in_vivo_treatment_arms | conf=high |  | n=23
SRP111558	genotype	apcmin	apcmin wt	in:sorted=lgr5+;ex:treatment=dmso;ex:treatment=fexd 10um;ex:treatment=tbmca 1 um;in:tissue=ileum;tissue:gut	gut | genotype_comparison | conf=low | tumor_tissue | n=24
SRP111809	transgene	hsod1*g93a	hsod1*wt	in:enrichment=ctip2+;tissue:brain_cns	brain_cns | genotype_comparison | conf=medium |  | n=16
SRP111820	treatment	laser treatment of all veins	no laser treatment	ex:treatment=laser treatment between vessels;tissue:brain_cns	brain_cns | in_vivo_treatment_arms | conf=medium | pooled_samples | n=9
SRP111952	genotype	rroid deficient	wildtype	tissue:other	other | genotype_comparison | conf=high |  | n=6
SRP111878	genotype	cry1intronko	cry1intronwt	in:tissue=kidney;tissue:kidney	kidney | genotype_comparison | conf=medium |  | n=48
SRP111723	treatment	1um dac, 3 consecutive days before sc injection	none before sc injection	ex:tissue=cultured kpc tumor epithelial cells;in:tissue=subcutaneous allograft;tissue:other	other | in_vivo_treatment_arms | conf=medium | tumor_tissue | n=31
SRP112519	treatment	mdp	placebo	in:source_name=inflammatory monocytes subtype;tissue:blood_immune	blood_immune | in_vivo_treatment_arms | conf=medium |  | n=24
SRP112539	genotype	hnrnpgt-/-	wild type	tissue:other	other | genotype_comparison | conf=high |  | n=6
SRP111981	genotype/variation	dki	wt	tissue:other	other | genotype_comparison | conf=medium |  | n=14
SRP112610	genotype/variation	neurog3-cre; ep300fl/fl	ep300fl/fl	tissue:other	other | genotype_comparison | conf=high |  | n=15
SRP112535	treatment	vismodegib	control	tissue:skin	skin | in_vivo_treatment_arms | conf=medium | tumor_tissue | n=15
SRP112761	treatment	48h fasted	re-fed	tissue:liver	liver | in_vivo_treatment_arms | conf=high |  | n=6
SRP112747	treatment	whole cell vaccine	pbs vaccine	subj:isolate;tissue:lung	lung | in_vivo_treatment_arms | conf=medium |  | n=32
SRP112884	treatment	nmu	pbs	tissue:gut	gut | in_vivo_treatment_arms | conf=medium |  | n=28
SRP113014	diet	ketogenic (10% protein, 90% fat by kcal)	control (10% protein, 12% fat, 78% carbohydrate by kcal)	in:source_name=kidney;tissue:kidney	kidney | in_vivo_treatment_arms | conf=high |  | n=303
SRP113200	inoculated bacterial strain	kp-2h7	no	in:cell type=colonic epithelial cells;in:genotype/variation=wild type;tissue:gut	gut | in_vivo_treatment_arms | conf=medium |  | n=44
SRP113491	diet	vitamin d high	vitamin d normal	subj:sample;tissue:liver	liver | in_vivo_treatment_arms | conf=high |  | n=96
SRP113494	genotype	fmr1 ko	wt	in:tissue/cell type=hippocampus;tissue:brain_cns	brain_cns | genotype_comparison | conf=medium |  | n=144
SRP113485	tissue	liver tumor	liver	tissue:liver	liver | between_subject_case_control | conf=medium | tumor_tissue | n=14
SRP113529	genotype	vav-cre; dpy30f/-	vav-cre; dpy30f/+	tissue:liver	liver | genotype_comparison | conf=high |  | n=6
SRP113528	genotype	eu-myc; dpy30+/-	eu-myc	tissue:other	other | genotype_comparison | conf=high |  | n=16
SRP113541	genotype	braf ca/+; pten fl/+; cre; rhoj -/-	braf ca/+; pten fl/+; cre; rhoj +/+	tissue:tumor	tumor | genotype_comparison | conf=high | tumor_tissue | n=20
SRP113496	treatment	rbfox2 ec-ko	rbfox2 control	in:source_name=carotid intimal flush;tissue:other	other | in_vivo_treatment_arms | conf=medium |  | n=65
SRP113587	genotype	deltaalpha6-cre crfr1 knock-out	wt	tissue:brain_cns	brain_cns | genotype_comparison | conf=high |  | n=24
SRP113560	donor genotype	k14e7	c57bl/6	in:tissue=grafted ear skin;tissue:skin	skin | genotype_comparison | conf=medium |  | n=24
SRP113605	treatment	freeze injury	control	tissue:muscle	muscle | in_vivo_treatment_arms | conf=high |  | n=92
SRP113611	diet	60% hfd	standard chow	tissue:reproductive	reproductive | in_vivo_treatment_arms | conf=high |  | n=9
SRP113727	source_name	mouse left ventricle, tac day 7.	mouse left ventricle, sham day 7.	tissue:heart	heart | in_vivo_treatment_arms | conf=high |  | n=24
SRP113724	genotype	shox2cre; r26rfgf8	wild type	tissue:other	other | genotype_comparison | conf=high |  | n=12
SRP113761	host strain genotype/variation	mcpt5-cre+ r26dta	cre-negative littermate	tissue:blood_immune	blood_immune | genotype_comparison | conf=high | tumor_tissue | n=12
SRP113762	host strain genotype/variation	mcpt5-cre+ r26dta	cre-negative littermate	tissue:blood_immune	blood_immune | genotype_comparison | conf=high | tumor_tissue | n=40
SRP113763	genotype/variation	k14hpv16 mcpt5-cre+	k14hpv16 mcpt5-cre-	in:cell subtype=cd45+ cells excluding mast cells;tissue:skin	skin | genotype_comparison | conf=high |  | n=102
SRP113777	injury	tbi	sham	tissue:brain_cns	brain_cns | in_vivo_treatment_arms | conf=high |  | n=32
SRP114370	genotype/variation	myc ko	myc control	tissue:kidney	kidney | genotype_comparison | conf=high |  | n=18
SRP114498	genotype	hoil-1l -/-	wild type	tissue:lung	lung | genotype_comparison | conf=high |  | n=10
SRP114436	feeding group	ft	fa	tissue:liver	liver | in_vivo_treatment_arms | conf=medium |  | n=67
SRP114695	genotype/variation	smad4f/f; ex3f/+;villin-creer(t2)	control mouse	tissue:gut	gut | genotype_comparison | conf=medium |  | n=15
SRP114759	genotype/variation	taiwanese mouse model of severe spinal muscular atrophy (sma)	control	in:rna fraction=total rna;tissue:brain_cns	brain_cns | genotype_comparison | conf=high |  | n=20
SRP114764	treated with	hdm (d.f.) extract for 14-16 hrs	pbs-control	in:genotype/variation=wild type;tissue:lung	lung | in_vivo_treatment_arms | conf=medium |  | n=12
SRP114827	genotype	tefm -/-	tefm +/+	tissue:heart	heart | genotype_comparison | conf=high |  | n=8
SRP114789	genotype	asic3-/- (asic3-null)	asic3+/+ (wt)	tissue:blood_immune	blood_immune | genotype_comparison | conf=high | tumor_tissue | n=6
SRP114829	treatment	traumatic sciatic nerve injuries	no treatment	tissue:other	other | in_vivo_treatment_arms | conf=medium |  | n=6
SRP114842	genotype	mitfmi-vga9/+	wildtype	tissue:other	other | genotype_comparison | conf=high | pooled_samples | n=12
SRP114858	genotype	nir ko	control	tissue:skin	skin | genotype_comparison | conf=high |  | n=8
SRP114869	sample group	young unloading	young control	tissue:muscle	muscle | in_vivo_treatment_arms | conf=high |  | n=40
SRP114950	condition	healthy utx f1	control f1	ex:condition=sarcoma utx f1;tissue:blood_immune	blood_immune | genotype_comparison | conf=medium |  | n=10
SRP114976	genotype	apoe3/4	apoe3/3	in:source_name=entorhinal cortex;tissue:brain_cns	brain_cns | genotype_comparison | conf=high |  | n=66
SRP114953	tissue	cerebelllum tumor	cerebellum	subj:replicate;tissue:brain_cns	brain_cns | between_subject_case_control | conf=medium | tumor_tissue | n=10
SRP114947	protocol	ip injury 12h	ip naïve	in:fraction=ip fraction;tissue:brain_cns	brain_cns | in_vivo_treatment_arms | conf=medium |  | n=77
SRP114987	group	aom and dss induced	control	tissue:gut	gut | in_vivo_treatment_arms | conf=high | tumor_tissue | n=27
SRP115029	shrna	fezf2	non-silencing control	tissue:brain_cns	brain_cns | in_vivo_treatment_arms | conf=high |  | n=8
SRP114994	tissue	optic glioma tissue	optic nerve	ex:cell line=optic glioma cell line;tissue:tumor	tumor | between_subject_case_control | conf=medium |  | n=67
SRP115108	source_name	glp1/dexa	vehicle	tissue:brain_cns	brain_cns | in_vivo_treatment_arms | conf=high |  | n=30
SRP115115	genotype	niceca	wild type	tissue:liver	liver | genotype_comparison | conf=high |  | n=6
SRP115121	strain	mrl/lpr-tnfrsf6lpr	c57bl/6j	tissue:blood_immune	blood_immune | genotype_comparison | conf=high |  | n=20
SRP115120	genotype	axl ko	wt	tissue:tumor	tumor | genotype_comparison | conf=medium | tumor_tissue | n=6
SRP115148	time under condition	non-spf	spf	in:tissue=mucosa;tissue:other	other | in_vivo_treatment_arms | conf=medium |  | n=60
SRP115139	source_name	week 10 wt mouse svs des group	week 10 wt mouse svs control group	in:tissue=seminal vesicle;tissue:other	other | in_vivo_treatment_arms | conf=high |  | n=24
SRP115279	mouse status	ha107-conditioned mouse	unconditioned	tissue:gut	gut | in_vivo_treatment_arms | conf=high |  | n=6
SRP115189	genotype	adrb2-/-	adrb2+/+	tissue:blood_immune	blood_immune | genotype_comparison | conf=medium |  | n=30
SRP115363	source_name	mouse pancreatic neuroendocrine tumor from c57bl/6 (b6) strain background, treated with mk801	mouse pancreatic neuroendocrine tumor from c57bl/6 (b6) strain background, without treatment/treated with normal saline	tissue:tumor	tumor | in_vivo_treatment_arms | conf=medium | tumor_tissue | n=16
SRP115269	genotype/variation	eu-crlf2/jak2r683g-pebir-shjak2.3323	eu-crlf2/jak2r683g-prebir-shrenilla.713	in:treatment=dox (2 days);subj:replicate;tissue:other	other | in_vivo_treatment_arms | conf=medium | tumor_tissue | n=18
SRP115361	protocol	uvb	quiescent	tissue:skin	skin | in_vivo_treatment_arms | conf=medium |  | n=9
SRP115474	treatment	4 hours cerulein	4 hours saline	tissue:other	other | in_vivo_treatment_arms | conf=high |  | n=12
SRP115453	genotype	trp53flox/flox;brca1flox/flox;	trp53flox/flox;brca1+/+;	in:tissue=primary;subj:mouse_number;tissue:other	other | genotype_comparison | conf=medium | tumor_tissue | n=87
SRP115646	genotype	prc1dko	prc1ctrl	tissue:reproductive	reproductive | genotype_comparison | conf=medium |  | n=8
SRP115689	infection	primary h. polygyrus	none	tissue:gut	gut | in_vivo_treatment_arms | conf=high |  | n=48
SRP115652	genotype	mhc-cre + cask fl/fl	mhc-cre	tissue:heart	heart | genotype_comparison | conf=high |  | n=40
SRP115833	genotype/variation	expressing human transferrin	wt	tissue:brain_cns	brain_cns | genotype_comparison | conf=high |  | n=8
SRP115705	genotype/variation	mhc-mercremre/+; mrtf-a-/-; mrtf-bflox/flox	alphamhc-mercremre/+	tissue:other	other | genotype_comparison | conf=high |  | n=12
SRP115962	leukemia status	aml	no aml	tissue:blood_immune	blood_immune | between_subject_case_control | conf=medium | tumor_tissue | n=15
SRP116008	genotype/variation	bim knock-out	wild-type	tissue:liver	liver | genotype_comparison | conf=medium |  | n=6
SRP115984	genotype	siah1a -/-	wild type	tissue:kidney	kidney | genotype_comparison | conf=medium |  | n=8
SRP116137	genotype/variation	ret null	wildtype	tissue:gut	gut | genotype_comparison | conf=high |  | n=36
SRP116202	genotype/variation	morc2b-/-	wild type	tissue:reproductive	reproductive | genotype_comparison | conf=high |  | n=7
SRP116217	genotype/variation	ezh2-deficient	wild type	tissue:other	other | genotype_comparison | conf=high |  | n=24
SRP116226	group	em	ep	tissue:liver	liver | in_vivo_treatment_arms | conf=medium |  | n=6
SRP116187	genotype	pdgfrbcre;wt1_fl_gfp;ai14	pdgfrbcre;wt1_+_gfp;ai14	in:cell type=activated hepatic stellate cells;tissue:liver	liver | genotype_comparison | conf=medium |  | n=16
SRP116339	genotype	h19(delta_3)	wild type	tissue:muscle	muscle | genotype_comparison | conf=high |  | n=6
SRP116342	treatment	den; 25 mg/kg body wt	control	tissue:liver	liver | in_vivo_treatment_arms | conf=medium | pooled_samples | n=16
SRP116558	genotype	nkx3.2cre;r26-yap5sa	wild type	tissue:gut	gut | genotype_comparison | conf=high |  | n=8
SRP116375	genotype/variation	heterozygous	wildtype	in:age=e11.5;in:technical_replicate=na;tissue:kidney	kidney | genotype_comparison | conf=medium |  | n=132
SRP116737	genotype	ko	wt	tissue:reproductive	reproductive | genotype_comparison | conf=high | pooled_samples | n=6
SRP116890	genotype	ko	wt	tissue:liver	liver | genotype_comparison | conf=high |  | n=12
SRP116898	treatment	shunt	sham	ex:treatment=none;tissue:heart	heart | in_vivo_treatment_arms | conf=high |  | n=18
SRP116945	group	chronic restrained stress	not-stressed controls	tissue:other	other | in_vivo_treatment_arms | conf=high |  | n=15
SRP116949	genotype/variation	abca3 cko	control	tissue:other	other | genotype_comparison | conf=high |  | n=6
SRP117060	genotype	chx10cre;neurog2cko/cko	neurog2cko/cko	tissue:brain_cns	brain_cns | genotype_comparison | conf=high |  | n=15
SRP116969	chemical treatment	phenobarbital	control	in:experimental tissue preservation treatment=flash frozen;tissue:liver	liver | in_vivo_treatment_arms | conf=high | ffpe_or_degraded | n=96
SRP117214	genotype	bph/5	wildtype	tissue:other	other | genotype_comparison | conf=high |  | n=8
SRP117185	condition	lyl1 scl dko	wt	tissue:other	other | genotype_comparison | conf=high | pooled_samples | n=12
SRP117275	mapki treatment	on-treatment	none	tissue:tumor	tumor | in_vivo_treatment_arms | conf=medium | tumor_tissue | n=6
SRP117256	day post infection	7	4	tissue:brain_cns	brain_cns | time_course | conf=medium |  | n=15
SRP117274	mapki type	brafi	none	tissue:tumor	tumor | in_vivo_treatment_arms | conf=medium | tumor_tissue | n=12
SRP117285	genotype	muscle-specific er_alpha-/-	wildtype	tissue:muscle	muscle | genotype_comparison | conf=high |  | n=6
SRP117321	genotype	bati4 ko	floxed	in:tissue=brown adipose tissue;tissue:adipose	adipose | genotype_comparison | conf=medium |  | n=21
SRP117311	mapki treatment	on-treatment	none	tissue:tumor	tumor | in_vivo_treatment_arms | conf=medium | tumor_tissue | n=25
SRP117580	genotype	c22	wt	in:treatment=pbs;tissue:other	other | genotype_comparison | conf=high |  | n=43
SRP117499	biological replicate	akap12ko-rep1	wt-rep1	tissue:liver	liver | genotype_comparison | conf=medium |  | n=6
SRP117567	genotype	lats1tm1.1jfm/rjoj; lats2tm1.1jfm/rjoj	cd-1 igs mouse (charles river)	tissue:liver	liver | genotype_comparison | conf=medium |  | n=12
SRP117662	genotype	utx fl/y, wnt1-cre: mko	wt wnt1-cre: wt	tissue:other	other | genotype_comparison | conf=high |  | n=9
SRP117680	genotype/variation	acsl1h-/-	acsl1flox/flox	in:drug=vehicle;tissue:heart	heart | genotype_comparison | conf=high |  | n=20
SRP117692	genotype/variation	pten_p53_erg	pten_p53	tissue:reproductive	reproductive | genotype_comparison | conf=high | tumor_tissue | n=6
SRP117739	treatment_compound	pona	ctrl	tissue:liver	liver | in_vivo_treatment_arms | conf=high |  | n=56
SRP117703	treatment	lna inhibition of mir-1948-5p for 3 days	scrambled lna (negative control) for 3 days	tissue:liver	liver | in_vivo_treatment_arms | conf=high |  | n=32
SRP117757	genotype/variation	foxd1cre;smo(flox/-)	smo(flox/+)	tissue:kidney	kidney | genotype_comparison | conf=high |  | n=8
SRP117949	genotype	zeb1 (+/-) heterozygous	wild-type	tissue:blood_immune	blood_immune | genotype_comparison | conf=high | pooled_samples | n=6
SRP117936	genotype/variation	nrf1 ko	wt	tissue:liver	liver | genotype_comparison | conf=high |  | n=14
SRP117955	strain	yac128	wt	in:treatment=vehicle;tissue:brain_cns	brain_cns | genotype_comparison | conf=high |  | n=39
SRP117958	genotype	dlx4-ko	dlx4-wt	tissue:skin	skin | genotype_comparison | conf=high |  | n=10
SRP118265	genotype	akap12 null	wt	tissue:liver	liver | genotype_comparison | conf=high |  | n=6
SRP118141	genotype	icko	wt	in:tissue=epidermis;tissue:skin	skin | genotype_comparison | conf=high |  | n=29
SRP118465	genotype	ccp1 lox/lox; dlx5,6 cre gfp	ccp1 wt/wt; dlx5,6 cre gfp	tissue:brain_cns	brain_cns | genotype_comparison | conf=high |  | n=6
SRP118359	genotype/variation	e12-/-	e12+/+	tissue:brain_cns	brain_cns | genotype_comparison | conf=medium |  | n=12
SRP118346	genotype	het(q175) knock-in	wild type	in:tissue=striatum;in:treatment=vehicle;tissue:brain_cns	brain_cns | genotype_comparison | conf=high |  | n=160
SRP118401	genotype	tg(hdexon1)62gpb	wild type	in:tissue=striatum;in:treatment=vehicle;tissue:brain_cns	brain_cns | genotype_comparison | conf=high |  | n=160
SRP118483	microbiota	cdysn6	spf1	tissue:gut	gut | in_vivo_treatment_arms | conf=medium |  | n=16
SRP118716	genotype	dlx5-/-	wild type	tissue:other	other | genotype_comparison | conf=high |  | n=6
SRP118722	genotype	foxg1 cre/+	wild type	tissue:brain_cns	brain_cns | genotype_comparison | conf=high |  | n=18
SRP118780	treatment	visudyne + mwm	vehicle	tissue:brain_cns	brain_cns | in_vivo_treatment_arms | conf=high |  | n=80
SRP118785	surgery	lad ligation	sham	tissue:heart	heart | in_vivo_treatment_arms | conf=high |  | n=8
SRP118847	genotype/variation	nmi-/-	wild type	tissue:reproductive	reproductive | genotype_comparison | conf=high |  | n=6
SRP118915	genotype	erralpha-gamma ad-/-	wild type (wt)	tissue:adipose	adipose | genotype_comparison | conf=high |  | n=12
SRP118946	treatment	hfd-fmt	nd-fmt	tissue:reproductive	reproductive | in_vivo_treatment_arms | conf=medium |  | n=6
SRP118939	model	steroid	chemotherapeutic	tissue:lung	lung | in_vivo_treatment_arms | conf=medium |  | n=11
SRP118963	treatment	apap	vehicle	tissue:liver	liver | in_vivo_treatment_arms | conf=high |  | n=9
SRP119088	treatment	des	control	tissue:reproductive	reproductive | in_vivo_treatment_arms | conf=high |  | n=8
SRP119064	genotype/variation	trem2ko	wt	in:tissue=cortex;in:age=4m;subj:sample id;tissue:brain_cns	brain_cns | genotype_comparison | conf=high |  | n=512
SRP119123	genotype	appdelta9	wild type	in:agent=placebo;tissue:brain_cns	brain_cns | genotype_comparison | conf=high |  | n=38
SRP119167	genotype	pitx1 ko	wild type	tissue:other	other | genotype_comparison | conf=high |  | n=18
SRP119172	condition	dss	water	tissue:gut	gut | in_vivo_treatment_arms | conf=high |  | n=18
SRP119205	diet	hcd	nd	tissue:tumor	tumor | in_vivo_treatment_arms | conf=high | tumor_tissue | n=6
SRP119258	genotype	ifnar flox foxp3 yfp-cre knockout	foxp3 yfp-cre wildtype	tissue:other	other | genotype_comparison | conf=high |  | n=8
SRP119232	treatment	traf6i-hdl	pbs	tissue:other	other | in_vivo_treatment_arms | conf=high |  | n=39
SRP119221	treatment	mandibular distraction	mandibular fracture	in:cell type=ssc;tissue:other	other | in_vivo_treatment_arms | conf=medium |  | n=30
SRP119303	strain	bph/2j	bpn/3j	in:age=22 weeks;tissue:heart	heart | genotype_comparison | conf=medium |  | n=107
SRP119309	genotype/variation	maf1 ko	wild-type	tissue:liver	liver | genotype_comparison | conf=high |  | n=12
SRP119321	treatment	tcdd	vehicle	tissue:other	other | dose_response | conf=high |  | n=54
SRP119391	treatment	aav-mip2-gck	control	tissue:other	other | in_vivo_treatment_arms | conf=medium |  | n=8
SRP119458	genotype/variation	math1-cre smom2.c/wt	smom2.c/wt	tissue:brain_cns	brain_cns | genotype_comparison | conf=high | tumor_tissue | n=6
SRP119033	genotype/variation	notch1	wildtype	in:tissue=proximal aorta;tissue:other	other | genotype_comparison | conf=medium |  | n=12
SRP119485	genotype	bmp2gof;nkx2.5-cre	wt	tissue:heart	heart | genotype_comparison | conf=high |  | n=8
SRP119538	dietary condition	hfd only	rc only	tissue:brain_cns	brain_cns | in_vivo_treatment_arms | conf=high |  | n=63
SRP119667	source_name	progenitor b-1 b cell all	pre-b all	ex:source_name=fetal b cell progenitors;tissue:blood_immune	blood_immune | genotype_comparison | conf=medium | tumor_tissue;pooled_samples | n=13
SRP119707	genotype	pkd1adipo delta/delta	pkd1(flox/flox)	subj:mouse id;tissue:adipose	adipose | genotype_comparison | conf=high |  | n=8
SRP119675	genotype	5xfad	wt	in:age=7m;subj:source_name;tissue:brain_cns	brain_cns | genotype_comparison | conf=high |  | n=144
SRP119843	genotype/variation	jag1ndr/ndr	jag1+/+	tissue:liver	liver | genotype_comparison | conf=high |  | n=6
SRP119839	sample group	vancomycin	control	tissue:gut	gut | in_vivo_treatment_arms | conf=high |  | n=24
SRP119845	high fat diet	hfd	control	in:treatment=stroke;tissue:brain_cns	brain_cns | in_vivo_treatment_arms | conf=high |  | n=156
SRP119935	genotype	errg fl/fl;sim1-cre	errg fl/fl	in:age=3 weeks;subj:source_name;tissue:kidney	kidney | genotype_comparison | conf=high |  | n=60
SRP119938	diet	hfd	chd	in:tissue=ileum;tissue:gut	gut | in_vivo_treatment_arms | conf=medium |  | n=24
SRP119927	treatment	vsg	sham	tissue:gut	gut | in_vivo_treatment_arms | conf=medium |  | n=20
SRP119954	srsf2 genotype	p95h	wt	tissue:blood_immune	blood_immune | genotype_comparison | conf=high |  | n=6
SRP119934	strain	c57bl/10scsn-dmdmdx/j	c57bl/10j	tissue:muscle	muscle | in_vivo_treatment_arms | conf=medium |  | n=14
SRP119989	genotype	bachd	control	tissue:brain_cns	brain_cns | genotype_comparison | conf=high |  | n=16
SRP120041	genotypes	mecp2 ko	wt	tissue:other	other | genotype_comparison | conf=high |  | n=6
SRP120038	treatment	dmf	vehicle	in:tissue=liver;tissue:liver	liver | in_vivo_treatment_arms | conf=high |  | n=30
SRP120024	transgenes expressed	tcra v{alpha}14/j{alpha}18 + hdac7{delta}p	tcra v{alpha}14/j{alpha}18	in:tissue=thymus;tissue:blood_immune	blood_immune | genotype_comparison | conf=medium |  | n=18
SRP120127	genotype	lincrna-cox2 ko	wild type	tissue:lung	lung | genotype_comparison | conf=high |  | n=12
SRP120160	genotype	rbfox1loxp/loxp; ubc-cre+/- + tamoxifen	rbfox1loxp/loxp	tissue:other	other | genotype_comparison | conf=high |  | n=6
SRP120132	genotype	ctcf floxed; nestincre	ctcf floxed;	tissue:other	other | genotype_comparison | conf=high |  | n=6
SRP120356	genotype/variation	kap1 deficient	wild type; kap1 sufficient	tissue:other	other | genotype_comparison | conf=high |  | n=12
SRP120168	protocol	exposed to side-stream cigarette smoke	control	tissue:lung	lung | in_vivo_treatment_arms | conf=medium |  | n=8
SRP120384	treatment	h. pylori-infected	uninfected	tissue:gut	gut | in_vivo_treatment_arms | conf=high |  | n=15
SRP120338	treatment	protectively immunized mice	naive mice	tissue:lung	lung | in_vivo_treatment_arms | conf=medium |  | n=23
SRP120494	cell type	aml	gmp	tissue:other	other | between_subject_case_control | conf=medium | tumor_tissue | n=28
SRP120555	genotype	ubc-cre-ert2 angpt2fl/fl	wild-type	tissue:heart	heart | genotype_comparison | conf=high |  | n=7
SRP120513	strain	ttpa-/-	ttpa+/+	in:tissue=spinal_cord;in:age=6mo;tissue:brain_cns	brain_cns | genotype_comparison | conf=medium |  | n=94
SRP120493	genotype	tg(hdexon1)62gpb	wild type	in:tissue=cortex;tissue:brain_cns	brain_cns | genotype_comparison | conf=high |  | n=46
SRP120584	genotype	ko	wt	tissue:liver	liver | genotype_comparison | conf=medium |  | n=50
SRP120700	genotype	apobec1 ko	wildtype	tissue:brain_cns	brain_cns | genotype_comparison | conf=high |  | n=8
SRP120583	genotype	ptcd1 knockout	wild type	ex:source_name=ko1 cmc treated;ex:source_name=ko2 cmc terated;ex:source_name=ko3 cmc treated;ex:source_name=wt1 cmc treated;ex:source_name=wt2 cmc treated;ex:source_name=wt3 cmc treated;subj:source_name;tissue:heart	heart | genotype_comparison | conf=medium | targeted_assay_suspected | n=48
SRP120602	radiation	proton	gamma	tissue:other	other | in_vivo_treatment_arms | conf=medium |  | n=20
SRP120644	sample_type	dnajb1-prkaca + ctnnb1 t41a	normal - young	ex:sample_type=crispr.1;tissue:liver	liver | in_vivo_treatment_arms | conf=medium | tumor_tissue | n=13
SRP120965	genotype	grhl2 conditional knockout	grhl2 control	tissue:lung	lung | genotype_comparison | conf=high |  | n=6
SRP121310	source_name	liver_dgil-10	liver_dgmock	tissue:liver	liver | in_vivo_treatment_arms | conf=high |  | n=9
SRP121482	diet	high fat diet	normal chow	tissue:adipose	adipose | in_vivo_treatment_arms | conf=high |  | n=20
SRP121622	genotype	mst-1 overexpressing	wild type	tissue:heart	heart | genotype_comparison | conf=high |  | n=26
SRP121631	strain	c3h/hen (c3)	c57bl/6n (b6)	tissue:liver	liver | genotype_comparison | conf=medium |  | n=87
SRP121653	stress	yes	no	tissue:brain_cns	brain_cns | in_vivo_treatment_arms | conf=medium |  | n=6
SRP121798	diet	high fat diet	control	in:aa6 administration=no;tissue:muscle	muscle | in_vivo_treatment_arms | conf=high |  | n=9
SRP121797	diet	high fat diet	control	ex:aa6 administration=yes;tissue:heart	heart | in_vivo_treatment_arms | conf=high |  | n=12
SRP122515	genotype	aur-af/f;p53f/lslr172h;kraslslg12d;k14creer (t1)	aur-awt/wt;p53f/lslr172h;kraslslg12d;k14creer (t1)	tissue:skin	skin | genotype_comparison | conf=high |  | n=57
SRP122781	genotype/variation	nr2f1 het	wt	tissue:brain_cns	brain_cns | genotype_comparison | conf=high |  | n=8
SRP122943	genotype	goat ko	wt	tissue:reproductive	reproductive | genotype_comparison | conf=high |  | n=8
SRP122930	genotype	smad4 f/f braf-v600e f/+	braf-v600e f/+	tissue:gut	gut | genotype_comparison | conf=medium |  | n=8
SRP121790	genotype	pelo -/-	wt	tissue:skin	skin | genotype_comparison | conf=medium |  | n=34
SRP122537	source_name	pt: adult animal stroke	wt: adult animal control	ex:source_name=p4 animal control;tissue:brain_cns	brain_cns | in_vivo_treatment_arms | conf=medium |  | n=12
SRP123060	genotype	sod1g86r +/-	wild type	tissue:brain_cns	brain_cns | genotype_comparison | conf=high |  | n=10
SRP123056	genotype	linc-smad7 overexpression	control	tissue:muscle	muscle | in_vivo_treatment_arms | conf=medium |  | n=6
SRP123230	surgery	ckd	sham	tissue:heart	heart | in_vivo_treatment_arms | conf=high |  | n=10
SRP123325	genotype	maf-ko (maffl/fl x foxp3cre-yfp)	wt (foxp3cre-yfp)	in:tissue=spleen;tissue:other	other | genotype_comparison | conf=high |  | n=10
SRP123271	genotype	chat trap x p11 fl/fl/ x chat cre	chat trap x p11 fl/fl/ x wt	tissue:blood_immune	blood_immune | genotype_comparison | conf=medium | pooled_samples | n=7
SRP123227	pathological/physiological status	tumor-bearing mice	neonatal mice	in:cell type=cd45+ter119+cd71+ cells;tissue:other	other | in_vivo_treatment_arms | conf=medium |  | n=21
SRP123348	genotype	c57bl/6: cgamma-cre+/-; lsd1 f/f	c57bl/6: lsd1 f/f	tissue:blood_immune	blood_immune | genotype_comparison | conf=high |  | n=6
SRP123344	genotype/variation	pinch1 mutant	control	tissue:other	other | genotype_comparison | conf=high | pooled_samples | n=9
SRP123512	treatment	salicornia europaea on diet	control	tissue:liver	liver | in_vivo_treatment_arms | conf=high |  | n=12
SRP123450	treatment	upf1-galnac-aso	control-galnac-aso	tissue:liver	liver | in_vivo_treatment_arms | conf=high |  | n=15
SRP123516	genotype	c-maf flfl cd4cre	c-maf flfl	in:source_name=cd4+ t cells (th1 malaria model);tissue:blood_immune	blood_immune | genotype_comparison | conf=medium |  | n=21
SRP123610	genotype	113q	wt	subj:source_name;tissue:muscle	muscle | genotype_comparison | conf=high |  | n=6
SRP123621	genotype	wnt lof	control	in:source_name=right ventricle;tissue:heart	heart | genotype_comparison | conf=medium |  | n=12
SRP123761	genotype	wnt gof	control	tissue:heart	heart | genotype_comparison | conf=high |  | n=12
SRP124300	genotype	mir-211-ko	wild type	tissue:brain_cns	brain_cns | genotype_comparison | conf=high |  | n=11
SRP124160	genotype/variation	importin alpha5-/-	wild-type	in:treated with=vehicle;tissue:brain_cns	brain_cns | genotype_comparison | conf=medium | pooled_samples | n=11
SRP123923	replicate	erd	ers	tissue:muscle	muscle | in_vivo_treatment_arms | conf=medium |  | n=6
SRP124314	genotype/variation	fmr1-ko	c57bl/6	tissue:brain_cns	brain_cns | genotype_comparison | conf=high |  | n=16
SRP124469	agent	mycobacterium tuberculosis str. erdman	uninfected	tissue:other	other | in_vivo_treatment_arms | conf=high |  | n=12
SRP124501	genotype	nova2-cko_emx1-cre	wild-type_emx1-cre	in:source_name=cortex;tissue:brain_cns	brain_cns | genotype_comparison | conf=medium |  | n=30
SRP124639	genotype	prpf31-/+	prpf31+/+	in:tissue=retina;tissue:brain_cns	brain_cns | genotype_comparison | conf=high |  | n=18
SRP124525	replicate	treated_replicate1	control_replicate1	tissue:liver	liver | in_vivo_treatment_arms | conf=medium |  | n=12
SRP124622	source_name	rosa26creert2zmiz1f/f (deltatamcre)	rosa26creert2 (tamcre)	tissue:other	other | genotype_comparison | conf=high |  | n=20
SRP124677	genotype/variation	baf dcko_hgfap-cre	wild type	tissue:brain_cns	brain_cns | genotype_comparison | conf=medium |  | n=19
SRP124759	health_state	disease status	health status	subj:isolate;tissue:other	other | genotype_comparison | conf=high |  | n=6
SRP124774	genotype	cdh1 -/-	cdh1 +/-	in:age=post-natal week 12;tissue:skin	skin | genotype_comparison | conf=medium |  | n=22
SRP124785	phenotype	foxg1^(cre/+)	foxg1^(+/+)	tissue:brain_cns	brain_cns | genotype_comparison | conf=high |  | n=6
SRP124835	exposure	e. coli	pbs	tissue:blood_immune	blood_immune | in_vivo_treatment_arms | conf=high | pooled_samples | n=12
SRP124833	genotype	g93a	wild type	in:age=5-6 months;tissue:brain_cns	brain_cns | genotype_comparison | conf=medium |  | n=22
SRP124931	diet	plx5622 diet (inducing a near-complete microglia depletion)	control diet	tissue:other	other | in_vivo_treatment_arms | conf=high |  | n=6
SRP124942	treatment	poly-inosinic-poly-cytidine (pic, sigma-aldrich cat:p1530, lot:122m4002v)) intraperitoneally (i.p.) 200ugr per mouse	pbs, control	tissue:blood_immune	blood_immune | in_vivo_treatment_arms | conf=high |  | n=24
SRP124941	agent	slr14	naïve	tissue:other	other | in_vivo_treatment_arms | conf=high |  | n=17
SRP124979	genotype	lin28acko	lin28afl/fl	tissue:heart	heart | genotype_comparison | conf=medium |  | n=8
SRP125082	genotype	schwann-cell specific knockout of eed	wild type	tissue:other	other | genotype_comparison | conf=high |  | n=17
SRP125135	genotype/variation	myeloid-specific klf4 knockout (k4ko)	lysozyme m cre (wt)	tissue:blood_immune	blood_immune | genotype_comparison | conf=high |  | n=6
SRP125104	injection	intraperitoneal cisplatin (cis)	vehicle (sodium chloride 0.9%, veh) injection.	tissue:kidney	kidney | in_vivo_treatment_arms | conf=medium |  | n=16
SRP125225	status	adrenalectomized	sham-operated	tissue:other	other | in_vivo_treatment_arms | conf=medium |  | n=24
SRP125336	condition	sni surgery	sham surgery	tissue:other	other | in_vivo_treatment_arms | conf=high |  | n=110
SRP125341	genotype	tau: positive, camk: positive	tau: negative, camk: negative	tissue:brain_cns	brain_cns | genotype_comparison | conf=high |  | n=11
SRP125353	treatment	a2m	pbs	tissue:liver	liver | in_vivo_treatment_arms | conf=high |  | n=11
SRP125434	treatment	30 mg/kg furamidine	5% glucose	tissue:muscle	muscle | in_vivo_treatment_arms | conf=high |  | n=8
SRP125472	genotype	arpc4 ko	wt	tissue:skin	skin | genotype_comparison | conf=high |  | n=6
SRP125477	treatment	muhv-4 infected and treated with saline	mock infected and treated with saline	tissue:blood_immune	blood_immune | in_vivo_treatment_arms | conf=medium |  | n=12
SRP125551	genotype/variation	het; trem2+/-	wt; trem2+/+	subj:source_name;tissue:brain_cns	brain_cns | genotype_comparison | conf=high |  | n=10
SRP125665	treatment	dbs	sham	tissue:other	other | in_vivo_treatment_arms | conf=high |  | n=14
SRP125711	genotype	krox20 mutant	wild type	tissue:other	other | genotype_comparison | conf=high |  | n=6
SRP125735	diet	high fat	chow	in:lps_treatment=0h;tissue:blood_immune	blood_immune | in_vivo_treatment_arms | conf=medium |  | n=12
SRP125754	tissue	brain tumor	healthy brain	tissue:brain_cns	brain_cns | in_vivo_treatment_arms | conf=medium | tumor_tissue | n=15
SRP125705	strain	h2m3-ko	wt	in:tissue=skin;tissue:skin	skin | genotype_comparison | conf=low |  | n=57
SRP125804	group	cacs	non-cacs	in:tissue=mouse liver;tissue:liver	liver | between_subject_case_control | conf=high |  | n=30
SRP125821	genotype	db/db (-/-)	wild type (+/+)	tissue:other	other | genotype_comparison | conf=high |  | n=9
SRP125820	treatment	iav-infected	mock-treatment	in:tissue=lung, total;tissue:gut	gut | in_vivo_treatment_arms | conf=high |  | n=14
SRP125886	genotype/variation	sox17-deficient	sox17 control	ex:genotype/variation=sox7-deficient;ex:genotype/variation=sox7 control;tissue:tumor	tumor | genotype_comparison | conf=medium | tumor_tissue | n=10
SRP125890	strain	b6.b6cb-psmb11tm1smta (psmb11-/-)	b6.b6cb-psmb11tm1smta (psmb11+/+)	in:cell type=primary mhcii hi medullary thymic epithelial cells;tissue:other	other | genotype_comparison | conf=medium |  | n=36
SRP125889	strain	b6.b6cb-psmb11tm1smta (psmb11-/-)	b6.b6cb-psmb11tm1smta (psmb11+/+)	in:source_name=4sm thymocytes from psmb11-deficient mice;in:source_name=4sm thymocytes from wt mice;tissue:other	other | genotype_comparison | conf=high |  | n=36
SRP125980	tissue	brain tumor	normal brain	tissue:brain_cns	brain_cns | between_subject_case_control | conf=medium | tumor_tissue;ffpe_or_degraded | n=12
SRP125891	strain	b6.b6cb-psmb11tm1smta (psmb11-/-)	b6.b6cb-psmb11tm1smta (psmb11+/+)	tissue:other	other | genotype_comparison | conf=high |  | n=24
SRP126052	treatment	three days post bilateral optic nerve crush injury	uninjured	tissue:brain_cns	brain_cns | in_vivo_treatment_arms | conf=high |  | n=16
SRP126115	genotype/variation	adam17 cko	wild type	in:tissue=skin;tissue:skin	skin | genotype_comparison | conf=high |  | n=12
SRP126057	cell type	med23-deficient inkt	inkt cells at stage2	tissue:blood_immune	blood_immune | genotype_comparison | conf=low |  | n=9
SRP126124	strain	il-1b-/- mice on a c57bl/6 background	c57bl/6	in:tissue=lymph nodes;subj:replicate;tissue:other	other | genotype_comparison | conf=low |  | n=64
SRP126200	timepoint	3 days post adrenalectomy	3 days post sham surgery	tissue:gut	gut | in_vivo_treatment_arms | conf=high |  | n=16
SRP126161	strain	myb plt4/plt4	c57bl/6	in:source_name=siglecfside;tissue:blood_immune	blood_immune | genotype_comparison | conf=medium |  | n=93
SRP126279	treatment	lps	control	tissue:brain_cns	brain_cns | in_vivo_treatment_arms | conf=high |  | n=18
SRP126245	genotype	apc min/+ ::adam17 ex/ex	apc min/+	in:tissue=intestinal tumor tissue;tissue:gut	gut | genotype_comparison | conf=high | tumor_tissue | n=39
SRP126349	treatment	alcohol	control	tissue:reproductive	reproductive | in_vivo_treatment_arms | conf=high |  | n=8
SRP126314	treatment	anti-pdl1/tgfβ trap (492ug, iv)	inactive anti-pd-l1 isotype control (400ug, iv)	tissue:tumor	tumor | in_vivo_treatment_arms | conf=high | tumor_tissue | n=40
SRP126336	timepoint/condition	zt00 after 24-hr fasting	zt00 ad libitum normal chow feeding	in:source_name=liver;tissue:liver	liver | in_vivo_treatment_arms | conf=medium |  | n=72
SRP126416	genotype/variation	prmt5fl/fl; vav-cre	prmt5fl/fl	tissue:liver	liver | genotype_comparison | conf=high |  | n=14
SRP126477	genotype/variation	mta2_vavko	control	in:cell type=small pre-b cell;tissue:blood_immune	blood_immune | genotype_comparison | conf=medium |  | n=10
SRP126482	genotype/variation	tam-ko	control	tissue:reproductive	reproductive | genotype_comparison | conf=high |  | n=8
SRP126501	tissue	lymphoma	normal thymus	tissue:tumor	tumor | genotype_comparison | conf=high | tumor_tissue | n=9
SRP126545	genotype/variation	sca3 transgenic	wildtype	in:tissue=brainstem;tissue:brain_cns	brain_cns | genotype_comparison | conf=high |  | n=53
SRP126581	genotype	tnfrsf1a-/-	wt	tissue:gut	gut | genotype_comparison | conf=high |  | n=12
SRP126566	genotype/variation	cko	wt	tissue:reproductive	reproductive | genotype_comparison | conf=medium |  | n=8
SRP126565	disease	influenza	none	tissue:blood_immune	blood_immune | in_vivo_treatment_arms | conf=medium |  | n=15
SRP126673	diabetic status	diabetic	nondiabetic	in:treatment group=vehicle;tissue:brain_cns	brain_cns | in_vivo_treatment_arms | conf=high |  | n=36
SRP126678	genotype/variation	ythdc2em1/em1	ythdc2+/+	tissue:reproductive	reproductive | genotype_comparison | conf=high |  | n=16
SRP126640	genotype	pten	wild type	tissue:reproductive	reproductive | genotype_comparison | conf=high | tumor_tissue | n=25
SRP126777	genotype	albcretg/+;lis1c/c	albcrewt;lis1c/c	tissue:liver	liver | genotype_comparison | conf=high |  | n=8
SRP126739	strain	sca3 transgenic mouse	c57bl/6 wildtype mouse	in:age in weeks=40;in:age in weeks=39;in:age in weeks=42;tissue:blood_immune	blood_immune | genotype_comparison | conf=medium |  | n=22
SRP126786	treatment	fasted	fed	tissue:kidney	kidney | in_vivo_treatment_arms | conf=high |  | n=18
SRP126871	genotype	lhx6-/-	lhx6+/-	tissue:brain_cns	brain_cns | genotype_comparison | conf=high | pooled_samples | n=7
SRP126860	treatment	dss	untreated	tissue:gut	gut | in_vivo_treatment_arms | conf=medium |  | n=11
SRP126959	genotype	raptor knockout	control	in:surgery=injured;tissue:other	other | genotype_comparison | conf=medium |  | n=13
SRP127001	genotype	en1-cre; cicflox/flox	cicflox/+	tissue:brain_cns	brain_cns | genotype_comparison | conf=high |  | n=7
SRP126907	treatment	poly(ic)/jetpei_30_celsius	poly(ic)/jetpei_22_celsiuspoly(ic)/jetpei_22c	tissue:other	other | in_vivo_treatment_arms | conf=medium |  | n=12
SRP127005	genotype	pcp2-atxn1[82q]	fvb	tissue:brain_cns	brain_cns | genotype_comparison | conf=high |  | n=15
SRP127223	treatment	chronic injury 8 weeks plus severe injury 4 weeks	chronic injury 8 weeks	in:tissue type=liver;tissue:liver	liver | in_vivo_treatment_arms | conf=medium | tumor_tissue | n=8
SRP127256	genotype	vec-cre;sb transposase; onc2	wt	tissue:other	other | genotype_comparison | conf=high |  | n=6
SRP127255	genotype	vec-cre;sb transposase; onc2	wt	in:source_name=spleen_piece1;tissue:other	other | genotype_comparison | conf=medium |  | n=12
SRP127264	full genotype	nestin-creert2; h3f3alsl-k27m-tag/+; lsl-pdgfrαv544ins; trp53flox/flox	nestin-creert2; h3f3alsl-wt-tag/+; lsl-pdgfrαv544ins; trp53flox/flox	in:source_name=mouse brainstem tumor;tissue:brain_cns	brain_cns | genotype_comparison | conf=high | tumor_tissue | n=41
SRP127367	genotype	pitx2-fl/pitx2-z	mck-cre	tissue:muscle	muscle | genotype_comparison | conf=medium |  | n=11
SRP127396	genotype/variation	bgn gene knockout (bgn0/-)	wild-type	tissue:brain_cns	brain_cns | genotype_comparison | conf=medium |  | n=16
SRP127333	mutant	foxd1-mutant	wild-type	tissue:brain_cns	brain_cns | genotype_comparison | conf=medium |  | n=8
SRP127402	tissue	hpv induced squamous cell carcinoma (scc)	healthy skin	tissue:tumor	tumor | between_subject_case_control | conf=high | tumor_tissue | n=12
SRP127587	genotype	a1cf -/-	wild-type	tissue:liver	liver | genotype_comparison | conf=high |  | n=24
SRP127588	genotype	a1cf -/-	wild-type	tissue:kidney	kidney | genotype_comparison | conf=high |  | n=24
SRP127608	agent	lps	none	in:tissue=liver;tissue:blood_immune	blood_immune | in_vivo_treatment_arms | conf=high |  | n=18
SRP127680	genotype	lko	control	tissue:liver	liver | genotype_comparison | conf=high |  | n=6
SRP127628	treatment	bmt, plx5622, then lps	bmt, plx5622, then saline	tissue:brain_cns	brain_cns | in_vivo_treatment_arms | conf=medium |  | n=48
SRP127681	genotype	dmrt3-/-;dmrt5-/-	wild-type	tissue:other	other | genotype_comparison | conf=high |  | n=18
SRP127722	genotype/variation	kif20a knock out	wild type	ex:source_name=forebrain;tissue:brain_cns	brain_cns | genotype_comparison | conf=medium |  | n=11
SRP127827	genotype	yy1f/f;mx1-cre	mx1-cre	tissue:blood_immune	blood_immune | genotype_comparison | conf=high |  | n=6
SRP127828	genotype	slc1a4 -/-	wild type	in:tissue=striatum;tissue:brain_cns	brain_cns | genotype_comparison | conf=high |  | n=60
SRP127796	treatment	slug virus, control water	control virus, control water	tissue:tumor	tumor | in_vivo_treatment_arms | conf=medium | tumor_tissue | n=11
SRP127946	treatment	12 wk high fat diet (research diet, d12331)	12 wk control diet (research diet, d12329)	tissue:liver	liver | in_vivo_treatment_arms | conf=medium |  | n=122
SRP127980	genotype	setd2ko	wt	tissue:reproductive	reproductive | genotype_comparison | conf=medium |  | n=8
SRP128068	genotype/variation	tbr1 ko	wt	tissue:brain_cns	brain_cns | genotype_comparison | conf=high |  | n=11
SRP128132	vector	dux	empty vector	in:treatment=doxycycin chow;tissue:muscle	muscle | in_vivo_treatment_arms | conf=medium |  | n=12
SRP128168	genotype/variation	sd/sd	wt/wt	tissue:other	other | genotype_comparison | conf=high | pooled_samples | n=6
SRP128261	treatment	way-362450	vehicle	tissue:liver	liver | in_vivo_treatment_arms | conf=high |  | n=6
SRP128271	breed	gko	gwt	in:tissue=heart;tissue:muscle	muscle | genotype_comparison | conf=medium |  | n=101
SRP128506	treatment	mam	untreated	tissue:brain_cns	brain_cns | in_vivo_treatment_arms | conf=high |  | n=12
SRP128548	genotype	ldlr-/-, apob 100/100, vegfd-/-	ldlr-/-, apob 100/100	tissue:liver	liver | genotype_comparison | conf=high |  | n=8
SRP128565	treatment	clenbuterol in drinking water	none	tissue:other	other | in_vivo_treatment_arms | conf=high |  | n=15
SRP128596	treatment condition	caia	saline	tissue:brain_cns	brain_cns | in_vivo_treatment_arms | conf=high |  | n=69
SRP128585	genotype	vhl(flox/flox) / cd11c (cre/+)	vhl(flox/flox) / cd11c (+/+)	tissue:blood_immune	blood_immune | genotype_comparison | conf=high | pooled_samples | n=9
SRP128663	genotype	chd4(<delta>flox/<delta>flox)	chd4(flox/flox)	tissue:heart	heart | genotype_comparison | conf=high |  | n=16
SRP128701	genotype	nlrc4-t337s	wild type	tissue:gut	gut | genotype_comparison | conf=high |  | n=7
SRP128739	genotype	traf6 knockout	wild type	tissue:other	other | genotype_comparison | conf=high |  | n=8
SRP128649	treatment	bd	clean-air	in:tissue=lung;tissue:kidney	kidney | in_vivo_treatment_arms | conf=high |  | n=70
SRP128899	genotype/variation	ko	wild type	tissue:brain_cns	brain_cns | genotype_comparison | conf=high |  | n=22
SRP129020	diet	hfd	nd	tissue:brain_cns	brain_cns | in_vivo_treatment_arms | conf=high |  | n=52
SRP129035	treatment	morphine	naïve	tissue:brain_cns	brain_cns | genotype_comparison | conf=high |  | n=32
SRP129022	health_state	obese	normal weight	tissue:tumor	tumor | in_vivo_treatment_arms | conf=high | tumor_tissue | n=8
SRP130256	treatment	wcv vaccine	pbs vaccine	subj:isolate;tissue:blood_immune	blood_immune | in_vivo_treatment_arms | conf=medium |  | n=36
SRP130909	genotype	chrdl1 ko	wt	tissue:brain_cns	brain_cns | genotype_comparison | conf=high |  | n=6
SRP130908	treatment	stress	no stress	tissue:brain_cns	brain_cns | in_vivo_treatment_arms | conf=high |  | n=20
SRP130927	treatment	germ-free mice treated topically for three days with mid-log phase s.aureus	germ-free mice with no treatment	tissue:skin	skin | in_vivo_treatment_arms | conf=medium |  | n=20
SRP130954	genotype/variation	mtert_null_generation3	mtert_het	tissue:gut	gut | genotype_comparison | conf=low |  | n=12
SRP131001	genotype/variation	p301s mouse	wildtype	tissue:other	other | genotype_comparison | conf=high |  | n=12
SRP131016	phenotype	brd4 cko	brd4 wt	in:treatment=none;ex:treatment=overnight culture;ex:treatment=none_input before culture;tissue:other	other | genotype_comparison | conf=medium |  | n=38
SRP131036	genotype/variation	cre	f/f	tissue:liver	liver | genotype_comparison | conf=high |  | n=12
SRP131038	genotype	villincre-positive, pkclambda f/f, pkczeta f/f	villincre-negative, pkclambda f/f, pkczeta f/f	tissue:gut	gut | genotype_comparison | conf=high |  | n=56
SRP131035	transgenic	ctl dt	ctl nodt	in:cell type=d050416 - pancreatic alpha cells;tissue:other	other | in_vivo_treatment_arms | conf=medium |  | n=68
SRP131041	genotype	villincre-positive, pkclambda f/f, pkczeta f/f	villincre-negative, pkclambda f/f, pkczeta f/f	tissue:gut	gut | genotype_comparison | conf=high | tumor_tissue | n=24
SRP131055	genotype	dp(16lipi-zbtb21)1tybemcf	wild-type	tissue:brain_cns	brain_cns | genotype_comparison | conf=high |  | n=10
SRP131049	treatment	iso	sham	tissue:heart	heart | in_vivo_treatment_arms | conf=medium |  | n=21
SRP131084	csds phenotype	susceptible	control	in:source_name=medial prefrontal cortex;tissue:brain_cns	brain_cns | in_vivo_treatment_arms | conf=high |  | n=88
SRP131118	genotype	lsl-krasg12d/+;lsl-trp53r127h/+;pdx-1-cre (kpc)	lsl-trp53r127h/+;pdx-1-cre (pc)	tissue:liver	liver | genotype_comparison | conf=high | targeted_assay_suspected | n=10
SRP131096	source_name	shank3-deficient_saline	wild type	tissue:brain_cns	brain_cns | genotype_comparison | conf=medium |  | n=8
SRP131124	treatment diet	hfd	chow	ex:treatment week=0;tissue:liver	liver | in_vivo_treatment_arms | conf=high |  | n=78
SRP131130	treatment	anti-pd-1 plus anti-ctla-4	igg	tissue:tumor	tumor | in_vivo_treatment_arms | conf=high | tumor_tissue | n=12
SRP131136	genotype	il-33 ko	il-33 wt	in:cell type=astrocytes;tissue:brain_cns	brain_cns | genotype_comparison | conf=high |  | n=13
SRP131172	condition	multiple myeloma	control	tissue:other	other | in_vivo_treatment_arms | conf=high | tumor_tissue | n=6
SRP131224	treatment	tcpobop	corn oil	tissue:liver	liver | in_vivo_treatment_arms | conf=medium | pooled_samples | n=16
SRP131203	experiment	diabetic pregnancy	non-diabetic pregnancy	tissue:heart	heart | in_vivo_treatment_arms | conf=medium |  | n=12
SRP131248	transduced gene	dsacas9-krab and grna	none	tissue:liver	liver | in_vivo_treatment_arms | conf=high |  | n=28
SRP131197	sample type	cd8+ t-all - jak3(m511i)+hoxa9	cd8+ t-cell wild type	tissue:other	other | genotype_comparison | conf=medium | tumor_tissue | n=18
SRP131276	treatment	il-15 cytokine complex	il-2 cytokine complex	tissue:other	other | in_vivo_treatment_arms | conf=high |  | n=6
SRP131314	genotype/variation	mll1 fl/fl, chx10-cre	wild type	tissue:brain_cns	brain_cns | genotype_comparison | conf=high |  | n=6
SRP131329	genotype/variation	fra-2tg (mutant)	wt	tissue:lung	lung | genotype_comparison | conf=high |  | n=6
SRP131333	genotype	thy-tau22	wt	tissue:brain_cns	brain_cns | genotype_comparison | conf=medium |  | n=14
SRP131336	genotype/variation	chd8 asn2373lysfsx2 heterozygote mutant	wild type	tissue:brain_cns	brain_cns | genotype_comparison | conf=high |  | n=12
SRP131338	genotype	hoxa5flox/flox;cmv-creert2+/-	hoxa5flox/flox;cmv-creert2-/-	tissue:brain_cns	brain_cns | genotype_comparison | conf=high | pooled_samples | n=6
SRP131471	genotype	cdx2p-creert2-apc580s/+/kraslsl-g12d	cdx2p-creert2	tissue:gut	gut | genotype_comparison | conf=high | pooled_samples | n=18
SRP131468	source_name	st2-/- => st2-/-	wt => wt	tissue:other	other | genotype_comparison | conf=medium | tumor_tissue | n=12
SRP131481	isolate	ko individual 1	wt individual 1	subj:isolate;tissue:muscle	muscle | genotype_comparison | conf=high |  | n=6
SRP131355	genotype	shp2 ko in hepatocytes	shp2f/f	tissue:liver	liver | genotype_comparison | conf=medium | tumor_tissue | n=18
SRP131496	plasmid	insm1-overexpressing	control	tissue:other	other | in_vivo_treatment_arms | conf=medium |  | n=6
SRP131476	strain	trpa1 ko	wt	tissue:other	other | genotype_comparison | conf=low |  | n=24
SRP131509	genotype/variation	fibrillin-1 hypomorphic	wildtype	tissue:other	other | genotype_comparison | conf=high |  | n=19
SRP131764	mouse status	colonized with human feces (asd)	colonized with human feces (control)	in:tissue=macro-dissected prefrontal cortex;tissue:brain_cns	brain_cns | in_vivo_treatment_arms | conf=high |  | n=138
SRP131771	source_name	facs isolated microglia cells, intraperitoneal lps	facs isolated microglia cells, saline solution injection	tissue:brain_cns	brain_cns | in_vivo_treatment_arms | conf=high |  | n=10
SRP131772	genotype/variation	adepsko	wt	in:tissue=gonadal fat pad;tissue:adipose	adipose | genotype_comparison | conf=high |  | n=20
SRP131729	breed	crossbreed	inbreed	ex:treatment=recombinant protein il-17 injected intradermally;tissue:skin	skin | genotype_comparison | conf=medium |  | n=9
SRP131792	genotype	axin2-creer;beta-cateninfl/fl	beta-cateninfl/fl	tissue:other	other | genotype_comparison | conf=high |  | n=6
SRP131784	treatment	tcdd	vehicle	tissue:liver	liver | in_vivo_treatment_arms | conf=high |  | n=84
SRP131795	response to p53 restoration	responder	non-responder	tissue:tumor	tumor | between_subject_case_control | conf=medium | tumor_tissue | n=24
SRP131855	agent	p. chabaudi	control	tissue:liver	liver | in_vivo_treatment_arms | conf=high |  | n=24
SRP131850	genotype	appps1;apoe-/-	appps1	tissue:brain_cns	brain_cns | genotype_comparison | conf=high |  | n=13
SRP131869	genotype	l3mbtl2 cko	control	tissue:reproductive	reproductive | genotype_comparison | conf=high |  | n=6
SRP131861	treatment	bleomycin for 2 weeks	control	tissue:lung	lung | in_vivo_treatment_arms | conf=high |  | n=12
SRP131916	genotype/variation	wt1 het	wt1 control	tissue:other	other | genotype_comparison | conf=high |  | n=12
SRP131949	t cell phenotype	low	high	ex:t cell phenotype=intermediate;ex:t cell phenotype=n.a.;tissue:blood_immune	blood_immune | between_subject_case_control | conf=high | tumor_tissue | n=37
SRP131877	t cell phenotype	low	high	ex:t cell phenotype=intermediate;ex:t cell phenotype=n.a.;tissue:blood_immune	blood_immune | between_subject_case_control | conf=medium | tumor_tissue | n=39
SRP132086	genotype/variation	6-weeks shroom3 knockdown	controls	tissue:other	other | genotype_comparison | conf=high |  | n=7
SRP132110	genotype	tazkd	wt	in:treatment=untreated;tissue:heart	heart | genotype_comparison | conf=high |  | n=11
SRP132184	treatment	hypoxia (h)	normoxia (n)	tissue:lung	lung | in_vivo_treatment_arms | conf=high |  | n=18
SRP132231	strain	dba/2j	c57bl/6n	tissue:other	other | genotype_comparison | conf=high |  | n=10
SRP132264	treatment	nitroglycerin	vehicle	in:tissue=trigeminal ganglia;tissue:brain_cns	brain_cns | in_vivo_treatment_arms | conf=high |  | n=20
SRP132259	vsv-infection	infected	non-infected	in:cell type=microglia;tissue:blood_immune	blood_immune | in_vivo_treatment_arms | conf=medium |  | n=24
SRP132283	stress	myocardial infarction	sham operation	ex:tissue=remote zone left ventricular tissue post myocardial infarction;ex:tissue=infarct zone left ventricular tissue;subj:sample type;tissue:heart	heart | in_vivo_treatment_arms | conf=high |  | n=30
SRP132399	genotype/variation	knockout of crls1	wild-type	tissue:adipose	adipose | genotype_comparison | conf=high |  | n=10
SRP132397	treatment	two_week_on_treatment	control	tissue:other	other | in_vivo_treatment_arms | conf=high |  | n=12
SRP132400	agent	e2	plb	tissue:other	other | in_vivo_treatment_arms | conf=medium |  | n=11
SRP132407	agent	e2	plb	tissue:other	other | in_vivo_treatment_arms | conf=high |  | n=14
SRP132471	genotype/variation	lmna knockout	wt	tissue:heart	heart | genotype_comparison | conf=high |  | n=30
SRP132477	self-administration	cocaine	saline	in:region=nucleus accumbens;tissue:brain_cns	brain_cns | in_vivo_treatment_arms | conf=high |  | n=1783
SRP132516	genotype	kdm6b-ko	wild-type	tissue:other	other | genotype_comparison | conf=high |  | n=18
SRP132526	overexpression	yap	control	tissue:liver	liver | in_vivo_treatment_arms | conf=high |  | n=24
SRP132536	treated with	anit+celastrol	anit	tissue:liver	liver | in_vivo_treatment_arms | conf=high |  | n=6
SRP132586	treatment	water_pa103	water_saline	in:tissue=lung;tissue:blood_immune	blood_immune | in_vivo_treatment_arms | conf=high |  | n=45
SRP132678	genotype	tph2 -/-	tph2 +/+	tissue:other	other | genotype_comparison | conf=high |  | n=48
SRP132702	genotype	six2cre dnmt1 f/f	dnmt1 f/f	tissue:kidney	kidney | genotype_comparison | conf=high |  | n=6
SRP132854	genotype	cd4-cre ets1 flox/flox	ets1 flox/flox	tissue:other	other | genotype_comparison | conf=high |  | n=12
SRP132851	genotype	stat1fl/fl x rpl22ha/+	stat1+/+ x rpl22ha/+	in:intravenous infection=challenged with lcmvwt;tissue:brain_cns	brain_cns | genotype_comparison | conf=medium |  | n=16
SRP132873	genotype	jagged1flox;nfatc1-cre	wt	in:developmental stage=e12.5;tissue:heart	heart | genotype_comparison | conf=medium | pooled_samples | n=36
SRP132907	genotype/variation	ocar1-/-	wild type	tissue:other	other | genotype_comparison | conf=high |  | n=6
SRP132927	genotype	gcg ko	wt	tissue:liver	liver | genotype_comparison | conf=high |  | n=12
SRP132926	genotype	gcg ko	wt	tissue:liver	liver | genotype_comparison | conf=medium |  | n=22
SRP132932	genotype/variation	mef2bfl/fl; cg1cre/+	mef2b+/+; cg1cre/+	tissue:blood_immune	blood_immune | genotype_comparison | conf=high |  | n=26
SRP132899	age of host	20-24 months old	4 months old	tissue:tumor	tumor | between_subject_case_control | conf=medium | tumor_tissue | n=8
SRP132983	genotype/variation	mir conditional knockout	control	tissue:brain_cns	brain_cns | genotype_comparison | conf=high |  | n=6
SRP132960	genotype	prdm9-/-	prdm9+/+	tissue:reproductive	reproductive | genotype_comparison | conf=high |  | n=30
SRP132985	strain	tg: aldh1l1-rpl10agfp/ gfap cre cx43 fl/fl	tg: aldh1l1-rpl10agfp/ cx43 fl/fl	tissue:other	other | genotype_comparison | conf=high |  | n=6
SRP132997	genotype	esr1 oe	gfp	tissue:brain_cns	brain_cns | genotype_comparison | conf=high |  | n=31
SRP133035	phenotype	low level of mir-340	high level of mir-340	tissue:reproductive	reproductive | between_subject_case_control | conf=medium |  | n=12
SRP133024	genotype	ko	wt	subj:isolate;tissue:blood_immune	blood_immune | genotype_comparison | conf=high |  | n=12
SRP133012	treatment	diesel exhaust	filtered air	tissue:other	other | in_vivo_treatment_arms | conf=high |  | n=8
SRP133057	treated with	200 mg/kg apap	saline	tissue:liver	liver | in_vivo_treatment_arms | conf=medium |  | n=17
SRP133064	genotype	dmp1cre.efnb2f/f	dmp1cre	tissue:other	other | genotype_comparison | conf=high |  | n=21
SRP133168	genotype	dazl-deficient	control	tissue:other	other | genotype_comparison | conf=high |  | n=12
SRP133158	genotype	lcdmut_hom	lcdmut_wt	ex:tissue=embryonic fibroblast;tissue:brain_cns	brain_cns | genotype_comparison | conf=medium |  | n=76
SRP133169	genotype/variation	bcl11b flx/flx lck-cre	bcl11b +/+ lck-cre	tissue:other	other | genotype_comparison | conf=medium |  | n=34
SRP133190	breed	icm-hur -/-	icm-hur +/+	tissue:heart	heart | genotype_comparison | conf=medium |  | n=13
SRP133375	genotype	villin-ppard	wt	tissue:gut	gut | genotype_comparison | conf=high |  | n=28
SRP133267	treatment	pd 7 days	control	tissue:brain_cns	brain_cns | in_vivo_treatment_arms | conf=medium | pooled_samples | n=12
SRP133436	genotype	slc39a8(neo/neo)	slc39a8(+/+)	in:tissue=yolk sac;tissue:brain_cns	brain_cns | genotype_comparison | conf=high |  | n=40
SRP133469	agent	infected with c. rodentium	uninfected	tissue:liver	liver | in_vivo_treatment_arms | conf=high |  | n=9
SRP133489	agent	rosuvastatin	placebo	tissue:liver	liver | in_vivo_treatment_arms | conf=high |  | n=38
SRP133491	genotype	niceca	wild type	tissue:tumor	tumor | genotype_comparison | conf=medium | tumor_tissue | n=6
SRP133512	genotype	kir4.1-cko/aldh1l1-gfp+	wild-type/aldh1l1-gfp+	tissue:brain_cns	brain_cns | genotype_comparison | conf=high |  | n=8
SRP133481	treatment	5-fu	untreated	ex:treatment=nifedipine;ex:treatment=control;tissue:blood_immune	blood_immune | in_vivo_treatment_arms | conf=medium | pooled_samples | n=15
SRP133579	treatment	85% o2 exposed	room air exposed	tissue:brain_cns	brain_cns | in_vivo_treatment_arms | conf=high |  | n=6
SRP133520	tumor present	yes	no	in:source_name=lung;tissue:lung	lung | in_vivo_treatment_arms | conf=medium |  | n=13
SRP133622	pain model	sni	ctr	in:tissue=dorsal root ganglia;tissue:brain_cns	brain_cns | in_vivo_treatment_arms | conf=medium |  | n=36
SRP133656	genotype	ezh2 conditional knockout (ezh2 cko, ezh2_cko-osx)	wild type (wt, ezh2_wt_osx)	tissue:other	other | genotype_comparison | conf=high |  | n=6
SRP133742	diet treatment	4x choline	1x choline	tissue:reproductive	reproductive | in_vivo_treatment_arms | conf=high |  | n=12
SRP133751	genotype/variation	elac2 -/-	elac2 +/+	tissue:heart	heart | genotype_comparison | conf=high |  | n=24
SRP133954	timepoint	24 h after surgery	immediately after surgery	tissue:other	other | in_vivo_treatment_arms | conf=medium |  | n=6
SRP133734	tissue	primary tumor postmet	primary tumor premet	ex:source_name=prostate cancer metastasis;tissue:tumor	tumor | between_subject_case_control | conf=medium | tumor_tissue | n=39
SRP133781	genotype	h2bdiec	h2b flox/flox	in:tissue=epithelial crypt;tissue:other	other | genotype_comparison | conf=medium | tumor_tissue | n=29
SRP134085	genotype/variation	arid1a hepatocyte-specific ko	wild type	tissue:liver	liver | genotype_comparison | conf=high |  | n=6
SRP134051	treatment	injury day 4	sham day 4	in:source_name=drg;ex:source_name=cultured drg neurons;ex:source_name=adult brain;tissue:other	other | in_vivo_treatment_arms | conf=medium |  | n=63
SRP134109	treatment	il1ab	igg	tissue:blood_immune	blood_immune | in_vivo_treatment_arms | conf=high |  | n=8
SRP134115	condition	sci + hydrogel +growth factors	sci only	in:rna sample type=flow through;tissue:brain_cns	brain_cns | in_vivo_treatment_arms | conf=medium |  | n=23
SRP134123	tissue	microdissected metaplastic epithelium	total pancreatic rna	tissue:other	other | between_subject_case_control | conf=medium | tumor_tissue | n=9
SRP134173	diet	methionine restricted (25%) diet	methionine adequate diet	tissue:other	other | in_vivo_treatment_arms | conf=high | tumor_tissue | n=15
SRP134146	strain	b6.sjl-ptprca pepcb/boyj-ziggy	b6.sjl-ptprca pepcb/boyj	tissue:liver	liver | genotype_comparison | conf=medium | pooled_samples | n=12
SRP134208	genotype	rest(+/deltaexon4)	wild-type	tissue:other	other | genotype_comparison | conf=high |  | n=8
SRP134193	genotype/variation	h2a-z.1-/- : h2a-z.2-/- hsa cre+	h2a-z.1flox/flox : h2a-z.2 flox/flox hsa cre wt	in:tissue=control tibialis anterior;tissue:muscle	muscle | genotype_comparison | conf=medium |  | n=12
SRP134204	source_name	female cocaine	female saline	tissue:other	other | in_vivo_treatment_arms | conf=high |  | n=40
SRP134375	treatment	tam treated	untreated	tissue:other	other | genotype_comparison | conf=medium |  | n=16
SRP134573	genotype	rest(+/deltaexon4)	wild-type	tissue:brain_cns	brain_cns | genotype_comparison | conf=high |  | n=6
SRP134732	genotype	emx1ires-cre; prdm16flox/flox	prdm16 flox/flox	in:cell type=radial glia;tissue:brain_cns	brain_cns | genotype_comparison | conf=high |  | n=48
SRP134938	genotype/variation	mecp2-heterozygous (het)	wild type (wt)	in:treatment=sham;tissue:other	other | genotype_comparison | conf=high |  | n=120
SRP134948	classfication	mk801	control	tissue:brain_cns	brain_cns | in_vivo_treatment_arms | conf=high |  | n=9
SRP135119	genotype/variation	ko uxt f/y;vasa-cre	wt uxt f/y	tissue:other	other | genotype_comparison | conf=high |  | n=12
SRP134969	genotype	p73-/-	p73+/+	in:treatment=not applicable;tissue:other	other | genotype_comparison | conf=medium |  | n=14
SRP135229	genotype	fus delta14	wildtype	tissue:brain_cns	brain_cns | genotype_comparison | conf=high |  | n=16
SRP135253	genotype	wnt1cre;r26mtmg;p53lsl-25,26/+	wnt1cre;r26mtmg;p53+/+	tissue:blood_immune	blood_immune | genotype_comparison | conf=high |  | n=10
SRP135297	genotype	tet2 knock-out	tet2 wild-type	in:cell type=germinal center b-cells;ex:genotype=tet2 knock-down;tissue:other	other | genotype_comparison | conf=medium |  | n=35
SRP135491	genotype/variation	foxp3+yfp+ talin ko	foxp3+yfp+ wild-type	tissue:other	other | genotype_comparison | conf=high | pooled_samples | n=14
SRP135539	treatment	h56+caf01	h56	tissue:blood_immune	blood_immune | in_vivo_treatment_arms | conf=medium |  | n=60
SRP135678	agent	acetaminophen	control	tissue:liver	liver | in_vivo_treatment_arms | conf=high |  | n=24
SRP135768	genotype/variation	e47-/-	e47+/+	in:tissue=liver tissue;tissue:liver	liver | genotype_comparison | conf=high |  | n=39
SRP135978	genotype	ldha-/-	wild type	tissue:tumor	tumor | genotype_comparison | conf=high | tumor_tissue | n=10
SRP136007	breed	e06tg /ldlr-/-	ldlr-/-	subj:cultivar;tissue:blood_immune	blood_immune | genotype_comparison | conf=medium |  | n=8
SRP136246	injected with	cpg-b	pbs	in:cell type=tumor-associated plasmacytoid dendritic cells (pdc);tissue:tumor	tumor | in_vivo_treatment_arms | conf=high | tumor_tissue | n=14
SRP136247	source_name	gonadal adipose tissue exposed to bde-47	gonadal adipose tissue exposed to vehicle (corn oil)	tissue:adipose	adipose | in_vivo_treatment_arms | conf=high |  | n=28
SRP136270	genotype/variation	vilcreer apcfl/fl	wt	tissue:gut	gut | genotype_comparison | conf=high |  | n=24
SRP136273	genotype	cbx2-/-	wile type	tissue:blood_immune	blood_immune | genotype_comparison | conf=high |  | n=6
SRP136319	agent	akba gel	control gel	tissue:skin	skin | in_vivo_treatment_arms | conf=high |  | n=6
SRP136251	genotype	mgs34f/wt; gfp/wt; mx1-cre/wt	mx1-cre/wt	in:source_name=lineage-scai-ckit+ cells from the bone marrow;ex:treatment=splenic transplant recipient;tissue:blood_immune	blood_immune | genotype_comparison | conf=medium |  | n=28
SRP136322	genotype	sim1 +/-	wt	in:sgrna=none;tissue:other	other | genotype_comparison | conf=medium |  | n=19
SRP136487	time point	24h	n/a	tissue:brain_cns	brain_cns | in_vivo_treatment_arms | conf=high |  | n=12
SRP136522	genotype	fth-/-	fth+/+	tissue:lung	lung | genotype_comparison | conf=high |  | n=6
SRP136494	condition	sex-separated	sex-combined	in:source_name=main olfactory epithelium (moe);tissue:other	other | in_vivo_treatment_arms | conf=medium | pooled_samples | n=72
SRP136552	genotype	ring1a-/- ring1b-/-	control	tissue:skin	skin | genotype_comparison | conf=high |  | n=6
SRP136492	stimulation	antigen stimulated day2 b cells	naive b cells	tissue:blood_immune	blood_immune | in_vivo_treatment_arms | conf=low |  | n=12
SRP136563	genotype	ring1a-/- ring1b-/-	control	tissue:skin	skin | genotype_comparison | conf=high |  | n=6
SRP136568	genotype	ring1a-/- ring1b-/i53a	control	tissue:skin	skin | genotype_comparison | conf=high |  | n=6
SRP136604	genotype	cyrko	wt	in:tissue=hippocampus;tissue:brain_cns	brain_cns | genotype_comparison | conf=high |  | n=96
SRP136558	temperature	cold	thermoneutral	ex:cell type=ap (adipose progenitor);tissue:blood_immune	blood_immune | in_vivo_treatment_arms | conf=medium |  | n=24
SRP136602	genotype	msx2cre; cagfgf8 mutant (mcagf8)	wildtype	in:tissue=cranial vault;tissue:other	other | genotype_comparison | conf=medium | pooled_samples | n=9
SRP136649	genotype	eed-/-	control	tissue:skin	skin | genotype_comparison | conf=high |  | n=6
SRP136620	genotype	sftpc-creert2/+; r26-tdtomato/r26-cabmpr1a	sftpc-creert2/+; r26-tdtomato/+	tissue:other	other | genotype_comparison | conf=medium |  | n=6
SRP136814	genotype	il-2-ko	wt	tissue:other	other | genotype_comparison | conf=high |  | n=8
SRP136850	monocolonized with	bacteroides thetaiotaomicron vpi-5482 bile salt hydrolase knockout strain	bacteroides thetaiotaomicron vpi-5482 wild type strain	tissue:gut	gut | in_vivo_treatment_arms | conf=high |  | n=24
SRP136879	genotype	q331k/q331k	+/+	tissue:brain_cns	brain_cns | genotype_comparison | conf=high |  | n=28
SRP136714	genotype	nav1.8-cre; tsc2 flox/null; rosa26-zsgreen	nav1.8-cre; tsc2 flox/+; rosa26-zsgreen	tissue:brain_cns	brain_cns | genotype_comparison | conf=medium | pooled_samples | n=24
SRP136890	kept at	5°c	30°c	in:tissue=inguinal wat;tissue:adipose	adipose | in_vivo_treatment_arms | conf=high |  | n=16
SRP136954	stat5 genotype	vilcreer;stat5 (stat5iec-/-)	vilcreer;stat5 (stat5+/+)	tissue:gut	gut | genotype_comparison | conf=high |  | n=10
SRP136999	genotype	scn1a+/-	wild type	tissue:brain_cns	brain_cns | genotype_comparison | conf=medium |  | n=25
SRP137004	source_name	transgenic	non-transgenic	tissue:brain_cns	brain_cns | genotype_comparison | conf=medium |  | n=24
SRP137001	host_disease	infected murine lung	murine lung	tissue:other	other | in_vivo_treatment_arms | conf=medium | mixed_organisms | n=6
SRP137009	genotype	mir7dko	wt	in:tissue=cerebellum;tissue:brain_cns	brain_cns | genotype_comparison | conf=high |  | n=33
SRP137053	genotype/variation	mecp2 conditional ko	wild type	in:tissue=brain - cerebral cortex (ctx);tissue:brain_cns	brain_cns | genotype_comparison | conf=high |  | n=16
SRP137054	genotype/variation	smad2/3 cko	control	tissue:reproductive	reproductive | genotype_comparison | conf=high |  | n=32
SRP137014	strain	str/ort	c57bl/6	tissue:other	other | genotype_comparison | conf=medium |  | n=100
SRP137093	genotype/variation	p53-ko	p53-wt	tissue:tumor	tumor | genotype_comparison | conf=high | tumor_tissue | n=145
SRP137143	genotype	arki	wt	in:tissue=testis;tissue:other	other | genotype_comparison | conf=high |  | n=38
SRP137649	genotype/variation	olig2cre fasn lox/lox	fasn lox/lox	tissue:other	other | genotype_comparison | conf=high |  | n=7
SRP137222	genotype	cd4crexsptlc2flox/flox	wild-type	tissue:blood_immune	blood_immune | genotype_comparison | conf=medium |  | n=12
SRP137694	diet	45% high-fat diet	standard rodent diet	tissue:adipose	adipose | in_vivo_treatment_arms | conf=high |  | n=6
SRP137723	source_name	whole placenta_hypoxia	whole placenta_control	tissue:reproductive	reproductive | in_vivo_treatment_arms | conf=high |  | n=15
SRP137670	genotype	ezh2 ko	ezh2 wt	ex:treatment=gsk343;in:source_name=murine leukaemia cells;tissue:other	other | genotype_comparison | conf=medium | tumor_tissue | n=18
SRP137764	genotype/variation	smom2 overexpression	wild type	tissue:other	other | genotype_comparison | conf=high | tumor_tissue | n=9
SRP139039	ctc_exposure	yes	no	in:tissue=bone;tissue:other	other | in_vivo_treatment_arms | conf=medium | tumor_tissue | n=30
SRP137813	tissue	tumour	normal colon	tissue:tumor	tumor | between_subject_case_control | conf=medium | tumor_tissue | n=20
SRP139599	diet	45% high-fat diet	standard rodent diet	tissue:adipose	adipose | in_vivo_treatment_arms | conf=high |  | n=18
SRP139558	treatment	dt-treated	no dt, no pfd	tissue:blood_immune	blood_immune | in_vivo_treatment_arms | conf=medium |  | n=34
SRP139544	genotype	dko	wild type	tissue:heart	heart | genotype_comparison | conf=high |  | n=12
SRP139542	abbreviations	uppl	bbn	in:sample type=primary_tumor;ex:sample type=cell_line;ex:sample type=cell_line_derived_tumor;tissue:tumor	tumor | genotype_comparison | conf=medium | tumor_tissue | n=36
SRP139684	genotype/variation	klf15 ko	wt	tissue:heart	heart | genotype_comparison | conf=high |  | n=18
SRP139777	genotype	epo transgenic	wt	in:cell type=hematopoietic stem cells;tissue:other	other | genotype_comparison | conf=medium |  | n=24
SRP139727	genotype	ly5.1(mut)	wildtype	tissue:lung	lung | genotype_comparison | conf=medium |  | n=8
SRP139812	diet	fed hf-diet 12 weeks (60% kcal fat)	fed lean chow 12 weeks (10%kcal fat)	tissue:other	other | in_vivo_treatment_arms | conf=high |  | n=6
SRP139796	genotype	ltficre/+ foxa2f/f	control	in:gestational day=4;tissue:reproductive	reproductive | genotype_comparison | conf=medium |  | n=36
SRP139918	genotype/variation	dnm2 knockout	control	tissue:other	other | genotype_comparison | conf=high |  | n=18
SRP139927	genotype	cd23cre+myh9fl/fl	cd23cre+myh9fl/wt	tissue:blood_immune	blood_immune | genotype_comparison | conf=high |  | n=6
SRP139827	treatment	wounded	unwounded	tissue:skin	skin | in_vivo_treatment_arms | conf=medium |  | n=11
SRP139957	genotype	ko	wt	tissue:muscle	muscle | genotype_comparison | conf=high |  | n=12
SRP140014	source_name	mouse breast cancer	mammary gland	tissue:reproductive	reproductive | between_subject_case_control | conf=medium | tumor_tissue | n=6
SRP140436	genotype	hrd1-/-	wt	tissue:liver	liver | genotype_comparison | conf=high |  | n=8
SRP140161	treatment	stereotactic injection of aav-gfp and treated with angii plus l-name	stereotactic injection of aav-gfp and treated with saline	tissue:other	other | in_vivo_treatment_arms | conf=high |  | n=15
SRP140448	genotype/variation	gps2_lko	gps2_wt	tissue:liver	liver | genotype_comparison | conf=high |  | n=8
SRP140490	diet	ensure	hfd 60%	tissue:adipose	adipose | in_vivo_treatment_arms | conf=medium |  | n=19
SRP140561	genotype	ire1 ko	c57bl/6	in:sample time=day 7;tissue:other	other | genotype_comparison | conf=medium |  | n=18
SRP140823	source_name	resveratrol_cortex	vehicle_cortex	tissue:brain_cns	brain_cns | in_vivo_treatment_arms | conf=high |  | n=6
SRP140499	replicate	ko	wt	subj:replicate;tissue:liver	liver | genotype_comparison | conf=medium |  | n=24
SRP141016	treatment	visudyne	vehicle	tissue:brain_cns	brain_cns | in_vivo_treatment_arms | conf=high |  | n=80
SRP140882	diet	high fat diet	normal diet	in:cell type=epididymal adipocytes;tissue:other	other | in_vivo_treatment_arms | conf=medium | pooled_samples | n=14
SRP141125	genotype/variation	shank3 transgenic (tg)	wt	tissue:brain_cns	brain_cns | genotype_comparison | conf=high |  | n=6
SRP141139	treatment	hfd	lfd	tissue:reproductive	reproductive | in_vivo_treatment_arms | conf=high |  | n=6
SRP141174	genotype	six1-overexpression	control	tissue:tumor	tumor | genotype_comparison | conf=medium | tumor_tissue | n=6
SRP141181	genotype	vtreg53 tg+	vtreg53 tg-	in:cell type=treg;ex:cell type=foxp3-transduced tconv;ex:cell type=control-transduced tconv;tissue:other	other | genotype_comparison | conf=medium |  | n=62
SRP141458	genotype/variation	mecp2-null	wt	in:experiment type=in vivo;in:tissue=hippocampus;in:treatment=none;tissue:brain_cns	brain_cns | genotype_comparison | conf=high |  | n=72
SRP142325	genotype	zfp521 knockout	wild type	tissue:blood_immune	blood_immune | genotype_comparison | conf=high | pooled_samples | n=16
SRP142316	raav2	il-1β	phe	tissue:brain_cns	brain_cns | in_vivo_treatment_arms | conf=medium | pooled_samples | n=8
SRP142367	sample group	mice with spinal cord injury	sham	tissue:brain_cns	brain_cns | in_vivo_treatment_arms | conf=medium |  | n=12
SRP142522	genotype	mbnl double knockout (mbnl1-/-; mbnl2c/c; nestin-cre+/-)	wt	tissue:brain_cns	brain_cns | genotype_comparison | conf=high |  | n=6
SRP142481	condition	cd9+ macrophage transfer	pbs transfer	in:source_name=ewat;tissue:blood_immune	blood_immune | in_vivo_treatment_arms | conf=medium |  | n=36
SRP142524	treatment	rv.0	mock.0	subj:isolate;tissue:lung	lung | in_vivo_treatment_arms | conf=medium |  | n=45
SRP142645	genotype	grdim mutant	wild type	in:treatment=vehicle/vehicle;tissue:gut	gut | genotype_comparison | conf=medium |  | n=30
SRP142711	genotype	tet2/3 dko	wt	in:cell type=cd4+foxp3+ treg cells;tissue:blood_immune	blood_immune | genotype_comparison | conf=high |  | n=40
SRP143461	genotype	yap/taz ko	wildtype	tissue:liver	liver | genotype_comparison | conf=high |  | n=17
SRP143487	treatment	acute stress	basal	in:fraction=input rna;tissue:brain_cns	brain_cns | in_vivo_treatment_arms | conf=high | pooled_samples | n=13
SRP142757	genotype/variation	aav-tbg-cre with aav-tbg-y67f fxr	aav-tbg-cre with aav-tbg-wt fxr	tissue:other	other | genotype_comparison | conf=high |  | n=6
SRP143632	genotype	bachd	wt	tissue:brain_cns	brain_cns | genotype_comparison | conf=high |  | n=9
SRP143553	genotype	mettl3 cko	wt	in:fraction=input rna;tissue:brain_cns	brain_cns | genotype_comparison | conf=medium | pooled_samples | n=11
SRP143555	source_name	sox2-creer/+; β-catenin-flox(exon3)/+	β-catenin-flox(exon3)/+ (no cre)	in:age=tamoxifen at p1, harvested at p4;tissue:other	other | genotype_comparison | conf=high |  | n=12
SRP143532	strain	mdx	c57bl/6	in:cell type=muscs;tissue:muscle	muscle | genotype_comparison | conf=low |  | n=18
SRP143686	genotype	cko	wt	in:mouse line=mettl3-nex-creert2;in:treatment=box;tissue:brain_cns	brain_cns | genotype_comparison | conf=high |  | n=40
SRP143991	genotype	ifngr ko	wt	tissue:blood_immune	blood_immune | genotype_comparison | conf=high | tumor_tissue | n=6
SRP143964	phenotype	ra-signalling deficient	wildtype	in:cell_type=cortical thymic epithelial cells;tissue:other	other | genotype_comparison | conf=high |  | n=18
SRP144020	agent	lps_vehicle	sham_vehicle	tissue:other	other | in_vivo_treatment_arms | conf=high |  | n=13
SRP144078	light cycle treatment	t7	t24	tissue:brain_cns	brain_cns | in_vivo_treatment_arms | conf=high | pooled_samples | n=7
SRP144047	genotype	sca1-lmo2	wild type control	tissue:other	other | genotype_comparison | conf=high | tumor_tissue | n=14
SRP144088	genotype	tspan12 flox/-; cdh5creertii	tspan12 flox/+; cdh5creertii	tissue:brain_cns	brain_cns | genotype_comparison | conf=high |  | n=8
SRP144211	strain	c57bl/6n-tg(prnp-pfn1*g118v)838kiaei/j	c57bl/6n-tg(prnp-pfn1)850kiaei/j	subj:mouse id tag;tissue:brain_cns	brain_cns | genotype_comparison | conf=high |  | n=16
SRP144301	treatment	paclitaxel treated	normal	tissue:brain_cns	brain_cns | in_vivo_treatment_arms | conf=medium | pooled_samples | n=9
SRP144330	injected molecule	il-2/cd25	control pbs	tissue:blood_immune	blood_immune | in_vivo_treatment_arms | conf=high |  | n=7
SRP144341	surgery	roux en y gastric bypass (rygb)	sham	in:tissue=liver;tissue:gut	gut | in_vivo_treatment_arms | conf=high |  | n=251
SRP144317	treatment	oxycodone (0.25mg/kg/infusion) 4 hrs per day for 14 days	saline 4 hrs per day for 14 days	in:tissue=ventral striatum;tissue:brain_cns	brain_cns | in_vivo_treatment_arms | conf=high |  | n=22
SRP144372	isolate	mouse brain tissue - mitohnk	mouse brain tissue - control	tissue:brain_cns	brain_cns | in_vivo_treatment_arms | conf=medium | tumor_tissue;mixed_organisms | n=6
SRP144388	genotype	cd47-/-	wildtype	tissue:other	other | genotype_comparison | conf=high |  | n=27
SRP144584	surgery	roux en y gastric bypass (rygb) surgery	sham	in:tissue=liver;tissue:gut	gut | in_vivo_treatment_arms | conf=high |  | n=70
SRP144509	strain	kras	control	tissue:other	other | genotype_comparison | conf=high |  | n=10
SRP144689	surgery	clp	sham	tissue:blood_immune	blood_immune | in_vivo_treatment_arms | conf=high |  | n=12
SRP144717	genotype	hgfap/+;dpy30f/-	hgfap/+;dpy30f/+	in:source_name=dg tissue;tissue:heart	heart | genotype_comparison | conf=high |  | n=12
SRP144638	condition	selected	control	in:tissue=cerebellum;tissue:brain_cns	brain_cns | genotype_comparison | conf=medium |  | n=15
SRP144690	sample group	smad4-/-	wild type	tissue:other	other | genotype_comparison | conf=high |  | n=8
SRP144587	estrous cycle stage	proestrus	diestrus	ex:estrous cycle stage=na;tissue:brain_cns	brain_cns | other | conf=medium | pooled_samples | n=18
SRP144907	strain	b6xd2 f1	b6	in:stage=mii;tissue:reproductive	reproductive | genotype_comparison | conf=medium | pooled_samples | n=32
SRP144989	treatment	ang ii	basal	in:tissue=left atrium;tissue:other	other | in_vivo_treatment_arms | conf=medium |  | n=23
SRP145066	genotype	mckcre pitx2 fl/z	pitx2 fl/z	tissue:muscle	muscle | genotype_comparison | conf=high |  | n=6
SRP145021	genotype	r138x	wt	tissue:other	other | genotype_comparison | conf=high |  | n=9
SRP144932	treatment	prenatal stress	control	in:tissue=hypothalamic punch;in:dev_stage=e18.5;tissue:brain_cns	brain_cns | in_vivo_treatment_arms | conf=medium |  | n=46
SRP145067	infection	influenza	mock	tissue:lung	lung | in_vivo_treatment_arms | conf=high |  | n=36
SRP145104	mutation	mt-nd2 m.4738c>a	mt-nd5 m.11902 t>c	tissue:liver	liver | genotype_comparison | conf=high |  | n=11
SRP145144	conditions	tac	sham	tissue:heart	heart | in_vivo_treatment_arms | conf=medium |  | n=14
SRP145116	mouse model	stam	wt	in:treatment=vehicle;tissue:liver	liver | in_vivo_treatment_arms | conf=high |  | n=12
SRP145339	disease	infected with trypanosoma cruzi	non infected	tissue:blood_immune	blood_immune | in_vivo_treatment_arms | conf=high |  | n=6
SRP145318	strain	b6.129s2(c)-stat6tm1gru/j, c57bl/6-stat4em3adpmc/j	c57bl/6	tissue:lung	lung | genotype_comparison | conf=medium |  | n=15
SRP145412	tissue type	high grade glioma	normal brain cortex	tissue:tumor	tumor | between_subject_case_control | conf=medium | tumor_tissue | n=17
SRP145605	gut microbiome status	germ-free	conventional raised	in:tissue=duodenum;tissue:gut	gut | in_vivo_treatment_arms | conf=medium |  | n=375
SRP145607	gut microbiome status	germ-free	conventional raised	tissue:adipose	adipose | in_vivo_treatment_arms | conf=high |  | n=168
SRP145604	source_name	cutaneous teff cells_sa+spf	cutaneous teff cells_spf	tissue:other	other | in_vivo_treatment_arms | conf=high |  | n=15
SRP145671	liver status	chronic injury	control	tissue:liver	liver | between_subject_case_control | conf=medium |  | n=19
SRP146079	genotype/variation	overexpressing mir-155	control	in:cell subtype=gfp positive;tissue:blood_immune	blood_immune | genotype_comparison | conf=medium |  | n=12
SRP147103	treatment	cdh5-creert2::r26r-eyfp mice were injected i.p. with liposomes containing clodronate (cll; 1.8 mg/mouse). the treatment was performed one day before and every day after cardiotoxin (ctx) i.m. injection. five days after ctx injection, eyfp+ epcs were sorted from muscle of cll-treated mice.	cdh5-creert2::r26r-eyfp mice were injected i.p. with liposomes containing pbs (sham) as control. the treatment was performed one day before and every day after cardiotoxin (ctx) i.m. injection. five days after ctx injection, eyfp+ epcs were sorted from muscle of sham-treated mice.	tissue:muscle	muscle | in_vivo_treatment_arms | conf=high |  | n=6
SRP147556	genotype	id1-/-	id1+/+	tissue:blood_immune	blood_immune | genotype_comparison | conf=high |  | n=10
SRP147557	genotype/variation	nkx2-5 mutant	wild type	in:treatment=normoxia;tissue:heart	heart | genotype_comparison | conf=medium |  | n=10
SRP148141	sample type	ovalbumin(ova)-induced asthma model	control	tissue:lung	lung | in_vivo_treatment_arms | conf=high |  | n=10
SRP148281	treatment	growth hormone	pbs	tissue:liver	liver | in_vivo_treatment_arms | conf=high |  | n=96
SRP148279	genotype/variation	alk-smase knockout	wild type	tissue:gut	gut | genotype_comparison | conf=high |  | n=6
SRP148282	treatment	ghrelin injected	pbs injected	tissue:liver	liver | in_vivo_treatment_arms | conf=high |  | n=96
SRP148283	gut microbiome status	germ-free	conventional raised	in:tissue=ovary;tissue:reproductive	reproductive | in_vivo_treatment_arms | conf=high |  | n=128
SRP148411	group	hungry	ad lib	tissue:other	other | in_vivo_treatment_arms | conf=high |  | n=21
SRP148418	genotype/variation	chrebp ko	wt	in:tissue=liver;tissue:liver	liver | genotype_comparison | conf=high | tumor_tissue | n=40
SRP148291	treatment	denervation	ctr	ex:treatment=cardiotoxin;in:cell_type=fibroadipogenic progenitors;tissue:muscle	muscle | in_vivo_treatment_arms | conf=low |  | n=12
SRP148492	source_name	fm14;a2ar-ko rna-seq	fm14;a2ar-wt rna-seq	tissue:brain_cns	brain_cns | genotype_comparison | conf=high |  | n=18
SRP148491	genotype	atxn1[82q]	wild type	in:tissue=medulla;tissue:other	other | genotype_comparison | conf=medium |  | n=65
SRP148574	source_name	mir-146a ko	wt	in:developmental stage=p30;tissue:other	other | genotype_comparison | conf=high |  | n=50
SRP148616	treatment	ko	control	tissue:gut	gut | genotype_comparison | conf=medium |  | n=6
SRP148959	genotype	nur77ko	wt	in:agent=control;tissue:other	other | genotype_comparison | conf=medium |  | n=32
SRP148996	treatment	pregnant day 13.5 with injections of lps	pregnant day 13.5 with injections of saline	tissue:reproductive	reproductive | in_vivo_treatment_arms | conf=high |  | n=7
SRP148972	group	knock out	control	in:tissue=lung;tissue:other	other | genotype_comparison | conf=medium |  | n=18
SRP148999	genotype/variation	bmal1-stopfl (ko)	k14-cre (wt)	tissue:skin	skin | genotype_comparison | conf=medium |  | n=75
SRP149000	genotype	sox9.cko	wt	tissue:other	other | genotype_comparison | conf=high |  | n=12
SRP149072	source_name	cko	control	tissue:brain_cns	brain_cns | genotype_comparison | conf=high |  | n=16
SRP149099	genotype/variation	stab1 knock-out	wild type	in:age=2 week old;tissue:liver	liver | genotype_comparison | conf=high |  | n=15
SRP149128	source_name	treated primordial follicles	control primordial follicles	tissue:other	other | in_vivo_treatment_arms | conf=high |  | n=8
SRP149124	genotype/variation	hottip-tg	wt	tissue:blood_immune	blood_immune | genotype_comparison | conf=high |  | n=12
SRP149158	cre-genotpye	k14-cre+	k14-cre-	tissue:skin	skin | genotype_comparison | conf=high |  | n=24
SRP149159	cre-genotpye	k14-cre+	k14-cre-	tissue:skin	skin | genotype_comparison | conf=high |  | n=52
SRP149278	group	abortion prone	normal	tissue:reproductive	reproductive | between_subject_case_control | conf=high |  | n=6
SRP149190	genotype	atg16l1hm	wt	tissue:blood_immune	blood_immune | genotype_comparison | conf=high |  | n=8
SRP149344	genotype	casp8-ripk3-negative	wt	tissue:gut	gut | genotype_comparison | conf=high |  | n=15
SRP149422	treatment	exposed to bde-47 in corn oil from pregnancy day 8 till delivery and then to oil only till postpartum day 21	exposed to tocopherol striped corn oil from pregnancy day 8 till postpartum day 21	tissue:liver	liver | in_vivo_treatment_arms | conf=high |  | n=48
SRP149427	genotype/variation	r26-smom2/+ yapfl/fl k14creer	r26-smom2/+ k14creer	tissue:skin	skin | genotype_comparison | conf=high | tumor_tissue | n=6
SRP149357	genotype	bmal1-stopfl (ko)	k14-cre (wt)	tissue:skin	skin | genotype_comparison | conf=medium |  | n=72
SRP148980	genotype	akita (ins2(wt/c96y))	wt	tissue:other	other | genotype_comparison | conf=high | pooled_samples | n=6
SRP149483	genotype1	sirt1(+/t)	sirt1(+/+)	tissue:other	other | genotype_comparison | conf=high |  | n=8
SRP149487	genotype1	sirt1(+/t)	sirt1(+/+)	tissue:other	other | genotype_comparison | conf=high |  | n=8
SRP149490	group	nw	ww	tissue:brain_cns	brain_cns | in_vivo_treatment_arms | conf=high |  | n=16
SRP149485	genotype/variation	sgo1-1 (165-3)	wt-1 (167-2)	tissue:brain_cns	brain_cns | genotype_comparison | conf=high |  | n=6
SRP149497	source_name	tak1 conditional knockout_liver	control_liver	tissue:liver	liver | genotype_comparison | conf=high |  | n=6
SRP149553	genotype	ns-dadm	wild type	tissue:muscle	muscle | genotype_comparison | conf=high |  | n=6
SRP149657	genotype	dmxl2 loxp/-; amh-cre; ddx4-cre	dmxl2 loxp/loxp	tissue:reproductive	reproductive | genotype_comparison | conf=high |  | n=6
SRP149696	genotype/variation	six3;six6	wild type	tissue:brain_cns	brain_cns | genotype_comparison | conf=high |  | n=11
SRP149803	wound status	wounded	unwounded	in:tissue compartment=epidermis;in:treatment=untreated;tissue:other	other | in_vivo_treatment_arms | conf=medium |  | n=32
SRP149826	stage	lactation day 10	lactation day 1	tissue:reproductive	reproductive | time_course | conf=medium |  | n=7
SRP149974	genotype/variation	microglia-depleted	control	tissue:brain_cns	brain_cns | in_vivo_treatment_arms | conf=high |  | n=6
SRP149957	dev_stage	colitis developing	not applicable	tissue:gut	gut | between_subject_case_control | conf=medium |  | n=18
SRP150004	genotype	bladder urothelium dnmt1 knockout (dnmt1cko): shhcre/+; dnmt1flox/flox	cre negative litter mates	tissue:other	other | genotype_comparison | conf=high |  | n=28
SRP149892	treatment	in vivo 1x3hr +tnfα	in vivo 1x3hr -tnfα	ex:treatment=ex vivo 3hr +tnfα;ex:treatment=ex vivo 3hr -tnfα;ex:treatment=ex vivo 12hr +tnfα;ex:treatment=ex vivo 12hr -tnfα;ex:treatment=ex vivo 3hr in vivo +tnfα;ex:treatment=ex vivo 3hr in vivo -tnfα;ex:treatment=ex vivo 12hr in vivo +tnfα;ex:treatment=ex vivo 12hr in vivo -tnfα;tissue:blood_immune	blood_immune | in_vivo_treatment_arms | conf=medium |  | n=36
SRP150023	source_name	cd-1 mice intraperitoneally injected for 1 hour with pops liposomes	cd-1 mice intraperitoneally injected for 1 hour with pbs	tissue:other	other | in_vivo_treatment_arms | conf=high |  | n=9
SRP150090	identifier	tg_luxoid1_ges12_45110	tg_wt1_ges12_45107	tissue:reproductive	reproductive | genotype_comparison | conf=medium |  | n=6
SRP150211	genotype	nbce1 knockout	wild type	tissue:heart	heart | genotype_comparison | conf=high |  | n=12
SRP150238	treatment	doxycycline	vehicle	subj:isolate;tissue:heart	heart | in_vivo_treatment_arms | conf=medium |  | n=24
SRP150255	electroporated plasmid	kir-gfp	mcherry	tissue:brain_cns	brain_cns | in_vivo_treatment_arms | conf=medium |  | n=9
SRP150310	genotype/variation	smo* mutant	wt	tissue:other	other | genotype_comparison | conf=high |  | n=12
SRP150347	diet	low aa (td.140712)	control (td.140711)	tissue:liver	liver | in_vivo_treatment_arms | conf=high |  | n=16
SRP150269	treatment	perc	vehicle	in:dose=repeated;tissue:kidney	kidney | in_vivo_treatment_arms | conf=high |  | n=78
SRP150440	genotype	sirt2-/-	wild type	tissue:other	other | genotype_comparison | conf=high |  | n=9
SRP150424	genotype	tg_cd2_gata3	wild type	subj:sample id;tissue:other	other | genotype_comparison | conf=medium |  | n=12
SRP150400	replicate	delacag	wt	tissue:muscle	muscle | genotype_comparison | conf=medium |  | n=6
SRP150452	genotype	hcfc1 hepko/y	c57bl/6	in:sex=male;tissue:liver	liver | genotype_comparison | conf=medium |  | n=63
SRP150672	genotype	kraslsl-g12d/+; nkx2-1f/f	kraslsl-g12d/+	tissue:lung	lung | genotype_comparison | conf=medium | tumor_tissue | n=6
SRP150689	infected with	parasitized p. yoelii erythrocytes	none (uninfected)	in:tissue=liver;tissue:blood_immune	blood_immune | in_vivo_treatment_arms | conf=medium |  | n=18
SRP150687	infection	pr8, 9h post infection (intranasal)	allantoic fluid (mock), 9h post intranasal	in:mouse strain=c57/bl6;tissue:lung	lung | in_vivo_treatment_arms | conf=medium |  | n=192
SRP150721	genotype	stra8 knock-out	stra8 heterozygous	tissue:reproductive	reproductive | genotype_comparison | conf=high |  | n=14
SRP150787	genotype	tet2-/-	tet2fl/fl	in:cell type=granulocyte-monocyte progenitors (gmps), lin-ckit+sca1-cd150-cd16/32+;tissue:blood_immune	blood_immune | genotype_comparison | conf=high |  | n=16
SRP150873	genotype	transgenic overexpressing human snca	wt	tissue:brain_cns	brain_cns | genotype_comparison | conf=high |  | n=15
SRP150874	genotype	transgenic overexpressing human snca	wildtype	tissue:brain_cns	brain_cns | genotype_comparison | conf=high |  | n=13
SRP151014	genotype	bcl6-f/f ncr-cre+/-	bcl6-f/f	in:treatment=steady state;tissue:gut	gut | genotype_comparison | conf=medium |  | n=44
SRP151030	agent	bi 853520	natrosol	tissue:tumor	tumor | in_vivo_treatment_arms | conf=high | tumor_tissue | n=9
SRP151097	genotype	e(mu)-tcl1/ptpn22-/-	e(mu)-tcl1/ptpn22+/+	subj:isolate;tissue:other	other | genotype_comparison | conf=high | tumor_tissue | n=13
SRP151151	treatment	rxdx106	vehicle	tissue:tumor	tumor | in_vivo_treatment_arms | conf=medium | tumor_tissue | n=85
SRP151246	condition	adtgfbeta1	control	tissue:other	other | in_vivo_treatment_arms | conf=high |  | n=12
SRP151272	genotype	smad4-iecko	smad4f/f	tissue:brain_cns	brain_cns | genotype_comparison | conf=high |  | n=6
SRP151277	treatment	rxdx106	vehicle	tissue:tumor	tumor | in_vivo_treatment_arms | conf=high | tumor_tissue | n=80
SRP151295	genotype/variation	prmt5 olig2cre ko	wild-type	tissue:brain_cns	brain_cns | genotype_comparison | conf=high |  | n=6
SRP151298	treatment	rxdx106	vehicle	tissue:tumor	tumor | in_vivo_treatment_arms | conf=medium | tumor_tissue | n=24
SRP151280	phenotype	leukemic	control	in:tissue=intraepithelium;tissue:blood_immune	blood_immune | between_subject_case_control | conf=medium |  | n=22
SRP151308	treatment	rxdx106	vehicle	in:day=day4;tissue:tumor	tumor | in_vivo_treatment_arms | conf=high | tumor_tissue | n=101
SRP151332	genotype	cknock out	wild type	tissue:reproductive	reproductive | genotype_comparison | conf=high |  | n=12
SRP151414	treatment	regular food chronic hypoxia 5 days	regular food normoxia	tissue:other	other | in_vivo_treatment_arms | conf=high |  | n=12
SRP151441	treatment	rxdx106	vehicle	in:day=day 7;tissue:tumor	tumor | in_vivo_treatment_arms | conf=high | tumor_tissue | n=90
SRP151474	tissue	endothelial cell cd36 ko heart tissue	heart tissue	tissue:heart	heart | genotype_comparison | conf=high |  | n=22
SRP151455	cell_line	4t1	ct26	in:tissue=tumor;tissue:tumor	tumor | cell_type_or_region_comparison | conf=medium | tumor_tissue | n=45
SRP151481	genotype	lincrna-cox2 knockout	wild type	in:tissue=lung;in:treatment=lps;tissue:lung	lung | genotype_comparison | conf=high |  | n=30
SRP151489	experimental groups	folate diet-10d post castration	control diet-10d post castration	tissue:reproductive	reproductive | in_vivo_treatment_arms | conf=high |  | n=23
SRP151536	genotype	irf1-/-	wildtype	tissue:gut	gut | genotype_comparison | conf=medium |  | n=15
SRP151561	treatment	rxdx106	vehicle	ex:treatment=untreated;tissue:tumor	tumor | in_vivo_treatment_arms | conf=high | tumor_tissue | n=85
SRP151504	tissue	kidney-resident macrophages (krm) from ischemic (ras) kidneys	kidney-resident macrophages (krm) from control kidneys	tissue:blood_immune	blood_immune | in_vivo_treatment_arms | conf=high |  | n=21
SRP151664	genotype	tardbp ko	wt	tissue:reproductive	reproductive | genotype_comparison | conf=high |  | n=7
SRP151595	tissue	spontaneous tumors	mammary gland	ex:developmental stage=e18 embryo;tissue:tumor	tumor | between_subject_case_control | conf=medium | tumor_tissue | n=23
SRP151689	isolate	24h reperfusion am	naive am	subj:isolate;tissue:blood_immune	blood_immune | in_vivo_treatment_arms | conf=medium |  | n=12
SRP151712	genotype/variation	stat1-/-	wt	in:time point=pre-transfer;tissue:blood_immune	blood_immune | genotype_comparison | conf=medium | pooled_samples | n=12
SRP151677	tissue subtype	hepatocellular carcinoma	liver tisuue	tissue:liver	liver | between_subject_case_control | conf=medium | tumor_tissue | n=29
SRP151726	treatment	7.5mg/kg cocaine	saline	tissue:brain_cns	brain_cns | in_vivo_treatment_arms | conf=high |  | n=20
SRP151779	genotype	ox40-cre+ thpokfl/fl	ox40-cre-	in:population=gp66:i-ab+;tissue:other	other | genotype_comparison | conf=high |  | n=89
SRP151853	experimental group	pgm	control	tissue:brain_cns	brain_cns | genotype_comparison | conf=medium |  | n=15
SRP151888	genotype	apc heterozygous	wild type	tissue:gut	gut | genotype_comparison | conf=high | tumor_tissue | n=19
SRP151925	genotype	pdgfracre; chd7flox/flox	chd7flox/flox	tissue:brain_cns	brain_cns | genotype_comparison | conf=high |  | n=47
SRP151856	genotype/variation	sclcre;v617f (vf)	wt	tissue:blood_immune	blood_immune | genotype_comparison | conf=medium |  | n=32
SRP151927	infection	wild type	mock	tissue:other	other | in_vivo_treatment_arms | conf=high |  | n=15
SRP151955	genotype	oga(vav-cre)	wildtype	tissue:blood_immune	blood_immune | genotype_comparison | conf=high |  | n=6
SRP152327	genotype/variation	setd2-deficient	control	tissue:other	other | genotype_comparison | conf=high |  | n=6
SRP152146	treatment	fear conditioning	home cage	in:tissue=brain-amygdala;tissue:brain_cns	brain_cns | in_vivo_treatment_arms | conf=high | pooled_samples | n=30
SRP152570	strain	high-active	control	in:amphetamine treatment=saline;subj:animal_id;tissue:brain_cns	brain_cns | genotype_comparison | conf=high |  | n=20
SRP152623	genotype	foxp3yfp-cre/wtogtfl/fl	foxp3yfp-cre/wtogtwt/fl	tissue:other	other | genotype_comparison | conf=high |  | n=6
SRP152817	genotype	stim1fl/flstim2fl/fl mx1-cre	wild-type	tissue:blood_immune	blood_immune | genotype_comparison | conf=high | tumor_tissue | n=6
SRP152861	treatment	thc	vehicle	tissue:brain_cns	brain_cns | in_vivo_treatment_arms | conf=medium |  | n=12
SRP152802	genotype	cnot6l-/-	wt	in:developmental stage=mii;tissue:reproductive	reproductive | genotype_comparison | conf=medium | pooled_samples;mixed_organisms | n=20
SRP152871	genotype	lats2-cko	wt	tissue:tumor	tumor | genotype_comparison | conf=high | tumor_tissue | n=14
SRP152949	genotype	mfn2-r94q	ntg	tissue:brain_cns	brain_cns | genotype_comparison | conf=high |  | n=11
SRP152966	diet	if16	ad libitum	tissue:brain_cns	brain_cns | in_vivo_treatment_arms | conf=medium |  | n=72
SRP153029	treatment	microbead-injected	saline-injected	tissue:brain_cns	brain_cns | in_vivo_treatment_arms | conf=high |  | n=6
SRP153030	genotype/variation	b6.129s2-il6tm1kopf/j	wild type	tissue:brain_cns	brain_cns | genotype_comparison | conf=high |  | n=10
SRP153101	treatment	vismodegib - 6 days	control	tissue:skin	skin | in_vivo_treatment_arms | conf=high | tumor_tissue | n=15
SRP153071	diet	iron-loaded diet	normal diet	tissue:liver	liver | in_vivo_treatment_arms | conf=medium |  | n=12
SRP153147	expression vector	ad-cgrp-cre	ad-cmv-cre	tissue:lung	lung | in_vivo_treatment_arms | conf=medium | tumor_tissue | n=47
SRP153157	treatment	western diet/fructose-fed 24weeks	western diet/fructose-fed 0weeks	ex:preparation=isolated, facs sorted, cultured;tissue:liver	liver | in_vivo_treatment_arms | conf=medium |  | n=53
SRP153163	genotype/variation	capz lko	wild type	tissue:liver	liver | genotype_comparison | conf=high |  | n=8
SRP153200	infected with	influenza	pbs(mock)	tissue:lung	lung | in_vivo_treatment_arms | conf=high |  | n=25
SRP153160	treatment	diphtheria toxin-mediated injury; vehicle (pbs-treated)	no diphtheria toxin; vehicle (pbs-treated)	tissue:heart	heart | in_vivo_treatment_arms | conf=high |  | n=24
SRP153337	mouse group	dextran sulfate sodium (dss)-induced chronic colitis	control	tissue:gut	gut | in_vivo_treatment_arms | conf=high |  | n=6
SRP153242	treatment	amphetamine	saline	tissue:brain_cns	brain_cns | in_vivo_treatment_arms | conf=high |  | n=20
SRP153358	treatment	i/r	sham	tissue:liver	liver | in_vivo_treatment_arms | conf=high |  | n=9
SRP153374	genotype/variation	cko	control	tissue:brain_cns	brain_cns | genotype_comparison | conf=high |  | n=8
SRP153375	genotype	pdgfrbcreert2 +/t; rpl22-ha p/p; rbpj-lox p/p	pdgfrbcreert2 +/t; rpl22-ha p/p; rbpj-lox +/+	tissue:brain_cns	brain_cns | genotype_comparison | conf=high | targeted_assay_suspected | n=12
SRP153902	genotype/variation	dio3ko	wild type	tissue:reproductive	reproductive | genotype_comparison | conf=high |  | n=8
SRP153814	genotype/variation	bmal1 knockout	wt	tissue:liver	liver | genotype_comparison | conf=high |  | n=54
SRP153906	running protocole	high	basal	tissue:muscle	muscle | in_vivo_treatment_arms | conf=high |  | n=18
SRP154207	diet	high fat diet	control diet	tissue:brain_cns	brain_cns | in_vivo_treatment_arms | conf=high |  | n=8
SRP154146	treatment	tbi	sham	tissue:brain_cns	brain_cns | in_vivo_treatment_arms | conf=medium |  | n=58
SRP154319	treatment	ee	ctl	tissue:brain_cns	brain_cns | in_vivo_treatment_arms | conf=medium | pooled_samples | n=13
SRP154217	model	ng2-creertm	nestin-creert2	tissue:tumor	tumor | genotype_comparison | conf=medium | tumor_tissue | n=9
SRP154425	response to immunotherapy	responder	non-responder	tissue:other	other | between_subject_case_control | conf=high | tumor_tissue | n=48
SRP154465	source_name	mammary tumor	normal mammary epithelial cells	tissue:tumor	tumor | between_subject_case_control | conf=medium | tumor_tissue | n=16
SRP154838	genotype	ko	control	in:treatment=nd;tissue:adipose	adipose | genotype_comparison | conf=high |  | n=35
SRP154905	treatment	infected with 1e8 cfu uti89 wt kanr	mock infection (pbs)	tissue:other	other | in_vivo_treatment_arms | conf=medium |  | n=146
SRP154932	genotype	rb1/trp53/crebbp	rb1/trp53	tissue:tumor	tumor | genotype_comparison | conf=high | tumor_tissue | n=12
SRP154935	genotype	rb1/trp53/crebbp	rb1/trp53	tissue:tumor	tumor | genotype_comparison | conf=high | tumor_tissue | n=14
SRP154934	genotype	rb1/trp53/crebbp	rb1/trp53	tissue:tumor	tumor | genotype_comparison | conf=high | tumor_tissue | n=17
SRP154937	treatment	male parent chronically exposed to alcohol	control	tissue:liver	liver | in_vivo_treatment_arms | conf=high |  | n=6
SRP154942	dose	high	basal	in:tissue=liver;in:time=3h;tissue:liver	liver | in_vivo_treatment_arms | conf=medium |  | n=72
SRP154936	source_name	epidermis- cwo	epidermis- vehicle	in:tissue=epidermis;tissue:skin	skin | in_vivo_treatment_arms | conf=high | tumor_tissue;pooled_samples | n=13
SRP155044	genotyp	gata4 g295ski/wt	control	tissue:other	other | genotype_comparison | conf=high |  | n=10
SRP155020	genotype	sca3 knock-in mouse, homozygoous for duplicated q82 repeat in atxn3 gene	wild-type	in:source_name=pons;ex:genotype=unknown (repeat run) 1;ex:genotype=unknown (repeat run) 2;tissue:other	other | genotype_comparison | conf=medium |  | n=535
SRP155097	genotype	tg	non-tg	in:treatment=placebo (nacl);tissue:brain_cns	brain_cns | genotype_comparison | conf=medium |  | n=28
SRP155206	genetype	a20 conditional knockout	wild type	tissue:blood_immune	blood_immune | genotype_comparison | conf=high |  | n=6
SRP155346	genotype	mir-21 null	wt	tissue:blood_immune	blood_immune | genotype_comparison | conf=high | tumor_tissue | n=60
SRP155323	genotype	six2-cre;cox10-fl/fl	wild type	tissue:kidney	kidney | genotype_comparison | conf=high |  | n=8
SRP155199	source_name	9-10mo app/ps1 ribotag	9-10mo ribotag control for app/ps1	in:protocol=ribotag;tissue:brain_cns	brain_cns | genotype_comparison | conf=medium |  | n=70
SRP155404	genotype	dnmt3a_[delta]d329a	dnmt3a_++	tissue:brain_cns	brain_cns | genotype_comparison | conf=high |  | n=9
SRP155414	treatment	gk1.5 anti-cd4 monoclonal antibody	no treatment	tissue:lung	lung | in_vivo_treatment_arms | conf=high |  | n=8
SRP155372	treated with	60 mg/kg of ck2 inhibitor bms-595 (ck2i) for 2 weeks	vehicle (untreated)	tissue:blood_immune	blood_immune | in_vivo_treatment_arms | conf=medium |  | n=10
SRP155485	treatment	orchectomized	intact	tissue:kidney	kidney | in_vivo_treatment_arms | conf=high |  | n=22
SRP155714	group	abx	ctrl	in:tissue=scwat;tissue:adipose	adipose | in_vivo_treatment_arms | conf=medium |  | n=26
SRP155757	genotype	fus delta14	wildtype	ex:genotype=fus delta15;tissue:brain_cns	brain_cns | genotype_comparison | conf=high |  | n=18
SRP155684	strain	ob/ob(c57bl/6j)	c57bl/6j	tissue:gut	gut | genotype_comparison | conf=medium |  | n=18
SRP155851	disease state	glomerulonephritis (gn+)	control	tissue:brain_cns	brain_cns | in_vivo_treatment_arms | conf=high |  | n=12
SRP155836	ecotype	high fat diet	chow diet	in:tissue=liver (marcophage);subj:isolate;tissue:liver	liver | in_vivo_treatment_arms | conf=medium |  | n=26
SRP155931	treatment	retinopathy	control	tissue:brain_cns	brain_cns | in_vivo_treatment_arms | conf=medium |  | n=14
SRP155943	genotype/variation	exon swap a7hmz (p2-hnf4a only)	wt	in:diet=fed ad libitum (labdiet, #5001);tissue:liver	liver | genotype_comparison | conf=high |  | n=24
SRP155972	genotype/variation	tg26+klf15oe	tg26	tissue:other	other | genotype_comparison | conf=high |  | n=12
SRP156050	treatment	dt	pbs	tissue:blood_immune	blood_immune | in_vivo_treatment_arms | conf=high |  | n=7
SRP156218	genotype/variation	duxbl[ind] x pta[cre]	wild type	tissue:other	other | genotype_comparison | conf=high |  | n=8
SRP156264	source_name	liver from mice fed high fat diet	liver from mice fed control diet	tissue:liver	liver | in_vivo_treatment_arms | conf=high |  | n=8
SRP156226	source_name	postnatal day7_infection	postnatal day7_control	in:age=postnatal day7;tissue:brain_cns	brain_cns | in_vivo_treatment_arms | conf=high |  | n=17
SRP156285	disease state	stz diabetes	control	in:treatment=control;tissue:brain_cns	brain_cns | in_vivo_treatment_arms | conf=high |  | n=24
SRP156448	wnt1-stage	wnt1-early	wnt1-late	tissue:tumor	tumor | between_subject_case_control | conf=high | tumor_tissue | n=26
SRP156476	genotype	prdm12-/-	wild type	tissue:brain_cns	brain_cns | genotype_comparison | conf=high |  | n=8
SRP156451	classification	induced, gsk805 treated	induced, vehicle treated	in:classification=induced, gsk805 treated;in:classification=induced, vehicle treated;tissue:other	other | in_vivo_treatment_arms | conf=medium |  | n=20
SRP156518	treatment	bb- born from embryos subjected to blastomere biopsy	ctr - born from unmanipulated embryos	subj:isolate;tissue:liver	liver | in_vivo_treatment_arms | conf=high |  | n=10
SRP156566	genotype/variation	apolipoprotein e deficient (apoe-/-) reconstituted with netrin-1 deficient hematopietic stem cells	apolipoprotein e deficient (apoe-/-) reconstituted with wild type hematopietic stem cells	tissue:other	other | genotype_comparison | conf=high |  | n=16
SRP156577	cell type	lung squamous cell carcinoma	normal (healthy) tissue	tissue:lung	lung | between_subject_case_control | conf=high | tumor_tissue;ffpe_or_degraded | n=34
SRP156882	treatment	unilateral ureter obstruction	no treatment	tissue:kidney	kidney | in_vivo_treatment_arms | conf=high |  | n=15
SRP156859	genotype	wnt11tm1a/tm1a	wnt11+/+	in:tissue=whole kidney;tissue:kidney	kidney | genotype_comparison | conf=high |  | n=18
SRP156888	genotype	rac1 p29s/wt	rac1 wt/wt	tissue:tumor	tumor | genotype_comparison | conf=high | tumor_tissue | n=12
SRP156731	genotype	tg(bac1)/tg(bac1)	nontransgenic	in:source_name=placenta;tissue:reproductive	reproductive | genotype_comparison | conf=medium |  | n=20
SRP157610	treatment	fed with 0.2% bis-(cyclohexanone)-oxaldihydrazone (cuprizone) diet	control	tissue:other	other | in_vivo_treatment_arms | conf=medium |  | n=6
SRP157127	strain	tnf-transgenic mice (line 3647)	wild type	in:tissue=bone marrow;tissue:blood_immune	blood_immune | genotype_comparison | conf=medium |  | n=11
SRP157873	genotype	dlk f/d; advillin-cre	dlk f/wt	tissue:other	other | genotype_comparison | conf=medium |  | n=22
SRP157662	genotype	tfebtg_ccr2pos_mac-tfeb	tfebwt_ccr2pos_cx3cr1-cre	in:genotype=tfebtg_ccr2pos_mac-tfeb;in:genotype=tfebwt_ccr2pos_cx3cr1-cre;tissue:blood_immune	blood_immune | genotype_comparison | conf=medium |  | n=36
SRP157897	genotype	cremfl/fllyz2-cre	wt	tissue:blood_immune	blood_immune | genotype_comparison | conf=medium | tumor_tissue | n=7
SRP157900	genotype	transgenic (tau58/2)	non-transgenic	tissue:brain_cns	brain_cns | genotype_comparison | conf=high |  | n=24
SRP157934	genotype	acss2-/-	wild type	tissue:liver	liver | genotype_comparison | conf=high |  | n=6
SRP158007	treatment	exercise	control	tissue:brain_cns	brain_cns | in_vivo_treatment_arms | conf=high |  | n=16
SRP158103	genotype	foxp1 knockout	foxp1 control	in:cell type=basal epithelial cell;tissue:reproductive	reproductive | genotype_comparison | conf=high |  | n=12
SRP157978	genotype	bdnf-e1 -/-; oxt-cre; tdtom	bdnf-e1 +/+; oxt-cre; tdtom	in:treatment=aav1-dio-rpl22ha-gfp infusion into hypothalamus;subj:biologicalreplicate;tissue:brain_cns	brain_cns | genotype_comparison | conf=medium | pooled_samples | n=18
SRP158112	genotype	+; +/+	+/+	tissue:brain_cns	brain_cns | genotype_comparison | conf=high |  | n=16
SRP158162	genotype	sox9 preasko	sox9 floxed	tissue:adipose	adipose | genotype_comparison | conf=high | pooled_samples | n=44
SRP158170	treatment	lithium	vehicle	tissue:brain_cns	brain_cns | in_vivo_treatment_arms | conf=medium | tumor_tissue | n=6
SRP158292	genotype	foxo3 ko	wild type	tissue:gut	gut | genotype_comparison | conf=high | tumor_tissue | n=12
SRP158333	treatment	adoptive cell transfer (act) of pmel-1 t cells with nktr-214	adoptive cell transfer (act) of pmel-1 t cells with il-2	tissue:tumor	tumor | in_vivo_treatment_arms | conf=high | tumor_tissue | n=6
SRP158321	treatment	100µg poly(i:c)/mouse(i.p)	100µl ns/mouse(i.p)	in:tissue=lung tissue;tissue:brain_cns	brain_cns | in_vivo_treatment_arms | conf=high |  | n=12
SRP158376	genotype	alb-cre;ezh1-/-;ezh2f/f	wt	in:age=postnatal day 14;tissue:liver	liver | genotype_comparison | conf=medium |  | n=22
SRP158415	genotype	bcl6 fl/fl; alb-cre	bcl6 fl/fl	tissue:liver	liver | genotype_comparison | conf=medium |  | n=96
SRP158432	genotype	na transgenic	wild type (control)	tissue:blood_immune	blood_immune | genotype_comparison | conf=medium |  | n=11
SRP158468	agent	lcmv clone13 2x10^6pfu	control	tissue:adipose	adipose | in_vivo_treatment_arms | conf=high |  | n=12
SRP158431	tissue	mammary tumor tissue	normal mammary gland tissue	in:treatment=no treatment;tissue:tumor	tumor | between_subject_case_control | conf=high | tumor_tissue | n=12
SRP158518	treatment	tamoxifen	vehicle	tissue:skin	skin | in_vivo_treatment_arms | conf=medium |  | n=15
SRP158538	genotype	b6;129s2-nr4a1tm1jmi/j	wild type	tissue:adipose	adipose | genotype_comparison | conf=high |  | n=16
SRP158627	genotype	amhc-c/+;jarid2 f/f	amhc-+/+;jarid2 f/f	in:developmental stage=day 10;subj:source_name;tissue:heart	heart | genotype_comparison | conf=high |  | n=24
SRP158678	genotype	pax5+/- ebf1+/-	wt	in:cell type=prob;tissue:blood_immune	blood_immune | genotype_comparison | conf=medium | tumor_tissue | n=67
SRP158653	sample_specific_name	r380a	c57	tissue:blood_immune	blood_immune | genotype_comparison | conf=medium |  | n=7
SRP158682	source_name	fed under arrhythmic feeding paradigm (did not adapt fully); sacrificed at zt02	fed under ad-libitum feeding paradigm; sacrificed at zt02	in:tissue=liver;tissue:liver	liver | in_vivo_treatment_arms | conf=medium |  | n=72
SRP158761	source_name	rbpj ko	rbpj wt	tissue:other	other | genotype_comparison | conf=high |  | n=17
SRP158763	age/genotype	potsnatal day 10; fxr ko	potsnatal day 10; wild-type	tissue:reproductive	reproductive | genotype_comparison | conf=high |  | n=21
SRP158796	genotype/variation	stat2-/- 1	wild type	tissue:lung	lung | genotype_comparison | conf=high |  | n=8
SRP158887	genotype	xist-delta/mecp2-gfp-xist2lox females with nestin-cre transgene	xist-delta/mecp2-gfp-xist2lox females without nestin-cre transgene	tissue:brain_cns	brain_cns | genotype_comparison | conf=high |  | n=16
SRP159006	genotype	dhh::cre, conditional ep400	conditional ep400	tissue:other	other | genotype_comparison | conf=high |  | n=6
SRP159004	genotype	cnp1::cre, conditional rosa26stopflox-yfp, conditional ep400	cnp1::cre, conditional rosa26stopflox-yfp	tissue:brain_cns	brain_cns | genotype_comparison | conf=medium |  | n=6
SRP159017	bacterial community	core plus roseburia intestinalis	core	tissue:gut	gut | in_vivo_treatment_arms | conf=high |  | n=8
SRP158999	source_name	gfp+ aec (infected aec)	uninfected aec	tissue:lung	lung | in_vivo_treatment_arms | conf=medium | pooled_samples | n=15
SRP159048	treatment	cecal ligation and perforation	sham	tissue:blood_immune	blood_immune | in_vivo_treatment_arms | conf=high |  | n=6
SRP159065	genotype	brg1cko	brg1wt	tissue:reproductive	reproductive | genotype_comparison | conf=high |  | n=8
SRP159090	strain	balb/c	c57bl/6	in:genotype=wild type;tissue:skin	skin | genotype_comparison | conf=medium |  | n=9
SRP159121	breed	stam	den	tissue:liver	liver | genotype_comparison | conf=low | tumor_tissue | n=56
SRP159242	genotype/variation	nfatc1deltasumo	wild type	tissue:blood_immune	blood_immune | genotype_comparison | conf=high |  | n=6
SRP159463	treatment	aav9-shrna-hp1bp3	aav-scrmb-shrna	tissue:brain_cns	brain_cns | in_vivo_treatment_arms | conf=high |  | n=12
SRP159433	isolate	2w-ko1	2w-wt	subj:isolate;tissue:other	other | genotype_comparison | conf=medium |  | n=7
SRP159455	genotype/variation	egfrdep	wildtype	in:treatment=none;subj:mouse;tissue:skin	skin | genotype_comparison | conf=medium |  | n=48
SRP159502	genotype/variation	ko; 3xankrd31-/-	wild type; 3xankrd31+/+	tissue:reproductive	reproductive | genotype_comparison | conf=high |  | n=19
SRP159579	treatment_2	ccl4/hfd/etoh	oo/hfd/etoh	tissue:liver	liver | in_vivo_treatment_arms | conf=medium |  | n=15
SRP159568	genotype	ahr-/- rag1-/-	ahr+/+ rag1-/-	tissue:gut	gut | genotype_comparison | conf=medium |  | n=8
SRP159645	genotype	cmv-cre setd5 fl/+	wild type	in:tissue=left hippocampus, ca region;tissue:brain_cns	brain_cns | genotype_comparison | conf=medium |  | n=35
SRP159653	genotype	lrh-1 -/-	lrh-1 +/+	tissue:other	other | genotype_comparison | conf=medium |  | n=12
SRP159556	ambient temperature	5 tc	23 tc	tissue:adipose	adipose | in_vivo_treatment_arms | conf=high |  | n=13
SRP159688	tissue	vena cava as carotid artery bypass graft	vena cava as control	tissue:other	other | in_vivo_treatment_arms | conf=medium |  | n=17
SRP159985	treatment	['cs', '']	['control', '']	tissue:reproductive	reproductive | in_vivo_treatment_arms | conf=low |  | n=9
SRP160110	genotype	fap-/-	wild-type	tissue:adipose	adipose | genotype_comparison | conf=medium |  | n=10
SRP160525	genotype/variation	phf7 knockout	wild type	tissue:reproductive	reproductive | genotype_comparison | conf=high |  | n=6
SRP160439	source_name	pancreatic tumors developed in lifrf/f;kraslsl-g12d/+;trp53f/f;rosa26lsl-luc;pdx1-cre mice	pancreatic tumors developed in lifrwt;kraslsl-g12d/+;trp53f/f;rosa26lsl-luc;pdx1-cre mice	tissue:tumor	tumor | genotype_comparison | conf=high | tumor_tissue | n=8
SRP160877	diet	high fat	normal chow	tissue:blood_immune	blood_immune | in_vivo_treatment_arms | conf=medium | pooled_samples | n=12
SRP160883	placental genotype	mcm4^c3/c3 mcm2^gt/+	wild-type	tissue:reproductive	reproductive | genotype_comparison | conf=high |  | n=19
SRP161460	genotype	arid1a knocked out in pancreas	wild type arid1a in pancreas	tissue:other	other | genotype_comparison | conf=high |  | n=8
SRP161452	treatment	olanzapine was compounded into high fat diet (hfd) (45 kcal% from fat) at a concentration of 54 mg/kg of diet (olz-hfd, research diets, inc., d09092903, new brunswick, nj)	control diet 45 kcal % from fat d09092903	tissue:brain_cns	brain_cns | in_vivo_treatment_arms | conf=medium |  | n=32
SRP161461	treatment	30 µg/kg tcdd	sesame oil control	tissue:liver	liver | in_vivo_treatment_arms | conf=high |  | n=96
SRP160894	treatment	10 weeks hfd ad libitum followed by four days night restricted feeding	10 weeks chow ad libitum followed by four days night restricted feeding	tissue:liver	liver | in_vivo_treatment_arms | conf=medium |  | n=54
SRP161497	genotype/variation	imp2 null	wild type	ex:ip antibody=imp2 (home-made customized antibodies);tissue:muscle	muscle | genotype_comparison | conf=medium |  | n=10
SRP161565	condition	disease	control	in:tissue=whole blood;tissue:blood_immune	blood_immune | in_vivo_treatment_arms | conf=high |  | n=17
SRP161564	condition	disease	control	tissue:lung	lung | in_vivo_treatment_arms | conf=high |  | n=110
SRP161569	condition	disease	control	tissue:blood_immune	blood_immune | in_vivo_treatment_arms | conf=high |  | n=97
SRP161566	condition	disease	control	in:tissue=whole lung;tissue:blood_immune	blood_immune | in_vivo_treatment_arms | conf=high |  | n=124
SRP161570	condition	disease	control	tissue:blood_immune	blood_immune | in_vivo_treatment_arms | conf=high |  | n=107
SRP161775	genotype	phf6 ko	wt	tissue:brain_cns	brain_cns | genotype_comparison | conf=high |  | n=18
SRP161726	treatment 1	ddc	bd	tissue:liver	liver | in_vivo_treatment_arms | conf=high |  | n=40
SRP161894	treatment	hdl + lna92a	hdl	tissue:other	other | in_vivo_treatment_arms | conf=high |  | n=20
SRP161811	genotype/variation	miz1 deltapoz	miz1 wt	subj:mouse id number;tissue:blood_immune	blood_immune | genotype_comparison | conf=medium | tumor_tissue | n=16
SRP161896	variation	h19-dmr and ig-dmr ko	wildtype	tissue:brain_cns	brain_cns | genotype_comparison | conf=medium |  | n=14
SRP161856	treatment	caws challenged	naïve	in:cell type=cardiac macrophages;tissue:blood_immune	blood_immune | in_vivo_treatment_arms | conf=medium | pooled_samples | n=21
SRP161897	infection	intracerebral infection of tmev	intracerebral injection of pbs	in:time=35 days p.i.;tissue:brain_cns	brain_cns | in_vivo_treatment_arms | conf=high |  | n=120
SRP161948	treatment	vili 6 h mice	control mice	tissue:lung	lung | in_vivo_treatment_arms | conf=high |  | n=9
SRP162099	transfection	transfection of c-myc/n-ras plus polyic and pd-l1 ab treatment	transfection of c-myc/n-ras	tissue:liver	liver | in_vivo_treatment_arms | conf=medium |  | n=12
SRP162260	genotype/variation	hdac5aa expressing retina with optic nerve crush	gfp expressing retina with optic nerve crush	tissue:brain_cns	brain_cns | in_vivo_treatment_arms | conf=high |  | n=16
SRP162249	genotype/variation	mfus-/-/hgfus r521c	non-tg	tissue:brain_cns	brain_cns | genotype_comparison | conf=high |  | n=14
SRP162303	genotype	snon cko	wild type	tissue:brain_cns	brain_cns | genotype_comparison | conf=high |  | n=6
SRP162271	source_name	germ free	specific pathogen free	in:tissue=brain;tissue:brain_cns	brain_cns | in_vivo_treatment_arms | conf=medium | targeted_assay_suspected | n=46
SRP162305	genotype	knockout	wild type	tissue:brain_cns	brain_cns | genotype_comparison | conf=high |  | n=12
SRP162318	genotype	coq9r239x	coq9+/+	tissue:brain_cns	brain_cns | genotype_comparison | conf=high |  | n=15
SRP162346	genotype	arl13b-/-	wild-type	tissue:other	other | genotype_comparison | conf=high |  | n=6
SRP162359	genotype	k107r k107r homozygote	wt wt homogygote	in:tissue=ewat;tissue:adipose	adipose | genotype_comparison | conf=medium |  | n=16
SRP162456	genotype	b6sjlsod1-g93a	b6sjlsod1-wt	ex:genotype=mixed genotype: b6sjlsod1-wt and b6sjlsod1-g93a;ex:genotype=atg7(fl/fl);chatcre(+/-);sod(+/-);subj:mouse id;tissue:brain_cns	brain_cns | genotype_comparison | conf=high |  | n=330
SRP162383	genotype/variation	mtm1 -/-	wild type	tissue:muscle	muscle | genotype_comparison | conf=high |  | n=16
SRP162527	genotype/variation	ko; igf2enh-/-	wt	in:tissue region=striatum of the mouse brain [str];tissue:other	other | genotype_comparison | conf=high |  | n=54
SRP162537	genotype	d316a transgenic (gain-of-function d316a-tg)	wild type transgenic (ampkg1-wt)	in:diet=hfd;tissue:adipose	adipose | genotype_comparison | conf=high |  | n=112
SRP162535	genotype/variation	rorc ko	rorc wt	in:genotype/variation=rorc ko;in:genotype/variation=rorc wt;tissue:blood_immune	blood_immune | genotype_comparison | conf=high |  | n=12
SRP162823	genotype	tg	wt	tissue:brain_cns	brain_cns | genotype_comparison | conf=high |  | n=6
SRP162775	genotype	jarid2-ko	wild-type	in:cell type=hematopoietic stem cell (hsc);tissue:other	other | genotype_comparison | conf=medium |  | n=48
SRP162957	genotype	albumin-cre+/-; htr2aflox/flox	htr2aflox/flox	tissue:liver	liver | genotype_comparison | conf=high |  | n=6
SRP163014	genotype	ptpro-/-	wild type	tissue:tumor	tumor | genotype_comparison | conf=high | tumor_tissue | n=6
SRP162985	remarks	etoh-fed-biological replicate-1	pair-fed-biological replicate-1	tissue:liver	liver | in_vivo_treatment_arms | conf=medium |  | n=6
SRP163117	cell type	tbetko gc bcells	wt gc bcells	tissue:blood_immune	blood_immune | genotype_comparison | conf=high |  | n=12
SRP163144	genotype	cyp2b9/10/13-null (cyp2bnull)	wild type (wt)	tissue:liver	liver | genotype_comparison | conf=medium |  | n=24
SRP163175	diet	high-fat/high-sucrose (hf/hs)	standard (std)	tissue:adipose	adipose | in_vivo_treatment_arms | conf=high |  | n=48
SRP163621	genotype	ko	wt	tissue:blood_immune	blood_immune | genotype_comparison | conf=high |  | n=24
SRP163494	genotype	aged gas1ko	aged control	tissue:muscle	muscle | genotype_comparison | conf=medium |  | n=12
SRP163680	genotype/variation	dlx5/6::cre;ebf1fl/-	control	tissue:brain_cns	brain_cns | genotype_comparison | conf=high |  | n=9
SRP163497	treatment	tcpobop	pcn	tissue:liver	liver | in_vivo_treatment_arms | conf=medium |  | n=15
SRP164581	genotype	bcl11b f/f foxp3-yfp-cre/+	bcl11b f/+ foxp3-yfp-cre/+	tissue:other	other | genotype_comparison | conf=high |  | n=8
SRP164658	diet	high phosphate	normal phosphate	tissue:muscle	muscle | in_vivo_treatment_arms | conf=high |  | n=6
SRP164689	genotype	adiponectin-cre ert2-atg3 flox/flox	wt	tissue:adipose	adipose | genotype_comparison | conf=high |  | n=8
SRP164691	genotype	ash2l cko	wt	tissue:brain_cns	brain_cns | genotype_comparison | conf=high |  | n=12
SRP164704	drug tx	esomeprazole, 2 mg/kg, ip	vehicle	in:tissue=hippocampus;tissue:brain_cns	brain_cns | in_vivo_treatment_arms | conf=high |  | n=48
SRP164677	diet	cdahfd	normal diet	in:genotype/variation=wild type;tissue:liver	liver | in_vivo_treatment_arms | conf=high |  | n=20
SRP164742	genotype	scl-tta-tre;p210-bcr-abl;mx1 cre; apkczeta[-/-;]apkclambda[delta/delta]	scl-tta-tre;p210-bcr-abl;mx1 cre; wt	tissue:blood_immune	blood_immune | genotype_comparison | conf=high | tumor_tissue | n=6
SRP164765	treatment	lentiviruses expressing wt dgcr8	lentiviruses expressing luc	tissue:other	other | in_vivo_treatment_arms | conf=medium |  | n=12
SRP164766	treatment	lentiviruses expressing pc2	lentiviruses expressing luc	tissue:other	other | in_vivo_treatment_arms | conf=high |  | n=9
SRP164888	agent	lps	saline	tissue:kidney	kidney | in_vivo_treatment_arms | conf=high |  | n=6
SRP164941	aav	lcn2	gfp	tissue:adipose	adipose | in_vivo_treatment_arms | conf=high |  | n=8
SRP165189	genotype	lmx1b fl/fl;pitx3-cre driven conditional ko	lmx1b wt/wt;pitx3-cre	tissue:brain_cns	brain_cns | genotype_comparison | conf=high |  | n=12
SRP165219	genotype	apc1322t/+	apcmin/+	tissue:other	other | genotype_comparison | conf=high | tumor_tissue | n=6
SRP164937	replicate	replicate = ko biological replicate 1	replicate = cont biological replicate 1	tissue:other	other | genotype_comparison | conf=low |  | n=19
SRP165196	group	treatment	control	tissue:blood_immune	blood_immune | in_vivo_treatment_arms | conf=medium |  | n=36
SRP165599	isolate	pdox	naive_control	subj:isolate;tissue:muscle	muscle | in_vivo_treatment_arms | conf=high | tumor_tissue | n=8
SRP165628	condition	yap2-5sa-dc transgenic mouse	control	tissue:skin	skin | genotype_comparison | conf=high |  | n=6
SRP165608	treatment	iri	sham	in:fraction=bound (cell-type specific);tissue:kidney	kidney | in_vivo_treatment_arms | conf=medium |  | n=48
SRP165625	genotype	cd300f-/-	wt	tissue:brain_cns	brain_cns | genotype_comparison | conf=medium |  | n=14
SRP165687	genotype/variation	dlx1/2 -/- mutant	wild type	tissue:other	other | genotype_comparison | conf=high |  | n=6
SRP165738	source_name	tbx3 +/- gfp-positive av node	wt gfp-positive av node	tissue:heart	heart | genotype_comparison | conf=high |  | n=12
SRP165748	genotype	foxp1fl/fl foxp3-yfp-cre	foxp3-yfp-cre	tissue:other	other | genotype_comparison | conf=medium |  | n=8
SRP165834	genotype/variation	cd4cre junbfl/fl	junbfl/fl	tissue:other	other | genotype_comparison | conf=high |  | n=6
SRP165796	stimulation	ifngamma	pbs	in:tissue=kidney;tissue:kidney	kidney | in_vivo_treatment_arms | conf=medium |  | n=94
SRP165894	diet	hfd	ncd	in:genotype=wt;tissue:liver	liver | in_vivo_treatment_arms | conf=medium |  | n=12
SRP165855	protocol	transverse aortic constriction	sham	tissue:heart	heart | in_vivo_treatment_arms | conf=high |  | n=9
SRP165897	lna	mafg lna	ctrl neg a	tissue:liver	liver | in_vivo_treatment_arms | conf=high |  | n=24
SRP165895	feeding regime	16 hours fasted	ad libitum	tissue:liver	liver | in_vivo_treatment_arms | conf=high |  | n=12
SRP165919	infection	pa103 in p (1x106 cfu/mouse)	control	tissue:lung	lung | in_vivo_treatment_arms | conf=high |  | n=12
SRP165906	disease	lcmv clone 13 + cd4 depletion	none	tissue:other	other | between_subject_case_control | conf=medium |  | n=24
SRP165945	treatment	way-362450	vehicle	tissue:liver	liver | in_vivo_treatment_arms | conf=high |  | n=6
SRP166008	genotype	bdnf met/+	wild type	tissue:brain_cns	brain_cns | genotype_comparison | conf=medium |  | n=10
SRP166005	condition	aki	qui	in:macrophage origin=krm;tissue:blood_immune	blood_immune | in_vivo_treatment_arms | conf=medium |  | n=15
SRP166067	genotype/variation	pu.1-/-	wild type	tissue:other	other | genotype_comparison | conf=medium |  | n=12
SRP166270	p53 status	p53 null	p53 wt	tissue:liver	liver | genotype_comparison | conf=medium |  | n=7
SRP166323	treatment	bpa	corn oil	in:tissue=liver;tissue:adipose	adipose | in_vivo_treatment_arms | conf=high |  | n=18
SRP166276	genotype/variation	synbindindeltaiec	synbindinflox	in:source_name=colon tumor;tissue:gut	gut | genotype_comparison | conf=medium | tumor_tissue | n=12
SRP166551	genotype	norad-/-	norad+/+	in:source_name=brain;tissue:brain_cns	brain_cns | genotype_comparison | conf=high |  | n=12
SRP166781	genotype	pad4-/-	wt	in:agent=imiqu;in:tissue=spln;tissue:other	other | genotype_comparison | conf=medium |  | n=30
SRP166762	timecourse	day3	day0	in:age=young;tissue:muscle	muscle | in_vivo_treatment_arms | conf=medium |  | n=41
SRP166846	genotype	bcorfl/fl;lck-cre+;rorcgfp	bcorfl/fl;lck-cre-;rorcgfp	in:cell type=rorgt+cxcr5-;tissue:blood_immune	blood_immune | genotype_comparison | conf=medium |  | n=36
SRP166848	genotype/variation	a subunit of mitochondrial complex iii (qpc) knockout	wild type	tissue:lung	lung | genotype_comparison | conf=high |  | n=8
SRP166778	genotype/variation	dux knockout (ko)	dux wildtype (wt)	in:developmental stage=2-cell embryo;tissue:other	other | genotype_comparison | conf=medium | pooled_samples | n=10
SRP166867	treatment	collagen induced arthritis	control	tissue:other	other | genotype_comparison | conf=medium |  | n=8
SRP166851	paternal diet	low-protein diet (lpd)	control diet (cd)	in:generation=offspring (f1 generation);tissue:adipose	adipose | in_vivo_treatment_arms | conf=high |  | n=40
SRP166878	genotype/variation	foxa2 knockout (uterus)	foxa2 wildtype	in:tissue=placenta;tissue:brain_cns	brain_cns | genotype_comparison | conf=high |  | n=32
SRP166884	infection	r. conorii	uninfected control	tissue:lung	lung | in_vivo_treatment_arms | conf=high |  | n=6
SRP166854	genotype	fgfr2s252w	wt	in:tissue=mandibular bone;tissue:other	other | genotype_comparison | conf=medium |  | n=18
SRP166961	genotype/variation	yap cko ; rax-creert2	yap cko	ex:age=post natal day 30;tissue:brain_cns	brain_cns | genotype_comparison | conf=medium |  | n=9
SRP166996	genotype/variation	k14-rtta; treflbmi-1	k14-rtta only	tissue:other	other | genotype_comparison | conf=high |  | n=9
SRP167050	genotype	paupar -/-	paupar +/+	tissue:other	other | genotype_comparison | conf=high |  | n=6
SRP167045	genotype/variation	il2ra (cd25) ko	wt	in:tissue=thymus;tissue:blood_immune	blood_immune | genotype_comparison | conf=high |  | n=18
SRP167104	genotype	nrn1-/-	nrn1+/-	tissue:other	other | genotype_comparison | conf=high |  | n=6
SRP167199	genotype	k5-rtta:teto-rankl	control	tissue:other	other | genotype_comparison | conf=high | pooled_samples | n=24
SRP167331	genotype	mettl21e ko	wild type	tissue:muscle	muscle | genotype_comparison | conf=high |  | n=6
SRP167102	genotype	nrn-/-	nrn1+/-	tissue:other	other | genotype_comparison | conf=medium |  | n=6
SRP167428	genotype	esr1flox/flox; nkx2-1cre tg/+	esr1flox/flox	tissue:blood_immune	blood_immune | genotype_comparison | conf=high |  | n=8
SRP167405	treatment	hfd-fmt	nd-fmt	tissue:reproductive	reproductive | in_vivo_treatment_arms | conf=medium |  | n=8
SRP167455	treatment	ouabain	saline	tissue:liver	liver | in_vivo_treatment_arms | conf=high |  | n=18
SRP167657	treatment	germ free	conventionally raised	tissue:other	other | in_vivo_treatment_arms | conf=high |  | n=6
SRP167691	treatment	doxycycline	amoxicillin (control)	in:molecule subtype=total rna;tissue:liver	liver | in_vivo_treatment_arms | conf=medium |  | n=38
SRP167696	genotype	mutant	wild type	tissue:adipose	adipose | genotype_comparison | conf=high |  | n=6
SRP167692	genotype	atxn1-154q/2q ki	wild-type	in:tissue=cerebellum;in:age=12 weeks old;tissue:brain_cns	brain_cns | genotype_comparison | conf=high |  | n=48
SRP167707	treatment	exercised	sedentary	in:tissue=gastrocnemius muscle;in:age=18 months;tissue:muscle	muscle | in_vivo_treatment_arms | conf=high |  | n=99
SRP167706	lentivirus	shxbp1	shscrmbl	in:source_name=flow cytometry sorted astrocytes;tissue:other	other | in_vivo_treatment_arms | conf=medium |  | n=19
SRP167708	genotype	tie2-gfp; pdgfb-creer; bcatex3fl	tie2-gfp	in:cell type=vascular endothelial cells;tissue:other	other | genotype_comparison | conf=medium | pooled_samples | n=24
SRP167828	genotype	ucp1(-/-)	wildtype	tissue:adipose	adipose | genotype_comparison | conf=high |  | n=6
SRP167865	genotype	ucp1 ko	wt	in:tissue=brown fat (bat);tissue:adipose	adipose | genotype_comparison | conf=medium |  | n=80
SRP167876	treatment	40mg/kg [beta]-cyp	control	tissue:liver	liver | in_vivo_treatment_arms | conf=high |  | n=14
SRP167940	genotype/variation	ezh2 -/-	wild type	tissue:skin	skin | genotype_comparison | conf=high |  | n=8
SRP167962	agent	60 mj/cm2 uvb-irradiation	none	in:source_name=epidermis;tissue:skin	skin | in_vivo_treatment_arms | conf=medium | tumor_tissue | n=16
SRP168132	genotype	esr1fl/fl;nkx2-1-cre	esr1fl/fl	tissue:other	other | genotype_comparison | conf=high |  | n=6
SRP167988	treatment	7 daily injections of asparaginase	7 daily injections of pbs	tissue:liver	liver | in_vivo_treatment_arms | conf=high |  | n=18
SRP168247	adam10 gene	knockout	wildtype	tissue:other	other | genotype_comparison | conf=medium |  | n=6
SRP168283	treatment	regn1193 (10 mg/kg)	regn496 (10 mg/kg)	tissue:liver	liver | in_vivo_treatment_arms | conf=high |  | n=23
SRP168225	genotype	md4 bcr-tg cd23-cre ikzf1(fl/fl)	md4 bcr-tg cd23-cre ikzf1(fl/+)	ex:cell preparation=1-day cpg stimulation, in-vitro, facs-sorted;tissue:blood_immune	blood_immune | genotype_comparison | conf=medium |  | n=28
SRP168346	source_name	islets of langherans isolated from lmna lcs mice	islets of langherans isolated from wt mice	tissue:other	other | genotype_comparison | conf=high | pooled_samples | n=6
SRP168380	knockdown	acss2	control	in:treatment=etoh;in:source_name=dorsal hippocampus;tissue:brain_cns	brain_cns | in_vivo_treatment_arms | conf=medium |  | n=21
SRP168431	genotype	rarb (intestinal epithelial cell specific-)ko	rarb floxed mice (wildtype)	tissue:gut	gut | genotype_comparison | conf=high |  | n=6
SRP168429	genotype/variation	scf_ko_fl_lepr	scf_fl_fl	in:cell type=precfu-e;subj:sample id;tissue:gut	gut | genotype_comparison | conf=medium |  | n=18
SRP168527	treatment	imq	veh	tissue:brain_cns	brain_cns | in_vivo_treatment_arms | conf=high |  | n=24
SRP168448	treatment	ko	wt	ex:treatment=18m;ex:treatment=3m;tissue:other	other | genotype_comparison | conf=low |  | n=12
SRP168559	genotype	top1mt -/-	wt	tissue:liver	liver | genotype_comparison | conf=high | tumor_tissue | n=6
SRP168636	exposure	apap+ibu	control	tissue:reproductive	reproductive | in_vivo_treatment_arms | conf=high |  | n=6
SRP168570	genotype/variation	jak3 mutant + suz12 inactivated - cd8+ sp	wildtype - cd8+ sp	in:genotype/variation=wildtype - cd8+ sp;in:genotype/variation=jak3 mutant + suz12 inactivated - cd8+ sp;tissue:other	other | genotype_comparison | conf=medium | tumor_tissue | n=23
SRP168573	cultivar	mice	saline raw sequence reads	subj:isolate;tissue:heart	heart | in_vivo_treatment_arms | conf=medium |  | n=10
SRP168746	treatment	2.5 ppm ias in drinking water for 24 weeks	normal drinking water	tissue:muscle	muscle | in_vivo_treatment_arms | conf=high |  | n=6
SRP168748	genotype	coro1-/-	wt	tissue:blood_immune	blood_immune | genotype_comparison | conf=medium |  | n=12
SRP168741	strain	flexdux4/+; mcm/+	acta1-mcm/+	subj:mouse id;tissue:muscle	muscle | genotype_comparison | conf=medium |  | n=12
SRP168822	source_name	estrogen	vehicle	tissue:other	other | in_vivo_treatment_arms | conf=high |  | n=20
SRP169123	dev_stage	recurrent	primary	tissue:tumor	tumor | between_subject_case_control | conf=medium | tumor_tissue | n=9
SRP169553	genotype/variation	dm	wt	tissue:blood_immune	blood_immune | genotype_comparison | conf=high |  | n=17
SRP169507	tissue	mammary tumor from pik3cah1047r/+ mammary gland transduced with pooled lentivirus encoding patient derived lesions.	mammary tumor from pik3cah1047r/+ mammary gland.	tissue:tumor	tumor | in_vivo_treatment_arms | conf=medium | tumor_tissue | n=43
SRP169858	infection status	e. coli-infected	uninfected	tissue:liver	liver | genotype_comparison | conf=high |  | n=32
SRP169935	strain	bcl6-floxed, ucp1cre (c57bl/6j)	bcl6-floxed (c57bl/6j)	tissue:adipose	adipose | genotype_comparison | conf=medium |  | n=16
SRP169946	diet	high fat diet with doxycycline	high fat diet	tissue:liver	liver | in_vivo_treatment_arms | conf=medium |  | n=12
SRP169971	genotype/variation	rx1flfl;rx3fl/fl;dhhcre	nf1fl/fl;dhhcre	tissue:other	other | genotype_comparison | conf=medium | tumor_tissue | n=6
SRP169992	treatment	infected with c. neoformans	uninfected	in:tissue=brain;tissue:brain_cns	brain_cns | in_vivo_treatment_arms | conf=high | mixed_organisms | n=11
SRP170071	diet	824018 - 45% afe fat	rm1 expanded diet	in:cell type=sorted liver nk cells;tissue:blood_immune	blood_immune | in_vivo_treatment_arms | conf=medium |  | n=24
SRP170244	disease	hcv-infected (genotype 1b)	healthy	subj:strain;tissue:liver	liver | between_subject_case_control | conf=medium |  | n=15
SRP170548	genotype	tbx21 ko	wt	in:cell type=ink;ex:cell type=mnk2;tissue:blood_immune	blood_immune | genotype_comparison | conf=medium |  | n=15
SRP170677	lin28a expression	global expression	none (control)	ex:lin28a expression=expression in the lung epithelial cells;ex:lin28a expression=expression in the mesenchymal cells;tissue:lung	lung | genotype_comparison | conf=high |  | n=34
SRP170934	diet	low-nacl diet	high-nacl diet	tissue:kidney	kidney | in_vivo_treatment_arms | conf=high |  | n=6
SRP171059	genotype/variation	adamts17-/-	wild type	tissue:other	other | genotype_comparison | conf=high |  | n=6
SRP170940	genotype/strain	neurod1-floxed/floxed; rip-cre+; c56bl/j	neurod1-floxed/floxed; c56bl/j	tissue:other	other | genotype_comparison | conf=high |  | n=6
SRP171143	genotype	manf +/-	manf +/+	tissue:liver	liver | genotype_comparison | conf=high |  | n=8
SRP171158	genotype	cat/+; hr/+	cat/+	tissue:lung	lung | genotype_comparison | conf=high | tumor_tissue | n=23
SRP171149	treatment	hmanf htv	cntrl htv	tissue:liver	liver | in_vivo_treatment_arms | conf=high |  | n=16
SRP171159	treatment	intranasally administered pru p 3 in combination with lps + pru p 3 challenge to induced anaphylaxis	intranasally administered vehicle + pr p 3 challenge	tissue:other	other | in_vivo_treatment_arms | conf=high |  | n=10
SRP171142	parabiosis pair	o-ygwt	o-o	in:age=21 mo;tissue:liver	liver | in_vivo_treatment_arms | conf=medium |  | n=25
SRP171160	genotype/variation	col2a1cre;idh1 fl/+	col2a1cre	tissue:other	other | genotype_comparison | conf=medium |  | n=8
SRP171222	genotype	mazrf/f dereg-egfp+ cd4-cre+	wild type dereg-egfp+	tissue:other	other | genotype_comparison | conf=high |  | n=6
SRP171575	agent	lifelong cl-13 infection with double treatment anti-pdl1+lps	lifelong cl-13 infection with single treatment anti-pdl1	tissue:blood_immune	blood_immune | in_vivo_treatment_arms | conf=medium |  | n=7
SRP171632	treatment	stz treatment	no treatment	tissue:other	other | in_vivo_treatment_arms | conf=high |  | n=6
SRP171796	tissue	liver-tumor	liver	ex:tissue=liver-paratumor;subj:isolation_source;tissue:liver	liver | between_subject_case_control | conf=medium | tumor_tissue | n=19
SRP172500	treatment	0.25mg 17[beta]-estradiol pellet	placebo pellet	tissue:adipose	adipose | in_vivo_treatment_arms | conf=high |  | n=15
SRP172453	genotype/variation	nemoiec-ko	nemofl/fl	tissue:gut	gut | genotype_comparison | conf=high |  | n=25
SRP172178	duration after star ko	8 wks	before	tissue:kidney	kidney | time_course | conf=medium |  | n=13
SRP172508	treatment	12hr after single morphine i.p. injection, 10mg/kg	12hr after single saline i.p. injection	tissue:other	other | in_vivo_treatment_arms | conf=high |  | n=16
SRP172565	genotype	mecp2 knock out	wild type	in:source_name=cortex whole cell;tissue:brain_cns	brain_cns | genotype_comparison | conf=high |  | n=54
SRP172692	genotype	vavcre; jak2v617f; cdk6+/+	vavcre; jak2+/+; cdk6+/+	in:treatment=untreated;tissue:blood_immune	blood_immune | genotype_comparison | conf=high |  | n=15
SRP172731	genotype	p53ko	p53 wt	tissue:muscle	muscle | genotype_comparison | conf=medium |  | n=63
SRP172741	treatment	pd1.ctla4	no	in:tissue=mammary tumor;ex:tissue=cell line;tissue:tumor	tumor | in_vivo_treatment_arms | conf=medium | tumor_tissue | n=270
SRP172733	genotype	hepatocyte-specific deletion of pten, pten-/-	wild type	ex:age=16 month old, tumour;ex:age=12 month old, tumour;ex:age=7 month old, tumour;tissue:liver	liver | genotype_comparison | conf=high | tumor_tissue | n=99
SRP172752	source_name	re6-9+/- ventricles	re6-9+/+ ventricles	tissue:heart	heart | genotype_comparison | conf=high |  | n=6
SRP172770	mouse strain	yap5sa+/tg; myh6-mcm	myh6-mcm	tissue:other	other | genotype_comparison | conf=medium |  | n=16
SRP172785	treatement	diphteria toxin	control pbs1x	tissue:reproductive	reproductive | in_vivo_treatment_arms | conf=high |  | n=8
SRP172844	genotype/variation	sox10fl/fl	wild type	tissue:other	other | genotype_comparison | conf=high |  | n=7
SRP172787	genotype	transgenic	wild-type	tissue:brain_cns	brain_cns | genotype_comparison | conf=high |  | n=96
SRP172857	genotype	zfp36-delta-iec	zfp36fl/fl	tissue:gut	gut | genotype_comparison | conf=high |  | n=6
SRP172870	genotype	sox10-tta;tre-dnegfr	tre-dnegfr	in:age=p35;tissue:other	other | genotype_comparison | conf=high |  | n=11
SRP173193	genotype/variation	chd4 conditional knockout (chd4fl/flcd79a-cretg/+)	wild type	tissue:blood_immune	blood_immune | genotype_comparison | conf=high |  | n=6
SRP173065	tissue	met amplified recurrent mammary tumor	primary mammary tumor	tissue:tumor	tumor | between_subject_case_control | conf=medium | tumor_tissue | n=12
SRP173198	genotype	tpp1-/-	wt	in:tissue=cerebellum;tissue:brain_cns	brain_cns | genotype_comparison | conf=high |  | n=12
SRP173252	group	litters from exercised fathers	litters from sedentary fathers	subj:sample barcode;tissue:brain_cns	brain_cns | in_vivo_treatment_arms | conf=high |  | n=23
SRP173204	genotype/variation	over-expression of pik3ca h1047r variant	cherry control	ex:genotype/variation=non-manipulated;tissue:other	other | genotype_comparison | conf=medium | tumor_tissue | n=104
SRP173297	genotype/variation	het z_q175 ki	wild type	in:tissue=striatum;tissue:brain_cns	brain_cns | genotype_comparison | conf=high |  | n=95
SRP173309	treatment	bgb324/bemcentinib	vehicle	in:tissue=ligated kidney;tissue:kidney	kidney | in_vivo_treatment_arms | conf=high |  | n=18
SRP173351	genotype	mir34a-/-	wild type	in:source_name=colon;tissue:gut	gut | genotype_comparison | conf=medium |  | n=12
SRP173330	treatment	e+p	untreated	in:lineage=stromal;in:genotype/variation=egfp;tissue:reproductive	reproductive | in_vivo_treatment_arms | conf=low |  | n=28
SRP173332	tumor type	squamous cell carcinoma	adenocarcinoma	in:cell preparation=freshly isolated;tissue:lung	lung | between_subject_case_control | conf=medium | tumor_tissue | n=10
SRP173361	source_name	liver after 30% calorie restricted diet for three months	liver from control animal fed ad libitum	tissue:liver	liver | in_vivo_treatment_arms | conf=medium |  | n=24
SRP173375	genotype	shhcre;pparg (+/-, fl/fl)	wild type	in:cell type=whole urothelium, mixed cell type;tissue:other	other | genotype_comparison | conf=medium |  | n=26
SRP173448	diabetes-type	dbdb	db+	in:tissue=sciatic nerve;tissue:brain_cns	brain_cns | in_vivo_treatment_arms | conf=medium |  | n=95
SRP173466	surgery type	mi	sham	tissue:heart	heart | in_vivo_treatment_arms | conf=high |  | n=36
SRP173478	genotype/variation	thap1 cko	wildtype	in:tissue=cerebellum;tissue:brain_cns	brain_cns | genotype_comparison | conf=high |  | n=14
SRP173469	treatment	repop	con	in:tissue=sorted microglia;tissue:brain_cns	brain_cns | in_vivo_treatment_arms | conf=high |  | n=48
SRP173477	treatment	exercise	sedentary	in:genotype=wild type;tissue:muscle	muscle | in_vivo_treatment_arms | conf=high |  | n=60
SRP173487	genotype	rpt3at2delta/delta (knockout)	sftpcwt/creer (control)	tissue:lung	lung | genotype_comparison | conf=high |  | n=6
SRP173589	genotype	myh6-cre:teto-lmnad300n	wildtype	tissue:heart	heart | genotype_comparison | conf=high |  | n=16
SRP173609	diet	60% fat	10% fat	tissue:lung	lung | in_vivo_treatment_arms | conf=high |  | n=12
SRP173620	genotype	jwt (tg-ace)	wt	tissue:blood_immune	blood_immune | genotype_comparison | conf=medium |  | n=6
SRP173624	dox treatment	dox	pbs	in:hormone treatment=e2;tissue:reproductive	reproductive | in_vivo_treatment_arms | conf=medium |  | n=18
SRP173645	agent	il-23 vehicle ip	vehicle ip	tissue:other	other | in_vivo_treatment_arms | conf=medium |  | n=16
SRP173662	genotype	leprb-cre/cre; stat3-flox/flox, r26-gfp:l10a/gfp:l10a	leprb-cre/cre; r26-gfp:l10a/gfp:l10a	in:fraction=bead bound;tissue:brain_cns	brain_cns | genotype_comparison | conf=medium | pooled_samples | n=12
SRP173724	source_name	10 ug/ml of tcdd rep1	vehicle peanut oil rep1	tissue:other	other | in_vivo_treatment_arms | conf=medium |  | n=36
SRP173765	shrna	circslc45a4_shrna	scramble_shrna	tissue:brain_cns	brain_cns | in_vivo_treatment_arms | conf=medium |  | n=9
SRP173776	agent	chlamydia muridarum	uninfected	tissue:lung	lung | in_vivo_treatment_arms | conf=high |  | n=6
SRP173777	stress	maternal nutrient restriction (mnr)	control	subj:litter;tissue:liver	liver | in_vivo_treatment_arms | conf=high |  | n=20
SRP173804	genotype/variation	irf6_ko	wt	tissue:skin	skin | genotype_comparison | conf=high |  | n=6
SRP173803	genotype/variation	irf6ko	wt	tissue:skin	skin | genotype_comparison | conf=high |  | n=24
SRP173808	source_name	th-mycn/casp2-/-_neuroblastoma	th-mycn_neuroblastoma	tissue:brain_cns	brain_cns | genotype_comparison | conf=high | tumor_tissue | n=15
SRP173822	treatment	dietary restriction	ctrl	in:source_name=whole bone marrow;tissue:blood_immune	blood_immune | in_vivo_treatment_arms | conf=medium |  | n=20
SRP173935	treatment	phagecocktailtreatment	control	tissue:gut	gut | in_vivo_treatment_arms | conf=high |  | n=9
SRP174018	stress	rsd	con	tissue:brain_cns	brain_cns | in_vivo_treatment_arms | conf=high |  | n=13
SRP174097	genotype	slc10a1-/-	wild type	tissue:liver	liver | genotype_comparison | conf=high |  | n=38
SRP174200	genotype	spc-creer/dlk1flox/rosa-tomato	spc-creer/rosa-tomato	tissue:lung	lung | genotype_comparison | conf=medium |  | n=6
SRP174208	diet	cuprizone	control	in:cell_type=microglia;subj:animal_id;tissue:brain_cns	brain_cns | in_vivo_treatment_arms | conf=high |  | n=74
SRP174225	diet	elemental diet	conventional diet	in:cell type=cd4+ t cells;tissue:blood_immune	blood_immune | in_vivo_treatment_arms | conf=medium |  | n=26
SRP174217	genotype	hur knockout	control	in:tissue=epididymal white fat;tissue:adipose	adipose | genotype_comparison | conf=medium |  | n=16
SRP174255	treatment	ee + egcg	egcg	tissue:brain_cns	brain_cns | in_vivo_treatment_arms | conf=medium | pooled_samples | n=9
SRP174350	genotype	fubp1 knockdown	scrambled control	tissue:blood_immune	blood_immune | genotype_comparison | conf=medium |  | n=8
SRP174351	pregnancy	mnr	control	in:tissue=muscle;subj:animal number;tissue:muscle	muscle | in_vivo_treatment_arms | conf=high |  | n=138
SRP174369	infection status	infected d35	uninfected	in:cell type=cnk;tissue:other	other | in_vivo_treatment_arms | conf=medium |  | n=13
SRP174412	treatment	cbpi-781	vehicle	in:cell type=gmdsc;tissue:other	other | in_vivo_treatment_arms | conf=medium |  | n=20
SRP174500	genotype	p110alpha.ko	p110alpha.wt	tissue:muscle	muscle | genotype_comparison | conf=high |  | n=29
SRP174637	diet	high fat diet	low fat diet	tissue:liver	liver | in_vivo_treatment_arms | conf=high |  | n=20
SRP174529	treatment	iav	mock	tissue:other	other | in_vivo_treatment_arms | conf=high |  | n=19
SRP174997	genotype	mtg16 null	wt	tissue:gut	gut | genotype_comparison | conf=high |  | n=12
SRP175045	genotype	d1-rnb	wt	tissue:brain_cns	brain_cns | genotype_comparison | conf=high |  | n=10
SRP175109	genotype	helios -/-	wild type	in:tissue=striatum;tissue:brain_cns	brain_cns | genotype_comparison | conf=high |  | n=20
SRP175082	diet	high cholesterol diet (hcd)	normal diet (nd)	tissue:liver	liver | in_vivo_treatment_arms | conf=high | tumor_tissue | n=6
SRP175165	genotype	pgrmc2 adipose tissue knockout	wild type	tissue:adipose	adipose | genotype_comparison | conf=high |  | n=8
SRP175263	genotype/variation	vilcreer apcfl/fl kras g12d	vilcreer apcfl/fl	tissue:gut	gut | genotype_comparison | conf=high |  | n=6
SRP175357	genotype/variation	arid1a fl/fl; alb-cre	arid1a fl/fl	tissue:liver	liver | genotype_comparison | conf=high |  | n=8
SRP176418	genotype	homozygous nfix knockout	wildtype control	tissue:brain_cns	brain_cns | genotype_comparison | conf=high |  | n=23
SRP176481	treatment	aldr	al	in:tissue=white adipose tissue;in:age=26 months;tissue:adipose	adipose | in_vivo_treatment_arms | conf=medium |  | n=48
SRP176410	genotype/varation	vdr knockout	wt	ex:agent=50 nm vitamin d3;ex:agent=none;tissue:other	other | genotype_comparison | conf=medium |  | n=12
SRP177945	sample group	housed with exercise wheel (ex)	housed with igloo (sed)	tissue:other	other | in_vivo_treatment_arms | conf=high |  | n=36
SRP176645	strain	samp/yitfc	akr	in:age=25-wks;tissue:gut	gut | between_subject_case_control | conf=medium |  | n=9
SRP178075	genotype	iec{delta}cdc42	wt	tissue:gut	gut | genotype_comparison | conf=medium |  | n=10
SRP178051	aav vector	aav-gfp-(pr)50	aav-gfp	tissue:brain_cns	brain_cns | in_vivo_treatment_arms | conf=high |  | n=19
SRP178207	genotype	f/f	f/+	in:cell type=tfr;tissue:other	other | genotype_comparison | conf=medium |  | n=16
SRP178227	stage	cd8sp eomestg	cd8sp wt	tissue:other	other | genotype_comparison | conf=medium |  | n=12
SRP178267	genotype	ko	wt	tissue:other	other | genotype_comparison | conf=high |  | n=8
SRP178253	genotype	sarm1-/-	wild type	in:infected with=prion;tissue:brain_cns	brain_cns | genotype_comparison | conf=high |  | n=16
SRP178361	genotype	shank3 knockout	wt	tissue:brain_cns	brain_cns | genotype_comparison | conf=high |  | n=9
SRP178689	treatment	vincristine 40µg cumulative intraplantar	vehicle	tissue:brain_cns	brain_cns | in_vivo_treatment_arms | conf=high |  | n=24
SRP178690	treatment	cisplatin 40µg cumulative intraplantar	vehicle	tissue:brain_cns	brain_cns | in_vivo_treatment_arms | conf=high |  | n=36
SRP178474	environment	enriched	control	in:tissue=dorsal dentate gyrus;tissue:other	other | in_vivo_treatment_arms | conf=medium |  | n=135
SRP178903	genotype	uhrf1hepko	wt	in:time=baseline;tissue:liver	liver | genotype_comparison | conf=medium |  | n=45
SRP179032	genotype	b6.129s2-serpine1tm1mlg/j (pai-1 ko)	c57bl/6j (wt)	tissue:other	other | genotype_comparison | conf=high |  | n=18
SRP178890	disease state	day 10 after unilateral ureteral obstruction (uuo) surgery (severe kidney injury model)	day 5 after unilateral ureteral obstruction (uuo) surgery (moderate kidney injury model)	in:tissue=proximal tubule;tissue:kidney	kidney | in_vivo_treatment_arms | conf=medium |  | n=84
SRP178920	tissue type	tumor	normal	tissue:tumor	tumor | between_subject_case_control | conf=medium | tumor_tissue;pooled_samples | n=14
SRP179107	treatment	24h post surgery	naïve	tissue:brain_cns	brain_cns | in_vivo_treatment_arms | conf=high |  | n=24
SRP179508	genotype	le-cre transgenic	wild-type	tissue:other	other | genotype_comparison | conf=high |  | n=9
SRP179721	genotype/variation	mecp2 ko	wild type	in:treatment=untreated;tissue:brain_cns	brain_cns | genotype_comparison | conf=high |  | n=12
SRP179952	transgene expressed	mouse nudt7	gfp	tissue:liver	liver | in_vivo_treatment_arms | conf=high |  | n=8
SRP179654	eae model	mp4-immunized	mog:35-55-immunized	in:organ=lymph node;tissue:other	other | in_vivo_treatment_arms | conf=low |  | n=20
SRP179766	mosquito bites	24 hours post mosquito feedings	no feeding	tissue:skin	skin | in_vivo_treatment_arms | conf=medium |  | n=12
SRP180201	treatment	lentiviruses expressing cbx4	lentiviruses expressing luc	tissue:other	other | in_vivo_treatment_arms | conf=high |  | n=9
SRP179996	isolate	etoh	pbs	tissue:brain_cns	brain_cns | in_vivo_treatment_arms | conf=medium |  | n=24
SRP180017	infection status	mempos	naive	in:strain/genotype=c57bl/6;tissue:blood_immune	blood_immune | in_vivo_treatment_arms | conf=medium |  | n=54
SRP180242	genotype/variation	myc.luc.bcat	myc.lucos.p53	tissue:liver	liver | genotype_comparison | conf=medium | tumor_tissue | n=22
SRP180280	genotype	mutant	control	tissue:reproductive	reproductive | genotype_comparison | conf=high |  | n=8
SRP180887	treatment name	apdl1	ctrl	in:cell type=macrophage;tissue:blood_immune	blood_immune | in_vivo_treatment_arms | conf=medium | tumor_tissue | n=20
SRP181042	genotype/variation	ragc s74c/+	ragc +/+	tissue:blood_immune	blood_immune | genotype_comparison | conf=high |  | n=8
SRP181043	genotype/variation	ragc t89n/+	ragc +/+	in:cell type=germinal center b cells;tissue:tumor	tumor | genotype_comparison | conf=high | tumor_tissue | n=19
SRP181125	reproductive state	primiparous	virgin	in:tissue=hippocampus;subj:animal identification;tissue:brain_cns	brain_cns | between_subject_case_control | conf=high |  | n=597
SRP181055	isolate	lscs from foxm1-ko ma9-leukemia mice (ma9-foxm1-ko-lscs)	lscs from ma9-leukemia mice (ma9-lscs)	subj:isolate;tissue:tumor	tumor | genotype_comparison | conf=medium | tumor_tissue | n=6
SRP181566	treatment	vitamin c withdrawn	vitamin c supplied	tissue:other	other | in_vivo_treatment_arms | conf=high |  | n=10
SRP181206	genotype	math5-ko	wt	tissue:other	other | genotype_comparison | conf=medium |  | n=8
SRP181622	group	ucms	control	in:tissue=prefrontal cortex;tissue:brain_cns	brain_cns | in_vivo_treatment_arms | conf=high |  | n=336
SRP181694	genotype	pum2;rtta3	wild-type	tissue:other	other | genotype_comparison | conf=medium |  | n=8
SRP181809	genotype	mll-enl	wild type	in:age=10 weeks;tissue:blood_immune	blood_immune | genotype_comparison | conf=medium |  | n=84
SRP181852	genotype	gfap-il6	wt	tissue:brain_cns	brain_cns | genotype_comparison | conf=medium |  | n=6
SRP181709	isolate	chronic infection	control	subj:isolate;tissue:brain_cns	brain_cns | in_vivo_treatment_arms | conf=medium |  | n=9
SRP181889	genotype/variation	myh6-cre; tralphaami	tralphaami	tissue:heart	heart | genotype_comparison | conf=high |  | n=6
SRP181854	genotype	gfap-il6	wt	tissue:brain_cns	brain_cns | genotype_comparison | conf=medium |  | n=32
SRP181939	group	kiko: casp8 c362a knockin mlkl knockout (casp8 ki mlkl ko)	casp8 wildtype mlkl knockout (casp8 wt mlkl ko)	tissue:gut	gut | genotype_comparison | conf=high |  | n=15
SRP182095	genotype	ko	wt	tissue:other	other | genotype_comparison | conf=high |  | n=24
SRP182002	isolate	chronic infected brain	control	subj:isolate;tissue:brain_cns	brain_cns | in_vivo_treatment_arms | conf=medium |  | n=9
SRP182089	genotype	nav1.8-cre; tsc2 flox/null; rosa26-zsgreen	nav1.8-cre; tsc2 flox/+; rosa26-zsgreen	in:tissue=l4 dorsal root ganglia contralateral to sciatic nerve crush;tissue:brain_cns	brain_cns | genotype_comparison | conf=medium | pooled_samples | n=48
SRP182655	condition	kr	cont	tissue:skin	skin | genotype_comparison | conf=high |  | n=37
SRP182735	environment	environmental enrichment (ee)	standard housing (sh)	in:tissue=whole drg;tissue:brain_cns	brain_cns | in_vivo_treatment_arms | conf=medium | pooled_samples | n=12
SRP183070	genotype/variation	rtg4510	wild type	in:mouse_model=rtg4510;subj:sample_id;tissue:brain_cns	brain_cns | genotype_comparison | conf=high |  | n=142
SRP183456	genotype	hom-p (mutant)	het-u (control)	tissue:reproductive	reproductive | genotype_comparison | conf=high |  | n=9
SRP183189	group	immune mother	naive mother	in:cell type=cd19+b220+gl7+fas+ gc b cells sorted by flow cytometry;tissue:blood_immune	blood_immune | in_vivo_treatment_arms | conf=medium |  | n=12
SRP183768	treatment	ac h6	isotype	in:source_name=duodenum;tissue:gut	gut | in_vivo_treatment_arms | conf=high |  | n=12
SRP183821	genotype/variation	infection with adeno-associated virus 8 (aav8) encoding arg2	infection with adeno-associated virus 8 (aav8) encoding egfp	tissue:liver	liver | in_vivo_treatment_arms | conf=high |  | n=10
SRP183512	genotype/variation	regnase1-null	wildtype	in:cell subtype=cd8+ t cells from tumors;tissue:tumor	tumor | genotype_comparison | conf=medium | tumor_tissue | n=18
SRP184497	genotype	podo-cre; cosmc y/flox	podo-cre; cosmc y/+	ex:genotype=cosmc y/+;ex:genotype=cosmc y/flox;tissue:other	other | genotype_comparison | conf=high |  | n=9
SRP184498	disease state	spondyloarthritic	healthy	in:cell type=lt-hsc;tissue:blood_immune	blood_immune | in_vivo_treatment_arms | conf=high |  | n=24
SRP184756	genotype/variation	kif3a deficient	wild type	tissue:lung	lung | genotype_comparison | conf=high |  | n=12
SRP184452	protocol	nash-diet-fed mouse (peg minipump	chow diet-fed mouse	subj:protocol;tissue:liver	liver | in_vivo_treatment_arms | conf=medium |  | n=12
SRP184641	genotype	tum	wt	in:tissue=mammary gland;tissue:blood_immune	blood_immune | between_subject_case_control | conf=medium | tumor_tissue | n=44
SRP185085	replicate	f1	ctrl	tissue:gut	gut | in_vivo_treatment_arms | conf=medium |  | n=15
SRP185358	genotype/variation	hcrt/orexin knockout	hcrt/orexin wildtype	in:tissue=hypothalamus;tissue:brain_cns	brain_cns | genotype_comparison | conf=high |  | n=36
SRP185546	genoytpe	vavicre tal1f/f rag2gfp	wild type (tal1 f/f) rag2gfp	tissue:blood_immune	blood_immune | genotype_comparison | conf=medium |  | n=24
SRP185578	genotype	isl1-/-	wild-type	tissue:heart	heart | genotype_comparison | conf=high |  | n=8
SRP185443	genotype/variation	b6-cg-nr3c1-vil-cre/ert2 (nr3c1iec-/-)	wild type	tissue:gut	gut | genotype_comparison | conf=high |  | n=12
SRP185713	genotype/variation	pdgfra mutant; gli1creert:mtmg:pdgfra-f/f	wild type; gli1creert:mtmg	tissue:lung	lung | genotype_comparison | conf=high |  | n=52
SRP185583	diet	high fat diet for 20 weeks (60% calories from fat)	normal chow	tissue:adipose	adipose | in_vivo_treatment_arms | conf=medium |  | n=152
SRP185726	treatment	ifn-α-ipsc-pmcs	none (control)	in:tissue type=treated tumor (right);tissue:tumor	tumor | in_vivo_treatment_arms | conf=medium | tumor_tissue | n=18
SRP185826	genotype	mir-17-92/106 ko	mir-17-92/106 control	tissue:other	other | genotype_comparison | conf=high |  | n=12
SRP185733	pregnancy type code	hybrid	dom	in:tissue=placenta;tissue:reproductive	reproductive | genotype_comparison | conf=medium | mixed_organisms | n=44
SRP185829	treatment	anti-dll1/4	isotype control	ex:treatment=none;subj:unique sample identifier;tissue:blood_immune	blood_immune | in_vivo_treatment_arms | conf=medium | pooled_samples | n=48
SRP185876	genotype/variation	pdx1creearly;lats1f/f;lats2f/f	wt	tissue:other	other | genotype_comparison | conf=high |  | n=32
SRP185854	genotype/variation	arhgap35 knockout	wild type	tissue:brain_cns	brain_cns | genotype_comparison | conf=high | pooled_samples | n=12
SRP185884	genotype	16p11.2 deletion	wt	in:tissue=cortex;tissue:brain_cns	brain_cns | genotype_comparison | conf=high |  | n=48
SRP186066	genotype	osr2ki-cre;ezh2fl/fl	ezh2fl/fl	tissue:other	other | genotype_comparison | conf=high |  | n=8
SRP185978	genotype/variation	kdm1a ko	control	tissue:reproductive	reproductive | genotype_comparison | conf=high |  | n=7
SRP185975	isolate	adipose mrna-seq hfd	adipose mrna-seq nd	tissue:adipose	adipose | in_vivo_treatment_arms | conf=medium |  | n=13
SRP186128	isolate	liver of irf6-hko group fed a hfd for 10 weeks replicate 1	liver of flox controls fed a hfd for 10 weeks replicate 1	tissue:liver	liver | genotype_comparison | conf=high |  | n=6
SRP186132	treatment	lps.vehicle	vehicle.vehicle	tissue:brain_cns	brain_cns | in_vivo_treatment_arms | conf=high |  | n=24
SRP186281	genotype	trp53-null/brca1-null	wild-type	tissue:reproductive	reproductive | genotype_comparison | conf=high |  | n=9
SRP186214	phenotype	lung adenocarcinoma	healthy control	subj:isolate;tissue:lung	lung | between_subject_case_control | conf=medium | tumor_tissue | n=16
SRP186285	genotype/variation	liver-specific klf15 knockout	albumin-cre	tissue:liver	liver | genotype_comparison | conf=high |  | n=6
SRP186363	agent	mtp10-hdl	pbs	tissue:other	other | in_vivo_treatment_arms | conf=high | pooled_samples | n=13
SRP186391	genotype	neat1-/-	wild type	tissue:brain_cns	brain_cns | genotype_comparison | conf=high |  | n=18
SRP186330	genotype/variation	hi-myc; wwp1-/-	hi-myc; wwp1+/+	tissue:reproductive	reproductive | genotype_comparison | conf=high | tumor_tissue | n=20
SRP186424	isolate	lhx4-null	control	tissue:brain_cns	brain_cns | genotype_comparison | conf=high |  | n=12
SRP186479	genotype	scer{alpha} ko	scer{alpha} wt	tissue:muscle	muscle | genotype_comparison | conf=high |  | n=6
SRP186494	treatment	intra-cardiac inject mir19a/b mimic	intra-cardiac inject control mimic	tissue:heart	heart | in_vivo_treatment_arms | conf=high |  | n=6
SRP186493	genotype/variation	fatp2 ko	fatp2 wt	tissue:other	other | genotype_comparison | conf=high |  | n=6
SRP186507	treatment	fast	food	in:organ of origin=bone marrow;tissue:blood_immune	blood_immune | in_vivo_treatment_arms | conf=medium |  | n=39
SRP186572	genotype/variation	sirna construct 5 targeting ubr4	non targeting control	tissue:muscle	muscle | in_vivo_treatment_arms | conf=medium |  | n=9
SRP186600	genotype	shp-ko	wild-type	tissue:gut	gut | genotype_comparison | conf=high |  | n=6
SRP186761	agent	cisplatin plus crizotinib	none	tissue:tumor	tumor | in_vivo_treatment_arms | conf=high | tumor_tissue | n=8
SRP186951	genotype/variation	tsg101 tg	wild type	tissue:heart	heart | genotype_comparison | conf=high |  | n=6
SRP186885	condition	trp-def	trp-prof	tissue:gut	gut | in_vivo_treatment_arms | conf=high |  | n=19
SRP186835	genotype	rx3-/-;pv:cre;ai14:tdtomato	rx3+/+;pv:cre;ai14:tdtomato	tissue:other	other | genotype_comparison | conf=medium | pooled_samples | n=10
SRP186952	in vivo treatment	ova/lps + il-1b	ova/lps + pbs	tissue:blood_immune	blood_immune | in_vivo_treatment_arms | conf=high |  | n=6
SRP186992	time post surgery	24 hours	0 minutes	tissue:heart	heart | time_course | conf=medium |  | n=24
SRP186994	genotype/variation	pax3cre/+:rbfox2 flox/flox	rbfox2 flox/flox	tissue:other	other | genotype_comparison | conf=high |  | n=6
SRP186988	replicate	dm	wt	tissue:liver	liver | in_vivo_treatment_arms | conf=medium |  | n=12
SRP187003	genotype	ucp1(-/-)	wildtype	in:tissue=ibat;tissue:adipose	adipose | genotype_comparison | conf=high |  | n=96
SRP187076	agent	lps 25mg/kg	saline	tissue:liver	liver | in_vivo_treatment_arms | conf=medium |  | n=8
SRP187070	genotype	p53-/- bim+/-	p53+/+ bim+/-	in:sex=female;tissue:other	other | genotype_comparison | conf=high |  | n=11
SRP187080	genotype	g2 terc-/-	terc+/+	tissue:liver	liver | genotype_comparison | conf=high |  | n=12
SRP187436	genotype	ht-pa-cre; adar1fl/fl;r26r	wild-type	tissue:other	other | genotype_comparison | conf=high |  | n=6
SRP187466	genotype/variation	hsalr	wt	ex:treatment=untreated;tissue:muscle	muscle | genotype_comparison | conf=medium |  | n=14
SRP187471	treatment	tet3-gfap cre	tet3-gfap control	tissue:other	other | genotype_comparison | conf=medium |  | n=6
SRP187730	strain	mdx/mtr	c57bl/6	tissue:muscle	muscle | genotype_comparison | conf=high |  | n=24
SRP187562	replicate	sall4 cko rna-seq#218-1	wild type rna-seq#4	subj:replicate;tissue:other	other | genotype_comparison | conf=medium |  | n=16
SRP187754	strain	dba/2j (d2)	c57bl/6j (b6)	tissue:brain_cns	brain_cns | genotype_comparison | conf=high |  | n=12
SRP187779	condition	treg-depleted	treg-sufficient	tissue:other	other | in_vivo_treatment_arms | conf=high |  | n=8
SRP187824	genotype	dlx5/6-cre; zfhx3f/f (zfhx3-cko)	dlx5/6-cre (control)	tissue:other	other | genotype_comparison | conf=high |  | n=6
SRP187847	genotype/variation	pnky(fl/fl);emx1-cre	cntrl	in:tissue=acutely dissected cortex;tissue:other	other | genotype_comparison | conf=high |  | n=24
SRP187855	behavior	unconditioned stimulus and conditioned stimulus	homecage	in:source_name=anterior dorsal cerebellar vermis;tissue:brain_cns	brain_cns | in_vivo_treatment_arms | conf=low |  | n=106
SRP187976	replicate	ko	control	tissue:adipose	adipose | genotype_comparison | conf=high |  | n=12
SRP188041	genotype	pax9-/-	wild type	tissue:other	other | genotype_comparison | conf=high |  | n=12
SRP188087	genotype	fbn1 mgr/mgr	wt	tissue:other	other | genotype_comparison | conf=high |  | n=19
SRP188076	genotype	r191h	wt	in:treatment=untreated;tissue:other	other | genotype_comparison | conf=high |  | n=30
SRP188147	treatment	corticosterone (75µg/ml) in 1% ethanol	vehicle (1% ethanol)	in:treatment length=4 weeks;tissue:brain_cns	brain_cns | in_vivo_treatment_arms | conf=high |  | n=20
SRP188051	treatment	mc	pbs	in:cell_population=cd11b+;subj:birth_location;tissue:other	other | in_vivo_treatment_arms | conf=medium |  | n=93
SRP188236	genotype/variation	nppb ko	wild type	tissue:heart	heart | genotype_comparison | conf=high |  | n=8
SRP188336	treatment	cyclophosphamide	control	tissue:reproductive	reproductive | in_vivo_treatment_arms | conf=high |  | n=6
SRP188207	genotype	mecp2 ko	wt	in:source_name=forebrain tissue;in:cellular fraction=whole-cell;tissue:brain_cns	brain_cns | genotype_comparison | conf=medium |  | n=132
SRP188587	genotype	col2cre; adgrg6f/f	wild type	tissue:other	other | genotype_comparison | conf=high |  | n=16
SRP188570	icv infusion	shu	veh	tissue:adipose	adipose | in_vivo_treatment_arms | conf=high |  | n=16
SRP188688	phenotype	egfr knock out	control	tissue:other	other | genotype_comparison | conf=medium |  | n=12
SRP188734	genotype	uhrf1-/-	wild type	tissue:blood_immune	blood_immune | genotype_comparison | conf=medium |  | n=6
SRP188706	strain	vgll3_tg	wt	in:source_name=blood;ex:source_name=primary_keratinocytes;subj:animal tag;tissue:blood_immune	blood_immune | genotype_comparison | conf=medium |  | n=70
SRP188729	infection status	infected	uninfected	in:tissue=skin;tissue:skin	skin | in_vivo_treatment_arms | conf=medium | tumor_tissue | n=24
SRP188927	genotype	scn1b ko	wt	tissue:brain_cns	brain_cns | genotype_comparison | conf=high |  | n=8
SRP188846	treatment	ptu_t3	ptu	in:genotype=wt;tissue:liver	liver | in_vivo_treatment_arms | conf=medium |  | n=24
SRP188865	genotype	+-	++	in:tissue=placenta;tissue:reproductive	reproductive | genotype_comparison | conf=medium |  | n=23
SRP188879	treatment	ethanol	control (air)	in:cell type=total homogenate;tissue:brain_cns	brain_cns | in_vivo_treatment_arms | conf=high |  | n=204
SRP188970	genotype	cko	wt	tissue:blood_immune	blood_immune | genotype_comparison | conf=high |  | n=9
SRP188988	genotype	rdh1ko	wildtype	in:source_name=16h fast;tissue:adipose	adipose | genotype_comparison | conf=high |  | n=55
SRP189061	stress	heat stress	control	in:tissue=hypothalamus;tissue:brain_cns	brain_cns | in_vivo_treatment_arms | conf=high |  | n=48
SRP189140	genotype/variation	phc2+/- (phc2 heterozygote)	wild type	tissue:blood_immune	blood_immune | genotype_comparison | conf=high |  | n=6
SRP189142	group	treg depleted	control	tissue:other	other | genotype_comparison | conf=high | tumor_tissue | n=7
SRP189154	strain/background	w-sash	kit-b6	in:tissue=colon tumor;tissue:gut	gut | genotype_comparison | conf=medium | tumor_tissue;targeted_assay_suspected | n=17
SRP189300	behavior	sd	ss	ex:behavior=baseline;tissue:brain_cns	brain_cns | in_vivo_treatment_arms | conf=high |  | n=108
SRP189407	genotype/variation	gtf2i (f/f)nexcre(+/-)	gtf2i (f/f)nexcre(-/-)	tissue:brain_cns	brain_cns | genotype_comparison | conf=high |  | n=6
SRP189379	genotype	fus delta14 homozygous	fus delta 14 wildtype	tissue:brain_cns	brain_cns | genotype_comparison | conf=high |  | n=24
SRP189417	genotype/variation	gtf2i (f/f)nexcre(+/-)	gtf2i (f/f)nexcre(-/-)	tissue:brain_cns	brain_cns | genotype_comparison | conf=high |  | n=6
SRP189354	genotype	pdgfb+dnp53+h3.3k27m	wt	ex:source_name=primary mouse tumor cell line;in:tissue=brainstem;tissue:brain_cns	brain_cns | genotype_comparison | conf=medium | tumor_tissue | n=16
SRP189624	genotype	fst-ko	wt	tissue:other	other | genotype_comparison | conf=high |  | n=6
SRP189525	genotype/variation	cis-/-	wt	in:treatment=none (unstimulated);tissue:blood_immune	blood_immune | genotype_comparison | conf=medium |  | n=18
SRP189630	genotype	betadko	control	tissue:other	other | genotype_comparison | conf=high |  | n=6
SRP189651	condition	h.pylori infection	non-infected	subj:isolate;tissue:gut	gut | in_vivo_treatment_arms | conf=high |  | n=6
SRP189730	genotype/variation	erg fl/fl;cd2icre	erg fl/fl	in:progenitor cell type=p1 (b220+, cd19+, cd93+, cd43+, cd25-);tissue:blood_immune	blood_immune | genotype_comparison | conf=high |  | n=24
SRP189755	strain	c57bl/6, rbm3 ko	c57bl/6, rbm3 wt	tissue:brain_cns	brain_cns | genotype_comparison | conf=high |  | n=12
SRP189776	genotype	wfdc2 gfp/gfp	wfdc2 +/+	tissue:lung	lung | genotype_comparison | conf=high |  | n=8
SRP189821	treatment	4c12 antibody	isotype control	tissue:other	other | in_vivo_treatment_arms | conf=high |  | n=18
SRP189771	source_name	young injured	young naïve	tissue:brain_cns	brain_cns | in_vivo_treatment_arms | conf=medium | pooled_samples | n=12
SRP189878	condtion	d14 trichuris muris infection il-3c	naïve il-3c	tissue:other	other | in_vivo_treatment_arms | conf=medium |  | n=10
SRP189897	treatment	antibiotics	plain water	tissue:lung	lung | in_vivo_treatment_arms | conf=high |  | n=11
SRP189886	genotype	foxp3yfp-crexjunbflox/flox	foxp3yfp-crexjunb+/+	tissue:blood_immune	blood_immune | genotype_comparison | conf=high |  | n=6
SRP189925	treatment	cardiolipin (cl)	vehicle control	tissue:adipose	adipose | in_vivo_treatment_arms | conf=high |  | n=15
SRP190041	genotype	phf2 t/g	wt	tissue:brain_cns	brain_cns | genotype_comparison | conf=high |  | n=6
SRP190028	treatment	mouse anti ctgf mab (fg-3149)	mouse anti igg ab	tissue:heart	heart | in_vivo_treatment_arms | conf=high |  | n=13
SRP190049	genotype/variation	sirt1 deleted (cre+)	control (cre-)	tissue:blood_immune	blood_immune | genotype_comparison | conf=high | tumor_tissue | n=8
SRP190032	source_name	mouse fed with 0 ppm dietary se for 5 weeks	mouse fed with 0.4ppm dietary se for 5 weeks	in:tissue=mouse whole liver;tissue:brain_cns	brain_cns | in_vivo_treatment_arms | conf=medium |  | n=24
SRP190144	genotype	foxn1+ myctg+	wt	in:cell type=mtec;tissue:other	other | genotype_comparison | conf=medium |  | n=51
SRP190431	treatment	liver_specific_a1cf_knockout	wild_type	tissue:liver	liver | genotype_comparison | conf=high |  | n=6
SRP190164	source_name	ko_early_stage_colon	wt_irradiated_colon	in:tissue=colon;tissue:gut	gut | genotype_comparison | conf=medium |  | n=168
SRP190458	genotype/variation	cd200r ko	wild type	tissue:blood_immune	blood_immune | genotype_comparison | conf=high |  | n=6
SRP190335	genotype	smchd1-oocyte-deleted	wt control for smchd1-oocyte-deleted experiment	in:tissue=placenta;in:age=e14.5;tissue:reproductive	reproductive | genotype_comparison | conf=medium |  | n=117
SRP190519	treatment	hfd.30mgpkg.volixibat	hfd	subj:subject;tissue:liver	liver | in_vivo_treatment_arms | conf=high |  | n=40
SRP190841	genotype	regnase-3-/-	regnase-3+/+	in:cell type=cd11c+ alveolar macrophage;tissue:blood_immune	blood_immune | genotype_comparison | conf=medium |  | n=15
SRP190921	source_name	prefrontal cortex_duloxetine	prefrontal cortex_no treatment	tissue:brain_cns	brain_cns | in_vivo_treatment_arms | conf=high |  | n=48
SRP190928	maternal genotype	cpt2f/f; albumin-cre	cpt2f/f	tissue:liver	liver | genotype_comparison | conf=medium |  | n=20
SRP190965	breed	pv1 ki mice	wt mice	tissue:other	other | genotype_comparison | conf=medium |  | n=6
SRP190929	genotype/variation	adipocyte-specific smrt knockout (adsmrt-/-)	wild type	tissue:adipose	adipose | genotype_comparison | conf=high |  | n=24
SRP191039	strain	cast/eij	wsb/eij	subj:source_name;tissue:brain_cns	brain_cns | genotype_comparison | conf=high |  | n=24
SRP191066	genotype	mecp2-null	wt	in:tissue=cerebellum;tissue:blood_immune	blood_immune | genotype_comparison | conf=high |  | n=12
SRP191054	infection status	murine norovirus-cr6	uninfected	tissue:gut	gut | in_vivo_treatment_arms | conf=high |  | n=12
SRP191069	genotype	brafca;cdkn2af/f; arf6q67l	brafca;cdkn2af/f	subj:id;tissue:tumor	tumor | genotype_comparison | conf=high | tumor_tissue | n=10
SRP191116	genotype	adipose tcf7l2 ko	wild type	tissue:adipose	adipose | genotype_comparison | conf=high |  | n=10
SRP191089	treatment	tropifexor (0.1, 0.3, or 0.9 mg/kg)	low-fat diet (10% kcal) with no fructose or cholesterol	tissue:liver	liver | in_vivo_treatment_arms | conf=medium |  | n=28
SRP191176	genotype/variation	delhoxd(attp-rel5)d9lac	wild type	in:tissue=distal forelimbs;tissue:other	other | genotype_comparison | conf=medium |  | n=16
SRP191419	genotype	phf6 knockout	phf6 wild-type	tissue:blood_immune	blood_immune | genotype_comparison | conf=high |  | n=21
SRP191445	tissue	lung squamous cell carcinoma	normal lung	tissue:lung	lung | in_vivo_treatment_arms | conf=high | tumor_tissue;ffpe_or_degraded | n=10
SRP191459	genotype	heterozygous hras g12v mutation	wild type	tissue:reproductive	reproductive | genotype_comparison | conf=high |  | n=6
SRP191501	genotype	tbx5 null (tbx5-/-)	wildtype (tbx5 +/+)	tissue:other	other | genotype_comparison | conf=high |  | n=10
SRP191512	condition	collagen-induced arthritis	control	tissue:blood_immune	blood_immune | in_vivo_treatment_arms | conf=high | pooled_samples | n=6
SRP191571	treatment	lna29	saline	in:genotype/variation=wt/floxed;tissue:liver	liver | in_vivo_treatment_arms | conf=high |  | n=21
SRP191797	genotype	5xfad	wild type	tissue:other	other | genotype_comparison | conf=high |  | n=8
SRP191799	genotype/variation	sf1-cre; sirt1loxp/loxp	control	tissue:muscle	muscle | genotype_comparison | conf=high |  | n=32
SRP191881	genotype/variation	fibroblasts are cre+, gfp+, and hsp47-deficient	fibroblasts are cre+ and gfp+	tissue:heart	heart | genotype_comparison | conf=medium |  | n=6
SRP192321	genotype	rexo2loxp/loxploxp/loxp, +/ckmm	rexo2loxp/loxp	tissue:heart	heart | genotype_comparison | conf=high |  | n=6
SRP192145	genotype	uorf-taa homozygous	wild-type	in:tissue=quadriceps muscle;tissue:adipose	adipose | genotype_comparison | conf=high |  | n=16
SRP192368	genotype	scc::cre_bmal1 ko	scc::cre_ctrl	tissue:kidney	kidney | genotype_comparison | conf=high |  | n=20
SRP192489	genotype	ps2app transgenic mice	non-transgenic	in:cell type=cd11b+ myeloid cells;tissue:other	other | genotype_comparison | conf=high |  | n=30
SRP192522	phenotype	atypical hyperplasia	normal healthy	tissue:other	other | genotype_comparison | conf=high |  | n=18
SRP192375	sample group	cx3cl1-ct	wt	tissue:brain_cns	brain_cns | genotype_comparison | conf=high |  | n=24
SRP192600	genotype	shox2cre/-;nkx2.5f/f	shox2cre/+;nkx2.5f/f	tissue:other	other | genotype_comparison | conf=high |  | n=6
SRP192566	genotype	hmapt-p301s transgenic	non-transgenic	in:cell type=neuron;tissue:brain_cns	brain_cns | genotype_comparison | conf=high |  | n=25
SRP192601	agent	100 ug aifnar (mar1-5a3)	igg control	tissue:other	other | in_vivo_treatment_arms | conf=high |  | n=9
SRP192641	genotype	het	wt	tissue:other	other | genotype_comparison | conf=high |  | n=9
SRP192713	genotype/variation	il27ra -/-	wt	in:cell type=long-term hematopoietic stem cell progenitors;tissue:other	other | genotype_comparison | conf=medium |  | n=36
SRP192735	genotype	hemi	wt	in:source_name=cortex;in:cnv=15q13;subj:sample id;tissue:brain_cns	brain_cns | genotype_comparison | conf=medium |  | n=154
SRP192832	treatment	brd4780 (50mg/kg) daily for 7 days	saline (vehicle) daily for 7 days	tissue:kidney	kidney | in_vivo_treatment_arms | conf=high |  | n=8
SRP193003	source_name	estradiol_mammary glands	control_mammary glands	tissue:reproductive	reproductive | in_vivo_treatment_arms | conf=high | pooled_samples | n=8
SRP193359	genotype/variation	hurflox/flox:adipoq-cre+	hurflox/flox:adipoq-cre-	tissue:adipose	adipose | genotype_comparison | conf=high |  | n=6
SRP193243	genotype	cd8ko	wild type	in:source_name=lrnk cells;tissue:blood_immune	blood_immune | genotype_comparison | conf=medium |  | n=13
SRP193316	treatment	intermittent fasting (if) for 16-hr (if16) for three months	ad libitum (al) for three months	tissue:liver	liver | in_vivo_treatment_arms | conf=high |  | n=15
SRP193449	tissue	tumor	liver	tissue:tumor	tumor | between_subject_case_control | conf=high | tumor_tissue | n=56
SRP193734	selected line	high drinker	low drinker	in:tissue=dissected tissue (brain) - ventral midbrain;tissue:brain_cns	brain_cns | genotype_comparison | conf=high |  | n=143
SRP193896	genotype/variation	gata2+/f	gata2+/+	tissue:blood_immune	blood_immune | genotype_comparison | conf=high | tumor_tissue | n=6
SRP193998	genotype	msr quadruple knockout	wt	in:source_name=heart;tissue:heart	heart | genotype_comparison | conf=high |  | n=16
SRP193857	genotype	chd4-/-	wt	tissue:blood_immune	blood_immune | genotype_comparison | conf=medium |  | n=13
SRP194162	surgical  group	supraspinatus tenectomy and denervation	unoperated control	tissue:muscle	muscle | in_vivo_treatment_arms | conf=high |  | n=32
SRP194194	genotype	ko	wt	tissue:heart	heart | genotype_comparison | conf=high |  | n=18
SRP194185	genotype	adipo-/-	wild type	tissue:lung	lung | genotype_comparison | conf=high |  | n=6
SRP194242	genotype	ox40-cre+ zbtb7bfl/fl	ox40-cre+ zbtb7bwt/wt	ex:population=gp33:h-2db+;tissue:other	other | genotype_comparison | conf=medium |  | n=15
SRP194498	genotype/variation	transgenic fus	wild-type	tissue:brain_cns	brain_cns | genotype_comparison | conf=high |  | n=8
SRP194360	genotype	tox_dko	tox_wt	tissue:blood_immune	blood_immune | genotype_comparison | conf=medium | tumor_tissue | n=8
SRP194972	treatment	injected with llc1 lung adenocarcinoma cells	pbs	tissue:heart	heart | in_vivo_treatment_arms | conf=high |  | n=8
SRP194918	injected with	lps	pbs	tissue:brain_cns	brain_cns | in_vivo_treatment_arms | conf=high |  | n=17
SRP195618	genotype	membralin astrocyte conditional knockout	wild type	tissue:brain_cns	brain_cns | genotype_comparison | conf=high |  | n=10
SRP195823	genotype	smad7-/-	wildtype	tissue:other	other | genotype_comparison | conf=high |  | n=6
SRP195821	genotype	nurr1 transgenic	wild type-transgenic control	in:tissue=skeletal muscle;tissue:muscle	muscle | genotype_comparison | conf=medium |  | n=18
SRP197326	genotype	eda-/-	wild-type	tissue:other	other | genotype_comparison | conf=high |  | n=24
SRP197108	genotype/variation	xbp1 lko	wt	tissue:liver	liver | genotype_comparison | conf=medium |  | n=96
SRP196460	treatment	dn	ctl	tissue:muscle	muscle | in_vivo_treatment_arms | conf=medium |  | n=56
SRP197374	bacteria	staphyloccocus aureus	staphyloccocus epidermidis	tissue:blood_immune	blood_immune | in_vivo_treatment_arms | conf=high |  | n=10
SRP197376	bacteria	staphyloccocus aureus	staphyloccocus epidermidis	tissue:skin	skin | in_vivo_treatment_arms | conf=high |  | n=10
SRP197377	strain/genotype	ins2-ccl21 nod	nod/shiltj	in:cell type=frc like cell from islet tertiary lymphoid organs (tlo);tissue:other	other | genotype_comparison | conf=medium |  | n=27
SRP197361	treatment	mog+sp	mog	tissue:blood_immune	blood_immune | in_vivo_treatment_arms | conf=low |  | n=11
SRP198220	genotype	aire-/-	wild type	tissue:other	other | genotype_comparison | conf=high |  | n=7
SRP197582	group	day07	day00	in:tissue=proximal colon;tissue:gut	gut | time_course | conf=high |  | n=26
SRP198299	disease state	angelman syndrome	control	tissue:brain_cns	brain_cns | genotype_comparison | conf=high |  | n=12
SRP198260	genotype	bitransgenic hgps (bt)	wild type	tissue:skin	skin | genotype_comparison | conf=medium |  | n=10
SRP198351	genotype	foxg1cre/+;smoloxp/-	foxg1cre/+;smoloxp/+	tissue:other	other | genotype_comparison | conf=high |  | n=15
SRP198526	antisense oligonucleotide target	apoc-iii	control	tissue:liver	liver | in_vivo_treatment_arms | conf=high |  | n=9
SRP198488	genotype	cd11c-cre adam10fl/fl	wt	in:cell type=pre-cdc1;tissue:other	other | genotype_comparison | conf=medium |  | n=10
SRP198525	genotype	digenic	wt	tissue:kidney	kidney | genotype_comparison | conf=high |  | n=36
SRP198487	agent	cpf	dmso	tissue:kidney	kidney | in_vivo_treatment_arms | conf=medium |  | n=8
SRP198592	disease	yes	no	subj:internal sample id;tissue:other	other | between_subject_case_control | conf=medium |  | n=32
SRP198642	treatment_full_name	phenobarbital	drinking water	tissue:liver	liver | in_vivo_treatment_arms | conf=high |  | n=18
SRP198934	treatment	optic nerve crush injury	naïve control	tissue:brain_cns	brain_cns | in_vivo_treatment_arms | conf=high |  | n=15
SRP199042	genotype/variation	lin28a-/-;b-/-	wildtype	tissue:brain_cns	brain_cns | genotype_comparison | conf=medium |  | n=8
SRP199131	genotype/variation	p48-cre;kraslsl-g12d;trp53fl/fl;r26tm1(lsl-og)	p48-cre;kraslsl-g12d;trp53fl/fl	tissue:other	other | genotype_comparison | conf=high | tumor_tissue | n=8
SRP199237	genotype/variation	app/ps1	wt	tissue:brain_cns	brain_cns | genotype_comparison | conf=high |  | n=90
SRP199120	genotype	id2 cko	wt	tissue:blood_immune	blood_immune | genotype_comparison | conf=medium |  | n=8
SRP199215	genomic background	slamf9 knockout	wild type	tissue:blood_immune	blood_immune | genotype_comparison | conf=high |  | n=6
SRP199374	diet	low protein	control	tissue:reproductive	reproductive | in_vivo_treatment_arms | conf=high |  | n=40
SRP199441	intervention	cr	control	in:strain=um-het3;tissue:liver	liver | in_vivo_treatment_arms | conf=high |  | n=78
SRP199583	genotype/variation	scxcreert2+/+ igf1rflox/flox	scxcreert2-/- igf1rflox/flox	ex:source_name=wt_noc_day0_plantaris tendon;tissue:other	other | genotype_comparison | conf=high |  | n=60
SRP199768	vaccine/antigen	4cmenb	none	tissue:blood_immune	blood_immune | in_vivo_treatment_arms | conf=high |  | n=59
SRP199849	genotype	nogo knock-out mutant	wild-type	tissue:muscle	muscle | genotype_comparison | conf=high |  | n=6
SRP199796	treatment	rifn-treated 1dpi	untreated	tissue:lung	lung | in_vivo_treatment_arms | conf=medium |  | n=16
SRP199884	early life stress	els	-	tissue:brain_cns	brain_cns | in_vivo_treatment_arms | conf=medium |  | n=10
SRP200149	genotype/variation	g12d_ezh2-ko	wt	tissue:blood_immune	blood_immune | genotype_comparison | conf=high |  | n=14
SRP200201	genotype	gfp-pr28 heterozygote	wt	in:tissue=cerebellum;tissue:brain_cns	brain_cns | genotype_comparison | conf=high |  | n=24
SRP200258	genotype	il33-/-	wild type	in:tissue=facs-purified pro-b;tissue:blood_immune	blood_immune | genotype_comparison | conf=high |  | n=16
SRP200268	treatment	low-dose quercetin (0.125 mg/kg body weight) treatment	vehicle (10% peg400 in pbs) treatment	in:tissue=brown adipose tissue (bat);tissue:adipose	adipose | in_vivo_treatment_arms | conf=high |  | n=18
SRP200388	genotype/variation	ring1 -/-; rnf2 f/f; zp3-cre	ring1 -/-; rnf2 f/f	tissue:other	other | genotype_comparison | conf=high |  | n=6
SRP200404	genotype	app/ps1	wild type	tissue:brain_cns	brain_cns | genotype_comparison | conf=high |  | n=12
SRP200405	genotype/variation	pam knockout	wildtype	tissue:other	other | genotype_comparison | conf=high |  | n=100
SRP200403	treatment1	mc903	ethanol	in:source_name=skin;in:genotype=wild-type;in:treatment2=no_injection;in:time point=day_8;tissue:skin	skin | in_vivo_treatment_arms | conf=high |  | n=162
SRP200436	lsd1 status	knockout	wild-type	in:cell type=marginal zone b cells;tissue:blood_immune	blood_immune | genotype_comparison | conf=high |  | n=40
SRP200316	genotype/variation	cd19;l-gp	l-gp	in:tissue=b cells;tissue:tumor	tumor | genotype_comparison | conf=medium | tumor_tissue | n=65
SRP200543	genotype	mdr2 ko	mdr2 wt	tissue:liver	liver | genotype_comparison | conf=high |  | n=7
SRP200413	genotype/variation	lysmcreko	lysmcrecntl	tissue:blood_immune	blood_immune | genotype_comparison | conf=medium |  | n=12
SRP200481	adar1 genotype	e861a/e861a	wt	tissue:brain_cns	brain_cns | genotype_comparison | conf=high |  | n=15
SRP200566	genotype	sox9 deletion in fibroblast (sox9 fl/percre)	control (sox9 fl/fl)	tissue:heart	heart | genotype_comparison | conf=high |  | n=6
SRP200569	genotype/variation	slfn 3 ko	wt	tissue:gut	gut | genotype_comparison | conf=high |  | n=16
SRP200652	treatment	flic-treated	control	tissue:other	other | in_vivo_treatment_arms | conf=high |  | n=17
SRP200660	genotype/variation	mettl14 beta cell specific knockout	wild type	tissue:other	other | genotype_comparison | conf=medium |  | n=6
SRP200672	genotype	pomc_acreb3l2 tg	wt	tissue:other	other | genotype_comparison | conf=medium | pooled_samples | n=16
SRP200792	treatment	spinal cord dorsal column axotomy (dca) + ms275	spinal cord dorsal column axotomy (dca) + vehicle	tissue:brain_cns	brain_cns | in_vivo_treatment_arms | conf=high | pooled_samples | n=6
SRP201067	stress	paternal famine	control	tissue:liver	liver | in_vivo_treatment_arms | conf=high |  | n=6
SRP201011	genotype	5xfad	wt	in:age=8 months;tissue:brain_cns	brain_cns | genotype_comparison | conf=medium |  | n=73
SRP201078	genotype	myc-neunt	myc without blg-cre	tissue:tumor	tumor | genotype_comparison | conf=high | tumor_tissue | n=21
SRP200978	predicted anxiety state	more anxious	less anxious	ex:predicted anxiety state=na;tissue:other	other | between_subject_case_control | conf=medium |  | n=12
SRP201329	genotype/variation	mutant	wild type	in:tissue=cerebellum;in:age=p14;tissue:brain_cns	brain_cns | genotype_comparison | conf=high |  | n=24
SRP201399	genotype	mpc1-/-	mpc1fl/fl	in:tissue=liver tumor;tissue:liver	liver | genotype_comparison | conf=medium | tumor_tissue | n=48
SRP201548	strain	ob/ob	c57bl/6j	tissue:blood_immune	blood_immune | genotype_comparison | conf=medium |  | n=15
SRP201544	py strain	n67	naive	tissue:blood_immune	blood_immune | in_vivo_treatment_arms | conf=medium | mixed_organisms | n=21
SRP201584	genotype/variation	hltf-deleted (-/-) mice	control hltf+/+ mice	tissue:tumor	tumor | genotype_comparison | conf=high | tumor_tissue | n=6
SRP201679	genotype	homo	wt	tissue:brain_cns	brain_cns | genotype_comparison | conf=high |  | n=30
SRP201665	treatment	blm	pbs	in:tissue=skin;in:time point=d14;tissue:lung	lung | in_vivo_treatment_arms | conf=high |  | n=186
SRP201876	genotype	rfx6f/f vilin-creert2	rfx6f/f	tissue:adipose	adipose | genotype_comparison | conf=high |  | n=15
SRP201779	activity	runhi	sed	in:brain region=hippocampus;in:age=one year;tissue:brain_cns	brain_cns | in_vivo_treatment_arms | conf=medium |  | n=200
SRP202011	genotype/variation	setd5 heterozygous	wildtype	tissue:brain_cns	brain_cns | genotype_comparison | conf=high |  | n=6
SRP202544	treatment	250 ng 17beta-estradiol 2 hour	ethanol vehicle	in:treatment=250 ng 17beta-estradiol 2 hour;in:treatment=ethanol vehicle;tissue:reproductive	reproductive | in_vivo_treatment_arms | conf=high |  | n=12
SRP202561	genotype	ubc9flox/flox gdf9icre+	ubc9flox/flox	tissue:reproductive	reproductive | genotype_comparison | conf=high | pooled_samples | n=6
SRP202546	genotype/variation	sgkeap1	sggfp	tissue:liver	liver | genotype_comparison | conf=medium | tumor_tissue | n=14
SRP211761	treatment	iri	sham	tissue:blood_immune	blood_immune | in_vivo_treatment_arms | conf=high |  | n=8
SRP211789	phenotype	kiko	wt	tissue:adipose	adipose | genotype_comparison | conf=high |  | n=12
SRP211825	genotype	nt3-cre+	ctrl	in:loading condition=non-loaded l side;tissue:other	other | genotype_comparison | conf=high |  | n=16
SRP211858	genotype	dat:th ko	wt	in:tissue=ventral striatum;subj:mouseid_brainregion;tissue:brain_cns	brain_cns | genotype_comparison | conf=high |  | n=49
SRP212036	genotype	cknock out	wild type	tissue:reproductive	reproductive | genotype_comparison | conf=high |  | n=8
SRP211876	genotype	gata2 ko	gata2 wt	tissue:blood_immune	blood_immune | genotype_comparison | conf=high | tumor_tissue | n=16
SRP212124	prenatal treatment	ethanol	control	tissue:brain_cns	brain_cns | in_vivo_treatment_arms | conf=high |  | n=12
SRP212107	treatment	12h_sleep_deprivation_restraint	home_cage_control_no_restraint	tissue:other	other | in_vivo_treatment_arms | conf=high |  | n=28
SRP212122	genotype	nescrecsf1fl/fl	csf1fl/fl	in:tissue=forebrain;tissue:brain_cns	brain_cns | genotype_comparison | conf=high |  | n=35
SRP212257	agent	pzh	none	tissue:liver	liver | in_vivo_treatment_arms | conf=high |  | n=12
SRP212246	treatment	hfd gavage with atorvastatin	hfd	tissue:other	other | in_vivo_treatment_arms | conf=high |  | n=6
SRP212544	treatment	h1n1	saline	subj:isolate;tissue:lung	lung | in_vivo_treatment_arms | conf=high |  | n=18
SRP212635	source_name	bcl6-blimp1-fc mouse	wt mouse	tissue:other	other | genotype_comparison | conf=high |  | n=16
SRP212664	genotype	shp hep-/-	wt	tissue:liver	liver | genotype_comparison | conf=high |  | n=12
SRP212656	disease state	epileptic	control	in:treatment=sglacz;tissue:brain_cns	brain_cns | in_vivo_treatment_arms | conf=high |  | n=17
SRP212751	treatment	prolonged low dose azacitidine	vehicle	tissue:blood_immune	blood_immune | in_vivo_treatment_arms | conf=medium | tumor_tissue | n=9
SRP212753	treatment	doxorubicin	untreated	tissue:tumor	tumor | in_vivo_treatment_arms | conf=high | tumor_tissue | n=40
SRP212750	genotype	scl-creert x cdx2 x flt3 itd/+	scl-creert x cdx2	tissue:blood_immune	blood_immune | genotype_comparison | conf=medium |  | n=11
SRP212839	development stage	toxoplasma infection for 35 days	control group	tissue:other	other | in_vivo_treatment_arms | conf=high |  | n=6
SRP212923	genotype	slit2-tg	c57bl/6j	tissue:heart	heart | genotype_comparison | conf=medium |  | n=11
SRP212932	source_name	turicibacter-monocolonized	germ-free	in:tissue=colon;tissue:gut	gut | in_vivo_treatment_arms | conf=high |  | n=28
SRP212934	diet	wd	chow	in:cd45level=cd45lo;tissue:brain_cns	brain_cns | in_vivo_treatment_arms | conf=high |  | n=30
SRP212940	genotype	mymsl ko	mymsl wt	tissue:other	other | genotype_comparison | conf=high |  | n=6
SRP212867	genotype	scrbko	wt	in:tissue=testis;tissue:reproductive	reproductive | genotype_comparison | conf=medium | targeted_assay_suspected | n=44
SRP212937	isolate	rarres2 ko	wildtype-1	subj:isolate;tissue:adipose	adipose | genotype_comparison | conf=medium |  | n=6
SRP212936	treatment	2 ppm o3 for 3 hours	filtered air for 3 hours	in:tissue=conducting airways;tissue:blood_immune	blood_immune | in_vivo_treatment_arms | conf=medium |  | n=24
SRP212952	genotype	delta large deletion	wildtype	tissue:other	other | genotype_comparison | conf=high |  | n=12
SRP212953	genotype	delta ec	wildtype	tissue:other	other | genotype_comparison | conf=high |  | n=6
SRP212954	genotype	delta eb	wildtype	tissue:other	other | genotype_comparison | conf=high |  | n=12
SRP212955	genotype	enhancer a deletion	wt	tissue:other	other | genotype_comparison | conf=high |  | n=12
SRP213018	genotype	scl-creert x cdx2	scl-creert	tissue:blood_immune	blood_immune | genotype_comparison | conf=high | tumor_tissue | n=10
SRP213363	diet	high fat diet (hfd)	control diet (cd)	tissue:reproductive	reproductive | in_vivo_treatment_arms | conf=high | pooled_samples | n=12
SRP213210	genotype	kt;lkb1f/f	kt	subj:alt_sample_name;tissue:lung	lung | genotype_comparison | conf=medium | tumor_tissue | n=24
SRP213598	agent	lps treated	no treatment	in:age=2 months;in:cell type=cxcl12-abundant reticular cells;tissue:blood_immune	blood_immune | in_vivo_treatment_arms | conf=medium |  | n=78
SRP213629	injury	blast (0 psi then 20 psi)	sham (5 psi then 5 psi)	tissue:brain_cns	brain_cns | in_vivo_treatment_arms | conf=high |  | n=72
SRP213641	tretment in vivo	platelet depletion	control rabbit serum	tissue:other	other | in_vivo_treatment_arms | conf=medium | pooled_samples | n=11
SRP213718	genotype	rarres2-/-	wt	tissue:adipose	adipose | genotype_comparison | conf=high |  | n=6
SRP213792	genotype	ubc-creert2;hic1f/f	wt;hic1f/f	tissue:muscle	muscle | genotype_comparison | conf=high |  | n=64
SRP213880	genotype	trem2 -/-	trem2 +/+	in:cell_type=microglia;subj:animal_id;tissue:brain_cns	brain_cns | genotype_comparison | conf=high |  | n=56
SRP214059	genotype/variation	ccr2-/-	wt	in:source_name=gavaged with nmba;tissue:gut	gut | genotype_comparison | conf=high | tumor_tissue | n=18
SRP213838	condition	cerebral cavernous malformation	contol vessels	in:age=p9;tissue:other	other | between_subject_case_control | conf=medium |  | n=44
SRP214375	disease	dss	h2o	tissue:gut	gut | in_vivo_treatment_arms | conf=high |  | n=60
SRP214273	genotype	5xfad	wild-type	in:tissue region=cortex;in:treatment=vehicle;tissue:brain_cns	brain_cns | genotype_comparison | conf=high |  | n=48
SRP214453	genotype	cdx2 cre ngn3 f/f	ngn3 f/f	tissue:gut	gut | genotype_comparison | conf=high |  | n=6
SRP214531	genotype/variation	myodcre+;loxp-/-	myodcre-;loxp-/-	tissue:muscle	muscle | genotype_comparison | conf=high |  | n=7
SRP214489	developmental exposure	tcdd (1ug/kg body weight)	vehicle (peanut oil)	tissue:other	other | in_vivo_treatment_arms | conf=high |  | n=12
SRP214463	genotype/variation	ko	wt	tissue:lung	lung | genotype_comparison | conf=medium |  | n=8
SRP214771	treatment	streptozotocin, 5% dmso vehicle-treated	control, 5% dmso vehicle-treated	tissue:kidney	kidney | in_vivo_treatment_arms | conf=high |  | n=23
SRP215165	treatment	high fiber	no fiber	tissue:other	other | in_vivo_treatment_arms | conf=medium |  | n=12
SRP215249	genotype	siah2 ko	wt	tissue:tumor	tumor | genotype_comparison | conf=high | tumor_tissue | n=40
SRP215304	status	fibrosis	normal	tissue:liver	liver | between_subject_case_control | conf=medium |  | n=9
SRP215287	genotype	ap2ecre +/- smad4 flox	ap2ecre +/-	in:cell type=immature basal vsns;tissue:other	other | genotype_comparison | conf=high |  | n=19
SRP215371	genotype	mss51-/-	wild type	tissue:muscle	muscle | genotype_comparison | conf=high |  | n=8
SRP215380	genotype	tbr1 hetero	wt	tissue:brain_cns	brain_cns | genotype_comparison | conf=high |  | n=15
SRP215421	phenotype	dt venus dox 24 months	dt venus glucose 24 months	tissue:brain_cns	brain_cns | in_vivo_treatment_arms | conf=medium |  | n=7
SRP215469	treatment	aav-dnmstn	aav-control transduction	ex:treatment=no treatment;tissue:muscle	muscle | in_vivo_treatment_arms | conf=medium |  | n=16
SRP215922	treatment	dieldrin	control	tissue:brain_cns	brain_cns | in_vivo_treatment_arms | conf=high |  | n=24
SRP215863	kat6a genotype	-/-	+/+	tissue:other	other | genotype_comparison | conf=medium |  | n=48
SRP215797	phenotype	stress	ctrl-2	tissue:tumor	tumor | in_vivo_treatment_arms | conf=medium | tumor_tissue | n=6
SRP216020	genotype	gaa-/-	wild type	tissue:brain_cns	brain_cns | genotype_comparison | conf=high |  | n=10
SRP215924	vaccinated with	wiv+il-1b	wiv alone	in:tissue=lung;tissue:blood_immune	blood_immune | in_vivo_treatment_arms | conf=medium |  | n=184
SRP216037	treatment	rgls4326	pbs	in:genotype=pdk2ko;tissue:kidney	kidney | in_vivo_treatment_arms | conf=high |  | n=34
SRP216039	treatment	rgls4326	pbs	in:strain=pcy/cd1;tissue:kidney	kidney | in_vivo_treatment_arms | conf=high |  | n=31
SRP216264	abx treated	yes	no	tissue:other	other | in_vivo_treatment_arms | conf=high |  | n=60
SRP216087	genotype	nmf219/nmf219	+/+	tissue:other	other | genotype_comparison | conf=high |  | n=10
SRP216298	treatment	nash-diet (24 weeks)	chow-diet	tissue:liver	liver | in_vivo_treatment_arms | conf=medium |  | n=32
SRP216314	genotype	tsc22d3 cko	wild-type	tissue:tumor	tumor | genotype_comparison | conf=high | tumor_tissue | n=7
SRP216236	cell type	spleen primary tregs ddc	spleen primary tregs ctr	ex:cell type=peritoneal cavity primary tregs ctr;ex:cell type=peritoneal cavity primary tregs ddc;tissue:other	other | genotype_comparison | conf=high |  | n=18
SRP216477	genotype/variation	cardiomyocyte-specific ncor1 knockout (cmnko)	littermate control (lc)	tissue:heart	heart | genotype_comparison | conf=high |  | n=6
SRP216519	genotype	kspcre tfam f/f	tfam f/f	tissue:kidney	kidney | genotype_comparison | conf=high |  | n=6
SRP216540	maternal diet	obesogenic	control	tissue:liver	liver | in_vivo_treatment_arms | conf=high |  | n=12
SRP216539	hsct type	allogeneic	healthy control	tissue:other	other | in_vivo_treatment_arms | conf=medium | pooled_samples | n=9
SRP216657	treatment	ds-5272	vehicle control	tissue:blood_immune	blood_immune | in_vivo_treatment_arms | conf=high | tumor_tissue | n=6
SRP216726	genotype/variation	krt17-egfp; cyp2g1-rtta; tre-tnf	krt17-egfp	tissue:other	other | genotype_comparison | conf=high |  | n=12
SRP216750	genotype/variation	ogt-deficient	wildtype	tissue:liver	liver | genotype_comparison | conf=high |  | n=9
SRP216746	diet	hfcf diet for 3 months	normal chow diet for 3 months	tissue:liver	liver | in_vivo_treatment_arms | conf=high |  | n=12
SRP216742	treatment	tta+tre-osk aav2 infection for 4 weeks	tre-osk aav2 infection for 4 weeks	ex:treatment=/;subj:sample #;tissue:brain_cns	brain_cns | in_vivo_treatment_arms | conf=medium |  | n=20
SRP216757	genotype/variation	r6/1	wt	tissue:brain_cns	brain_cns | genotype_comparison | conf=high |  | n=64
SRP216866	cd4 t cell help	presence	absence	tissue:blood_immune	blood_immune | in_vivo_treatment_arms | conf=medium |  | n=12
SRP216849	treatment	tofacitinib	vehicle	tissue:liver	liver | in_vivo_treatment_arms | conf=medium |  | n=10
SRP217127	genotype	prx1cre; piezo1fl/fl	wt	tissue:other	other | genotype_comparison | conf=high |  | n=8
SRP217206	group	obese (hfd)	lean (rd)	tissue:adipose	adipose | in_vivo_treatment_arms | conf=high |  | n=15
SRP217477	agent	tunicamycin	control	tissue:liver	liver | in_vivo_treatment_arms | conf=high |  | n=6
SRP217722	genotype/variation	anxa3 fl/fl;tie2-cre	anxa3 fl/fl	tissue:brain_cns	brain_cns | genotype_comparison | conf=high |  | n=6
SRP217727	diet	uw	nia	tissue:heart	heart | in_vivo_treatment_arms | conf=high |  | n=16
SRP217736	genotype	sod1 g37r	wild type	in:treatment=none;in:tissue=spinal cord (lumbar);tissue:brain_cns	brain_cns | genotype_comparison | conf=medium |  | n=44
SRP217905	genotype/variation	fbp1-deleted	wild type	tissue:liver	liver | genotype_comparison | conf=high |  | n=10
SRP217867	genotype	lin28b knockout (ko)	lin28b wildtype (wt)	in:age=3 day old neonate;tissue:blood_immune	blood_immune | genotype_comparison | conf=high |  | n=18
SRP217843	treatment	2g8	control	tissue:tumor	tumor | in_vivo_treatment_arms | conf=medium | tumor_tissue | n=6
SRP217875	treatment	ccdc152-ko	wt	in:tissue=heart;in:age=p15w;tissue:heart	heart | genotype_comparison | conf=medium |  | n=18
SRP217979	genotype	col6a1-/-	wildtype	tissue:lung	lung | genotype_comparison | conf=high |  | n=6
SRP217909	treatment	monocolonized with ruminococcus gnavus atcc 29149 (nan mutant)	monocolonized with ruminococcus gnavus atcc 29149 (wild type)	tissue:gut	gut | in_vivo_treatment_arms | conf=high |  | n=8
SRP217971	type of deletion	cardiac-specific abhd5 deletion	cardiac-specific cre expression	tissue:heart	heart | genotype_comparison | conf=medium |  | n=8
SRP218011	genotype/variation	nfkb2-/-	wild type	tissue:other	other | genotype_comparison | conf=medium |  | n=6
SRP218156	treatment	tamoxifen	vehicle (sunflower oil)	in:source_name=hippocampus;tissue:brain_cns	brain_cns | in_vivo_treatment_arms | conf=high |  | n=60
SRP218250	genotype	krt17-/-	wild type	tissue:other	other | genotype_comparison | conf=high | tumor_tissue | n=23
SRP218436	condition	uti 24 hours	control	tissue:kidney	kidney | in_vivo_treatment_arms | conf=high |  | n=22
SRP218456	treatment	iub288	vehicle	tissue:liver	liver | in_vivo_treatment_arms | conf=high |  | n=16
SRP218280	strain	hif2alsl mice	hif2afl/fl mice	subj:mouse name;tissue:adipose	adipose | genotype_comparison | conf=medium |  | n=6
SRP218613	treatment	post-mcs-01	blank	tissue:skin	skin | in_vivo_treatment_arms | conf=medium |  | n=12
SRP218614	genotype/variation	sxr knockout	wild-type	in:tissue=liver tissue;tissue:liver	liver | genotype_comparison | conf=high |  | n=39
SRP218693	treatment	eod	al	ex:treatment=al.r;ex:treatment=eod.r;ex:treatment=if16.r;tissue:brain_cns	brain_cns | in_vivo_treatment_arms | conf=high |  | n=30
SRP218851	genotype	mirc11-/-	wild-type	tissue:other	other | genotype_comparison | conf=high |  | n=12
SRP218864	tissue	colon tumor	colon epithelium	tissue:gut	gut | between_subject_case_control | conf=medium | tumor_tissue | n=17
SRP219028	treatment	ccl4	oil	tissue:liver	liver | in_vivo_treatment_arms | conf=high |  | n=15
SRP219147	genotype/variation	zpbp2 ko	wt	tissue:lung	lung | genotype_comparison | conf=high |  | n=6
SRP219148	genotype/variation	zpbp2 ko	wt	tissue:lung	lung | genotype_comparison | conf=high |  | n=6
SRP219039	genotype	r6/2	wild-type	tissue:brain_cns	brain_cns | genotype_comparison | conf=high |  | n=12
SRP219271	genotype/variation	acadm-knockout	wild type	tissue:liver	liver | genotype_comparison | conf=high |  | n=32
SRP219342	disease_stage	ho-1-/-	ho-1+/+	in:tissue=sorted hsc cells from bone marrow;tissue:blood_immune	blood_immune | genotype_comparison | conf=medium |  | n=44
SRP219516	strain	balb/cj	c57bl/6j	in:tissue=colon;subj:mouse-id;tissue:gut	gut | genotype_comparison | conf=medium |  | n=78
SRP219614	genotype	klotho-/-	wild-type	tissue:other	other | genotype_comparison | conf=high |  | n=24
SRP219460	breed	dcf	nc	tissue:liver	liver | in_vivo_treatment_arms | conf=medium |  | n=12
SRP219659	genotype/variation	junb dep	junb +/+	tissue:skin	skin | genotype_comparison | conf=high |  | n=6
SRP219832	genotype	irf4 knock out	irf4 overexpression	tissue:muscle	muscle | genotype_comparison | conf=medium |  | n=6
SRP219834	treatment	nvs-hd1	vehicle	in:denervation surgery=denervated leg;tissue:muscle	muscle | in_vivo_treatment_arms | conf=medium |  | n=34
SRP219845	infection	mmupv1 infection	mock infection (no mmupv1)	tissue:skin	skin | in_vivo_treatment_arms | conf=high | tumor_tissue | n=9
SRP219874	genotype	tg: n-cre; fox1	wt: n-cre	subj:animal tag number;tissue:brain_cns	brain_cns | genotype_comparison | conf=high |  | n=6
SRP219877	source_name	mpe cd4+ t cells from il-10-/- mice	mpe cd4+ t cells from wt mice	tissue:blood_immune	blood_immune | genotype_comparison | conf=medium | tumor_tissue | n=6
SRP219896	source_name	colon obtained from mouse with dss-induced colitis and injected with ad-msc	colon obtained from mouse with dss-induced colitis and injected with pbs	tissue:gut	gut | in_vivo_treatment_arms | conf=high |  | n=9
SRP219923	sample group	fmt-ac group (gavage of fecal samples from patients with crc)	fmt-ah group (gavage of fecal samples from healthy controls)	tissue:gut	gut | in_vivo_treatment_arms | conf=high | tumor_tissue | n=7
SRP220136	genotype	csmd1 ko	wt	in:cell type=whole testis;ex:tissue=ovary;tissue:reproductive	reproductive | genotype_comparison | conf=medium |  | n=28
SRP220131	genotype	atm-/-	atmwt/wt	in:co-receptor=cd4;subj:mouse identifier;tissue:blood_immune	blood_immune | genotype_comparison | conf=medium | pooled_samples | n=24
SRP220328	genotype	app/ps1	wt	in:source_name=whole brain;tissue:brain_cns	brain_cns | genotype_comparison | conf=high |  | n=81
SRP220337	genotype	sesn1-/-	wild type	tissue:muscle	muscle | genotype_comparison | conf=medium |  | n=42
SRP220333	genotype	ko	wt	in:tissue=cortex;tissue:brain_cns	brain_cns | genotype_comparison | conf=medium |  | n=41
SRP220351	sample_type	biological replicate 1 of mir-29a/b1 overexpression mice	biological replicate 1 of k14-rtta mice	tissue:skin	skin | genotype_comparison | conf=medium |  | n=6
SRP220371	treatment	cfms	vehicle	tissue:gut	gut | in_vivo_treatment_arms | conf=medium |  | n=42
SRP220401	treatment	salmonella infected	pbs control	tissue:other	other | in_vivo_treatment_arms | conf=high | pooled_samples | n=13
SRP220444	genotype	homo ko	wt	tissue:adipose	adipose | genotype_comparison | conf=high |  | n=9
SRP220487	drug	stz	none	tissue:muscle	muscle | in_vivo_treatment_arms | conf=high |  | n=21
SRP220535	treatment	perinatal dex treated	control	in:cell type=naive cd8 t cells;tissue:blood_immune	blood_immune | in_vivo_treatment_arms | conf=medium |  | n=12
SRP220922	genotype	beta cell specific hltf-/-	control hltf +/+	tissue:other	other | genotype_comparison | conf=high |  | n=6
SRP221143	genotype	rcor1 deletion	wild type	tissue:blood_immune	blood_immune | genotype_comparison | conf=high |  | n=6
SRP220745	donor thymus genotype	notch3 knockout	wild type	ex:donor thymus genotype=na;tissue:other	other | genotype_comparison | conf=medium | tumor_tissue | n=23
SRP221157	genotype/variation	anko (adipocyte specific nampt knockout)	wild type (flox/flox)	tissue:adipose	adipose | genotype_comparison | conf=high |  | n=8
SRP221270	genotype/variation	transgenic mouse model overexpressing the complete human snca genes modeling familial and sporadic forms of parkinson's disease	wild type	tissue:gut	gut | genotype_comparison | conf=high |  | n=19
SRP221258	genotype	scly ko	c57bl6/n	tissue:liver	liver | genotype_comparison | conf=high |  | n=12
SRP221456	genotype/variation	maf ko	maf wt	in:cell type=nkp46+ ilc3;tissue:gut	gut | genotype_comparison | conf=high |  | n=18
SRP221458	agent	hdm	saline	tissue:lung	lung | in_vivo_treatment_arms | conf=medium |  | n=43
SRP221463	breed	eocre il4/13f/f	c57bl/6	tissue:skin	skin | genotype_comparison | conf=medium |  | n=6
SRP221554	genotype	p0rik7flox/flox mutant	wt	tissue:other	other | genotype_comparison | conf=medium |  | n=6
SRP221577	genotype	vdr ko	vdr wt	in:cell type=treg;tissue:gut	gut | genotype_comparison | conf=high |  | n=24
SRP221514	diet	high-fat	normal	in:tissue=adipocyte;tissue:adipose	adipose | in_vivo_treatment_arms | conf=high |  | n=54
SRP221605	condition	hyperoxia housing p18-p28	normoxia housing	tissue:blood_immune	blood_immune | in_vivo_treatment_arms | conf=high | tumor_tissue | n=6
SRP221637	diet	choline-deficient, l-amino acid-defined high fat diet (cdahfd, 0.1% methionine and 62% fat)	normal chow	tissue:liver	liver | in_vivo_treatment_arms | conf=high |  | n=32
SRP221710	genotype	sirena1 null	wt	in:developmental stage=gv oocyte;tissue:other	other | genotype_comparison | conf=medium | pooled_samples | n=13
SRP221714	genotype/variation	cd19crefoxp1 cko	wild type	tissue:blood_immune	blood_immune | genotype_comparison | conf=high |  | n=7
SRP221742	treatment	poly(i:c)	saline	tissue:brain_cns	brain_cns | in_vivo_treatment_arms | conf=high |  | n=17
SRP221740	genotype	dmpk 480/480	dmpk+/+	in:tissue=tibialis anterior;ex:tissue=myotube;subj:mouse number;tissue:other	other | genotype_comparison | conf=medium |  | n=33
SRP222321	genotype	krasg12d	wt	tissue:blood_immune	blood_immune | genotype_comparison | conf=high |  | n=8
SRP222281	genotype	smarcb1 -/-	wt	ex:tissue=syngeneic graft of tumor into flank;tissue:tumor	tumor | genotype_comparison | conf=medium | tumor_tissue | n=17
SRP222324	treatment protocol	cigarette smoke	air	tissue:blood_immune	blood_immune | in_vivo_treatment_arms | conf=high |  | n=20
SRP222365	genotype/variation	np23-nhd13	nhd13	ex:genotype/variation=wt;tissue:blood_immune	blood_immune | genotype_comparison | conf=medium | tumor_tissue | n=11
SRP222586	genotype	atg16l1 -/-	atg16l1 +/+	tissue:other	other | genotype_comparison | conf=medium |  | n=10
SRP222910	phenotype	dilated cardiomyopathy	wild type	tissue:heart	heart | genotype_comparison | conf=high |  | n=6
SRP222765	genotype	ezh2 het	ezh2 wt	subj:source_name;tissue:other	other | genotype_comparison | conf=medium |  | n=68
SRP223077	genotype	klf14matko	wt	tissue:reproductive	reproductive | genotype_comparison | conf=high |  | n=8
SRP222784	treatment	intracerebroventricular injection of streptozotocin (icvi-stz)	intracerebroventricular injection of vehicle (icvi-veh)	ex:treatment=untreated;tissue:brain_cns	brain_cns | in_vivo_treatment_arms | conf=medium |  | n=25
SRP223109	genotype	5-ht6r-/-	wild type	tissue:other	other | genotype_comparison | conf=high |  | n=6
SRP223112	genotype	pkhd1cre; pkd2 f/f; mir-214null	pkhd1cre; pkd2 f/f	tissue:kidney	kidney | genotype_comparison | conf=high |  | n=6
SRP223230	genotype	ko	wt	in:source_name=liver;tissue:liver	liver | genotype_comparison | conf=medium |  | n=24
SRP223287	treatment	cfa	naive	tissue:brain_cns	brain_cns | in_vivo_treatment_arms | conf=high |  | n=32
SRP223303	genotype	mef2d conditional knockout	mef2d control	tissue:brain_cns	brain_cns | genotype_comparison | conf=high |  | n=24
SRP223505	genotype/variation	otx2 ko	control	tissue:brain_cns	brain_cns | genotype_comparison | conf=high |  | n=12
SRP223471	treatment	chronic restraint stress	control	in:genotype=wild type;tissue:brain_cns	brain_cns | in_vivo_treatment_arms | conf=medium |  | n=9
SRP223836	agent	irfa	no treatment	tissue:gut	gut | in_vivo_treatment_arms | conf=high | tumor_tissue | n=6
SRP223761	treatment	ac injection	luc injection	in:stress=myocardial infarction;tissue:heart	heart | in_vivo_treatment_arms | conf=medium |  | n=66
SRP223727	genotype	swp/rplc	wild-type	ex:source_name=el4 cells;in:source_name=hspcs;ex:treatment=treated with pma/ionomycin;tissue:other	other | genotype_comparison | conf=medium |  | n=26
SRP224064	treatment	scopolamine	sham	subj:mouse_id;tissue:other	other | in_vivo_treatment_arms | conf=high |  | n=8
SRP224526	genotype	asl-lc cko	wt	tissue:brain_cns	brain_cns | genotype_comparison | conf=high |  | n=9
SRP224655	genotype	pitx2 enh20k deletion	control	tissue:heart	heart | genotype_comparison | conf=high |  | n=48
SRP224649	treatment	i.p injection of 0.15m lithium chloride	saline i.p injection	in:region=basolateral amygdala;tissue:brain_cns	brain_cns | in_vivo_treatment_arms | conf=medium |  | n=16
SRP224587	timepoint	d-2	npc	in:cell type=ctec;tissue:other	other | time_course | conf=medium |  | n=65
SRP224951	genotype	fmrko (adipoqcre+, mrflox/flox )	control (mrflox/flox )	tissue:adipose	adipose | genotype_comparison | conf=high |  | n=24
SRP225211	genotype	bpix -/-	wild type	tissue:other	other | genotype_comparison | conf=high |  | n=6
SRP225225	genotype	pgam5 ko	wild-type	tissue:adipose	adipose | genotype_comparison | conf=high |  | n=7
SRP225544	treatment	infected with bcg-ssi; ambisome treated	infected with bcg-ssi; untreated	in:tissue=liver;tissue:liver	liver | in_vivo_treatment_arms | conf=high |  | n=19
SRP225503	pup treatment	siro	dmso	in:dam treatment=anti-bmp9/10;subj:mouse id;tissue:liver	liver | in_vivo_treatment_arms | conf=medium |  | n=63
SRP225712	strain/genotype	il33-/- in c57bl6 background	c57bl6	tissue:tumor	tumor | genotype_comparison | conf=high | tumor_tissue | n=6
SRP225660	genotype	wt; +/t	ww; +/+	in:tissue=liver;tissue:liver	liver | genotype_comparison | conf=high |  | n=76
SRP225812	genotype	invee k5 cre+ hmgb1 fl/fl	invee k5 cre- hmgb1 fl/fl	tissue:skin	skin | genotype_comparison | conf=high |  | n=8
SRP225899	genotype/variation	mboat7 aso knockdown	mboat7 control aso	tissue:liver	liver | in_vivo_treatment_arms | conf=high |  | n=10
SRP225890	genotype	conditional musmyd88-/-	cre-control	in:tissue=red gastrocnemius muscle;subj:subject;tissue:adipose	adipose | genotype_comparison | conf=high |  | n=32
SRP225901	treatment	lysophosphatidylinositol 18:0	saline	tissue:liver	liver | in_vivo_treatment_arms | conf=high |  | n=10
SRP225951	treatment	pgsn	vehicle	tissue:lung	lung | in_vivo_treatment_arms | conf=high |  | n=20
SRP226422	genotype/variation	pou4f3(delta/+)	wildtype	tissue:other	other | genotype_comparison | conf=high |  | n=6
SRP226196	genotype/variation	fxsca7 92q	wild type	tissue:brain_cns	brain_cns | genotype_comparison | conf=high | pooled_samples | n=12
SRP226459	experimental group	iri	control	tissue:blood_immune	blood_immune | in_vivo_treatment_arms | conf=medium |  | n=12
SRP226573	source_name	spinal cord injury+syngeneic mscs	spinal cord injury	tissue:brain_cns	brain_cns | in_vivo_treatment_arms | conf=medium |  | n=12
SRP226727	phenotype	villincre-myo5bko	wt	tissue:gut	gut | genotype_comparison | conf=high |  | n=10
SRP226737	genotype	cko	control	tissue:brain_cns	brain_cns | genotype_comparison | conf=high |  | n=12
SRP226862	tissue	krasg12d; p53-null lung adenocarcinomas	normal lung	tissue:lung	lung | between_subject_case_control | conf=high | tumor_tissue | n=11
SRP226891	genotype/variation	sulf2 overexpression with gli1 ko	sulf2 overexpression with wt gli1	tissue:liver	liver | genotype_comparison | conf=high | tumor_tissue | n=6
SRP227165	crispr-mediated mutation	p107	p130	tissue:lung	lung | genotype_comparison | conf=high | tumor_tissue | n=16
SRP226834	cell type	splenic stress-bfu-e	steady-state bfu-e	in:cell type=splenic stress-bfu-e;in:cell type=steady-state bfu-e;tissue:blood_immune	blood_immune | in_vivo_treatment_arms | conf=medium |  | n=12
SRP227204	genotype/variation	mef2d deletion	wild type	tissue:blood_immune	blood_immune | genotype_comparison | conf=high |  | n=18
SRP227207	operation	clp	shs	tissue:liver	liver | in_vivo_treatment_arms | conf=high |  | n=12
SRP227260	genotype	r306c	wt	tissue:brain_cns	brain_cns | genotype_comparison | conf=high |  | n=20
SRP227956	genotype/variation	hepatic mir-378 overexpression	control	tissue:liver	liver | in_vivo_treatment_arms | conf=high |  | n=6
SRP227924	genotype/variation	arg2tm1weo/j	wild type	in:hrs of activation=0h - naive;tissue:blood_immune	blood_immune | genotype_comparison | conf=medium |  | n=50
SRP228451	health_state	bladder cancer	healthy	tissue:other	other | in_vivo_treatment_arms | conf=high | tumor_tissue | n=6
SRP228490	genotype/variation	figla-/-	figla+/-	tissue:reproductive	reproductive | genotype_comparison | conf=high |  | n=20
SRP228800	aso	plin5	control	tissue:liver	liver | in_vivo_treatment_arms | conf=high |  | n=19
SRP228964	strain	nzo/hiltj	c57bl/6j	subj:unique sample;tissue:other	other | genotype_comparison | conf=medium |  | n=95
SRP229069	treatment	wy-14643 (50mg/kg for 12 hours)	carboxymethyllcellulose control	tissue:liver	liver | in_vivo_treatment_arms | conf=high |  | n=28
SRP229368	genotype	tgfbr2-/-	wt	in:cell type=ilc2p;tissue:blood_immune	blood_immune | genotype_comparison | conf=medium |  | n=15
SRP229390	transduction	sox11	gfp	tissue:other	other | in_vivo_treatment_arms | conf=high |  | n=10
SRP229494	genotype	apoe4	apoe3	tissue:brain_cns	brain_cns | genotype_comparison | conf=high |  | n=20
SRP229489	diet	hfd	sd	in:age=24 weeks;tissue:other	other | in_vivo_treatment_arms | conf=medium |  | n=53
SRP229626	genotype	amyloid deposition expresses five familial ad (fad) mutations	control	tissue:brain_cns	brain_cns | genotype_comparison | conf=high |  | n=13
SRP229586	infection	rsv	mock	tissue:lung	lung | in_vivo_treatment_arms | conf=medium |  | n=18
SRP229484	tissue	tumor	mammary gland	in:time post-inoculation=3 weeks;tissue:reproductive	reproductive | between_subject_case_control | conf=medium | tumor_tissue | n=72
SRP229630	environmental condition	germ-free (gf)	specific pathogen-free (spf)	in:cell type=neuronal;in:tissue=colon;tissue:brain_cns	brain_cns | in_vivo_treatment_arms | conf=medium |  | n=28
SRP229632	treatment	ahr agonist (3-methylcholanthrene)	control (corn oil)	in:cell type=neuronal;tissue:brain_cns	brain_cns | in_vivo_treatment_arms | conf=medium |  | n=16
SRP229742	condition	sd	nsd	in:ztime=6;tissue:brain_cns	brain_cns | in_vivo_treatment_arms | conf=medium |  | n=741
SRP229965	treatment	hfd	nd	tissue:brain_cns	brain_cns | in_vivo_treatment_arms | conf=high |  | n=19
SRP229998	genotype/variation	ikka ko	ikka wt	subj:source_name;tissue:lung	lung | genotype_comparison | conf=medium | tumor_tissue | n=24
SRP230184	genotype	trim28 ko	wild-type	tissue:blood_immune	blood_immune | genotype_comparison | conf=medium |  | n=6
SRP229985	strain	mtreg24 tcr-tg+ (b6)	mtreg24 tcr-tg- (b6)	in:cell type=whole tissue;tissue:muscle	muscle | genotype_comparison | conf=medium |  | n=16
SRP230295	genotype	ppard overexpression	wild-type	tissue:tumor	tumor | genotype_comparison | conf=high | tumor_tissue | n=8
SRP230420	group	high drinker	low drinker	tissue:brain_cns	brain_cns | genotype_comparison | conf=high |  | n=84
SRP230248	strain	a/j	c57bl/6j	subj:unique sample;tissue:brain_cns	brain_cns | genotype_comparison | conf=medium |  | n=64
SRP230425	genotype	plag1 -/-	wild type	tissue:other	other | genotype_comparison | conf=high |  | n=60
SRP232913	paternal treatment	nicotine	saline	in:tissue=dorsal hippocampus;tissue:brain_cns	brain_cns | in_vivo_treatment_arms | conf=high |  | n=72
SRP232912	treatment	hdm	saline	tissue:lung	lung | in_vivo_treatment_arms | conf=high |  | n=89
SRP233228	genotype	aarssti/sti	aars+/+	tissue:blood_immune	blood_immune | genotype_comparison | conf=high |  | n=12
SRP233206	lps or pbs	lps	pbs	in:fraction=positive;subj:animal number;tissue:brain_cns	brain_cns | in_vivo_treatment_arms | conf=high |  | n=18
SRP233366	agent	morphine	saline	tissue:brain_cns	brain_cns | in_vivo_treatment_arms | conf=high |  | n=12
SRP233389	exposure	zileuton	vehicle	subj:animal id;tissue:liver	liver | in_vivo_treatment_arms | conf=high |  | n=360
SRP233488	strain	csf1r-ep4-/-	wt	tissue:gut	gut | genotype_comparison | conf=high |  | n=11
SRP233502	genotype	lmna ko	wt	tissue:other	other | genotype_comparison | conf=high |  | n=7
SRP234038	genotype	112kb congenic	b6 wild-type	subj:sample id;tissue:brain_cns	brain_cns | genotype_comparison | conf=high |  | n=48
SRP234045	treatment	cocaine self-administration	saline self-administration	in:sample type=immunopurified (ip);tissue:brain_cns	brain_cns | in_vivo_treatment_arms | conf=medium |  | n=10
SRP234525	treatment	cocaine self-administration	saline self-administration	in:sample type=immunopurified (ip);tissue:brain_cns	brain_cns | in_vivo_treatment_arms | conf=medium |  | n=11
SRP234690	treatment	cocaine self-administration	saline self-administration	ex:treatment=input;tissue:brain_cns	brain_cns | in_vivo_treatment_arms | conf=medium |  | n=10
SRP234696	genotype	sle1b.ifn<gamma>r-/-	b6.sle1b	subj:source_name;tissue:other	other | genotype_comparison | conf=medium |  | n=12
SRP234628	genotype	rptorf/f.hcd20-tamcre+	rptor+/+.hcd20-tamcre+	in:cell type=splenic b cell;tissue:blood_immune	blood_immune | genotype_comparison | conf=medium |  | n=36
SRP234718	treatment	cocaine self-administration	saline self-administration	in:sample type=immunopurified (ip);tissue:brain_cns	brain_cns | in_vivo_treatment_arms | conf=medium |  | n=10
SRP234629	xbp1	xbp1 null	xbp1 wt	in:cell type=splenic b cell;ex:source_name=xbp1 null marginal zone b cell;ex:source_name=cre control marginal zone b cell;tissue:blood_immune	blood_immune | genotype_comparison | conf=medium |  | n=40
SRP234876	time point	28-days abstinence	1-day abstinence	in:brain region=nucleus accumbens;tissue:brain_cns	brain_cns | time_course | conf=medium |  | n=71
SRP235070	group	escalating group; 24 hours following extended self administration	control group; 24 hours following extended self administration	in:sample type=immunopurified (ip);tissue:brain_cns	brain_cns | in_vivo_treatment_arms | conf=medium |  | n=41
SRP235231	genotype	bptf+/{delta}; em-myc	bptf+/+; em-myc	tissue:tumor	tumor | genotype_comparison | conf=high | tumor_tissue | n=19
SRP235265	protocol	nonescalating group; 24 hours following self administration	control group; 24 hours following self administration	tissue:other	other | in_vivo_treatment_arms | conf=medium |  | n=40
SRP237295	genotype	map3k2-/-	wt	tissue:gut	gut | genotype_comparison | conf=high |  | n=12
SRP237329	treatment	cocaine	saline	in:sample type=immunopurified (ip);tissue:brain_cns	brain_cns | in_vivo_treatment_arms | conf=high |  | n=26
SRP237364	genotype	olig2-cre+/-/rosa26r-yfp+/-/oc1-/flox/oc2-/flox	olig2-cre+/-/rosa26r-yfp+/-/oc1+/flox/oc2+/flox	tissue:brain_cns	brain_cns | genotype_comparison | conf=high |  | n=10
SRP237439	treatment condition	dex	veh	tissue:tumor	tumor | in_vivo_treatment_arms | conf=medium | tumor_tissue | n=12
SRP237716	genotype	laidx dup/y	wild-type	subj:isolate;tissue:reproductive	reproductive | genotype_comparison | conf=high |  | n=8
SRP237809	condition	recovered stroke mice	non-recovered stroke mice	in:source_name=rna from ipsilesional primary motor cortex;subj:sample name in manuscript;tissue:brain_cns	brain_cns | between_subject_case_control | conf=medium |  | n=16
SRP237817	treatment	mrt 241 gy (peak)	no treatment	subj:specimen_voucher;tissue:brain_cns	brain_cns | in_vivo_treatment_arms | conf=high |  | n=20
SRP237911	treatment	interferon lambda	pbs	in:source_name=iecs sorted from neonatal intestine;tissue:gut	gut | in_vivo_treatment_arms | conf=medium |  | n=21
SRP237927	genotype	hfd	cd	tissue:other	other | in_vivo_treatment_arms | conf=high |  | n=114
SRP238080	genotype	tle4-/- null	wild type	tissue:brain_cns	brain_cns | genotype_comparison | conf=high |  | n=6
SRP238215	genotype/variation	vavpbcl2/myc	normal spleen	tissue:tumor	tumor | genotype_comparison | conf=high | tumor_tissue | n=20
SRP238545	genotype/variation	hkatpase ko	wild type	in:treatment=peg;tissue:other	other | genotype_comparison | conf=high |  | n=44
SRP238748	genotype	chmp2bintron5; 12 copies	non transgenic control	tissue:brain_cns	brain_cns | genotype_comparison | conf=high |  | n=32
SRP238851	strain	5xfad	b6sjlf1/j	tissue:brain_cns	brain_cns | genotype_comparison | conf=high |  | n=13
SRP256038	disease_stage	late disease	control	in:tissue=cortical microglia;tissue:brain_cns	brain_cns | in_vivo_treatment_arms | conf=medium |  | n=73
SRP251172	genotype	tbk1 mut sod_es	tbk1 wt sod_es	tissue:brain_cns	brain_cns | genotype_comparison | conf=high |  | n=12
SRP340286	status	dio	lean	in:source_name=ewat;tissue:adipose	adipose | in_vivo_treatment_arms | conf=high |  | n=204
SRP316599	genotype	ko	wt	in:tissue=cerebellum;tissue:brain_cns	brain_cns | genotype_comparison | conf=high |  | n=48
SRP353027	genotype	dbx1 knockout	wildtype	tissue:other	other | genotype_comparison | conf=high |  | n=6
SRP357133	genotype	tcf7l2 knockout	wildtype	tissue:other	other | genotype_comparison | conf=high |  | n=6
SRP281844	genotype	cnp-cre; tardbp-fl/+	tardbp-fl/fl	ex:genotype=cnp-cre; tardbp-fl/fl;tissue:other	other | genotype_comparison | conf=medium |  | n=9
SRP424976	treatment	intrathecal injection of aav-ndnf	intrathecal injection of aav-gfp	tissue:brain_cns	brain_cns | in_vivo_treatment_arms | conf=high |  | n=6
SRP471095	genotype	floxgba; thy1-creert2,-eyfp	floxgba	in:tissue=brain (one hemisphere);tissue:brain_cns	brain_cns | genotype_comparison | conf=medium |  | n=32
SRP488592	disease	rotator cuff tear	sham operation	tissue:other	other | in_vivo_treatment_arms | conf=high |  | n=6
SRP477672	genotype	pg9vn	wt	tissue:brain_cns	brain_cns | genotype_comparison | conf=high |  | n=9
SRP518881	genotype	crptg-db/db	crpwt-db/db	tissue:kidney	kidney | genotype_comparison | conf=high |  | n=6
SRP527525	treatment	6-ohda intrastriatal inoculation and pbs ip injection	1x pbs intrastriatal inoculation and pbs ip injection	in:tissue=striatum;tissue:brain_cns	brain_cns | in_vivo_treatment_arms | conf=medium |  | n=18
ERP109346	genotype	pdx1gfp/+; hes1/	pdx1gfp/+	tissue:unknown	| genotype_comparison | conf=high |  | n=11
SRP078563	metastatic progression stage	metastatic primary tumor	non-metastatic primary tumor	in:tumor genotype=kraslsl-g12d/+;p53flox/flox;r26lsl-tdtomato (kpt);tissue:other	other | between_subject_case_control | conf=medium | tumor_tissue | n=54
SRP105208	genotype	sav1-/-	sav1+/+	tissue:kidney	kidney | genotype_comparison | conf=high |  | n=8
SRP185805	diabetes	yes	no	tissue:liver	liver | between_subject_case_control | conf=medium |  | n=84
SRP106605	surgery	iri	sham	tissue:kidney	kidney | in_vivo_treatment_arms | conf=high |  | n=49
SRP220671	fam13a genotype	ko	wt	in:tissue=subcutaneous adipose;tissue:adipose	adipose | genotype_comparison | conf=high |  | n=62
SRP158995	treatmet	virus_+_rh9c12-wt	uninfected	tissue:liver	liver | in_vivo_treatment_arms | conf=high |  | n=32
SRP118998	genotype	ko	wt	ex:source_name=mesc;in:source_name=kidney;tissue:kidney	kidney | genotype_comparison | conf=high |  | n=26
SRP038635	genotype/variation	knock down (albcre+ jnk1flox/floxjnk2flox/flox)	wild type (albcre+)	tissue:liver	liver | genotype_comparison | conf=high |  | n=24
SRP168404	genotype	p75ntr ko	wild type	tissue:liver	liver | genotype_comparison | conf=high |  | n=24
SRP201969	genotype/variation	noc-/-	noc+/+	tissue:adipose	adipose | genotype_comparison | conf=high |  | n=17
SRP040560	genotype/variation	smad3-ko	wt	tissue:kidney	kidney | genotype_comparison | conf=high |  | n=12
SRP095235	diet	dietary-restricted (dr)	control-fed (al)	tissue:liver	liver | in_vivo_treatment_arms | conf=high |  | n=12
SRP097866	genotype	dnmt1 -/-	dnmt1 +/-	tissue:kidney	kidney | genotype_comparison | conf=high |  | n=11
SRP095064	treated with	asparaginase	phosphate buffered saline	tissue:liver	liver | in_vivo_treatment_arms | conf=high |  | n=18
SRP154872	genotype/variation	lin28oe	wt	tissue:kidney	kidney | genotype_comparison | conf=high |  | n=136
SRP229353	genotype	fatp2-/-	wildtype control	tissue:liver	liver | genotype_comparison | conf=high |  | n=16
SRP113655	genotype	lerko	era floxed	tissue:liver	liver | genotype_comparison | conf=medium |  | n=24
SRP151290	injected with	carbon tetracloride (ccl4)	oil (control)	in:genotype/variation=wild type;subj:source_name;tissue:liver	liver | in_vivo_treatment_arms | conf=medium |  | n=60
SRP049583	treatment	4 day in cold exposure	0 day in cold exposure	in:tissue=interscapular brown adipose tissue;tissue:adipose	adipose | in_vivo_treatment_arms | conf=medium |  | n=31
SRP141266	genotype/variation	bcl6 fl/fl;adipoq-cre	bcl6 fl/fl	in:tissue=inguinal adipose tissue;tissue:adipose	adipose | genotype_comparison | conf=high |  | n=128
SRP063455	diet	high fat diet	standard chow	tissue:liver	liver | in_vivo_treatment_arms | conf=high |  | n=384
SRP224672	asd model	shank3b ko	wild type littermate	tissue:brain_cns	brain_cns | genotype_comparison | conf=medium |  | n=157
SRP136232	genotype	chd2 het	wildtype	in:tissue=hippocampus;tissue:brain_cns	brain_cns | genotype_comparison | conf=high |  | n=18
SRP050429	genotype	abca4-/-	wild type	in:source_name=retina;tissue:brain_cns	brain_cns | genotype_comparison | conf=high |  | n=24
SRP219200	genotype/variation	cryba1 cko	cryba1-floxed (wt)	tissue:brain_cns	brain_cns | genotype_comparison | conf=high |  | n=32
SRP068621	treatment	lps 5mg/kg 24 hours	pbs	in:cell_type=microglia;tissue:brain_cns	brain_cns | in_vivo_treatment_arms | conf=medium | pooled_samples | n=37
SRP483183	genotype	ampd2-/- and ampd3-/- double knock out	wt	in:tissue=hippocampus;tissue:brain_cns	brain_cns | genotype_comparison | conf=high |  | n=18
SRP072868	genotype	nmf205-/-	wild type	tissue:brain_cns	brain_cns | genotype_comparison | conf=high |  | n=12
SRP076455	genotype	chd4 cko	wt	tissue:brain_cns	brain_cns | genotype_comparison | conf=medium |  | n=16
SRP099414	genotype	reck vascular ko	wild type	in:tissue=cortex;tissue:brain_cns	brain_cns | genotype_comparison | conf=high |  | n=12
SRP081081	genotype	kat6a knock-out	wild-type	in:infection=infected, klrg1-high;tissue:blood_immune	blood_immune | genotype_comparison | conf=medium |  | n=64
SRP133892	knockout status	tgfbr2 ko	wt	in:source_name=microglia;tissue:blood_immune	blood_immune | genotype_comparison | conf=high |  | n=24
SRP186486	disease	tumor bearing	healthy	in:cell type=epithelial cells;tissue:blood_immune	blood_immune | between_subject_case_control | conf=medium | tumor_tissue | n=40
SRP060705	genotype/variation	hobit knockout	wild type	in:tissue=bone marrow;tissue:blood_immune	blood_immune | genotype_comparison | conf=medium |  | n=38
SRP217860	genotype	dock2-hsd/hsd (dock2-/-)	wild-type	in:source_name=naïve cd8 t cells;tissue:blood_immune	blood_immune | genotype_comparison | conf=high |  | n=18
SRP065478	genotype	cdko	wildtype	in:source_name=cdko splenic gfp- cd3e+ cd8a+ cd4- t cells;in:source_name=wt splenic gfp- cd3e+ cd8a+ cd4- t cells;tissue:blood_immune	blood_immune | genotype_comparison | conf=high |  | n=23
SRP058396	genotype	runx1c knockout	wild type	ex:genotype=runx1 p1-gfp::p2-hcd4/+;tissue:blood_immune	blood_immune | genotype_comparison | conf=medium |  | n=48
SRP049141	genotype/variation	hpgd ko	wild-type	in:cell type=regulatory cd4+ t cells;tissue:blood_immune	blood_immune | genotype_comparison | conf=high |  | n=15
SRP082980	genotype	fap-no cilia	fap-ctrl	tissue:muscle	muscle | genotype_comparison | conf=high |  | n=8
SRP100979	treatment group	heat shock	control heat shock	tissue:muscle	muscle | in_vivo_treatment_arms | conf=medium |  | n=24
SRP191506	treatment	pip6a-pmo	none	in:tissue=gastrocnemius muscle;subj:mouse_id;tissue:muscle	muscle | in_vivo_treatment_arms | conf=medium |  | n=18
SRP173675	treatment	barium chloride	uninjured	subj:replicate;tissue:muscle	muscle | in_vivo_treatment_arms | conf=medium |  | n=24
DRP005135	genotype	vgll2 ko	wild	tissue:muscle	muscle | genotype_comparison | conf=medium |  | n=8
SRP099194	genotype/variation	pofut1 knockout	pofut1flox/flox control	tissue:muscle	muscle | genotype_comparison | conf=high |  | n=18
SRP217849	genotype/variation	ant1(tg)/+	wt	tissue:muscle	muscle | genotype_comparison | conf=high |  | n=16
SRP154859	agent	t. gondii strain me49	uninfected	tissue:brain_cns	brain_cns | in_vivo_treatment_arms | conf=high |  | n=33
SRP045496	genotype	gsa conditional knockout mediated by hgfapcre	wild type	tissue:brain_cns	brain_cns | genotype_comparison | conf=high | tumor_tissue | n=19
SRP179634	genotype	wt-fus transgene homozygote	non-transgenic control	in:age=30-day-old;tissue:brain_cns	brain_cns | genotype_comparison | conf=medium |  | n=14
