study	n_run	n_sample_acc	n_experiment	n_title_stem	n_titled	donor_key	n_donor	donor_key_suspect	donor_resolved	r_run_per_sample	r_sample_per_donor	r_run_per_donor	our_n	our_n_before	our_options	our_ncase	our_nctrl	used_subj_collapse	overcount_vs_donor	overcount_vs_sample
DRP002295	25	25	25	5	25			FALSE	FALSE	1			25	25	""	20	5	FALSE	FALSE	FALSE
DRP003161	8	8	8					FALSE	FALSE	1								FALSE	FALSE	FALSE
DRP003242	8	8	8					FALSE	FALSE	1								FALSE	FALSE	FALSE
DRP003637	12	12	12					FALSE	FALSE	1			12	12	""	6	6	FALSE	FALSE	FALSE
DRP003641	286	286	286					FALSE	FALSE	1			12	12	in:tissue_type=bladder;subj:sample_title	6	6	TRUE	FALSE	FALSE
DRP003654	16	16	16	16	16			FALSE	FALSE	1			8	8	""	4	4	FALSE	FALSE	FALSE
DRP003926	8	8	8					FALSE	FALSE	1								FALSE	FALSE	FALSE
DRP003973	22	22	22					FALSE	FALSE	1								FALSE	FALSE	FALSE
DRP004069	63	12	63					FALSE	FALSE	5.25			20	20	in:tissue_type=tibialis anterior muscle;ex:cell_line=c2c12;ex:cell_line=nih3t3	10	10	FALSE	FALSE	TRUE
DRP004472	24	24	24	24	24			FALSE	FALSE	1			16	16	in:strain=b6	4	12	FALSE	FALSE	FALSE
DRP004672	74	74	74	74	74			FALSE	FALSE	1			60	60	in:cell_type=oocyte	28	32	FALSE	FALSE	FALSE
DRP004730	10	10	10	10	10			FALSE	FALSE	1			10	10	""	5	5	FALSE	FALSE	FALSE
DRP004731	8	8	8	8	8			FALSE	FALSE	1			8	8	""	4	4	FALSE	FALSE	FALSE
DRP004874	12	12	12	8	12			FALSE	FALSE	1								FALSE	FALSE	FALSE
DRP005130	47	47	47	47	47			FALSE	FALSE	1			47	47	""	24	23	FALSE	FALSE	FALSE
DRP005135	8	8	8	8	8			FALSE	FALSE	1			8	8	""	4	4	FALSE	FALSE	FALSE
DRP005251	12	12	12	12	12			FALSE	FALSE	1			12	12	""	8	4	FALSE	FALSE	FALSE
DRP005322	12	4	12	4	12			FALSE	FALSE	3			12	12	""	6	6	FALSE	FALSE	TRUE
DRP005351	14	14	14	14	14			FALSE	FALSE	1								FALSE	FALSE	FALSE
DRP005354	37	37	37	37	37			FALSE	FALSE	1			25	25	""	13	12	FALSE	FALSE	FALSE
DRP005463	12	12	12	12	12			FALSE	FALSE	1			10	12	""	4	6	FALSE	FALSE	FALSE
DRP005471	12	12	12	12	12			FALSE	FALSE	1			12	12	""	6	6	FALSE	FALSE	FALSE
DRP005521	16	16	16	8	16			FALSE	FALSE	1								FALSE	FALSE	FALSE
DRP005533	24	24	24	24	24			FALSE	FALSE	1								FALSE	FALSE	FALSE
ERP000419	9	3	9	3	9			FALSE	FALSE	3								FALSE	FALSE	FALSE
ERP000771	12	12	12	12	12			FALSE	FALSE	1			12	12	""	6	6	FALSE	FALSE	FALSE
ERP001255	13	12	12	12	13			FALSE	FALSE	1.083								FALSE	FALSE	FALSE
ERP003263	55	4	55	4	55			FALSE	FALSE	13.75			17	33	in:organism part=embryonic brown fat	5	12	FALSE	FALSE	TRUE
ERP003507	12	6	12	6	12			FALSE	FALSE	2			12	12	""	6	6	FALSE	FALSE	TRUE
ERP004369	48	12	48	12	48			FALSE	FALSE	4			48	48	""	24	24	FALSE	FALSE	TRUE
ERP004944	12	12	12	12	12			FALSE	FALSE	1								FALSE	FALSE	FALSE
ERP005175	17	17	17	17	17			FALSE	FALSE	1			10	17	""	4	6	FALSE	FALSE	FALSE
ERP006000	12	6	12	6	12			FALSE	FALSE	2			12	12	""	6	6	FALSE	FALSE	TRUE
ERP006813	32	32	32	32	32			FALSE	FALSE	1			20	26	""	4	16	FALSE	FALSE	FALSE
ERP006822	18	18	18	18	18			FALSE	FALSE	1			16	18	subj:individual	6	10	TRUE	FALSE	FALSE
ERP009054	24	6	24	6	24			FALSE	FALSE	4			24	24	""	12	12	FALSE	FALSE	TRUE
ERP009440	34	34	34	34	34	individual	12	FALSE	TRUE	1	2.833	2.833						FALSE	FALSE	FALSE
ERP009592	59	4	4	4	59			FALSE	FALSE	14.75			44	59	""	28	16	FALSE	FALSE	TRUE
ERP009664	6	6	6	6	6			FALSE	FALSE	1								FALSE	FALSE	FALSE
ERP009675	6	6	6	6	6			FALSE	FALSE	1								FALSE	FALSE	FALSE
ERP009958	16	16	16	16	16			FALSE	FALSE	1			16	16	""	8	8	FALSE	FALSE	FALSE
ERP010742	13	13	13	13	13			FALSE	FALSE	1			8	8	ex:infect=akkermansia muciniphila	4	4	FALSE	FALSE	FALSE
ERP010756	15	15	15					FALSE	FALSE	1								FALSE	FALSE	FALSE
ERP012146	18	18	18	3	18			FALSE	FALSE	1			12	12	""	6	6	FALSE	FALSE	FALSE
ERP012530	15	15	15	15	15			FALSE	FALSE	1			10	10	""	5	5	FALSE	FALSE	FALSE
ERP013119	94	94	94					FALSE	FALSE	1								FALSE	FALSE	FALSE
ERP013151	19	19	19	19	19			FALSE	FALSE	1			14	14	""	6	8	FALSE	FALSE	FALSE
ERP013315	12	12	12	12	12			FALSE	FALSE	1			12	12	""	6	6	FALSE	FALSE	FALSE
ERP013684	12	12	12	12	12			FALSE	FALSE	1			11	12	""	8	3	FALSE	FALSE	FALSE
ERP013699	16	16	16	15	15			FALSE	FALSE	1								FALSE	FALSE	FALSE
ERP013839	26	26	26	26	26			FALSE	FALSE	1			9	9	in:organism part=right plantaris muscle	5	4	FALSE	FALSE	FALSE
ERP014572	16	16	16	16	16			FALSE	FALSE	1			16	16	""	8	8	FALSE	FALSE	FALSE
ERP014590	16	16	16	16	16			FALSE	FALSE	1			16	16	""	8	8	FALSE	FALSE	FALSE
ERP014609	12	12	12	12	12			FALSE	FALSE	1			10	10	in:organism part=testis	6	4	FALSE	FALSE	FALSE
ERP014612	15	15	15	15	15			FALSE	FALSE	1								FALSE	FALSE	FALSE
ERP015152	10	10	10	10	10	individual	10	FALSE	TRUE	1	1	1	10	10	subj:individual	5	5	TRUE	FALSE	FALSE
ERP015766	42	42	42	42	42			FALSE	FALSE	1			42	42	""	20	22	FALSE	FALSE	FALSE
ERP015782	7	7	7	7	7			FALSE	FALSE	1								FALSE	FALSE	FALSE
ERP016031	7	7	7	7	7			FALSE	FALSE	1								FALSE	FALSE	FALSE
ERP016155	8	8	8	8	8			FALSE	FALSE	1			8	8	""	4	4	FALSE	FALSE	FALSE
ERP016271	18	9	9	9	18			FALSE	FALSE	2			14	18	""	8	6	FALSE	FALSE	TRUE
ERP016751	15	15	15	15	15			FALSE	FALSE	1			15	15	""	8	7	FALSE	FALSE	FALSE
ERP016856	14	14	14	14	14			FALSE	FALSE	1			10	10	""	5	5	FALSE	FALSE	FALSE
ERP020504	47	24	24	24	47			FALSE	FALSE	1.958			45	47	""	24	21	FALSE	FALSE	TRUE
ERP020514	12	12	12	12	12			FALSE	FALSE	1			12	12	""	6	6	FALSE	FALSE	FALSE
ERP020604	54	18	54	18	54			FALSE	FALSE	3			18	18	""	9	9	FALSE	FALSE	FALSE
ERP020735	16	16	16	16	16			FALSE	FALSE	1			16	16	""	8	8	FALSE	FALSE	FALSE
ERP021077	79	79	79	79	79			FALSE	FALSE	1								FALSE	FALSE	FALSE
ERP021224	21	21	21	21	21			FALSE	FALSE	1			9	9	""	4	5	FALSE	FALSE	FALSE
ERP021444	15	15	15	15	15			FALSE	FALSE	1								FALSE	FALSE	FALSE
ERP021472	19	19	19	19	19			FALSE	FALSE	1			14	14	""	6	8	FALSE	FALSE	FALSE
ERP021891	14	14	14	14	14	individual	8	FALSE	TRUE	1	1.75	1.75	8	8	in:organism part=gastric mucosa;subj:individual	4	4	TRUE	FALSE	FALSE
ERP022186	8	8	8	8	8			FALSE	FALSE	1								FALSE	FALSE	FALSE
ERP022429	12	12	12	12	12			FALSE	FALSE	1								FALSE	FALSE	FALSE
ERP022432	8	8	8	8	8			FALSE	FALSE	1			8	8	""	4	4	FALSE	FALSE	FALSE
ERP022738	15	15	15	15	15			FALSE	FALSE	1			15	15	""	9	6	FALSE	FALSE	FALSE
ERP022747	9	9	9	9	9			FALSE	FALSE	1			9	9	""	5	4	FALSE	FALSE	FALSE
ERP022752	78	16	16	16	78	individual	16	FALSE	TRUE	4.875	1	4.875	8	38	subj:individual	4	4	TRUE	FALSE	FALSE
ERP023189	12	12	12	12	12			FALSE	FALSE	1								FALSE	FALSE	FALSE
ERP023196	34	34	34	34	34			FALSE	FALSE	1			14	14	""	7	7	FALSE	FALSE	FALSE
ERP023265	45	45	45	45	45			FALSE	FALSE	1								FALSE	FALSE	FALSE
ERP023283	8	8	8	8	8			FALSE	FALSE	1			8	8	""	4	4	FALSE	FALSE	FALSE
ERP023452	24	24	24	24	24			FALSE	FALSE	1			12	12	in:genetic modification=knockout of mir-183 and mir-96	6	6	FALSE	FALSE	FALSE
ERP023507	12	12	12	12	12			FALSE	FALSE	1			12	12	""	6	6	FALSE	FALSE	FALSE
ERP024052	9	9	9	9	9			FALSE	FALSE	1			9	9	""	5	4	FALSE	FALSE	FALSE
ERP024283	6	6	6	6	6			FALSE	FALSE	1								FALSE	FALSE	FALSE
ERP024489	24	24	24	24	24			FALSE	FALSE	1			24	24	""	14	10	FALSE	FALSE	FALSE
ERP024583	14	7	7	7	14			FALSE	FALSE	2			11	14	""	8	3	FALSE	FALSE	TRUE
ERP104046	8	8	8	8	8			FALSE	FALSE	1								FALSE	FALSE	FALSE
ERP104373	12	12	12	12	12			FALSE	FALSE	1			12	12	""	6	6	FALSE	FALSE	FALSE
ERP104759	12	12	12	12	12			FALSE	FALSE	1			8	8	""	4	4	FALSE	FALSE	FALSE
ERP104844	12	12	12	12	12			FALSE	FALSE	1								FALSE	FALSE	FALSE
ERP104865	26	26	26	13	26			FALSE	FALSE	1			10	14	in:tissue_type=proximal colon	5	5	FALSE	FALSE	FALSE
ERP105477	62	62	62	42	62	mouseid	42	FALSE	TRUE	1	1.476	1.476	30	46	in:tissue_type=ileum;subj:mouseid	21	9	TRUE	FALSE	FALSE
ERP105602	24	12	12	12	24			FALSE	FALSE	2			12	12	in:organism part=heart	6	6	FALSE	FALSE	FALSE
ERP105638	49	48	49	48	49			FALSE	FALSE	1.021			21	21	in:tissue_type=hippocampus	11	10	FALSE	FALSE	FALSE
ERP106132	64	64	64	64	64			FALSE	FALSE	1			64	64	""	32	32	FALSE	FALSE	FALSE
ERP106136	10	10	10	10	10			FALSE	FALSE	1			10	10	""	5	5	FALSE	FALSE	FALSE
ERP106455	16	16	16	16	16			FALSE	FALSE	1			16	16	""	8	8	FALSE	FALSE	FALSE
ERP106558	24	24	24	24	24			FALSE	FALSE	1			24	24	""	12	12	FALSE	FALSE	FALSE
ERP106580	8	8	8	8	8			FALSE	FALSE	1								FALSE	FALSE	FALSE
ERP106592	6	6	6	6	6			FALSE	FALSE	1								FALSE	FALSE	FALSE
ERP107154	19	14	14	14	19			FALSE	FALSE	1.357								FALSE	FALSE	FALSE
ERP107271	96	24	24	24	96	individual	12	FALSE	TRUE	4	2	8	8	32	in:organism part=ascending colon;subj:individual	4	4	TRUE	FALSE	FALSE
ERP107429	43	43	43	43	43			FALSE	FALSE	1			42	42	ex:treatment=donor	27	15	FALSE	FALSE	FALSE
ERP107455	12	12	12	6	12			FALSE	FALSE	1			12	12	""	8	4	FALSE	FALSE	FALSE
ERP107629	6	6	6	6	6			FALSE	FALSE	1								FALSE	FALSE	FALSE
ERP107945	28	7	7	7	28	individual	7	TRUE	FALSE	4	1	4						FALSE	FALSE	FALSE
ERP107948	183	81	183	81	183	donor_id	56	FALSE	TRUE	2.259	1.446	3.268	26	51	ex:biomaterial_type=primary cell culture;in:cell_type=hepatocyte;subj:donor_id	8	18	TRUE	FALSE	FALSE
ERP108446	12	12	12	12	12			FALSE	FALSE	1			12	12	""	6	6	FALSE	FALSE	FALSE
ERP108766	16	16	16	16	16			FALSE	FALSE	1			10	10	in:cell_type=pre-b cell	4	6	FALSE	FALSE	FALSE
ERP109057	28	14	28	14	28			FALSE	FALSE	2			16	16	""	8	8	FALSE	FALSE	TRUE
ERP109201	8	8	8	8	8			FALSE	FALSE	1			8	8	""	4	4	FALSE	FALSE	FALSE
ERP109306	13	13	13	13	13			FALSE	FALSE	1			13	13	ex:stimulus=ompc/f; 10 microgram	7	6	FALSE	FALSE	FALSE
ERP109346	11	11	11	11	11			FALSE	FALSE	1								FALSE	FALSE	FALSE
ERP109471	16	16	16	16	16			FALSE	FALSE	1			16	16	""	8	8	FALSE	FALSE	FALSE
ERP109687	16	16	16	16	16			FALSE	FALSE	1								FALSE	FALSE	FALSE
ERP109959	40	40	40	40	40			FALSE	FALSE	1			40	40	""	20	20	FALSE	FALSE	FALSE
ERP110063	8	8	8	8	8			FALSE	FALSE	1			8	8	""	4	4	FALSE	FALSE	FALSE
ERP110102	6	6	6	6	6			FALSE	FALSE	1								FALSE	FALSE	FALSE
ERP110346	10	10	10	10	10			FALSE	FALSE	1			10	10	""	5	5	FALSE	FALSE	FALSE
ERP110668	9	9	9	9	9			FALSE	FALSE	1								FALSE	FALSE	FALSE
ERP111365	6	6	6	6	6			FALSE	FALSE	1								FALSE	FALSE	FALSE
ERP111448	34	34	34	34	34	individual	10	FALSE	TRUE	1	3.4	3.4	8	8	in:organism part=hippocampus;subj:individual	4	4	TRUE	FALSE	FALSE
ERP111481	22	22	22	22	22			FALSE	FALSE	1								FALSE	FALSE	FALSE
ERP111552	52	13	13	13	52			FALSE	FALSE	4			40	40	""	12	28	FALSE	FALSE	TRUE
ERP111614	12	12	12	12	12			FALSE	FALSE	1			12	12	""	6	6	FALSE	FALSE	FALSE
ERP112326	47	47	47	47	47	individual	24	TRUE	FALSE	1	1.958	1.958	15	15	in:organism part=cerebral cortex;subj:individual	7	8	TRUE	FALSE	FALSE
ERP112380	12	12	12	12	12	individual	12	TRUE	FALSE	1	1	1	12	12	subj:individual	6	6	TRUE	FALSE	FALSE
ERP112516	40	40	40	40	40			FALSE	FALSE	1			40	40	""	20	20	FALSE	FALSE	FALSE
ERP112898	94	94	94	76	94			FALSE	FALSE	1			44	44	ex:replicate=true;in:origin=gemm	22	22	FALSE	FALSE	FALSE
ERP113256	6	6	6	6	6			FALSE	FALSE	1								FALSE	FALSE	FALSE
ERP113260	18	18	18	18	18	individual	18	FALSE	TRUE	1	1	1						FALSE	FALSE	FALSE
ERP113681	70	70	70	70	70			FALSE	FALSE	1			47	47	in:fraction=synapse	6	41	FALSE	FALSE	FALSE
ERP113868	12	12	12	3	12			FALSE	FALSE	1			8	8	""	4	4	FALSE	FALSE	FALSE
ERP114136	12	12	12	4	12			FALSE	FALSE	1								FALSE	FALSE	FALSE
ERP114245	20	11	11	11	20			FALSE	FALSE	1.818								FALSE	FALSE	FALSE
ERP114372	25	25	25	25	25	individual	25	TRUE	FALSE	1	1	1	25	25	subj:individual	18	7	TRUE	FALSE	FALSE
ERP114395	7	7	7	7	7			FALSE	FALSE	1								FALSE	FALSE	FALSE
ERP114772	40	40	40	40	40	individual	40	FALSE	TRUE	1	1	1	20	20	subj:individual	10	10	TRUE	FALSE	FALSE
ERP115170	15	15	15	15	15			FALSE	FALSE	1								FALSE	FALSE	FALSE
ERP115405	6	6	6	6	6	individual	6	FALSE	TRUE	1	1	1						FALSE	FALSE	FALSE
ERP115570	6	6	6	6	6	individual	6	FALSE	TRUE	1	1	1						FALSE	FALSE	FALSE
ERP115639	24	24	24	24	24			FALSE	FALSE	1			12	12	""	6	6	FALSE	FALSE	FALSE
ERP115710	10	10	10	10	10			FALSE	FALSE	1			8	8	""	4	4	FALSE	FALSE	FALSE
ERP115713	12	12	12	12	12			FALSE	FALSE	1			9	12	""	3	6	FALSE	FALSE	FALSE
ERP116309	28	28	28	28	28			FALSE	FALSE	1								FALSE	FALSE	FALSE
ERP116564	12	12	12	12	12			FALSE	FALSE	1			12	12	""	6	6	FALSE	FALSE	FALSE
ERP117312	70	70	70	46	46			FALSE	FALSE	1			36	36	in:genotype=+/+;in:organism part=midbrain	18	18	FALSE	FALSE	FALSE
ERP117469	16	16	16	16	16	individual	8	TRUE	FALSE	1	2	2	8	8	in:organism part=brown adipose tissue;subj:individual	4	4	TRUE	FALSE	FALSE
ERP117731	9	9	9	9	9	individual	9	TRUE	FALSE	1	1	1	9	9	subj:individual	4	5	TRUE	FALSE	FALSE
ERP117862	6	6	6	3	6			FALSE	FALSE	1								FALSE	FALSE	FALSE
ERP119049	45	28	37	28	45			FALSE	FALSE	1.607			45	45	""	41	4	FALSE	FALSE	TRUE
SRP002811	203	32	32	16	203			FALSE	FALSE	6.344			55	55	in:brain region=medial prefrontal cortex	27	28	FALSE	FALSE	TRUE
SRP005860	21	21	21	21	21			FALSE	FALSE	1			21	21	""	10	11	FALSE	FALSE	FALSE
SRP006832	10	4	4	4	10			FALSE	FALSE	2.5			10	10	""	5	5	FALSE	FALSE	TRUE
SRP007579	6	6	6	2	6			FALSE	FALSE	1								FALSE	FALSE	FALSE
SRP008123	12	12	12	12	12			FALSE	FALSE	1			6	12	""	2	4	FALSE	FALSE	FALSE
SRP009096	6	6	6	2	6			FALSE	FALSE	1								FALSE	FALSE	FALSE
SRP009464	6	6	6	6	6			FALSE	FALSE	1								FALSE	FALSE	FALSE
SRP010190	12	12	12	12	12			FALSE	FALSE	1								FALSE	FALSE	FALSE
SRP010780	8	8	8	4	8			FALSE	FALSE	1			8	8	""	4	4	FALSE	FALSE	FALSE
SRP010804	6	6	6	6	6			FALSE	FALSE	1								FALSE	FALSE	FALSE
SRP011014	12	12	12	12	12			FALSE	FALSE	1								FALSE	FALSE	FALSE
SRP011204	24	8	8	8	24			FALSE	FALSE	3								FALSE	FALSE	FALSE
SRP012173	6	6	6	6	6			FALSE	FALSE	1								FALSE	FALSE	FALSE
SRP012297	16	16	16	16	16			FALSE	FALSE	1			8	8	""	4	4	FALSE	FALSE	FALSE
SRP012574	31	31	31	31	31			FALSE	FALSE	1								FALSE	FALSE	FALSE
SRP013558	7	6	6	2	7			FALSE	FALSE	1.167								FALSE	FALSE	FALSE
SRP013610	9	9	9	9	9			FALSE	FALSE	1								FALSE	FALSE	FALSE
SRP013986	11	7	7	7	11	animal id	7	FALSE	TRUE	1.571	1	1.571						FALSE	FALSE	FALSE
SRP014029	6	6	6	2	6			FALSE	FALSE	1								FALSE	FALSE	FALSE
SRP014858	12	4	4	4	12			FALSE	FALSE	3								FALSE	FALSE	FALSE
SRP015136	34	34	34	34	34			FALSE	FALSE	1			11	11	in:cell type origin=basal cells	5	6	FALSE	FALSE	FALSE
SRP015437	18	18	18	18	18			FALSE	FALSE	1			18	18	""	7	11	FALSE	FALSE	FALSE
SRP015851	6	6	6	2	6			FALSE	FALSE	1								FALSE	FALSE	FALSE
SRP015977	32	32	32	32	32			FALSE	FALSE	1			11	11	""	5	6	FALSE	FALSE	FALSE
SRP016859	60	20	20	20	60			FALSE	FALSE	3			60	60	""	30	30	FALSE	FALSE	TRUE
SRP017388	31	31	31	31	31			FALSE	FALSE	1			10	23	in:tissue=placenta;in:stage=e11.5	5	5	FALSE	FALSE	FALSE
SRP017471	12	12	12	4	12			FALSE	FALSE	1								FALSE	FALSE	FALSE
SRP017560	15	15	15	15	15			FALSE	FALSE	1			15	15	""	9	6	FALSE	FALSE	FALSE
SRP017849	42	42	42	42	42			FALSE	FALSE	1			23	34	ex:sample type=lps injected 48 hr timepoint	18	5	FALSE	FALSE	FALSE
SRP018013	9	9	9	9	9			FALSE	FALSE	1			6	9	""	2	4	FALSE	FALSE	FALSE
SRP018038	8	8	8	8	8			FALSE	FALSE	1			8	8	""	4	4	FALSE	FALSE	FALSE
SRP018090	6	2	2	2	6			FALSE	FALSE	3								FALSE	FALSE	FALSE
SRP018287	59	59	59	59	59			FALSE	FALSE	1			16	16	in:source_name=spinal cord	8	8	FALSE	FALSE	FALSE
SRP018291	6	6	6	2	6			FALSE	FALSE	1								FALSE	FALSE	FALSE
SRP018735	8	8	8	1	8			FALSE	FALSE	1			8	8	""	4	4	FALSE	FALSE	FALSE
SRP018811	6	6	6	2	6			FALSE	FALSE	1								FALSE	FALSE	FALSE
SRP018846	24	24	24	6	24			FALSE	FALSE	1			8	8	in:tissue=spleen	4	4	FALSE	FALSE	FALSE
SRP018860	20	10	10	10	20			FALSE	FALSE	2			20	20	""	10	10	FALSE	FALSE	TRUE
SRP018865	55	55	55	12	55			FALSE	FALSE	1								FALSE	FALSE	FALSE
SRP019266	41	41	41	28	41			FALSE	FALSE	1			12	12	in:sample type=trap rna	6	6	FALSE	FALSE	FALSE
SRP019455	11	11	11	3	11			FALSE	FALSE	1								FALSE	FALSE	FALSE
SRP019757	44	12	12	12	44			FALSE	FALSE	3.667			44	44	""	23	21	FALSE	FALSE	TRUE
SRP019798	10	10	10	4	10			FALSE	FALSE	1			10	10	""	5	5	FALSE	FALSE	FALSE
SRP020224	36	36	36	18	36			FALSE	FALSE	1			12	14	in:age=embryonic day 15.5	7	5	FALSE	FALSE	FALSE
SRP020636	1086	1086	1086	1086	1086			FALSE	FALSE	1			410	1086	subj:sample id	202	208	TRUE	FALSE	FALSE
SRP021195	6	6	6	2	6			FALSE	FALSE	1								FALSE	FALSE	FALSE
SRP021548	6	6	6	6	6			FALSE	FALSE	1								FALSE	FALSE	FALSE
SRP022850	9	9	9	9	9			FALSE	FALSE	1								FALSE	FALSE	FALSE
SRP022896	6	6	6	6	6			FALSE	FALSE	1								FALSE	FALSE	FALSE
SRP022960	20	4	20	1	20			FALSE	FALSE	5			5	20	""	1	4	FALSE	FALSE	TRUE
SRP023469	8	8	8	8	8			FALSE	FALSE	1			8	8	""	4	4	FALSE	FALSE	FALSE
SRP024269	20	20	20	6	20			FALSE	FALSE	1			8	8	in:cell type=naive b cell;ex:cell type=activated b cell	4	4	FALSE	FALSE	FALSE
SRP026039	8	8	8	8	8			FALSE	FALSE	1								FALSE	FALSE	FALSE
SRP026129	20	20	20	20	20			FALSE	FALSE	1			20	20	""	10	10	FALSE	FALSE	FALSE
SRP026667	25	14	14	4	25			FALSE	FALSE	1.786			25	25	""	11	14	FALSE	FALSE	TRUE
SRP027255	8	8	8	8	8			FALSE	FALSE	1			8	8	""	4	4	FALSE	FALSE	FALSE
SRP027535	24	24	24	24	24			FALSE	FALSE	1			7	12	in:tissue=brain striatum	5	2	FALSE	FALSE	FALSE
SRP027536	8	8	8	8	8			FALSE	FALSE	1			8	8	""	4	4	FALSE	FALSE	FALSE
SRP027541	6	6	6	2	6			FALSE	FALSE	1								FALSE	FALSE	FALSE
SRP027595	8	8	8	4	8			FALSE	FALSE	1			5	8	""	3	2	FALSE	FALSE	FALSE
SRP028125	20	4	4	4	20			FALSE	FALSE	5			19	20	""	14	5	FALSE	FALSE	TRUE
SRP028138	20	20	20	20	20			FALSE	FALSE	1			20	20	""	10	10	FALSE	FALSE	FALSE
SRP028161	16	16	16	16	16			FALSE	FALSE	1			16	16	""	8	8	FALSE	FALSE	FALSE
SRP028331	8	8	8	8	8			FALSE	FALSE	1			8	8	""	4	4	FALSE	FALSE	FALSE
SRP028806	9	9	9	9	9			FALSE	FALSE	1								FALSE	FALSE	FALSE
SRP028867	28	28	28	16	28			FALSE	FALSE	1			25	28	""	18	7	FALSE	FALSE	FALSE
SRP028868	46	23	23	20	46			FALSE	FALSE	2			46	46	""	38	8	FALSE	FALSE	TRUE
SRP028877	9	9	9	3	9			FALSE	FALSE	1								FALSE	FALSE	FALSE
SRP029447	6	6	6	6	6			FALSE	FALSE	1								FALSE	FALSE	FALSE
SRP029753	6	6	6	6	6			FALSE	FALSE	1								FALSE	FALSE	FALSE
SRP029761	6	6	6	6	6			FALSE	FALSE	1								FALSE	FALSE	FALSE
SRP029912	31	31	31	31	31			FALSE	FALSE	1			8	10	in:rna fraction=total	4	4	FALSE	FALSE	FALSE
SRP029939	20	15	20	15	20			FALSE	FALSE	1.333			10	15	subj:isolate	5	5	TRUE	FALSE	FALSE
SRP029974	10	5	5	5	10			FALSE	FALSE	2			10	10	""	6	4	FALSE	FALSE	TRUE
SRP030409	16	4	4	2	16			FALSE	FALSE	4			16	16	""	8	8	FALSE	FALSE	TRUE
SRP031862	6	6	6	6	6			FALSE	FALSE	1								FALSE	FALSE	FALSE
SRP032164	9	9	9	9	9			FALSE	FALSE	1								FALSE	FALSE	FALSE
SRP032458	20	20	20	10	20			FALSE	FALSE	1			8	8	""	4	4	FALSE	FALSE	FALSE
SRP032778	6	6	6	1	6			FALSE	FALSE	1								FALSE	FALSE	FALSE
SRP032811	8	8	8	8	8			FALSE	FALSE	1			8	8	""	4	4	FALSE	FALSE	FALSE
SRP032980	12	4	12	4	12			FALSE	FALSE	3								FALSE	FALSE	FALSE
SRP033021	181	123	123	123	181			FALSE	FALSE	1.472			113	113	""	70	43	FALSE	FALSE	FALSE
SRP033096	12	12	12	9	12			FALSE	FALSE	1								FALSE	FALSE	FALSE
SRP033129	12	6	6	6	12			FALSE	FALSE	2			12	12	""	6	6	FALSE	FALSE	TRUE
SRP033220	30	30	30	30	30	animal no	15	TRUE	FALSE	1	2	2	10	20	subj:animal no	5	5	TRUE	FALSE	FALSE
SRP033407	20	20	20	20	20			FALSE	FALSE	1			6	8	""	3	3	FALSE	FALSE	FALSE
SRP033416	6	6	6	6	6			FALSE	FALSE	1								FALSE	FALSE	FALSE
SRP033501	8	8	8	8	8			FALSE	FALSE	1			8	8	""	4	4	FALSE	FALSE	FALSE
SRP033577	12	12	12	12	12			FALSE	FALSE	1								FALSE	FALSE	FALSE
SRP034534	24	24	24	24	24			FALSE	FALSE	1			24	24	""	13	11	FALSE	FALSE	FALSE
SRP034621	6	6	6	6	6			FALSE	FALSE	1								FALSE	FALSE	FALSE
SRP034660	24	6	6	6	24			FALSE	FALSE	4			24	24	""	12	12	FALSE	FALSE	TRUE
SRP034693	33	30	30	30	33			FALSE	FALSE	1.1			9	10	in:cell type=pro-b cell	5	4	FALSE	FALSE	FALSE
SRP034703	32	12	12	12	32			FALSE	FALSE	2.667			10	10	ex:age=3 months	5	5	FALSE	FALSE	FALSE
SRP034846	31	31	31	16	31			FALSE	FALSE	1								FALSE	FALSE	FALSE
SRP034855	25	25	25	25	25			FALSE	FALSE	1			23	25	""	15	8	FALSE	FALSE	FALSE
SRP034880	10	10	10	10	10			FALSE	FALSE	1			10	10	""	5	5	FALSE	FALSE	FALSE
SRP034892	6	6	6	6	6			FALSE	FALSE	1								FALSE	FALSE	FALSE
SRP035462	37	37	37	37	37			FALSE	FALSE	1			37	37	subj:identifier	31	6	TRUE	FALSE	FALSE
SRP035523	12	12	12	12	12	mouseid	12	FALSE	TRUE	1	1	1	12	12	subj:mouseid	6	6	TRUE	FALSE	FALSE
SRP035561	28	8	8	8	28			FALSE	FALSE	3.5			28	28	""	10	18	FALSE	FALSE	TRUE
SRP035667	37	12	12	12	37			FALSE	FALSE	3.083			37	37	""	18	19	FALSE	FALSE	TRUE
SRP035941	12	12	12	6	12			FALSE	FALSE	1			12	12	""	6	6	FALSE	FALSE	FALSE
SRP036832	6	6	6	2	6			FALSE	FALSE	1								FALSE	FALSE	FALSE
SRP036861	8	8	8	8	8			FALSE	FALSE	1			8	8	""	4	4	FALSE	FALSE	FALSE
SRP036866	12	12	12	4	12			FALSE	FALSE	1			12	12	""	6	6	FALSE	FALSE	FALSE
SRP037539	12	12	12	12	12			FALSE	FALSE	1								FALSE	FALSE	FALSE
SRP037555	12	12	12	12	12			FALSE	FALSE	1			12	12	""	6	6	FALSE	FALSE	FALSE
SRP038144	10	10	10	10	10			FALSE	FALSE	1								FALSE	FALSE	FALSE
SRP038217	11	11	11	11	11			FALSE	FALSE	1								FALSE	FALSE	FALSE
SRP038635	24	24	24	8	24			FALSE	FALSE	1			12	12	""	6	6	FALSE	FALSE	FALSE
SRP038707	6	6	6	6	6			FALSE	FALSE	1								FALSE	FALSE	FALSE
SRP038971	6	6	6	6	6			FALSE	FALSE	1								FALSE	FALSE	FALSE
SRP038989	6	6	6	6	6			FALSE	FALSE	1								FALSE	FALSE	FALSE
SRP039089	12	12	12	12	12			FALSE	FALSE	1			12	12	""	6	6	FALSE	FALSE	FALSE
SRP039411	8	8	8	4	8			FALSE	FALSE	1			8	8	""	4	4	FALSE	FALSE	FALSE
SRP039432	47	6	6	6	47			FALSE	FALSE	7.833			19	19	in:cell type=cd4+cd44+ly6clo psgl-1hi	9	10	FALSE	FALSE	TRUE
SRP039501	9	9	9	9	9			FALSE	FALSE	1			9	9	""	5	4	FALSE	FALSE	FALSE
SRP039609	6	6	6	6	6			FALSE	FALSE	1								FALSE	FALSE	FALSE
SRP039628	12	12	12	12	12			FALSE	FALSE	1			8	8	in:cell type=bmi1+ cardiac stem cells	4	4	FALSE	FALSE	FALSE
SRP039964	16	2	2	2	16			FALSE	FALSE	8			16	16	""	8	8	FALSE	FALSE	TRUE
SRP040560	12	12	12	12	12			FALSE	FALSE	1			11	12	""	5	6	FALSE	FALSE	FALSE
SRP040656	15	15	15	15	15			FALSE	FALSE	1								FALSE	FALSE	FALSE
SRP040817	9	9	9	5	9			FALSE	FALSE	1								FALSE	FALSE	FALSE
SRP040958	12	12	12	12	12			FALSE	FALSE	1			12	12	""	6	6	FALSE	FALSE	FALSE
SRP041005	7	7	7	2	7			FALSE	FALSE	1								FALSE	FALSE	FALSE
SRP041034	6	6	6	4	6			FALSE	FALSE	1								FALSE	FALSE	FALSE
SRP041101	11	11	11	7	11			FALSE	FALSE	1			11	11	""	5	6	FALSE	FALSE	FALSE
SRP041266	12	12	12	2	12			FALSE	FALSE	1			12	12	""	6	6	FALSE	FALSE	FALSE
SRP041313	29	24	24	16	29			FALSE	FALSE	1.208			15	15	in:tissue=liver	9	6	FALSE	FALSE	FALSE
SRP041363	6	2	2	2	6			FALSE	FALSE	3								FALSE	FALSE	FALSE
SRP041419	6	6	6	2	6			FALSE	FALSE	1								FALSE	FALSE	FALSE
SRP041584	12	12	12	12	12			FALSE	FALSE	1			11	12	""	6	5	FALSE	FALSE	FALSE
SRP041749	12	12	12	4	12			FALSE	FALSE	1								FALSE	FALSE	FALSE
SRP041752	49	3	3	3	49			FALSE	FALSE	16.333								FALSE	FALSE	FALSE
SRP041767	12	6	6	6	12			FALSE	FALSE	2			12	12	""	6	6	FALSE	FALSE	TRUE
SRP041835	14	14	14	12	14			FALSE	FALSE	1								FALSE	FALSE	FALSE
SRP041888	10	10	10	10	10			FALSE	FALSE	1								FALSE	FALSE	FALSE
SRP041929	34	8	8	8	34			FALSE	FALSE	4.25			34	34	""	18	16	FALSE	FALSE	TRUE
SRP041997	7	7	7	2	7			FALSE	FALSE	1								FALSE	FALSE	FALSE
SRP042164	6	6	6	6	6			FALSE	FALSE	1								FALSE	FALSE	FALSE
SRP042206	18	18	18	6	18			FALSE	FALSE	1			12	12	""	5	7	FALSE	FALSE	FALSE
SRP042287	9	9	9	9	9			FALSE	FALSE	1			9	9	""	5	4	FALSE	FALSE	FALSE
SRP042289	8	8	8	8	8			FALSE	FALSE	1			8	8	""	4	4	FALSE	FALSE	FALSE
SRP042335	24	12	12	12	24			FALSE	FALSE	2			10	12	in:age=8 weeks	4	6	FALSE	FALSE	FALSE
SRP042368	24	18	18	18	24			FALSE	FALSE	1.333			18	18	in:strain=c57bl6j	9	9	FALSE	FALSE	FALSE
SRP042409	6	6	6	2	6			FALSE	FALSE	1								FALSE	FALSE	FALSE
SRP042593	6	6	6	2	6			FALSE	FALSE	1								FALSE	FALSE	FALSE
SRP042636	12	12	12	12	12			FALSE	FALSE	1			12	12	""	4	8	FALSE	FALSE	FALSE
SRP043000	12	12	12	4	12			FALSE	FALSE	1								FALSE	FALSE	FALSE
SRP043013	6	6	6	6	6			FALSE	FALSE	1								FALSE	FALSE	FALSE
SRP043083	12	12	12	12	12			FALSE	FALSE	1								FALSE	FALSE	FALSE
SRP043269	8	8	8	2	8			FALSE	FALSE	1			8	8	""	4	4	FALSE	FALSE	FALSE
SRP043302	23	23	23	5	23			FALSE	FALSE	1			14	14	ex:sub_species=;subj:strain	8	6	TRUE	FALSE	FALSE
SRP043436	20	20	20	20	20			FALSE	FALSE	1			14	20	""	6	8	FALSE	FALSE	FALSE
SRP043469	6	6	6	6	6			FALSE	FALSE	1								FALSE	FALSE	FALSE
SRP043493	20	20	20	20	20			FALSE	FALSE	1			12	12	in:cell population=ckit+ sca1+ lin- cells	6	6	FALSE	FALSE	FALSE
SRP043544	9	9	9	9	9			FALSE	FALSE	1								FALSE	FALSE	FALSE
SRP043577	6	6	6	6	6			FALSE	FALSE	1								FALSE	FALSE	FALSE
SRP043597	9	9	9	9	9			FALSE	FALSE	1								FALSE	FALSE	FALSE
SRP043967	30	30	30	30	30			FALSE	FALSE	1			23	23	""	8	15	FALSE	FALSE	FALSE
SRP044008	24	12	12	4	24			FALSE	FALSE	2			12	12	""	6	6	FALSE	FALSE	FALSE
SRP044220	18	18	18	18	18			FALSE	FALSE	1								FALSE	FALSE	FALSE
SRP044222	52	20	20	20	52			FALSE	FALSE	2.6			52	52	""	25	27	FALSE	FALSE	TRUE
SRP044242	17	17	17	17	17			FALSE	FALSE	1								FALSE	FALSE	FALSE
SRP044619	18	6	6	6	18			FALSE	FALSE	3			18	18	""	9	9	FALSE	FALSE	TRUE
SRP044675	6	6	6	6	6			FALSE	FALSE	1								FALSE	FALSE	FALSE
SRP044940	27	27	27	27	27			FALSE	FALSE	1								FALSE	FALSE	FALSE
SRP045223	19	19	19	19	19			FALSE	FALSE	1			9	10	""	3	6	FALSE	FALSE	FALSE
SRP045275	32	8	8	8	32			FALSE	FALSE	4			6	16	in:tissue=mediastinal lymph node	4	2	FALSE	FALSE	FALSE
SRP045305	9	9	9	9	9			FALSE	FALSE	1								FALSE	FALSE	FALSE
SRP045331	47	47	47	42	42			FALSE	FALSE	1			12	12	in:cell_subtype=lin-cd24+cd29hi (basal)	6	6	FALSE	FALSE	FALSE
SRP045354	8	8	8	8	8			FALSE	FALSE	1			8	8	""	4	4	FALSE	FALSE	FALSE
SRP045365	9	9	9	3	9			FALSE	FALSE	1								FALSE	FALSE	FALSE
SRP045369	16	16	16	4	16			FALSE	FALSE	1			12	12	""	4	8	FALSE	FALSE	FALSE
SRP045460	12	12	12	12	12			FALSE	FALSE	1								FALSE	FALSE	FALSE
SRP045496	19	19	19	19	19			FALSE	FALSE	1								FALSE	FALSE	FALSE
SRP045525	6	6	6	2	6			FALSE	FALSE	1								FALSE	FALSE	FALSE
SRP045625	10	10	10	10	10			FALSE	FALSE	1			8	8	in:agent=nippostrongylus brasiliensis	4	4	FALSE	FALSE	FALSE
SRP045626	8	8	8	2	8			FALSE	FALSE	1			8	8	""	4	4	FALSE	FALSE	FALSE
SRP045630	18	12	12	12	18			FALSE	FALSE	1.5								FALSE	FALSE	FALSE
SRP045727	12	12	12	12	12			FALSE	FALSE	1								FALSE	FALSE	FALSE
SRP045747	16	16	16	10	16			FALSE	FALSE	1			8	8	in:cell type=ssea1+ primordial germ cells	4	4	FALSE	FALSE	FALSE
SRP045774	12	12	12	12	12			FALSE	FALSE	1								FALSE	FALSE	FALSE
SRP045828	25	25	25	25	25			FALSE	FALSE	1			10	10	in:tumor model=aom-dss	5	5	FALSE	FALSE	FALSE
SRP045899	6	6	6	6	6			FALSE	FALSE	1								FALSE	FALSE	FALSE
SRP046087	36	12	12	12	36			FALSE	FALSE	3			36	36	""	18	18	FALSE	FALSE	TRUE
SRP046242	6	6	6	2	6			FALSE	FALSE	1								FALSE	FALSE	FALSE
SRP046746	6	6	6	6	6			FALSE	FALSE	1								FALSE	FALSE	FALSE
SRP047452	230	109	109	109	230			FALSE	FALSE	2.11			104	104	in:timepoint=adult	70	34	FALSE	FALSE	FALSE
SRP048202	9	9	9	3	9			FALSE	FALSE	1								FALSE	FALSE	FALSE
SRP048579	19	19	19	19	19			FALSE	FALSE	1								FALSE	FALSE	FALSE
SRP048702	9	9	9	9	9			FALSE	FALSE	1								FALSE	FALSE	FALSE
SRP048704	40	12	12	12	40			FALSE	FALSE	3.333			19	19	""	10	9	FALSE	FALSE	TRUE
SRP048707	15	15	15	15	15			FALSE	FALSE	1			8	8	in:condition=ex-vivo	4	4	FALSE	FALSE	FALSE
SRP048846	14	14	14	10	14			FALSE	FALSE	1								FALSE	FALSE	FALSE
SRP048893	8	8	8	3	8			FALSE	FALSE	1								FALSE	FALSE	FALSE
SRP048894	11	11	11	3	11			FALSE	FALSE	1								FALSE	FALSE	FALSE
SRP048898	14	14	14	2	14			FALSE	FALSE	1			14	14	subj:sample_id	8	6	TRUE	FALSE	FALSE
SRP049019	12	12	12	12	12			FALSE	FALSE	1								FALSE	FALSE	FALSE
SRP049139	12	12	12	12	12			FALSE	FALSE	1			12	12	""	6	6	FALSE	FALSE	FALSE
SRP049141	15	15	15	15	15			FALSE	FALSE	1			8	8	in:cell type=regulatory cd4+ t cells	4	4	FALSE	FALSE	FALSE
SRP049142	12	12	12	12	12			FALSE	FALSE	1								FALSE	FALSE	FALSE
SRP049167	12	12	12	12	12			FALSE	FALSE	1								FALSE	FALSE	FALSE
SRP049177	18	18	18	18	18			FALSE	FALSE	1			18	18	""	9	9	FALSE	FALSE	FALSE
SRP049219	60	60	60	60	60			FALSE	FALSE	1			60	60	""	30	30	FALSE	FALSE	FALSE
SRP049261	14	14	14	14	14			FALSE	FALSE	1			14	14	""	7	7	FALSE	FALSE	FALSE
SRP049262	12	12	12	12	12			FALSE	FALSE	1			12	12	""	6	6	FALSE	FALSE	FALSE
SRP049328	75	75	75	75	75			FALSE	FALSE	1								FALSE	FALSE	FALSE
SRP049335	22	22	22	8	22			FALSE	FALSE	1			10	11	""	5	5	FALSE	FALSE	FALSE
SRP049366	9	9	9	9	9			FALSE	FALSE	1								FALSE	FALSE	FALSE
SRP049440	91	45	45	45	91			FALSE	FALSE	2.022			91	91	""	82	9	FALSE	FALSE	TRUE
SRP049583	31	31	31	31	31			FALSE	FALSE	1								FALSE	FALSE	FALSE
SRP049630	56	56	56	56	56			FALSE	FALSE	1			16	16	in:age=p180;in:tissue=occipital cortex layer	8	8	FALSE	FALSE	FALSE
SRP049722	28	28	28	6	28			FALSE	FALSE	1								FALSE	FALSE	FALSE
SRP049763	36	36	36	36	36			FALSE	FALSE	1			26	36	""	12	14	FALSE	FALSE	FALSE
SRP049965	47	47	47	47	47			FALSE	FALSE	1								FALSE	FALSE	FALSE
SRP050387	6	6	6	6	6			FALSE	FALSE	1								FALSE	FALSE	FALSE
SRP050429	24	18	18	18	24			FALSE	FALSE	1.333			10	10	in:source_name=retina	5	5	FALSE	FALSE	FALSE
SRP050483	6	6	6	6	6			FALSE	FALSE	1								FALSE	FALSE	FALSE
SRP050491	71	71	71	71	71			FALSE	FALSE	1								FALSE	FALSE	FALSE
SRP050547	17	17	17	8	17			FALSE	FALSE	1								FALSE	FALSE	FALSE
SRP050894	69	69	69	69	69			FALSE	FALSE	1			20	20	in:tissue=ca1 hippocampal subregion;in:drug treatment=vehicle: 18g cyclodextrin/l water;in:age=10 months	9	11	FALSE	FALSE	FALSE
SRP050899	8	8	8	8	8			FALSE	FALSE	1			8	8	""	4	4	FALSE	FALSE	FALSE
SRP051004	21	21	21	21	21			FALSE	FALSE	1								FALSE	FALSE	FALSE
SRP051077	24	8	8	2	24			FALSE	FALSE	3			21	24	""	9	12	FALSE	FALSE	TRUE
SRP051387	18	18	18	18	18			FALSE	FALSE	1								FALSE	FALSE	FALSE
SRP051396	6	6	6	6	6			FALSE	FALSE	1								FALSE	FALSE	FALSE
SRP051406	36	36	36	36	36			FALSE	FALSE	1								FALSE	FALSE	FALSE
SRP051497	8	8	8	8	8			FALSE	FALSE	1			8	8	""	4	4	FALSE	FALSE	FALSE
SRP051500	49	49	49	49	49			FALSE	FALSE	1			35	35	ex:molecule subtype=pre-mrna;ex:strain=f1;in:tissue=epididymal white adipose tissue	17	18	FALSE	FALSE	FALSE
SRP051514	12	12	12	4	12			FALSE	FALSE	1								FALSE	FALSE	FALSE
SRP051537	6	6	6	6	6			FALSE	FALSE	1								FALSE	FALSE	FALSE
SRP051812	20	20	20	20	20			FALSE	FALSE	1								FALSE	FALSE	FALSE
SRP052232	11	6	6	6	11			FALSE	FALSE	1.833			11	11	""	5	6	FALSE	FALSE	TRUE
SRP052583	8	8	8	8	8			FALSE	FALSE	1			8	8	""	4	4	FALSE	FALSE	FALSE
SRP052794	18	18	18	18	18			FALSE	FALSE	1			12	12	ex:strain=activated b-cell control;ex:strain=gcb control;ex:strain=resting b-cell (ex-vivo);subj:id in analysis	7	5	TRUE	FALSE	FALSE
SRP052803	18	18	18	6	18			FALSE	FALSE	1								FALSE	FALSE	FALSE
SRP052840	11	11	11	11	11			FALSE	FALSE	1								FALSE	FALSE	FALSE
SRP052872	8	8	8	8	8			FALSE	FALSE	1			8	8	""	4	4	FALSE	FALSE	FALSE
SRP052881	8	8	8	8	8			FALSE	FALSE	1			8	8	""	4	4	FALSE	FALSE	FALSE
SRP052884	8	8	8	8	8			FALSE	FALSE	1			8	8	""	4	4	FALSE	FALSE	FALSE
SRP052906	6	6	6	4	6			FALSE	FALSE	1								FALSE	FALSE	FALSE
SRP052914	6	6	6	6	6			FALSE	FALSE	1								FALSE	FALSE	FALSE
SRP052924	6	6	6	2	6			FALSE	FALSE	1								FALSE	FALSE	FALSE
SRP053041	30	30	30	30	30			FALSE	FALSE	1								FALSE	FALSE	FALSE
SRP053177	108	18	18	18	108			FALSE	FALSE	6			72	72	in:cell type=mtec	36	36	FALSE	FALSE	TRUE
SRP053223	10	10	10	2	10			FALSE	FALSE	1			10	10	""	5	5	FALSE	FALSE	FALSE
SRP053235	13	13	13	2	13			FALSE	FALSE	1			13	13	""	5	8	FALSE	FALSE	FALSE
SRP053363	12	12	12	12	12			FALSE	FALSE	1								FALSE	FALSE	FALSE
SRP053389	168	168	168	42	168			FALSE	FALSE	1			16	16	in:age=6 month	8	8	FALSE	FALSE	FALSE
SRP053396	158	158	158	42	158			FALSE	FALSE	1			47	47	""	24	23	FALSE	FALSE	FALSE
SRP053398	208	208	208	52	208			FALSE	FALSE	1			56	56	in:age=6 month	8	48	FALSE	FALSE	FALSE
SRP053401	173	173	173	44	173			FALSE	FALSE	1			16	16	in:tissue=brain - hippocampus	8	8	FALSE	FALSE	FALSE
SRP053440	12	12	12	8	12			FALSE	FALSE	1								FALSE	FALSE	FALSE
SRP054255	7	6	6	6	7			FALSE	FALSE	1.167								FALSE	FALSE	FALSE
SRP054977	26	26	26	26	26			FALSE	FALSE	1			12	12	in:molecule type=total rna;ex:diet=mixed;ex:strain=mixed	4	8	FALSE	FALSE	FALSE
SRP055013	12	12	12	12	12			FALSE	FALSE	1			8	8	in:cell population=cd11b+ cd45lo	4	4	FALSE	FALSE	FALSE
SRP055023	18	8	8	8	18			FALSE	FALSE	2.25			8	10	""	4	4	FALSE	FALSE	FALSE
SRP055058	48	48	48	48	48			FALSE	FALSE	1			48	48	""	24	24	FALSE	FALSE	FALSE
SRP055064	8	8	8	4	8			FALSE	FALSE	1			8	8	""	4	4	FALSE	FALSE	FALSE
SRP055082	8	8	8	8	8			FALSE	FALSE	1			8	8	""	4	4	FALSE	FALSE	FALSE
SRP055083	6	6	6	2	6			FALSE	FALSE	1								FALSE	FALSE	FALSE
SRP055147	21	21	21	21	21			FALSE	FALSE	1								FALSE	FALSE	FALSE
SRP055206	17	10	10	10	17			FALSE	FALSE	1.7			13	17	""	8	5	FALSE	FALSE	TRUE
SRP055207	8	8	8	8	8			FALSE	FALSE	1			7	8	""	4	3	FALSE	FALSE	FALSE
SRP055432	11	11	11	11	11			FALSE	FALSE	1								FALSE	FALSE	FALSE
SRP055450	9	9	9	9	9			FALSE	FALSE	1								FALSE	FALSE	FALSE
SRP055478	6	6	6	2	6			FALSE	FALSE	1								FALSE	FALSE	FALSE
SRP055521	20	20	20	20	20			FALSE	FALSE	1			20	20	""	10	10	FALSE	FALSE	FALSE
SRP055571	32	32	32	32	32			FALSE	FALSE	1			15	32	subj:source_name	7	8	TRUE	FALSE	FALSE
SRP055722	14	14	14	14	14			FALSE	FALSE	1			14	14	""	7	7	FALSE	FALSE	FALSE
SRP055753	12	12	12	12	12			FALSE	FALSE	1								FALSE	FALSE	FALSE
SRP055864	12	12	12	12	12			FALSE	FALSE	1			12	12	""	6	6	FALSE	FALSE	FALSE
SRP055875	6	6	6	6	6			FALSE	FALSE	1								FALSE	FALSE	FALSE
SRP055928	64	64	64	64	64			FALSE	FALSE	1			64	64	""	32	32	FALSE	FALSE	FALSE
SRP055930	6	6	6	6	6			FALSE	FALSE	1								FALSE	FALSE	FALSE
SRP055993	12	12	12	4	12			FALSE	FALSE	1								FALSE	FALSE	FALSE
SRP056013	11	11	11	2	11			FALSE	FALSE	1			11	11	""	5	6	FALSE	FALSE	FALSE
SRP056118	19	19	19	19	19			FALSE	FALSE	1								FALSE	FALSE	FALSE
SRP056125	6	6	6	6	6			FALSE	FALSE	1								FALSE	FALSE	FALSE
SRP056141	12	12	12	4	12			FALSE	FALSE	1								FALSE	FALSE	FALSE
SRP056148	29	17	17	17	29			FALSE	FALSE	1.706								FALSE	FALSE	FALSE
SRP056428	6	6	6	6	6			FALSE	FALSE	1								FALSE	FALSE	FALSE
SRP056447	20	20	20	20	20			FALSE	FALSE	1			18	20	""	14	4	FALSE	FALSE	FALSE
SRP056551	6	6	6	6	6			FALSE	FALSE	1								FALSE	FALSE	FALSE
SRP056606	8	4	4	2	8			FALSE	FALSE	2			8	8	""	4	4	FALSE	FALSE	TRUE
SRP056630	10	5	5	2	10			FALSE	FALSE	2			10	10	""	4	6	FALSE	FALSE	TRUE
SRP056865	48	48	48	48	48			FALSE	FALSE	1			48	48	""	24	24	FALSE	FALSE	FALSE
SRP056926	22	12	12	12	22			FALSE	FALSE	1.833			22	22	""	10	12	FALSE	FALSE	TRUE
SRP056933	26	26	26	26	26			FALSE	FALSE	1			7	14	in:tissue=mammary tumor	3	4	FALSE	FALSE	FALSE
SRP056937	340	16	80					FALSE	FALSE	21.25			50	50	in:tissue=mesenteric adipose	25	25	FALSE	FALSE	TRUE
SRP056980	8	8	8	8	8			FALSE	FALSE	1			8	8	""	4	4	FALSE	FALSE	FALSE
SRP056986	9	9	9	9	9			FALSE	FALSE	1								FALSE	FALSE	FALSE
SRP057050	6	6	6	2	6			FALSE	FALSE	1								FALSE	FALSE	FALSE
SRP057060	28	28	28	28	28			FALSE	FALSE	1			28	28	""	16	12	FALSE	FALSE	FALSE
SRP057155	12	6	6	2	12			FALSE	FALSE	2			12	12	""	6	6	FALSE	FALSE	TRUE
SRP057171	82	43	43	43	82			FALSE	FALSE	1.907			15	15	in:age=e9.5	6	9	FALSE	FALSE	FALSE
SRP057202	25	23	23	23	25			FALSE	FALSE	1.087			24	25	""	13	11	FALSE	FALSE	TRUE
SRP057270	8	8	8	8	8			FALSE	FALSE	1								FALSE	FALSE	FALSE
SRP057302	6	6	6	6	6			FALSE	FALSE	1								FALSE	FALSE	FALSE
SRP057486	72	72	72			animal	12	TRUE	FALSE	1	6	6	12	12	in:tissue=brain-acc;subj:animal	6	6	TRUE	FALSE	FALSE
SRP057556	24	24	24	6	24			FALSE	FALSE	1			8	8	in:tissue=colon;in:treatment=none	4	4	FALSE	FALSE	FALSE
SRP057560	8	8	8	8	8			FALSE	FALSE	1			6	8	""	4	2	FALSE	FALSE	FALSE
SRP057563	31	31	31	31	31			FALSE	FALSE	1			12	19	in:cell type=spleen	4	8	FALSE	FALSE	FALSE
SRP057574	21	21	21	4	21			FALSE	FALSE	1			11	11	in:neuron type=agrp	6	5	FALSE	FALSE	FALSE
SRP057615	20	20	20	20	20			FALSE	FALSE	1			9	10	in:genotype/variation=wild type	5	4	FALSE	FALSE	FALSE
SRP057696	9	9	9	9	9			FALSE	FALSE	1			7	9	""	2	5	FALSE	FALSE	FALSE
SRP057697	11	11	11	11	11			FALSE	FALSE	1			6	11	""	3	3	FALSE	FALSE	FALSE
SRP057718	12	12	12	12	12			FALSE	FALSE	1			8	8	""	4	4	FALSE	FALSE	FALSE
SRP057760	18	9	9	9	18			FALSE	FALSE	2			12	12	""	6	6	FALSE	FALSE	TRUE
SRP057815	12	12	12	12	12			FALSE	FALSE	1			12	12	""	6	6	FALSE	FALSE	FALSE
SRP057879	6	6	6	2	6			FALSE	FALSE	1								FALSE	FALSE	FALSE
SRP057986	18	18	18	6	18			FALSE	FALSE	1								FALSE	FALSE	FALSE
SRP058063	7	7	7	7	7			FALSE	FALSE	1								FALSE	FALSE	FALSE
SRP058071	10	10	10	10	10			FALSE	FALSE	1			10	10	""	5	5	FALSE	FALSE	FALSE
SRP058258	14	14	14	14	14			FALSE	FALSE	1			9	9	""	4	5	FALSE	FALSE	FALSE
SRP058313	6	6	6	2	6			FALSE	FALSE	1								FALSE	FALSE	FALSE
SRP058362	12	6	6	6	12			FALSE	FALSE	2			12	12	""	6	6	FALSE	FALSE	TRUE
SRP058363	8	8	8	8	8			FALSE	FALSE	1			8	8	""	4	4	FALSE	FALSE	FALSE
SRP058378	63	63	63	63	63			FALSE	FALSE	1			10	15	in:age=p21 (3 weeks)	5	5	FALSE	FALSE	FALSE
SRP058396	48	12	12	12	48			FALSE	FALSE	4			24	24	ex:genotype=runx1 p1-gfp::p2-hcd4/+	12	12	FALSE	FALSE	TRUE
SRP058506	12	12	12	12	12			FALSE	FALSE	1			11	12	""	6	5	FALSE	FALSE	FALSE
SRP058594	12	12	12	12	12			FALSE	FALSE	1			12	12	""	5	7	FALSE	FALSE	FALSE
SRP058641	24	24	24	24	24			FALSE	FALSE	1			24	24	""	12	12	FALSE	FALSE	FALSE
SRP058702	12	12	12	12	12			FALSE	FALSE	1								FALSE	FALSE	FALSE
SRP058713	6	6	6	2	6			FALSE	FALSE	1								FALSE	FALSE	FALSE
SRP058715	28	28	28	8	28			FALSE	FALSE	1			8	8	in:treatment=none	4	4	FALSE	FALSE	FALSE
SRP058725	10	10	10	10	10			FALSE	FALSE	1								FALSE	FALSE	FALSE
SRP058850	6	6	6	6	6			FALSE	FALSE	1								FALSE	FALSE	FALSE
SRP058979	12	12	12	12	12			FALSE	FALSE	1								FALSE	FALSE	FALSE
SRP059062	10	10	10	10	10			FALSE	FALSE	1								FALSE	FALSE	FALSE
SRP059196	10	10	10	2	10			FALSE	FALSE	1			10	10	""	5	5	FALSE	FALSE	FALSE
SRP059236	12	12	12	4	12			FALSE	FALSE	1								FALSE	FALSE	FALSE
SRP059237	116	8	8	2	116			FALSE	FALSE	14.5			88	116	""	43	45	FALSE	FALSE	TRUE
SRP059295	18	18	18	18	18			FALSE	FALSE	1								FALSE	FALSE	FALSE
SRP059378	12	6	6	6	12			FALSE	FALSE	2			12	12	""	6	6	FALSE	FALSE	TRUE
SRP059387	12	12	12	12	12			FALSE	FALSE	1								FALSE	FALSE	FALSE
SRP059440	8	8	8	8	8			FALSE	FALSE	1			8	8	""	4	4	FALSE	FALSE	FALSE
SRP059487	9	9	9	3	9			FALSE	FALSE	1								FALSE	FALSE	FALSE
SRP059538	6	6	6	6	6			FALSE	FALSE	1								FALSE	FALSE	FALSE
SRP059586	12	6	6	6	12			FALSE	FALSE	2			12	12	""	6	6	FALSE	FALSE	TRUE
SRP059599	6	2	6					FALSE	FALSE	3								FALSE	FALSE	FALSE
SRP059601	6	2	6					FALSE	FALSE	3								FALSE	FALSE	FALSE
SRP059676	8	8	8	8	8			FALSE	FALSE	1			8	8	""	4	4	FALSE	FALSE	FALSE
SRP059688	7	7	7	7	7			FALSE	FALSE	1								FALSE	FALSE	FALSE
SRP059753	6	6	6	6	6			FALSE	FALSE	1								FALSE	FALSE	FALSE
SRP059754	15	15	15	15	15			FALSE	FALSE	1								FALSE	FALSE	FALSE
SRP059792	27	27	27	9	27			FALSE	FALSE	1			18	18	ex:genotype=t-bet rv;ex:genotype=zeb2-ko t-bet rv	6	12	FALSE	FALSE	FALSE
SRP059824	12	12	12	3	12			FALSE	FALSE	1			8	8	""	4	4	FALSE	FALSE	FALSE
SRP059938	11	11	11	11	11			FALSE	FALSE	1								FALSE	FALSE	FALSE
SRP059940	14	14	14	14	14			FALSE	FALSE	1			7	8	""	4	3	FALSE	FALSE	FALSE
SRP060228	10	10	10	2	10			FALSE	FALSE	1			10	10	""	5	5	FALSE	FALSE	FALSE
SRP060232	18	18	18	6	18			FALSE	FALSE	1								FALSE	FALSE	FALSE
SRP060233	6	6	6	6	6			FALSE	FALSE	1								FALSE	FALSE	FALSE
SRP060238	8	8	8	8	8			FALSE	FALSE	1			8	8	""	4	4	FALSE	FALSE	FALSE
SRP060295	48	48	48	48	48			FALSE	FALSE	1			48	48	""	24	24	FALSE	FALSE	FALSE
SRP060296	36	36	36	36	36			FALSE	FALSE	1			36	36	""	18	18	FALSE	FALSE	FALSE
SRP060340	25	25	25	25	25			FALSE	FALSE	1			14	14	""	9	5	FALSE	FALSE	FALSE
SRP060364	16	16	16	16	16			FALSE	FALSE	1								FALSE	FALSE	FALSE
SRP060366	6	6	6	6	6	mouse id	6	FALSE	TRUE	1	1	1						FALSE	FALSE	FALSE
SRP060438	12	12	12	12	12			FALSE	FALSE	1			12	12	""	6	6	FALSE	FALSE	FALSE
SRP060648	72	72	72	72	72			FALSE	FALSE	1								FALSE	FALSE	FALSE
SRP060666	9	9	9	3	9			FALSE	FALSE	1								FALSE	FALSE	FALSE
SRP060667	24	24	24	24	24			FALSE	FALSE	1			16	16	""	8	8	FALSE	FALSE	FALSE
SRP060705	38	38	38	16	38			FALSE	FALSE	1								FALSE	FALSE	FALSE
SRP060706	6	6	6	6	6			FALSE	FALSE	1								FALSE	FALSE	FALSE
SRP060710	12	12	12	12	12			FALSE	FALSE	1								FALSE	FALSE	FALSE
SRP061102	7	7	7	7	7			FALSE	FALSE	1								FALSE	FALSE	FALSE
SRP061193	48	48	48	48	48			FALSE	FALSE	1			24	24	in:cell type=brain microglia	12	12	FALSE	FALSE	FALSE
SRP061339	6	6	6	2	6			FALSE	FALSE	1								FALSE	FALSE	FALSE
SRP061355	16	8	8	8	16			FALSE	FALSE	2			16	16	""	8	8	FALSE	FALSE	TRUE
SRP061376	9	9	9	3	9			FALSE	FALSE	1								FALSE	FALSE	FALSE
SRP061386	24	24	24	24	24			FALSE	FALSE	1			12	12	in:cell type=b cells from spleen	6	6	FALSE	FALSE	FALSE
SRP061407	12	12	12	12	12			FALSE	FALSE	1			12	12	""	6	6	FALSE	FALSE	FALSE
SRP061434	12	12	12	4	12			FALSE	FALSE	1								FALSE	FALSE	FALSE
SRP061436	9	9	9	9	9			FALSE	FALSE	1								FALSE	FALSE	FALSE
SRP061437	9	9	9	9	9			FALSE	FALSE	1								FALSE	FALSE	FALSE
SRP061458	49	16	16	6	49			FALSE	FALSE	3.062			9	13	in:source_name=cortical thymic epithelial cell	3	6	FALSE	FALSE	FALSE
SRP061544	6	6	6	6	6			FALSE	FALSE	1								FALSE	FALSE	FALSE
SRP061646	6	6	6	2	6			FALSE	FALSE	1								FALSE	FALSE	FALSE
SRP061757	24	18	18	18	24			FALSE	FALSE	1.333								FALSE	FALSE	FALSE
SRP061758	10	10	10	10	10			FALSE	FALSE	1			9	10	""	5	4	FALSE	FALSE	FALSE
SRP061785	18	18	18	18	18			FALSE	FALSE	1			15	18	""	9	6	FALSE	FALSE	FALSE
SRP061788	18	18	18	18	18			FALSE	FALSE	1			18	18	""	6	12	FALSE	FALSE	FALSE
SRP061800	16	16	16	4	16			FALSE	FALSE	1			8	8	""	4	4	FALSE	FALSE	FALSE
SRP061869	12	12	12	12	12			FALSE	FALSE	1								FALSE	FALSE	FALSE
SRP061950	12	12	12	12	12			FALSE	FALSE	1			12	12	""	6	6	FALSE	FALSE	FALSE
SRP061985	10	10	10	2	10			FALSE	FALSE	1			9	10	""	5	4	FALSE	FALSE	FALSE
SRP062014	9	9	9	3	9			FALSE	FALSE	1								FALSE	FALSE	FALSE
SRP062039	16	16	16	16	16			FALSE	FALSE	1								FALSE	FALSE	FALSE
SRP062073	45	5	5	5	45			FALSE	FALSE	9			16	18	""	7	9	FALSE	FALSE	TRUE
SRP062164	6	6	6	6	6			FALSE	FALSE	1								FALSE	FALSE	FALSE
SRP062209	29	29	29	29	29			FALSE	FALSE	1								FALSE	FALSE	FALSE
SRP062211	11	11	11	1	11	mouse_id	11	FALSE	TRUE	1	1	1	11	11	subj:mouse_id	5	6	TRUE	FALSE	FALSE
SRP062213	18	18	18	18	18			FALSE	FALSE	1								FALSE	FALSE	FALSE
SRP062238	8	8	8	8	8			FALSE	FALSE	1			8	8	""	4	4	FALSE	FALSE	FALSE
SRP062249	23	12	12	12	23			FALSE	FALSE	1.917			12	12	in:tissue=lung	6	6	FALSE	FALSE	FALSE
SRP062546	9	3	3	3	9			FALSE	FALSE	3								FALSE	FALSE	FALSE
SRP062619	14	14	14	14	14			FALSE	FALSE	1								FALSE	FALSE	FALSE
SRP062636	23	23	23					FALSE	FALSE	1								FALSE	FALSE	FALSE
SRP062639	16	16	16	16	16			FALSE	FALSE	1			8	8	""	4	4	FALSE	FALSE	FALSE
SRP062829	140	140	140	140	140			FALSE	FALSE	1			20	20	in:brain region=adult ventral hippocampus;ex:phenotype=accelerated social defeat;ex:timepoint=24h post accelerated defeat	9	11	FALSE	FALSE	FALSE
SRP062845	20	10	10	10	20			FALSE	FALSE	2			14	14	""	6	8	FALSE	FALSE	TRUE
SRP062868	6	6	6	6	6			FALSE	FALSE	1								FALSE	FALSE	FALSE
SRP062874	114	114	114	114	114	mouse id	45	FALSE	TRUE	1	2.533	2.533	10	10	in:primary tissue=kidney;subj:mouse id	5	5	TRUE	FALSE	FALSE
SRP062904	10	10	10	10	10			FALSE	FALSE	1			6	10	""	3	3	FALSE	FALSE	FALSE
SRP062946	14	7	7	7	14			FALSE	FALSE	2			14	14	""	6	8	FALSE	FALSE	TRUE
SRP062991	34	17	17	17	34			FALSE	FALSE	2			10	12	in:tissue=fetal liver;ex:genotype/variation=inducible let-7	6	4	FALSE	FALSE	FALSE
SRP063005	8	8	8	2	8			FALSE	FALSE	1			8	8	""	4	4	FALSE	FALSE	FALSE
SRP063013	12	12	12	4	12			FALSE	FALSE	1								FALSE	FALSE	FALSE
SRP063060	12	12	12	12	12			FALSE	FALSE	1								FALSE	FALSE	FALSE
SRP063066	49	8	8	8	49			FALSE	FALSE	6.125			25	25	in:tissue=subcutaneous white adipose tissue (swat)	12	13	FALSE	FALSE	TRUE
SRP063091	8	4	4	4	8			FALSE	FALSE	2			8	8	""	4	4	FALSE	FALSE	TRUE
SRP063269	78	23	23	23	78			FALSE	FALSE	3.391			78	78	""	36	42	FALSE	FALSE	TRUE
SRP063412	6	6	6	6	6			FALSE	FALSE	1								FALSE	FALSE	FALSE
SRP063413	6	6	6	6	6			FALSE	FALSE	1								FALSE	FALSE	FALSE
SRP063414	6	6	6	6	6			FALSE	FALSE	1								FALSE	FALSE	FALSE
SRP063451	9	9	9	9	9			FALSE	FALSE	1								FALSE	FALSE	FALSE
SRP063455	384	384	384	384	384			FALSE	FALSE	1			384	384	""	188	196	FALSE	FALSE	FALSE
SRP063474	14	7	7	2	14			FALSE	FALSE	2			14	14	""	8	6	FALSE	FALSE	TRUE
SRP063475	24	24	24	24	24			FALSE	FALSE	1								FALSE	FALSE	FALSE
SRP063560	12	6	6	6	12			FALSE	FALSE	2			12	12	""	6	6	FALSE	FALSE	TRUE
SRP063574	8	8	8	4	8			FALSE	FALSE	1			8	8	""	4	4	FALSE	FALSE	FALSE
SRP063705	8	8	8	8	8			FALSE	FALSE	1								FALSE	FALSE	FALSE
SRP063861	12	12	12	12	12			FALSE	FALSE	1			12	12	""	6	6	FALSE	FALSE	FALSE
SRP063872	8	8	8	8	8			FALSE	FALSE	1								FALSE	FALSE	FALSE
SRP063890	24	24	24	24	24			FALSE	FALSE	1			8	8	in:cell fraction=p2, synaptoneurosome	4	4	FALSE	FALSE	FALSE
SRP063968	8	2	2	2	8			FALSE	FALSE	4			8	8	""	4	4	FALSE	FALSE	TRUE
SRP064004	10	10	10	10	10			FALSE	FALSE	1			8	8	ex:source_name=gastric organoids;ex:source_name=intact stomach tissue	4	4	FALSE	FALSE	FALSE
SRP064030	27	27	27	9	27			FALSE	FALSE	1			24	24	ex:treatment period=0 weeks	9	15	FALSE	FALSE	FALSE
SRP064164	18	18	18	18	18			FALSE	FALSE	1								FALSE	FALSE	FALSE
SRP064190	12	12	12	12	12			FALSE	FALSE	1			12	12	""	7	5	FALSE	FALSE	FALSE
SRP064194	8	8	8	8	8			FALSE	FALSE	1			8	8	""	4	4	FALSE	FALSE	FALSE
SRP064216	166	166	166	42	166			FALSE	FALSE	1			48	48	""	24	24	FALSE	FALSE	FALSE
SRP064223	46	30	30	30	46			FALSE	FALSE	1.533			14	14	ex:source_name=c2c12;in:tissue=liver	6	8	FALSE	FALSE	FALSE
SRP064245	168	168	168	42	168			FALSE	FALSE	1			48	48	""	24	24	FALSE	FALSE	FALSE
SRP064266	12	12	12	12	12			FALSE	FALSE	1								FALSE	FALSE	FALSE
SRP064271	14	7	7	7	14			FALSE	FALSE	2			14	14	""	8	6	FALSE	FALSE	TRUE
SRP064420	12	12	12	12	12			FALSE	FALSE	1			7	8	""	4	3	FALSE	FALSE	FALSE
SRP064433	9	9	9	3	9			FALSE	FALSE	1								FALSE	FALSE	FALSE
SRP064534	72	72	72	72	72			FALSE	FALSE	1			12	12	in:tissue=ventricle	6	6	FALSE	FALSE	FALSE
SRP064569	6	6	6	6	6			FALSE	FALSE	1								FALSE	FALSE	FALSE
SRP064762	18	18	18	18	18			FALSE	FALSE	1			12	12	""	6	6	FALSE	FALSE	FALSE
SRP064844	21	21	21	21	21			FALSE	FALSE	1			8	8	in:source_name=stroke hemisphere after 1-hr mcao 1-d reperfusion	4	4	FALSE	FALSE	FALSE
SRP064862	54	43	43	43	54	mouse	36	FALSE	TRUE	1.256	1.194	1.5	20	20	in:cell type=gfp+ cd11b+;subj:mouse	10	10	TRUE	FALSE	FALSE
SRP064923	16	16	16	16	16			FALSE	FALSE	1			11	16	""	6	5	FALSE	FALSE	FALSE
SRP064981	12	12	12	12	12			FALSE	FALSE	1								FALSE	FALSE	FALSE
SRP064982	10	10	10	10	10			FALSE	FALSE	1			10	10	""	6	4	FALSE	FALSE	FALSE
SRP064991	36	36	36	36	36			FALSE	FALSE	1			12	12	in:tissue=liver	6	6	FALSE	FALSE	FALSE
SRP065187	18	18	18	18	18			FALSE	FALSE	1			12	18	""	3	9	FALSE	FALSE	FALSE
SRP065217	8	8	8	4	8			FALSE	FALSE	1			8	8	""	4	4	FALSE	FALSE	FALSE
SRP065281	8	8	8	2	8			FALSE	FALSE	1			8	8	""	4	4	FALSE	FALSE	FALSE
SRP065478	23	23	23	23	23			FALSE	FALSE	1								FALSE	FALSE	FALSE
SRP065536	12	12	12	12	12			FALSE	FALSE	1			10	12	""	4	6	FALSE	FALSE	FALSE
SRP065537	9	9	9	9	9			FALSE	FALSE	1			6	9	""	3	3	FALSE	FALSE	FALSE
SRP065556	7	7	7	7	7			FALSE	FALSE	1								FALSE	FALSE	FALSE
SRP065560	18	18	18	18	18	mouse	9	FALSE	TRUE	1	2	2						FALSE	FALSE	FALSE
SRP065571	16	16	16	16	16			FALSE	FALSE	1			16	16	""	8	8	FALSE	FALSE	FALSE
SRP065603	23	23	23	23	23			FALSE	FALSE	1			8	8	in:age=7 months	4	4	FALSE	FALSE	FALSE
SRP065613	6	6	6	2	6			FALSE	FALSE	1								FALSE	FALSE	FALSE
SRP065681	12	12	12	12	12			FALSE	FALSE	1								FALSE	FALSE	FALSE
SRP065767	30	30	30	30	30			FALSE	FALSE	1			29	30	""	14	15	FALSE	FALSE	FALSE
SRP065769	28	28	28	16	28			FALSE	FALSE	1								FALSE	FALSE	FALSE
SRP065801	20	20	20	6	20			FALSE	FALSE	1			8	8	""	4	4	FALSE	FALSE	FALSE
SRP065804	8	8	8	4	8			FALSE	FALSE	1								FALSE	FALSE	FALSE
SRP065842	74	52	52	52	74			FALSE	FALSE	1.423			33	33	in:source_name=oligodendrocyte	13	20	FALSE	FALSE	FALSE
SRP065965	6	6	6	2	6			FALSE	FALSE	1								FALSE	FALSE	FALSE
SRP065995	6	6	6	6	6			FALSE	FALSE	1								FALSE	FALSE	FALSE
SRP066019	10	10	10	10	10			FALSE	FALSE	1								FALSE	FALSE	FALSE
SRP066097	37	37	37	29	37			FALSE	FALSE	1			18	18	in:developmental stage=e11.5	10	8	FALSE	FALSE	FALSE
SRP066127	29	29	29	29	29			FALSE	FALSE	1								FALSE	FALSE	FALSE
SRP066149	8	8	8	8	8			FALSE	FALSE	1								FALSE	FALSE	FALSE
SRP066173	8	8	8	8	8			FALSE	FALSE	1			5	8	""	3	2	FALSE	FALSE	FALSE
SRP066244	81	32	32	32	81			FALSE	FALSE	2.531			16	16	in:source_name=atherosclerosis lesion	8	8	FALSE	FALSE	FALSE
SRP066354	6	6	6	6	6			FALSE	FALSE	1								FALSE	FALSE	FALSE
SRP066438	12	12	12	12	12			FALSE	FALSE	1								FALSE	FALSE	FALSE
SRP066446	20	6	6	6	20			FALSE	FALSE	3.333			10	10	in:cell type=cortical thymic epithelial cells	5	5	FALSE	FALSE	TRUE
SRP066489	28	28	28	28	28			FALSE	FALSE	1			10	10	in:cell type=microglia	5	5	FALSE	FALSE	FALSE
SRP066622	24	24	24	24	24			FALSE	FALSE	1			24	24	""	13	11	FALSE	FALSE	FALSE
SRP066728	61	61	61	61	61	animalid	24	FALSE	TRUE	1	2.542	2.542	18	20	in:cell type=microglia;subj:animalid	9	9	TRUE	FALSE	FALSE
SRP066776	8	8	8	4	8			FALSE	FALSE	1			8	8	""	4	4	FALSE	FALSE	FALSE
SRP066786	25	25	25	25	25			FALSE	FALSE	1			6	10	in:selection marker=whole tissue	3	3	FALSE	FALSE	FALSE
SRP066807	12	12	12	12	12			FALSE	FALSE	1			8	8	""	4	4	FALSE	FALSE	FALSE
SRP066809	31	31	31	31	31			FALSE	FALSE	1			14	14	""	7	7	FALSE	FALSE	FALSE
SRP066909	6	6	6	6	6			FALSE	FALSE	1								FALSE	FALSE	FALSE
SRP066975	6	6	6	6	6			FALSE	FALSE	1								FALSE	FALSE	FALSE
SRP066983	24	6	6	6	24			FALSE	FALSE	4			24	24	""	12	12	FALSE	FALSE	TRUE
SRP067091	8	8	8	8	8			FALSE	FALSE	1			6	8	""	2	4	FALSE	FALSE	FALSE
SRP067092	84	30	30	10	84			FALSE	FALSE	2.8			24	24	in:age=5 weeks	12	12	FALSE	FALSE	FALSE
SRP067216	6	6	6	6	6			FALSE	FALSE	1								FALSE	FALSE	FALSE
SRP067226	6	6	6	6	6			FALSE	FALSE	1								FALSE	FALSE	FALSE
SRP067243	20	20	20	20	20			FALSE	FALSE	1			11	12	in:mouse line=mm77 line	5	6	FALSE	FALSE	FALSE
SRP067260	18	9	9	9	18			FALSE	FALSE	2			18	18	""	8	10	FALSE	FALSE	TRUE
SRP067265	18	6	6	2	18	mouseid	6	FALSE	TRUE	3	1	3						FALSE	FALSE	FALSE
SRP067305	6	6	6	6	6			FALSE	FALSE	1								FALSE	FALSE	FALSE
SRP067339	82	31	31	29	82			FALSE	FALSE	2.645			11	31	in:duration=0 days;subj:tumor	7	4	TRUE	FALSE	FALSE
SRP067349	12	12	12	6	12			FALSE	FALSE	1			8	8	ex:diet=high fat 8 wk, control - 16wk	4	4	FALSE	FALSE	FALSE
SRP067359	12	6	6	6	12			FALSE	FALSE	2			10	12	""	4	6	FALSE	FALSE	TRUE
SRP067454	46	46	46	46	46			FALSE	FALSE	1			27	27	""	16	11	FALSE	FALSE	FALSE
SRP067490	12	12	12	12	12			FALSE	FALSE	1			12	12	""	8	4	FALSE	FALSE	FALSE
SRP067491	68	68	68	46	68			FALSE	FALSE	1			14	16	in:tissue type=mouse epithelium	8	6	FALSE	FALSE	FALSE
SRP067494	22	22	22	22	22			FALSE	FALSE	1			7	8	in:rna sample type=ha ip;in:genotype=wild type	3	4	FALSE	FALSE	FALSE
SRP067527	9	9	9	9	9			FALSE	FALSE	1			8	9	""	4	4	FALSE	FALSE	FALSE
SRP067535	6	6	6	6	6			FALSE	FALSE	1								FALSE	FALSE	FALSE
SRP067548	6	6	6	6	6			FALSE	FALSE	1								FALSE	FALSE	FALSE
SRP067600	15	15	15	15	15			FALSE	FALSE	1			15	15	""	9	6	FALSE	FALSE	FALSE
SRP067636	248	62	62	13	248	mouse id	62	FALSE	TRUE	4	1	4	9	36	in:time point=6 months;subj:mouse id	5	4	TRUE	FALSE	FALSE
SRP067667	6	6	6	6	6			FALSE	FALSE	1								FALSE	FALSE	FALSE
SRP067740	9	9	9	9	9			FALSE	FALSE	1								FALSE	FALSE	FALSE
SRP067752	12	12	12	4	12			FALSE	FALSE	1			12	12	""	6	6	FALSE	FALSE	FALSE
SRP067765	8	7	7	7	8			FALSE	FALSE	1.143								FALSE	FALSE	FALSE
SRP067829	7	7	7	7	7			FALSE	FALSE	1								FALSE	FALSE	FALSE
SRP067991	9	9	9	5	9			FALSE	FALSE	1								FALSE	FALSE	FALSE
SRP068030	28	14	14	3	28			FALSE	FALSE	2			28	28	""	18	10	FALSE	FALSE	TRUE
SRP068326	12	4	4	4	12			FALSE	FALSE	3								FALSE	FALSE	FALSE
SRP068355	19	19	19	8	19			FALSE	FALSE	1								FALSE	FALSE	FALSE
SRP068356	12	12	12	12	12			FALSE	FALSE	1			12	12	""	6	6	FALSE	FALSE	FALSE
SRP068358	6	6	6	4	6			FALSE	FALSE	1								FALSE	FALSE	FALSE
SRP068384	55	55	55	14	55			FALSE	FALSE	1			15	15	""	8	7	FALSE	FALSE	FALSE
SRP068418	12	12	12	4	12			FALSE	FALSE	1			12	12	""	6	6	FALSE	FALSE	FALSE
SRP068420	9	9	9	3	9			FALSE	FALSE	1								FALSE	FALSE	FALSE
SRP068461	6	6	6	6	6			FALSE	FALSE	1								FALSE	FALSE	FALSE
SRP068500	16	16	16	16	16			FALSE	FALSE	1			10	10	in:tissue=embryonic whole brain	5	5	FALSE	FALSE	FALSE
SRP068517	10	10	10	4	10			FALSE	FALSE	1								FALSE	FALSE	FALSE
SRP068520	64	64	64	64	64			FALSE	FALSE	1			16	64	subj:sampleid	8	8	TRUE	FALSE	FALSE
SRP068574	22	22	22	11	22			FALSE	FALSE	1			17	20	ex:genotype=wild type	8	9	FALSE	FALSE	FALSE
SRP068582	14	14	14	14	14			FALSE	FALSE	1			14	14	""	7	7	FALSE	FALSE	FALSE
SRP068621	37	11	11	11	37			FALSE	FALSE	3.364			13	13	in:cell_type=microglia	4	9	FALSE	FALSE	TRUE
SRP068647	12	12	12	4	12			FALSE	FALSE	1								FALSE	FALSE	FALSE
SRP068724	9	9	9	9	9			FALSE	FALSE	1								FALSE	FALSE	FALSE
SRP068744	8	8	8	8	8			FALSE	FALSE	1			8	8	""	4	4	FALSE	FALSE	FALSE
SRP068777	12	12	12	4	12			FALSE	FALSE	1			12	12	""	6	6	FALSE	FALSE	FALSE
SRP068845	9	6	6	6	9			FALSE	FALSE	1.5								FALSE	FALSE	FALSE
SRP068855	6	6	6	6	6			FALSE	FALSE	1								FALSE	FALSE	FALSE
SRP068928	8	2	8	2	8			FALSE	FALSE	4			8	8	""	4	4	FALSE	FALSE	TRUE
SRP068931	75	75	75	25	75			FALSE	FALSE	1								FALSE	FALSE	FALSE
SRP068974	16	2	8	2	16			FALSE	FALSE	8			16	16	""	8	8	FALSE	FALSE	TRUE
SRP069010	30	12	12	12	30			FALSE	FALSE	2.5			24	24	""	12	12	FALSE	FALSE	TRUE
SRP069057	10	5	5	5	10			FALSE	FALSE	2			10	10	""	4	6	FALSE	FALSE	TRUE
SRP069071	27	7	27					FALSE	FALSE	3.857								FALSE	FALSE	FALSE
SRP069082	6	6	6	6	6			FALSE	FALSE	1								FALSE	FALSE	FALSE
SRP069191	13	13	13	13	13			FALSE	FALSE	1								FALSE	FALSE	FALSE
SRP069240	8	8	8	8	8			FALSE	FALSE	1			8	8	""	4	4	FALSE	FALSE	FALSE
SRP069292	16	8	8	2	16			FALSE	FALSE	2			16	16	""	8	8	FALSE	FALSE	TRUE
SRP069345	9	6	6	2	9			FALSE	FALSE	1.5								FALSE	FALSE	FALSE
SRP069726	9	9	9	9	9			FALSE	FALSE	1								FALSE	FALSE	FALSE
SRP069731	16	4	4	4	16			FALSE	FALSE	4			16	16	""	8	8	FALSE	FALSE	TRUE
SRP069758	40	40	40	40	40			FALSE	FALSE	1								FALSE	FALSE	FALSE
SRP069772	21	21	21	21	21			FALSE	FALSE	1			14	14	""	7	7	FALSE	FALSE	FALSE
SRP069803	6	6	6	2	6			FALSE	FALSE	1								FALSE	FALSE	FALSE
SRP069804	12	6	6	6	12			FALSE	FALSE	2			12	12	""	6	6	FALSE	FALSE	TRUE
SRP069809	12	12	12	12	12			FALSE	FALSE	1			8	8	""	4	4	FALSE	FALSE	FALSE
SRP069812	30	30	30	6	30			FALSE	FALSE	1			10	10	in:tissue=kidney	5	5	FALSE	FALSE	FALSE
SRP069817	7	7	7	7	7			FALSE	FALSE	1								FALSE	FALSE	FALSE
SRP069873	12	12	12	12	12			FALSE	FALSE	1			10	12	""	5	5	FALSE	FALSE	FALSE
SRP069879	71	12	71	12	71			FALSE	FALSE	5.917			13	13	in:tissue=kidney	6	7	FALSE	FALSE	TRUE
SRP069966	52	13	13	13	52			FALSE	FALSE	4			32	32	""	16	16	FALSE	FALSE	TRUE
SRP069979	32	32	32	14	32			FALSE	FALSE	1			8	8	in:sample type=control;in:source_name=naive cd8+ t cells	4	4	FALSE	FALSE	FALSE
SRP070058	6	6	6	6	6			FALSE	FALSE	1								FALSE	FALSE	FALSE
SRP070188	15	15	15	15	15			FALSE	FALSE	1			15	15	""	6	9	FALSE	FALSE	FALSE
SRP070433	13	13	13	13	13			FALSE	FALSE	1								FALSE	FALSE	FALSE
SRP070440	96	96	96	18	96	animal id	16	FALSE	TRUE	1	6	6	12	12	in:tissue=cortex;subj:animal id	4	8	TRUE	FALSE	FALSE
SRP070571	17	17	17	8	17			FALSE	FALSE	1			8	8	in:tissue=limb buds	4	4	FALSE	FALSE	FALSE
SRP070641	6	6	6	6	6			FALSE	FALSE	1								FALSE	FALSE	FALSE
SRP070642	19	19	19	19	19			FALSE	FALSE	1			15	15	""	11	4	FALSE	FALSE	FALSE
SRP070673	387	338	338	338	387	mouse id	338	FALSE	TRUE	1.145	1	1.145	94	117	in:time=d90;subj:mouse id	47	47	TRUE	FALSE	FALSE
SRP070767	96	96	96	96	96			FALSE	FALSE	1			48	48	""	16	32	FALSE	FALSE	FALSE
SRP070769	95	95	95	95	95			FALSE	FALSE	1			47	47	""	15	32	FALSE	FALSE	FALSE
SRP070770	93	93	93	93	93			FALSE	FALSE	1			47	47	""	15	32	FALSE	FALSE	FALSE
SRP070775	96	96	96	96	96			FALSE	FALSE	1			48	48	""	16	32	FALSE	FALSE	FALSE
SRP070790	17	17	17	11	17			FALSE	FALSE	1			7	8	in:source_name=mouse bcc tumor	4	3	FALSE	FALSE	FALSE
SRP070837	6	6	6					FALSE	FALSE	1								FALSE	FALSE	FALSE
SRP070849	19	19	19	19	19			FALSE	FALSE	1			8	8	ex:treatment=ag-221;ex:treatment=5-aza	4	4	FALSE	FALSE	FALSE
SRP070880	18	18	18	18	18			FALSE	FALSE	1			18	18	""	9	9	FALSE	FALSE	FALSE
SRP070906	19	19	19	19	19			FALSE	FALSE	1			12	14	subj:source_name	5	7	TRUE	FALSE	FALSE
SRP070944	29	29	29	29	29			FALSE	FALSE	1			10	10	in:sort=cd11b	5	5	FALSE	FALSE	FALSE
SRP070945	15	15	15	15	15			FALSE	FALSE	1								FALSE	FALSE	FALSE
SRP070946	8	8	8	8	8			FALSE	FALSE	1								FALSE	FALSE	FALSE
SRP071039	17	17	17	17	17			FALSE	FALSE	1								FALSE	FALSE	FALSE
SRP071156	6	6	6	2	6			FALSE	FALSE	1								FALSE	FALSE	FALSE
SRP071231	80	80	80	80	80			FALSE	FALSE	1			12	12	in:sample preparation=frozen	6	6	FALSE	FALSE	FALSE
SRP071238	14	14	14	6	14			FALSE	FALSE	1			14	14	""	8	6	FALSE	FALSE	FALSE
SRP071239	15	15	15	15	15			FALSE	FALSE	1								FALSE	FALSE	FALSE
SRP071304	6	6	6	2	6			FALSE	FALSE	1								FALSE	FALSE	FALSE
SRP071312	6	6	6	2	6			FALSE	FALSE	1								FALSE	FALSE	FALSE
SRP071321	36	6	6	6	36			FALSE	FALSE	6			36	36	""	18	18	FALSE	FALSE	TRUE
SRP071333	24	24	24	24	24			FALSE	FALSE	1			21	24	""	11	10	FALSE	FALSE	FALSE
SRP071570	30	30	30	10	30			FALSE	FALSE	1			30	30	in:tissue=neural retina	24	6	FALSE	FALSE	FALSE
SRP071610	12	12	12	4	12			FALSE	FALSE	1			12	12	""	6	6	FALSE	FALSE	FALSE
SRP071611	12	12	12	12	12			FALSE	FALSE	1								FALSE	FALSE	FALSE
SRP071653	8	4	4	4	8			FALSE	FALSE	2								FALSE	FALSE	FALSE
SRP071661	6	6	6	6	6			FALSE	FALSE	1								FALSE	FALSE	FALSE
SRP071664	6	6	6	2	6			FALSE	FALSE	1								FALSE	FALSE	FALSE
SRP071732	12	12	12	12	12			FALSE	FALSE	1			12	12	""	4	8	FALSE	FALSE	FALSE
SRP071754	9	9	9	4	9			FALSE	FALSE	1			9	9	""	4	5	FALSE	FALSE	FALSE
SRP071883	12	12	12	12	12			FALSE	FALSE	1			9	12	""	3	6	FALSE	FALSE	FALSE
SRP072041	6	6	6	6	6			FALSE	FALSE	1								FALSE	FALSE	FALSE
SRP072072	12	12	12	12	12			FALSE	FALSE	1			12	12	""	6	6	FALSE	FALSE	FALSE
SRP072092	6	6	6	6	6			FALSE	FALSE	1								FALSE	FALSE	FALSE
SRP072120	10	10	10	3	10			FALSE	FALSE	1								FALSE	FALSE	FALSE
SRP072124	13	13	13	13	13			FALSE	FALSE	1			13	13	""	7	6	FALSE	FALSE	FALSE
SRP072171	32	8	8	8	32			FALSE	FALSE	4			32	32	""	16	16	FALSE	FALSE	TRUE
SRP072227	6	6	6	6	6			FALSE	FALSE	1								FALSE	FALSE	FALSE
SRP072241	6	6	6	6	6			FALSE	FALSE	1								FALSE	FALSE	FALSE
SRP072380	8	8	8	8	8			FALSE	FALSE	1			8	8	""	4	4	FALSE	FALSE	FALSE
SRP072383	12	12	12	12	12			FALSE	FALSE	1			8	8	in:cell type=ex-vivo marginal zone b cells	4	4	FALSE	FALSE	FALSE
SRP072457	12	12	12	12	12			FALSE	FALSE	1			8	8	""	4	4	FALSE	FALSE	FALSE
SRP072458	9	9	9	9	9			FALSE	FALSE	1								FALSE	FALSE	FALSE
SRP072468	6	6	6	2	6			FALSE	FALSE	1								FALSE	FALSE	FALSE
SRP072516	6	6	6	6	6			FALSE	FALSE	1								FALSE	FALSE	FALSE
SRP072519	6	6	6	6	6			FALSE	FALSE	1								FALSE	FALSE	FALSE
SRP072526	38	25	25	25	38			FALSE	FALSE	1.52			24	24	in:tissue=brain	6	18	FALSE	FALSE	FALSE
SRP072574	12	12	12	12	12			FALSE	FALSE	1								FALSE	FALSE	FALSE
SRP072673	12	6	6	6	12			FALSE	FALSE	2			10	12	""	6	4	FALSE	FALSE	TRUE
SRP072697	6	6	6	6	6			FALSE	FALSE	1								FALSE	FALSE	FALSE
SRP072742	12	12	12	12	12			FALSE	FALSE	1								FALSE	FALSE	FALSE
SRP072844	8	8	8	2	8			FALSE	FALSE	1			8	8	""	4	4	FALSE	FALSE	FALSE
SRP072868	12	12	12	4	12			FALSE	FALSE	1								FALSE	FALSE	FALSE
SRP072877	12	12	12	4	12			FALSE	FALSE	1			12	12	""	6	6	FALSE	FALSE	FALSE
SRP073042	15	15	15	15	15			FALSE	FALSE	1			10	10	ex:source_name=normal brain astrocytes;ex:source_name=normal brain opcs	5	5	FALSE	FALSE	FALSE
SRP073062	19	19	19	19	19			FALSE	FALSE	1			10	10	in:tissue=lung	5	5	FALSE	FALSE	FALSE
SRP073063	12	12	12	12	12			FALSE	FALSE	1			5	8	""	2	3	FALSE	FALSE	FALSE
SRP073081	8	4	4	4	8			FALSE	FALSE	2			8	8	""	4	4	FALSE	FALSE	TRUE
SRP073086	59	59	59	59	59			FALSE	FALSE	1			59	59	""	30	29	FALSE	FALSE	FALSE
SRP073096	16	8	8	8	16			FALSE	FALSE	2			16	16	""	8	8	FALSE	FALSE	TRUE
SRP073119	24	24	24	24	24			FALSE	FALSE	1			24	24	""	12	12	FALSE	FALSE	FALSE
SRP073224	8	8	8	8	8			FALSE	FALSE	1			8	8	""	4	4	FALSE	FALSE	FALSE
SRP073294	35	35	35	16	35			FALSE	FALSE	1								FALSE	FALSE	FALSE
SRP073310	8	8	8	8	8			FALSE	FALSE	1			8	8	""	4	4	FALSE	FALSE	FALSE
SRP073338	6	6	6	6	6			FALSE	FALSE	1								FALSE	FALSE	FALSE
SRP073396	90	90	90	90	90	animal id	12	FALSE	TRUE	1	7.5	7.5	12	32	in:source_name=frontal cortex;subj:animal id	6	6	TRUE	FALSE	FALSE
SRP073438	6	6	6	6	6			FALSE	FALSE	1								FALSE	FALSE	FALSE
SRP073495	189	58	58	58	189			FALSE	FALSE	3.259			38	41	in:tissue=frontal cortex	18	20	FALSE	FALSE	FALSE
SRP073498	24	12	12	2	24			FALSE	FALSE	2			22	24	""	14	8	FALSE	FALSE	TRUE
SRP073503	12	12	12	12	12			FALSE	FALSE	1								FALSE	FALSE	FALSE
SRP073509	24	24	24	24	24			FALSE	FALSE	1								FALSE	FALSE	FALSE
SRP073608	24	24	24	24	24			FALSE	FALSE	1			24	24	""	12	12	FALSE	FALSE	FALSE
SRP073609	10	10	10	10	10			FALSE	FALSE	1			10	10	""	4	6	FALSE	FALSE	FALSE
SRP073927	109	17	109	17	109			FALSE	FALSE	6.412			9	57	in:treatment=vehicle;subj:id	4	5	TRUE	FALSE	FALSE
SRP074042	6	6	6	2	6			FALSE	FALSE	1								FALSE	FALSE	FALSE
SRP074136	16	16	16	16	16			FALSE	FALSE	1			14	14	ex:source_name=liver tissue	9	5	FALSE	FALSE	FALSE
SRP074146	22	22	22	6	22			FALSE	FALSE	1			22	22	""	12	10	FALSE	FALSE	FALSE
SRP074155	12	12	12	12	12			FALSE	FALSE	1			12	12	""	6	6	FALSE	FALSE	FALSE
SRP074209	8	8	8	8	8			FALSE	FALSE	1			4	8	""	1	3	FALSE	FALSE	FALSE
SRP074231	6	6	6	6	6			FALSE	FALSE	1								FALSE	FALSE	FALSE
SRP074295	6	6	6	6	6			FALSE	FALSE	1								FALSE	FALSE	FALSE
SRP074301	16	16	16	16	16			FALSE	FALSE	1			10	10	""	5	5	FALSE	FALSE	FALSE
SRP074330	6	6	6	2	6			FALSE	FALSE	1								FALSE	FALSE	FALSE
SRP074350	18	18	18	18	18			FALSE	FALSE	1								FALSE	FALSE	FALSE
SRP074361	24	12	12	12	24			FALSE	FALSE	2			12	12	in:age=postnatal day 5	6	6	FALSE	FALSE	FALSE
SRP074378	9	9	9	9	9			FALSE	FALSE	1								FALSE	FALSE	FALSE
SRP074380	15	15	15	15	15			FALSE	FALSE	1			12	12	""	6	6	FALSE	FALSE	FALSE
SRP074412	7	7	7	7	7			FALSE	FALSE	1								FALSE	FALSE	FALSE
SRP074487	16	16	16	8	16			FALSE	FALSE	1			8	8	in:tissue=striatum	4	4	FALSE	FALSE	FALSE
SRP074576	10	10	10	8	10			FALSE	FALSE	1								FALSE	FALSE	FALSE
SRP074611	6	6	6	6	6			FALSE	FALSE	1								FALSE	FALSE	FALSE
SRP074626	19	19	19	1	19			FALSE	FALSE	1			19	19	""	9	10	FALSE	FALSE	FALSE
SRP074717	10	10	10	5	10			FALSE	FALSE	1								FALSE	FALSE	FALSE
SRP074762	9	9	9	9	9			FALSE	FALSE	1								FALSE	FALSE	FALSE
SRP074831	12	12	12	12	12			FALSE	FALSE	1			12	12	""	6	6	FALSE	FALSE	FALSE
SRP074838	8	8	8	8	8			FALSE	FALSE	1								FALSE	FALSE	FALSE
SRP074887	80	80	80	8	80			FALSE	FALSE	1			20	20	in:treatment=vehicle;in:tissue=tibialis muscle	10	10	FALSE	FALSE	FALSE
SRP075052	12	6	6	3	12			FALSE	FALSE	2			8	8	""	4	4	FALSE	FALSE	TRUE
SRP075053	8	4	4	2	8			FALSE	FALSE	2			8	8	""	4	4	FALSE	FALSE	TRUE
SRP075114	12	12	12	12	12			FALSE	FALSE	1			12	12	""	6	6	FALSE	FALSE	FALSE
SRP075245	10	10	10	10	10			FALSE	FALSE	1								FALSE	FALSE	FALSE
SRP075249	19	19	19	19	19			FALSE	FALSE	1			9	14	in:source_name=primary tumor from hind limb	6	3	FALSE	FALSE	FALSE
SRP075258	9	9	9	3	9			FALSE	FALSE	1								FALSE	FALSE	FALSE
SRP075332	16	8	8	8	16			FALSE	FALSE	2			16	16	""	8	8	FALSE	FALSE	TRUE
SRP075350	15	5	15					FALSE	FALSE	3								FALSE	FALSE	FALSE
SRP075353	13	13	13	13	13			FALSE	FALSE	1								FALSE	FALSE	FALSE
SRP075473	99	99	99	99	99			FALSE	FALSE	1								FALSE	FALSE	FALSE
SRP075541	53	50	50	50	53			FALSE	FALSE	1.06								FALSE	FALSE	FALSE
SRP075573	24	6	6	2	24			FALSE	FALSE	4			24	24	""	12	12	FALSE	FALSE	TRUE
SRP075661	15	15	15	15	15			FALSE	FALSE	1								FALSE	FALSE	FALSE
SRP075761	6	6	6	6	6			FALSE	FALSE	1								FALSE	FALSE	FALSE
SRP075769	12	12	12	4	12			FALSE	FALSE	1			12	12	""	6	6	FALSE	FALSE	FALSE
SRP075814	58	27	27	27	58			FALSE	FALSE	2.148			58	58	""	53	5	FALSE	FALSE	TRUE
SRP075825	10	10	10	3	10			FALSE	FALSE	1			8	8	""	4	4	FALSE	FALSE	FALSE
SRP075833	19	19	19	16	19			FALSE	FALSE	1			12	13	ex:source_name=wt treg + ptxf	5	7	FALSE	FALSE	FALSE
SRP075894	20	3	12					FALSE	FALSE	6.667			14	14	""	7	7	FALSE	FALSE	TRUE
SRP075921	29	29	29	6	29			FALSE	FALSE	1			29	29	""	16	13	FALSE	FALSE	FALSE
SRP075923	112	35	35	35	112			FALSE	FALSE	3.2			112	112	""	64	48	FALSE	FALSE	TRUE
SRP075924	39	25	25	25	39			FALSE	FALSE	1.56			16	16	in:cell type=regulatory t cells	6	10	FALSE	FALSE	FALSE
SRP076018	6	6	6	6	6			FALSE	FALSE	1								FALSE	FALSE	FALSE
SRP076019	163	163	163	163	163			FALSE	FALSE	1			34	34	in:cell type=alveolar macrophages	16	18	FALSE	FALSE	FALSE
SRP076021	12	12	12	12	12			FALSE	FALSE	1			12	12	""	6	6	FALSE	FALSE	FALSE
SRP076034	14	14	14	6	14			FALSE	FALSE	1			7	8	ex:genotype=gfp+	4	3	FALSE	FALSE	FALSE
SRP076158	7	7	7	2	7			FALSE	FALSE	1								FALSE	FALSE	FALSE
SRP076218	178	178	178	178	178			FALSE	FALSE	1			112	112	subj:mouse id number	56	56	TRUE	FALSE	FALSE
SRP076238	6	6	6	2	6			FALSE	FALSE	1								FALSE	FALSE	FALSE
SRP076338	8	8	8	8	8			FALSE	FALSE	1			7	8	""	3	4	FALSE	FALSE	FALSE
SRP076391	15	15	15	15	15			FALSE	FALSE	1			8	8	in:tissue=brown adipose tissue	4	4	FALSE	FALSE	FALSE
SRP076406	12	12	12	12	12			FALSE	FALSE	1			12	12	""	6	6	FALSE	FALSE	FALSE
SRP076416	12	12	12	12	12			FALSE	FALSE	1			8	8	""	4	4	FALSE	FALSE	FALSE
SRP076421	8	8	8	2	8			FALSE	FALSE	1			8	8	""	4	4	FALSE	FALSE	FALSE
SRP076455	16	16	16	16	16			FALSE	FALSE	1			16	16	""	4	12	FALSE	FALSE	FALSE
SRP076491	6	6	6	6	6			FALSE	FALSE	1								FALSE	FALSE	FALSE
SRP076543	8	8	8	8	8			FALSE	FALSE	1			5	8	""	3	2	FALSE	FALSE	FALSE
SRP076557	24	6	6	6	24			FALSE	FALSE	4			24	24	""	12	12	FALSE	FALSE	TRUE
SRP076586	6	6	6	2	6			FALSE	FALSE	1								FALSE	FALSE	FALSE
SRP076703	12	12	12	4	12			FALSE	FALSE	1								FALSE	FALSE	FALSE
SRP076709	6	6	6	6	6			FALSE	FALSE	1								FALSE	FALSE	FALSE
SRP076710	46	46	46	17	46			FALSE	FALSE	1			8	8	in:cell type=cortical excitatory neurons;in:age=6 week	4	4	FALSE	FALSE	FALSE
SRP076721	8	4	4	4	8			FALSE	FALSE	2			7	8	""	4	3	FALSE	FALSE	TRUE
SRP076811	15	15	15	15	15			FALSE	FALSE	1								FALSE	FALSE	FALSE
SRP076817	10	10	10	10	10			FALSE	FALSE	1			10	10	""	5	5	FALSE	FALSE	FALSE
SRP076841	222	194	194	194	222			FALSE	FALSE	1.144			69	69	in:mouse_line_experiment=dok3	37	32	FALSE	FALSE	FALSE
SRP076844	6	6	6	6	6			FALSE	FALSE	1								FALSE	FALSE	FALSE
SRP076866	10	10	10	10	10			FALSE	FALSE	1			10	10	""	5	5	FALSE	FALSE	FALSE
SRP076940	138	96	96	32	138			FALSE	FALSE	1.438			24	24	in:tissue=forelimb	12	12	FALSE	FALSE	FALSE
SRP076942	23	6	6	6	23			FALSE	FALSE	3.833			23	23	""	12	11	FALSE	FALSE	TRUE
SRP077095	36	9	9	9	36			FALSE	FALSE	4			34	36	""	19	15	FALSE	FALSE	TRUE
SRP077214	34	17	17	17	34			FALSE	FALSE	2			18	18	""	10	8	FALSE	FALSE	TRUE
SRP077284	10	10	10	10	10			FALSE	FALSE	1								FALSE	FALSE	FALSE
SRP077480	6	6	6	6	6			FALSE	FALSE	1								FALSE	FALSE	FALSE
SRP077508	20	20	20	20	20			FALSE	FALSE	1			20	20	""	10	10	FALSE	FALSE	FALSE
SRP077634	23	23	23	23	23			FALSE	FALSE	1			19	19	""	9	10	FALSE	FALSE	FALSE
SRP077664	8	8	8	8	8			FALSE	FALSE	1			8	8	""	4	4	FALSE	FALSE	FALSE
SRP077667	21	10	10	3	21			FALSE	FALSE	2.1								FALSE	FALSE	FALSE
SRP077673	38	38	38	16	38			FALSE	FALSE	1			8	10	""	5	3	FALSE	FALSE	FALSE
SRP077714	8	8	8	8	8			FALSE	FALSE	1			8	8	""	4	4	FALSE	FALSE	FALSE
SRP077732	6	6	6	6	6			FALSE	FALSE	1								FALSE	FALSE	FALSE
SRP077734	15	15	15	15	15			FALSE	FALSE	1								FALSE	FALSE	FALSE
SRP077894	6	6	6					FALSE	FALSE	1								FALSE	FALSE	FALSE
SRP077961	12	6	6	6	12			FALSE	FALSE	2			12	12	""	6	6	FALSE	FALSE	TRUE
SRP077994	6	6	6	6	6			FALSE	FALSE	1								FALSE	FALSE	FALSE
SRP078057	6	6	6	6	6			FALSE	FALSE	1								FALSE	FALSE	FALSE
SRP078058	8	8	8	8	8			FALSE	FALSE	1			8	8	""	4	4	FALSE	FALSE	FALSE
SRP078061	12	12	12	4	12			FALSE	FALSE	1			12	12	""	6	6	FALSE	FALSE	FALSE
SRP078062	20	20	20	20	20			FALSE	FALSE	1			10	10	in:primary tissue=brain	5	5	FALSE	FALSE	FALSE
SRP078070	8	8	8	2	8			FALSE	FALSE	1			7	8	""	3	4	FALSE	FALSE	FALSE
SRP078142	6	6	6	6	6			FALSE	FALSE	1								FALSE	FALSE	FALSE
SRP078198	16	16	16	16	16			FALSE	FALSE	1			16	16	""	8	8	FALSE	FALSE	FALSE
SRP078250	64	64	64	64	64			FALSE	FALSE	1			16	64	subj:sampleid	8	8	TRUE	FALSE	FALSE
SRP078270	24	12	12	12	24			FALSE	FALSE	2			24	24	""	12	12	FALSE	FALSE	TRUE
SRP078313	18	18	18	18	18			FALSE	FALSE	1								FALSE	FALSE	FALSE
SRP078340	12	12	12	12	12			FALSE	FALSE	1								FALSE	FALSE	FALSE
SRP078380	64	64	64	64	64			FALSE	FALSE	1			32	64	subj:sampleid	16	16	TRUE	FALSE	FALSE
SRP078432	7	7	7	7	7			FALSE	FALSE	1								FALSE	FALSE	FALSE
SRP078443	6	6	6	6	6			FALSE	FALSE	1								FALSE	FALSE	FALSE
SRP078502	6	6	6	6	6			FALSE	FALSE	1								FALSE	FALSE	FALSE
SRP078563	54	54	54	54	54			FALSE	FALSE	1								FALSE	FALSE	FALSE
SRP078792	6	6	6	6	6			FALSE	FALSE	1								FALSE	FALSE	FALSE
SRP078862	20	14	14	14	20			FALSE	FALSE	1.429			4	14	in:cell type=cd11b+gr1- cells isolated from tumor	3	1	FALSE	FALSE	FALSE
SRP078915	6	6	6	6	6			FALSE	FALSE	1								FALSE	FALSE	FALSE
SRP078916	6	6	6	6	6			FALSE	FALSE	1								FALSE	FALSE	FALSE
SRP078918	88	12	12	12	88			FALSE	FALSE	7.333			44	44	in:cell type=cd4+foxp3+gitrhicd25hi cells	22	22	FALSE	FALSE	TRUE
SRP079140	33	24	24	24	33			FALSE	FALSE	1.375			9	9	in:treatment=saline	5	4	FALSE	FALSE	FALSE
SRP079382	9	9	9	9	9			FALSE	FALSE	1								FALSE	FALSE	FALSE
SRP079693	6	6	6	6	6			FALSE	FALSE	1								FALSE	FALSE	FALSE
SRP079698	16	16	16	16	16			FALSE	FALSE	1			8	8	in:sort=gfp+	4	4	FALSE	FALSE	FALSE
SRP079900	37	37	37	12	37			FALSE	FALSE	1			34	35	ex:infection=none;in:celltype=p14 cd8+ t cells	19	15	FALSE	FALSE	FALSE
SRP080111	6	6	6	2	6			FALSE	FALSE	1								FALSE	FALSE	FALSE
SRP080121	10	10	10	10	10			FALSE	FALSE	1			10	10	""	5	5	FALSE	FALSE	FALSE
SRP080140	17	16	16					FALSE	FALSE	1.062			17	17	""	9	8	FALSE	FALSE	TRUE
SRP080147	19	19	19	8	19			FALSE	FALSE	1			10	10	in:co-culture treatment=d0	5	5	FALSE	FALSE	FALSE
SRP080322	12	12	12	12	12			FALSE	FALSE	1								FALSE	FALSE	FALSE
SRP080323	24	24	24	24	24			FALSE	FALSE	1								FALSE	FALSE	FALSE
SRP080326	29	29	29	29	29			FALSE	FALSE	1			11	11	in:source_name=lsk progenitor cell	5	6	FALSE	FALSE	FALSE
SRP080864	24	24	24	24	24			FALSE	FALSE	1			12	12	in:genotype/variation=wt	6	6	FALSE	FALSE	FALSE
SRP080947	14	14	14	14	14			FALSE	FALSE	1			14	14	""	7	7	FALSE	FALSE	FALSE
SRP080961	72	18	18	18	72			FALSE	FALSE	4			36	36	in:time point=postnatal week 20	16	20	FALSE	FALSE	TRUE
SRP081004	24	24	24	8	24			FALSE	FALSE	1			16	16	ex:source_name=young_wt_hepatocyte;ex:source_name=newborn_wt_hepatocyte	10	6	FALSE	FALSE	FALSE
SRP081081	64	16	16	16	64			FALSE	FALSE	4			24	24	in:infection=infected, klrg1-high	12	12	FALSE	FALSE	TRUE
SRP081089	23	23	23	16	23			FALSE	FALSE	1			21	21	""	4	17	FALSE	FALSE	FALSE
SRP081104	8	8	8	8	8			FALSE	FALSE	1			8	8	""	4	4	FALSE	FALSE	FALSE
SRP081108	30	15	15	15	30			FALSE	FALSE	2			20	20	""	10	10	FALSE	FALSE	TRUE
SRP081141	8	8	8	8	8			FALSE	FALSE	1								FALSE	FALSE	FALSE
SRP081203	8	8	8	4	8			FALSE	FALSE	1			8	8	""	4	4	FALSE	FALSE	FALSE
SRP081207	48	48	48	48	48			FALSE	FALSE	1			12	12	in:tissue=decidua	6	6	FALSE	FALSE	FALSE
SRP081219	14	14	14	14	14			FALSE	FALSE	1			14	14	""	7	7	FALSE	FALSE	FALSE
SRP081242	7	7	7	3	7			FALSE	FALSE	1								FALSE	FALSE	FALSE
SRP081282	14	14	14	14	14			FALSE	FALSE	1								FALSE	FALSE	FALSE
SRP081294	6	6	6	6	6			FALSE	FALSE	1								FALSE	FALSE	FALSE
SRP081443	8	8	8	8	8			FALSE	FALSE	1								FALSE	FALSE	FALSE
SRP081655	20	20	20	20	20			FALSE	FALSE	1								FALSE	FALSE	FALSE
SRP082141	24	12	12	4	24			FALSE	FALSE	2			12	12	in:cell type=b cells	6	6	FALSE	FALSE	FALSE
SRP082142	8	8	8	8	8			FALSE	FALSE	1			8	8	""	4	4	FALSE	FALSE	FALSE
SRP082219	49	49	49	6	49			FALSE	FALSE	1			17	17	in:age=p0	9	8	FALSE	FALSE	FALSE
SRP082273	19	19	19	3	19			FALSE	FALSE	1			9	14	in:treatment=control diet	4	5	FALSE	FALSE	FALSE
SRP082357	16	8	8	3	16			FALSE	FALSE	2			12	12	""	6	6	FALSE	FALSE	TRUE
SRP082367	12	12	12	12	12			FALSE	FALSE	1			12	12	""	6	6	FALSE	FALSE	FALSE
SRP082369	6	6	6	6	6			FALSE	FALSE	1								FALSE	FALSE	FALSE
SRP082377	8	8	8	8	8			FALSE	FALSE	1			8	8	""	4	4	FALSE	FALSE	FALSE
SRP082385	8	8	8	8	8			FALSE	FALSE	1								FALSE	FALSE	FALSE
SRP082451	24	24	24	24	24			FALSE	FALSE	1								FALSE	FALSE	FALSE
SRP082496	6	6	6	6	6			FALSE	FALSE	1								FALSE	FALSE	FALSE
SRP082520	9	3	9	3	9			FALSE	FALSE	3								FALSE	FALSE	FALSE
SRP082562	17	17	17	6	17			FALSE	FALSE	1			17	17	""	11	6	FALSE	FALSE	FALSE
SRP082566	11	11	11	11	11			FALSE	FALSE	1								FALSE	FALSE	FALSE
SRP082572	7	7	7	7	7			FALSE	FALSE	1								FALSE	FALSE	FALSE
SRP082974	24	24	24	24	24			FALSE	FALSE	1			24	24	""	16	8	FALSE	FALSE	FALSE
SRP082980	8	8	8	8	8			FALSE	FALSE	1								FALSE	FALSE	FALSE
SRP082982	31	31	31	31	31			FALSE	FALSE	1			31	31	subj:mouse_behavior_id	16	15	TRUE	FALSE	FALSE
SRP082985	24	24	24	24	24			FALSE	FALSE	1			12	12	""	6	6	FALSE	FALSE	FALSE
SRP083074	40	40	40	40	40			FALSE	FALSE	1			20	20	in:tissue type=total colonic tissue	10	10	FALSE	FALSE	FALSE
SRP083759	8	8	8	8	8			FALSE	FALSE	1			8	8	""	4	4	FALSE	FALSE	FALSE
SRP083760	9	9	9	9	9			FALSE	FALSE	1								FALSE	FALSE	FALSE
SRP083848	8	8	8	8	8			FALSE	FALSE	1								FALSE	FALSE	FALSE
SRP083850	40	40	40					FALSE	FALSE	1			10	10	in:tissue=haematopoietic stem cells (hscs);subj:replicate	5	5	TRUE	FALSE	FALSE
SRP083914	56	56	56	56	56			FALSE	FALSE	1			56	56	""	28	28	FALSE	FALSE	FALSE
SRP083959	16	16	16	16	16			FALSE	FALSE	1								FALSE	FALSE	FALSE
SRP086630	6	6	6	6	6			FALSE	FALSE	1								FALSE	FALSE	FALSE
SRP086702	7	7	7	7	7			FALSE	FALSE	1								FALSE	FALSE	FALSE
SRP087434	36	36	36	36	36			FALSE	FALSE	1			18	18	""	9	9	FALSE	FALSE	FALSE
SRP087440	6	6	6	6	6			FALSE	FALSE	1								FALSE	FALSE	FALSE
SRP087467	6	6	6	6	6			FALSE	FALSE	1								FALSE	FALSE	FALSE
SRP087641	13	7	13	7	13			FALSE	FALSE	1.857								FALSE	FALSE	FALSE
SRP087718	18	18	18	18	18			FALSE	FALSE	1			18	18	""	9	9	FALSE	FALSE	FALSE
SRP087741	24	24	24	24	24			FALSE	FALSE	1			24	24	""	12	12	FALSE	FALSE	FALSE
SRP087889	12	12	12	12	12			FALSE	FALSE	1								FALSE	FALSE	FALSE
SRP087890	8	4	8	2	8			FALSE	FALSE	2			8	8	""	4	4	FALSE	FALSE	TRUE
SRP089713	75	75	75	75	75			FALSE	FALSE	1			18	29	in:tissue=epididymal white adipose tissue	8	10	FALSE	FALSE	FALSE
SRP089776	24	12	12	12	24			FALSE	FALSE	2			9	12	""	6	3	FALSE	FALSE	FALSE
SRP089818	6	6	6	6	6			FALSE	FALSE	1								FALSE	FALSE	FALSE
SRP089860	16	4	4	4	16			FALSE	FALSE	4			16	16	""	8	8	FALSE	FALSE	TRUE
SRP089881	12	12	12	4	12			FALSE	FALSE	1			12	12	""	6	6	FALSE	FALSE	FALSE
SRP089925	6	6	6	6	6			FALSE	FALSE	1								FALSE	FALSE	FALSE
SRP089943	12	6	6	2	12			FALSE	FALSE	2			6	12	""	1	5	FALSE	FALSE	FALSE
SRP089973	8	8	8	4	8			FALSE	FALSE	1			8	8	""	4	4	FALSE	FALSE	FALSE
SRP090022	24	24	24	24	24			FALSE	FALSE	1			24	24	""	12	12	FALSE	FALSE	FALSE
SRP090059	6	6	6	6	6			FALSE	FALSE	1								FALSE	FALSE	FALSE
SRP090064	19	19	19	19	19			FALSE	FALSE	1			19	19	""	11	8	FALSE	FALSE	FALSE
SRP090141	28	28	28	28	28			FALSE	FALSE	1			8	8	""	4	4	FALSE	FALSE	FALSE
SRP090192	31	31	31	31	31			FALSE	FALSE	1			10	10	in:sample type=in vivo	6	4	FALSE	FALSE	FALSE
SRP090281	6	6	6	6	6			FALSE	FALSE	1								FALSE	FALSE	FALSE
SRP090295	24	24	24	24	24			FALSE	FALSE	1			7	8	in:time=day 10	4	3	FALSE	FALSE	FALSE
SRP090301	20	2	2	2	20			FALSE	FALSE	10			20	20	""	10	10	FALSE	FALSE	TRUE
SRP090360	20	20	20	8	20			FALSE	FALSE	1			16	16	""	6	10	FALSE	FALSE	FALSE
SRP090395	23	23	23	3	23			FALSE	FALSE	1			12	15	""	6	6	FALSE	FALSE	FALSE
SRP090397	24	24	24	18	18			FALSE	FALSE	1			12	12	subj:isolate	6	6	TRUE	FALSE	FALSE
SRP090469	8	8	8	8	8			FALSE	FALSE	1			6	8	""	3	3	FALSE	FALSE	FALSE
SRP090476	20	20	20	20	20			FALSE	FALSE	1			8	8	""	4	4	FALSE	FALSE	FALSE
SRP090477	12	12	12	12	12			FALSE	FALSE	1			12	12	""	6	6	FALSE	FALSE	FALSE
SRP090515	12	12	12	12	12			FALSE	FALSE	1			12	12	""	6	6	FALSE	FALSE	FALSE
SRP090558	45	9	9	9	45			FALSE	FALSE	5			30	30	""	15	15	FALSE	FALSE	TRUE
SRP090572	104	8	8	8	104			FALSE	FALSE	13			91	104	""	71	20	FALSE	FALSE	TRUE
SRP090574	8	8	8	8	8			FALSE	FALSE	1			8	8	""	4	4	FALSE	FALSE	FALSE
SRP090688	54	27	27	27	54			FALSE	FALSE	2			54	54	""	48	6	FALSE	FALSE	TRUE
SRP090702	7	7	7	7	7			FALSE	FALSE	1								FALSE	FALSE	FALSE
SRP090729	54	27	27	27	54			FALSE	FALSE	2			54	54	""	48	6	FALSE	FALSE	TRUE
SRP090754	184	46	46	46	184			FALSE	FALSE	4			40	40	in:tissue=splenic white pulp	20	20	FALSE	FALSE	FALSE
SRP090770	48	18	18	4	48			FALSE	FALSE	2.667			37	40	in:source_name=hepatoblastoma tumor	20	17	FALSE	FALSE	TRUE
SRP090789	18	18	18	6	18			FALSE	FALSE	1								FALSE	FALSE	FALSE
SRP090809	17	17	17	6	17			FALSE	FALSE	1								FALSE	FALSE	FALSE
SRP090817	12	12	12	12	12			FALSE	FALSE	1								FALSE	FALSE	FALSE
SRP090822	12	12	12	12	12			FALSE	FALSE	1			12	12	""	6	6	FALSE	FALSE	FALSE
SRP090877	27	27	27	27	27			FALSE	FALSE	1			9	9	in:cell type=ap positive rgc;in:tissue=retina	5	4	FALSE	FALSE	FALSE
SRP090922	12	12	12	12	12			FALSE	FALSE	1			12	12	""	6	6	FALSE	FALSE	FALSE
SRP090924	737	737	737	737	737	mouse id	72	FALSE	TRUE	1	10.236	10.236	21	22	in:source_name=lung;in:experiment id=exp1;subj:mouse id	16	5	TRUE	FALSE	FALSE
SRP090933	6	6	6	6	6			FALSE	FALSE	1								FALSE	FALSE	FALSE
SRP090989	85	80	80	80	85			FALSE	FALSE	1.062			44	44	""	22	22	FALSE	FALSE	FALSE
SRP091317	12	12	12	12	12			FALSE	FALSE	1								FALSE	FALSE	FALSE
SRP091367	17	17	17	17	17			FALSE	FALSE	1								FALSE	FALSE	FALSE
SRP091374	6	6	6	2	6			FALSE	FALSE	1								FALSE	FALSE	FALSE
SRP091388	11	11	11	11	11			FALSE	FALSE	1								FALSE	FALSE	FALSE
SRP091394	8	8	8	8	8			FALSE	FALSE	1			8	8	""	4	4	FALSE	FALSE	FALSE
SRP091437	18	9	9	9	18			FALSE	FALSE	2			18	18	""	6	12	FALSE	FALSE	TRUE
SRP091540	10	10	10	10	10			FALSE	FALSE	1								FALSE	FALSE	FALSE
SRP091665	78	42	42	42	78			FALSE	FALSE	1.857			14	14	in:tissue=testes;ex:tissue=embryonic fibroblasts	6	8	FALSE	FALSE	FALSE
SRP091722	24	24	24	24	24			FALSE	FALSE	1			19	19	""	14	5	FALSE	FALSE	FALSE
SRP091724	6	6	6	6	6			FALSE	FALSE	1								FALSE	FALSE	FALSE
SRP091781	36	36	36	36	36			FALSE	FALSE	1			36	36	""	18	18	FALSE	FALSE	FALSE
SRP091782	12	12	12					FALSE	FALSE	1								FALSE	FALSE	FALSE
SRP091788	16	16	16	16	16			FALSE	FALSE	1			16	16	""	8	8	FALSE	FALSE	FALSE
SRP091793	8	8	8	8	8			FALSE	FALSE	1								FALSE	FALSE	FALSE
SRP091809	9	9	9	2	9			FALSE	FALSE	1								FALSE	FALSE	FALSE
SRP091843	8	4	4	3	8			FALSE	FALSE	2			6	8	""	3	3	FALSE	FALSE	TRUE
SRP091863	16	8	8	8	16			FALSE	FALSE	2			8	8	""	4	4	FALSE	FALSE	FALSE
SRP091872	9	9	9	3	9			FALSE	FALSE	1								FALSE	FALSE	FALSE
SRP091875	92	30	30	10	92			FALSE	FALSE	3.067								FALSE	FALSE	FALSE
SRP091917	12	12	12	4	12			FALSE	FALSE	1								FALSE	FALSE	FALSE
SRP091933	9	9	9	9	9			FALSE	FALSE	1								FALSE	FALSE	FALSE
SRP091938	96	48	48	48	96			FALSE	FALSE	2			32	32	in:age=p30	16	16	FALSE	FALSE	FALSE
SRP091955	12	4	4	4	12			FALSE	FALSE	3								FALSE	FALSE	FALSE
SRP092258	14	14	14	14	14			FALSE	FALSE	1			9	9	""	5	4	FALSE	FALSE	FALSE
SRP092346	96	24	24	24	96			FALSE	FALSE	4			16	24	in:cell population=clp	12	4	FALSE	FALSE	FALSE
SRP092356	6	6	6	6	6			FALSE	FALSE	1								FALSE	FALSE	FALSE
SRP092412	60	18	18	18	60			FALSE	FALSE	3.333			24	24	in:cell type=naive b cell (b220+ fas- gl7-)	12	12	FALSE	FALSE	TRUE
SRP092427	6	6	6	6	6			FALSE	FALSE	1								FALSE	FALSE	FALSE
SRP092442	54	27	27	27	54			FALSE	FALSE	2			54	54	""	48	6	FALSE	FALSE	TRUE
SRP092451	47	47	47	47	47			FALSE	FALSE	1			35	35	ex:cell subpopulation=nccprogenitors	12	23	FALSE	FALSE	FALSE
SRP092472	6	6	6	6	6			FALSE	FALSE	1								FALSE	FALSE	FALSE
SRP092532	15	15	15	15	15			FALSE	FALSE	1			13	15	""	9	4	FALSE	FALSE	FALSE
SRP092537	12	12	12	12	12			FALSE	FALSE	1								FALSE	FALSE	FALSE
SRP092552	90	90	90	21	90			FALSE	FALSE	1			16	16	in:tissue=striatum;in:treatment=vehicle	7	9	FALSE	FALSE	FALSE
SRP092644	12	12	12	12	12			FALSE	FALSE	1			12	12	""	6	6	FALSE	FALSE	FALSE
SRP092799	24	24	24	24	24			FALSE	FALSE	1			12	12	""	6	6	FALSE	FALSE	FALSE
SRP092900	20	20	20	6	20			FALSE	FALSE	1			5	8	in:cell type=fap	4	1	FALSE	FALSE	FALSE
SRP092906	14	14	14	14	14			FALSE	FALSE	1								FALSE	FALSE	FALSE
SRP093175	6	6	6	6	6			FALSE	FALSE	1								FALSE	FALSE	FALSE
SRP093233	6	6	6	6	6			FALSE	FALSE	1								FALSE	FALSE	FALSE
SRP093237	24	24	24	8	24			FALSE	FALSE	1								FALSE	FALSE	FALSE
SRP093260	12	12	12	6	12			FALSE	FALSE	1			6	8	""	4	2	FALSE	FALSE	FALSE
SRP093261	6	6	6	6	6			FALSE	FALSE	1								FALSE	FALSE	FALSE
SRP093269	14	14	14	14	14			FALSE	FALSE	1								FALSE	FALSE	FALSE
SRP093280	6	6	6	2	6			FALSE	FALSE	1								FALSE	FALSE	FALSE
SRP093283	15	15	15	15	15			FALSE	FALSE	1			9	12	in:tissue=liver tumor	4	5	FALSE	FALSE	FALSE
SRP093288	187	163	163	163	187			FALSE	FALSE	1.147			58	58	ex:source_name=ventral tegmental area (brain);in:source_name=nac	29	29	FALSE	FALSE	FALSE
SRP093302	24	24	24	24	24			FALSE	FALSE	1			15	15	""	10	5	FALSE	FALSE	FALSE
SRP093326	20	20	20	20	20			FALSE	FALSE	1			10	10	in:treatment=vehicle treatment	5	5	FALSE	FALSE	FALSE
SRP093363	12	12	12					FALSE	FALSE	1								FALSE	FALSE	FALSE
SRP093615	54	27	27	27	54			FALSE	FALSE	2			54	54	""	48	6	FALSE	FALSE	TRUE
SRP093627	6	6	6	2	6			FALSE	FALSE	1								FALSE	FALSE	FALSE
SRP093638	54	21	21	21	54			FALSE	FALSE	2.571			19	19	""	9	10	FALSE	FALSE	FALSE
SRP093645	22	22	22	22	22			FALSE	FALSE	1			22	22	""	12	10	FALSE	FALSE	FALSE
SRP093647	24	24	24	7	24			FALSE	FALSE	1								FALSE	FALSE	FALSE
SRP093648	24	20	24	5	24			FALSE	FALSE	1.2			20	24	subj:isolate	12	8	TRUE	FALSE	FALSE
SRP093668	15	15	15	15	15			FALSE	FALSE	1								FALSE	FALSE	FALSE
SRP093733	24	24	24	24	24	donorid	6	FALSE	TRUE	1	4	4						FALSE	FALSE	FALSE
SRP093745	6	6	6	6	6			FALSE	FALSE	1								FALSE	FALSE	FALSE
SRP093797	22	22	22	22	22			FALSE	FALSE	1								FALSE	FALSE	FALSE
SRP093818	6	6	6	6	6			FALSE	FALSE	1								FALSE	FALSE	FALSE
SRP093835	41	41	41	15	41			FALSE	FALSE	1								FALSE	FALSE	FALSE
SRP093912	41	41	41	41	41			FALSE	FALSE	1			18	18	""	9	9	FALSE	FALSE	FALSE
SRP093925	26	16	16	16	26			FALSE	FALSE	1.625			23	23	""	13	10	FALSE	FALSE	TRUE
SRP094023	32	6	32					FALSE	FALSE	5.333			32	32	""	16	16	FALSE	FALSE	TRUE
SRP094057	10	10	10	2	10			FALSE	FALSE	1			10	10	""	5	5	FALSE	FALSE	FALSE
SRP094068	61	61	61	61	61			FALSE	FALSE	1			54	54	in:treatment=water control	35	19	FALSE	FALSE	FALSE
SRP094101	6	6	6	6	6			FALSE	FALSE	1								FALSE	FALSE	FALSE
SRP094108	277	277	277	277	277			FALSE	FALSE	1			71	71	in:tissue=hippocampus	35	36	FALSE	FALSE	FALSE
SRP094428	8	8	8	8	8			FALSE	FALSE	1			8	8	""	4	4	FALSE	FALSE	FALSE
SRP094485	12	12	12	12	12			FALSE	FALSE	1								FALSE	FALSE	FALSE
SRP094547	8	8	8	4	8			FALSE	FALSE	1			8	8	""	4	4	FALSE	FALSE	FALSE
SRP094566	8	8	8	2	8			FALSE	FALSE	1			8	8	""	4	4	FALSE	FALSE	FALSE
SRP094567	30	30	30	30	30			FALSE	FALSE	1			30	30	""	15	15	FALSE	FALSE	FALSE
SRP094569	6	6	6	6	6			FALSE	FALSE	1								FALSE	FALSE	FALSE
SRP094570	27	27	27	27	27			FALSE	FALSE	1			14	14	in:source_name=prostate	10	4	FALSE	FALSE	FALSE
SRP094587	53	9	9	9	53			FALSE	FALSE	5.889			34	35	in:tissue=brain meninges	16	18	FALSE	FALSE	TRUE
SRP094627	32	32	32	32	32			FALSE	FALSE	1			16	16	""	8	8	FALSE	FALSE	FALSE
SRP094648	8	8	8	8	8			FALSE	FALSE	1			8	8	""	4	4	FALSE	FALSE	FALSE
SRP094656	8	8	8	8	8			FALSE	FALSE	1			8	8	""	4	4	FALSE	FALSE	FALSE
SRP094678	15	15	15	15	15			FALSE	FALSE	1			15	15	subj:isolate	8	7	TRUE	FALSE	FALSE
SRP094696	16	16	16	4	16			FALSE	FALSE	1			16	16	""	8	8	FALSE	FALSE	FALSE
SRP094700	6	6	6	6	6			FALSE	FALSE	1								FALSE	FALSE	FALSE
SRP094736	20	20	20					FALSE	FALSE	1			10	10	""	5	5	FALSE	FALSE	FALSE
SRP094777	6	6	6	2	6			FALSE	FALSE	1								FALSE	FALSE	FALSE
SRP094779	57	57	57					FALSE	FALSE	1			57	57	""	28	29	FALSE	FALSE	FALSE
SRP094796	64	64	64	64	64			FALSE	FALSE	1			30	30	in:tissue=iwat	13	17	FALSE	FALSE	FALSE
SRP094831	24	6	6	2	24			FALSE	FALSE	4			24	24	""	12	12	FALSE	FALSE	TRUE
SRP094853	48	48	48	48	48			FALSE	FALSE	1			15	19	in:cell type=microglia	9	6	FALSE	FALSE	FALSE
SRP094855	14	7	7	7	14			FALSE	FALSE	2								FALSE	FALSE	FALSE
SRP094864	36	36	36	36	36			FALSE	FALSE	1			12	12	in:tissue=brain (adult nucleus accumbens)	6	6	FALSE	FALSE	FALSE
SRP094897	8	8	8	2	8			FALSE	FALSE	1			8	8	""	4	4	FALSE	FALSE	FALSE
SRP094952	15	15	15	15	15			FALSE	FALSE	1			10	11	""	5	5	FALSE	FALSE	FALSE
SRP094984	22	22	22	22	22			FALSE	FALSE	1								FALSE	FALSE	FALSE
SRP095064	18	18	18	6	18			FALSE	FALSE	1			18	18	""	9	9	FALSE	FALSE	FALSE
SRP095091	18	18	18	6	18			FALSE	FALSE	1			18	18	""	9	9	FALSE	FALSE	FALSE
SRP095117	8	8	8	8	8			FALSE	FALSE	1			8	8	""	4	4	FALSE	FALSE	FALSE
SRP095184	6	6	6	6	6			FALSE	FALSE	1								FALSE	FALSE	FALSE
SRP095191	180	45	45	45	180			FALSE	FALSE	4			96	96	in:cell type=total homogenate	48	48	FALSE	FALSE	TRUE
SRP095235	12	12	12	12	12			FALSE	FALSE	1			12	12	""	6	6	FALSE	FALSE	FALSE
SRP095239	62	45	45	14	62			FALSE	FALSE	1.378								FALSE	FALSE	FALSE
SRP095348	24	24	24	24	24			FALSE	FALSE	1								FALSE	FALSE	FALSE
SRP095370	6	6	6	6	6			FALSE	FALSE	1								FALSE	FALSE	FALSE
SRP095406	6	6	6	6	6			FALSE	FALSE	1								FALSE	FALSE	FALSE
SRP095488	29	29	29	29	29			FALSE	FALSE	1								FALSE	FALSE	FALSE
SRP095528	6	6	6	6	6			FALSE	FALSE	1								FALSE	FALSE	FALSE
SRP095547	6	6	6	6	6			FALSE	FALSE	1								FALSE	FALSE	FALSE
SRP095599	6	6	6	6	6			FALSE	FALSE	1								FALSE	FALSE	FALSE
SRP095617	188	32	32	10	188			FALSE	FALSE	5.875			52	52	in:age=post natal day 14	28	24	FALSE	FALSE	TRUE
SRP095733	16	16	16	16	16			FALSE	FALSE	1			4	8	""	3	1	FALSE	FALSE	FALSE
SRP095735	15	15	15	15	15			FALSE	FALSE	1								FALSE	FALSE	FALSE
SRP095766	16	16	16	16	16			FALSE	FALSE	1			16	16	""	8	8	FALSE	FALSE	FALSE
SRP095811	18	8	8	8	18			FALSE	FALSE	2.25			17	18	""	6	11	FALSE	FALSE	TRUE
SRP095812	6	6	6					FALSE	FALSE	1								FALSE	FALSE	FALSE
SRP095851	21	16	16	4	21			FALSE	FALSE	1.312			14	14	ex:genotype=xist +/cag	9	5	FALSE	FALSE	FALSE
SRP095855	18	18	18	18	18			FALSE	FALSE	1			15	18	""	7	8	FALSE	FALSE	FALSE
SRP095936	8	8	8	2	8			FALSE	FALSE	1			8	8	""	4	4	FALSE	FALSE	FALSE
SRP096024	15	15	15	15	15			FALSE	FALSE	1			10	10	""	5	5	FALSE	FALSE	FALSE
SRP096052	20	20	20	20	20			FALSE	FALSE	1			15	20	""	11	4	FALSE	FALSE	FALSE
SRP096113	9	9	9	9	9			FALSE	FALSE	1			9	9	subj:samid	5	4	TRUE	FALSE	FALSE
SRP096116	12	12	12	12	12			FALSE	FALSE	1			12	12	""	6	6	FALSE	FALSE	FALSE
SRP096126	20	20	20	6	20			FALSE	FALSE	1			8	8	in:age=24 months;in:source_name=visceral adipose tissue (vat)	4	4	FALSE	FALSE	FALSE
SRP096162	12	12	12	12	12			FALSE	FALSE	1			12	12	""	6	6	FALSE	FALSE	FALSE
SRP096254	8	8	8	8	8			FALSE	FALSE	1			8	8	""	4	4	FALSE	FALSE	FALSE
SRP096324	8	8	8	4	8			FALSE	FALSE	1								FALSE	FALSE	FALSE
SRP096336	6	6	6	2	6			FALSE	FALSE	1								FALSE	FALSE	FALSE
SRP096342	6	6	6	2	6			FALSE	FALSE	1								FALSE	FALSE	FALSE
SRP096355	9	9	9	3	9			FALSE	FALSE	1								FALSE	FALSE	FALSE
SRP096374	6	6	6	6	6			FALSE	FALSE	1								FALSE	FALSE	FALSE
SRP096571	24	12	12	3	24			FALSE	FALSE	2			16	16	ex:source_name=wt	8	8	FALSE	FALSE	TRUE
SRP096580	18	18	18	18	18			FALSE	FALSE	1			12	12	""	6	6	FALSE	FALSE	FALSE
SRP096655	12	12	12	6	12			FALSE	FALSE	1			8	8	in:fraction=total rna	4	4	FALSE	FALSE	FALSE
SRP096690	9	9	9	9	9			FALSE	FALSE	1								FALSE	FALSE	FALSE
SRP096721	154	154	154	154	154			FALSE	FALSE	1			28	28	""	8	20	FALSE	FALSE	FALSE
SRP096738	12	12	12	12	12			FALSE	FALSE	1			8	8	""	4	4	FALSE	FALSE	FALSE
SRP096779	6	6	6					FALSE	FALSE	1								FALSE	FALSE	FALSE
SRP096821	6	6	6	6	6			FALSE	FALSE	1								FALSE	FALSE	FALSE
SRP096851	13	13	13	13	13			FALSE	FALSE	1								FALSE	FALSE	FALSE
SRP096963	18	18	18	18	18			FALSE	FALSE	1			11	12	in:cell type=peritoneal cavity b-1a cells	5	6	FALSE	FALSE	FALSE
SRP096968	6	6	6	6	6			FALSE	FALSE	1								FALSE	FALSE	FALSE
SRP096977	33	33	33	33	33			FALSE	FALSE	1								FALSE	FALSE	FALSE
SRP096988	6	6	6	6	6			FALSE	FALSE	1								FALSE	FALSE	FALSE
SRP096989	18	18	18	18	18			FALSE	FALSE	1			18	18	""	9	9	FALSE	FALSE	FALSE
SRP097576	10	10	10	10	10			FALSE	FALSE	1			10	10	""	5	5	FALSE	FALSE	FALSE
SRP097585	24	12	12	12	24			FALSE	FALSE	2			24	24	""	12	12	FALSE	FALSE	TRUE
SRP097621	10	10	10	10	10			FALSE	FALSE	1			9	10	""	5	4	FALSE	FALSE	FALSE
SRP097635	9	9	9	9	9			FALSE	FALSE	1								FALSE	FALSE	FALSE
SRP097644	12	12	12	12	12			FALSE	FALSE	1								FALSE	FALSE	FALSE
SRP097685	12	12	12	4	12			FALSE	FALSE	1								FALSE	FALSE	FALSE
SRP097740	9	9	9	9	9			FALSE	FALSE	1								FALSE	FALSE	FALSE
SRP097755	6	6	6					FALSE	FALSE	1								FALSE	FALSE	FALSE
SRP097866	11	6	6	2	11			FALSE	FALSE	1.833			11	11	""	5	6	FALSE	FALSE	TRUE
SRP097921	160	40	40	40	160			FALSE	FALSE	4			120	120	""	40	80	FALSE	FALSE	TRUE
SRP098045	36	36	36	36	36			FALSE	FALSE	1			36	36	""	12	24	FALSE	FALSE	FALSE
SRP098205	32	32	32	32	32			FALSE	FALSE	1			8	8	in:tissue=intestine (bottom)	4	4	FALSE	FALSE	FALSE
SRP098206	7	7	7	7	7			FALSE	FALSE	1								FALSE	FALSE	FALSE
SRP098558	12	6	6	6	12			FALSE	FALSE	2			12	12	""	6	6	FALSE	FALSE	TRUE
SRP098559	24	8	8	8	24			FALSE	FALSE	3			24	24	""	12	12	FALSE	FALSE	TRUE
SRP098606	24	6	6	6	24			FALSE	FALSE	4			24	24	""	12	12	FALSE	FALSE	TRUE
SRP098626	20	20	20	4	20			FALSE	FALSE	1			20	20	""	10	10	FALSE	FALSE	FALSE
SRP098654	32	6	6	6	32			FALSE	FALSE	5.333			32	32	""	20	12	FALSE	FALSE	TRUE
SRP098702	6	6	6	6	6			FALSE	FALSE	1								FALSE	FALSE	FALSE
SRP098703	6	6	6	2	6			FALSE	FALSE	1								FALSE	FALSE	FALSE
SRP098725	30	30	30	30	30			FALSE	FALSE	1			30	30	""	15	15	FALSE	FALSE	FALSE
SRP098754	6	6	6	2	6			FALSE	FALSE	1								FALSE	FALSE	FALSE
SRP098816	21	21	21	21	21			FALSE	FALSE	1			21	21	""	6	15	FALSE	FALSE	FALSE
SRP098901	6	6	6	2	6			FALSE	FALSE	1								FALSE	FALSE	FALSE
SRP098902	6	6	6	6	6			FALSE	FALSE	1								FALSE	FALSE	FALSE
SRP098918	12	12	12	12	12			FALSE	FALSE	1			12	12	""	6	6	FALSE	FALSE	FALSE
SRP098927	917	92	92	92	917			FALSE	FALSE	9.967			180	180	in:prostate lobe=ap	130	50	FALSE	FALSE	TRUE
SRP098941	12	12	12	12	12			FALSE	FALSE	1								FALSE	FALSE	FALSE
SRP098946	73	73	73	73	73			FALSE	FALSE	1			33	35	in:sample type=tissue	27	6	FALSE	FALSE	FALSE
SRP098987	18	18	18	6	18			FALSE	FALSE	1			12	12	""	6	6	FALSE	FALSE	FALSE
SRP099054	12	6	6	6	12			FALSE	FALSE	2								FALSE	FALSE	FALSE
SRP099065	8	8	8	8	8			FALSE	FALSE	1			7	8	""	3	4	FALSE	FALSE	FALSE
SRP099072	12	12	12	12	12			FALSE	FALSE	1			7	8	""	4	3	FALSE	FALSE	FALSE
SRP099105	16	16	16	4	16			FALSE	FALSE	1			8	8	""	4	4	FALSE	FALSE	FALSE
SRP099194	18	18	18	18	18			FALSE	FALSE	1			12	12	""	6	6	FALSE	FALSE	FALSE
SRP099204	32	16	16	16	32			FALSE	FALSE	2			16	16	""	8	8	FALSE	FALSE	FALSE
SRP099218	8	8	8	8	8			FALSE	FALSE	1			8	8	""	4	4	FALSE	FALSE	FALSE
SRP099232	16	4	4	4	16			FALSE	FALSE	4			15	16	""	8	7	FALSE	FALSE	TRUE
SRP099234	15	15	15	15	15			FALSE	FALSE	1			15	15	""	8	7	FALSE	FALSE	FALSE
SRP099303	10	10	10	10	10			FALSE	FALSE	1								FALSE	FALSE	FALSE
SRP099414	12	12	12	4	12			FALSE	FALSE	1								FALSE	FALSE	FALSE
SRP099448	40	40	40	40	40			FALSE	FALSE	1			28	28	in:age=18-20 months	16	12	FALSE	FALSE	FALSE
SRP099497	10	10	10	10	10			FALSE	FALSE	1			10	10	""	5	5	FALSE	FALSE	FALSE
SRP099567	8	8	8	8	8			FALSE	FALSE	1			7	8	""	4	3	FALSE	FALSE	FALSE
SRP099579	7	7	7	2	7			FALSE	FALSE	1								FALSE	FALSE	FALSE
SRP099592	32	32	32	1	32			FALSE	FALSE	1			32	32	""	16	16	FALSE	FALSE	FALSE
SRP099609	30	30	30	29	30			FALSE	FALSE	1			20	20	in:treatment=vehicle;subj:unique attribute	10	10	TRUE	FALSE	FALSE
SRP099677	52	20	20	20	52			FALSE	FALSE	2.6			18	18	in:age=4-5 week old;in:tissue=skin epidermis	9	9	FALSE	FALSE	FALSE
SRP099692	12	12	12	12	12			FALSE	FALSE	1			8	12	""	3	5	FALSE	FALSE	FALSE
SRP099841	12	12	12	12	12			FALSE	FALSE	1			7	8	""	3	4	FALSE	FALSE	FALSE
SRP099973	8	8	8	1	8			FALSE	FALSE	1			8	8	""	4	4	FALSE	FALSE	FALSE
SRP100019	10	10	10	10	10			FALSE	FALSE	1								FALSE	FALSE	FALSE
SRP100030	10	10	10	10	10			FALSE	FALSE	1			10	10	""	5	5	FALSE	FALSE	FALSE
SRP100060	16	16	16	16	16			FALSE	FALSE	1			16	16	""	8	8	FALSE	FALSE	FALSE
SRP100075	8	8	8	8	8			FALSE	FALSE	1								FALSE	FALSE	FALSE
SRP100248	14	14	14	14	14			FALSE	FALSE	1			7	8	in:tissue=cortex	4	3	FALSE	FALSE	FALSE
SRP100462	8	8	8	8	8			FALSE	FALSE	1			8	8	""	4	4	FALSE	FALSE	FALSE
SRP100466	64	64	64	64	64			FALSE	FALSE	1			63	64	""	32	31	FALSE	FALSE	FALSE
SRP100496	9	9	9	1	9			FALSE	FALSE	1								FALSE	FALSE	FALSE
SRP100512	15	15	15	4	15			FALSE	FALSE	1			7	8	""	3	4	FALSE	FALSE	FALSE
SRP100615	6	6	6	6	6			FALSE	FALSE	1								FALSE	FALSE	FALSE
SRP100651	12	12	12	4	12			FALSE	FALSE	1			12	12	""	6	6	FALSE	FALSE	FALSE
SRP100676	12	6	6	2	12			FALSE	FALSE	2			12	12	""	6	6	FALSE	FALSE	TRUE
SRP100679	6	6	6	2	6			FALSE	FALSE	1								FALSE	FALSE	FALSE
SRP100697	24	6	6	6	24			FALSE	FALSE	4			24	24	""	12	12	FALSE	FALSE	TRUE
SRP100753	32	16	16	16	32			FALSE	FALSE	2			10	12	""	6	4	FALSE	FALSE	FALSE
SRP100777	66	66	66	66	66			FALSE	FALSE	1								FALSE	FALSE	FALSE
SRP100778	12	12	12	12	12			FALSE	FALSE	1								FALSE	FALSE	FALSE
SRP100841	12	12	12	12	12			FALSE	FALSE	1			12	12	""	6	6	FALSE	FALSE	FALSE
SRP100848	49	49	49	49	49			FALSE	FALSE	1			8	9	in:sample type=in vivo sample;in:cell type=gc b cell	4	4	FALSE	FALSE	FALSE
SRP100881	34	34	34	7	34			FALSE	FALSE	1			14	16	""	3	11	FALSE	FALSE	FALSE
SRP100902	6	6	6	6	6			FALSE	FALSE	1								FALSE	FALSE	FALSE
SRP100954	12	12	12	3	12			FALSE	FALSE	1			8	8	""	4	4	FALSE	FALSE	FALSE
SRP100979	24	24	24	12	24			FALSE	FALSE	1			12	12	""	6	6	FALSE	FALSE	FALSE
SRP101279	8	8	8	4	8			FALSE	FALSE	1								FALSE	FALSE	FALSE
SRP101281	12	12	12	12	12			FALSE	FALSE	1								FALSE	FALSE	FALSE
SRP101363	22	22	22	22	22			FALSE	FALSE	1			8	8	""	4	4	FALSE	FALSE	FALSE
SRP101368	7	7	7	7	7			FALSE	FALSE	1								FALSE	FALSE	FALSE
SRP101373	24	24	24	24	24			FALSE	FALSE	1			8	12	in:cell type=epithelia	6	2	FALSE	FALSE	FALSE
SRP101444	8	8	8	8	8			FALSE	FALSE	1			8	8	""	4	4	FALSE	FALSE	FALSE
SRP101453	20	20	20	4	20			FALSE	FALSE	1			10	10	in:source_name=whole tissue from dorsal dentate gyrus in mouse	5	5	FALSE	FALSE	FALSE
SRP101460	128	64	64	64	128			FALSE	FALSE	2			32	32	in:cell type=cardiomyocyte	16	16	FALSE	FALSE	FALSE
SRP101495	15	15	15	15	15			FALSE	FALSE	1								FALSE	FALSE	FALSE
SRP101501	24	24	24	24	24			FALSE	FALSE	1			12	12	in:genotype/variation=shp2 ko in hepatocytes	6	6	FALSE	FALSE	FALSE
SRP101577	10	10	10	10	10			FALSE	FALSE	1			10	10	""	5	5	FALSE	FALSE	FALSE
SRP101579	45	15	15	15	45			FALSE	FALSE	3			26	30	""	15	11	FALSE	FALSE	TRUE
SRP101617	24	12	12	12	24			FALSE	FALSE	2			18	24	""	7	11	FALSE	FALSE	TRUE
SRP101665	12	12	12	12	12			FALSE	FALSE	1								FALSE	FALSE	FALSE
SRP101667	20	20	20	20	20			FALSE	FALSE	1								FALSE	FALSE	FALSE
SRP101670	9	9	9	9	9			FALSE	FALSE	1								FALSE	FALSE	FALSE
SRP101724	8	8	8	3	8			FALSE	FALSE	1								FALSE	FALSE	FALSE
SRP101732	6	6	6	6	6			FALSE	FALSE	1								FALSE	FALSE	FALSE
SRP101746	16	16	16	16	16			FALSE	FALSE	1			16	16	""	8	8	FALSE	FALSE	FALSE
SRP101755	40	40	40	10	40			FALSE	FALSE	1								FALSE	FALSE	FALSE
SRP101802	12	4	4	4	12			FALSE	FALSE	3								FALSE	FALSE	FALSE
SRP101855	16	16	16	16	16			FALSE	FALSE	1								FALSE	FALSE	FALSE
SRP101865	9	9	9	9	9			FALSE	FALSE	1			4	9	""	2	2	FALSE	FALSE	FALSE
SRP101878	18	18	18	7	18			FALSE	FALSE	1			12	12	in:source_name=bone marrow;ex:source_name=immortalized myeloid progenitor cell line	6	6	FALSE	FALSE	FALSE
SRP101949	24	6	6	6	24			FALSE	FALSE	4			24	24	""	12	12	FALSE	FALSE	TRUE
SRP101985	32	16	16	16	32			FALSE	FALSE	2			30	32	""	14	16	FALSE	FALSE	TRUE
SRP101986	12	12	12	12	12			FALSE	FALSE	1			8	8	""	4	4	FALSE	FALSE	FALSE
SRP101991	16	8	8	2	16			FALSE	FALSE	2			16	16	""	8	8	FALSE	FALSE	TRUE
SRP101992	24	24	24	24	24			FALSE	FALSE	1								FALSE	FALSE	FALSE
SRP102003	47	47	47	47	47			FALSE	FALSE	1								FALSE	FALSE	FALSE
SRP102009	47	14	47					FALSE	FALSE	3.357								FALSE	FALSE	FALSE
SRP102037	6	6	6	6	6			FALSE	FALSE	1								FALSE	FALSE	FALSE
SRP102075	30	15	15	15	30			FALSE	FALSE	2			10	18	""	5	5	FALSE	FALSE	FALSE
SRP102208	14	14	14	14	14			FALSE	FALSE	1			14	14	subj:replicate	9	5	TRUE	FALSE	FALSE
SRP102241	45	45	45	45	45			FALSE	FALSE	1			23	23	in:tissue=spinal cord	16	7	FALSE	FALSE	FALSE
SRP102246	7	7	7	7	7			FALSE	FALSE	1								FALSE	FALSE	FALSE
SRP102285	6	6	6	6	6			FALSE	FALSE	1								FALSE	FALSE	FALSE
SRP102294	12	12	12					FALSE	FALSE	1								FALSE	FALSE	FALSE
SRP102352	22	22	22	22	22			FALSE	FALSE	1			22	22	""	11	11	FALSE	FALSE	FALSE
SRP102360	16	16	16	16	16			FALSE	FALSE	1			16	16	""	8	8	FALSE	FALSE	FALSE
SRP102398	9	9	9	9	9			FALSE	FALSE	1								FALSE	FALSE	FALSE
SRP102411	6	6	6					FALSE	FALSE	1								FALSE	FALSE	FALSE
SRP102448	6	6	6	6	6			FALSE	FALSE	1								FALSE	FALSE	FALSE
SRP102453	10	10	10	2	10			FALSE	FALSE	1			10	10	""	5	5	FALSE	FALSE	FALSE
SRP102454	69	69	69	69	69			FALSE	FALSE	1			69	69	""	35	34	FALSE	FALSE	FALSE
SRP102527	11	11	11	11	11			FALSE	FALSE	1			8	8	subj:source_name	4	4	TRUE	FALSE	FALSE
SRP102529	24	24	24	24	24			FALSE	FALSE	1								FALSE	FALSE	FALSE
SRP102553	35	35	35	35	35	mouse	35	FALSE	TRUE	1	1	1	35	35	subj:mouse	18	17	TRUE	FALSE	FALSE
SRP102617	24	12	12	12	24			FALSE	FALSE	2			12	12	""	6	6	FALSE	FALSE	FALSE
SRP102687	6	6	6	6	6			FALSE	FALSE	1								FALSE	FALSE	FALSE
SRP102696	16	16	16	16	16			FALSE	FALSE	1			8	8	in:source_name=hippocampus	4	4	FALSE	FALSE	FALSE
SRP102713	8	8	8	3	8			FALSE	FALSE	1								FALSE	FALSE	FALSE
SRP102786	24	6	6	6	24			FALSE	FALSE	4			24	24	""	12	12	FALSE	FALSE	TRUE
SRP102789	11	11	11	11	11			FALSE	FALSE	1			7	9	ex:genotype=gna11 q209l	3	4	FALSE	FALSE	FALSE
SRP102793	10	10	10	10	10			FALSE	FALSE	1								FALSE	FALSE	FALSE
SRP102799	6	6	6	6	6			FALSE	FALSE	1								FALSE	FALSE	FALSE
SRP102894	9	9	9	2	9			FALSE	FALSE	1			9	9	""	5	4	FALSE	FALSE	FALSE
SRP102915	20	20	20	20	20			FALSE	FALSE	1								FALSE	FALSE	FALSE
SRP103019	6	6	6	2	6			FALSE	FALSE	1								FALSE	FALSE	FALSE
SRP103117	8	8	8	4	8			FALSE	FALSE	1			8	8	""	4	4	FALSE	FALSE	FALSE
SRP103126	24	6	6	6	24			FALSE	FALSE	4			24	24	""	12	12	FALSE	FALSE	TRUE
SRP103214	108	27	27	10	108			FALSE	FALSE	4			20	20	in:cell type=pro-b	8	12	FALSE	FALSE	FALSE
SRP103215	9	9	9	9	9			FALSE	FALSE	1			9	9	""	4	5	FALSE	FALSE	FALSE
SRP103751	24	19	19	19	24			FALSE	FALSE	1.263			24	24	""	12	12	FALSE	FALSE	TRUE
SRP103754	6	6	6	6	6			FALSE	FALSE	1								FALSE	FALSE	FALSE
SRP103813	8	8	8	8	8			FALSE	FALSE	1			5	8	""	2	3	FALSE	FALSE	FALSE
SRP103859	6	2	2	2	6			FALSE	FALSE	3								FALSE	FALSE	FALSE
SRP103871	6	6	6	6	6			FALSE	FALSE	1								FALSE	FALSE	FALSE
SRP103874	6	6	6	6	6			FALSE	FALSE	1								FALSE	FALSE	FALSE
SRP103922	8	8	8	8	8			FALSE	FALSE	1			8	8	""	4	4	FALSE	FALSE	FALSE
SRP103932	22	22	22	22	22			FALSE	FALSE	1			22	22	""	11	11	FALSE	FALSE	FALSE
SRP103939	6	6	6	6	6			FALSE	FALSE	1								FALSE	FALSE	FALSE
SRP104153	18	18	18	18	18			FALSE	FALSE	1			16	18	""	8	8	FALSE	FALSE	FALSE
SRP104179	45	45	45	45	45			FALSE	FALSE	1			14	15	in:source_name=treg;in:tissue=tumor	9	5	FALSE	FALSE	FALSE
SRP104275	12	6	6	6	12			FALSE	FALSE	2			12	12	""	6	6	FALSE	FALSE	TRUE
SRP104319	18	18	18	18	18			FALSE	FALSE	1			18	18	""	9	9	FALSE	FALSE	FALSE
SRP104440	54	18	18	18	54			FALSE	FALSE	3			18	18	in:postnatal age=2-day-old	9	9	FALSE	FALSE	FALSE
SRP104505	48	12	12	12	48			FALSE	FALSE	4			24	24	""	12	12	FALSE	FALSE	TRUE
SRP104670	48	48	48	48	48			FALSE	FALSE	1			24	24	in:tissue=total liver	12	12	FALSE	FALSE	FALSE
SRP104987	6	6	6	2	6			FALSE	FALSE	1								FALSE	FALSE	FALSE
SRP105097	24	24	24	24	24			FALSE	FALSE	1			12	12	in:tissue=gonadal adipose tissue	6	6	FALSE	FALSE	FALSE
SRP105147	15	15	15					FALSE	FALSE	1								FALSE	FALSE	FALSE
SRP105166	46	46	46	46	46			FALSE	FALSE	1			17	21	in:source_name=freshly isolated brain microglia	7	10	FALSE	FALSE	FALSE
SRP105178	12	12	12	12	12			FALSE	FALSE	1								FALSE	FALSE	FALSE
SRP105208	8	8	8	8	8			FALSE	FALSE	1			8	8	""	4	4	FALSE	FALSE	FALSE
SRP105268	10	10	10	10	10			FALSE	FALSE	1			10	10	""	5	5	FALSE	FALSE	FALSE
SRP105321	12	12	12	12	12			FALSE	FALSE	1			9	12	""	6	3	FALSE	FALSE	FALSE
SRP105344	16	16	16	16	16			FALSE	FALSE	1			16	16	""	8	8	FALSE	FALSE	FALSE
SRP105358	9	9	9	3	9			FALSE	FALSE	1								FALSE	FALSE	FALSE
SRP105534	8	8	8	2	8			FALSE	FALSE	1			8	8	""	4	4	FALSE	FALSE	FALSE
SRP105803	15	15	15	15	15			FALSE	FALSE	1			10	10	""	5	5	FALSE	FALSE	FALSE
SRP106009	64	16	16	16	64			FALSE	FALSE	4			40	40	in:infection=zikv ivag e5.5	20	20	FALSE	FALSE	TRUE
SRP106055	11	11	11	4	11			FALSE	FALSE	1								FALSE	FALSE	FALSE
SRP106069	6	6	6	6	6			FALSE	FALSE	1								FALSE	FALSE	FALSE
SRP106312	30	30	30	30	30			FALSE	FALSE	1			11	11	in:tissue=terminal ileum	6	5	FALSE	FALSE	FALSE
SRP106321	8	8	8	8	8			FALSE	FALSE	1								FALSE	FALSE	FALSE
SRP106322	12	12	12	12	12			FALSE	FALSE	1			12	12	""	5	7	FALSE	FALSE	FALSE
SRP106347	6	6	6	2	6			FALSE	FALSE	1								FALSE	FALSE	FALSE
SRP106358	12	12	12	12	12			FALSE	FALSE	1								FALSE	FALSE	FALSE
SRP106381	48	48	48	48	48			FALSE	FALSE	1								FALSE	FALSE	FALSE
SRP106484	16	16	16			individual number	13	FALSE	TRUE	1	1.231	1.231	8	8	in:tissue=brain;subj:individual number	4	4	TRUE	FALSE	FALSE
SRP106488	10	10	10	10	10			FALSE	FALSE	1			10	10	""	5	5	FALSE	FALSE	FALSE
SRP106519	11	11	11	11	11			FALSE	FALSE	1			11	11	""	6	5	FALSE	FALSE	FALSE
SRP106520	6	6	6	6	6			FALSE	FALSE	1								FALSE	FALSE	FALSE
SRP106531	12	12	12	12	12			FALSE	FALSE	1								FALSE	FALSE	FALSE
SRP106570	32	32	32	32	32	mouse id	8	FALSE	TRUE	1	4	4	7	8	in:tissue=hematopoietic stem cell;ex:tissue=bone marrow-derived macrophages;subj:mouse id	4	3	TRUE	FALSE	FALSE
SRP106605	49	49	49	49	49			FALSE	FALSE	1			40	40	""	31	9	FALSE	FALSE	FALSE
SRP106646	24	24	24	8	24			FALSE	FALSE	1			12	12	in:age=post natal day 60	6	6	FALSE	FALSE	FALSE
SRP106685	14	7	7	7	14			FALSE	FALSE	2			12	14	""	8	4	FALSE	FALSE	TRUE
SRP106722	8	8	8	8	8			FALSE	FALSE	1			8	8	""	4	4	FALSE	FALSE	FALSE
SRP106751	52	13	13	13	52			FALSE	FALSE	4			52	52	""	24	28	FALSE	FALSE	TRUE
SRP106814	8	8	8	8	8			FALSE	FALSE	1			8	8	""	4	4	FALSE	FALSE	FALSE
SRP106863	18	18	18	18	18			FALSE	FALSE	1			12	18	""	8	4	FALSE	FALSE	FALSE
SRP106889	51	50	50	50	51			FALSE	FALSE	1.02								FALSE	FALSE	FALSE
SRP106915	60	32	32	8	60			FALSE	FALSE	1.875			22	23	in:tissue=striatum	8	14	FALSE	FALSE	FALSE
SRP106917	28	28	28					FALSE	FALSE	1								FALSE	FALSE	FALSE
SRP106920	6	6	6	6	6			FALSE	FALSE	1								FALSE	FALSE	FALSE
SRP106922	9	9	9					FALSE	FALSE	1								FALSE	FALSE	FALSE
SRP106946	11	11	11	11	11			FALSE	FALSE	1								FALSE	FALSE	FALSE
SRP107001	16	16	16	16	16			FALSE	FALSE	1			16	16	""	9	7	FALSE	FALSE	FALSE
SRP107123	19	19	19	6	19			FALSE	FALSE	1								FALSE	FALSE	FALSE
SRP107209	12	12	12	4	12			FALSE	FALSE	1								FALSE	FALSE	FALSE
SRP107211	20	20	20	20	20			FALSE	FALSE	1			8	8	in:cell type=tumor associated macrophages (tams)	4	4	FALSE	FALSE	FALSE
SRP107214	8	8	8	8	8			FALSE	FALSE	1			8	8	""	4	4	FALSE	FALSE	FALSE
SRP107220	18	18	18	18	18			FALSE	FALSE	1			18	18	""	12	6	FALSE	FALSE	FALSE
SRP107251	9	9	9	9	9			FALSE	FALSE	1								FALSE	FALSE	FALSE
SRP107560	12	12	12	12	12			FALSE	FALSE	1			12	12	""	5	7	FALSE	FALSE	FALSE
SRP107692	8	8	8	8	8			FALSE	FALSE	1			8	8	""	4	4	FALSE	FALSE	FALSE
SRP107760	8	8	8	8	8			FALSE	FALSE	1			8	8	""	4	4	FALSE	FALSE	FALSE
SRP107800	8	8	8	8	8			FALSE	FALSE	1			8	8	""	4	4	FALSE	FALSE	FALSE
SRP107881	6	6	6	2	6			FALSE	FALSE	1								FALSE	FALSE	FALSE
SRP107902	6	6	6					FALSE	FALSE	1								FALSE	FALSE	FALSE
SRP108013	27	27	27	27	27	donorid	4	TRUE	FALSE	1	6.75	6.75	4	15	in:organoidtissue=tissue;ex:organoidtissue=organoid;subj:donorid	1	3	TRUE	FALSE	FALSE
SRP108049	13	13	13	4	13			FALSE	FALSE	1			8	8	in:isolate=total mrna	4	4	FALSE	FALSE	FALSE
SRP108051	68	17	17	17	68			FALSE	FALSE	4			64	64	""	40	24	FALSE	FALSE	TRUE
SRP108052	12	12	12	12	12			FALSE	FALSE	1			12	12	""	6	6	FALSE	FALSE	FALSE
SRP108079	40	40	40	40	40	mouse id	40	FALSE	TRUE	1	1	1	14	14	in:source_name=jejunum;in:treatment=nt;subj:mouse id	7	7	TRUE	FALSE	FALSE
SRP108127	20	20	20	20	20			FALSE	FALSE	1			14	14	""	8	6	FALSE	FALSE	FALSE
SRP108248	9	9	9	9	9			FALSE	FALSE	1								FALSE	FALSE	FALSE
SRP108280	6	6	6	6	6			FALSE	FALSE	1								FALSE	FALSE	FALSE
SRP108282	39	39	39	39	39			FALSE	FALSE	1			19	19	in:tissue=liver	10	9	FALSE	FALSE	FALSE
SRP108291	52	10	10	10	52			FALSE	FALSE	5.2			16	16	in:stage=e12.5	4	12	FALSE	FALSE	TRUE
SRP108342	6	6	6	2	6			FALSE	FALSE	1								FALSE	FALSE	FALSE
SRP108382	6	6	6	2	6			FALSE	FALSE	1								FALSE	FALSE	FALSE
SRP108489	20	8	8	8	20			FALSE	FALSE	2.5			20	20	""	10	10	FALSE	FALSE	TRUE
SRP108495	33	33	33	6	33			FALSE	FALSE	1			20	20	ex:treatment=upf1-galnac-aso	10	10	FALSE	FALSE	FALSE
SRP108497	60	60	60	60	60			FALSE	FALSE	1			25	25	in:developmental stage=p60	13	12	FALSE	FALSE	FALSE
SRP108534	6	6	6	6	6			FALSE	FALSE	1								FALSE	FALSE	FALSE
SRP108574	18	18	18	18	18			FALSE	FALSE	1			8	8	in:source_name=splenic sorted live cd45+cd19-cd3+cd4+ t cells	4	4	FALSE	FALSE	FALSE
SRP108593	23	23	23	8	23			FALSE	FALSE	1			15	20	""	6	9	FALSE	FALSE	FALSE
SRP108594	6	6	6	6	6			FALSE	FALSE	1								FALSE	FALSE	FALSE
SRP108600	11	11	11					FALSE	FALSE	1								FALSE	FALSE	FALSE
SRP108605	12	12	12	4	12			FALSE	FALSE	1								FALSE	FALSE	FALSE
SRP108608	6	6	6	6	6			FALSE	FALSE	1								FALSE	FALSE	FALSE
SRP108621	6	6	6	6	6			FALSE	FALSE	1								FALSE	FALSE	FALSE
SRP108622	32	32	32	32	32			FALSE	FALSE	1			16	16	""	8	8	FALSE	FALSE	FALSE
SRP108641	6	6	6	6	6			FALSE	FALSE	1								FALSE	FALSE	FALSE
SRP108759	24	12	12	12	24			FALSE	FALSE	2			12	12	in:tissue=dcln	6	6	FALSE	FALSE	FALSE
SRP108766	23	23	23	23	23			FALSE	FALSE	1			15	15	""	8	7	FALSE	FALSE	FALSE
SRP108808	10	10	10	10	10			FALSE	FALSE	1			9	10	""	4	5	FALSE	FALSE	FALSE
SRP109133	9	9	9					FALSE	FALSE	1								FALSE	FALSE	FALSE
SRP109217	12	12	12	12	12			FALSE	FALSE	1			12	12	""	6	6	FALSE	FALSE	FALSE
SRP109267	28	7	7	7	28			FALSE	FALSE	4			28	28	""	12	16	FALSE	FALSE	TRUE
SRP109270	9	9	9	3	9			FALSE	FALSE	1								FALSE	FALSE	FALSE
SRP109283	48	48	48	48	48			FALSE	FALSE	1			10	24	""	4	6	FALSE	FALSE	FALSE
SRP109298	6	6	6	6	6			FALSE	FALSE	1								FALSE	FALSE	FALSE
SRP109609	9	9	9	9	9			FALSE	FALSE	1			9	9	subj:biological replicates	4	5	TRUE	FALSE	FALSE
SRP109615	12	12	12	12	12			FALSE	FALSE	1			12	12	""	6	6	FALSE	FALSE	FALSE
SRP109674	44	44	44	44	44			FALSE	FALSE	1			20	20	""	10	10	FALSE	FALSE	FALSE
SRP109699	48	12	12	12	48			FALSE	FALSE	4			24	24	in:genotype/variation=wt	12	12	FALSE	FALSE	TRUE
SRP109774	54	54	54	54	54	mouse	21	FALSE	TRUE	1	2.571	2.571	13	13	in:region=dg;subj:mouse	5	8	TRUE	FALSE	FALSE
SRP109807	12	12	12	12	12			FALSE	FALSE	1			10	12	""	5	5	FALSE	FALSE	FALSE
SRP110015	57	57	57	57	57			FALSE	FALSE	1			9	11	in:tissue=liver	6	3	FALSE	FALSE	FALSE
SRP110068	12	12	12	12	12			FALSE	FALSE	1			12	12	""	6	6	FALSE	FALSE	FALSE
SRP110193	6	6	6	6	6			FALSE	FALSE	1								FALSE	FALSE	FALSE
SRP110208	10	10	10	2	10			FALSE	FALSE	1			10	10	""	6	4	FALSE	FALSE	FALSE
SRP110277	10	10	10	4	10			FALSE	FALSE	1								FALSE	FALSE	FALSE
SRP110319	6	6	6					FALSE	FALSE	1								FALSE	FALSE	FALSE
SRP110495	24	24	24	24	24			FALSE	FALSE	1			23	24	""	11	12	FALSE	FALSE	FALSE
SRP110508	11	11	11	11	11			FALSE	FALSE	1			11	11	""	6	5	FALSE	FALSE	FALSE
SRP110576	8	8	8	8	8			FALSE	FALSE	1			8	8	""	4	4	FALSE	FALSE	FALSE
SRP110594	12	12	12	12	12			FALSE	FALSE	1			12	12	""	6	6	FALSE	FALSE	FALSE
SRP110674	17	17	17	17	17			FALSE	FALSE	1			9	9	in:tissue=hypothalamus	5	4	FALSE	FALSE	FALSE
SRP110691	6	6	6	2	6			FALSE	FALSE	1								FALSE	FALSE	FALSE
SRP110715	25	25	25	25	25			FALSE	FALSE	1			11	11	in:tissue=kidney	5	6	FALSE	FALSE	FALSE
SRP110757	11	11	11					FALSE	FALSE	1								FALSE	FALSE	FALSE
SRP110979	8	8	8	2	8			FALSE	FALSE	1			8	8	""	4	4	FALSE	FALSE	FALSE
SRP110981	32	18	18	12	32			FALSE	FALSE	1.778			26	27	in:tissue=hindlimb	11	15	FALSE	FALSE	TRUE
SRP111071	8	4	8					FALSE	FALSE	2			8	8	""	4	4	FALSE	FALSE	TRUE
SRP111204	60	60	60	60	60			FALSE	FALSE	1			13	13	""	5	8	FALSE	FALSE	FALSE
SRP111291	16	16	16	4	16			FALSE	FALSE	1			8	8	""	4	4	FALSE	FALSE	FALSE
SRP111338	15	15	15	15	15			FALSE	FALSE	1			9	9	""	4	5	FALSE	FALSE	FALSE
SRP111344	12	12	12	2	12			FALSE	FALSE	1			12	12	""	6	6	FALSE	FALSE	FALSE
SRP111408	8	8	8	8	8			FALSE	FALSE	1			8	8	""	4	4	FALSE	FALSE	FALSE
SRP111411	12	6	6	6	12			FALSE	FALSE	2			12	12	""	6	6	FALSE	FALSE	TRUE
SRP111484	23	23	23	4	23			FALSE	FALSE	1			12	12	ex:source_name=samp8_young	6	6	FALSE	FALSE	FALSE
SRP111520	132	132	132	132	132			FALSE	FALSE	1			132	132	""	69	63	FALSE	FALSE	FALSE
SRP111558	24	24	24	24	24			FALSE	FALSE	1								FALSE	FALSE	FALSE
SRP111685	9	9	9	9	9			FALSE	FALSE	1								FALSE	FALSE	FALSE
SRP111723	31	17	17	17	31			FALSE	FALSE	1.824			11	16	ex:tissue=cultured kpc tumor epithelial cells;in:tissue=subcutaneous allograft	5	6	FALSE	FALSE	FALSE
SRP111809	16	16	16	4	16			FALSE	FALSE	1			8	8	in:enrichment=ctip2+	4	4	FALSE	FALSE	FALSE
SRP111820	9	9	9	3	9			FALSE	FALSE	1								FALSE	FALSE	FALSE
SRP111878	48	48	48	48	48			FALSE	FALSE	1			12	12	in:tissue=kidney	6	6	FALSE	FALSE	FALSE
SRP111952	6	6	6	6	6			FALSE	FALSE	1								FALSE	FALSE	FALSE
SRP111981	14	14	14	14	14			FALSE	FALSE	1			14	14	""	7	7	FALSE	FALSE	FALSE
SRP112519	24	12	12	12	24			FALSE	FALSE	2			12	12	in:source_name=inflammatory monocytes subtype	6	6	FALSE	FALSE	FALSE
SRP112535	15	15	15	15	15			FALSE	FALSE	1			15	15	""	5	10	FALSE	FALSE	FALSE
SRP112539	6	6	6	6	6			FALSE	FALSE	1								FALSE	FALSE	FALSE
SRP112610	15	15	15	15	15			FALSE	FALSE	1								FALSE	FALSE	FALSE
SRP112747	32	32	32	32	32			FALSE	FALSE	1			13	13	subj:isolate	7	6	TRUE	FALSE	FALSE
SRP112761	6	6	6	6	6			FALSE	FALSE	1								FALSE	FALSE	FALSE
SRP112884	28	7	7	7	28			FALSE	FALSE	4			28	28	""	12	16	FALSE	FALSE	TRUE
SRP113014	303	36	36	36	303			FALSE	FALSE	8.417			174	174	in:source_name=kidney	100	74	FALSE	FALSE	TRUE
SRP113200	44	44	44	44	44			FALSE	FALSE	1								FALSE	FALSE	FALSE
SRP113485	14	14	14	14	14			FALSE	FALSE	1			14	14	""	10	4	FALSE	FALSE	FALSE
SRP113491	96	96	96	96	96			FALSE	FALSE	1			48	96	subj:sample	24	24	TRUE	FALSE	FALSE
SRP113494	144	24	24	24	144			FALSE	FALSE	6			72	72	in:tissue/cell type=hippocampus	36	36	FALSE	FALSE	TRUE
SRP113496	65	42	42	22	65			FALSE	FALSE	1.548			10	12	in:source_name=carotid intimal flush	5	5	FALSE	FALSE	FALSE
SRP113528	16	16	16	16	16			FALSE	FALSE	1			8	8	""	4	4	FALSE	FALSE	FALSE
SRP113529	6	6	6	6	6			FALSE	FALSE	1								FALSE	FALSE	FALSE
SRP113541	20	10	10	2	20			FALSE	FALSE	2			20	20	""	10	10	FALSE	FALSE	TRUE
SRP113560	24	24	24	24	24			FALSE	FALSE	1			12	12	in:tissue=grafted ear skin	6	6	FALSE	FALSE	FALSE
SRP113587	24	12	12	12	24			FALSE	FALSE	2			24	24	""	12	12	FALSE	FALSE	TRUE
SRP113605	92	92	92	92	92			FALSE	FALSE	1			81	92	""	39	42	FALSE	FALSE	FALSE
SRP113611	9	9	9	9	9			FALSE	FALSE	1								FALSE	FALSE	FALSE
SRP113655	24	24	24	6	24			FALSE	FALSE	1			24	24	""	12	12	FALSE	FALSE	FALSE
SRP113724	12	12	12	12	12			FALSE	FALSE	1			12	12	""	6	6	FALSE	FALSE	FALSE
SRP113727	24	24	24	8	24			FALSE	FALSE	1								FALSE	FALSE	FALSE
SRP113761	12	12	12	12	12			FALSE	FALSE	1			12	12	""	6	6	FALSE	FALSE	FALSE
SRP113762	40	10	10	10	40			FALSE	FALSE	4			40	40	""	20	20	FALSE	FALSE	TRUE
SRP113763	102	19	19	19	102			FALSE	FALSE	5.368								FALSE	FALSE	FALSE
SRP113777	32	32	32	32	32			FALSE	FALSE	1			32	32	""	17	15	FALSE	FALSE	FALSE
SRP114370	18	18	18	18	18			FALSE	FALSE	1			10	10	""	5	5	FALSE	FALSE	FALSE
SRP114436	67	67	67	56	67			FALSE	FALSE	1			67	67	""	33	34	FALSE	FALSE	FALSE
SRP114498	10	10	10	10	10			FALSE	FALSE	1			10	10	""	5	5	FALSE	FALSE	FALSE
SRP114695	15	9	9	9	15			FALSE	FALSE	1.667								FALSE	FALSE	FALSE
SRP114759	20	20	20	8	20			FALSE	FALSE	1			10	10	in:rna fraction=total rna	5	5	FALSE	FALSE	FALSE
SRP114764	12	12	12	12	12			FALSE	FALSE	1								FALSE	FALSE	FALSE
SRP114789	6	6	6	6	6			FALSE	FALSE	1								FALSE	FALSE	FALSE
SRP114827	8	8	8	8	8			FALSE	FALSE	1			8	8	""	4	4	FALSE	FALSE	FALSE
SRP114829	6	6	6	2	6			FALSE	FALSE	1								FALSE	FALSE	FALSE
SRP114842	12	6	6	6	12			FALSE	FALSE	2			12	12	""	6	6	FALSE	FALSE	TRUE
SRP114858	8	8	8	8	8			FALSE	FALSE	1			7	8	""	3	4	FALSE	FALSE	FALSE
SRP114869	40	36	36	36	40			FALSE	FALSE	1.111			15	15	""	5	10	FALSE	FALSE	FALSE
SRP114947	77	77	77	77	77			FALSE	FALSE	1			12	12	in:fraction=ip fraction	6	6	FALSE	FALSE	FALSE
SRP114950	10	10	10	2	10			FALSE	FALSE	1								FALSE	FALSE	FALSE
SRP114953	10	10	10					FALSE	FALSE	1			10	10	subj:replicate	5	5	TRUE	FALSE	FALSE
SRP114976	66	58	58	58	66			FALSE	FALSE	1.138			32	32	in:source_name=entorhinal cortex	21	11	FALSE	FALSE	FALSE
SRP114987	27	12	12	12	27			FALSE	FALSE	2.25			17	17	""	10	7	FALSE	FALSE	TRUE
SRP114994	67	67	67	67	67			FALSE	FALSE	1			55	57	ex:cell line=optic glioma cell line	48	7	FALSE	FALSE	FALSE
SRP115029	8	8	8	8	8			FALSE	FALSE	1			8	8	""	4	4	FALSE	FALSE	FALSE
SRP115108	30	30	30	30	30			FALSE	FALSE	1			12	12	""	6	6	FALSE	FALSE	FALSE
SRP115115	6	6	6	6	6			FALSE	FALSE	1								FALSE	FALSE	FALSE
SRP115120	6	6	6	6	6			FALSE	FALSE	1								FALSE	FALSE	FALSE
SRP115121	20	2	2	2	20			FALSE	FALSE	10			20	20	""	10	10	FALSE	FALSE	TRUE
SRP115139	24	24	24	24	24			FALSE	FALSE	1			8	8	in:tissue=seminal vesicle	4	4	FALSE	FALSE	FALSE
SRP115148	60	60	60	60	60			FALSE	FALSE	1			30	30	in:tissue=mucosa	15	15	FALSE	FALSE	FALSE
SRP115189	30	30	30	30	30			FALSE	FALSE	1			30	30	""	15	15	FALSE	FALSE	FALSE
SRP115269	18	9	9	9	18			FALSE	FALSE	2								FALSE	FALSE	FALSE
SRP115279	6	6	6	6	6			FALSE	FALSE	1								FALSE	FALSE	FALSE
SRP115361	9	9	9	3	9			FALSE	FALSE	1								FALSE	FALSE	FALSE
SRP115363	16	16	16	16	16			FALSE	FALSE	1			5	12	""	2	3	FALSE	FALSE	FALSE
SRP115453	87	87	87			mouse_number	69	FALSE	TRUE	1	1.261	1.261	58	67	in:tissue=primary;subj:mouse_number	33	25	TRUE	FALSE	FALSE
SRP115474	12	12	12	12	12			FALSE	FALSE	1			12	12	""	6	6	FALSE	FALSE	FALSE
SRP115646	8	8	8	4	8			FALSE	FALSE	1			7	8	""	3	4	FALSE	FALSE	FALSE
SRP115652	40	22	22	22	40			FALSE	FALSE	1.818			12	12	""	6	6	FALSE	FALSE	FALSE
SRP115689	48	48	48	6	48			FALSE	FALSE	1			30	30	""	22	8	FALSE	FALSE	FALSE
SRP115705	12	12	12	12	12			FALSE	FALSE	1			12	12	""	6	6	FALSE	FALSE	FALSE
SRP115833	8	8	8	8	8			FALSE	FALSE	1			8	8	""	4	4	FALSE	FALSE	FALSE
SRP115962	15	8	8	8	15			FALSE	FALSE	1.875			15	15	""	4	11	FALSE	FALSE	TRUE
SRP115984	8	8	8	8	8			FALSE	FALSE	1			8	8	""	4	4	FALSE	FALSE	FALSE
SRP116008	6	6	6	2	6			FALSE	FALSE	1								FALSE	FALSE	FALSE
SRP116137	36	36	36	12	36			FALSE	FALSE	1			35	36	""	17	18	FALSE	FALSE	FALSE
SRP116187	16	16	16	16	16			FALSE	FALSE	1			10	10	in:cell type=activated hepatic stellate cells	5	5	FALSE	FALSE	FALSE
SRP116202	7	7	7	7	7			FALSE	FALSE	1								FALSE	FALSE	FALSE
SRP116217	24	6	6	6	24			FALSE	FALSE	4			24	24	""	12	12	FALSE	FALSE	TRUE
SRP116226	6	6	6	6	6			FALSE	FALSE	1								FALSE	FALSE	FALSE
SRP116339	6	6	6	6	6			FALSE	FALSE	1								FALSE	FALSE	FALSE
SRP116342	16	16	16	16	16			FALSE	FALSE	1			16	16	""	12	4	FALSE	FALSE	FALSE
SRP116375	132	33	33	32	132			FALSE	FALSE	4			48	48	in:age=e11.5;in:technical_replicate=na	24	24	FALSE	FALSE	TRUE
SRP116558	8	8	8	8	8			FALSE	FALSE	1			8	8	""	4	4	FALSE	FALSE	FALSE
SRP116737	6	6	6					FALSE	FALSE	1								FALSE	FALSE	FALSE
SRP116890	12	12	12	12	12			FALSE	FALSE	1			12	12	""	6	6	FALSE	FALSE	FALSE
SRP116898	18	18	18	4	18			FALSE	FALSE	1			10	10	ex:treatment=none	5	5	FALSE	FALSE	FALSE
SRP116945	15	6	6	6	15			FALSE	FALSE	2.5			11	15	""	4	7	FALSE	FALSE	TRUE
SRP116949	6	6	6	2	6			FALSE	FALSE	1								FALSE	FALSE	FALSE
SRP116969	96	96	96	96	96			FALSE	FALSE	1			12	12	in:experimental tissue preservation treatment=flash frozen	6	6	FALSE	FALSE	FALSE
SRP117060	15	15	15	15	15			FALSE	FALSE	1			9	10	""	5	4	FALSE	FALSE	FALSE
SRP117185	12	12	12	4	12			FALSE	FALSE	1								FALSE	FALSE	FALSE
SRP117214	8	8	8	8	8			FALSE	FALSE	1			8	8	""	4	4	FALSE	FALSE	FALSE
SRP117256	15	15	15	15	15			FALSE	FALSE	1			10	10	""	5	5	FALSE	FALSE	FALSE
SRP117274	12	12	12	12	12			FALSE	FALSE	1			10	12	""	5	5	FALSE	FALSE	FALSE
SRP117275	6	6	6	6	6			FALSE	FALSE	1								FALSE	FALSE	FALSE
SRP117285	6	6	6	6	6			FALSE	FALSE	1								FALSE	FALSE	FALSE
SRP117311	25	25	25	25	25			FALSE	FALSE	1			14	15	""	11	3	FALSE	FALSE	FALSE
SRP117321	21	21	21	21	21			FALSE	FALSE	1			11	11	in:tissue=brown adipose tissue	6	5	FALSE	FALSE	FALSE
SRP117499	6	6	6					FALSE	FALSE	1								FALSE	FALSE	FALSE
SRP117567	12	12	12	12	12			FALSE	FALSE	1			12	12	""	6	6	FALSE	FALSE	FALSE
SRP117580	43	43	43	43	43			FALSE	FALSE	1			15	16	in:treatment=pbs	7	8	FALSE	FALSE	FALSE
SRP117662	9	9	9	9	9			FALSE	FALSE	1								FALSE	FALSE	FALSE
SRP117680	20	20	20	4	20			FALSE	FALSE	1			10	10	in:drug=vehicle	5	5	FALSE	FALSE	FALSE
SRP117692	6	6	6	6	6			FALSE	FALSE	1								FALSE	FALSE	FALSE
SRP117703	32	32	32	32	32			FALSE	FALSE	1			11	11	""	5	6	FALSE	FALSE	FALSE
SRP117739	56	56	56	56	56			FALSE	FALSE	1			24	24	""	16	8	FALSE	FALSE	FALSE
SRP117757	8	8	8	8	8			FALSE	FALSE	1			8	8	""	4	4	FALSE	FALSE	FALSE
SRP117936	14	14	14	4	14			FALSE	FALSE	1			14	14	""	7	7	FALSE	FALSE	FALSE
SRP117949	6	6	6	6	6			FALSE	FALSE	1								FALSE	FALSE	FALSE
SRP117955	39	39	39	39	39			FALSE	FALSE	1			15	15	in:treatment=vehicle	9	6	FALSE	FALSE	FALSE
SRP117958	10	10	10	10	10			FALSE	FALSE	1			10	10	""	5	5	FALSE	FALSE	FALSE
SRP118141	29	29	29	29	29			FALSE	FALSE	1			19	19	in:tissue=epidermis	10	9	FALSE	FALSE	FALSE
SRP118265	6	6	6	2	6			FALSE	FALSE	1								FALSE	FALSE	FALSE
SRP118346	160	160	160	40	160			FALSE	FALSE	1			16	16	in:tissue=striatum;in:treatment=vehicle	8	8	FALSE	FALSE	FALSE
SRP118359	12	12	12	4	12			FALSE	FALSE	1								FALSE	FALSE	FALSE
SRP118401	160	160	160	40	160			FALSE	FALSE	1			16	16	in:tissue=striatum;in:treatment=vehicle	8	8	FALSE	FALSE	FALSE
SRP118465	6	6	6	6	6			FALSE	FALSE	1								FALSE	FALSE	FALSE
SRP118483	16	16	16	16	16			FALSE	FALSE	1			8	8	""	4	4	FALSE	FALSE	FALSE
SRP118716	6	6	6	6	6			FALSE	FALSE	1								FALSE	FALSE	FALSE
SRP118722	18	18	18	2	18			FALSE	FALSE	1			3	18	""	1	2	FALSE	FALSE	FALSE
SRP118780	80	10	10	10	80			FALSE	FALSE	8			80	80	""	40	40	FALSE	FALSE	TRUE
SRP118785	8	8	8	8	8			FALSE	FALSE	1			8	8	""	4	4	FALSE	FALSE	FALSE
SRP118847	6	6	6	6	6			FALSE	FALSE	1								FALSE	FALSE	FALSE
SRP118915	12	12	12	4	12			FALSE	FALSE	1			9	12	""	4	5	FALSE	FALSE	FALSE
SRP118939	11	11	11	11	11			FALSE	FALSE	1			11	11	""	6	5	FALSE	FALSE	FALSE
SRP118946	6	6	6					FALSE	FALSE	1								FALSE	FALSE	FALSE
SRP118963	9	9	9	9	9			FALSE	FALSE	1								FALSE	FALSE	FALSE
SRP118998	26	16	16	12	26			FALSE	FALSE	1.625			12	12	ex:source_name=mesc;in:source_name=kidney	6	6	FALSE	FALSE	FALSE
SRP119033	12	12	12	12	12			FALSE	FALSE	1								FALSE	FALSE	FALSE
SRP119064	512	128	128	128	512			FALSE	FALSE	4			16	128	in:tissue=cortex;in:age=4m;subj:sample id	8	8	TRUE	FALSE	FALSE
SRP119088	8	8	8	2	8			FALSE	FALSE	1			8	8	""	4	4	FALSE	FALSE	FALSE
SRP119123	38	38	38	38	38			FALSE	FALSE	1			14	18	in:agent=placebo	10	4	FALSE	FALSE	FALSE
SRP119167	18	18	18	6	18			FALSE	FALSE	1			18	18	""	9	9	FALSE	FALSE	FALSE
SRP119172	18	18	18	18	18			FALSE	FALSE	1			18	18	""	9	9	FALSE	FALSE	FALSE
SRP119205	6	6	6	6	6			FALSE	FALSE	1								FALSE	FALSE	FALSE
SRP119221	30	30	30	30	30			FALSE	FALSE	1			10	10	in:cell type=ssc	4	6	FALSE	FALSE	FALSE
SRP119232	39	39	39	4	39			FALSE	FALSE	1			20	20	""	10	10	FALSE	FALSE	FALSE
SRP119258	8	8	8	8	8			FALSE	FALSE	1			8	8	""	4	4	FALSE	FALSE	FALSE
SRP119303	107	9	9	9	107			FALSE	FALSE	11.889			72	72	in:age=22 weeks	36	36	FALSE	FALSE	TRUE
SRP119309	12	12	12	12	12			FALSE	FALSE	1			12	12	""	5	7	FALSE	FALSE	FALSE
SRP119321	54	27	27	27	54			FALSE	FALSE	2								FALSE	FALSE	FALSE
SRP119391	8	8	8	8	8			FALSE	FALSE	1								FALSE	FALSE	FALSE
SRP119458	6	6	6	6	6			FALSE	FALSE	1								FALSE	FALSE	FALSE
SRP119485	8	8	8	8	8			FALSE	FALSE	1								FALSE	FALSE	FALSE
SRP119538	63	21	21	21	63			FALSE	FALSE	3								FALSE	FALSE	FALSE
SRP119667	13	13	13	13	13			FALSE	FALSE	1								FALSE	FALSE	FALSE
SRP119675	144	72	72	72	144			FALSE	FALSE	2								FALSE	FALSE	FALSE
SRP119707	8	8	8	2	8	mouse id	8	FALSE	TRUE	1	1	1						FALSE	FALSE	FALSE
SRP119839	24	24	24	24	24			FALSE	FALSE	1								FALSE	FALSE	FALSE
SRP119843	6	6	6	2	6			FALSE	FALSE	1								FALSE	FALSE	FALSE
SRP119845	156	26	26	26	156			FALSE	FALSE	6			95	120	in:treatment=stroke	58	37	FALSE	FALSE	TRUE
SRP119927	20	10	10	10	20			FALSE	FALSE	2			20	20	""	10	10	FALSE	FALSE	TRUE
SRP119934	14	14	14	14	14			FALSE	FALSE	1			14	14	""	8	6	FALSE	FALSE	FALSE
SRP119935	60	15	15	15	60			FALSE	FALSE	4			9	36	in:age=3 weeks;subj:source_name	5	4	TRUE	FALSE	FALSE
SRP119938	24	24	24	24	24			FALSE	FALSE	1			12	12	in:tissue=ileum	6	6	FALSE	FALSE	FALSE
SRP119954	6	6	6	6	6			FALSE	FALSE	1								FALSE	FALSE	FALSE
SRP119989	16	16	16	16	16			FALSE	FALSE	1			15	16	""	7	8	FALSE	FALSE	FALSE
SRP120024	18	18	18	18	18			FALSE	FALSE	1								FALSE	FALSE	FALSE
SRP120038	30	30	30	30	30			FALSE	FALSE	1			15	15	in:tissue=liver	7	8	FALSE	FALSE	FALSE
SRP120041	6	6	6	6	6			FALSE	FALSE	1								FALSE	FALSE	FALSE
SRP120127	12	6	6	6	12			FALSE	FALSE	2			12	12	""	6	6	FALSE	FALSE	TRUE
SRP120132	6	4	4	4	6			FALSE	FALSE	1.5								FALSE	FALSE	FALSE
SRP120160	6	6	6	6	6			FALSE	FALSE	1								FALSE	FALSE	FALSE
SRP120168	8	8	8	8	8			FALSE	FALSE	1			8	8	""	4	4	FALSE	FALSE	FALSE
SRP120338	23	21	23	1	23			FALSE	FALSE	1.095								FALSE	FALSE	FALSE
SRP120356	12	6	6	2	12			FALSE	FALSE	2			12	12	""	6	6	FALSE	FALSE	TRUE
SRP120384	15	15	15	15	15			FALSE	FALSE	1			13	15	""	8	5	FALSE	FALSE	FALSE
SRP120493	46	46	46	12	46			FALSE	FALSE	1								FALSE	FALSE	FALSE
SRP120494	28	27	27	27	28			FALSE	FALSE	1.037			28	28	""	18	10	FALSE	FALSE	TRUE
SRP120513	94	94	94					FALSE	FALSE	1			35	35	in:tissue=spinal_cord;in:age=6mo	17	18	FALSE	FALSE	FALSE
SRP120555	7	7	7	7	7			FALSE	FALSE	1								FALSE	FALSE	FALSE
SRP120583	48	12	12	12	48			FALSE	FALSE	4								FALSE	FALSE	FALSE
SRP120584	50	50	50	50	50			FALSE	FALSE	1			50	50	""	25	25	FALSE	FALSE	FALSE
SRP120602	20	20	20	20	20			FALSE	FALSE	1			20	20	""	10	10	FALSE	FALSE	FALSE
SRP120644	13	13	13					FALSE	FALSE	1								FALSE	FALSE	FALSE
SRP120700	8	4	8					FALSE	FALSE	2			8	8	""	4	4	FALSE	FALSE	TRUE
SRP120965	6	6	6	6	6			FALSE	FALSE	1								FALSE	FALSE	FALSE
SRP121310	9	9	9	3	9			FALSE	FALSE	1								FALSE	FALSE	FALSE
SRP121482	20	20	20	5	20			FALSE	FALSE	1			20	20	""	16	4	FALSE	FALSE	FALSE
SRP121622	26	26	26	4	26			FALSE	FALSE	1			13	13	""	7	6	FALSE	FALSE	FALSE
SRP121631	87	20	20	20	87			FALSE	FALSE	4.35			87	87	""	43	44	FALSE	FALSE	TRUE
SRP121653	6	6	6	6	6			FALSE	FALSE	1								FALSE	FALSE	FALSE
SRP121790	34	17	17	6	34			FALSE	FALSE	2			34	34	""	18	16	FALSE	FALSE	TRUE
SRP121797	12	12	12	12	12			FALSE	FALSE	1			8	8	ex:aa6 administration=yes	4	4	FALSE	FALSE	FALSE
SRP121798	9	9	9	9	9			FALSE	FALSE	1								FALSE	FALSE	FALSE
SRP122515	57	19	19	19	57			FALSE	FALSE	3			27	27	""	12	15	FALSE	FALSE	TRUE
SRP122537	12	12	12	12	12			FALSE	FALSE	1								FALSE	FALSE	FALSE
SRP122781	8	8	8	8	8			FALSE	FALSE	1			8	8	""	4	4	FALSE	FALSE	FALSE
SRP122930	8	8	8	8	8			FALSE	FALSE	1								FALSE	FALSE	FALSE
SRP122943	8	8	8	8	8			FALSE	FALSE	1			7	8	""	4	3	FALSE	FALSE	FALSE
SRP123056	6	6	6	6	6			FALSE	FALSE	1								FALSE	FALSE	FALSE
SRP123060	10	10	10	2	10			FALSE	FALSE	1			10	10	""	5	5	FALSE	FALSE	FALSE
SRP123227	21	21	21	21	21			FALSE	FALSE	1								FALSE	FALSE	FALSE
SRP123230	10	10	10	10	10			FALSE	FALSE	1			10	10	""	5	5	FALSE	FALSE	FALSE
SRP123271	7	7	7	7	7			FALSE	FALSE	1								FALSE	FALSE	FALSE
SRP123325	10	10	10	10	10			FALSE	FALSE	1								FALSE	FALSE	FALSE
SRP123344	9	9	9	9	9			FALSE	FALSE	1								FALSE	FALSE	FALSE
SRP123348	6	6	6	6	6			FALSE	FALSE	1								FALSE	FALSE	FALSE
SRP123450	15	15	15	15	15			FALSE	FALSE	1								FALSE	FALSE	FALSE
SRP123512	12	12	12	12	12			FALSE	FALSE	1			12	12	""	6	6	FALSE	FALSE	FALSE
SRP123516	21	21	21	21	21			FALSE	FALSE	1								FALSE	FALSE	FALSE
SRP123610	6	6	6	6	6			FALSE	FALSE	1								FALSE	FALSE	FALSE
SRP123621	12	12	12	12	12			FALSE	FALSE	1								FALSE	FALSE	FALSE
SRP123761	12	12	12	12	12			FALSE	FALSE	1			12	12	""	6	6	FALSE	FALSE	FALSE
SRP123923	6	6	6	6	6			FALSE	FALSE	1								FALSE	FALSE	FALSE
SRP124160	11	11	11	4	11			FALSE	FALSE	1								FALSE	FALSE	FALSE
SRP124300	11	11	11	2	11			FALSE	FALSE	1			11	11	""	6	5	FALSE	FALSE	FALSE
SRP124314	16	16	16	16	16			FALSE	FALSE	1			14	16	""	7	7	FALSE	FALSE	FALSE
SRP124469	12	12	12	12	12			FALSE	FALSE	1			12	12	""	6	6	FALSE	FALSE	FALSE
SRP124501	30	30	30	30	30			FALSE	FALSE	1								FALSE	FALSE	FALSE
SRP124525	12	12	12					FALSE	FALSE	1								FALSE	FALSE	FALSE
SRP124622	20	20	20	20	20			FALSE	FALSE	1			8	8	""	4	4	FALSE	FALSE	FALSE
SRP124639	18	18	18	15	18			FALSE	FALSE	1			9	9	in:tissue=retina	5	4	FALSE	FALSE	FALSE
SRP124677	19	19	19	19	19			FALSE	FALSE	1			19	19	""	15	4	FALSE	FALSE	FALSE
SRP124759	6	6	6	6	6			FALSE	FALSE	1								FALSE	FALSE	FALSE
SRP124774	22	22	22	8	22			FALSE	FALSE	1			20	20	in:age=post-natal week 12	11	9	FALSE	FALSE	FALSE
SRP124785	6	6	6	3	6			FALSE	FALSE	1								FALSE	FALSE	FALSE
SRP124833	22	22	22	4	22			FALSE	FALSE	1								FALSE	FALSE	FALSE
SRP124835	12	12	12	12	12			FALSE	FALSE	1			9	12	""	5	4	FALSE	FALSE	FALSE
SRP124931	6	6	6	6	6			FALSE	FALSE	1								FALSE	FALSE	FALSE
SRP124941	17	17	17	17	17			FALSE	FALSE	1								FALSE	FALSE	FALSE
SRP124942	24	4	4	4	24			FALSE	FALSE	6			24	24	""	12	12	FALSE	FALSE	TRUE
SRP124979	8	8	8	4	8			FALSE	FALSE	1			8	8	""	4	4	FALSE	FALSE	FALSE
SRP125082	17	17	17	17	17			FALSE	FALSE	1			17	17	""	8	9	FALSE	FALSE	FALSE
SRP125104	16	16	16	16	16			FALSE	FALSE	1			12	12	""	8	4	FALSE	FALSE	FALSE
SRP125135	6	6	6	6	6			FALSE	FALSE	1								FALSE	FALSE	FALSE
SRP125225	24	24	24	24	24			FALSE	FALSE	1			24	24	""	12	12	FALSE	FALSE	FALSE
SRP125336	110	22	22	22	110			FALSE	FALSE	5			110	110	""	50	60	FALSE	FALSE	TRUE
SRP125341	11	11	11	11	11			FALSE	FALSE	1			11	11	""	5	6	FALSE	FALSE	FALSE
SRP125353	11	11	11	11	11			FALSE	FALSE	1			10	11	""	6	4	FALSE	FALSE	FALSE
SRP125434	8	8	8					FALSE	FALSE	1								FALSE	FALSE	FALSE
SRP125472	6	6	6	6	6			FALSE	FALSE	1								FALSE	FALSE	FALSE
SRP125477	12	12	12					FALSE	FALSE	1								FALSE	FALSE	FALSE
SRP125551	10	10	10	10	10			FALSE	FALSE	1								FALSE	FALSE	FALSE
SRP125665	14	14	14	14	14			FALSE	FALSE	1			11	14	""	7	4	FALSE	FALSE	FALSE
SRP125705	57	57	57	57	57			FALSE	FALSE	1			49	49	in:tissue=skin	12	37	FALSE	FALSE	FALSE
SRP125711	6	6	6	2	6			FALSE	FALSE	1								FALSE	FALSE	FALSE
SRP125735	12	12	12	4	12			FALSE	FALSE	1								FALSE	FALSE	FALSE
SRP125754	15	15	15	5	15			FALSE	FALSE	1								FALSE	FALSE	FALSE
SRP125804	30	30	30	30	30			FALSE	FALSE	1			10	10	in:tissue=mouse liver	5	5	FALSE	FALSE	FALSE
SRP125820	14	14	14	4	14			FALSE	FALSE	1								FALSE	FALSE	FALSE
SRP125821	9	9	9	9	9			FALSE	FALSE	1								FALSE	FALSE	FALSE
SRP125886	10	10	10	10	10			FALSE	FALSE	1								FALSE	FALSE	FALSE
SRP125889	36	36	36	36	36			FALSE	FALSE	1								FALSE	FALSE	FALSE
SRP125890	36	12	12	12	36			FALSE	FALSE	3			18	18	in:cell type=primary mhcii hi medullary thymic epithelial cells	9	9	FALSE	FALSE	TRUE
SRP125891	24	6	6	6	24			FALSE	FALSE	4			24	24	""	12	12	FALSE	FALSE	TRUE
SRP125980	12	12	12	12	12			FALSE	FALSE	1								FALSE	FALSE	FALSE
SRP126052	16	8	8	8	16			FALSE	FALSE	2			10	10	""	6	4	FALSE	FALSE	TRUE
SRP126057	9	9	9	3	9			FALSE	FALSE	1								FALSE	FALSE	FALSE
SRP126115	12	12	12	4	12			FALSE	FALSE	1								FALSE	FALSE	FALSE
SRP126124	64	34	52	4	40			FALSE	FALSE	1.882			22	40	in:tissue=lymph nodes;subj:replicate	12	10	TRUE	FALSE	FALSE
SRP126161	93	18	18	18	93			FALSE	FALSE	5.167			72	72	in:source_name=siglecfside	32	40	FALSE	FALSE	TRUE
SRP126200	16	8	8	8	16			FALSE	FALSE	2			16	16	""	8	8	FALSE	FALSE	TRUE
SRP126245	39	39	39	39	39			FALSE	FALSE	1			14	29	in:tissue=intestinal tumor tissue	7	7	FALSE	FALSE	FALSE
SRP126279	18	18	18	18	18			FALSE	FALSE	1			18	18	""	9	9	FALSE	FALSE	FALSE
SRP126314	40	40	40	40	40			FALSE	FALSE	1			20	20	""	10	10	FALSE	FALSE	FALSE
SRP126336	72	72	72	24	72			FALSE	FALSE	1								FALSE	FALSE	FALSE
SRP126349	8	8	8	8	8			FALSE	FALSE	1			8	8	""	4	4	FALSE	FALSE	FALSE
SRP126416	14	14	14	14	14			FALSE	FALSE	1			8	8	""	4	4	FALSE	FALSE	FALSE
SRP126477	10	10	10	10	10			FALSE	FALSE	1								FALSE	FALSE	FALSE
SRP126482	8	8	8	2	8			FALSE	FALSE	1								FALSE	FALSE	FALSE
SRP126501	9	9	9	2	9			FALSE	FALSE	1								FALSE	FALSE	FALSE
SRP126545	53	53	53	53	53			FALSE	FALSE	1			14	14	in:tissue=brainstem	6	8	FALSE	FALSE	FALSE
SRP126565	15	15	15					FALSE	FALSE	1			15	15	""	11	4	FALSE	FALSE	FALSE
SRP126566	8	8	8	8	8			FALSE	FALSE	1			4	8	""	2	2	FALSE	FALSE	FALSE
SRP126581	12	6	6	2	12			FALSE	FALSE	2			12	12	""	6	6	FALSE	FALSE	TRUE
SRP126640	25	25	25	25	25			FALSE	FALSE	1			11	11	""	7	4	FALSE	FALSE	FALSE
SRP126673	36	36	36	6	36			FALSE	FALSE	1			8	12	in:treatment group=vehicle	4	4	FALSE	FALSE	FALSE
SRP126678	16	16	16	16	16	mouse id	6	TRUE	FALSE	1	2.667	2.667	13	13	""	8	5	FALSE	TRUE	FALSE
SRP126739	22	22	22	22	22			FALSE	FALSE	1								FALSE	FALSE	FALSE
SRP126777	8	8	8	8	8			FALSE	FALSE	1			8	8	""	4	4	FALSE	FALSE	FALSE
SRP126786	18	9	9	9	18			FALSE	FALSE	2			18	18	""	8	10	FALSE	FALSE	TRUE
SRP126860	11	11	11					FALSE	FALSE	1								FALSE	FALSE	FALSE
SRP126871	7	7	7	2	7			FALSE	FALSE	1								FALSE	FALSE	FALSE
SRP126907	12	12	12	4	12			FALSE	FALSE	1								FALSE	FALSE	FALSE
SRP126959	13	13	13	13	13			FALSE	FALSE	1								FALSE	FALSE	FALSE
SRP127001	7	7	7	2	7			FALSE	FALSE	1								FALSE	FALSE	FALSE
SRP127005	15	15	15	3	15			FALSE	FALSE	1			10	10	""	5	5	FALSE	FALSE	FALSE
SRP127223	8	8	8	8	8			FALSE	FALSE	1								FALSE	FALSE	FALSE
SRP127255	12	12	12	12	12			FALSE	FALSE	1								FALSE	FALSE	FALSE
SRP127256	6	6	6	6	6			FALSE	FALSE	1								FALSE	FALSE	FALSE
SRP127264	41	41	41	41	41			FALSE	FALSE	1			29	29	in:source_name=mouse brainstem tumor	20	9	FALSE	FALSE	FALSE
SRP127333	8	8	8	8	8			FALSE	FALSE	1			5	8	""	3	2	FALSE	FALSE	FALSE
SRP127367	11	11	11	11	11			FALSE	FALSE	1			11	11	""	6	5	FALSE	FALSE	FALSE
SRP127396	16	16	16	16	16			FALSE	FALSE	1			16	16	""	8	8	FALSE	FALSE	FALSE
SRP127402	12	12	12	12	12			FALSE	FALSE	1			12	12	""	8	4	FALSE	FALSE	FALSE
SRP127587	24	12	12	12	24			FALSE	FALSE	2			24	24	""	12	12	FALSE	FALSE	TRUE
SRP127588	24	12	12	12	24			FALSE	FALSE	2			24	24	""	12	12	FALSE	FALSE	TRUE
SRP127608	18	18	18	18	18			FALSE	FALSE	1								FALSE	FALSE	FALSE
SRP127628	48	12	12	12	48			FALSE	FALSE	4			24	24	""	12	12	FALSE	FALSE	TRUE
SRP127680	6	6	6	6	6			FALSE	FALSE	1								FALSE	FALSE	FALSE
SRP127681	18	18	18	4	18			FALSE	FALSE	1			9	9	""	5	4	FALSE	FALSE	FALSE
SRP127722	11	11	11	11	11			FALSE	FALSE	1								FALSE	FALSE	FALSE
SRP127796	11	11	11	11	11			FALSE	FALSE	1								FALSE	FALSE	FALSE
SRP127827	6	6	6	2	6			FALSE	FALSE	1								FALSE	FALSE	FALSE
SRP127828	60	15	15	15	60			FALSE	FALSE	4			28	28	in:tissue=striatum	12	16	FALSE	FALSE	TRUE
SRP127946	122	122	122	44	122			FALSE	FALSE	1			122	122	""	62	60	FALSE	FALSE	FALSE
SRP127980	8	8	8	4	8			FALSE	FALSE	1			7	8	""	4	3	FALSE	FALSE	FALSE
SRP128068	11	11	11	11	11			FALSE	FALSE	1			10	11	""	5	5	FALSE	FALSE	FALSE
SRP128132	12	12	12	12	12			FALSE	FALSE	1								FALSE	FALSE	FALSE
SRP128168	6	6	6	2	6			FALSE	FALSE	1								FALSE	FALSE	FALSE
SRP128261	6	6	6	2	6			FALSE	FALSE	1								FALSE	FALSE	FALSE
SRP128271	101	101	101	1	101			FALSE	FALSE	1			20	20	in:tissue=heart	10	10	FALSE	FALSE	FALSE
SRP128506	12	12	12	12	12			FALSE	FALSE	1			12	12	""	6	6	FALSE	FALSE	FALSE
SRP128548	8	8	8	2	8			FALSE	FALSE	1			8	8	""	4	4	FALSE	FALSE	FALSE
SRP128565	15	5	5	5	15			FALSE	FALSE	3			11	15	""	4	7	FALSE	FALSE	TRUE
SRP128585	9	9	9	9	9			FALSE	FALSE	1								FALSE	FALSE	FALSE
SRP128596	69	23	23	23	69			FALSE	FALSE	3			69	69	""	30	39	FALSE	FALSE	TRUE
SRP128649	70	70	70	70	70			FALSE	FALSE	1			17	23	in:tissue=lung	7	10	FALSE	FALSE	FALSE
SRP128663	16	16	16	4	16			FALSE	FALSE	1			5	16	""	4	1	FALSE	FALSE	FALSE
SRP128701	7	7	7	7	7			FALSE	FALSE	1								FALSE	FALSE	FALSE
SRP128739	8	8	8	8	8			FALSE	FALSE	1			8	8	""	4	4	FALSE	FALSE	FALSE
SRP128899	22	22	22	22	22			FALSE	FALSE	1			22	22	""	11	11	FALSE	FALSE	FALSE
SRP129020	52	52	52	52	52			FALSE	FALSE	1			52	52	""	26	26	FALSE	FALSE	FALSE
SRP129022	8	8	8	8	8			FALSE	FALSE	1			8	8	""	4	4	FALSE	FALSE	FALSE
SRP129035	32	16	16	16	32			FALSE	FALSE	2			32	32	""	16	16	FALSE	FALSE	TRUE
SRP130256	36	36	36	36	36			FALSE	FALSE	1			22	24	subj:isolate	11	11	TRUE	FALSE	FALSE
SRP130908	20	20	20	20	20			FALSE	FALSE	1			20	20	""	10	10	FALSE	FALSE	FALSE
SRP130909	6	6	6	6	6			FALSE	FALSE	1								FALSE	FALSE	FALSE
SRP130927	20	14	14	14	20			FALSE	FALSE	1.429								FALSE	FALSE	FALSE
SRP130954	12	12	12	12	12			FALSE	FALSE	1								FALSE	FALSE	FALSE
SRP131001	12	12	12	12	12			FALSE	FALSE	1								FALSE	FALSE	FALSE
SRP131016	38	38	38	38	38			FALSE	FALSE	1			30	30	in:treatment=none;ex:treatment=overnight culture;ex:treatment=none_input before culture	15	15	FALSE	FALSE	FALSE
SRP131035	68	30	30	30	68			FALSE	FALSE	2.267			18	22	in:cell type=d050416 - pancreatic alpha cells	2	16	FALSE	FALSE	FALSE
SRP131036	12	12	12	12	12			FALSE	FALSE	1			12	12	""	5	7	FALSE	FALSE	FALSE
SRP131038	56	14	14	14	56			FALSE	FALSE	4			28	28	""	16	12	FALSE	FALSE	TRUE
SRP131041	24	6	6	6	24			FALSE	FALSE	4			24	24	""	12	12	FALSE	FALSE	TRUE
SRP131049	21	18	18	9	21			FALSE	FALSE	1.167			21	21	""	15	6	FALSE	FALSE	TRUE
SRP131055	10	10	10	10	10			FALSE	FALSE	1			9	10	""	5	4	FALSE	FALSE	FALSE
SRP131084	88	88	88	88	88			FALSE	FALSE	1			26	26	in:source_name=medial prefrontal cortex	14	12	FALSE	FALSE	FALSE
SRP131096	8	8	8	8	8			FALSE	FALSE	1								FALSE	FALSE	FALSE
SRP131118	10	10	10	10	10			FALSE	FALSE	1			10	10	""	5	5	FALSE	FALSE	FALSE
SRP131124	78	78	78	78	78			FALSE	FALSE	1			71	72	ex:treatment week=0	48	23	FALSE	FALSE	FALSE
SRP131130	12	12	12	12	12			FALSE	FALSE	1			12	12	""	6	6	FALSE	FALSE	FALSE
SRP131136	13	13	13	4	13			FALSE	FALSE	1								FALSE	FALSE	FALSE
SRP131172	6	6	6	6	6			FALSE	FALSE	1								FALSE	FALSE	FALSE
SRP131197	18	18	18	18	18			FALSE	FALSE	1								FALSE	FALSE	FALSE
SRP131203	12	12	12	12	12			FALSE	FALSE	1			12	12	""	6	6	FALSE	FALSE	FALSE
SRP131224	16	8	8	8	16			FALSE	FALSE	2			16	16	""	8	8	FALSE	FALSE	TRUE
SRP131248	28	28	28	7	28			FALSE	FALSE	1			16	16	""	8	8	FALSE	FALSE	FALSE
SRP131276	6	6	6	2	6			FALSE	FALSE	1								FALSE	FALSE	FALSE
SRP131314	6	6	6	6	6			FALSE	FALSE	1								FALSE	FALSE	FALSE
SRP131329	6	6	6	6	6			FALSE	FALSE	1								FALSE	FALSE	FALSE
SRP131333	14	14	14	6	14			FALSE	FALSE	1			14	14	""	6	8	FALSE	FALSE	FALSE
SRP131336	12	12	12	12	12			FALSE	FALSE	1			12	12	""	6	6	FALSE	FALSE	FALSE
SRP131338	6	6	6	6	6			FALSE	FALSE	1								FALSE	FALSE	FALSE
SRP131355	18	18	18	18	18			FALSE	FALSE	1			14	18	""	7	7	FALSE	FALSE	FALSE
SRP131468	12	12	12	4	12			FALSE	FALSE	1								FALSE	FALSE	FALSE
SRP131471	18	6	18					FALSE	FALSE	3			6	18	""	3	3	FALSE	FALSE	FALSE
SRP131476	24	24	24					FALSE	FALSE	1								FALSE	FALSE	FALSE
SRP131481	6	6	6					FALSE	FALSE	1								FALSE	FALSE	FALSE
SRP131496	6	6	6	6	6			FALSE	FALSE	1								FALSE	FALSE	FALSE
SRP131509	19	19	19	19	19			FALSE	FALSE	1			19	19	""	10	9	FALSE	FALSE	FALSE
SRP131729	9	9	9	3	9			FALSE	FALSE	1								FALSE	FALSE	FALSE
SRP131764	138	69	69	69	138			FALSE	FALSE	2			70	70	in:tissue=macro-dissected prefrontal cortex	40	30	FALSE	FALSE	TRUE
SRP131771	10	10	10	10	10			FALSE	FALSE	1			10	10	""	5	5	FALSE	FALSE	FALSE
SRP131772	20	20	20	20	20			FALSE	FALSE	1			10	10	in:tissue=gonadal fat pad	5	5	FALSE	FALSE	FALSE
SRP131784	84	42	42	42	84			FALSE	FALSE	2			84	84	""	42	42	FALSE	FALSE	TRUE
SRP131792	6	6	6	6	6			FALSE	FALSE	1								FALSE	FALSE	FALSE
SRP131795	24	12	12	12	24			FALSE	FALSE	2			23	24	""	15	8	FALSE	FALSE	TRUE
SRP131850	13	13	13	13	13			FALSE	FALSE	1			13	13	""	7	6	FALSE	FALSE	FALSE
SRP131855	24	24	24	24	24			FALSE	FALSE	1			24	24	""	12	12	FALSE	FALSE	FALSE
SRP131861	12	12	12	12	12			FALSE	FALSE	1								FALSE	FALSE	FALSE
SRP131869	6	6	6	6	6			FALSE	FALSE	1								FALSE	FALSE	FALSE
SRP131877	39	39	39	39	39			FALSE	FALSE	1			31	32	ex:t cell phenotype=intermediate;ex:t cell phenotype=n.a.	18	13	FALSE	FALSE	FALSE
SRP131916	12	12	12	12	12			FALSE	FALSE	1			12	12	""	6	6	FALSE	FALSE	FALSE
SRP131949	37	37	37	37	37			FALSE	FALSE	1			30	30	ex:t cell phenotype=intermediate;ex:t cell phenotype=n.a.	15	15	FALSE	FALSE	FALSE
SRP132086	7	7	7	7	7			FALSE	FALSE	1								FALSE	FALSE	FALSE
SRP132110	11	3	11	3	11			FALSE	FALSE	3.667								FALSE	FALSE	FALSE
SRP132184	18	18	18	6	18			FALSE	FALSE	1			18	18	""	9	9	FALSE	FALSE	FALSE
SRP132231	10	2	10	2	10			FALSE	FALSE	5			10	10	""	5	5	FALSE	FALSE	TRUE
SRP132259	24	12	12	12	24			FALSE	FALSE	2			12	12	in:cell type=microglia	6	6	FALSE	FALSE	FALSE
SRP132264	20	20	20	20	20			FALSE	FALSE	1			10	10	in:tissue=trigeminal ganglia	5	5	FALSE	FALSE	FALSE
SRP132283	30	30	30	30	30			FALSE	FALSE	1			13	18	ex:tissue=remote zone left ventricular tissue post myocardial infarction;ex:tissue=infarct zone left ventricular tissue;subj:sample type	6	7	TRUE	FALSE	FALSE
SRP132397	12	12	12	12	12			FALSE	FALSE	1			8	8	""	4	4	FALSE	FALSE	FALSE
SRP132399	10	10	10	2	10			FALSE	FALSE	1			10	10	""	5	5	FALSE	FALSE	FALSE
SRP132400	11	11	11	11	11			FALSE	FALSE	1			11	11	""	6	5	FALSE	FALSE	FALSE
SRP132407	14	12	12	12	14			FALSE	FALSE	1.167			14	14	""	6	8	FALSE	FALSE	TRUE
SRP132471	30	10	10	10	30			FALSE	FALSE	3			30	30	""	15	15	FALSE	FALSE	TRUE
SRP132477	1783	230	230	230	1783			FALSE	FALSE	7.752			305	305	in:region=nucleus accumbens	160	145	FALSE	FALSE	TRUE
SRP132516	18	6	6	6	18			FALSE	FALSE	3			18	18	""	9	9	FALSE	FALSE	TRUE
SRP132526	24	6	6	2	24			FALSE	FALSE	4			24	24	""	12	12	FALSE	FALSE	TRUE
SRP132536	6	6	6	6	6			FALSE	FALSE	1								FALSE	FALSE	FALSE
SRP132586	45	32	32	32	45			FALSE	FALSE	1.406			9	9	in:tissue=lung	4	5	FALSE	FALSE	FALSE
SRP132678	48	48	48	48	48			FALSE	FALSE	1			32	32	""	16	16	FALSE	FALSE	FALSE
SRP132702	6	6	6	6	6			FALSE	FALSE	1								FALSE	FALSE	FALSE
SRP132851	16	16	16	16	16			FALSE	FALSE	1			9	9	in:intravenous infection=challenged with lcmvwt	4	5	FALSE	FALSE	FALSE
SRP132854	12	12	12	12	12			FALSE	FALSE	1			11	12	""	6	5	FALSE	FALSE	FALSE
SRP132873	36	36	36	36	36			FALSE	FALSE	1			11	12	in:developmental stage=e12.5	4	7	FALSE	FALSE	FALSE
SRP132899	8	8	8	8	8			FALSE	FALSE	1			8	8	""	4	4	FALSE	FALSE	FALSE
SRP132907	6	6	6	6	6			FALSE	FALSE	1								FALSE	FALSE	FALSE
SRP132926	22	22	22	22	22			FALSE	FALSE	1			22	22	""	11	11	FALSE	FALSE	FALSE
SRP132927	12	12	12	12	12			FALSE	FALSE	1			12	12	""	6	6	FALSE	FALSE	FALSE
SRP132932	26	26	26	26	26			FALSE	FALSE	1			11	11	""	4	7	FALSE	FALSE	FALSE
SRP132960	30	30	30	9	30			FALSE	FALSE	1			21	21	""	15	6	FALSE	FALSE	FALSE
SRP132983	6	6	6	6	6			FALSE	FALSE	1								FALSE	FALSE	FALSE
SRP132985	6	6	6	2	6			FALSE	FALSE	1								FALSE	FALSE	FALSE
SRP132997	31	31	31	31	31			FALSE	FALSE	1			31	31	""	13	18	FALSE	FALSE	FALSE
SRP133012	8	8	8	8	8			FALSE	FALSE	1			8	8	""	4	4	FALSE	FALSE	FALSE
SRP133024	12	12	12	12	12			FALSE	FALSE	1			12	12	subj:isolate	6	6	TRUE	FALSE	FALSE
SRP133035	12	12	12					FALSE	FALSE	1			12	12	""	6	6	FALSE	FALSE	FALSE
SRP133057	17	17	17	17	17			FALSE	FALSE	1			15	15	""	8	7	FALSE	FALSE	FALSE
SRP133064	21	7	7	7	21			FALSE	FALSE	3			21	21	""	9	12	FALSE	FALSE	TRUE
SRP133158	76	76	76	1	1			FALSE	FALSE	1			14	14	ex:tissue=embryonic fibroblast	7	7	FALSE	FALSE	FALSE
SRP133168	12	4	12	4	12			FALSE	FALSE	3			12	12	""	6	6	FALSE	FALSE	TRUE
SRP133169	34	34	34	8	34			FALSE	FALSE	1			13	14	""	4	9	FALSE	FALSE	FALSE
SRP133190	13	13	13					FALSE	FALSE	1			13	13	""	7	6	FALSE	FALSE	FALSE
SRP133267	12	4	12	4	12			FALSE	FALSE	3								FALSE	FALSE	FALSE
SRP133375	28	28	28	28	28			FALSE	FALSE	1			24	28	""	13	11	FALSE	FALSE	FALSE
SRP133436	40	40	40	40	40			FALSE	FALSE	1								FALSE	FALSE	FALSE
SRP133469	9	9	9	9	9			FALSE	FALSE	1								FALSE	FALSE	FALSE
SRP133481	15	15	15	15	15			FALSE	FALSE	1			7	8	ex:treatment=nifedipine;ex:treatment=control	4	3	FALSE	FALSE	FALSE
SRP133489	38	21	21	4	38			FALSE	FALSE	1.81			38	38	""	22	16	FALSE	FALSE	TRUE
SRP133491	6	6	6	2	6			FALSE	FALSE	1								FALSE	FALSE	FALSE
SRP133512	8	8	8	8	8			FALSE	FALSE	1			8	8	""	4	4	FALSE	FALSE	FALSE
SRP133520	13	13	13	13	13			FALSE	FALSE	1			10	10	in:source_name=lung	4	6	FALSE	FALSE	FALSE
SRP133579	6	6	6	6	6			FALSE	FALSE	1								FALSE	FALSE	FALSE
SRP133622	36	36	36	12	36			FALSE	FALSE	1								FALSE	FALSE	FALSE
SRP133656	6	6	6	6	6			FALSE	FALSE	1								FALSE	FALSE	FALSE
SRP133734	39	39	39	39	39			FALSE	FALSE	1			14	15	ex:source_name=prostate cancer metastasis	6	8	FALSE	FALSE	FALSE
SRP133742	12	12	12	12	12			FALSE	FALSE	1			6	12	""	3	3	FALSE	FALSE	FALSE
SRP133751	24	6	6	6	24			FALSE	FALSE	4			24	24	""	12	12	FALSE	FALSE	TRUE
SRP133781	29	29	29	29	29			FALSE	FALSE	1			8	8	in:tissue=epithelial crypt	4	4	FALSE	FALSE	FALSE
SRP133892	24	12	12	12	24			FALSE	FALSE	2			12	12	in:source_name=microglia	6	6	FALSE	FALSE	FALSE
SRP133954	6	6	6	2	6			FALSE	FALSE	1								FALSE	FALSE	FALSE
SRP134051	63	63	63	47	63			FALSE	FALSE	1			14	17	in:source_name=drg;ex:source_name=cultured drg neurons;ex:source_name=adult brain	6	8	FALSE	FALSE	FALSE
SRP134085	6	6	6	2	6			FALSE	FALSE	1								FALSE	FALSE	FALSE
SRP134109	8	8	8	8	8			FALSE	FALSE	1			8	8	""	4	4	FALSE	FALSE	FALSE
SRP134115	23	23	23	23	23			FALSE	FALSE	1			9	9	in:rna sample type=flow through	5	4	FALSE	FALSE	FALSE
SRP134123	9	9	9	9	9			FALSE	FALSE	1								FALSE	FALSE	FALSE
SRP134146	12	12	12					FALSE	FALSE	1			12	12	""	6	6	FALSE	FALSE	FALSE
SRP134173	15	15	15	15	15			FALSE	FALSE	1								FALSE	FALSE	FALSE
SRP134193	12	12	12	4	12			FALSE	FALSE	1								FALSE	FALSE	FALSE
SRP134204	40	40	40	40	40			FALSE	FALSE	1			10	10	""	5	5	FALSE	FALSE	FALSE
SRP134208	8	8	8	8	8			FALSE	FALSE	1								FALSE	FALSE	FALSE
SRP134375	16	16	16	16	16			FALSE	FALSE	1			15	16	""	11	4	FALSE	FALSE	FALSE
SRP134573	6	6	6	6	6			FALSE	FALSE	1								FALSE	FALSE	FALSE
SRP134732	48	24	24	6	48			FALSE	FALSE	2			14	16	in:cell type=radial glia	6	8	FALSE	FALSE	FALSE
SRP134938	120	15	15	15	120			FALSE	FALSE	8			56	56	in:treatment=sham	24	32	FALSE	FALSE	TRUE
SRP134948	9	9	9	9	9			FALSE	FALSE	1								FALSE	FALSE	FALSE
SRP134969	14	14	14	14	14			FALSE	FALSE	1								FALSE	FALSE	FALSE
SRP135119	12	6	6	6	12			FALSE	FALSE	2			12	12	""	6	6	FALSE	FALSE	TRUE
SRP135229	16	16	16					FALSE	FALSE	1			16	16	""	8	8	FALSE	FALSE	FALSE
SRP135253	10	10	10	2	10			FALSE	FALSE	1			10	10	""	5	5	FALSE	FALSE	FALSE
SRP135297	35	14	14	14	35			FALSE	FALSE	2.5			14	14	in:cell type=germinal center b-cells;ex:genotype=tet2 knock-down	8	6	FALSE	FALSE	FALSE
SRP135491	14	14	14	14	14			FALSE	FALSE	1			14	14	""	6	8	FALSE	FALSE	FALSE
SRP135539	60	60	60	60	60			FALSE	FALSE	1			56	56	""	28	28	FALSE	FALSE	FALSE
SRP135678	24	24	24	24	24			FALSE	FALSE	1			23	24	""	20	3	FALSE	FALSE	FALSE
SRP135768	39	39	39	39	39			FALSE	FALSE	1			24	24	in:tissue=liver tissue	13	11	FALSE	FALSE	FALSE
SRP135978	10	10	10	10	10			FALSE	FALSE	1			8	10	""	3	5	FALSE	FALSE	FALSE
SRP136007	8	8	8					FALSE	FALSE	1								FALSE	FALSE	FALSE
SRP136232	18	18	18	18	18			FALSE	FALSE	1								FALSE	FALSE	FALSE
SRP136246	14	14	14	14	14			FALSE	FALSE	1			8	8	in:cell type=tumor-associated plasmacytoid dendritic cells (pdc)	4	4	FALSE	FALSE	FALSE
SRP136247	28	7	7	7	28			FALSE	FALSE	4			28	28	""	16	12	FALSE	FALSE	TRUE
SRP136251	28	28	28	28	28			FALSE	FALSE	1			8	8	in:source_name=lineage-scai-ckit+ cells from the bone marrow;ex:treatment=splenic transplant recipient	4	4	FALSE	FALSE	FALSE
SRP136270	24	24	24	24	24			FALSE	FALSE	1			24	24	""	12	12	FALSE	FALSE	FALSE
SRP136273	6	6	6	2	6			FALSE	FALSE	1								FALSE	FALSE	FALSE
SRP136319	6	6	6	2	6			FALSE	FALSE	1								FALSE	FALSE	FALSE
SRP136322	19	19	19	19	19			FALSE	FALSE	1			9	9	in:sgrna=none	4	5	FALSE	FALSE	FALSE
SRP136487	12	12	12	12	12			FALSE	FALSE	1								FALSE	FALSE	FALSE
SRP136492	12	12	12	4	12			FALSE	FALSE	1								FALSE	FALSE	FALSE
SRP136494	72	36	36	36	72			FALSE	FALSE	2			24	24	in:source_name=main olfactory epithelium (moe)	12	12	FALSE	FALSE	FALSE
SRP136522	6	6	6	6	6			FALSE	FALSE	1								FALSE	FALSE	FALSE
SRP136552	6	6	6	2	6			FALSE	FALSE	1								FALSE	FALSE	FALSE
SRP136558	24	24	24	24	24			FALSE	FALSE	1			12	12	ex:cell type=ap (adipose progenitor)	6	6	FALSE	FALSE	FALSE
SRP136563	6	6	6	2	6			FALSE	FALSE	1								FALSE	FALSE	FALSE
SRP136568	6	6	6	2	6			FALSE	FALSE	1								FALSE	FALSE	FALSE
SRP136602	9	9	9	9	9			FALSE	FALSE	1								FALSE	FALSE	FALSE
SRP136604	96	96	96	96	96			FALSE	FALSE	1			10	10	in:tissue=hippocampus	4	6	FALSE	FALSE	FALSE
SRP136620	6	6	6	6	6			FALSE	FALSE	1								FALSE	FALSE	FALSE
SRP136649	6	6	6	2	6			FALSE	FALSE	1								FALSE	FALSE	FALSE
SRP136714	24	24	24	24	24			FALSE	FALSE	1			24	24	""	12	12	FALSE	FALSE	FALSE
SRP136814	8	8	8	8	8			FALSE	FALSE	1			8	8	""	4	4	FALSE	FALSE	FALSE
SRP136850	24	12	12	12	24			FALSE	FALSE	2			24	24	""	12	12	FALSE	FALSE	TRUE
SRP136879	28	28	28	28	28			FALSE	FALSE	1			18	18	""	10	8	FALSE	FALSE	FALSE
SRP136890	16	16	16	16	16			FALSE	FALSE	1			8	8	in:tissue=inguinal wat	4	4	FALSE	FALSE	FALSE
SRP136954	10	10	10	10	10			FALSE	FALSE	1								FALSE	FALSE	FALSE
SRP136999	25	25	25	25	25			FALSE	FALSE	1			25	25	""	14	11	FALSE	FALSE	FALSE
SRP137001	6	6	6	6	6			FALSE	FALSE	1								FALSE	FALSE	FALSE
SRP137004	24	24	24	24	24			FALSE	FALSE	1								FALSE	FALSE	FALSE
SRP137009	33	33	33	33	33			FALSE	FALSE	1			18	18	in:tissue=cerebellum	7	11	FALSE	FALSE	FALSE
SRP137014	100	100	100	21	100			FALSE	FALSE	1			67	67	""	33	34	FALSE	FALSE	FALSE
SRP137053	16	16	16	16	16			FALSE	FALSE	1			8	8	in:tissue=brain - cerebral cortex (ctx)	4	4	FALSE	FALSE	FALSE
SRP137054	32	8	8	8	32			FALSE	FALSE	4			32	32	""	20	12	FALSE	FALSE	TRUE
SRP137093	145	145	145	145	145			FALSE	FALSE	1								FALSE	FALSE	FALSE
SRP137143	38	26	26	26	38			FALSE	FALSE	1.462			16	18	in:tissue=testis	7	9	FALSE	FALSE	FALSE
SRP137222	12	12	12	12	12			FALSE	FALSE	1			9	12	""	3	6	FALSE	FALSE	FALSE
SRP137649	7	7	7	7	7			FALSE	FALSE	1								FALSE	FALSE	FALSE
SRP137670	18	18	18	18	18			FALSE	FALSE	1			9	11	ex:treatment=gsk343;in:source_name=murine leukaemia cells	2	7	FALSE	FALSE	FALSE
SRP137694	6	6	6	6	6			FALSE	FALSE	1								FALSE	FALSE	FALSE
SRP137723	15	15	15	15	15			FALSE	FALSE	1			15	15	""	8	7	FALSE	FALSE	FALSE
SRP137764	9	9	9	3	9			FALSE	FALSE	1								FALSE	FALSE	FALSE
SRP137813	20	20	20	20	20			FALSE	FALSE	1			10	20	""	8	2	FALSE	FALSE	FALSE
SRP139039	30	30	30	26	30			FALSE	FALSE	1								FALSE	FALSE	FALSE
SRP139542	36	36	36	36	36			FALSE	FALSE	1			20	20	in:sample type=primary_tumor;ex:sample type=cell_line;ex:sample type=cell_line_derived_tumor	9	11	FALSE	FALSE	FALSE
SRP139544	12	12	12	12	12			FALSE	FALSE	1			12	12	""	6	6	FALSE	FALSE	FALSE
SRP139558	34	34	34	34	34			FALSE	FALSE	1			27	27	""	12	15	FALSE	FALSE	FALSE
SRP139599	18	18	18	18	18			FALSE	FALSE	1			18	18	""	9	9	FALSE	FALSE	FALSE
SRP139684	18	6	6	6	18			FALSE	FALSE	3			18	18	""	9	9	FALSE	FALSE	TRUE
SRP139727	8	8	8	4	8			FALSE	FALSE	1			8	8	""	4	4	FALSE	FALSE	FALSE
SRP139777	24	12	12	4	24			FALSE	FALSE	2			12	12	in:cell type=hematopoietic stem cells	6	6	FALSE	FALSE	FALSE
SRP139796	36	20	20	5	36			FALSE	FALSE	1.8			20	20	in:gestational day=4	16	4	FALSE	FALSE	FALSE
SRP139812	6	6	6	6	6			FALSE	FALSE	1								FALSE	FALSE	FALSE
SRP139827	11	11	11	3	11			FALSE	FALSE	1								FALSE	FALSE	FALSE
SRP139918	18	18	18	18	18			FALSE	FALSE	1			18	18	""	9	9	FALSE	FALSE	FALSE
SRP139927	6	6	6	6	6			FALSE	FALSE	1								FALSE	FALSE	FALSE
SRP139957	12	12	12	12	12			FALSE	FALSE	1			12	12	""	6	6	FALSE	FALSE	FALSE
SRP140014	6	6	6	6	6			FALSE	FALSE	1								FALSE	FALSE	FALSE
SRP140161	15	15	15	15	15			FALSE	FALSE	1			10	10	""	5	5	FALSE	FALSE	FALSE
SRP140436	8	8	8	8	8			FALSE	FALSE	1			8	8	""	4	4	FALSE	FALSE	FALSE
SRP140448	8	8	8	8	8			FALSE	FALSE	1			8	8	""	4	4	FALSE	FALSE	FALSE
SRP140490	19	19	19	19	19			FALSE	FALSE	1			19	19	""	11	8	FALSE	FALSE	FALSE
SRP140499	24	12	24	12	24			FALSE	FALSE	2			12	24	subj:replicate	6	6	TRUE	FALSE	FALSE
SRP140561	18	18	18	6	18			FALSE	FALSE	1								FALSE	FALSE	FALSE
SRP140823	6	6	6	6	6			FALSE	FALSE	1								FALSE	FALSE	FALSE
SRP140882	14	14	14	14	14			FALSE	FALSE	1								FALSE	FALSE	FALSE
SRP141016	80	10	10	10	80			FALSE	FALSE	8			80	80	""	40	40	FALSE	FALSE	TRUE
SRP141125	6	6	6	6	6			FALSE	FALSE	1								FALSE	FALSE	FALSE
SRP141139	6	6	6					FALSE	FALSE	1								FALSE	FALSE	FALSE
SRP141174	6	6	6	2	6			FALSE	FALSE	1								FALSE	FALSE	FALSE
SRP141181	62	62	62	62	62			FALSE	FALSE	1			36	36	in:cell type=treg;ex:cell type=foxp3-transduced tconv;ex:cell type=control-transduced tconv	18	18	FALSE	FALSE	FALSE
SRP141266	128	32	32	32	128			FALSE	FALSE	4			64	64	in:tissue=inguinal adipose tissue	32	32	FALSE	FALSE	TRUE
SRP141458	72	24	24	24	72			FALSE	FALSE	3			12	12	in:experiment type=in vivo;in:tissue=hippocampus;in:treatment=none	6	6	FALSE	FALSE	FALSE
SRP142316	8	8	8	8	8			FALSE	FALSE	1			8	8	""	4	4	FALSE	FALSE	FALSE
SRP142325	16	4	4	4	16			FALSE	FALSE	4			10	16	""	6	4	FALSE	FALSE	TRUE
SRP142367	12	12	12	12	12			FALSE	FALSE	1								FALSE	FALSE	FALSE
SRP142481	36	27	27	11	36			FALSE	FALSE	1.333			8	8	in:source_name=ewat	4	4	FALSE	FALSE	FALSE
SRP142522	6	2	6	2	6			FALSE	FALSE	3								FALSE	FALSE	FALSE
SRP142524	45	45	45	45	45			FALSE	FALSE	1			10	10	subj:isolate	6	4	TRUE	FALSE	FALSE
SRP142645	30	30	30	14	30			FALSE	FALSE	1								FALSE	FALSE	FALSE
SRP142711	40	20	20	16	40			FALSE	FALSE	2			20	20	in:cell type=cd4+foxp3+ treg cells	10	10	FALSE	FALSE	FALSE
SRP142757	6	6	6	6	6			FALSE	FALSE	1								FALSE	FALSE	FALSE
SRP143461	17	17	17	17	17			FALSE	FALSE	1			17	17	""	7	10	FALSE	FALSE	FALSE
SRP143487	13	13	13	13	13			FALSE	FALSE	1			13	13	in:fraction=input rna	6	7	FALSE	FALSE	FALSE
SRP143532	18	18	18					FALSE	FALSE	1								FALSE	FALSE	FALSE
SRP143553	11	11	11	11	11			FALSE	FALSE	1								FALSE	FALSE	FALSE
SRP143555	12	12	12	12	12			FALSE	FALSE	1								FALSE	FALSE	FALSE
SRP143632	9	9	9					FALSE	FALSE	1								FALSE	FALSE	FALSE
SRP143686	40	40	40	40	40			FALSE	FALSE	1			10	10	in:mouse line=mettl3-nex-creert2;in:treatment=box	5	5	FALSE	FALSE	FALSE
SRP143964	18	6	18					FALSE	FALSE	3								FALSE	FALSE	FALSE
SRP143991	6	6	6	6	6			FALSE	FALSE	1								FALSE	FALSE	FALSE
SRP144020	13	13	13	13	13			FALSE	FALSE	1			9	9	""	5	4	FALSE	FALSE	FALSE
SRP144047	14	14	14	14	14			FALSE	FALSE	1			7	8	""	3	4	FALSE	FALSE	FALSE
SRP144078	7	7	7	2	7			FALSE	FALSE	1								FALSE	FALSE	FALSE
SRP144088	8	8	8	8	8			FALSE	FALSE	1			8	8	""	4	4	FALSE	FALSE	FALSE
SRP144211	16	16	16	16	16			FALSE	FALSE	1			16	16	subj:mouse id tag	8	8	TRUE	FALSE	FALSE
SRP144301	9	9	9	9	9			FALSE	FALSE	1			5	9	""	4	1	FALSE	FALSE	FALSE
SRP144317	22	22	22	22	22			FALSE	FALSE	1			12	12	in:tissue=ventral striatum	6	6	FALSE	FALSE	FALSE
SRP144330	7	7	7	2	7			FALSE	FALSE	1								FALSE	FALSE	FALSE
SRP144341	251	51	51	51	251			FALSE	FALSE	4.922			45	45	in:tissue=liver	25	20	FALSE	FALSE	FALSE
SRP144372	6	6	6	6	6			FALSE	FALSE	1								FALSE	FALSE	FALSE
SRP144388	27	27	27	27	27			FALSE	FALSE	1			27	27	""	13	14	FALSE	FALSE	FALSE
SRP144509	10	10	10					FALSE	FALSE	1								FALSE	FALSE	FALSE
SRP144584	70	48	48	48	70			FALSE	FALSE	1.458			16	16	in:tissue=liver	8	8	FALSE	FALSE	FALSE
SRP144587	18	9	9	9	18			FALSE	FALSE	2			12	12	ex:estrous cycle stage=na	6	6	FALSE	FALSE	TRUE
SRP144638	15	15	15	15	15			FALSE	FALSE	1			8	8	in:tissue=cerebellum	4	4	FALSE	FALSE	FALSE
SRP144689	12	12	12	12	12			FALSE	FALSE	1			12	12	""	6	6	FALSE	FALSE	FALSE
SRP144690	8	8	8	8	8			FALSE	FALSE	1			8	8	""	4	4	FALSE	FALSE	FALSE
SRP144717	12	12	12	12	12			FALSE	FALSE	1								FALSE	FALSE	FALSE
SRP144907	32	32	32	32	32			FALSE	FALSE	1			6	11	in:stage=mii	4	2	FALSE	FALSE	FALSE
SRP144932	46	46	46	46	46			FALSE	FALSE	1			18	18	in:tissue=hypothalamic punch;in:dev_stage=e18.5	9	9	FALSE	FALSE	FALSE
SRP144989	23	23	23	5	23			FALSE	FALSE	1			12	12	in:tissue=left atrium	6	6	FALSE	FALSE	FALSE
SRP145021	9	9	9	9	9			FALSE	FALSE	1			9	9	""	4	5	FALSE	FALSE	FALSE
SRP145066	6	6	6	2	6			FALSE	FALSE	1								FALSE	FALSE	FALSE
SRP145067	36	36	36	36	36			FALSE	FALSE	1			27	36	""	17	10	FALSE	FALSE	FALSE
SRP145104	11	11	11	11	11			FALSE	FALSE	1			11	11	""	7	4	FALSE	FALSE	FALSE
SRP145116	12	12	12	12	12			FALSE	FALSE	1			8	8	in:treatment=vehicle	4	4	FALSE	FALSE	FALSE
SRP145144	14	14	14	14	14			FALSE	FALSE	1			14	14	""	6	8	FALSE	FALSE	FALSE
SRP145318	15	5	15					FALSE	FALSE	3								FALSE	FALSE	FALSE
SRP145339	6	6	6					FALSE	FALSE	1								FALSE	FALSE	FALSE
SRP145412	17	17	17	17	17			FALSE	FALSE	1			14	17	""	10	4	FALSE	FALSE	FALSE
SRP145604	15	15	15	15	15			FALSE	FALSE	1			10	10	""	5	5	FALSE	FALSE	FALSE
SRP145605	375	47	47	47	375			FALSE	FALSE	7.979			191	191	in:tissue=duodenum	96	95	FALSE	FALSE	TRUE
SRP145607	168	21	21	21	168			FALSE	FALSE	8			168	168	""	72	96	FALSE	FALSE	TRUE
SRP145671	19	19	19	19	19			FALSE	FALSE	1			19	19	""	13	6	FALSE	FALSE	FALSE
SRP146079	12	12	12	12	12			FALSE	FALSE	1								FALSE	FALSE	FALSE
SRP147103	6	6	6	2	6			FALSE	FALSE	1								FALSE	FALSE	FALSE
SRP147556	10	10	10	10	10			FALSE	FALSE	1			7	10	""	4	3	FALSE	FALSE	FALSE
SRP147557	10	10	10	10	10			FALSE	FALSE	1								FALSE	FALSE	FALSE
SRP148141	10	10	10	10	10			FALSE	FALSE	1								FALSE	FALSE	FALSE
SRP148279	6	6	6	6	6			FALSE	FALSE	1								FALSE	FALSE	FALSE
SRP148281	96	12	12	12	96			FALSE	FALSE	8			96	96	""	48	48	FALSE	FALSE	TRUE
SRP148282	96	12	12	12	96			FALSE	FALSE	8			96	96	""	48	48	FALSE	FALSE	TRUE
SRP148283	128	16	16	16	128			FALSE	FALSE	8			72	72	in:tissue=ovary	40	32	FALSE	FALSE	TRUE
SRP148291	12	12	12					FALSE	FALSE	1								FALSE	FALSE	FALSE
SRP148411	21	21	21	3	21			FALSE	FALSE	1			14	14	""	7	7	FALSE	FALSE	FALSE
SRP148418	40	40	40	40	40			FALSE	FALSE	1			10	10	in:tissue=liver	5	5	FALSE	FALSE	FALSE
SRP148491	65	65	65	35	65			FALSE	FALSE	1			31	32	in:tissue=medulla	21	10	FALSE	FALSE	FALSE
SRP148492	18	18	18	6	18			FALSE	FALSE	1								FALSE	FALSE	FALSE
SRP148574	50	50	50	50	50			FALSE	FALSE	1			21	23	in:developmental stage=p30	12	9	FALSE	FALSE	FALSE
SRP148616	6	6	6	2	6			FALSE	FALSE	1								FALSE	FALSE	FALSE
SRP148959	32	32	32	32	32			FALSE	FALSE	1			8	8	in:agent=control	4	4	FALSE	FALSE	FALSE
SRP148972	18	18	18	18	18			FALSE	FALSE	1								FALSE	FALSE	FALSE
SRP148980	6	6	6	2	6			FALSE	FALSE	1								FALSE	FALSE	FALSE
SRP148996	7	7	7	7	7			FALSE	FALSE	1								FALSE	FALSE	FALSE
SRP148999	75	72	72	18	75			FALSE	FALSE	1.042			49	49	""	25	24	FALSE	FALSE	FALSE
SRP149000	12	12	12	12	12			FALSE	FALSE	1			12	12	""	6	6	FALSE	FALSE	FALSE
SRP149072	16	16	16	16	16			FALSE	FALSE	1			12	12	""	5	7	FALSE	FALSE	FALSE
SRP149099	15	15	15	15	15			FALSE	FALSE	1			8	8	in:age=2 week old	4	4	FALSE	FALSE	FALSE
SRP149124	12	12	12	12	12			FALSE	FALSE	1			12	12	""	6	6	FALSE	FALSE	FALSE
SRP149128	8	8	8	8	8			FALSE	FALSE	1			8	8	""	4	4	FALSE	FALSE	FALSE
SRP149158	24	6	6	6	24			FALSE	FALSE	4			24	24	""	12	12	FALSE	FALSE	TRUE
SRP149159	52	13	13	13	52			FALSE	FALSE	4			52	52	""	28	24	FALSE	FALSE	TRUE
SRP149190	8	8	8	8	8			FALSE	FALSE	1			8	8	""	4	4	FALSE	FALSE	FALSE
SRP149278	6	6	6	6	6			FALSE	FALSE	1								FALSE	FALSE	FALSE
SRP149344	15	15	15	15	15			FALSE	FALSE	1			10	10	""	5	5	FALSE	FALSE	FALSE
SRP149357	72	72	72	72	72			FALSE	FALSE	1			48	48	""	24	24	FALSE	FALSE	FALSE
SRP149422	48	12	12	12	48			FALSE	FALSE	4			32	32	""	16	16	FALSE	FALSE	TRUE
SRP149427	6	6	6	6	6			FALSE	FALSE	1								FALSE	FALSE	FALSE
SRP149483	8	8	8	8	8			FALSE	FALSE	1			4	8	""	1	3	FALSE	FALSE	FALSE
SRP149485	6	6	6	6	6			FALSE	FALSE	1								FALSE	FALSE	FALSE
SRP149487	8	8	8	8	8			FALSE	FALSE	1			8	8	""	4	4	FALSE	FALSE	FALSE
SRP149490	16	16	16	16	16			FALSE	FALSE	1			8	8	""	4	4	FALSE	FALSE	FALSE
SRP149497	6	6	6	6	6			FALSE	FALSE	1								FALSE	FALSE	FALSE
SRP149553	6	6	6	6	6			FALSE	FALSE	1								FALSE	FALSE	FALSE
SRP149657	6	6	6	2	6			FALSE	FALSE	1								FALSE	FALSE	FALSE
SRP149696	11	11	11	4	11			FALSE	FALSE	1								FALSE	FALSE	FALSE
SRP149803	32	32	32	32	32			FALSE	FALSE	1			8	8	in:tissue compartment=epidermis;in:treatment=untreated	4	4	FALSE	FALSE	FALSE
SRP149826	7	7	7	7	7			FALSE	FALSE	1								FALSE	FALSE	FALSE
SRP149892	36	36	36	12	36			FALSE	FALSE	1								FALSE	FALSE	FALSE
SRP149957	18	18	18	6	18			FALSE	FALSE	1			18	18	""	9	9	FALSE	FALSE	FALSE
SRP149974	6	6	6	6	6			FALSE	FALSE	1								FALSE	FALSE	FALSE
SRP150004	28	14	14	14	28			FALSE	FALSE	2			21	24	""	8	13	FALSE	FALSE	TRUE
SRP150023	9	9	9	9	9			FALSE	FALSE	1								FALSE	FALSE	FALSE
SRP150090	6	6	6	6	6			FALSE	FALSE	1								FALSE	FALSE	FALSE
SRP150211	12	12	12	12	12			FALSE	FALSE	1			12	12	""	6	6	FALSE	FALSE	FALSE
SRP150238	24	24	24					FALSE	FALSE	1			18	18	subj:isolate	6	12	TRUE	FALSE	FALSE
SRP150255	9	9	9	9	9			FALSE	FALSE	1								FALSE	FALSE	FALSE
SRP150269	78	78	78	78	78			FALSE	FALSE	1			48	48	in:dose=repeated	25	23	FALSE	FALSE	FALSE
SRP150310	12	12	12	12	12			FALSE	FALSE	1			12	12	""	6	6	FALSE	FALSE	FALSE
SRP150347	16	8	8	8	16			FALSE	FALSE	2			16	16	""	8	8	FALSE	FALSE	TRUE
SRP150400	6	6	6	2	6			FALSE	FALSE	1								FALSE	FALSE	FALSE
SRP150424	12	6	6	2	12			FALSE	FALSE	2								FALSE	FALSE	FALSE
SRP150440	9	9	9	3	9			FALSE	FALSE	1								FALSE	FALSE	FALSE
SRP150452	63	63	63	42	63			FALSE	FALSE	1			51	51	in:sex=male	26	25	FALSE	FALSE	FALSE
SRP150672	6	6	6	6	6			FALSE	FALSE	1								FALSE	FALSE	FALSE
SRP150687	192	96	96	96	192			FALSE	FALSE	2			55	64	in:mouse strain=c57/bl6	25	30	FALSE	FALSE	FALSE
SRP150689	18	18	18	18	18			FALSE	FALSE	1								FALSE	FALSE	FALSE
SRP150721	14	7	7	3	14			FALSE	FALSE	2			14	14	""	6	8	FALSE	FALSE	TRUE
SRP150787	16	16	16	16	16			FALSE	FALSE	1			8	8	in:cell type=granulocyte-monocyte progenitors (gmps), lin-ckit+sca1-cd150-cd16/32+	4	4	FALSE	FALSE	FALSE
SRP150873	15	15	15	15	15			FALSE	FALSE	1			9	15	""	3	6	FALSE	FALSE	FALSE
SRP150874	13	13	13	13	13			FALSE	FALSE	1			13	13	""	7	6	FALSE	FALSE	FALSE
SRP151014	44	44	44	44	44			FALSE	FALSE	1			22	24	in:treatment=steady state	11	11	FALSE	FALSE	FALSE
SRP151030	9	9	9	9	9			FALSE	FALSE	1								FALSE	FALSE	FALSE
SRP151097	13	13	13					FALSE	FALSE	1			13	13	subj:isolate	7	6	TRUE	FALSE	FALSE
SRP151151	85	85	85					FALSE	FALSE	1			75	75	""	37	38	FALSE	FALSE	FALSE
SRP151246	12	12	12	12	12			FALSE	FALSE	1			12	12	""	6	6	FALSE	FALSE	FALSE
SRP151272	6	6	6	6	6			FALSE	FALSE	1								FALSE	FALSE	FALSE
SRP151277	80	80	80					FALSE	FALSE	1			80	80	""	60	20	FALSE	FALSE	FALSE
SRP151280	22	22	22	22	22			FALSE	FALSE	1			11	11	in:tissue=intraepithelium	5	6	FALSE	FALSE	FALSE
SRP151290	60	60	60	15	60			FALSE	FALSE	1			10	40	in:genotype/variation=wild type;subj:source_name	5	5	TRUE	FALSE	FALSE
SRP151295	6	6	6	2	6			FALSE	FALSE	1								FALSE	FALSE	FALSE
SRP151298	24	24	24					FALSE	FALSE	1			24	24	""	12	12	FALSE	FALSE	FALSE
SRP151308	101	101	101					FALSE	FALSE	1			16	16	in:day=day4	8	8	FALSE	FALSE	FALSE
SRP151332	12	12	12					FALSE	FALSE	1			12	12	""	6	6	FALSE	FALSE	FALSE
SRP151414	12	12	12	12	12			FALSE	FALSE	1								FALSE	FALSE	FALSE
SRP151441	90	90	90					FALSE	FALSE	1			20	20	in:day=day 7	10	10	FALSE	FALSE	FALSE
SRP151455	45	45	45					FALSE	FALSE	1			19	19	in:tissue=tumor	10	9	FALSE	FALSE	FALSE
SRP151474	22	11	11	11	22			FALSE	FALSE	2			10	10	""	6	4	FALSE	FALSE	FALSE
SRP151481	30	30	30	30	30			FALSE	FALSE	1								FALSE	FALSE	FALSE
SRP151489	23	23	23	6	23			FALSE	FALSE	1			8	8	""	4	4	FALSE	FALSE	FALSE
SRP151504	21	21	21	21	21			FALSE	FALSE	1								FALSE	FALSE	FALSE
SRP151536	15	15	15	15	15			FALSE	FALSE	1			15	15	""	6	9	FALSE	FALSE	FALSE
SRP151561	85	85	85					FALSE	FALSE	1			75	75	ex:treatment=untreated	38	37	FALSE	FALSE	FALSE
SRP151595	23	23	23	23	23			FALSE	FALSE	1			15	15	ex:developmental stage=e18 embryo	9	6	FALSE	FALSE	FALSE
SRP151664	7	7	7	2	7			FALSE	FALSE	1								FALSE	FALSE	FALSE
SRP151677	29	29	29	6	29			FALSE	FALSE	1			29	29	""	14	15	FALSE	FALSE	FALSE
SRP151689	12	12	12	3	12			FALSE	FALSE	1			8	8	subj:isolate	4	4	TRUE	FALSE	FALSE
SRP151712	12	12	12	4	12			FALSE	FALSE	1								FALSE	FALSE	FALSE
SRP151726	20	20	20	20	20			FALSE	FALSE	1			12	20	""	6	6	FALSE	FALSE	FALSE
SRP151779	89	9	9	3	89			FALSE	FALSE	9.889			52	52	in:population=gp66:i-ab+	27	25	FALSE	FALSE	TRUE
SRP151853	15	15	15	15	15			FALSE	FALSE	1								FALSE	FALSE	FALSE
SRP151856	32	9	9	9	32			FALSE	FALSE	3.556								FALSE	FALSE	FALSE
SRP151888	19	19	19	19	19			FALSE	FALSE	1			12	12	""	7	5	FALSE	FALSE	FALSE
SRP151925	47	12	12	12	47			FALSE	FALSE	3.917			47	47	""	19	28	FALSE	FALSE	TRUE
SRP151927	15	15	15	15	15			FALSE	FALSE	1			10	10	""	5	5	FALSE	FALSE	FALSE
SRP151955	6	6	6	6	6			FALSE	FALSE	1								FALSE	FALSE	FALSE
SRP152146	30	30	30	30	30			FALSE	FALSE	1			12	12	in:tissue=brain-amygdala	6	6	FALSE	FALSE	FALSE
SRP152327	6	6	6	6	6			FALSE	FALSE	1								FALSE	FALSE	FALSE
SRP152570	20	20	20	20	20	animal_id	20	FALSE	TRUE	1	1	1	10	10	in:amphetamine treatment=saline;subj:animal_id	5	5	TRUE	FALSE	FALSE
SRP152623	6	6	6	2	6			FALSE	FALSE	1								FALSE	FALSE	FALSE
SRP152802	20	20	20	20	20			FALSE	FALSE	1								FALSE	FALSE	FALSE
SRP152817	6	6	6	6	6			FALSE	FALSE	1								FALSE	FALSE	FALSE
SRP152861	12	12	12	12	12			FALSE	FALSE	1			12	12	""	6	6	FALSE	FALSE	FALSE
SRP152871	14	14	14	14	14			FALSE	FALSE	1			10	10	""	4	6	FALSE	FALSE	FALSE
SRP152949	11	11	11	11	11			FALSE	FALSE	1								FALSE	FALSE	FALSE
SRP152966	72	72	72	24	72			FALSE	FALSE	1			36	36	""	18	18	FALSE	FALSE	FALSE
SRP153029	6	6	6	6	6			FALSE	FALSE	1								FALSE	FALSE	FALSE
SRP153030	10	10	10	10	10			FALSE	FALSE	1			10	10	""	5	5	FALSE	FALSE	FALSE
SRP153071	12	12	12	12	12			FALSE	FALSE	1			12	12	""	6	6	FALSE	FALSE	FALSE
SRP153101	15	15	15	15	15			FALSE	FALSE	1			12	12	""	8	4	FALSE	FALSE	FALSE
SRP153147	47	47	47	47	47			FALSE	FALSE	1			44	47	""	12	32	FALSE	FALSE	FALSE
SRP153157	53	53	53	53	53			FALSE	FALSE	1			8	8	ex:preparation=isolated, facs sorted, cultured	4	4	FALSE	FALSE	FALSE
SRP153160	24	24	24	24	24			FALSE	FALSE	1			12	12	""	6	6	FALSE	FALSE	FALSE
SRP153163	8	8	8	2	8			FALSE	FALSE	1			6	8	""	3	3	FALSE	FALSE	FALSE
SRP153200	25	25	25	25	25			FALSE	FALSE	1			25	25	""	13	12	FALSE	FALSE	FALSE
SRP153242	20	20	20	20	20			FALSE	FALSE	1			20	20	""	10	10	FALSE	FALSE	FALSE
SRP153337	6	6	6	2	6			FALSE	FALSE	1								FALSE	FALSE	FALSE
SRP153358	9	9	9	9	9			FALSE	FALSE	1								FALSE	FALSE	FALSE
SRP153374	8	8	8	8	8			FALSE	FALSE	1			8	8	""	4	4	FALSE	FALSE	FALSE
SRP153375	12	12	12	12	12			FALSE	FALSE	1			7	12	""	4	3	FALSE	FALSE	FALSE
SRP153814	54	54	54	18	54			FALSE	FALSE	1			36	36	""	18	18	FALSE	FALSE	FALSE
SRP153902	8	8	8	2	8			FALSE	FALSE	1			8	8	""	4	4	FALSE	FALSE	FALSE
SRP153906	18	18	18	18	18			FALSE	FALSE	1			12	12	""	6	6	FALSE	FALSE	FALSE
SRP154146	58	58	58	58	58			FALSE	FALSE	1			58	58	""	29	29	FALSE	FALSE	FALSE
SRP154207	8	8	8	8	8			FALSE	FALSE	1			8	8	""	4	4	FALSE	FALSE	FALSE
SRP154217	9	9	9	9	9			FALSE	FALSE	1								FALSE	FALSE	FALSE
SRP154319	13	4	13	1	13			FALSE	FALSE	3.25			13	13	""	5	8	FALSE	FALSE	TRUE
SRP154425	48	48	48	48	48			FALSE	FALSE	1			45	48	""	23	22	FALSE	FALSE	FALSE
SRP154465	16	16	16	16	16			FALSE	FALSE	1			14	16	""	8	6	FALSE	FALSE	FALSE
SRP154838	35	35	35	6	35			FALSE	FALSE	1			25	25	in:treatment=nd	11	14	FALSE	FALSE	FALSE
SRP154859	33	33	33	33	33			FALSE	FALSE	1			33	33	""	17	16	FALSE	FALSE	FALSE
SRP154872	136	12	12	12	136			FALSE	FALSE	11.333			100	100	""	32	68	FALSE	FALSE	TRUE
SRP154905	146	146	146	146	146			FALSE	FALSE	1			91	91	""	48	43	FALSE	FALSE	FALSE
SRP154932	12	12	12	12	12			FALSE	FALSE	1			12	12	""	5	7	FALSE	FALSE	FALSE
SRP154934	17	17	17	17	17			FALSE	FALSE	1			15	17	""	7	8	FALSE	FALSE	FALSE
SRP154935	14	14	14	14	14			FALSE	FALSE	1			9	14	""	3	6	FALSE	FALSE	FALSE
SRP154936	13	12	12	12	13			FALSE	FALSE	1.083								FALSE	FALSE	FALSE
SRP154937	6	6	6	6	6			FALSE	FALSE	1								FALSE	FALSE	FALSE
SRP154942	72	72	72					FALSE	FALSE	1			12	12	in:tissue=liver;in:time=3h	6	6	FALSE	FALSE	FALSE
SRP155020	535	59	59	59	535			FALSE	FALSE	9.068			141	142	in:source_name=pons;ex:genotype=unknown (repeat run) 1;ex:genotype=unknown (repeat run) 2	39	102	FALSE	FALSE	TRUE
SRP155044	10	6	6	6	10			FALSE	FALSE	1.667			8	10	""	3	5	FALSE	FALSE	TRUE
SRP155097	28	28	28	28	28			FALSE	FALSE	1			13	13	in:treatment=placebo (nacl)	7	6	FALSE	FALSE	FALSE
SRP155199	70	70	70	70	70			FALSE	FALSE	1			10	10	in:protocol=ribotag	5	5	FALSE	FALSE	FALSE
SRP155206	6	6	6	2	6			FALSE	FALSE	1								FALSE	FALSE	FALSE
SRP155323	8	8	8	8	8			FALSE	FALSE	1			7	8	""	3	4	FALSE	FALSE	FALSE
SRP155346	60	8	8	8	60			FALSE	FALSE	7.5			60	60	""	31	29	FALSE	FALSE	TRUE
SRP155372	10	10	10	2	10			FALSE	FALSE	1			10	10	""	5	5	FALSE	FALSE	FALSE
SRP155404	9	9	9	9	9			FALSE	FALSE	1			9	9	""	4	5	FALSE	FALSE	FALSE
SRP155414	8	8	8	2	8			FALSE	FALSE	1			8	8	""	4	4	FALSE	FALSE	FALSE
SRP155485	22	11	11	11	22			FALSE	FALSE	2			22	22	""	12	10	FALSE	FALSE	TRUE
SRP155684	18	18	18	18	18			FALSE	FALSE	1			18	18	""	12	6	FALSE	FALSE	FALSE
SRP155714	26	26	26	26	26			FALSE	FALSE	1			11	11	in:tissue=scwat	5	6	FALSE	FALSE	FALSE
SRP155757	18	18	18					FALSE	FALSE	1			17	17	ex:genotype=fus delta15	8	9	FALSE	FALSE	FALSE
SRP155836	26	26	26					FALSE	FALSE	1								FALSE	FALSE	FALSE
SRP155851	12	12	12	12	12			FALSE	FALSE	1			12	12	""	6	6	FALSE	FALSE	FALSE
SRP155931	14	14	14	14	14			FALSE	FALSE	1			14	14	""	8	6	FALSE	FALSE	FALSE
SRP155943	24	24	24	24	24			FALSE	FALSE	1			18	18	in:diet=fed ad libitum (labdiet, #5001)	9	9	FALSE	FALSE	FALSE
SRP155972	12	12	12	12	12			FALSE	FALSE	1								FALSE	FALSE	FALSE
SRP156050	7	7	7	2	7			FALSE	FALSE	1								FALSE	FALSE	FALSE
SRP156218	8	8	8	2	8			FALSE	FALSE	1			8	8	""	4	4	FALSE	FALSE	FALSE
SRP156226	17	17	17	17	17			FALSE	FALSE	1			10	10	in:age=postnatal day7	5	5	FALSE	FALSE	FALSE
SRP156264	8	8	8	8	8			FALSE	FALSE	1			8	8	""	4	4	FALSE	FALSE	FALSE
SRP156285	24	24	24	4	24			FALSE	FALSE	1			10	12	in:treatment=control	6	4	FALSE	FALSE	FALSE
SRP156448	26	26	26	26	26			FALSE	FALSE	1			25	26	""	12	13	FALSE	FALSE	FALSE
SRP156451	20	20	20	20	20			FALSE	FALSE	1								FALSE	FALSE	FALSE
SRP156476	8	8	8	8	8			FALSE	FALSE	1			8	8	""	4	4	FALSE	FALSE	FALSE
SRP156518	10	10	10	10	10			FALSE	FALSE	1			10	10	subj:isolate	5	5	TRUE	FALSE	FALSE
SRP156566	16	8	8	8	16			FALSE	FALSE	2			16	16	""	8	8	FALSE	FALSE	TRUE
SRP156577	34	34	34	34	34			FALSE	FALSE	1								FALSE	FALSE	FALSE
SRP156731	20	20	20	20	20			FALSE	FALSE	1								FALSE	FALSE	FALSE
SRP156859	18	18	18	4	18			FALSE	FALSE	1			12	12	in:tissue=whole kidney	6	6	FALSE	FALSE	FALSE
SRP156882	15	15	15	15	15			FALSE	FALSE	1								FALSE	FALSE	FALSE
SRP156888	12	12	12	12	12			FALSE	FALSE	1			12	12	""	6	6	FALSE	FALSE	FALSE
SRP157127	11	11	11	11	11			FALSE	FALSE	1								FALSE	FALSE	FALSE
SRP157610	6	6	6	6	6			FALSE	FALSE	1								FALSE	FALSE	FALSE
SRP157662	36	36	36	36	36			FALSE	FALSE	1								FALSE	FALSE	FALSE
SRP157873	22	2	22					FALSE	FALSE	11			20	22	""	9	11	FALSE	FALSE	TRUE
SRP157897	7	7	7					FALSE	FALSE	1								FALSE	FALSE	FALSE
SRP157900	24	12	12	12	24			FALSE	FALSE	2			24	24	""	12	12	FALSE	FALSE	TRUE
SRP157934	6	6	6	2	6			FALSE	FALSE	1								FALSE	FALSE	FALSE
SRP157978	18	18	18	18	18			FALSE	FALSE	1								FALSE	FALSE	FALSE
SRP158007	16	16	16	16	16			FALSE	FALSE	1			16	16	""	8	8	FALSE	FALSE	FALSE
SRP158103	12	12	12	4	12			FALSE	FALSE	1								FALSE	FALSE	FALSE
SRP158112	16	16	16	16	16			FALSE	FALSE	1			8	8	""	4	4	FALSE	FALSE	FALSE
SRP158162	44	2	2	2	44			FALSE	FALSE	22								FALSE	FALSE	FALSE
SRP158170	6	6	6					FALSE	FALSE	1								FALSE	FALSE	FALSE
SRP158292	12	12	12	4	12			FALSE	FALSE	1			12	12	""	6	6	FALSE	FALSE	FALSE
SRP158321	12	12	12	12	12			FALSE	FALSE	1								FALSE	FALSE	FALSE
SRP158333	6	6	6	6	6			FALSE	FALSE	1								FALSE	FALSE	FALSE
SRP158376	22	22	22	22	22			FALSE	FALSE	1			12	12	in:age=postnatal day 14	7	5	FALSE	FALSE	FALSE
SRP158415	96	24	24	24	96			FALSE	FALSE	4			22	64	""	9	13	FALSE	FALSE	FALSE
SRP158431	12	12	12	4	12			FALSE	FALSE	1								FALSE	FALSE	FALSE
SRP158432	11	11	11	11	11			FALSE	FALSE	1			7	8	""	4	3	FALSE	FALSE	FALSE
SRP158468	12	12	12	12	12			FALSE	FALSE	1			12	12	""	6	6	FALSE	FALSE	FALSE
SRP158518	15	15	15	15	15			FALSE	FALSE	1			15	15	""	7	8	FALSE	FALSE	FALSE
SRP158538	16	16	16	4	16			FALSE	FALSE	1			16	16	""	8	8	FALSE	FALSE	FALSE
SRP158627	24	12	12	12	24			FALSE	FALSE	2								FALSE	FALSE	FALSE
SRP158653	7	7	7	7	7			FALSE	FALSE	1								FALSE	FALSE	FALSE
SRP158678	67	67	67	67	67			FALSE	FALSE	1			29	32	in:cell type=prob	25	4	FALSE	FALSE	FALSE
SRP158682	72	72	72	72	72			FALSE	FALSE	1								FALSE	FALSE	FALSE
SRP158761	17	17	17	17	17			FALSE	FALSE	1			17	17	""	6	11	FALSE	FALSE	FALSE
SRP158763	21	21	21	21	21			FALSE	FALSE	1								FALSE	FALSE	FALSE
SRP158796	8	8	8	8	8			FALSE	FALSE	1			8	8	""	4	4	FALSE	FALSE	FALSE
SRP158887	16	8	8	8	16			FALSE	FALSE	2			16	16	""	10	6	FALSE	FALSE	TRUE
SRP158995	32	32	32	32	32			FALSE	FALSE	1			16	16	""	8	8	FALSE	FALSE	FALSE
SRP158999	15	13	13	13	15			FALSE	FALSE	1.154			10	10	""	5	5	FALSE	FALSE	FALSE
SRP159004	6	6	6	2	6			FALSE	FALSE	1								FALSE	FALSE	FALSE
SRP159006	6	6	6	2	6			FALSE	FALSE	1								FALSE	FALSE	FALSE
SRP159017	8	8	8	2	8			FALSE	FALSE	1								FALSE	FALSE	FALSE
SRP159048	6	6	6	6	6			FALSE	FALSE	1								FALSE	FALSE	FALSE
SRP159065	8	8	8	8	8			FALSE	FALSE	1			8	8	""	4	4	FALSE	FALSE	FALSE
SRP159090	9	9	9	3	9			FALSE	FALSE	1								FALSE	FALSE	FALSE
SRP159121	56	4	56					FALSE	FALSE	14			38	38	""	19	19	FALSE	FALSE	TRUE
SRP159242	6	6	6	6	6			FALSE	FALSE	1								FALSE	FALSE	FALSE
SRP159433	7	7	7	7	7			FALSE	FALSE	1								FALSE	FALSE	FALSE
SRP159455	48	12	12	12	48	mouse	12	TRUE	FALSE	4	1	4						FALSE	FALSE	FALSE
SRP159463	12	12	12	12	12			FALSE	FALSE	1			6	12	""	4	2	FALSE	FALSE	FALSE
SRP159502	19	6	6	6	19			FALSE	FALSE	3.167			19	19	""	6	13	FALSE	FALSE	TRUE
SRP159556	13	13	13	13	13			FALSE	FALSE	1								FALSE	FALSE	FALSE
SRP159568	8	8	8	4	8			FALSE	FALSE	1			8	8	""	4	4	FALSE	FALSE	FALSE
SRP159579	15	15	15	15	15			FALSE	FALSE	1								FALSE	FALSE	FALSE
SRP159645	35	35	35	8	35			FALSE	FALSE	1			29	29	in:tissue=left hippocampus, ca region	15	14	FALSE	FALSE	FALSE
SRP159653	12	4	4	4	12			FALSE	FALSE	3			9	12	""	3	6	FALSE	FALSE	TRUE
SRP159688	17	17	17	17	17			FALSE	FALSE	1			17	17	""	13	4	FALSE	FALSE	FALSE
SRP159985	9	9	9					FALSE	FALSE	1								FALSE	FALSE	FALSE
SRP160110	10	10	10	10	10			FALSE	FALSE	1			10	10	""	6	4	FALSE	FALSE	FALSE
SRP160439	8	8	8	8	8			FALSE	FALSE	1			8	8	""	4	4	FALSE	FALSE	FALSE
SRP160525	6	6	6	6	6			FALSE	FALSE	1								FALSE	FALSE	FALSE
SRP160877	12	12	12	12	12			FALSE	FALSE	1			12	12	""	6	6	FALSE	FALSE	FALSE
SRP160883	19	19	19	19	19			FALSE	FALSE	1			15	15	""	10	5	FALSE	FALSE	FALSE
SRP160894	54	54	54	16	54			FALSE	FALSE	1			12	12	""	6	6	FALSE	FALSE	FALSE
SRP161452	32	16	16	16	32			FALSE	FALSE	2			32	32	""	16	16	FALSE	FALSE	TRUE
SRP161460	8	8	8	8	8			FALSE	FALSE	1			8	8	""	4	4	FALSE	FALSE	FALSE
SRP161461	96	48	48	48	96			FALSE	FALSE	2			96	96	""	48	48	FALSE	FALSE	TRUE
SRP161497	10	10	10	4	10			FALSE	FALSE	1								FALSE	FALSE	FALSE
SRP161564	110	110	110	110	110	mouse number	30	TRUE	FALSE	1	3.667	3.667	110	110	""	49	61	FALSE	TRUE	FALSE
SRP161565	17	17	17	17	17			FALSE	FALSE	1			8	9	in:tissue=whole blood	4	4	FALSE	FALSE	FALSE
SRP161566	124	124	124	124	124			FALSE	FALSE	1			31	31	in:tissue=whole lung	19	12	FALSE	FALSE	FALSE
SRP161569	97	97	97	97	97			FALSE	FALSE	1			97	97	""	49	48	FALSE	FALSE	FALSE
SRP161570	107	107	107	107	107	mouse number	21	TRUE	FALSE	1	5.095	5.095	107	107	""	49	58	FALSE	TRUE	FALSE
SRP161726	40	40	40	40	40			FALSE	FALSE	1			40	40	""	21	19	FALSE	FALSE	FALSE
SRP161775	18	18	18	18	18			FALSE	FALSE	1			8	8	""	4	4	FALSE	FALSE	FALSE
SRP161811	16	8	8	8	16			FALSE	FALSE	2			6	16	subj:mouse id number	3	3	TRUE	FALSE	FALSE
SRP161856	21	21	21	7	21			FALSE	FALSE	1			18	18	in:cell type=cardiac macrophages	9	9	FALSE	FALSE	FALSE
SRP161894	20	20	20	20	20			FALSE	FALSE	1			8	8	""	4	4	FALSE	FALSE	FALSE
SRP161896	14	14	14	14	14			FALSE	FALSE	1			10	10	""	4	6	FALSE	FALSE	FALSE
SRP161897	120	30	30	30	120			FALSE	FALSE	4								FALSE	FALSE	FALSE
SRP161948	9	9	9	9	9			FALSE	FALSE	1								FALSE	FALSE	FALSE
SRP162099	12	12	12	12	12			FALSE	FALSE	1								FALSE	FALSE	FALSE
SRP162249	14	14	14	14	14			FALSE	FALSE	1								FALSE	FALSE	FALSE
SRP162260	16	16	16	4	16			FALSE	FALSE	1								FALSE	FALSE	FALSE
SRP162271	46	46	46	46	46			FALSE	FALSE	1								FALSE	FALSE	FALSE
SRP162303	6	6	6	6	6			FALSE	FALSE	1								FALSE	FALSE	FALSE
SRP162305	12	12	12	12	12			FALSE	FALSE	1								FALSE	FALSE	FALSE
SRP162318	15	15	15	15	15			FALSE	FALSE	1			10	10	""	5	5	FALSE	FALSE	FALSE
SRP162346	6	6	6	2	6			FALSE	FALSE	1								FALSE	FALSE	FALSE
SRP162359	16	16	16	8	16			FALSE	FALSE	1			8	8	in:tissue=ewat	4	4	FALSE	FALSE	FALSE
SRP162383	16	16	16	16	16			FALSE	FALSE	1			13	16	""	7	6	FALSE	FALSE	FALSE
SRP162456	330	330	330	330	330	mouse id	65	FALSE	TRUE	1	5.077	5.077	52	225	ex:genotype=mixed genotype: b6sjlsod1-wt and b6sjlsod1-g93a;ex:genotype=atg7(fl/fl);chatcre(+/-);sod(+/-);subj:mouse id	30	22	TRUE	FALSE	FALSE
SRP162527	54	27	27	27	54			FALSE	FALSE	2			30	30	in:tissue region=striatum of the mouse brain [str]	16	14	FALSE	FALSE	TRUE
SRP162535	12	12	12	4	12			FALSE	FALSE	1								FALSE	FALSE	FALSE
SRP162537	112	24	24	24	112			FALSE	FALSE	4.667			100	100	in:diet=hfd	51	49	FALSE	FALSE	TRUE
SRP162775	48	24	24	24	48			FALSE	FALSE	2								FALSE	FALSE	FALSE
SRP162823	6	6	6	6	6			FALSE	FALSE	1								FALSE	FALSE	FALSE
SRP162957	6	6	6	6	6			FALSE	FALSE	1								FALSE	FALSE	FALSE
SRP162985	6	6	6					FALSE	FALSE	1								FALSE	FALSE	FALSE
SRP163014	6	6	6	2	6			FALSE	FALSE	1								FALSE	FALSE	FALSE
SRP163117	12	12	12	4	12			FALSE	FALSE	1								FALSE	FALSE	FALSE
SRP163144	24	24	24	24	24			FALSE	FALSE	1			24	24	""	12	12	FALSE	FALSE	FALSE
SRP163175	48	12	12	12	48			FALSE	FALSE	4			28	32	""	14	14	FALSE	FALSE	TRUE
SRP163494	12	12	12	4	12			FALSE	FALSE	1								FALSE	FALSE	FALSE
SRP163497	15	12	12	12	15			FALSE	FALSE	1.25								FALSE	FALSE	FALSE
SRP163621	24	6	6	6	24			FALSE	FALSE	4								FALSE	FALSE	FALSE
SRP163680	9	9	9	9	9			FALSE	FALSE	1								FALSE	FALSE	FALSE
SRP164581	8	8	8	2	8			FALSE	FALSE	1								FALSE	FALSE	FALSE
SRP164658	6	6	6	6	6			FALSE	FALSE	1								FALSE	FALSE	FALSE
SRP164677	20	20	20	20	20			FALSE	FALSE	1								FALSE	FALSE	FALSE
SRP164689	8	8	8	8	8			FALSE	FALSE	1								FALSE	FALSE	FALSE
SRP164691	12	12	12	12	12			FALSE	FALSE	1								FALSE	FALSE	FALSE
SRP164704	48	48	48	48	48			FALSE	FALSE	1								FALSE	FALSE	FALSE
SRP164742	6	6	6	6	6			FALSE	FALSE	1								FALSE	FALSE	FALSE
SRP164765	12	12	12	4	12			FALSE	FALSE	1								FALSE	FALSE	FALSE
SRP164766	9	9	9	3	9			FALSE	FALSE	1								FALSE	FALSE	FALSE
SRP164888	6	6	6	2	6			FALSE	FALSE	1								FALSE	FALSE	FALSE
SRP164937	19	19	19	17	19			FALSE	FALSE	1								FALSE	FALSE	FALSE
SRP164941	8	8	8	2	8			FALSE	FALSE	1								FALSE	FALSE	FALSE
SRP165189	12	6	6	6	12			FALSE	FALSE	2								FALSE	FALSE	FALSE
SRP165196	36	36	36	36	36			FALSE	FALSE	1								FALSE	FALSE	FALSE
SRP165219	6	6	6	6	6			FALSE	FALSE	1								FALSE	FALSE	FALSE
SRP165599	8	8	8					FALSE	FALSE	1								FALSE	FALSE	FALSE
SRP165608	48	24	24	24	48			FALSE	FALSE	2								FALSE	FALSE	FALSE
SRP165625	14	14	14	2	14			FALSE	FALSE	1								FALSE	FALSE	FALSE
SRP165628	6	6	6	2	6			FALSE	FALSE	1								FALSE	FALSE	FALSE
SRP165687	6	6	6	2	6			FALSE	FALSE	1								FALSE	FALSE	FALSE
SRP165738	12	12	12	12	12			FALSE	FALSE	1								FALSE	FALSE	FALSE
SRP165748	8	8	8	8	8			FALSE	FALSE	1								FALSE	FALSE	FALSE
SRP165796	94	94	94	94	94			FALSE	FALSE	1								FALSE	FALSE	FALSE
SRP165834	6	6	6	6	6			FALSE	FALSE	1								FALSE	FALSE	FALSE
SRP165855	9	9	9	3	9			FALSE	FALSE	1								FALSE	FALSE	FALSE
SRP165894	12	12	12	12	12			FALSE	FALSE	1								FALSE	FALSE	FALSE
SRP165895	12	12	12	12	12			FALSE	FALSE	1								FALSE	FALSE	FALSE
SRP165897	24	24	24	24	24			FALSE	FALSE	1								FALSE	FALSE	FALSE
SRP165906	24	8	24	8	24			FALSE	FALSE	3								FALSE	FALSE	FALSE
SRP165919	12	12	12	12	12			FALSE	FALSE	1								FALSE	FALSE	FALSE
SRP165945	6	6	6	2	6			FALSE	FALSE	1								FALSE	FALSE	FALSE
SRP166005	15	15	15	15	15			FALSE	FALSE	1								FALSE	FALSE	FALSE
SRP166008	10	10	10	10	10			FALSE	FALSE	1								FALSE	FALSE	FALSE
SRP166067	12	12	12	12	12			FALSE	FALSE	1								FALSE	FALSE	FALSE
SRP166270	7	7	7	7	7			FALSE	FALSE	1								FALSE	FALSE	FALSE
SRP166276	12	12	12	12	12			FALSE	FALSE	1								FALSE	FALSE	FALSE
SRP166323	18	18	18	18	18			FALSE	FALSE	1								FALSE	FALSE	FALSE
SRP166551	12	12	12	12	12			FALSE	FALSE	1								FALSE	FALSE	FALSE
SRP166762	41	41	41	11	41			FALSE	FALSE	1								FALSE	FALSE	FALSE
SRP166778	10	10	10	4	10			FALSE	FALSE	1								FALSE	FALSE	FALSE
SRP166781	30	30	30	30	30			FALSE	FALSE	1								FALSE	FALSE	FALSE
SRP166846	36	36	36	22	36			FALSE	FALSE	1								FALSE	FALSE	FALSE
SRP166848	8	8	8	2	8			FALSE	FALSE	1								FALSE	FALSE	FALSE
SRP166851	40	10	10	4	40			FALSE	FALSE	4								FALSE	FALSE	FALSE
SRP166854	18	18	18	6	18			FALSE	FALSE	1								FALSE	FALSE	FALSE
SRP166867	8	8	8	8	8			FALSE	FALSE	1								FALSE	FALSE	FALSE
SRP166878	32	16	16	16	32			FALSE	FALSE	2			15	16	in:tissue=placenta	7	8	FALSE	FALSE	FALSE
SRP166884	6	6	6	6	6			FALSE	FALSE	1								FALSE	FALSE	FALSE
SRP166961	9	9	9	5	9			FALSE	FALSE	1								FALSE	FALSE	FALSE
SRP166996	9	9	9	9	9			FALSE	FALSE	1			9	9	""	4	5	FALSE	FALSE	FALSE
SRP167045	18	18	18	18	18			FALSE	FALSE	1								FALSE	FALSE	FALSE
SRP167050	6	6	6	2	6			FALSE	FALSE	1								FALSE	FALSE	FALSE
SRP167102	6	6	6	6	6			FALSE	FALSE	1								FALSE	FALSE	FALSE
SRP167104	6	6	6	6	6			FALSE	FALSE	1								FALSE	FALSE	FALSE
SRP167199	24	6	6	6	24			FALSE	FALSE	4								FALSE	FALSE	FALSE
SRP167331	6	6	6	2	6			FALSE	FALSE	1								FALSE	FALSE	FALSE
SRP167405	8	8	8					FALSE	FALSE	1			8	8	""	4	4	FALSE	FALSE	FALSE
SRP167428	8	8	8	8	8			FALSE	FALSE	1			8	8	""	4	4	FALSE	FALSE	FALSE
SRP167455	18	18	18	3	18			FALSE	FALSE	1								FALSE	FALSE	FALSE
SRP167657	6	6	6	1	6			FALSE	FALSE	1								FALSE	FALSE	FALSE
SRP167691	38	12	12	12	38			FALSE	FALSE	3.167								FALSE	FALSE	FALSE
SRP167692	48	48	48	48	48			FALSE	FALSE	1								FALSE	FALSE	FALSE
SRP167696	6	6	6	2	6			FALSE	FALSE	1								FALSE	FALSE	FALSE
SRP167706	19	19	19	19	19			FALSE	FALSE	1								FALSE	FALSE	FALSE
SRP167707	99	99	99	99	99			FALSE	FALSE	1								FALSE	FALSE	FALSE
SRP167708	24	24	24	24	24			FALSE	FALSE	1								FALSE	FALSE	FALSE
SRP167828	6	6	6	6	6			FALSE	FALSE	1								FALSE	FALSE	FALSE
SRP167865	80	80	80	80	80			FALSE	FALSE	1								FALSE	FALSE	FALSE
SRP167876	14	9	9	3	14			FALSE	FALSE	1.556								FALSE	FALSE	FALSE
SRP167940	8	8	8	8	8			FALSE	FALSE	1								FALSE	FALSE	FALSE
SRP167962	16	16	16	16	16			FALSE	FALSE	1								FALSE	FALSE	FALSE
SRP167988	18	18	18	18	18			FALSE	FALSE	1								FALSE	FALSE	FALSE
SRP168132	6	6	6	6	6			FALSE	FALSE	1								FALSE	FALSE	FALSE
SRP168225	28	28	28	28	28			FALSE	FALSE	1								FALSE	FALSE	FALSE
SRP168247	6	6	6	2	6			FALSE	FALSE	1								FALSE	FALSE	FALSE
SRP168283	23	23	23	23	23			FALSE	FALSE	1								FALSE	FALSE	FALSE
SRP168346	6	6	6	6	6			FALSE	FALSE	1								FALSE	FALSE	FALSE
SRP168380	21	21	21	21	21			FALSE	FALSE	1								FALSE	FALSE	FALSE
SRP168404	24	6	6	6	24			FALSE	FALSE	4			24	24	""	12	12	FALSE	FALSE	TRUE
SRP168429	18	18	18	18	18			FALSE	FALSE	1								FALSE	FALSE	FALSE
SRP168431	6	6	6	6	6			FALSE	FALSE	1								FALSE	FALSE	FALSE
SRP168448	12	12	12	12	12			FALSE	FALSE	1								FALSE	FALSE	FALSE
SRP168527	24	24	24	24	24			FALSE	FALSE	1								FALSE	FALSE	FALSE
SRP168559	6	6	6	6	6			FALSE	FALSE	1								FALSE	FALSE	FALSE
SRP168570	23	23	23	23	23			FALSE	FALSE	1								FALSE	FALSE	FALSE
SRP168573	10	10	10	10	10			FALSE	FALSE	1								FALSE	FALSE	FALSE
SRP168636	6	6	6	6	6			FALSE	FALSE	1								FALSE	FALSE	FALSE
SRP168741	12	12	12	12	12	mouse id	12	FALSE	TRUE	1	1	1						FALSE	FALSE	FALSE
SRP168746	6	6	6	6	6			FALSE	FALSE	1								FALSE	FALSE	FALSE
SRP168748	12	12	12	12	12			FALSE	FALSE	1								FALSE	FALSE	FALSE
SRP168822	20	20	20	4	20			FALSE	FALSE	1								FALSE	FALSE	FALSE
SRP169123	9	3	9					FALSE	FALSE	3								FALSE	FALSE	FALSE
SRP169507	43	43	43	43	43			FALSE	FALSE	1								FALSE	FALSE	FALSE
SRP169553	17	17	17	17	17			FALSE	FALSE	1								FALSE	FALSE	FALSE
SRP169858	32	16	16	16	32			FALSE	FALSE	2								FALSE	FALSE	FALSE
SRP169935	16	16	16	16	16			FALSE	FALSE	1								FALSE	FALSE	FALSE
SRP169946	12	12	12	12	12			FALSE	FALSE	1								FALSE	FALSE	FALSE
SRP169971	6	6	6	6	6			FALSE	FALSE	1								FALSE	FALSE	FALSE
SRP169992	11	11	11	11	11			FALSE	FALSE	1								FALSE	FALSE	FALSE
SRP170071	24	12	12	12	24			FALSE	FALSE	2								FALSE	FALSE	FALSE
SRP170244	15	15	15					FALSE	FALSE	1								FALSE	FALSE	FALSE
SRP170548	15	15	15	15	15			FALSE	FALSE	1								FALSE	FALSE	FALSE
SRP170677	34	34	34	34	34			FALSE	FALSE	1								FALSE	FALSE	FALSE
SRP170934	6	6	6	2	6			FALSE	FALSE	1								FALSE	FALSE	FALSE
SRP170940	6	6	6	6	6			FALSE	FALSE	1								FALSE	FALSE	FALSE
SRP171059	6	6	6	6	6			FALSE	FALSE	1								FALSE	FALSE	FALSE
SRP171142	25	25	25	25	25			FALSE	FALSE	1								FALSE	FALSE	FALSE
SRP171143	8	8	8	8	8			FALSE	FALSE	1								FALSE	FALSE	FALSE
SRP171149	16	16	16	16	16			FALSE	FALSE	1								FALSE	FALSE	FALSE
SRP171158	23	23	23	23	23			FALSE	FALSE	1								FALSE	FALSE	FALSE
SRP171159	10	10	10	10	10			FALSE	FALSE	1								FALSE	FALSE	FALSE
SRP171160	8	8	8	8	8			FALSE	FALSE	1								FALSE	FALSE	FALSE
SRP171222	6	6	6	6	6			FALSE	FALSE	1								FALSE	FALSE	FALSE
SRP171575	7	7	7	7	7			FALSE	FALSE	1								FALSE	FALSE	FALSE
SRP171632	6	6	6	6	6			FALSE	FALSE	1								FALSE	FALSE	FALSE
SRP171796	19	19	19	19	19			FALSE	FALSE	1								FALSE	FALSE	FALSE
SRP172178	13	13	13	13	13			FALSE	FALSE	1								FALSE	FALSE	FALSE
SRP172453	25	25	25	25	25			FALSE	FALSE	1								FALSE	FALSE	FALSE
SRP172500	15	15	15	15	15			FALSE	FALSE	1								FALSE	FALSE	FALSE
SRP172508	16	16	16					FALSE	FALSE	1								FALSE	FALSE	FALSE
SRP172565	54	42	42	42	54			FALSE	FALSE	1.286								FALSE	FALSE	FALSE
SRP172692	15	15	15	5	15			FALSE	FALSE	1								FALSE	FALSE	FALSE
SRP172731	63	16	16	16	63			FALSE	FALSE	3.938								FALSE	FALSE	FALSE
SRP172733	99	99	99	99	99			FALSE	FALSE	1								FALSE	FALSE	FALSE
SRP172741	270	270	270	270	270			FALSE	FALSE	1								FALSE	FALSE	FALSE
SRP172752	6	6	6	6	6			FALSE	FALSE	1								FALSE	FALSE	FALSE
SRP172770	16	4	4	2	16			FALSE	FALSE	4								FALSE	FALSE	FALSE
SRP172785	8	8	8	8	8			FALSE	FALSE	1								FALSE	FALSE	FALSE
SRP172787	96	32	32	32	96			FALSE	FALSE	3								FALSE	FALSE	FALSE
SRP172844	7	7	7	7	7			FALSE	FALSE	1								FALSE	FALSE	FALSE
SRP172857	6	6	6	2	6			FALSE	FALSE	1								FALSE	FALSE	FALSE
SRP172870	11	11	11	11	11			FALSE	FALSE	1								FALSE	FALSE	FALSE
SRP173065	12	3	12					FALSE	FALSE	4								FALSE	FALSE	FALSE
SRP173193	6	6	6	6	6			FALSE	FALSE	1								FALSE	FALSE	FALSE
SRP173198	12	12	12	12	12			FALSE	FALSE	1								FALSE	FALSE	FALSE
SRP173204	104	26	26	26	104			FALSE	FALSE	4								FALSE	FALSE	FALSE
SRP173252	23	23	23	23	23			FALSE	FALSE	1								FALSE	FALSE	FALSE
SRP173297	95	95	95	95	95			FALSE	FALSE	1								FALSE	FALSE	FALSE
SRP173309	18	18	18	18	18			FALSE	FALSE	1								FALSE	FALSE	FALSE
SRP173330	28	28	28	28	28			FALSE	FALSE	1								FALSE	FALSE	FALSE
SRP173332	10	10	10	4	10			FALSE	FALSE	1								FALSE	FALSE	FALSE
SRP173351	12	12	12	12	12			FALSE	FALSE	1								FALSE	FALSE	FALSE
SRP173361	24	24	24	24	24			FALSE	FALSE	1								FALSE	FALSE	FALSE
SRP173375	26	26	26	6	26			FALSE	FALSE	1								FALSE	FALSE	FALSE
SRP173448	95	95	95	95	95			FALSE	FALSE	1								FALSE	FALSE	FALSE
SRP173466	36	36	36	12	36			FALSE	FALSE	1								FALSE	FALSE	FALSE
SRP173469	48	48	48	48	48			FALSE	FALSE	1								FALSE	FALSE	FALSE
SRP173477	60	15	15	3	60			FALSE	FALSE	4								FALSE	FALSE	FALSE
SRP173478	14	14	14	14	14			FALSE	FALSE	1								FALSE	FALSE	FALSE
SRP173487	6	6	6	6	6			FALSE	FALSE	1								FALSE	FALSE	FALSE
SRP173589	16	8	8	8	16			FALSE	FALSE	2								FALSE	FALSE	FALSE
SRP173609	12	12	12	12	12			FALSE	FALSE	1								FALSE	FALSE	FALSE
SRP173620	6	6	6	2	6			FALSE	FALSE	1								FALSE	FALSE	FALSE
SRP173624	18	18	18	18	18			FALSE	FALSE	1								FALSE	FALSE	FALSE
SRP173645	16	16	16	16	16			FALSE	FALSE	1								FALSE	FALSE	FALSE
SRP173662	12	12	12	12	12			FALSE	FALSE	1								FALSE	FALSE	FALSE
SRP173675	24	24	24					FALSE	FALSE	1			24	24	subj:replicate	12	12	TRUE	FALSE	FALSE
SRP173724	36	6	6	6	36			FALSE	FALSE	6								FALSE	FALSE	FALSE
SRP173765	9	9	9	3	9			FALSE	FALSE	1								FALSE	FALSE	FALSE
SRP173776	6	6	6	6	6			FALSE	FALSE	1								FALSE	FALSE	FALSE
SRP173777	20	20	20	20	20			FALSE	FALSE	1								FALSE	FALSE	FALSE
SRP173803	24	24	24	24	24			FALSE	FALSE	1								FALSE	FALSE	FALSE
SRP173804	6	6	6	6	6			FALSE	FALSE	1								FALSE	FALSE	FALSE
SRP173808	15	15	15	15	15			FALSE	FALSE	1								FALSE	FALSE	FALSE
SRP173822	20	20	20	6	20			FALSE	FALSE	1								FALSE	FALSE	FALSE
SRP173935	9	9	9	9	9			FALSE	FALSE	1								FALSE	FALSE	FALSE
SRP174018	13	13	13	13	13			FALSE	FALSE	1								FALSE	FALSE	FALSE
SRP174097	38	22	22	6	38			FALSE	FALSE	1.727								FALSE	FALSE	FALSE
SRP174200	6	6	6	6	6			FALSE	FALSE	1								FALSE	FALSE	FALSE
SRP174208	74	74	74	74	74	animal_id	37	FALSE	TRUE	1	2	2						FALSE	FALSE	FALSE
SRP174217	16	16	16	16	16			FALSE	FALSE	1								FALSE	FALSE	FALSE
SRP174225	26	26	26	26	26			FALSE	FALSE	1								FALSE	FALSE	FALSE
SRP174255	9	4	9	1	9			FALSE	FALSE	2.25								FALSE	FALSE	FALSE
SRP174350	8	8	8	8	8			FALSE	FALSE	1								FALSE	FALSE	FALSE
SRP174351	138	138	138	138	138	animal number	29	TRUE	FALSE	1	4.759	4.759						FALSE	FALSE	FALSE
SRP174369	13	13	13	3	13			FALSE	FALSE	1								FALSE	FALSE	FALSE
SRP174412	20	20	20	20	20			FALSE	FALSE	1			10	10	in:cell type=gmdsc	5	5	FALSE	FALSE	FALSE
SRP174500	29	29	29	29	29			FALSE	FALSE	1			15	15	""	7	8	FALSE	FALSE	FALSE
SRP174529	19	19	19	10	19			FALSE	FALSE	1			19	19	""	10	9	FALSE	FALSE	FALSE
SRP174637	20	10	10	2	20			FALSE	FALSE	2			20	20	""	10	10	FALSE	FALSE	TRUE
SRP174997	12	12	12	12	12			FALSE	FALSE	1								FALSE	FALSE	FALSE
SRP175045	10	10	10	10	10			FALSE	FALSE	1								FALSE	FALSE	FALSE
SRP175082	6	6	6	6	6			FALSE	FALSE	1								FALSE	FALSE	FALSE
SRP175109	20	20	20	20	20			FALSE	FALSE	1			11	11	in:tissue=striatum	6	5	FALSE	FALSE	FALSE
SRP175165	8	8	8	8	8			FALSE	FALSE	1			5	8	""	1	4	FALSE	FALSE	FALSE
SRP175263	6	6	6	6	6			FALSE	FALSE	1								FALSE	FALSE	FALSE
SRP175357	8	8	8	2	8			FALSE	FALSE	1			8	8	""	4	4	FALSE	FALSE	FALSE
SRP176410	12	12	12	12	12			FALSE	FALSE	1			8	8	ex:agent=50 nm vitamin d3;ex:agent=none	4	4	FALSE	FALSE	FALSE
SRP176418	23	18	18	18	23			FALSE	FALSE	1.278			15	15	""	8	7	FALSE	FALSE	FALSE
SRP176481	48	48	48	14	48			FALSE	FALSE	1								FALSE	FALSE	FALSE
SRP176645	9	9	9	9	9			FALSE	FALSE	1								FALSE	FALSE	FALSE
SRP177945	36	9	9	9	36			FALSE	FALSE	4			24	24	""	12	12	FALSE	FALSE	TRUE
SRP178051	19	19	19	19	19			FALSE	FALSE	1			15	15	""	7	8	FALSE	FALSE	FALSE
SRP178075	10	10	10	10	10			FALSE	FALSE	1								FALSE	FALSE	FALSE
SRP178207	16	16	16	6	16			FALSE	FALSE	1								FALSE	FALSE	FALSE
SRP178227	12	12	12	12	12			FALSE	FALSE	1								FALSE	FALSE	FALSE
SRP178253	16	16	16	16	16			FALSE	FALSE	1			7	8	in:infected with=prion	4	3	FALSE	FALSE	FALSE
SRP178267	8	8	8	2	8			FALSE	FALSE	1			8	8	""	4	4	FALSE	FALSE	FALSE
SRP178361	9	9	9	9	9			FALSE	FALSE	1								FALSE	FALSE	FALSE
SRP178474	135	135	135	135	135			FALSE	FALSE	1			31	31	in:tissue=dorsal dentate gyrus	16	15	FALSE	FALSE	FALSE
SRP178689	24	6	6	6	24			FALSE	FALSE	4			24	24	""	12	12	FALSE	FALSE	TRUE
SRP178690	36	9	9	9	36			FALSE	FALSE	4			24	24	""	12	12	FALSE	FALSE	TRUE
SRP178890	84	42	42	42	84			FALSE	FALSE	2			28	28	in:tissue=proximal tubule	14	14	FALSE	FALSE	FALSE
SRP178903	45	45	45	16	45			FALSE	FALSE	1								FALSE	FALSE	FALSE
SRP178920	14	14	14	14	14			FALSE	FALSE	1			14	14	""	8	6	FALSE	FALSE	FALSE
SRP179032	18	18	18	18	18			FALSE	FALSE	1			18	18	""	9	9	FALSE	FALSE	FALSE
SRP179107	24	6	6	6	24			FALSE	FALSE	4			24	24	""	12	12	FALSE	FALSE	TRUE
SRP179508	9	9	9	3	9			FALSE	FALSE	1								FALSE	FALSE	FALSE
SRP179634	14	14	14	14	14			FALSE	FALSE	1								FALSE	FALSE	FALSE
SRP179654	20	20	20	4	20			FALSE	FALSE	1			12	12	in:organ=lymph node	8	4	FALSE	FALSE	FALSE
SRP179721	12	12	12	12	12			FALSE	FALSE	1								FALSE	FALSE	FALSE
SRP179766	12	6	6	6	12			FALSE	FALSE	2			12	12	""	8	4	FALSE	FALSE	TRUE
SRP179952	8	8	8	8	8			FALSE	FALSE	1			8	8	""	4	4	FALSE	FALSE	FALSE
SRP179996	24	24	24					FALSE	FALSE	1			16	16	""	8	8	FALSE	FALSE	FALSE
SRP180017	54	54	54	54	54			FALSE	FALSE	1			41	41	in:strain/genotype=c57bl/6	18	23	FALSE	FALSE	FALSE
SRP180201	9	9	9	3	9			FALSE	FALSE	1								FALSE	FALSE	FALSE
SRP180242	22	22	22	22	22			FALSE	FALSE	1			11	11	""	4	7	FALSE	FALSE	FALSE
SRP180280	8	8	8	8	8			FALSE	FALSE	1			8	8	""	4	4	FALSE	FALSE	FALSE
SRP180887	20	20	20	20	20			FALSE	FALSE	1			10	10	in:cell type=macrophage	5	5	FALSE	FALSE	FALSE
SRP181042	8	8	8	8	8			FALSE	FALSE	1			8	8	""	4	4	FALSE	FALSE	FALSE
SRP181043	19	19	19	19	19			FALSE	FALSE	1			6	8	in:cell type=germinal center b cells	3	3	FALSE	FALSE	FALSE
SRP181055	6	6	6	6	6			FALSE	FALSE	1								FALSE	FALSE	FALSE
SRP181125	597	80	80	80	597	animal identification	16	FALSE	TRUE	7.463	5	37.312	16	156	in:tissue=hippocampus;subj:animal identification	8	8	TRUE	FALSE	FALSE
SRP181206	8	8	8	8	8			FALSE	FALSE	1			8	8	""	4	4	FALSE	FALSE	FALSE
SRP181566	10	10	10	10	10			FALSE	FALSE	1			10	10	""	5	5	FALSE	FALSE	FALSE
SRP181622	336	64	64	64	336			FALSE	FALSE	5.25			80	80	in:tissue=prefrontal cortex	40	40	FALSE	FALSE	TRUE
SRP181694	8	8	8	8	8			FALSE	FALSE	1								FALSE	FALSE	FALSE
SRP181709	9	9	9					FALSE	FALSE	1								FALSE	FALSE	FALSE
SRP181809	84	84	84	84	84			FALSE	FALSE	1			45	45	in:age=10 weeks	21	24	FALSE	FALSE	FALSE
SRP181852	6	6	6	6	6			FALSE	FALSE	1								FALSE	FALSE	FALSE
SRP181854	32	32	32	32	32			FALSE	FALSE	1			32	32	""	16	16	FALSE	FALSE	FALSE
SRP181889	6	6	6	6	6			FALSE	FALSE	1								FALSE	FALSE	FALSE
SRP181939	15	15	15	15	15			FALSE	FALSE	1			10	10	""	5	5	FALSE	FALSE	FALSE
SRP182002	9	9	9					FALSE	FALSE	1								FALSE	FALSE	FALSE
SRP182089	48	48	48	48	48			FALSE	FALSE	1			24	24	in:tissue=l4 dorsal root ganglia contralateral to sciatic nerve crush	12	12	FALSE	FALSE	FALSE
SRP182095	24	12	12	12	24			FALSE	FALSE	2			16	16	""	8	8	FALSE	FALSE	TRUE
SRP182655	37	18	18	18	37			FALSE	FALSE	2.056			21	21	""	8	13	FALSE	FALSE	TRUE
SRP182735	12	12	12	4	12			FALSE	FALSE	1								FALSE	FALSE	FALSE
SRP183070	142	121	121	121	142			FALSE	FALSE	1.174			59	59	in:mouse_model=rtg4510;subj:sample_id	29	30	TRUE	FALSE	FALSE
SRP183189	12	12	12	4	12			FALSE	FALSE	1								FALSE	FALSE	FALSE
SRP183456	9	9	9	9	9			FALSE	FALSE	1			9	9	""	4	5	FALSE	FALSE	FALSE
SRP183512	18	18	18	18	18			FALSE	FALSE	1			9	9	in:cell subtype=cd8+ t cells from tumors	5	4	FALSE	FALSE	FALSE
SRP183768	12	12	12	12	12			FALSE	FALSE	1								FALSE	FALSE	FALSE
SRP183821	10	10	10	10	10			FALSE	FALSE	1			10	10	""	5	5	FALSE	FALSE	FALSE
SRP184452	12	12	12	12	12			FALSE	FALSE	1								FALSE	FALSE	FALSE
SRP184497	9	9	9	9	9			FALSE	FALSE	1								FALSE	FALSE	FALSE
SRP184498	24	24	24	24	24			FALSE	FALSE	1								FALSE	FALSE	FALSE
SRP184641	44	44	44	44	44			FALSE	FALSE	1			12	12	in:tissue=mammary gland	6	6	FALSE	FALSE	FALSE
SRP184756	12	12	12	12	12			FALSE	FALSE	1			9	12	""	6	3	FALSE	FALSE	FALSE
SRP185085	15	15	15					FALSE	FALSE	1								FALSE	FALSE	FALSE
SRP185358	36	36	36	36	36			FALSE	FALSE	1								FALSE	FALSE	FALSE
SRP185443	12	6	6	6	12			FALSE	FALSE	2			7	12	""	4	3	FALSE	FALSE	TRUE
SRP185546	24	24	24	24	24			FALSE	FALSE	1			22	24	""	10	12	FALSE	FALSE	FALSE
SRP185578	8	8	8	2	8			FALSE	FALSE	1			8	8	""	4	4	FALSE	FALSE	FALSE
SRP185583	152	38	38	38	152			FALSE	FALSE	4			123	152	""	40	83	FALSE	FALSE	TRUE
SRP185713	52	5	5	5	52			FALSE	FALSE	10.4			40	52	""	12	28	FALSE	FALSE	TRUE
SRP185726	18	18	18	18	18			FALSE	FALSE	1								FALSE	FALSE	FALSE
SRP185733	44	44	44	44	44			FALSE	FALSE	1			18	19	in:tissue=placenta	8	10	FALSE	FALSE	FALSE
SRP185805	84	84	84	84	84			FALSE	FALSE	1			84	84	""	27	57	FALSE	FALSE	FALSE
SRP185826	12	12	12	12	12			FALSE	FALSE	1								FALSE	FALSE	FALSE
SRP185829	48	12	12	12	48			FALSE	FALSE	4			8	32	ex:treatment=none;subj:unique sample identifier	4	4	TRUE	FALSE	FALSE
SRP185854	12	12	12	12	12			FALSE	FALSE	1			12	12	""	6	6	FALSE	FALSE	FALSE
SRP185876	32	8	8	8	32			FALSE	FALSE	4			31	32	""	11	20	FALSE	FALSE	TRUE
SRP185884	48	48	48	48	48			FALSE	FALSE	1			16	16	in:tissue=cortex	8	8	FALSE	FALSE	FALSE
SRP185975	13	13	13					FALSE	FALSE	1								FALSE	FALSE	FALSE
SRP185978	7	7	7	7	7			FALSE	FALSE	1								FALSE	FALSE	FALSE
SRP186066	8	8	8	8	8			FALSE	FALSE	1			8	8	""	4	4	FALSE	FALSE	FALSE
SRP186128	6	6	6	2	6			FALSE	FALSE	1								FALSE	FALSE	FALSE
SRP186132	24	24	24	24	24			FALSE	FALSE	1			12	12	""	6	6	FALSE	FALSE	FALSE
SRP186214	16	16	16	16	16			FALSE	FALSE	1			16	16	subj:isolate	12	4	TRUE	FALSE	FALSE
SRP186281	9	9	9	9	9			FALSE	FALSE	1								FALSE	FALSE	FALSE
SRP186285	6	6	6	6	6			FALSE	FALSE	1								FALSE	FALSE	FALSE
SRP186330	20	20	20	7	20			FALSE	FALSE	1								FALSE	FALSE	FALSE
SRP186363	13	13	13	2	13			FALSE	FALSE	1			11	13	""	6	5	FALSE	FALSE	FALSE
SRP186391	18	9	9	2	18			FALSE	FALSE	2			18	18	""	8	10	FALSE	FALSE	TRUE
SRP186424	12	4	12					FALSE	FALSE	3			11	12	""	5	6	FALSE	FALSE	TRUE
SRP186479	6	6	6	6	6			FALSE	FALSE	1								FALSE	FALSE	FALSE
SRP186486	40	40	40	40	40			FALSE	FALSE	1			8	8	in:cell type=epithelial cells	4	4	FALSE	FALSE	FALSE
SRP186493	6	6	6	6	6			FALSE	FALSE	1								FALSE	FALSE	FALSE
SRP186494	6	6	6	2	6			FALSE	FALSE	1								FALSE	FALSE	FALSE
SRP186507	39	39	39	39	39			FALSE	FALSE	1			21	21	in:organ of origin=bone marrow	8	13	FALSE	FALSE	FALSE
SRP186572	9	9	9	9	9			FALSE	FALSE	1								FALSE	FALSE	FALSE
SRP186600	6	6	6	6	6			FALSE	FALSE	1								FALSE	FALSE	FALSE
SRP186761	8	8	8	8	8			FALSE	FALSE	1			8	8	""	4	4	FALSE	FALSE	FALSE
SRP186835	10	9	9	3	10			FALSE	FALSE	1.111								FALSE	FALSE	FALSE
SRP186885	19	19	19	19	19			FALSE	FALSE	1			19	19	""	9	10	FALSE	FALSE	FALSE
SRP186951	6	6	6	6	6			FALSE	FALSE	1								FALSE	FALSE	FALSE
SRP186952	6	6	6	6	6			FALSE	FALSE	1								FALSE	FALSE	FALSE
SRP186988	12	12	12	4	12			FALSE	FALSE	1			12	12	""	6	6	FALSE	FALSE	FALSE
SRP186992	24	24	24	24	24			FALSE	FALSE	1			16	16	""	8	8	FALSE	FALSE	FALSE
SRP186994	6	6	6	6	6			FALSE	FALSE	1								FALSE	FALSE	FALSE
SRP187003	96	96	96	96	96			FALSE	FALSE	1			48	48	in:tissue=ibat	24	24	FALSE	FALSE	FALSE
SRP187070	11	11	11	11	11			FALSE	FALSE	1								FALSE	FALSE	FALSE
SRP187076	8	8	8	8	8			FALSE	FALSE	1								FALSE	FALSE	FALSE
SRP187080	12	12	12	12	12			FALSE	FALSE	1			12	12	""	6	6	FALSE	FALSE	FALSE
SRP187436	6	6	6	6	6			FALSE	FALSE	1								FALSE	FALSE	FALSE
SRP187466	14	14	14	14	14			FALSE	FALSE	1			9	12	ex:treatment=untreated	3	6	FALSE	FALSE	FALSE
SRP187471	6	6	6	6	6			FALSE	FALSE	1								FALSE	FALSE	FALSE
SRP187562	16	8	16	8	16			FALSE	FALSE	2								FALSE	FALSE	FALSE
SRP187730	24	12	12	12	24			FALSE	FALSE	2			24	24	""	12	12	FALSE	FALSE	TRUE
SRP187754	12	6	6	2	12			FALSE	FALSE	2			12	12	""	6	6	FALSE	FALSE	TRUE
SRP187779	8	8	8	8	8			FALSE	FALSE	1			7	8	""	3	4	FALSE	FALSE	FALSE
SRP187824	6	6	6	2	6			FALSE	FALSE	1								FALSE	FALSE	FALSE
SRP187847	24	24	24	8	24			FALSE	FALSE	1								FALSE	FALSE	FALSE
SRP187855	106	106	106	106	106			FALSE	FALSE	1			46	46	in:source_name=anterior dorsal cerebellar vermis	26	20	FALSE	FALSE	FALSE
SRP187976	12	12	12					FALSE	FALSE	1			12	12	""	6	6	FALSE	FALSE	FALSE
SRP188041	12	6	6	6	12			FALSE	FALSE	2			12	12	""	6	6	FALSE	FALSE	TRUE
SRP188051	93	26	93	26	93			FALSE	FALSE	3.577								FALSE	FALSE	FALSE
SRP188076	30	30	30	30	30			FALSE	FALSE	1			18	18	in:treatment=untreated	9	9	FALSE	FALSE	FALSE
SRP188087	19	19	19	19	19			FALSE	FALSE	1			19	19	""	10	9	FALSE	FALSE	FALSE
SRP188147	20	20	20	20	20			FALSE	FALSE	1			10	10	in:treatment length=4 weeks	5	5	FALSE	FALSE	FALSE
SRP188207	132	132	132	14	132			FALSE	FALSE	1			30	30	in:source_name=forebrain tissue;in:cellular fraction=whole-cell	10	20	FALSE	FALSE	FALSE
SRP188236	8	8	8	8	8			FALSE	FALSE	1			8	8	""	4	4	FALSE	FALSE	FALSE
SRP188336	6	6	6	2	6			FALSE	FALSE	1								FALSE	FALSE	FALSE
SRP188570	16	16	16	16	16			FALSE	FALSE	1			16	16	""	8	8	FALSE	FALSE	FALSE
SRP188587	16	6	6	6	16			FALSE	FALSE	2.667			16	16	""	8	8	FALSE	FALSE	TRUE
SRP188688	12	12	12	12	12			FALSE	FALSE	1			12	12	""	6	6	FALSE	FALSE	FALSE
SRP188706	70	22	22	22	70			FALSE	FALSE	3.182			8	32	in:source_name=blood;ex:source_name=primary_keratinocytes;subj:animal tag	4	4	TRUE	FALSE	FALSE
SRP188729	24	24	24	24	24			FALSE	FALSE	1			12	12	in:tissue=skin	8	4	FALSE	FALSE	FALSE
SRP188734	6	6	6	6	6			FALSE	FALSE	1								FALSE	FALSE	FALSE
SRP188846	24	12	12	12	24			FALSE	FALSE	2			16	16	in:genotype=wt	8	8	FALSE	FALSE	TRUE
SRP188865	23	23	23	23	23			FALSE	FALSE	1								FALSE	FALSE	FALSE
SRP188879	204	51	51	51	204			FALSE	FALSE	4			68	68	in:cell type=total homogenate	36	32	FALSE	FALSE	TRUE
SRP188927	8	8	8	8	8			FALSE	FALSE	1			8	8	""	4	4	FALSE	FALSE	FALSE
SRP188970	9	9	9	9	9			FALSE	FALSE	1			9	9	""	4	5	FALSE	FALSE	FALSE
SRP188988	55	4	4	4	55			FALSE	FALSE	13.75			27	27	in:source_name=16h fast	10	17	FALSE	FALSE	TRUE
SRP189061	48	48	48	6	48			FALSE	FALSE	1			16	16	in:tissue=hypothalamus	8	8	FALSE	FALSE	FALSE
SRP189140	6	6	6	6	6			FALSE	FALSE	1								FALSE	FALSE	FALSE
SRP189142	7	7	7	7	7			FALSE	FALSE	1								FALSE	FALSE	FALSE
SRP189154	17	17	17	17	17			FALSE	FALSE	1								FALSE	FALSE	FALSE
SRP189300	108	108	108	108	108			FALSE	FALSE	1			96	96	ex:behavior=baseline	48	48	FALSE	FALSE	FALSE
SRP189354	16	16	16	16	16			FALSE	FALSE	1								FALSE	FALSE	FALSE
SRP189379	24	24	24					FALSE	FALSE	1			8	8	""	4	4	FALSE	FALSE	FALSE
SRP189407	6	6	6	6	6			FALSE	FALSE	1								FALSE	FALSE	FALSE
SRP189417	6	6	6	6	6			FALSE	FALSE	1								FALSE	FALSE	FALSE
SRP189525	18	18	18	6	18			FALSE	FALSE	1								FALSE	FALSE	FALSE
SRP189624	6	6	6	2	6			FALSE	FALSE	1								FALSE	FALSE	FALSE
SRP189630	6	6	6	6	6			FALSE	FALSE	1								FALSE	FALSE	FALSE
SRP189651	6	6	6	6	6			FALSE	FALSE	1								FALSE	FALSE	FALSE
SRP189730	24	24	24	24	24			FALSE	FALSE	1			8	8	in:progenitor cell type=p1 (b220+, cd19+, cd93+, cd43+, cd25-)	4	4	FALSE	FALSE	FALSE
SRP189755	12	12	12					FALSE	FALSE	1			12	12	""	6	6	FALSE	FALSE	FALSE
SRP189771	12	12	12	12	12			FALSE	FALSE	1								FALSE	FALSE	FALSE
SRP189776	8	8	8	8	8			FALSE	FALSE	1			8	8	""	4	4	FALSE	FALSE	FALSE
SRP189821	18	18	18	18	18			FALSE	FALSE	1			12	12	""	6	6	FALSE	FALSE	FALSE
SRP189878	10	10	10	10	10			FALSE	FALSE	1			10	10	""	4	6	FALSE	FALSE	FALSE
SRP189886	6	6	6	2	6			FALSE	FALSE	1								FALSE	FALSE	FALSE
SRP189897	11	11	11	11	11			FALSE	FALSE	1			7	8	""	4	3	FALSE	FALSE	FALSE
SRP189925	15	15	15	15	15			FALSE	FALSE	1			15	15	""	8	7	FALSE	FALSE	FALSE
SRP190028	13	13	13	4	13			FALSE	FALSE	1			9	9	""	5	4	FALSE	FALSE	FALSE
SRP190032	24	24	24	8	24			FALSE	FALSE	1								FALSE	FALSE	FALSE
SRP190041	6	6	6	6	6			FALSE	FALSE	1								FALSE	FALSE	FALSE
SRP190049	8	8	8	8	8			FALSE	FALSE	1			7	8	""	4	3	FALSE	FALSE	FALSE
SRP190144	51	51	51	51	51			FALSE	FALSE	1								FALSE	FALSE	FALSE
SRP190164	168	24	24	24	168			FALSE	FALSE	7			42	42	in:tissue=colon	30	12	FALSE	FALSE	TRUE
SRP190335	117	117	117	117	117			FALSE	FALSE	1			39	39	in:tissue=placenta;in:age=e14.5	23	16	FALSE	FALSE	FALSE
SRP190431	6	6	6					FALSE	FALSE	1								FALSE	FALSE	FALSE
SRP190458	6	6	6	6	6			FALSE	FALSE	1								FALSE	FALSE	FALSE
SRP190519	40	40	40	40	40	subject	40	TRUE	FALSE	1	1	1	16	16	subj:subject	8	8	TRUE	FALSE	FALSE
SRP190841	15	15	15	5	15			FALSE	FALSE	1								FALSE	FALSE	FALSE
SRP190921	48	24	24	24	48			FALSE	FALSE	2			24	24	""	12	12	FALSE	FALSE	FALSE
SRP190928	20	20	20	5	20			FALSE	FALSE	1			8	8	""	4	4	FALSE	FALSE	FALSE
SRP190929	24	8	8	8	24			FALSE	FALSE	3			24	24	""	12	12	FALSE	FALSE	TRUE
SRP190965	6	2	6	2	6			FALSE	FALSE	3								FALSE	FALSE	FALSE
SRP191039	24	24	24	24	24			FALSE	FALSE	1			9	24	subj:source_name	5	4	TRUE	FALSE	FALSE
SRP191054	12	12	12	12	12			FALSE	FALSE	1			12	12	""	6	6	FALSE	FALSE	FALSE
SRP191066	12	12	12	12	12			FALSE	FALSE	1								FALSE	FALSE	FALSE
SRP191069	10	10	10	10	10			FALSE	FALSE	1			10	10	subj:id	6	4	TRUE	FALSE	FALSE
SRP191089	28	28	28	7	28			FALSE	FALSE	1			20	20	""	16	4	FALSE	FALSE	FALSE
SRP191116	10	10	10	10	10			FALSE	FALSE	1			10	10	""	5	5	FALSE	FALSE	FALSE
SRP191176	16	8	8	8	16			FALSE	FALSE	2								FALSE	FALSE	FALSE
SRP191419	21	21	21	21	21			FALSE	FALSE	1			21	21	""	11	10	FALSE	FALSE	FALSE
SRP191445	10	10	10	10	10			FALSE	FALSE	1			8	10	""	5	3	FALSE	FALSE	FALSE
SRP191459	6	6	6	6	6			FALSE	FALSE	1								FALSE	FALSE	FALSE
SRP191501	10	10	10	10	10			FALSE	FALSE	1			10	10	""	6	4	FALSE	FALSE	FALSE
SRP191506	18	18	18			mouse_id	9	FALSE	TRUE	1	2	2						FALSE	FALSE	FALSE
SRP191512	6	6	6	2	6			FALSE	FALSE	1								FALSE	FALSE	FALSE
SRP191571	21	21	21	21	21			FALSE	FALSE	1			13	13	in:genotype/variation=wt/floxed	8	5	FALSE	FALSE	FALSE
SRP191797	8	8	8	8	8			FALSE	FALSE	1			7	8	""	4	3	FALSE	FALSE	FALSE
SRP191799	32	32	32	32	32			FALSE	FALSE	1			32	32	""	16	16	FALSE	FALSE	FALSE
SRP191881	6	6	6	6	6			FALSE	FALSE	1								FALSE	FALSE	FALSE
SRP192145	16	16	16	4	16			FALSE	FALSE	1			8	8	in:tissue=quadriceps muscle	4	4	FALSE	FALSE	FALSE
SRP192321	6	6	6	2	6			FALSE	FALSE	1								FALSE	FALSE	FALSE
SRP192368	20	20	20	20	20			FALSE	FALSE	1			20	20	""	9	11	FALSE	FALSE	FALSE
SRP192375	24	12	12	12	24			FALSE	FALSE	2			13	18	""	9	4	FALSE	FALSE	TRUE
SRP192489	30	30	30	30	30			FALSE	FALSE	1			10	10	in:cell type=cd11b+ myeloid cells	5	5	FALSE	FALSE	FALSE
SRP192522	18	18	18	18	18			FALSE	FALSE	1			18	18	""	12	6	FALSE	FALSE	FALSE
SRP192566	25	25	25	25	25			FALSE	FALSE	1								FALSE	FALSE	FALSE
SRP192600	6	6	6	2	6			FALSE	FALSE	1								FALSE	FALSE	FALSE
SRP192601	9	9	9	9	9			FALSE	FALSE	1			9	9	""	5	4	FALSE	FALSE	FALSE
SRP192641	9	9	9	5	9			FALSE	FALSE	1								FALSE	FALSE	FALSE
SRP192713	36	36	36	12	36			FALSE	FALSE	1								FALSE	FALSE	FALSE
SRP192735	154	139	139	139	154			FALSE	FALSE	1.108			31	34	in:source_name=cortex;in:cnv=15q13;subj:sample id	10	21	TRUE	FALSE	FALSE
SRP192832	8	8	8	8	8			FALSE	FALSE	1			8	8	""	4	4	FALSE	FALSE	FALSE
SRP193003	8	4	4	2	8			FALSE	FALSE	2			8	8	""	4	4	FALSE	FALSE	TRUE
SRP193243	13	13	13	4	13			FALSE	FALSE	1								FALSE	FALSE	FALSE
SRP193316	15	15	15	15	15			FALSE	FALSE	1			10	10	""	5	5	FALSE	FALSE	FALSE
SRP193359	6	6	6	6	6			FALSE	FALSE	1								FALSE	FALSE	FALSE
SRP193449	56	50	50	50	56			FALSE	FALSE	1.12			56	56	""	50	6	FALSE	FALSE	TRUE
SRP193734	143	143	143	143	143			FALSE	FALSE	1			48	48	in:tissue=dissected tissue (brain) - ventral midbrain	24	24	FALSE	FALSE	FALSE
SRP193857	13	13	13	6	13			FALSE	FALSE	1			11	11	""	4	7	FALSE	FALSE	FALSE
SRP193896	6	6	6	6	6			FALSE	FALSE	1								FALSE	FALSE	FALSE
SRP193998	16	16	16	16	16			FALSE	FALSE	1			8	8	in:source_name=heart	4	4	FALSE	FALSE	FALSE
SRP194162	32	16	16	16	32			FALSE	FALSE	2			32	32	""	16	16	FALSE	FALSE	TRUE
SRP194185	6	6	6	6	6			FALSE	FALSE	1								FALSE	FALSE	FALSE
SRP194194	18	18	18	18	18			FALSE	FALSE	1			18	18	""	9	9	FALSE	FALSE	FALSE
SRP194242	15	15	15	15	15			FALSE	FALSE	1								FALSE	FALSE	FALSE
SRP194360	8	8	8	8	8			FALSE	FALSE	1			8	8	""	4	4	FALSE	FALSE	FALSE
SRP194498	8	8	8	8	8			FALSE	FALSE	1			8	8	""	4	4	FALSE	FALSE	FALSE
SRP194918	17	17	17	17	17			FALSE	FALSE	1			9	9	""	5	4	FALSE	FALSE	FALSE
SRP194972	8	8	8	8	8			FALSE	FALSE	1			8	8	""	4	4	FALSE	FALSE	FALSE
SRP195618	10	10	10	10	10			FALSE	FALSE	1			10	10	""	5	5	FALSE	FALSE	FALSE
SRP195821	18	18	18	18	18			FALSE	FALSE	1								FALSE	FALSE	FALSE
SRP195823	6	6	6	6	6			FALSE	FALSE	1								FALSE	FALSE	FALSE
SRP196460	56	56	56	14	56			FALSE	FALSE	1			56	56	""	28	28	FALSE	FALSE	FALSE
SRP197108	96	96	96	48	96			FALSE	FALSE	1			96	96	""	48	48	FALSE	FALSE	FALSE
SRP197326	24	6	6	6	24			FALSE	FALSE	4			24	24	""	12	12	FALSE	FALSE	TRUE
SRP197361	11	11	11	11	11			FALSE	FALSE	1								FALSE	FALSE	FALSE
SRP197374	10	10	10	10	10			FALSE	FALSE	1			10	10	""	5	5	FALSE	FALSE	FALSE
SRP197376	10	10	10	10	10			FALSE	FALSE	1			10	10	""	5	5	FALSE	FALSE	FALSE
SRP197377	27	27	27	27	27			FALSE	FALSE	1			12	12	in:cell type=frc like cell from islet tertiary lymphoid organs (tlo)	6	6	FALSE	FALSE	FALSE
SRP197582	26	26	26	26	26			FALSE	FALSE	1								FALSE	FALSE	FALSE
SRP198220	7	7	7	7	7			FALSE	FALSE	1								FALSE	FALSE	FALSE
SRP198260	10	10	10	10	10			FALSE	FALSE	1			10	10	""	4	6	FALSE	FALSE	FALSE
SRP198299	12	12	12	12	12			FALSE	FALSE	1			12	12	""	6	6	FALSE	FALSE	FALSE
SRP198351	15	15	15	15	15			FALSE	FALSE	1			8	8	""	4	4	FALSE	FALSE	FALSE
SRP198487	8	8	8	8	8			FALSE	FALSE	1			8	8	""	4	4	FALSE	FALSE	FALSE
SRP198488	10	10	10	10	10			FALSE	FALSE	1								FALSE	FALSE	FALSE
SRP198525	36	36	36	36	36			FALSE	FALSE	1			13	18	""	4	9	FALSE	FALSE	FALSE
SRP198526	9	9	9	9	9			FALSE	FALSE	1			9	9	""	5	4	FALSE	FALSE	FALSE
SRP198592	32	32	32	32	32			FALSE	FALSE	1			32	32	subj:internal sample id	14	18	TRUE	FALSE	FALSE
SRP198642	18	18	18	18	18			FALSE	FALSE	1			18	18	""	10	8	FALSE	FALSE	FALSE
SRP198934	15	15	15	15	15			FALSE	FALSE	1								FALSE	FALSE	FALSE
SRP199042	8	8	8	8	8			FALSE	FALSE	1								FALSE	FALSE	FALSE
SRP199120	8	8	8	8	8			FALSE	FALSE	1			8	8	""	4	4	FALSE	FALSE	FALSE
SRP199131	8	8	8	2	8			FALSE	FALSE	1			5	8	""	3	2	FALSE	FALSE	FALSE
SRP199215	6	6	6	6	6			FALSE	FALSE	1								FALSE	FALSE	FALSE
SRP199237	90	90	90	16	90			FALSE	FALSE	1			90	90	""	45	45	FALSE	FALSE	FALSE
SRP199374	40	20	20	20	40			FALSE	FALSE	2			40	40	""	20	20	FALSE	FALSE	TRUE
SRP199441	78	78	78	78	78			FALSE	FALSE	1			24	24	in:strain=um-het3	12	12	FALSE	FALSE	FALSE
SRP199583	60	20	20	5	60			FALSE	FALSE	3			41	48	ex:source_name=wt_noc_day0_plantaris tendon	21	20	FALSE	FALSE	TRUE
SRP199768	59	59	59	59	59			FALSE	FALSE	1			12	12	""	6	6	FALSE	FALSE	FALSE
SRP199796	16	16	16	16	16			FALSE	FALSE	1			12	12	""	4	8	FALSE	FALSE	FALSE
SRP199849	6	6	6	6	6			FALSE	FALSE	1								FALSE	FALSE	FALSE
SRP199884	10	10	10	10	10			FALSE	FALSE	1			10	10	""	6	4	FALSE	FALSE	FALSE
SRP200149	14	14	14	4	14			FALSE	FALSE	1								FALSE	FALSE	FALSE
SRP200201	24	24	24	24	24			FALSE	FALSE	1			12	12	in:tissue=cerebellum	6	6	FALSE	FALSE	FALSE
SRP200258	16	16	16	16	16			FALSE	FALSE	1			8	8	in:tissue=facs-purified pro-b	4	4	FALSE	FALSE	FALSE
SRP200268	18	18	18	18	18			FALSE	FALSE	1								FALSE	FALSE	FALSE
SRP200316	65	65	65	65	65			FALSE	FALSE	1			10	10	in:tissue=b cells	4	6	FALSE	FALSE	FALSE
SRP200388	6	6	6	2	6			FALSE	FALSE	1								FALSE	FALSE	FALSE
SRP200403	162	162	162	54	162			FALSE	FALSE	1			11	11	in:source_name=skin;in:genotype=wild-type;in:treatment2=no_injection;in:time point=day_8	5	6	FALSE	FALSE	FALSE
SRP200404	12	12	12	12	12			FALSE	FALSE	1			12	12	""	6	6	FALSE	FALSE	FALSE
SRP200405	100	25	25	25	100			FALSE	FALSE	4			100	100	""	52	48	FALSE	FALSE	TRUE
SRP200413	12	12	12	12	12			FALSE	FALSE	1								FALSE	FALSE	FALSE
SRP200436	40	10	10	10	40			FALSE	FALSE	4			20	20	in:cell type=marginal zone b cells	8	12	FALSE	FALSE	TRUE
SRP200481	15	15	15	15	15			FALSE	FALSE	1			12	12	""	6	6	FALSE	FALSE	FALSE
SRP200543	7	7	7	3	7			FALSE	FALSE	1								FALSE	FALSE	FALSE
SRP200566	6	6	6	2	6			FALSE	FALSE	1								FALSE	FALSE	FALSE
SRP200569	16	16	16	16	16			FALSE	FALSE	1			16	16	""	8	8	FALSE	FALSE	FALSE
SRP200652	17	17	17	17	17			FALSE	FALSE	1			17	17	""	8	9	FALSE	FALSE	FALSE
SRP200660	6	6	6	6	6			FALSE	FALSE	1								FALSE	FALSE	FALSE
SRP200672	16	8	8	4	16			FALSE	FALSE	2			8	8	""	4	4	FALSE	FALSE	FALSE
SRP200792	6	6	6	6	6			FALSE	FALSE	1								FALSE	FALSE	FALSE
SRP200978	12	12	12	12	12			FALSE	FALSE	1								FALSE	FALSE	FALSE
SRP201011	73	73	73	73	73			FALSE	FALSE	1			27	27	in:age=8 months	21	6	FALSE	FALSE	FALSE
SRP201067	6	6	6	2	6			FALSE	FALSE	1								FALSE	FALSE	FALSE
SRP201078	21	21	21	21	21			FALSE	FALSE	1								FALSE	FALSE	FALSE
SRP201329	24	24	24	24	24			FALSE	FALSE	1								FALSE	FALSE	FALSE
SRP201399	48	24	24	24	48			FALSE	FALSE	2			16	16	in:tissue=liver tumor	8	8	FALSE	FALSE	FALSE
SRP201544	21	11	11	11	21			FALSE	FALSE	1.909								FALSE	FALSE	FALSE
SRP201548	15	15	15	15	15			FALSE	FALSE	1			15	15	""	7	8	FALSE	FALSE	FALSE
SRP201584	6	6	6	6	6			FALSE	FALSE	1								FALSE	FALSE	FALSE
SRP201665	186	186	186	186	186			FALSE	FALSE	1			16	16	in:tissue=skin;in:time point=d14	8	8	FALSE	FALSE	FALSE
SRP201679	30	30	30	30	30			FALSE	FALSE	1			19	19	""	10	9	FALSE	FALSE	FALSE
SRP201779	200	65	65	65	200			FALSE	FALSE	3.077			68	68	in:brain region=hippocampus;in:age=one year	20	48	FALSE	FALSE	TRUE
SRP201876	15	15	15	15	15			FALSE	FALSE	1			13	13	""	8	5	FALSE	FALSE	FALSE
SRP201969	17	17	17	17	17			FALSE	FALSE	1			17	17	""	8	9	FALSE	FALSE	FALSE
SRP202011	6	6	6	6	6			FALSE	FALSE	1								FALSE	FALSE	FALSE
SRP202544	12	12	12	12	12			FALSE	FALSE	1								FALSE	FALSE	FALSE
SRP202546	14	14	14	14	14			FALSE	FALSE	1								FALSE	FALSE	FALSE
SRP202561	6	6	6	6	6			FALSE	FALSE	1								FALSE	FALSE	FALSE
SRP211761	8	8	8	2	8			FALSE	FALSE	1			8	8	""	4	4	FALSE	FALSE	FALSE
SRP211789	12	12	12	4	12			FALSE	FALSE	1			12	12	""	6	6	FALSE	FALSE	FALSE
SRP211825	16	16	16	16	16			FALSE	FALSE	1			8	8	in:loading condition=non-loaded l side	4	4	FALSE	FALSE	FALSE
SRP211858	49	49	49	12	49			FALSE	FALSE	1			11	11	in:tissue=ventral striatum;subj:mouseid_brainregion	5	6	TRUE	FALSE	FALSE
SRP211876	16	8	8	8	16			FALSE	FALSE	2			16	16	""	8	8	FALSE	FALSE	TRUE
SRP212036	8	8	8	1	8			FALSE	FALSE	1			8	8	""	4	4	FALSE	FALSE	FALSE
SRP212107	28	28	28	28	28			FALSE	FALSE	1			15	15	""	7	8	FALSE	FALSE	FALSE
SRP212122	35	35	35	35	35			FALSE	FALSE	1			13	13	in:tissue=forebrain	7	6	FALSE	FALSE	FALSE
SRP212124	12	12	12	12	12			FALSE	FALSE	1			12	12	""	6	6	FALSE	FALSE	FALSE
SRP212246	6	6	6	6	6			FALSE	FALSE	1								FALSE	FALSE	FALSE
SRP212257	12	12	12	12	12			FALSE	FALSE	1			12	12	""	6	6	FALSE	FALSE	FALSE
SRP212544	18	18	18	6	18			FALSE	FALSE	1			18	18	subj:isolate	9	9	TRUE	FALSE	FALSE
SRP212635	16	16	16	16	16			FALSE	FALSE	1			7	8	""	4	3	FALSE	FALSE	FALSE
SRP212656	17	17	17	17	17			FALSE	FALSE	1			9	11	in:treatment=sglacz	5	4	FALSE	FALSE	FALSE
SRP212664	12	12	12	12	12			FALSE	FALSE	1			12	12	""	6	6	FALSE	FALSE	FALSE
SRP212750	11	11	11	11	11			FALSE	FALSE	1								FALSE	FALSE	FALSE
SRP212751	9	9	9	9	9			FALSE	FALSE	1								FALSE	FALSE	FALSE
SRP212753	40	40	40	40	40			FALSE	FALSE	1			34	40	""	18	16	FALSE	FALSE	FALSE
SRP212839	6	2	6					FALSE	FALSE	3								FALSE	FALSE	FALSE
SRP212867	44	44	44	44	44			FALSE	FALSE	1								FALSE	FALSE	FALSE
SRP212923	11	11	11	11	11			FALSE	FALSE	1			9	11	""	5	4	FALSE	FALSE	FALSE
SRP212932	28	28	28	28	28			FALSE	FALSE	1			9	9	in:tissue=colon	4	5	FALSE	FALSE	FALSE
SRP212934	30	15	15	15	30			FALSE	FALSE	2			16	16	in:cd45level=cd45lo	8	8	FALSE	FALSE	TRUE
SRP212936	24	24	24					FALSE	FALSE	1			8	8	in:tissue=conducting airways	4	4	FALSE	FALSE	FALSE
SRP212937	6	6	6					FALSE	FALSE	1								FALSE	FALSE	FALSE
SRP212940	6	6	6	2	6			FALSE	FALSE	1								FALSE	FALSE	FALSE
SRP212952	12	12	12	12	12			FALSE	FALSE	1			12	12	""	6	6	FALSE	FALSE	FALSE
SRP212953	6	6	6	6	6			FALSE	FALSE	1								FALSE	FALSE	FALSE
SRP212954	12	12	12	12	12			FALSE	FALSE	1			12	12	""	6	6	FALSE	FALSE	FALSE
SRP212955	12	12	12	12	12			FALSE	FALSE	1			12	12	""	6	6	FALSE	FALSE	FALSE
SRP213018	10	10	10	10	10			FALSE	FALSE	1			10	10	""	6	4	FALSE	FALSE	FALSE
SRP213210	24	12	12	12	24			FALSE	FALSE	2								FALSE	FALSE	FALSE
SRP213363	12	12	12	2	12			FALSE	FALSE	1			7	12	""	4	3	FALSE	FALSE	FALSE
SRP213598	78	78	78	20	78			FALSE	FALSE	1			7	8	in:age=2 months;in:cell type=cxcl12-abundant reticular cells	3	4	FALSE	FALSE	FALSE
SRP213629	72	24	24	24	72			FALSE	FALSE	3			48	48	""	24	24	FALSE	FALSE	TRUE
SRP213641	11	11	11	11	11			FALSE	FALSE	1			10	11	""	5	5	FALSE	FALSE	FALSE
SRP213718	6	6	6	6	6			FALSE	FALSE	1								FALSE	FALSE	FALSE
SRP213792	64	16	16	16	64			FALSE	FALSE	4			64	64	""	36	28	FALSE	FALSE	TRUE
SRP213838	44	21	21	4	44			FALSE	FALSE	2.095			26	26	in:age=p9	14	12	FALSE	FALSE	TRUE
SRP213880	56	56	56	56	56	animal_id	28	FALSE	TRUE	1	2	2	28	28	in:cell_type=microglia;subj:animal_id	14	14	TRUE	FALSE	FALSE
SRP214059	18	18	18	18	18			FALSE	FALSE	1			12	12	in:source_name=gavaged with nmba	6	6	FALSE	FALSE	FALSE
SRP214273	48	48	48	48	48			FALSE	FALSE	1			8	8	in:tissue region=cortex;in:treatment=vehicle	4	4	FALSE	FALSE	FALSE
SRP214375	60	60	60	2	60			FALSE	FALSE	1			60	60	""	40	20	FALSE	FALSE	FALSE
SRP214453	6	6	6	6	6			FALSE	FALSE	1								FALSE	FALSE	FALSE
SRP214463	8	8	8	8	8			FALSE	FALSE	1			7	8	""	4	3	FALSE	FALSE	FALSE
SRP214489	12	12	12	4	12			FALSE	FALSE	1			12	12	""	6	6	FALSE	FALSE	FALSE
SRP214531	7	4	4	4	7			FALSE	FALSE	1.75								FALSE	FALSE	FALSE
SRP214771	23	12	12	12	23			FALSE	FALSE	1.917			12	12	""	6	6	FALSE	FALSE	FALSE
SRP215165	12	12	12	12	12			FALSE	FALSE	1								FALSE	FALSE	FALSE
SRP215249	40	10	10	10	40			FALSE	FALSE	4			40	40	""	20	20	FALSE	FALSE	TRUE
SRP215287	19	19	19	6	19			FALSE	FALSE	1								FALSE	FALSE	FALSE
SRP215304	9	9	9	3	9			FALSE	FALSE	1								FALSE	FALSE	FALSE
SRP215371	8	8	8	8	8			FALSE	FALSE	1			8	8	""	4	4	FALSE	FALSE	FALSE
SRP215380	15	15	15	15	15			FALSE	FALSE	1			10	10	""	5	5	FALSE	FALSE	FALSE
SRP215421	7	7	7	7	7			FALSE	FALSE	1								FALSE	FALSE	FALSE
SRP215469	16	16	16	16	16			FALSE	FALSE	1			8	8	ex:treatment=no treatment	4	4	FALSE	FALSE	FALSE
SRP215797	6	6	6	6	6			FALSE	FALSE	1								FALSE	FALSE	FALSE
SRP215863	48	24	24	24	48			FALSE	FALSE	2			26	32	""	8	18	FALSE	FALSE	TRUE
SRP215922	24	24	24	24	24			FALSE	FALSE	1			24	24	""	12	12	FALSE	FALSE	FALSE
SRP215924	184	23	23	8	184			FALSE	FALSE	8			48	48	in:tissue=lung	24	24	FALSE	FALSE	TRUE
SRP216020	10	10	10	10	10			FALSE	FALSE	1			10	10	""	5	5	FALSE	FALSE	FALSE
SRP216037	34	34	34	34	34			FALSE	FALSE	1			22	22	in:genotype=pdk2ko	11	11	FALSE	FALSE	FALSE
SRP216039	31	31	31	31	31			FALSE	FALSE	1			26	26	in:strain=pcy/cd1	14	12	FALSE	FALSE	FALSE
SRP216087	10	10	10	10	10			FALSE	FALSE	1			10	10	""	5	5	FALSE	FALSE	FALSE
SRP216236	18	15	15	15	18			FALSE	FALSE	1.2								FALSE	FALSE	FALSE
SRP216264	60	15	15	15	60			FALSE	FALSE	4			60	60	""	32	28	FALSE	FALSE	TRUE
SRP216298	32	32	32					FALSE	FALSE	1			8	8	""	4	4	FALSE	FALSE	FALSE
SRP216314	7	7	7	7	7			FALSE	FALSE	1								FALSE	FALSE	FALSE
SRP216477	6	6	6	6	6			FALSE	FALSE	1								FALSE	FALSE	FALSE
SRP216519	6	6	6	6	6			FALSE	FALSE	1								FALSE	FALSE	FALSE
SRP216539	9	9	9	9	9			FALSE	FALSE	1								FALSE	FALSE	FALSE
SRP216540	12	12	12	12	12			FALSE	FALSE	1			12	12	""	6	6	FALSE	FALSE	FALSE
SRP216657	6	6	6	6	6			FALSE	FALSE	1								FALSE	FALSE	FALSE
SRP216726	12	6	6	6	12			FALSE	FALSE	2			10	12	""	4	6	FALSE	FALSE	TRUE
SRP216742	20	20	20	1	20			FALSE	FALSE	1			9	9	ex:treatment=/;subj:sample #	4	5	TRUE	FALSE	FALSE
SRP216746	12	12	12	12	12			FALSE	FALSE	1								FALSE	FALSE	FALSE
SRP216750	9	9	9	9	9			FALSE	FALSE	1			9	9	""	4	5	FALSE	FALSE	FALSE
SRP216757	64	16	16	4	64			FALSE	FALSE	4			64	64	""	32	32	FALSE	FALSE	TRUE
SRP216849	10	10	10	10	10			FALSE	FALSE	1			10	10	""	4	6	FALSE	FALSE	FALSE
SRP216866	12	12	12	12	12			FALSE	FALSE	1			12	12	""	6	6	FALSE	FALSE	FALSE
SRP217127	8	8	8	2	8			FALSE	FALSE	1			8	8	""	4	4	FALSE	FALSE	FALSE
SRP217206	15	15	15	15	15			FALSE	FALSE	1			10	10	""	5	5	FALSE	FALSE	FALSE
SRP217477	6	6	6	6	6			FALSE	FALSE	1								FALSE	FALSE	FALSE
SRP217722	6	6	6	6	6			FALSE	FALSE	1								FALSE	FALSE	FALSE
SRP217727	16	16	16	16	16			FALSE	FALSE	1			8	8	""	4	4	FALSE	FALSE	FALSE
SRP217736	44	44	44	44	44			FALSE	FALSE	1			11	11	in:treatment=none;in:tissue=spinal cord (lumbar)	6	5	FALSE	FALSE	FALSE
SRP217843	6	6	6	6	6			FALSE	FALSE	1								FALSE	FALSE	FALSE
SRP217849	16	16	16	16	16			FALSE	FALSE	1			16	16	""	8	8	FALSE	FALSE	FALSE
SRP217860	18	18	18	18	18			FALSE	FALSE	1			9	9	in:source_name=naïve cd8 t cells	5	4	FALSE	FALSE	FALSE
SRP217867	18	18	18	9	18			FALSE	FALSE	1			8	8	in:age=3 day old neonate	4	4	FALSE	FALSE	FALSE
SRP217875	18	18	18	6	18			FALSE	FALSE	1								FALSE	FALSE	FALSE
SRP217905	10	10	10	10	10			FALSE	FALSE	1			10	10	""	5	5	FALSE	FALSE	FALSE
SRP217909	8	8	8	2	8			FALSE	FALSE	1			8	8	""	4	4	FALSE	FALSE	FALSE
SRP217971	8	8	8	8	8			FALSE	FALSE	1								FALSE	FALSE	FALSE
SRP217979	6	6	6	6	6			FALSE	FALSE	1								FALSE	FALSE	FALSE
SRP218011	6	6	6	6	6			FALSE	FALSE	1								FALSE	FALSE	FALSE
SRP218156	60	45	45	45	60			FALSE	FALSE	1.333			30	30	in:source_name=hippocampus	16	14	FALSE	FALSE	FALSE
SRP218250	23	23	23	4	23			FALSE	FALSE	1			23	23	""	12	11	FALSE	FALSE	FALSE
SRP218280	6	6	6			mouse name	6	FALSE	TRUE	1	1	1						FALSE	FALSE	FALSE
SRP218436	22	22	22	22	22			FALSE	FALSE	1			15	15	""	10	5	FALSE	FALSE	FALSE
SRP218456	16	8	8	8	16			FALSE	FALSE	2			16	16	""	8	8	FALSE	FALSE	TRUE
SRP218613	12	12	12	12	12			FALSE	FALSE	1								FALSE	FALSE	FALSE
SRP218614	39	39	39	8	39			FALSE	FALSE	1			20	20	in:tissue=liver tissue	10	10	FALSE	FALSE	FALSE
SRP218693	30	30	30	30	30			FALSE	FALSE	1			8	10	ex:treatment=al.r;ex:treatment=eod.r;ex:treatment=if16.r	3	5	FALSE	FALSE	FALSE
SRP218851	12	12	12	12	12			FALSE	FALSE	1			12	12	""	6	6	FALSE	FALSE	FALSE
SRP218864	17	17	17	17	17			FALSE	FALSE	1			17	17	""	8	9	FALSE	FALSE	FALSE
SRP219028	15	15	15	5	15			FALSE	FALSE	1								FALSE	FALSE	FALSE
SRP219039	12	12	12	12	12			FALSE	FALSE	1			12	12	""	6	6	FALSE	FALSE	FALSE
SRP219147	6	6	6	6	6			FALSE	FALSE	1								FALSE	FALSE	FALSE
SRP219148	6	6	6	6	6			FALSE	FALSE	1								FALSE	FALSE	FALSE
SRP219200	32	4	4	4	32			FALSE	FALSE	8			31	32	""	15	16	FALSE	FALSE	TRUE
SRP219271	32	32	32	32	32			FALSE	FALSE	1			32	32	""	16	16	FALSE	FALSE	FALSE
SRP219342	44	44	44					FALSE	FALSE	1			28	28	in:tissue=sorted hsc cells from bone marrow	12	16	FALSE	FALSE	FALSE
SRP219460	12	12	12					FALSE	FALSE	1								FALSE	FALSE	FALSE
SRP219516	78	39	39	39	78	mouse-id	13	FALSE	TRUE	2	3	6	13	26	in:tissue=colon;subj:mouse-id	6	7	TRUE	FALSE	FALSE
SRP219614	24	24	24	24	24			FALSE	FALSE	1			24	24	""	12	12	FALSE	FALSE	FALSE
SRP219659	6	6	6	6	6			FALSE	FALSE	1								FALSE	FALSE	FALSE
SRP219832	6	6	6	6	6			FALSE	FALSE	1								FALSE	FALSE	FALSE
SRP219834	34	34	34	34	34			FALSE	FALSE	1			26	26	in:denervation surgery=denervated leg	10	16	FALSE	FALSE	FALSE
SRP219845	9	9	9	9	9			FALSE	FALSE	1								FALSE	FALSE	FALSE
SRP219874	6	6	6	2	6			FALSE	FALSE	1								FALSE	FALSE	FALSE
SRP219877	6	6	6	2	6			FALSE	FALSE	1								FALSE	FALSE	FALSE
SRP219896	9	9	9	3	9			FALSE	FALSE	1								FALSE	FALSE	FALSE
SRP219923	7	7	7	7	7			FALSE	FALSE	1								FALSE	FALSE	FALSE
SRP220131	24	24	24	24	24			FALSE	FALSE	1			10	12	in:co-receptor=cd4;subj:mouse identifier	4	6	TRUE	FALSE	FALSE
SRP220136	28	28	28	28	28			FALSE	FALSE	1								FALSE	FALSE	FALSE
SRP220328	81	81	81	17	81			FALSE	FALSE	1			55	55	in:source_name=whole brain	22	33	FALSE	FALSE	FALSE
SRP220333	41	41	41	41	41			FALSE	FALSE	1			21	29	in:tissue=cortex	11	10	FALSE	FALSE	FALSE
SRP220337	42	42	42	11	42			FALSE	FALSE	1			27	27	""	8	19	FALSE	FALSE	FALSE
SRP220351	6	6	6					FALSE	FALSE	1								FALSE	FALSE	FALSE
SRP220371	42	42	42					FALSE	FALSE	1			17	17	""	9	8	FALSE	FALSE	FALSE
SRP220401	13	13	13	13	13			FALSE	FALSE	1			13	13	""	6	7	FALSE	FALSE	FALSE
SRP220444	9	9	9	3	9			FALSE	FALSE	1								FALSE	FALSE	FALSE
SRP220487	21	21	21	21	21			FALSE	FALSE	1			21	21	""	11	10	FALSE	FALSE	FALSE
SRP220535	12	12	12	12	12			FALSE	FALSE	1								FALSE	FALSE	FALSE
SRP220671	62	62	62	62	62			FALSE	FALSE	1			23	23	in:tissue=subcutaneous adipose	12	11	FALSE	FALSE	FALSE
SRP220745	23	23	23	23	23			FALSE	FALSE	1								FALSE	FALSE	FALSE
SRP220922	6	6	6	6	6			FALSE	FALSE	1								FALSE	FALSE	FALSE
SRP221143	6	6	6	2	6			FALSE	FALSE	1								FALSE	FALSE	FALSE
SRP221157	8	8	8	8	8			FALSE	FALSE	1								FALSE	FALSE	FALSE
SRP221258	12	12	12	4	12			FALSE	FALSE	1			12	12	""	6	6	FALSE	FALSE	FALSE
SRP221270	19	19	19	19	19			FALSE	FALSE	1			19	19	""	10	9	FALSE	FALSE	FALSE
SRP221456	18	18	18	6	18			FALSE	FALSE	1								FALSE	FALSE	FALSE
SRP221458	43	43	43	43	43			FALSE	FALSE	1			24	24	""	17	7	FALSE	FALSE	FALSE
SRP221463	6	6	6					FALSE	FALSE	1								FALSE	FALSE	FALSE
SRP221514	54	54	54	6	54			FALSE	FALSE	1			18	18	in:tissue=adipocyte	9	9	FALSE	FALSE	FALSE
SRP221554	6	6	6	6	6			FALSE	FALSE	1								FALSE	FALSE	FALSE
SRP221577	24	24	24	24	24			FALSE	FALSE	1								FALSE	FALSE	FALSE
SRP221605	6	6	6	6	6			FALSE	FALSE	1								FALSE	FALSE	FALSE
SRP221637	32	32	32	32	32			FALSE	FALSE	1			32	32	""	16	16	FALSE	FALSE	FALSE
SRP221710	13	13	13	13	13			FALSE	FALSE	1								FALSE	FALSE	FALSE
SRP221714	7	7	7	7	7			FALSE	FALSE	1								FALSE	FALSE	FALSE
SRP221740	33	33	33	11	33			FALSE	FALSE	1								FALSE	FALSE	FALSE
SRP221742	17	17	17	2	17			FALSE	FALSE	1			17	17	""	9	8	FALSE	FALSE	FALSE
SRP222281	17	17	17	17	17			FALSE	FALSE	1								FALSE	FALSE	FALSE
SRP222321	8	8	8	8	8			FALSE	FALSE	1			8	8	""	4	4	FALSE	FALSE	FALSE
SRP222324	20	20	20	20	20			FALSE	FALSE	1			20	20	""	10	10	FALSE	FALSE	FALSE
SRP222365	11	11	11	11	11			FALSE	FALSE	1								FALSE	FALSE	FALSE
SRP222586	10	10	10	10	10			FALSE	FALSE	1			10	10	""	4	6	FALSE	FALSE	FALSE
SRP222765	68	68	68	17	68			FALSE	FALSE	1			17	68	subj:source_name	9	8	TRUE	FALSE	FALSE
SRP222784	25	25	25	25	25			FALSE	FALSE	1			19	19	ex:treatment=untreated	9	10	FALSE	FALSE	FALSE
SRP222910	6	6	6	2	6			FALSE	FALSE	1								FALSE	FALSE	FALSE
SRP223077	8	8	8	8	8			FALSE	FALSE	1			8	8	""	4	4	FALSE	FALSE	FALSE
SRP223109	6	6	6	6	6			FALSE	FALSE	1								FALSE	FALSE	FALSE
SRP223112	6	6	6	6	6			FALSE	FALSE	1								FALSE	FALSE	FALSE
SRP223230	24	24	24	24	24			FALSE	FALSE	1			18	18	in:source_name=liver	9	9	FALSE	FALSE	FALSE
SRP223287	32	16	16	16	32			FALSE	FALSE	2			32	32	""	16	16	FALSE	FALSE	TRUE
SRP223303	24	24	24	24	24			FALSE	FALSE	1			8	8	""	4	4	FALSE	FALSE	FALSE
SRP223471	9	9	9	9	9			FALSE	FALSE	1								FALSE	FALSE	FALSE
SRP223505	12	12	12	12	12			FALSE	FALSE	1								FALSE	FALSE	FALSE
SRP223727	26	26	26	26	26			FALSE	FALSE	1								FALSE	FALSE	FALSE
SRP223761	66	34	34	34	66			FALSE	FALSE	1.941			50	50	in:stress=myocardial infarction	25	25	FALSE	FALSE	TRUE
SRP223836	6	6	6	2	6			FALSE	FALSE	1								FALSE	FALSE	FALSE
SRP224064	8	8	8	8	8	mouse_id	8	FALSE	TRUE	1	1	1	7	8	subj:mouse_id	3	4	TRUE	FALSE	FALSE
SRP224526	9	9	9	2	9			FALSE	FALSE	1			9	9	""	5	4	FALSE	FALSE	FALSE
SRP224587	65	56	56	56	65			FALSE	FALSE	1.161								FALSE	FALSE	FALSE
SRP224649	16	16	16	16	16			FALSE	FALSE	1			8	8	in:region=basolateral amygdala	4	4	FALSE	FALSE	FALSE
SRP224655	48	12	12	12	48			FALSE	FALSE	4			48	48	""	32	16	FALSE	FALSE	TRUE
SRP224672	157	24	24	24	157			FALSE	FALSE	6.542			82	82	""	18	64	FALSE	FALSE	TRUE
SRP224951	24	24	24	24	24			FALSE	FALSE	1			24	24	""	12	12	FALSE	FALSE	FALSE
SRP225211	6	6	6	6	6			FALSE	FALSE	1								FALSE	FALSE	FALSE
SRP225225	7	7	7	7	7			FALSE	FALSE	1								FALSE	FALSE	FALSE
SRP225503	63	45	63	45	63	mouse id	45	FALSE	TRUE	1.4	1	1.4	21	31	in:dam treatment=anti-bmp9/10;subj:mouse id	12	9	TRUE	FALSE	FALSE
SRP225544	19	19	19	19	19			FALSE	FALSE	1			10	10	in:tissue=liver	5	5	FALSE	FALSE	FALSE
SRP225660	76	76	76	76	76			FALSE	FALSE	1			26	26	in:tissue=liver	13	13	FALSE	FALSE	FALSE
SRP225712	6	6	6	6	6			FALSE	FALSE	1								FALSE	FALSE	FALSE
SRP225812	8	8	8	8	8			FALSE	FALSE	1			8	8	""	4	4	FALSE	FALSE	FALSE
SRP225890	32	16	16	16	32	subject	16	FALSE	TRUE	2	1	2	8	16	in:tissue=red gastrocnemius muscle;subj:subject	4	4	TRUE	FALSE	FALSE
SRP225899	10	10	10	10	10			FALSE	FALSE	1			10	10	""	5	5	FALSE	FALSE	FALSE
SRP225901	10	10	10	10	10			FALSE	FALSE	1			10	10	""	5	5	FALSE	FALSE	FALSE
SRP225951	20	20	20	20	20			FALSE	FALSE	1			20	20	""	10	10	FALSE	FALSE	FALSE
SRP226196	12	12	12	12	12			FALSE	FALSE	1			12	12	""	6	6	FALSE	FALSE	FALSE
SRP226422	6	6	6	6	6			FALSE	FALSE	1								FALSE	FALSE	FALSE
SRP226459	12	12	12	12	12			FALSE	FALSE	1			12	12	""	6	6	FALSE	FALSE	FALSE
SRP226573	12	12	12	12	12			FALSE	FALSE	1								FALSE	FALSE	FALSE
SRP226727	10	10	10	10	10			FALSE	FALSE	1								FALSE	FALSE	FALSE
SRP226737	12	12	12	12	12			FALSE	FALSE	1			12	12	""	6	6	FALSE	FALSE	FALSE
SRP226834	12	12	12	12	12			FALSE	FALSE	1								FALSE	FALSE	FALSE
SRP226862	11	11	11	3	11			FALSE	FALSE	1								FALSE	FALSE	FALSE
SRP226891	6	6	6	2	6			FALSE	FALSE	1								FALSE	FALSE	FALSE
SRP227165	16	16	16	16	16			FALSE	FALSE	1			14	16	""	6	8	FALSE	FALSE	FALSE
SRP227204	18	18	18	6	18			FALSE	FALSE	1								FALSE	FALSE	FALSE
SRP227207	12	12	12	4	12			FALSE	FALSE	1			12	12	""	6	6	FALSE	FALSE	FALSE
SRP227260	20	20	20	2	20			FALSE	FALSE	1			20	20	""	10	10	FALSE	FALSE	FALSE
SRP227924	50	50	50	50	50			FALSE	FALSE	1			10	10	in:hrs of activation=0h - naive	5	5	FALSE	FALSE	FALSE
SRP227956	6	6	6	2	6			FALSE	FALSE	1								FALSE	FALSE	FALSE
SRP228451	6	6	6	2	6			FALSE	FALSE	1								FALSE	FALSE	FALSE
SRP228490	20	20	20	20	20			FALSE	FALSE	1			14	14	""	7	7	FALSE	FALSE	FALSE
SRP228800	19	19	19	19	19			FALSE	FALSE	1			19	19	""	10	9	FALSE	FALSE	FALSE
SRP228964	95	95	95	1	95			FALSE	FALSE	1			22	22	subj:unique sample	4	18	TRUE	FALSE	FALSE
SRP229069	28	28	28	28	28			FALSE	FALSE	1			28	28	""	14	14	FALSE	FALSE	FALSE
SRP229353	16	16	16	16	16			FALSE	FALSE	1			16	16	""	8	8	FALSE	FALSE	FALSE
SRP229368	15	15	15	15	15			FALSE	FALSE	1			6	8	in:cell type=ilc2p	2	4	FALSE	FALSE	FALSE
SRP229390	10	10	10	10	10			FALSE	FALSE	1			10	10	""	5	5	FALSE	FALSE	FALSE
SRP229484	72	36	36	36	72			FALSE	FALSE	2			24	24	in:time post-inoculation=3 weeks	12	12	FALSE	FALSE	FALSE
SRP229489	53	53	53	53	53			FALSE	FALSE	1			36	36	in:age=24 weeks	28	8	FALSE	FALSE	FALSE
SRP229494	20	20	20	20	20			FALSE	FALSE	1			20	20	""	10	10	FALSE	FALSE	FALSE
SRP229586	18	18	18	18	18			FALSE	FALSE	1			18	18	""	12	6	FALSE	FALSE	FALSE
SRP229626	13	13	13	13	13			FALSE	FALSE	1			13	13	""	6	7	FALSE	FALSE	FALSE
SRP229630	28	28	28	28	28			FALSE	FALSE	1								FALSE	FALSE	FALSE
SRP229632	16	16	16	16	16			FALSE	FALSE	1			8	8	in:cell type=neuronal	4	4	FALSE	FALSE	FALSE
SRP229742	741	63	63	63	741			FALSE	FALSE	11.762			216	216	in:ztime=6	159	57	FALSE	FALSE	TRUE
SRP229965	19	19	19	19	19			FALSE	FALSE	1			19	19	""	9	10	FALSE	FALSE	FALSE
SRP229985	16	16	16	16	16			FALSE	FALSE	1								FALSE	FALSE	FALSE
SRP229998	24	24	24	24	24			FALSE	FALSE	1								FALSE	FALSE	FALSE
SRP230184	6	6	6	6	6			FALSE	FALSE	1								FALSE	FALSE	FALSE
SRP230248	64	64	64	1	64			FALSE	FALSE	1			16	16	subj:unique sample	8	8	TRUE	FALSE	FALSE
SRP230295	8	8	8	8	8			FALSE	FALSE	1			5	8	""	3	2	FALSE	FALSE	FALSE
SRP230420	84	84	84	84	84			FALSE	FALSE	1			84	84	""	44	40	FALSE	FALSE	FALSE
SRP230425	60	15	15	15	60			FALSE	FALSE	4			33	40	""	16	17	FALSE	FALSE	TRUE
SRP232912	89	89	89	89	89			FALSE	FALSE	1			89	89	""	79	10	FALSE	FALSE	FALSE
SRP232913	72	24	24	24	72			FALSE	FALSE	3			36	36	in:tissue=dorsal hippocampus	18	18	FALSE	FALSE	TRUE
SRP233206	18	18	18	18	18	animal number	9	FALSE	TRUE	1	2	2	9	9	in:fraction=positive;subj:animal number	5	4	TRUE	FALSE	FALSE
SRP233228	12	6	6	6	12			FALSE	FALSE	2			6	12	""	2	4	FALSE	FALSE	FALSE
SRP233366	12	12	12	2	12			FALSE	FALSE	1			12	12	""	6	6	FALSE	FALSE	FALSE
SRP233389	360	90	90	90	360	animal id	90	FALSE	TRUE	4	1	4	90	360	subj:animal id	49	41	TRUE	FALSE	FALSE
SRP233488	11	11	11	11	11			FALSE	FALSE	1			7	11	""	4	3	FALSE	FALSE	FALSE
SRP233502	7	7	7	7	7			FALSE	FALSE	1								FALSE	FALSE	FALSE
SRP234038	48	48	48	48	48			FALSE	FALSE	1			48	48	subj:sample id	24	24	TRUE	FALSE	FALSE
SRP234045	10	10	10	4	10			FALSE	FALSE	1								FALSE	FALSE	FALSE
SRP234525	11	11	11	11	11			FALSE	FALSE	1								FALSE	FALSE	FALSE
SRP234628	36	36	36	36	36			FALSE	FALSE	1			12	12	in:cell type=splenic b cell	6	6	FALSE	FALSE	FALSE
SRP234629	40	40	40	40	40			FALSE	FALSE	1								FALSE	FALSE	FALSE
SRP234690	10	10	10	10	10			FALSE	FALSE	1								FALSE	FALSE	FALSE
SRP234696	12	6	6	6	12			FALSE	FALSE	2								FALSE	FALSE	FALSE
SRP234718	10	10	10	4	10			FALSE	FALSE	1								FALSE	FALSE	FALSE
SRP234876	71	71	71	71	71			FALSE	FALSE	1			24	24	in:brain region=nucleus accumbens	12	12	FALSE	FALSE	FALSE
SRP235070	41	41	41	41	41			FALSE	FALSE	1			10	10	in:sample type=immunopurified (ip)	5	5	FALSE	FALSE	FALSE
SRP235231	19	19	19	19	19			FALSE	FALSE	1			19	19	""	8	11	FALSE	FALSE	FALSE
SRP235265	40	40	40	40	40			FALSE	FALSE	1			15	15	""	9	6	FALSE	FALSE	FALSE
SRP237295	12	12	12	5	12			FALSE	FALSE	1			12	12	""	6	6	FALSE	FALSE	FALSE
SRP237329	26	26	26	26	26			FALSE	FALSE	1			23	23	in:sample type=immunopurified (ip)	15	8	FALSE	FALSE	FALSE
SRP237364	10	10	10	10	10			FALSE	FALSE	1			10	10	""	5	5	FALSE	FALSE	FALSE
SRP237439	12	12	12	12	12			FALSE	FALSE	1			12	12	""	6	6	FALSE	FALSE	FALSE
SRP237716	8	8	8					FALSE	FALSE	1								FALSE	FALSE	FALSE
SRP237809	16	16	16	16	16			FALSE	FALSE	1								FALSE	FALSE	FALSE
SRP237817	20	20	20	20	20			FALSE	FALSE	1			12	12	subj:specimen_voucher	8	4	TRUE	FALSE	FALSE
SRP237911	21	21	21	21	21			FALSE	FALSE	1			8	8	in:source_name=iecs sorted from neonatal intestine	4	4	FALSE	FALSE	FALSE
SRP237927	114	114	114	38	114			FALSE	FALSE	1			114	114	""	54	60	FALSE	FALSE	FALSE
SRP238080	6	6	6	2	6			FALSE	FALSE	1								FALSE	FALSE	FALSE
SRP238215	20	20	20	20	20			FALSE	FALSE	1			10	12	""	8	2	FALSE	FALSE	FALSE
SRP238545	44	44	44	44	44			FALSE	FALSE	1			24	24	in:treatment=peg	13	11	FALSE	FALSE	FALSE
SRP238748	32	32	32	6	32			FALSE	FALSE	1			32	32	""	15	17	FALSE	FALSE	FALSE
SRP238851	13	13	13	13	13			FALSE	FALSE	1			13	13	""	6	7	FALSE	FALSE	FALSE
SRP251172	12	12	12	12	12			FALSE	FALSE	1			8	8	""	4	4	FALSE	FALSE	FALSE
SRP256038	73	73	73	73	73			FALSE	FALSE	1			21	21	in:tissue=cortical microglia	7	14	FALSE	FALSE	FALSE
SRP281844	9	9	9	9	9			FALSE	FALSE	1			8	8	ex:genotype=cnp-cre; tardbp-fl/fl	4	4	FALSE	FALSE	FALSE
SRP316599	48	48	48	16	48			FALSE	FALSE	1			12	12	in:tissue=cerebellum	6	6	FALSE	FALSE	FALSE
SRP340286	204	204	204	204	204			FALSE	FALSE	1			10	10	in:source_name=ewat	5	5	FALSE	FALSE	FALSE
SRP353027	6	6	6					FALSE	FALSE	1								FALSE	FALSE	FALSE
SRP357133	6	6	6	1	2			FALSE	FALSE	1								FALSE	FALSE	FALSE
SRP424976	6	6	6	2	6			FALSE	FALSE	1								FALSE	FALSE	FALSE
SRP471095	32	32	32	32	32			FALSE	FALSE	1			17	17	in:tissue=brain (one hemisphere)	6	11	FALSE	FALSE	FALSE
SRP477672	9	9	9	9	9			FALSE	FALSE	1								FALSE	FALSE	FALSE
SRP483183	18	18	18	6	18			FALSE	FALSE	1								FALSE	FALSE	FALSE
SRP488592	6	6	6					FALSE	FALSE	1								FALSE	FALSE	FALSE
SRP518881	6	6	6	6	6			FALSE	FALSE	1								FALSE	FALSE	FALSE
SRP527525	18	18	18	18	18			FALSE	FALSE	1								FALSE	FALSE	FALSE
