study	n_per	sex_delta	age_shift	rep	obs_sex_diff	obs_age_smd	M0_n_deg	M0_precision	M0_precision_strict	M0_recall	M0_top100_vs_truth	M0_sexgene_deg	M1_n_deg	M1_precision	M1_precision_strict	M1_recall	M1_top100_vs_truth	M1_sexgene_deg	M2_n_deg	M2_precision	M2_precision_strict	M2_recall	M2_top100_vs_truth	M2_sexgene_deg	obs_jaccard_M0_M2	obs_top100_M0_M2	obs_tspearman_M0_M2	n_truth	n_truth_loose
SRP098758	15	0	0	1	0	0.19	0			0	0.04	0	0			0	0.05	0	0			0	0.09	0	0	0.66	0.983563171321027	200	5958
SRP098758	15	0	0	2	0	0.16	0			0	0.05	0	0			0	0.05	0	0			0	0.05	0	0	0.84	0.996282591716047	200	5958
SRP098758	15	0	0	3	0	0.04	0			0	0.08	0	0			0	0.08	0	0			0	0.08	0	0	0.89	0.998707632549993	200	5958
SRP098758	15	0	0	4	0	0.14	0			0	0	0	0			0	0	0	0			0	0.01	0	0	0.67	0.987312293094934	200	5958
SRP098758	15	0	0	5	0	0.29	0			0	0.07	0	0			0	0.06	0	0			0	0.06	0	0	0.83	0.994170861086284	200	5958
SRP098758	15	0	0	6	0	0.5	0			0	0.2	0	0			0	0.2	0	0			0	0.1	0	0	0.63	0.96732892674023	200	5958
SRP098758	15	0	0	7	0	0.52	0			0	0.03	0	0			0	0.03	0	0			0	0.03	0	0	0.69	0.927919644096463	200	5958
SRP098758	15	0	0	8	0	0.84	0			0	0	0	3	0	0	0	0.01	1	0			0	0.01	0	0	0.51	0.930870681609407	200	5958
SRP098758	15	0	0	9	0	0.43	0			0	0.29	0	14	1	0.785714285714286	0.055	0.28	0	13	1	0.769230769230769	0.05	0.26	0	0	0.74	0.955216398033547	200	5958
SRP098758	15	0	0	10	0	0.36	0			0	0.11	0	0			0	0.11	0	0			0	0.08	0	0	0.79	0.986623548208004	200	5958
SRP098758	15	0	0.5	1	0	1.61	245	0.885714285714286	0.118367346938776	0.145	0.08	0	264	0.867424242424242	0.140151515151515	0.185	0.12	0	0			0	0.16	0	0	0.38	0.885367076075492	200	5958
SRP098758	15	0	0.5	2	0	1.06	0			0	0.08	0	0			0	0.09	0	0			0	0.02	0	0	0.32	0.884736798158759	200	5958
SRP098758	15	0	0.5	3	0	0.71	0			0	0.09	0	0			0	0.09	0	0			0	0.07	0	0	0.59	0.971615141265153	200	5958
SRP098758	15	0	0.5	4	0	0.87	0			0	0.23	0	0			0	0.25	0	0			0	0.22	0	0	0.56	0.870598647224509	200	5958
SRP098758	15	0	0.5	5	0	1.34	0			0	0.15	0	0			0	0.13	0	0			0	0.08	0	0	0.4	0.834737643496857	200	5958
SRP098758	15	0	0.5	6	0	0.54	0			0	0.01	0	0			0	0.01	0	0			0	0	0	0	0.56	0.958172889307842	200	5958
SRP098758	15	0	0.5	7	0	0.73	0			0	0.02	0	0			0	0.03	0	0			0	0.01	0	0	0.59	0.929839881631341	200	5958
SRP098758	15	0	0.5	8	0	0.64	0			0	0.07	0	0			0	0.08	0	0			0	0	0	0	0.6	0.948374960509638	200	5958
SRP098758	15	0	0.5	9	0	1.46	0			0	0.22	0	0			0	0.21	0	0			0	0.05	0	0	0.27	0.805243669686763	200	5958
SRP098758	15	0	0.5	10	0	0.42	0			0	0.03	0	0			0	0.03	0	0			0	0.03	0	0	0.68	0.955770166498396	200	5958
SRP098758	15	0	1	1	0	2.42	0			0	0.17	0	0			0	0.17	0	0			0	0.03	0	0	0.18	0.651345743436181	200	5958
SRP098758	15	0	1	2	0	1.88	0			0	0.05	0	0			0	0.05	0	0			0	0	0	0	0.24	0.778096907972895	200	5958
SRP098758	15	0	1	3	0	2.32	17	0.882352941176471	0.294117647058824	0.025	0.13	0	40	0.8	0.25	0.05	0.11	0	0			0	0.02	0	0	0.15	0.428884265499061	200	5958
SRP098758	15	0	1	4	0	2.02	2527	0.436881677878908	0.0138504155124654	0.175	0.03	0	2867	0.433554237879316	0.0136030694105337	0.195	0.04	3	0			0	0.03	0	0	0.25	0.870303533410996	200	5958
SRP098758	15	0	1	5	0	2.55	0			0	0.01	0	0			0	0.02	0	0			0	0.02	0	0	0.06	0.559492211115681	200	5958
SRP098758	15	0	1	6	0	2.24	1420	0.851408450704225	0.0366197183098592	0.26	0.02	0	1397	0.854688618468146	0.0422333571939871	0.295	0.05	3	0			0	0	0	0	0.16	0.783121707699634	200	5958
SRP098758	15	0	1	7	0	1.94	0			0	0.02	0	0			0	0.03	0	0			0	0.01	0	0	0.11	0.655079567993295	200	5958
SRP098758	15	0	1	8	0	2.28	0			0	0.18	0	0			0	0.16	0	0			0	0.02	0	0	0.11	0.706448005028017	200	5958
SRP098758	15	0	1	9	0	2.25	0			0	0.32	0	1	1	0	0	0.28	0	0			0	0.04	0	0	0.06	0.336715521148494	200	5958
SRP098758	15	0	1	10	0	1.81	4	0.75	0.25	0.005	0	0	4	0.75	0.25	0.005	0	0	0			0	0.01	0	0	0.27	0.873710677051394	200	5958
SRP098758	15	0.25	0	1	0.2	0.05	0			0	0.21	0	0			0	0.14	0	0			0	0.16	0	0	0.75	0.983796254248038	200	5958
SRP098758	15	0.25	0	2	0.2	0.59	0			0	0.09	0	0			0	0.09	0	0			0	0.06	0	0	0.47	0.910630760584204	200	5958
SRP098758	15	0.25	0	3	0.2	0.3	0			0	0.13	0	0			0	0.08	0	0			0	0.06	0	0	0.58	0.956393497927983	200	5958
SRP098758	15	0.25	0	4	0.2	0.19	26	0.923076923076923	0.692307692307692	0.09	0.34	0	1	1	1	0.005	0.35	0	1	1	1	0.005	0.36	0	0.0384615384615385	0.77	0.983829641822619	200	5958
SRP098758	15	0.25	0	5	0.2	0.05	0			0	0.03	0	0			0	0.02	0	0			0	0.02	0	0	0.65	0.96629436379844	200	5958
SRP098758	15	0.25	0	6	0.2	0.02	0			0	0.03	0	0			0	0.02	0	0			0	0.01	0	0	0.65	0.979211991154198	200	5958
SRP098758	15	0.25	0	7	0.2	0.3	0			0	0.01	0	0			0	0.01	0	0			0	0.04	0	0	0.65	0.975452893257091	200	5958
SRP098758	15	0.25	0	8	0.2	0.51	0			0	0.03	0	0			0	0.02	0	0			0	0.01	0	0	0.64	0.967854748498293	200	5958
SRP098758	15	0.25	0	9	0.2	0.28	0			0	0.04	0	0			0	0.02	0	0			0	0.02	0	0	0.6	0.870559998082523	200	5958
SRP098758	15	0.25	0	10	0.2	0.11	0			0	0.05	0	0			0	0.05	0	0			0	0.05	0	0	0.76	0.968091050592374	200	5958
SRP098758	15	0.25	0.5	1	0.2	0.94	0			0	0.04	0	0			0	0.02	0	0			0	0.01	0	0	0.54	0.876329441436826	200	5958
SRP098758	15	0.25	0.5	2	0.2	1.24	0			0	0.1	0	0			0	0.08	0	0			0	0.02	0	0	0.13	0.651539372753928	200	5958
SRP098758	15	0.25	0.5	3	0.2	0.98	0			0	0.08	0	0			0	0.06	0	0			0	0.07	0	0	0.42	0.913857882638584	200	5958
SRP098758	15	0.25	0.5	4	0.2	1.25	79	0.987341772151899	0.506329113924051	0.2	0.42	0	34	0.970588235294118	0.558823529411765	0.095	0.34	0	0			0	0.12	0	0	0.28	0.683633234049125	200	5958
SRP098758	15	0.25	0.5	5	0.2	0.78	14	1	0.714285714285714	0.05	0.41	0	10	1	0.8	0.04	0.41	0	0			0	0.23	0	0	0.57	0.902424426499791	200	5958
SRP098758	15	0.25	0.5	6	0.2	1.05	0			0	0.21	0	0			0	0.2	0	0			0	0	0	0	0.15	0.86294123076465	200	5958
SRP098758	15	0.25	0.5	7	0.2	0.86	0			0	0.01	0	0			0	0.02	0	1204	0.343023255813954	0.00996677740863787	0.06	0	0	0	0.34	0.940229782216442	200	5958
SRP098758	15	0.25	0.5	8	0.2	0.89	0			0	0.02	0	0			0	0.02	0	0			0	0	0	0	0.31	0.78717466867132	200	5958
SRP098758	15	0.25	0.5	9	0.2	0.98	0			0	0.3	0	0			0	0.24	0	0			0	0.05	0	0	0.33	0.924554146343397	200	5958
SRP098758	15	0.25	0.5	10	0.2	0.94	0			0	0.04	0	0			0	0.03	0	0			0	0.03	0	0	0.35	0.844065327330387	200	5958
SRP098758	15	0.25	1	1	0.2	2.51	0			0	0.06	0	0			0	0.04	0	0			0	0.03	0	0	0.13	0.603054075488626	200	5958
SRP098758	15	0.25	1	2	0.2	2.85	526	0.895437262357415	0.192015209125475	0.505	0.34	0	373	0.900804289544236	0.198391420911528	0.37	0.33	0	0			0	0.17	0	0	0.16	0.766328276055862	200	5958
SRP098758	15	0.25	1	3	0.2	2.11	0			0	0.05	0	0			0	0.06	0	0			0	0.03	0	0	0.06	0.497339647823326	200	5958
SRP098758	15	0.25	1	4	0.2	2.66	0			0	0.04	0	0			0	0.04	0	0			0	0	0	0	0.03	0.118560078475696	200	5958
SRP098758	15	0.25	1	5	0.2	2.12	0			0	0.31	0	0			0	0.28	0	0			0	0.09	0	0	0.2	0.613826399676459	200	5958
SRP098758	15	0.25	1	6	0.2	2.41	0			0	0.03	0	1	1	0	0	0.06	0	0			0	0	0	0	0.06	0.50410520385031	200	5958
SRP098758	15	0.25	1	7	0.2	2.17	0			0	0.03	0	0			0	0.02	0	0			0	0.01	0	0	0.1	0.613849868235038	200	5958
SRP098758	15	0.25	1	8	0.2	2.38	0			0	0.13	0	0			0	0.1	0	0			0	0.04	0	0	0.25	0.853981597157536	200	5958
SRP098758	15	0.25	1	9	0.2	2.47	0			0	0.24	0	0			0	0.17	0	0			0	0.09	0	0	0.15	0.558796739012981	200	5958
SRP098758	15	0.25	1	10	0.2	1.96	809	0.88504326328801	0.126081582200247	0.51	0.36	0	463	0.922246220302376	0.172786177105832	0.4	0.35	0	0			0	0.16	0	0	0.32	0.81938432721293	200	5958
SRP098758	15	0.5	0	1	0.47	0.52	0			0	0.06	0	0			0	0.01	0	0			0	0.01	0	0	0.2	0.762215691255422	200	5958
SRP098758	15	0.5	0	2	0.47	0.24	0			0	0.03	0	0			0	0	0	0			0	0	0	0	0.27	0.850727113033836	200	5958
SRP098758	15	0.5	0	3	0.47	0.19	0			0	0.12	0	0			0	0.01	0	0			0	0	0	0	0.33	0.769056957512377	200	5958
SRP098758	15	0.5	0	4	0.47	0.04	0			0	0	0	0			0	0.01	0	0			0	0.01	0	0	0.27	0.92291116442169	200	5958
SRP098758	15	0.5	0	5	0.47	0.16	0			0	0.17	0	0			0	0.07	0	0			0	0.05	0	0	0.31	0.904879993682832	200	5958
SRP098758	15	0.5	0	6	0.47	0.32	0			0	0.01	0	0			0	0.01	0	0			0	0.01	0	0	0.44	0.853072987686798	200	5958
SRP098758	15	0.5	0	7	0.47	0.84	0			0	0.01	0	1	0	0	0	0.02	1	0			0	0.01	0	0	0.3	0.813366975115079	200	5958
SRP098758	15	0.5	0	8	0.47	0.59	0			0	0.08	0	0			0	0	0	0			0	0	0	0	0.27	0.84395550762931	200	5958
SRP098758	15	0.5	0	9	0.47	0.04	0			0	0.34	0	212	0.919811320754717	0.292452830188679	0.31	0.29	1	202	0.915841584158416	0.297029702970297	0.3	0.27	1	0	0.53	0.924288612821753	200	5958
SRP098758	15	0.5	0	10	0.47	0.4	60	0.966666666666667	0.333333333333333	0.1	0.24	0	0			0	0.26	0	0			0	0.12	0	0	0.36	0.882460061501228	200	5958
SRP098758	15	0.5	0.5	1	0.47	1.01	0			0	0.38	0	0			0	0.37	0	0			0	0.28	0	0	0.41	0.881044795157137	200	5958
SRP098758	15	0.5	0.5	2	0.47	0.91	0			0	0.08	0	0			0	0.05	0	0			0	0.02	0	0	0.26	0.910151164482157	200	5958
SRP098758	15	0.5	0.5	3	0.47	1.17	0			0	0.18	0	0			0	0.09	0	0			0	0.05	0	0	0.29	0.863973984298419	200	5958
SRP098758	15	0.5	0.5	4	0.47	0.62	0			0	0.17	0	0			0	0.07	0	0			0	0.04	0	0	0.3	0.830397984727105	200	5958
SRP098758	15	0.5	0.5	5	0.47	0.9	0			0	0.15	0	4	1	0.75	0.015	0.07	2	3	1	1	0.015	0.07	2	0	0.36	0.919638383520603	200	5958
SRP098758	15	0.5	0.5	6	0.47	1.17	0			0	0.29	0	0			0	0.13	0	0			0	0.02	0	0	0.13	0.748743585368487	200	5958
SRP098758	15	0.5	0.5	7	0.47	0.95	0			0	0.01	0	0			0	0.01	0	0			0	0.01	0	0	0.24	0.847353414933974	200	5958
SRP098758	15	0.5	0.5	8	0.47	0.82	0			0	0.1	0	0			0	0.07	0	0			0	0.04	0	0	0.35	0.871039071140334	200	5958
SRP098758	15	0.5	0.5	9	0.47	0.9	0			0	0.07	0	0			0	0.05	0	0			0	0.02	0	0	0.35	0.77324621383643	200	5958
SRP098758	15	0.5	0.5	10	0.47	0.74	0			0	0.12	0	0			0	0.02	0	0			0	0.04	0	0	0.3	0.903816260656539	200	5958
SRP098758	15	0.5	1	1	0.47	2.64	2	1	0.5	0.005	0.25	0	0			0	0.08	0	0			0	0.01	0	0	0.04	0.432082421442811	200	5958
SRP098758	15	0.5	1	2	0.47	2.34	908	0.889867841409692	0.123348017621145	0.56	0.16	0	73	0.89041095890411	0.273972602739726	0.1	0.14	0	2	0	0	0	0.02	0	0.0011001100110011	0.08	0.593314950866102	200	5958
SRP098758	15	0.5	1	3	0.47	2.38	147	0.918367346938776	0.340136054421769	0.25	0.26	0	30	0.9	0.233333333333333	0.035	0.16	0	0			0	0.2	0	0	0.28	0.82965716466321	200	5958
SRP098758	15	0.5	1	4	0.47	3.04	0			0	0.04	0	0			0	0.04	0	0			0	0	0	0	0.03	0.49419258059605	200	5958
SRP098758	15	0.5	1	5	0.47	3.33	725	0.866206896551724	0.147586206896552	0.535	0.22	0	417	0.911270983213429	0.139088729016787	0.29	0.19	0	1889	0.544732662784542	0.0381154049761779	0.36	0.05	0	0.157661647475642	0.13	0.719008941053836	200	5958
SRP098758	15	0.5	1	6	0.47	2.03	3	1	0.666666666666667	0.01	0.08	0	373	0.911528150134048	0.0509383378016086	0.095	0.05	1	0			0	0.01	0	0	0.17	0.839659343896837	200	5958
SRP098758	15	0.5	1	7	0.47	2.64	0			0	0.3	0	0			0	0.21	0	0			0	0.03	0	0	0.04	0.323192321696282	200	5958
SRP098758	15	0.5	1	8	0.47	2.94	0			0	0.3	0	2	1	0.5	0.005	0.26	0	0			0	0.01	0	0	0.02	0.269755079970604	200	5958
SRP098758	15	0.5	1	9	0.47	2.03	0			0	0.23	0	0			0	0.1	0	0			0	0	0	0	0.09	0.599306964948019	200	5958
SRP098758	15	0.5	1	10	0.47	2.29	0			0	0.08	0	0			0	0.03	0	0			0	0	0	0	0.03	0.562240108778414	200	5958
SRP098758	15	0.75	0	1	0.73	0.08	1	0	0	0	0.04	0	0			0	0	0	0			0	0	0	0	0.16	0.366072089585421	200	5958
SRP098758	15	0.75	0	2	0.73	0.25	26	0.5	0.153846153846154	0.02	0	9	321	0.0747663551401869	0.0124610591900312	0.02	0	9	338	0.0621301775147929	0.0118343195266272	0.02	0	9	0.0612244897959184	0.14	0.511687964345557	200	5958
SRP098758	15	0.75	0	3	0.73	0.34	14	0.357142857142857	0	0	0.01	2	0			0	0	0	0			0	0	0	0	0.33	0.63254208078091	200	5958
SRP098758	15	0.75	0	4	0.73	0.03	262	0.927480916030534	0.366412213740458	0.48	0.4	4	9	1	0.666666666666667	0.03	0.31	0	16	0.9375	0.625	0.05	0.26	0	0.0451127819548872	0.49	0.801069283844468	200	5958
SRP098758	15	0.75	0	5	0.73	0.42	4	0.5	0.25	0.005	0.05	0	0			0	0	0	0			0	0	0	0	0.09	0.616281929592502	200	5958
SRP098758	15	0.75	0	6	0.73	0.23	0			0	0.08	0	0			0	0.01	0	0			0	0	0	0	0.05	0.40864375312807	200	5958
SRP098758	15	0.75	0	7	0.73	0.5	0			0	0.06	0	1	0	0	0	0	0	1	0	0	0	0	0	0	0.09	0.719115993857131	200	5958
SRP098758	15	0.75	0	8	0.73	0.16	4	0.75	0.25	0.005	0.23	0	1	1	1	0.005	0.36	0	0			0	0.35	0	0	0.44	0.81027734195572	200	5958
SRP098758	15	0.75	0	9	0.73	0.17	20	0.7	0.2	0.02	0.04	5	0			0	0	0	0			0	0	0	0	0.07	0.649438106384478	200	5958
SRP098758	15	0.75	0	10	0.73	0.54	1	1	0	0	0.12	0	1243	0.793242156074015	0.0257441673370877	0.16	0.02	0	901	0.809100998890122	0.0199778024417314	0.09	0.02	0	0	0.04	0.738570568309816	200	5958
SRP098758	15	0.75	0.5	1	0.73	1.19	2	1	0.5	0.005	0.01	0	0			0	0.02	0	0			0	0	0	0	0.07	0.751644122921624	200	5958
SRP098758	15	0.75	0.5	2	0.73	0.87	20	0.8	0.45	0.045	0.21	0	0			0	0.22	0	0			0	0.32	0	0	0.43	0.637503931393129	200	5958
SRP098758	15	0.75	0.5	3	0.73	1.19	1	1	0	0	0.13	0	0			0	0.02	0	0			0	0.06	0	0	0.16	0.847203304357668	200	5958
SRP098758	15	0.75	0.5	4	0.73	0.52	423	0.888888888888889	0.267139479905437	0.565	0.48	8	0			0	0.37	0	0			0	0.28	0	0	0.36	0.646491173385571	200	5958
SRP098758	15	0.75	0.5	5	0.73	0.55	0			0	0.26	0	0			0	0	0	1	0	0	0	0.01	0	0	0.05	0.769074066957683	200	5958
SRP098758	15	0.75	0.5	6	0.73	0.93	14	0.357142857142857	0	0	0.03	0	0			0	0	0	0			0	0	0	0	0.08	0.761239778919307	200	5958
SRP098758	15	0.75	0.5	7	0.73	1.11	1	0	0	0	0	0	0			0	0	0	0			0	0	0	0	0.13	0.717880920795696	200	5958
SRP098758	15	0.75	0.5	8	0.73	0.55	74	0.810810810810811	0.310810810810811	0.115	0.19	0	0			0	0.06	0	0			0	0.12	0	0	0.27	0.76256566948115	200	5958
SRP098758	15	0.75	0.5	9	0.73	0.17	0			0	0.13	0	1	0	0	0	0.02	0	1	0	0	0	0.02	0	0	0.07	0.792513772350515	200	5958
SRP098758	15	0.75	0.5	10	0.73	1.41	3	0.666666666666667	0	0	0.34	0	0			0	0.09	0	0			0	0.14	0	0	0.15	0.754926320847975	200	5958
SRP098758	15	0.75	1	1	0.73	2.18	237	0.848101265822785	0.240506329113924	0.285	0.17	3	0			0	0.04	0	0			0	0.02	0	0	0.08	0.55387680764227	200	5958
SRP098758	15	0.75	1	2	0.73	2.84	246	0.747967479674797	0.288617886178862	0.355	0.23	1	0			0	0.06	0	0			0	0.23	0	0	0.2	0.605280124226172	200	5958
SRP098758	15	0.75	1	3	0.73	2.27	0			0	0	0	0			0	0	0	0			0	0	0	0	0.06	0.267184638494192	200	5958
SRP098758	15	0.75	1	4	0.73	2.52	0			0	0.04	0	0			0	0.02	0	0			0	0	0	0	0.01	0.279876078534869	200	5958
SRP098758	15	0.75	1	5	0.73	2.8	0			0	0.03	0	0			0	0.02	0	0			0	0.02	0	0	0.05	0.588126420104915	200	5958
SRP098758	15	0.75	1	6	0.73	2.21	0			0	0.05	0	0			0	0.04	0	0			0	0.03	0	0	0.1	0.744810177691619	200	5958
SRP098758	15	0.75	1	7	0.73	2.05	0			0	0.24	0	0			0	0.07	0	0			0	0.05	0	0	0.12	0.71914005611999	200	5958
SRP098758	15	0.75	1	8	0.73	2.67	0			0	0.1	0	0			0	0.05	0	0			0	0.04	0	0	0.05	0.522364288990046	200	5958
SRP098758	15	0.75	1	9	0.73	2.56	0			0	0.03	0	0			0	0	0	0			0	0	0	0	0.03	0.0407956979778829	200	5958
SRP098758	15	0.75	1	10	0.73	2.4	0			0	0.12	0	0			0	0.21	0	0			0	0.23	0	0	0.22	0.737820698482701	200	5958
SRP098758	15	1	0	1	1	0.21	26	0.576923076923077	0.153846153846154	0.02	0.24	9																200	5958
SRP098758	15	1	0	2	1	0.39	201	0.751243781094527	0.258706467661692	0.26	0.17	9																200	5958
SRP098758	15	1	0	3	1	0.01	34	0.441176470588235	0.117647058823529	0.02	0.07	9																200	5958
SRP098758	15	1	0	4	1	0.09	29	0.586206896551724	0.137931034482759	0.02	0.22	9																200	5958
SRP098758	15	1	0	5	1	0.18	39	0.512820512820513	0.153846153846154	0.03	0.03	9																200	5958
SRP098758	15	1	0	6	1	0.35	165	0.818181818181818	0.296969696969697	0.245	0.2	9																200	5958
SRP098758	15	1	0	7	1	0.03	34	0.529411764705882	0.117647058823529	0.02	0.01	9																200	5958
SRP098758	15	1	0	8	1	0.38	43	0.674418604651163	0.27906976744186	0.06	0.25	9																200	5958
SRP098758	15	1	0	9	1	0.23	83	0.710843373493976	0.108433734939759	0.045	0.04	9																200	5958
SRP098758	15	1	0	10	1	0.02	34	0.470588235294118	0.117647058823529	0.02	0.08	9																200	5958
SRP098758	15	1	0.5	1	1	0.87	26	0.5	0.0769230769230769	0.01	0.15	3																200	5958
SRP098758	15	1	0.5	2	1	0.72	117	0.555555555555556	0.153846153846154	0.09	0.1	9																200	5958
SRP098758	15	1	0.5	3	1	1.21	88	0.659090909090909	0.352272727272727	0.155	0.17	9																200	5958
SRP098758	15	1	0.5	4	1	1.05	37	0.567567567567568	0.162162162162162	0.03	0.08	9																200	5958
SRP098758	15	1	0.5	5	1	1.04	38	0.394736842105263	0.131578947368421	0.025	0.13	9																200	5958
SRP098758	15	1	0.5	6	1	0.67	29	0.551724137931035	0.137931034482759	0.02	0.05	9																200	5958
SRP098758	15	1	0.5	7	1	0.83	34	0.441176470588235	0.117647058823529	0.02	0	9																200	5958
SRP098758	15	1	0.5	8	1	0.83	30	0.433333333333333	0.166666666666667	0.025	0.02	9																200	5958
SRP098758	15	1	0.5	9	1	1.3	44	0.659090909090909	0.272727272727273	0.06	0.22	9																200	5958
SRP098758	15	1	0.5	10	1	1.06	47	0.659574468085106	0.170212765957447	0.04	0.06	4																200	5958
SRP098758	15	1	1	1	1	2.85	130	0.792307692307692	0.192307692307692	0.125	0.12	9																200	5958
SRP098758	15	1	1	2	1	2.37	48	0.666666666666667	0.104166666666667	0.025	0.06	2																200	5958
SRP098758	15	1	1	3	1	2.78	34	0.5	0.147058823529412	0.025	0.02	9																200	5958
SRP098758	15	1	1	4	1	2.26	28	0.5	0.142857142857143	0.02	0	7																200	5958
SRP098758	15	1	1	5	1	2.26	169	0.804733727810651	0.337278106508876	0.285	0.14	9																200	5958
SRP098758	15	1	1	6	1	2.71	181	0.795580110497238	0.353591160220994	0.32	0.21	9																200	5958
SRP098758	15	1	1	7	1	2.25	38	0.526315789473684	0.131578947368421	0.025	0.01	9																200	5958
SRP098758	15	1	1	8	1	2.46	32	0.46875	0.125	0.02	0.02	9																200	5958
SRP098758	15	1	1	9	1	2.48	104	0.605769230769231	0.134615384615385	0.07	0.02	9																200	5958
SRP098758	15	1	1	10	1	3.28	134	0.76865671641791	0.261194029850746	0.175	0.18	9																200	5958
SRP098758	30	0	0	1	0	0.11	0			0	0.16	0	0			0	0.17	0	0			0	0.15	0	0	0.91	0.997573331985963	200	5958
SRP098758	30	0	0	2	0	0.08	0			0	0.29	0	25	1	0.52	0.065	0.28	0	31	1	0.451612903225806	0.07	0.28	0	0	0.9	0.998382061208112	200	5958
SRP098758	30	0	0	3	0	0.07	0			0	0.39	0	0			0	0.39	0	0			0	0.38	0	0	0.95	0.998387901722979	200	5958
SRP098758	30	0	0	4	0	0.21	54	1	0.407407407407407	0.11	0.34	0	67	0.985074626865672	0.328358208955224	0.11	0.33	0	40	1	0.35	0.07	0.31	0	0.620689655172414	0.88	0.995624036656763	200	5958
SRP098758	30	0	0	5	0	0.09	5	1	0.6	0.015	0.19	0	5	1	0.6	0.015	0.19	0	5	1	0.6	0.015	0.19	0	1	0.94	0.998744399333784	200	5958
SRP098758	30	0	0	6	0	0.42	0			0	0.32	0	0			0	0.31	0	0			0	0.22	0	0	0.71	0.952328292995517	200	5958
SRP098758	30	0	0	7	0	0.11	0			0	0.34	0	0			0	0.34	0	0			0	0.34	0	0	0.92	0.998006921122129	200	5958
SRP098758	30	0	0	8	0	0.1	2701	0.857460199925953	0.0496112550907071	0.67	0.43	0	2725	0.856880733944954	0.0491743119266055	0.67	0.42	0	2782	0.85118619698059	0.0496046010064702	0.69	0.43	0	0.936771458848463	0.92	0.998763984653369	200	5958
SRP098758	30	0	0	9	0	0.12	0			0	0.1	0	0			0	0.09	0	0			0	0.07	0	0	0.81	0.997527894618473	200	5958
SRP098758	30	0	0	10	0	0.22	0			0	0.33	0	0			0	0.29	0	0			0	0.27	0	0	0.86	0.989110821597616	200	5958
SRP098758	30	0	0.5	1	0	1.01	273	0.868131868131868	0.146520146520147	0.2	0.17	0	223	0.874439461883408	0.147982062780269	0.165	0.17	0	0			0	0.05	0	0	0.48	0.928002305413338	200	5958
SRP098758	30	0	0.5	2	0	1.23	54	0.925925925925926	0.0925925925925926	0.025	0.14	0	102	0.892156862745098	0.0980392156862745	0.05	0.13	0	0			0	0.08	0	0	0.37	0.887327111545196	200	5958
SRP098758	30	0	0.5	3	0	1.04	2129	0.543917332080789	0.0413339596054486	0.44	0.09	0	2140	0.53785046728972	0.0401869158878505	0.43	0.09	0	2163	0.425335182616736	0.0203421174294961	0.22	0.04	4	0.475421106909591	0.44	0.939539985355047	200	5958
SRP098758	30	0	0.5	4	0	1.29	359	0.908077994428969	0.100278551532033	0.18	0.19	0	395	0.911392405063291	0.106329113924051	0.21	0.22	0	0			0	0.15	0	0	0.39	0.864361189690488	200	5958
SRP098758	30	0	0.5	5	0	1.05	823	0.834750911300121	0.149453219927096	0.615	0.42	0	807	0.843866171003718	0.158612143742255	0.64	0.42	0	70	0.885714285714286	0.314285714285714	0.11	0.24	0	0.0850546780072904	0.56	0.915206988665419	200	5958
SRP098758	30	0	0.5	6	0	1.19	16	0.9375	0.4375	0.035	0.29	0	16	0.9375	0.4375	0.035	0.28	0	0			0	0.21	0	0	0.39	0.873815129410289	200	5958
SRP098758	30	0	0.5	7	0	1.23	0			0	0.12	0	0			0	0.12	0	0			0	0.05	0	0	0.29	0.841384495570503	200	5958
SRP098758	30	0	0.5	8	0	0.91	9	1	0.444444444444444	0.02	0.21	0	8	1	0.5	0.02	0.19	0	0			0	0.11	0	0	0.46	0.900322897505965	200	5958
SRP098758	30	0	0.5	9	0	1	0			0	0.11	0	0			0	0.1	0	0			0	0.18	0	0	0.31	0.800401893676487	200	5958
SRP098758	30	0	0.5	10	0	0.91	4	1	1	0.02	0.33	0	4	1	1	0.02	0.27	0	0			0	0.1	0	0	0.43	0.947463626502909	200	5958
SRP098758	30	0	1	1	0	2.22	1701	0.718988830099941	0.0664315108759553	0.565	0.3	0	1816	0.710903083700441	0.0633259911894273	0.575	0.31	0	0			0	0.17	0	0	0.13	0.746054808435824	200	5958
SRP098758	30	0	1	2	0	2.08	250	0.804	0.104	0.13	0.09	0	320	0.81875	0.090625	0.145	0.09	0	0			0	0.02	0	0	0.09	0.622124226695712	200	5958
SRP098758	30	0	1	3	0	2.34	653	0.833078101071976	0.0872894333843798	0.285	0.06	0	679	0.829160530191458	0.0898379970544919	0.305	0.07	1	0			0	0.04	0	0	0.2	0.744402942673847	200	5958
SRP098758	30	0	1	4	0	2.12	1939	0.879319236719959	0.0789066529138731	0.765	0.39	0	2050	0.875121951219512	0.0765853658536585	0.785	0.39	1	0			0	0.04	0	0	0.11	0.841437745400807	200	5958
SRP098758	30	0	1	5	0	2.21	155	0.870967741935484	0.0903225806451613	0.07	0.17	0	168	0.863095238095238	0.0833333333333333	0.07	0.18	0	0			0	0.02	0	0	0.11	0.78033264508516	200	5958
SRP098758	30	0	1	6	0	2.14	1050	0.887619047619048	0.117142857142857	0.615	0.35	0	1086	0.88121546961326	0.116942909760589	0.635	0.32	0	0			0	0.05	0	0	0.16	0.835517859159717	200	5958
SRP098758	30	0	1	7	0	2.4	278	0.856115107913669	0.10431654676259	0.145	0.06	0	378	0.862433862433863	0.082010582010582	0.155	0.05	1	1	1	0	0	0.02	0	0.00359712230215827	0.16	0.836590837199165	200	5958
SRP098758	30	0	1	8	0	2.18	5097	0.509907788895429	0.0233470669020993	0.595	0.12	0	5414	0.493165866272627	0.023272995936461	0.63	0.1	5	0			0	0.03	0	0	0.18	0.873585117956224	200	5958
SRP098758	30	0	1	9	0	2.4	1431	0.849056603773585	0.0705800139762404	0.505	0.2	0	1465	0.851194539249147	0.0723549488054608	0.53	0.21	0	1	1	1	0.005	0.05	0	0.000698812019566737	0.16	0.646440563313958	200	5958
SRP098758	30	0	1	10	0	2.21	1602	0.837702871410737	0.0667915106117353	0.535	0.16	0	1579	0.838505383153895	0.0683977200759975	0.54	0.16	0	3	0.666666666666667	0	0	0.03	0	0.00187265917602996	0.18	0.828309306559354	200	5958
SRP098758	30	0.25	0	1	0.27	0.44	1	1	1	0.005	0.32	0	1	1	1	0.005	0.14	0	2	0.5	0.5	0.005	0.12	0	0.5	0.44	0.905030679792386	200	5958
SRP098758	30	0.25	0	2	0.27	0.25	1	1	0	0	0.19	0	1	1	0	0	0.13	0	1	1	0	0	0.14	0	1	0.75	0.980528970962295	200	5958
SRP098758	30	0.25	0	3	0.27	0.41	0			0	0.1	0	0			0	0.05	0	0			0	0.08	0	0	0.62	0.951240521612787	200	5958
SRP098758	30	0.25	0	4	0.27	0.15	10	1	0.7	0.035	0.5	0	1	1	1	0.005	0.43	0	0			0	0.44	0	0	0.74	0.901560831169613	200	5958
SRP098758	30	0.25	0	5	0.27	0.12	0			0	0.12	0	0			0	0.06	0	0			0	0.04	0	0	0.62	0.950576301546473	200	5958
SRP098758	30	0.25	0	6	0.27	0.33	0			0	0.17	0	0			0	0.1	0	0			0	0.11	0	0	0.61	0.916745990077222	200	5958
SRP098758	30	0.25	0	7	0.27	0.23	2	1	0	0	0.08	0	0			0	0.05	0	0			0	0.05	0	0	0.6	0.957338967879051	200	5958
SRP098758	30	0.25	0	8	0.27	0.05	0			0	0.23	0	0			0	0.23	0	0			0	0.23	0	0	0.57	0.956713633579367	200	5958
SRP098758	30	0.25	0	9	0.27	0.08	0			0	0.11	0	0			0	0.04	0	0			0	0.04	0	0	0.49	0.914771613122315	200	5958
SRP098758	30	0.25	0	10	0.27	0.03	0			0	0.18	0	0			0	0.09	0	0			0	0.08	0	0	0.46	0.936742608719807	200	5958
SRP098758	30	0.25	0.5	1	0.27	1.13	1409	0.865152590489709	0.0723917672107878	0.51	0.15	0	2163	0.788257050392973	0.0457697642163662	0.495	0.15	5	382	0.924083769633508	0.0863874345549738	0.165	0.1	1	0.222525597269625	0.27	0.922688219045894	200	5958
SRP098758	30	0.25	0.5	2	0.27	0.9	24	0.958333333333333	0.75	0.09	0.3	0	6	1	0.833333333333333	0.025	0.22	0	0			0	0.06	0	0	0.31	0.879012925953463	200	5958
SRP098758	30	0.25	0.5	3	0.27	1.13	162	0.981481481481481	0.345679012345679	0.28	0.48	0	28	0.964285714285714	0.357142857142857	0.05	0.31	2	0			0	0.09	0	0	0.29	0.849529301466062	200	5958
SRP098758	30	0.25	0.5	4	0.27	0.86	0			0	0.12	0	0			0	0.02	0	0			0	0.01	0	0	0.36	0.85194615941218	200	5958
SRP098758	30	0.25	0.5	5	0.27	0.83	0			0	0.46	0	0			0	0.42	0	0			0	0.12	0	0	0.29	0.835629223311817	200	5958
SRP098758	30	0.25	0.5	6	0.27	1.14	0			0	0.1	0	0			0	0.09	0	0			0	0.06	0	0	0.25	0.881111329262982	200	5958
SRP098758	30	0.25	0.5	7	0.27	0.49	23	0.956521739130435	0.434782608695652	0.05	0.29	0	1	1	1	0.005	0.25	0	1	1	1	0.005	0.32	0	0.0434782608695652	0.6	0.938309842400266	200	5958
SRP098758	30	0.25	0.5	8	0.27	1	0			0	0.21	0	3	0.666666666666667	0.666666666666667	0.01	0.15	0	0			0	0.06	0	0	0.34	0.789520564658696	200	5958
SRP098758	30	0.25	0.5	9	0.27	0.78	0			0	0.25	0	0			0	0.18	0	0			0	0.19	0	0	0.51	0.940825336609571	200	5958
SRP098758	30	0.25	0.5	10	0.27	0.79	128	0.9375	0.296875	0.19	0.35	0	39	0.974358974358974	0.153846153846154	0.03	0.26	0	0			0	0.18	0	0	0.45	0.906540582365631	200	5958
SRP098758	30	0.25	1	1	0.27	2.2	101	0.930693069306931	0.227722772277228	0.115	0.16	0	495	0.905050505050505	0.0848484848484849	0.21	0.1	1	0			0	0.02	0	0	0.07	0.707532244624935	200	5958
SRP098758	30	0.25	1	2	0.27	2.36	195	0.917948717948718	0.220512820512821	0.215	0.18	0	262	0.912213740458015	0.145038167938931	0.19	0.18	0	0			0	0.05	0	0	0.11	0.641263173157115	200	5958
SRP098758	30	0.25	1	3	0.27	2.5	291	0.852233676975945	0.116838487972509	0.17	0.05	0	329	0.860182370820669	0.0729483282674772	0.12	0.05	0	0			0	0.02	0	0	0.15	0.612592602304573	200	5958
SRP098758	30	0.25	1	4	0.27	2.38	159	0.805031446540881	0.119496855345912	0.095	0.07	0	281	0.829181494661922	0.0782918149466192	0.11	0.1	0	0			0	0.01	0	0	0.17	0.757039979465397	200	5958
SRP098758	30	0.25	1	5	0.27	2.22	36	0.861111111111111	0.333333333333333	0.06	0.23	0	42	0.857142857142857	0.30952380952381	0.065	0.25	0	0			0	0.09	0	0	0.11	0.695413062057067	200	5958
SRP098758	30	0.25	1	6	0.27	2.63	1341	0.856823266219239	0.108128262490679	0.725	0.12	0	1514	0.860634081902246	0.0812417437252312	0.615	0.1	0	3	1	0.666666666666667	0.01	0.11	0	0.00223713646532438	0.2	0.77590380733407	200	5958
SRP098758	30	0.25	1	7	0.27	2.64	4450	0.439101123595506	0.0186516853932584	0.415	0.01	0	6145	0.39853539462978	0.0144833197721725	0.445	0.03	4	1	1	0	0	0.01	0	0.000224719101123596	0.09	0.728487862302111	200	5958
SRP098758	30	0.25	1	8	0.27	1.95	2400	0.848333333333333	0.0566666666666667	0.68	0.2	0	2457	0.833129833129833	0.0484330484330484	0.595	0.1	2	258	0.87984496124031	0.0426356589147287	0.055	0.08	0	0.0713422007255139	0.09	0.738298526637297	200	5958
SRP098758	30	0.25	1	9	0.27	2.23	581	0.876075731497418	0.153184165232358	0.445	0.25	0	443	0.871331828442438	0.128668171557562	0.285	0.23	0	11	0.727272727272727	0	0	0.02	0	0.00338983050847458	0.08	0.798149629889015	200	5958
SRP098758	30	0.25	1	10	0.27	2.35	2798	0.71265189421015	0.045746962115797	0.64	0.13	0	3521	0.684464640727066	0.0343652371485374	0.605	0.1	0	0			0	0.1	0	0	0.16	0.693745964231292	200	5958
SRP098758	30	0.5	0	1	0.47	0.1	0			0	0.12	0	0			0	0.1	0	0			0	0.08	0	0	0.27	0.856999368781785	200	5958
SRP098758	30	0.5	0	2	0.47	0.02	2	1	0	0	0.06	0	0			0	0.09	0	0			0	0.08	0	0	0.39	0.867685916506004	200	5958
SRP098758	30	0.5	0	3	0.47	0.28	2665	0.59812382739212	0.0461538461538462	0.615	0.26	9	115	0.947826086956522	0.321739130434783	0.185	0.29	0	31	0.870967741935484	0.32258064516129	0.05	0.21	0	0.0116322701688555	0.64	0.948988709493207	200	5958
SRP098758	30	0.5	0	4	0.47	0.21	0			0	0.03	0	0			0	0.01	0	0			0	0.01	0	0	0.33	0.811649708286128	200	5958
SRP098758	30	0.5	0	5	0.47	0.12	15	1	0.6	0.045	0.32	0	0			0	0.33	0	0			0	0.32	0	0	0.68	0.778115711504897	200	5958
SRP098758	30	0.5	0	6	0.47	0.25	4	1	0.5	0.01	0.43	0	0			0	0.14	0	0			0	0.14	0	0	0.34	0.91924886190977	200	5958
SRP098758	30	0.5	0	7	0.47	0.25	0			0	0.04	0	0			0	0.02	0	0			0	0.05	0	0	0.27	0.859966053528178	200	5958
SRP098758	30	0.5	0	8	0.47	0.17	780	0.911538461538461	0.134615384615385	0.525	0.26	0	13	0.846153846153846	0	0	0.18	0	12	0.833333333333333	0	0	0.18	0	0.0153846153846154	0.62	0.952786462817389	200	5958
SRP098758	30	0.5	0	9	0.47	0.14	232	0.728448275862069	0.0172413793103448	0.02	0	0	4	1	0	0	0	0	11	0.818181818181818	0	0	0	0	0.0253164556962025	0.26	0.865209160637743	200	5958
SRP098758	30	0.5	0	10	0.47	0.29	0			0	0.37	0	0			0	0.24	0	0			0	0.21	0	0	0.34	0.866914804293437	200	5958
SRP098758	30	0.5	0.5	1	0.47	1.04	222	0.905405405405405	0.31981981981982	0.355	0.34	0	0			0	0.31	0	0			0	0.25	0	0	0.4	0.818369424736688	200	5958
SRP098758	30	0.5	0.5	2	0.47	1.04	119	0.92436974789916	0.34453781512605	0.205	0.31	0	0			0	0.25	0	0			0	0.06	0	0	0.13	0.65615484599755	200	5958
SRP098758	30	0.5	0.5	3	0.47	0.8	1070	0.930841121495327	0.127102803738318	0.68	0.33	3	399	0.957393483709273	0.137844611528822	0.275	0.12	0	336	0.922619047619048	0.125	0.21	0.16	0	0.23441615452151	0.32	0.908211174048047	200	5958
SRP098758	30	0.5	0.5	4	0.47	0.76	302	0.966887417218543	0.298013245033113	0.45	0.44	0	0			0	0.34	0	0			0	0.26	0	0	0.36	0.849493452134217	200	5958
SRP098758	30	0.5	0.5	5	0.47	0.76	98	0.938775510204082	0.357142857142857	0.175	0.33	0	812	0.847290640394089	0.0775862068965517	0.315	0.16	1	2	0.5	0	0	0.05	0	0.0101010101010101	0.16	0.776574973763244	200	5958
SRP098758	30	0.5	0.5	6	0.47	1.19	0			0	0.17	0	0			0	0.03	0	0			0	0.03	0	0	0.14	0.819252420021274	200	5958
SRP098758	30	0.5	0.5	7	0.47	0.68	1	1	1	0.005	0.34	0	0			0	0.09	0	0			0	0.07	0	0	0.21	0.828773348743107	200	5958
SRP098758	30	0.5	0.5	8	0.47	1.06	23	0.956521739130435	0.173913043478261	0.02	0.24	0	656	0.777439024390244	0.0503048780487805	0.165	0.07	0	0			0	0.02	0	0	0.15	0.868092526765024	200	5958
SRP098758	30	0.5	0.5	9	0.47	1.03	0			0	0.16	0	1	1	0	0	0.07	0	0			0	0.09	0	0	0.27	0.809738748009311	200	5958
SRP098758	30	0.5	0.5	10	0.47	1.14	364	0.928571428571429	0.239010989010989	0.435	0.5	1	101	0.97029702970297	0.376237623762376	0.19	0.4	0	0			0	0.17	0	0	0.23	0.740257239692098	200	5958
SRP098758	30	0.5	1	1	0.47	2.43	0			0	0.1	0	1	0	0	0	0.04	0	0			0	0.01	0	0	0.03	0.575186751718883	200	5958
SRP098758	30	0.5	1	2	0.47	2.36	755	0.810596026490066	0.162913907284768	0.615	0.26	0	210	0.833333333333333	0.242857142857143	0.255	0.19	0	0			0	0.06	0	0	0.03	0.598236612950166	200	5958
SRP098758	30	0.5	1	3	0.47	2.6	144	0.715277777777778	0.256944444444444	0.185	0.11	0	270	0.7	0.103703703703704	0.14	0.07	0	0			0	0.04	0	0	0.13	0.761638840200985	200	5958
SRP098758	30	0.5	1	4	0.47	2.24	675	0.917037037037037	0.185185185185185	0.625	0.36	1	982	0.915478615071283	0.104887983706721	0.515	0.34	0	0			0	0.09	0	0	0.07	0.7585100106474	200	5958
SRP098758	30	0.5	1	5	0.47	2.23	212	0.877358490566038	0.216981132075472	0.23	0.14	0	23	0.869565217391304	0.173913043478261	0.02	0.07	0	0			0	0.03	0	0	0.11	0.67582924252471	200	5958
SRP098758	30	0.5	1	6	0.47	2.22	90	0.855555555555556	0.255555555555556	0.115	0.13	0	86	0.953488372093023	0.151162790697674	0.065	0.08	0	0			0	0.04	0	0	0.09	0.55868981432525	200	5958
SRP098758	30	0.5	1	7	0.47	2.68	2155	0.815313225058005	0.0737819025522042	0.795	0.37	7	3061	0.690950669715779	0.0447566154851356	0.685	0.2	0	1	1	0	0	0.05	0	0	0.02	0.733645305523171	200	5958
SRP098758	30	0.5	1	8	0.47	2.13	162	0.925925925925926	0.327160493827161	0.265	0.25	1	0			0	0.1	0	0			0	0.07	0	0	0.09	0.682247934467232	200	5958
SRP098758	30	0.5	1	9	0.47	2.34	39	0.82051282051282	0.384615384615385	0.075	0.23	0	40	0.975	0.225	0.045	0.21	0	0			0	0.11	0	0	0.12	0.779290176411941	200	5958
SRP098758	30	0.5	1	10	0.47	2.44	494	0.898785425101215	0.190283400809717	0.47	0.26	1	120	0.908333333333333	0.133333333333333	0.08	0.18	0	1	1	0	0	0.02	0	0	0.02	0.75400786618873	200	5958
SRP098758	30	0.75	0	1	0.73	0.09	26	0.5	0.0769230769230769	0.01	0.02	5	0			0	0.02	0	0			0	0.02	0	0	0.09	0.73113223028464	200	5958
SRP098758	30	0.75	0	2	0.73	0.01	312	0.881410256410256	0.16025641025641	0.25	0.12	9	7126	0.472074094863879	0.0169800729722144	0.605	0.06	0	7373	0.458971924589719	0.014919300149193	0.55	0.04	0	0.0362729234088457	0.08	0.831229141903695	200	5958
SRP098758	30	0.75	0	3	0.73	0.23	808	0.883663366336634	0.137376237623762	0.555	0.19	9	0			0	0.05	0	0			0	0.04	0	0	0.25	0.88794783817989	200	5958
SRP098758	30	0.75	0	4	0.73	0.24	448	0.837053571428571	0.174107142857143	0.39	0.22	9	0			0	0.1	0	0			0	0.06	0	0	0.13	0.877207998220217	200	5958
SRP098758	30	0.75	0	5	0.73	0.31	1132	0.863957597173145	0.0874558303886926	0.495	0.23	9	2	1	0	0	0.01	0	528	0.829545454545455	0.0284090909090909	0.075	0.03	0	0.211678832116788	0.1	0.867323829251266	200	5958
SRP098758	30	0.75	0	6	0.73	0.16	141	0.851063829787234	0.262411347517731	0.185	0.18	9	0			0	0.13	0	0			0	0.09	0	0	0.09	0.745420121023118	200	5958
SRP098758	30	0.75	0	7	0.73	0.35	51	0.529411764705882	0.137254901960784	0.035	0.12	9	14	0.642857142857143	0.285714285714286	0.02	0	7	13	0.615384615384615	0.307692307692308	0.02	0	7	0.254901960784314	0.27	0.756777847149656	200	5958
SRP098758	30	0.75	0	8	0.73	0.32	38	0.526315789473684	0.184210526315789	0.035	0.27	9	0			0	0.02	0	0			0	0.01	0	0	0.16	0.430223034627873	200	5958
SRP098758	30	0.75	0	9	0.73	0.11	1468	0.884877384196185	0.0980926430517711	0.72	0.39	9	2	1	0	0	0.13	0	1	1	0	0	0.1	0	0.000681198910081744	0.19	0.754332874280209	200	5958
SRP098758	30	0.75	0	10	0.73	0.23	381	0.913385826771654	0.202099737532808	0.385	0.18	9	0			0	0.04	0	0			0	0.04	0	0	0.1	0.723620878038447	200	5958
SRP098758	30	0.75	0.5	1	0.73	0.61	69	0.753623188405797	0.260869565217391	0.09	0.17	9	44	0.954545454545455	0.0454545454545455	0.01	0.15	0	7	0.857142857142857	0.142857142857143	0.005	0.12	0	0.027027027027027	0.14	0.848532011918231	200	5958
SRP098758	30	0.75	0.5	2	0.73	0.84	19	0.473684210526316	0.0526315789473684	0.005	0.07	2	0			0	0.03	0	0			0	0.05	0	0	0.1	0.752715434276886	200	5958
SRP098758	30	0.75	0.5	3	0.73	0.88	236	0.690677966101695	0.186440677966102	0.22	0.16	9	0			0	0.04	0	0			0	0.06	0	0	0.12	0.765354875859934	200	5958
SRP098758	30	0.75	0.5	4	0.73	1.18	1789	0.806036892118502	0.0665176076020123	0.595	0.25	9	0			0	0.2	0	0			0	0.28	0	0	0.16	0.50789807569854	200	5958
SRP098758	30	0.75	0.5	5	0.73	1.09	227	0.898678414096916	0.317180616740088	0.36	0.29	9	0			0	0.13	0	0			0	0.08	0	0	0.13	0.824931986384941	200	5958
SRP098758	30	0.75	0.5	6	0.73	0.74	133	0.842105263157895	0.383458646616541	0.255	0.35	9	1	0	0	0	0.05	0	0			0	0.04	0	0	0.07	0.494624111256716	200	5958
SRP098758	30	0.75	0.5	7	0.73	1.14	371	0.892183288409704	0.307277628032345	0.57	0.21	9	3	1	0.666666666666667	0.01	0.23	3	11	0.909090909090909	0.363636363636364	0.02	0.14	7	0.0268817204301075	0.16	0.525754712592704	200	5958
SRP098758	30	0.75	0.5	8	0.73	1.07	84	0.738095238095238	0.404761904761905	0.17	0.28	9	0			0	0.01	0	0			0	0.01	0	0	0.16	0.539300634619758	200	5958
SRP098758	30	0.75	0.5	9	0.73	0.94	1167	0.786632390745501	0.105398457583548	0.615	0.32	9	39	0.897435897435897	0.205128205128205	0.04	0.19	0	1	1	1	0.005	0.24	0	0.000856898029134533	0.31	0.874474997261479	200	5958
SRP098758	30	0.75	0.5	10	0.73	0.92	179	0.759776536312849	0.324022346368715	0.29	0.18	9	0			0	0.05	0	0			0	0.05	0	0	0.03	0.760155769401694	200	5958
SRP098758	30	0.75	1	1	0.73	2.44	852	0.805164319248826	0.140845070422535	0.6	0.22	9	5	0.6	0	0	0.04	0	0			0	0.01	0	0	0	0.500273027593923	200	5958
SRP098758	30	0.75	1	2	0.73	2.35	274	0.748175182481752	0.291970802919708	0.4	0.11	9	1	1	1	0.005	0.11	0	0			0	0.07	0	0	0.17	0.623521759730981	200	5958
SRP098758	30	0.75	1	3	0.73	2.13	900	0.794444444444444	0.15	0.675	0.17	9	3	1	0.666666666666667	0.01	0.12	0	0			0	0.12	0	0	0.16	0.678365587183425	200	5958
SRP098758	30	0.75	1	4	0.73	2.58	153	0.69281045751634	0.294117647058824	0.225	0.15	8	0			0	0.06	0	0			0	0.07	0	0	0.1	0.611021285236935	200	5958
SRP098758	30	0.75	1	5	0.73	2.48	1028	0.796692607003891	0.116731517509728	0.6	0.04	9	2711	0.66211729988934	0.0228697897454814	0.31	0.01	2	17	0.764705882352941	0.0588235294117647	0.005	0.01	0	0.00966183574879227	0.03	0.724667142212604	200	5958
SRP098758	30	0.75	1	6	0.73	2.46	102	0.656862745098039	0.294117647058824	0.15	0.14	9	0			0	0.05	0	0			0	0.01	0	0	0.03	0.660610912210017	200	5958
SRP098758	30	0.75	1	7	0.73	2.5	146	0.671232876712329	0.198630136986301	0.145	0.05	9	1	0	0	0	0.05	0	0			0	0.01	0	0	0.03	0.391787977505609	200	5958
SRP098758	30	0.75	1	8	0.73	2.57	353	0.767705382436261	0.269121813031161	0.475	0.21	9	5	1	0.8	0.02	0.33	0	0			0	0.2	0	0	0.11	0.577559340066862	200	5958
SRP098758	30	0.75	1	9	0.73	2.18	271	0.804428044280443	0.225092250922509	0.305	0.1	9	0			0	0.01	0	0			0	0	0	0	0.03	0.5167414943897	200	5958
SRP098758	30	0.75	1	10	0.73	2.48	602	0.754152823920266	0.191029900332226	0.575	0.07	9	51	0.803921568627451	0.0980392156862745	0.025	0.07	0	462	0.794372294372294	0.0216450216450216	0.05	0.02	0	0.0769230769230769	0.02	0.728876524002125	200	5958
SRP098758	30	1	0	1	1	0	575	0.860869565217391	0.194782608695652	0.56	0.26	9																200	5958
SRP098758	30	1	0	2	1	0.26	2532	0.658767772511848	0.0548973143759874	0.695	0.11	9																200	5958
SRP098758	30	1	0	3	1	0.23	360	0.836111111111111	0.272222222222222	0.49	0.2	9																200	5958
SRP098758	30	1	0	4	1	0.14	390	0.77948717948718	0.215384615384615	0.42	0.21	9																200	5958
SRP098758	30	1	0	5	1	0.15	616	0.766233766233766	0.172077922077922	0.53	0.23	9																200	5958
SRP098758	30	1	0	6	1	0.08	160	0.70625	0.275	0.22	0.18	9																200	5958
SRP098758	30	1	0	7	1	0.03	99	0.565656565656566	0.181818181818182	0.09	0.07	9																200	5958
SRP098758	30	1	0	8	1	0.14	645	0.806201550387597	0.164341085271318	0.53	0.23	9																200	5958
SRP098758	30	1	0	9	1	0.03	1108	0.676895306859206	0.103790613718412	0.575	0.16	9																200	5958
SRP098758	30	1	0	10	1	0.2	390	0.812820512820513	0.220512820512821	0.43	0.16	9																200	5958
SRP098758	30	1	0.5	1	1	1.11	1504	0.831117021276596	0.0930851063829787	0.7	0.26	9																200	5958
SRP098758	30	1	0.5	2	1	0.97	54	0.462962962962963	0.0740740740740741	0.02	0	9																200	5958
SRP098758	30	1	0.5	3	1	0.8	369	0.831978319783198	0.260162601626016	0.48	0.23	9																200	5958
SRP098758	30	1	0.5	4	1	1.02	507	0.759368836291913	0.234714003944773	0.595	0.32	9																200	5958
SRP098758	30	1	0.5	5	1	0.69	427	0.817330210772834	0.236533957845433	0.505	0.18	9																200	5958
SRP098758	30	1	0.5	6	1	0.86	279	0.752688172043011	0.207885304659498	0.29	0.1	9																200	5958
SRP098758	30	1	0.5	7	1	1	678	0.733038348082596	0.175516224188791	0.595	0.2	9																200	5958
SRP098758	30	1	0.5	8	1	0.87	55	0.4	0.163636363636364	0.045	0.1	9																200	5958
SRP098758	30	1	0.5	9	1	0.67	174	0.741379310344828	0.339080459770115	0.295	0.14	9																200	5958
SRP098758	30	1	0.5	10	1	1.16	212	0.820754716981132	0.358490566037736	0.38	0.18	9																200	5958
SRP098758	30	1	1	1	1	2.42	298	0.640939597315436	0.211409395973154	0.315	0.05	9																200	5958
SRP098758	30	1	1	2	1	2.49	802	0.718204488778055	0.148379052369077	0.595	0.12	9																200	5958
SRP098758	30	1	1	3	1	2.43	375	0.738666666666667	0.253333333333333	0.475	0.06	9																200	5958
SRP098758	30	1	1	4	1	2.42	933	0.647374062165059	0.126473740621651	0.59	0.03	9																200	5958
SRP098758	30	1	1	5	1	2.5	129	0.511627906976744	0.170542635658915	0.11	0.02	9																200	5958
SRP098758	30	1	1	6	1	2.56	572	0.716783216783217	0.183566433566434	0.525	0.05	9																200	5958
SRP098758	30	1	1	7	1	2.43	217	0.608294930875576	0.23963133640553	0.26	0.06	9																200	5958
SRP098758	30	1	1	8	1	2.51	911	0.713501646542261	0.13172338090011	0.6	0.15	9																200	5958
SRP098758	30	1	1	9	1	2.44	340	0.717647058823529	0.252941176470588	0.43	0.05	9																200	5958
SRP098758	30	1	1	10	1	2.6	517	0.729206963249516	0.214700193423598	0.555	0.1	9																200	5958
SRP126691	15	0	0	1	0	0.37	8682	0.965445749827229	0.469937802349689	0.812749003984064	0.49	0	8707	0.966578614907546	0.467095440450212	0.810159362549801	0.57	4	7964	0.97564038171773	0.483802109492717	0.767529880478088	0.58	3	0.881329113924051	0.84	0.995182234872908	5020	12692
SRP126691	15	0	0	2	0	0.51	7219	0.977143648704807	0.533453386895692	0.767131474103586	0.55	0	7126	0.978108335672186	0.537187763120966	0.762549800796813	0.59	3	6331	0.981361554256831	0.565945348286211	0.713745019920319	0.6	2	0.822951701870039	0.83	0.99223047327854	5020	12692
SRP126691	15	0	0	3	0	0.19	7037	0.978826204348444	0.533465965610345	0.747808764940239	0.65	0	7196	0.979155086158977	0.527376320177877	0.75597609561753	0.67	2	6949	0.982155705856958	0.537055691466398	0.743426294820717	0.62	1	0.907528641571195	0.87	0.997059851162415	5020	12692
SRP126691	15	0	0	4	0	0.3	8587	0.964248282287178	0.478397577733784	0.818326693227092	0.65	0	8623	0.961846225211643	0.476748231473965	0.818924302788845	0.65	3	8474	0.953268822279915	0.471678074109039	0.796215139442231	0.64	2	0.891253741270369	0.82	0.994594691368365	5020	12692
SRP126691	15	0	0	5	0	0.68	7491	0.978774529435322	0.529435322386864	0.79003984063745	0.63	0	7520	0.978590425531915	0.524867021276596	0.786254980079681	0.67	2	6559	0.983229150785181	0.562890684555573	0.735458167330677	0.67	1	0.793693348653134	0.83	0.987262546122962	5020	12692
SRP126691	15	0	0	6	0	0.12	5124	0.986143637782982	0.605776736924278	0.618326693227092	0.74	0	5182	0.986491702045542	0.601312234658433	0.620717131474104	0.75	0	5066	0.986577181208054	0.603237268061587	0.608764940239044	0.73	0	0.924820551567813	0.86	0.997803878887252	5020	12692
SRP126691	15	0	0	7	0	0.11	8959	0.965621163076236	0.474606540908584	0.847011952191235	0.71	0	9017	0.963402462016192	0.470333813907064	0.844820717131474	0.71	3	8913	0.962302255132952	0.470773028161113	0.835856573705179	0.73	2	0.951730916238943	0.91	0.998474988661702	5020	12692
SRP126691	15	0	0	8	0	0.17	6877	0.978188163443362	0.545877562890795	0.747808764940239	0.66	0	7043	0.976004543518387	0.538548913815136	0.755577689243028	0.62	2	6676	0.975883762732175	0.54538645895746	0.725298804780877	0.6	1	0.913454750811803	0.82	0.9974993368917	5020	12692
SRP126691	15	0	0	9	0	0.34	6499	0.981074011386367	0.532697338052008	0.689641434262948	0.73	0	6418	0.982237457151761	0.533655344344032	0.682270916334661	0.75	1	5443	0.991181333823259	0.570641190519934	0.618725099601594	0.74	1	0.809393939393939	0.8	0.994374391154988	5020	12692
SRP126691	15	0	0	10	0	0.61	4284	0.992997198879552	0.647292250233427	0.552390438247012	0.76	0	4224	0.992897727272727	0.649857954545455	0.546812749003984	0.78	1	1806	0.996677740863787	0.789036544850498	0.283864541832669	0.81	0	0.415620641562064	0.94	0.971462463626746	5020	12692
SRP126691	15	0	0.5	1	0	1.53	2998	0.990660440293529	0.701801200800534	0.419123505976096	0.62	0	3210	0.990342679127726	0.691277258566978	0.44203187250996	0.65	1	91	0.978021978021978	0.945054945054945	0.0171314741035857	0.5	0	0.0300100033344448	0.7	0.835884302078821	5020	12692
SRP126691	15	0	0.5	2	0	1.7	6588	0.976775956284153	0.551153612629023	0.723306772908367	0.77	0	6746	0.975985769344797	0.54387785354284	0.730876494023904	0.74	3	815	0.986503067484663	0.85521472392638	0.138844621513944	0.73	0	0.120647895852256	0.78	0.912852782932624	5020	12692
SRP126691	15	0	0.5	3	0	1.46	8278	0.971611500362406	0.497100748973182	0.819721115537849	0.66	0	8386	0.969592177438588	0.491772000953971	0.821513944223108	0.71	3	3117	0.983638113570741	0.681424446583253	0.423107569721116	0.65	1	0.37057974500842	0.8	0.959162390101665	5020	12692
SRP126691	15	0	0.5	4	0	1.27	10468	0.943255636224685	0.440198700802446	0.91792828685259	0.74	0	10447	0.944385948119077	0.439169139465875	0.91394422310757	0.76	5	7382	0.963424546193444	0.501490111081008	0.737450199203187	0.75	2	0.647438855560683	0.74	0.961126689577447	5020	12692
SRP126691	15	0	0.5	5	0	1.37	7322	0.979513794045343	0.536192297186561	0.78207171314741	0.73	0	7391	0.980516844811257	0.531321877959681	0.782270916334661	0.7	1	5608	0.975392296718973	0.566333808844508	0.632669322709163	0.69	0	0.672487388436166	0.76	0.965259498769291	5020	12692
SRP126691	15	0	0.5	6	0	1.2	6080	0.985690789473684	0.579769736842105	0.702191235059761	0.61	0	6124	0.984487263226649	0.572664924885696	0.698605577689243	0.68	1	2110	0.990047393364929	0.759241706161137	0.319123505976096	0.69	1	0.338891613536047	0.75	0.959703991060059	5020	12692
SRP126691	15	0	0.5	7	0	1.39	10619	0.928806855636124	0.429136453526697	0.907768924302789	0.58	0	10632	0.927106847253574	0.429176072234763	0.908964143426295	0.62	6	6433	0.971552930203637	0.539717083786725	0.691633466135458	0.64	1	0.583139912728623	0.81	0.968666401753528	5020	12692
SRP126691	15	0	0.5	8	0	1.35	4675	0.987379679144385	0.603636363636364	0.562151394422311	0.73	0	4586	0.9875708678587	0.608809419973833	0.556175298804781	0.73	2	287	0.993031358885017	0.958188153310105	0.0547808764940239	0.66	0	0.0611633875106929	0.71	0.902105761021961	5020	12692
SRP126691	15	0	0.5	9	0	1.55	7869	0.942940653196086	0.480493074088194	0.753187250996016	0.53	0	8053	0.942505898422948	0.472743077114119	0.758366533864542	0.54	5	4349	0.973097263738791	0.563347896068062	0.48804780876494	0.53	2	0.49657030867222	0.68	0.933934505885864	5020	12692
SRP126691	15	0	0.5	10	0	1.3	5704	0.987026647966339	0.584502103786816	0.664143426294821	0.77	0	5580	0.98673835125448	0.582795698924731	0.647808764940239	0.76	0	2590	0.985328185328185	0.705019305019305	0.363745019920319	0.73	0	0.425820869864191	0.79	0.944675193372699	5020	12692
SRP126691	15	0	1	1	0	2.31	5443	0.982730112070549	0.590850633841632	0.640637450199203	0.7	0	5700	0.981578947368421	0.580175438596491	0.658764940239044	0.72	2	102	0.980392156862745	0.950980392156863	0.0193227091633466	0.54	0	0.0179915549843951	0.65	0.836902239927509	5020	12692
SRP126691	15	0	1	2	0	2.2	9482	0.924488504534908	0.445159249103565	0.840836653386454	0.66	0	9548	0.919669040636782	0.441663175534143	0.84003984063745	0.6	6	1547	0.979961215255333	0.7349709114415	0.226494023904383	0.65	0	0.157292759706191	0.68	0.90169101253138	5020	12692
SRP126691	15	0	1	3	0	2.49	7142	0.957294875385046	0.519462335480258	0.739043824701195	0.74	0	7340	0.956130790190736	0.510354223433243	0.746215139442231	0.74	4	20	1	1	0.00398406374501992	0.49	0	0.00280033604032484	0.64	0.606275736563758	5020	12692
SRP126691	15	0	1	4	0	2.17	6749	0.976292784116165	0.551044599199881	0.740836653386454	0.7	0	6646	0.977580499548601	0.553415588323804	0.732669322709163	0.7	1	189	0.994708994708995	0.952380952380952	0.0358565737051793	0.64	0	0.0278518518518519	0.77	0.887321224178412	5020	12692
SRP126691	15	0	1	5	0	2.54	8067	0.955621668526094	0.496467088136854	0.797808764940239	0.65	0	8171	0.954962672867458	0.493330069758904	0.802988047808765	0.65	5	11	1	1	0.00219123505976096	0.52	0	0.00136358001735465	0.54	0.828678002457762	5020	12692
SRP126691	15	0	1	6	0	2.09	7766	0.946948235900077	0.489827453000258	0.757768924302789	0.69	0	7833	0.948040342142219	0.49023362696285	0.764940239043825	0.76	4	185	1	0.956756756756757	0.0352589641434263	0.57	0	0.0234264384090617	0.61	0.765399840763178	5020	12692
SRP126691	15	0	1	7	0	2.54	6080	0.977796052631579	0.566611842105263	0.686254980079681	0.78	0	6231	0.975605841758947	0.55625100304927	0.690438247011952	0.75	2	11	1	1	0.00219123505976096	0.52	0	0.00180921052631579	0.58	0.521306268912744	5020	12692
SRP126691	15	0	1	8	0	2.12	9413	0.900456815043026	0.436842664400298	0.819123505976096	0.59	0	9364	0.901537804357112	0.438381033746262	0.817729083665339	0.61	7	172	1	0.959302325581395	0.0328685258964143	0.56	0	0.0179481733220051	0.51	0.846995029810456	5020	12692
SRP126691	15	0	1	9	0	2.43	2557	0.983574501368792	0.726632772780602	0.370119521912351	0.69	0	2838	0.983791402396054	0.713530655391121	0.403386454183267	0.76	0	65	0.984615384615385	0.984615384615385	0.0127490039840637	0.6	0	0.02421875	0.65	0.722044882579753	5020	12692
SRP126691	15	0	1	10	0	2.09	6583	0.969922527722923	0.533343460428376	0.699402390438247	0.71	0	6721	0.966969201011754	0.523136438030055	0.700398406374502	0.68	3	186	0.994623655913978	0.951612903225806	0.0352589641434263	0.62	0	0.0274741955069824	0.77	0.883247801204622	5020	12692
SRP126691	15	0.25	0	1	0.2	0.25	7963	0.962325756624388	0.49353258822052	0.782868525896414	0.67	0	7000	0.978142857142857	0.524857142857143	0.731872509960159	0.66	0	7182	0.971734892787524	0.517683096630465	0.740637450199203	0.69	0	0.864458943739998	0.91	0.994972853064804	5020	12692
SRP126691	15	0.25	0	2	0.2	0.45	6839	0.980698932592484	0.535458400350929	0.729482071713147	0.7	0	6292	0.981881754609027	0.544977749523204	0.683067729083665	0.67	2	5360	0.9875	0.580037313432836	0.619322709163347	0.71	1	0.749462211386778	0.87	0.988718258735859	5020	12692
SRP126691	15	0.25	0	3	0.2	0.47	8617	0.974236973424626	0.491238249970988	0.843227091633466	0.63	0	7775	0.98032154340836	0.510868167202572	0.791235059760956	0.66	0	6890	0.984615384615385	0.531640058055152	0.729681274900398	0.67	0	0.785286668201704	0.84	0.992802789149934	5020	12692
SRP126691	15	0.25	0	4	0.2	0.41	10267	0.943118729911366	0.444044024544658	0.908167330677291	0.6	0	9663	0.949601573010452	0.457207906447273	0.8800796812749	0.62	4	8992	0.956516903914591	0.46875	0.839641434262948	0.6	1	0.854144603831713	0.89	0.994787608641786	5020	12692
SRP126691	15	0.25	0	5	0.2	0.29	8960	0.962834821428572	0.480803571428571	0.858167330677291	0.78	0	8359	0.971527694700323	0.494796028233042	0.82390438247012	0.8	4	7221	0.981166043484282	0.521257443567373	0.749800796812749	0.79	3	0.79151904340124	0.94	0.992619223231689	5020	12692
SRP126691	15	0.25	0	6	0.2	0.26	9206	0.963393439061482	0.477080165109711	0.874900398406374	0.47	0	8484	0.971239981140971	0.494342291371994	0.835458167330677	0.43	5	8109	0.973116290541374	0.501294857565668	0.809760956175299	0.44	5	0.865840517241379	0.88	0.995634638019442	5020	12692
SRP126691	15	0.25	0	7	0.2	0.36	9568	0.930079431438127	0.445652173913043	0.849402390438247	0.68	0	9346	0.924138668949283	0.445110207575433	0.828685258964143	0.69	5	8894	0.935799415336182	0.458961097369013	0.813147410358566	0.7	5	0.885416666666667	0.88	0.994685952937395	5020	12692
SRP126691	15	0.25	0	8	0.2	0.59	8700	0.974597701149425	0.487126436781609	0.844223107569721	0.75	0	8287	0.977193194159527	0.49812960057922	0.822310756972112	0.76	4	6807	0.980608197443808	0.545614808285588	0.739840637450199	0.78	3	0.765971984967544	0.94	0.99133831648615	5020	12692
SRP126691	15	0.25	0	9	0.2	0.74	7793	0.981008597459258	0.511741306300526	0.794422310756972	0.73	0	7302	0.981648863325116	0.523829087921118	0.76195219123506	0.72	3	5534	0.989700036140224	0.589808456812432	0.650199203187251	0.74	0	0.693607828186555	0.89	0.988578634137201	5020	12692
SRP126691	15	0.25	0	10	0.2	0.57	8394	0.975339528234453	0.496545151298547	0.830278884462151	0.57	0	7687	0.981527253805126	0.514895277741642	0.788446215139442	0.6	2	6418	0.992053599252104	0.55687129947024	0.71195219123506	0.67	1	0.708419838523645	0.77	0.977083394178586	5020	12692
SRP126691	15	0.25	0.5	1	0.2	1.03	7685	0.975276512687053	0.521405335068315	0.798207171314741	0.81	0	6489	0.984281091077208	0.556480197256896	0.719322709163347	0.8	0	3238	0.992588017294626	0.663063619518221	0.427689243027888	0.79	0	0.416364107883817	0.92	0.973105877530798	5020	12692
SRP126691	15	0.25	0.5	2	0.2	1.44	10107	0.927179182744632	0.44048679133274	0.886852589641434	0.57	0	9467	0.943699165522341	0.457061371078483	0.86195219123506	0.58	1	3797	0.981301027126679	0.628390834869634	0.475298804780877	0.61	0	0.36581532416503	0.72	0.934962915842681	5020	12692
SRP126691	15	0.25	0.5	3	0.2	1.44	9328	0.955403087478559	0.471483704974271	0.876095617529881	0.65	0	8838	0.954627743833447	0.476804706947273	0.839442231075697	0.68	4	2459	0.984953233021553	0.679951199674665	0.333067729083665	0.6	1	0.254203021919557	0.62	0.913902341740533	5020	12692
SRP126691	15	0.25	0.5	4	0.2	0.82	8121	0.96034971062677	0.488486639576407	0.790239043824701	0.62	0	7373	0.964871829648718	0.504272345042724	0.740637450199203	0.62	3	6130	0.929853181076672	0.501957585644372	0.612948207171315	0.59	0	0.682923948984412	0.82	0.973135940716601	5020	12692
SRP126691	15	0.25	0.5	5	0.2	1.81	8803	0.897080540724753	0.444053163694195	0.778685258964143	0.59	0	7560	0.923677248677249	0.472354497354497	0.711354581673307	0.62	5	1477	0.987813134732566	0.801624915368991	0.235856573705179	0.66	0	0.162369968340118	0.61	0.914826832618178	5020	12692
SRP126691	15	0.25	0.5	6	0.2	1.49	7355	0.980285520054385	0.534466349422162	0.783067729083665	0.77	0	6365	0.984446190102121	0.555066771406127	0.703784860557769	0.75	0	848	0.990566037735849	0.807783018867925	0.136454183266932	0.61	0	0.112874779541446	0.76	0.88342376022958	5020	12692
SRP126691	15	0.25	0.5	7	0.2	1.42	8205	0.960755636806825	0.500792199878123	0.818525896414343	0.7	0	7436	0.966514254975793	0.525013448090371	0.777689243027889	0.69	0	1663	0.983764281419122	0.767288033674083	0.254183266932271	0.64	0	0.196991751576904	0.74	0.931239220222499	5020	12692
SRP126691	15	0.25	0.5	8	0.2	1.27	6589	0.979511306723327	0.543785096372742	0.713745019920319	0.72	0	5966	0.97904793831713	0.567884679852497	0.674900398406375	0.71	1	1419	0.979563072586328	0.793516560958421	0.224302788844622	0.67	0	0.209302325581395	0.81	0.930660218443776	5020	12692
SRP126691	15	0.25	0.5	9	0.2	1.35	10242	0.895235305604374	0.427260300722515	0.871713147410359	0.6	0	9479	0.91169954636565	0.444139677181137	0.838645418326693	0.58	6	3120	0.990384615384615	0.693589743589744	0.431075697211155	0.66	1	0.299173553719008	0.82	0.944301493844367	5020	12692
SRP126691	15	0.25	0.5	10	0.2	1.12	9527	0.933557258318463	0.446835310171093	0.84800796812749	0.67	0	8838	0.935958361620276	0.454062004978502	0.799402390438247	0.76	0	3436	0.988649592549476	0.672002328288708	0.45996015936255	0.74	0	0.347365138758965	0.63	0.942352112776687	5020	12692
SRP126691	15	0.25	1	1	0.2	2.3	9655	0.937338166752978	0.45189021232522	0.869123505976096	0.7	0	9079	0.941733671109153	0.463487168190329	0.838247011952191	0.71	0	245	0.963265306122449	0.902040816326531	0.0440239043824701	0.59	0	0.0243145369891361	0.74	0.734078325278133	5020	12692
SRP126691	15	0.25	1	2	0.2	2.62	8168	0.976983349657199	0.515426052889324	0.838645418326693	0.76	0	7164	0.983528754885539	0.550670016750419	0.785856573705179	0.77	3	113	0.991150442477876	0.955752212389381	0.0215139442231076	0.64	0	0.0138344760039177	0.76	0.796482866098339	5020	12692
SRP126691	15	0.25	1	3	0.2	2.08	10843	0.918657198192382	0.423867933228811	0.915537848605578	0.68	0	10502	0.927156732051038	0.432584269662921	0.904980079681275	0.69	6	1179	0.982188295165394	0.748939779474131	0.175896414342629	0.67	0	0.105979760809568	0.74	0.854590821999996	5020	12692
SRP126691	15	0.25	1	4	0.2	2.11	8183	0.945007943297079	0.481974825858487	0.785657370517928	0.67	0	7212	0.959095951192457	0.507764836383805	0.729482071713147	0.7	0	259	0.976833976833977	0.837837837837838	0.0432270916334661	0.57	0	0.0307692307692308	0.65	0.80413142563724	5020	12692
SRP126691	15	0.25	1	5	0.2	2.54	10425	0.875395683453237	0.414868105515588	0.861553784860558	0.57	0	9651	0.893275308258212	0.430525334162263	0.827689243027889	0.57	0	367	0.991825613079019	0.888283378746594	0.0649402390438247	0.52	0	0.0350052747674307	0.64	0.898039367928539	5020	12692
SRP126691	15	0.25	1	6	0.2	2.27	9746	0.918941104042684	0.441411861276421	0.856972111553785	0.68	0	9082	0.931292666813477	0.456507377229685	0.82589641434263	0.68	0	66	1	1	0.0131474103585657	0.62	0	0.00677200902934537	0.7	0.852397628885632	5020	12692
SRP126691	15	0.25	1	7	0.2	2.09	9472	0.953441722972973	0.460620777027027	0.869123505976096	0.72	0	8808	0.963896457765668	0.478315168029065	0.839243027888446	0.69	1	1074	0.986033519553073	0.754189944134078	0.161354581673307	0.63	0	0.110806825363387	0.7	0.887426570657711	5020	12692
SRP126691	15	0.25	1	8	0.2	1.94	6297	0.977131967603621	0.555502620295379	0.696812749003984	0.76	0	5209	0.98233826070263	0.58974851219044	0.61195219123506	0.75	2	164	0.99390243902439	0.945121951219512	0.0308764940239044	0.62	0	0.0258812321371864	0.77	0.845389471070094	5020	12692
SRP126691	15	0.25	1	9	0.2	2.34	7436	0.974448628294782	0.530661646046261	0.78605577689243	0.8	0	6209	0.981800612014817	0.569012723465937	0.703784860557769	0.8	0	156	1	0.961538461538461	0.0298804780876494	0.63	0	0.0207044904544232	0.67	0.804272712392649	5020	12692
SRP126691	15	0.25	1	10	0.2	2.63	7913	0.953620624289144	0.494755465689372	0.779880478087649	0.72	0	6586	0.972365624051017	0.533859702399028	0.700398406374502	0.74	3	228	0.951754385964912	0.719298245614035	0.0326693227091634	0.48	0	0.0273851590106007	0.61	0.753669856005179	5020	12692
SRP126691	15	0.5	0	1	0.47	0.27	6806	0.981633852483103	0.544225683220688	0.737848605577689	0.75	1	2956	0.990527740189445	0.70297699594046	0.41394422310757	0.74	1	2757	0.988393180993834	0.712368516503446	0.391235059760956	0.78	1	0.399531684472413	0.81	0.972907129649697	5020	12692
SRP126691	15	0.5	0	2	0.47	0	9389	0.920332303759719	0.445414847161572	0.833067729083665	0.62	2	6734	0.958419958419958	0.508019008019008	0.681474103585657	0.65	2	7004	0.9456025128498	0.494717304397487	0.690239043824701	0.63	3	0.720507976490344	0.91	0.983008786920773	5020	12692
SRP126691	15	0.5	0	3	0.47	0.2	8741	0.969339892460817	0.481180642947031	0.837848605577689	0.62	3	6455	0.981254841208366	0.534004647560031	0.686653386454183	0.58	4	6071	0.980728051391863	0.551474221709768	0.666932270916335	0.55	3	0.652203011712214	0.79	0.973430244341944	5020	12692
SRP126691	15	0.5	0	4	0.47	0.53	8510	0.961574618096357	0.491891891891892	0.833864541832669	0.68	3	5705	0.984049079754601	0.568098159509203	0.645617529880478	0.63	3	3838	0.993225638353309	0.652423137050547	0.498804780876494	0.63	0	0.447936210131332	0.88	0.972548179513478	5020	12692
SRP126691	15	0.5	0	5	0.47	0.25	10288	0.958398133748056	0.448192068429238	0.918525896414343	0.67	1	8184	0.981549364613881	0.498044965786901	0.81195219123506	0.68	4	7765	0.977849323889247	0.505988409529942	0.782669322709163	0.64	3	0.721300533943555	0.86	0.980647393767603	5020	12692
SRP126691	15	0.5	0	6	0.47	0.36	9090	0.965456545654565	0.486578657865787	0.881075697211155	0.62	0	6671	0.984410133413281	0.557487633038525	0.740836653386454	0.62	1	6198	0.984511132623427	0.574701516618264	0.709561752988048	0.62	0	0.664996732737966	0.87	0.982616515314133	5020	12692
SRP126691	15	0.5	0	7	0.47	0.04	8418	0.966381563316702	0.498455690187693	0.835856573705179	0.75	0	5195	0.989412897016362	0.598460057747835	0.619322709163347	0.77	1	5109	0.987864552750049	0.59757291055001	0.608167330677291	0.76	0	0.593473907409589	0.86	0.980919100146476	5020	12692
SRP126691	15	0.5	0	8	0.47	0.54	10516	0.955971852415367	0.441422594142259	0.924701195219123	0.71	0	8957	0.971195712850285	0.473596070112761	0.845019920318725	0.69	0	7837	0.976266428480286	0.496235804517035	0.774701195219124	0.66	0	0.719895042638928	0.88	0.981498993672346	5020	12692
SRP126691	15	0.5	0	9	0.47	0.3	9633	0.952558912073082	0.467144191840548	0.896414342629482	0.74	2	6214	0.988896041197297	0.564853556485356	0.699203187250996	0.77	3	6164	0.989292667099286	0.565379623621025	0.694223107569721	0.77	3	0.631415883507177	0.86	0.984814734523816	5020	12692
SRP126691	15	0.5	0	10	0.47	0.33	6095	0.97752255947498	0.551763740771124	0.6699203187251	0.69	0	2230	0.990582959641256	0.720627802690583	0.320119521912351	0.67	0	2268	0.988977072310406	0.708112874779542	0.3199203187251	0.65	0	0.36583374162992	0.86	0.962038234677372	5020	12692
SRP126691	15	0.5	0.5	1	0.47	1.71	9644	0.954272086271257	0.455723766072169	0.875498007968128	0.73	2	6679	0.980685731396916	0.522832759395119	0.695617529880478	0.73	3	844	0.984597156398104	0.854265402843602	0.143625498007968	0.7	0	0.0860515688101895	0.79	0.881709713946796	5020	12692
SRP126691	15	0.5	0.5	2	0.47	1.3	9771	0.944427387166104	0.457066830416539	0.889641434262948	0.7	1	6589	0.972681742297769	0.536348459553802	0.70398406374502	0.7	2	2796	0.984978540772532	0.674177396280401	0.375498007968127	0.67	1	0.280778638401957	0.82	0.938100656141094	5020	12692
SRP126691	15	0.5	0.5	3	0.47	1.33	9483	0.937256142570916	0.458188337024149	0.865537848605578	0.63	2	7123	0.955777060227432	0.500631756282465	0.710358565737052	0.56	4	915	0.989071038251366	0.854644808743169	0.155776892430279	0.56	0	0.095564218733537	0.65	0.937721756442822	5020	12692
SRP126691	15	0.5	0.5	4	0.47	1.55	8808	0.953564940962761	0.482288828337875	0.846215139442231	0.73	1	4999	0.967793558711742	0.580916183236647	0.578486055776892	0.72	0	486	0.981481481481481	0.860082304526749	0.0832669322709163	0.59	0	0.053025152957172	0.71	0.740289121647842	5020	12692
SRP126691	15	0.5	0.5	5	0.47	1.34	10331	0.950150033878618	0.44003484657826	0.905577689243028	0.77	1	8708	0.962448323380799	0.465663757464401	0.807768924302789	0.74	0	1585	0.991798107255521	0.77602523659306	0.245019920318725	0.73	0	0.150970733120835	0.8	0.922263396738102	5020	12692
SRP126691	15	0.5	0.5	6	0.47	1.61	9404	0.944917056571672	0.461186729051468	0.86394422310757	0.61	1	5644	0.982459248759745	0.562367115520907	0.632270916334661	0.64	3	3127	0.992644707387272	0.674768148385034	0.420318725099602	0.67	1	0.322812203103557	0.68	0.934415184864069	5020	12692
SRP126691	15	0.5	0.5	7	0.47	1.55	7351	0.977554074275609	0.522377907767651	0.764940239043825	0.68	0	4591	0.986277499455456	0.620997604007842	0.56792828685259	0.67	0	597	0.991624790619765	0.892797319932998	0.106175298804781	0.61	0	0.0793047256925584	0.69	0.875040335116076	5020	12692
SRP126691	15	0.5	0.5	8	0.47	1.48	9880	0.925404858299595	0.444635627530364	0.875099601593626	0.67	2	7458	0.960981496379727	0.501877178868329	0.745617529880478	0.71	3	3843	0.963049700754619	0.616185271922977	0.471713147410359	0.65	1	0.37698173790889	0.88	0.944046239747599	5020	12692
SRP126691	15	0.5	0.5	9	0.47	1.43	10487	0.934204252884524	0.437303327929818	0.913545816733068	0.75	3	8236	0.968188440990772	0.492836328314716	0.808565737051793	0.73	4	1930	0.995336787564767	0.790155440414508	0.303784860557769	0.71	2	0.182684065149062	0.82	0.931693278587901	5020	12692
SRP126691	15	0.5	0.5	10	0.47	1.31	7652	0.947334030318871	0.492289597490852	0.750398406374502	0.64	0	3194	0.962429555416406	0.589542892924233	0.375099601593626	0.64	0	212	0.985849056603774	0.915094339622642	0.0386454183266932	0.64	0	0.0271682340647858	0.67	0.873138799920312	5020	12692
SRP126691	15	0.75	0	1	0.73	0.28	5171	0.970218526397215	0.558305936956101	0.575099601593626	0.73	6	176	1	0.948863636363636	0.0332669322709163	0.6	0	198	1	0.949494949494949	0.0374501992031873	0.56	0	0.0382904660607233	0.77	0.734032814496669	5020	12692
SRP126691	15	0.75	0	2	0.73	0.6	9038	0.948993140075238	0.476211551228148	0.857370517928287	0.7	7	1524	0.98490813648294	0.76509186351706	0.232270916334661	0.58	0	740	0.990540540540541	0.85945945945946	0.126693227091633	0.59	0	0.0811587793011942	0.69	0.90184212334605	5020	12692
SRP126691	15	0.75	0	3	0.73	0.69	10811	0.912496531310702	0.424290074923689	0.913745019920319	0.55	9	5345	0.967259120673527	0.514125350795136	0.547410358565737	0.51	3	4056	0.98422090729783	0.582100591715976	0.470318725099602	0.52	0	0.371241468363771	0.75	0.947952606573384	5020	12692
SRP126691	15	0.75	0	4	0.73	0.38	9128	0.960560911481157	0.47874671340929	0.870517928286853	0.65	9	880	0.990909090909091	0.776136363636364	0.13605577689243	0.61	1	536	0.994402985074627	0.865671641791045	0.0924302788844621	0.64	0	0.0583725769357135	0.75	0.8694314661492	5020	12692
SRP126691	15	0.75	0	5	0.73	0.03	8631	0.941489977986328	0.476306337620206	0.818924302788845	0.71	6	3076	0.986996098829649	0.645318595578674	0.395418326693227	0.71	0	3176	0.987405541561713	0.644521410579345	0.407768924302789	0.69	0	0.351998167869003	0.71	0.940617263049079	5020	12692
SRP126691	15	0.75	0	6	0.73	0.29	8836	0.940583974649163	0.471933001358081	0.830677290836653	0.7	8	3020	0.981456953642384	0.632450331125828	0.380478087649402	0.57	0	2542	0.988198269079465	0.644767899291896	0.326494023904383	0.56	0	0.280585256049522	0.65	0.923689727399143	5020	12692
SRP126691	15	0.75	0	7	0.73	0.46	11318	0.931259939918714	0.418095069800318	0.942629482071713	0.58	4	6639	0.982075613797259	0.536225335140835	0.709163346613546	0.55	0	6327	0.985143037774617	0.546388493756915	0.688645418326693	0.56	0	0.546314959249847	0.79	0.964685925699301	5020	12692
SRP126691	15	0.75	0	8	0.73	0.44	10285	0.942440447253281	0.442683519688867	0.906972111553785	0.66	9	5319	0.980635457792818	0.552735476593345	0.585657370517928	0.56	3	1353	0.993348115299335	0.779748706577975	0.210159362549801	0.57	0	0.13034188034188	0.77	0.924753246650256	5020	12692
SRP126691	15	0.75	0	9	0.73	0.04	9701	0.925883929491805	0.450881352437893	0.871314741035857	0.53	4	2386	0.992455993294216	0.711651299245599	0.338247011952191	0.45	0	1870	0.993048128342246	0.742780748663102	0.276693227091633	0.38	0	0.190554583804918	0.63	0.92769172661864	5020	12692
SRP126691	15	0.75	0	10	0.73	0.54	9016	0.95441437444543	0.472604259094942	0.848804780876494	0.61	8	4163	0.976699495556089	0.58755705020418	0.487250996015936	0.54	2	2331	0.988845988845989	0.697983697983698	0.324103585657371	0.57	0	0.252566508444641	0.77	0.943402468533858	5020	12692
SRP126691	15	0.75	0.5	1	0.73	1.18	11319	0.930559236681686	0.41920664369644	0.945219123505976	0.68	5	6991	0.974967815763124	0.516092118437992	0.718725099601594	0.66	0	2191	0.993153811045185	0.759926973984482	0.331673306772908	0.59	0	0.191883546537274	0.72	0.922468474205619	5020	12692
SRP126691	15	0.75	0.5	2	0.73	1.12	10793	0.928008894653942	0.432502547947744	0.929880478087649	0.73	9	7813	0.923972865736593	0.452323051324715	0.70398406374502	0.56	4	3901	0.972827480133299	0.557036657267367	0.432868525896414	0.62	3	0.34449629426297	0.63	0.907644265471049	5020	12692
SRP126691	15	0.75	0.5	3	0.73	1.17	9819	0.946023016600468	0.457276708422446	0.894422310756972	0.75	8	1073	0.990680335507922	0.840633737185461	0.179681274900398	0.66	0	590	0.986440677966102	0.898305084745763	0.105577689243028	0.64	0	0.0593323834724201	0.74	0.917240016855516	5020	12692
SRP126691	15	0.75	0.5	4	0.73	0.91	9728	0.949938322368421	0.454564144736842	0.880876494023904	0.71	6	2729	0.99120556980579	0.673140344448516	0.36593625498008	0.64	0	230	0.991304347826087	0.943478260869565	0.0432270916334661	0.62	0	0.023537876451845	0.74	0.896143108646211	5020	12692
SRP126691	15	0.75	0.5	5	0.73	1.15	10143	0.94774721482796	0.453416149068323	0.916135458167331	0.76	9	4520	0.98716814159292	0.610619469026549	0.549800796812749	0.71	0	597	0.993299832495812	0.904522613065327	0.107569721115538	0.66	0	0.0582323381613952	0.72	0.858896719451993	5020	12692
SRP126691	15	0.75	0.5	6	0.73	1.23	10043	0.939460320621328	0.449766006173454	0.899800796812749	0.69	4	4956	0.985068603712671	0.563761097659403	0.556573705179283	0.59	0	171	0.994152046783626	0.935672514619883	0.0318725099601594	0.56	0	0.0170267848252514	0.57	0.813606775075374	5020	12692
SRP126691	15	0.75	0.5	7	0.73	1.36	9871	0.950663559923007	0.456893931719177	0.898406374501992	0.7	6	3278	0.987797437461867	0.688529591214155	0.449601593625498	0.64	1	891	0.991021324354658	0.859708193041526	0.152589641434263	0.64	1	0.0881698685540951	0.71	0.900656162989919	5020	12692
SRP126691	15	0.75	0.5	8	0.73	1.19	10136	0.945047355958958	0.452150749802684	0.912948207171315	0.74	7	4268	0.988519212746017	0.616916588566073	0.524501992031873	0.6	2	2096	0.990935114503817	0.743320610687023	0.310358565737052	0.6	1	0.204055517275322	0.68	0.934864790238742	5020	12692
SRP126691	15	0.75	0.5	9	0.73	1.05	7922	0.967558697298662	0.510982075233527	0.806374501992032	0.66	8	22	1	0.954545454545455	0.00418326693227092	0.5	0	4	1	1	0.000796812749003984	0.46	0	0.000504922999242616	0.55	0.795206538966645	5020	12692
SRP126691	15	0.75	0.5	10	0.73	1.39	8495	0.967628016480283	0.498410829899941	0.843426294820717	0.74	9	1439	0.989576094510076	0.786657400972898	0.225498007968128	0.66	0	472	0.985169491525424	0.88135593220339	0.0828685258964143	0.61	0	0.054444967074318	0.74	0.821341056075555	5020	12692
SRP126691	15	1	0	1	1	0.08	9667	0.947346643219199	0.461363401262025	0.888446215139442	0.57	9																5020	12692
SRP126691	15	1	0	2	1	0.67	10283	0.935232908684236	0.443547602839638	0.908565737051793	0.7	9																5020	12692
SRP126691	15	1	0	3	1	0.59	9561	0.958790921451731	0.469511557368476	0.894223107569721	0.6	9																5020	12692
SRP126691	15	1	0	4	1	0.52	9477	0.953255249551546	0.46860820934895	0.884661354581673	0.58	9																5020	12692
SRP126691	15	1	0	5	1	0.4	9670	0.944260599793175	0.457497414684592	0.881274900398406	0.68	9																5020	12692
SRP126691	15	1	0	6	1	0.08	9547	0.967005341992249	0.471980726929926	0.897609561752988	0.7	9																5020	12692
SRP126691	15	1	0	7	1	0.35	10505	0.911185149928605	0.431128034269396	0.902191235059761	0.65	9																5020	12692
SRP126691	15	1	0	8	1	0.53	10581	0.927700595406861	0.44003402324922	0.927490039840638	0.7	9																5020	12692
SRP126691	15	1	0	9	1	0.56	9153	0.957500273134491	0.478640882770676	0.872709163346613	0.71	9																5020	12692
SRP126691	15	1	0	10	1	0.54	9195	0.956498096791735	0.474714518760196	0.869521912350598	0.61	9																5020	12692
SRP126691	15	1	0.5	1	1	1.13	9803	0.941242476792818	0.457717025400388	0.893824701195219	0.64	9																5020	12692
SRP126691	15	1	0.5	2	1	1.18	9249	0.954157206184452	0.475618985836307	0.876294820717132	0.59	9																5020	12692
SRP126691	15	1	0.5	3	1	1.29	9765	0.950332821300563	0.460522273425499	0.895816733067729	0.64	9																5020	12692
SRP126691	15	1	0.5	4	1	1.17	9732	0.955404849979449	0.463419646526921	0.898406374501992	0.66	9																5020	12692
SRP126691	15	1	0.5	5	1	1.08	8924	0.958762886597938	0.487225459435231	0.866135458167331	0.67	9																5020	12692
SRP126691	15	1	0.5	6	1	1.13	9558	0.945699937225361	0.464741577735928	0.884860557768924	0.58	9																5020	12692
SRP126691	15	1	0.5	7	1	1.46	10682	0.91256319041378	0.428758659427074	0.912350597609562	0.54	9																5020	12692
SRP126691	15	1	0.5	8	1	1.27	9181	0.956104999455397	0.479032785099662	0.876095617529881	0.59	9																5020	12692
SRP126691	15	1	0.5	9	1	1.04	9142	0.958324217895428	0.479763727849486	0.873705179282869	0.69	9																5020	12692
SRP126691	15	1	0.5	10	1	1.25	9440	0.946504237288136	0.469173728813559	0.882270916334661	0.63	9																5020	12692
SRP126691	30	0	0	1	0	0.25	10260	0.978362573099415	0.467641325536062	0.955776892430279	0.84	0	10345	0.979023682938618	0.465248912518125	0.958764940239044	0.85	2	9969	0.982947136121978	0.476878322800682	0.947011952191235	0.85	2	0.942481275206453	0.89	0.998127901788156	5020	12692
SRP126691	30	0	0	2	0	0.35	10465	0.980506450071668	0.457620640229336	0.95398406374502	0.84	0	10463	0.981267322947529	0.458377138488005	0.955378486055777	0.87	4	9718	0.986725663716814	0.480037044659395	0.929282868525896	0.86	2	0.913080568720379	0.9	0.997427318813442	5020	12692
SRP126691	30	0	0	3	0	0.34	11794	0.96031880617263	0.41902662370697	0.984462151394422	0.8	0	11801	0.960172866706211	0.418947546818066	0.984860557768924	0.81	4	11212	0.973332144131288	0.436229040313949	0.974302788844622	0.81	4	0.926639309940541	0.92	0.997134830472411	5020	12692
SRP126691	30	0	0	4	0	0.32	11869	0.954334821804701	0.414019715224535	0.978884462151395	0.87	0	11924	0.952616571620262	0.412361623616236	0.979482071713147	0.84	5	11377	0.9670387624154	0.427529225630658	0.968924302788845	0.83	4	0.937974155898291	0.93	0.998063023790689	5020	12692
SRP126691	30	0	0	5	0	0.6	11883	0.909198013969536	0.407557014221998	0.964741035856574	0.69	0	11935	0.909090909090909	0.406284038542103	0.96593625498008	0.76	6	10978	0.944069958098014	0.433776644197486	0.948605577689243	0.77	5	0.897808401129005	0.85	0.995207084626155	5020	12692
SRP126691	30	0	0	6	0	0.32	11292	0.965905065533121	0.429950407368048	0.967131474103586	0.8	0	11360	0.963908450704225	0.427288732394366	0.966932270916335	0.81	1	10976	0.974854227405248	0.4375	0.956573705179283	0.83	1	0.944803493449782	0.9	0.998173183593642	5020	12692
SRP126691	30	0	0	7	0	0.18	11323	0.961759251081869	0.431069504548265	0.972310756972112	0.84	0	11451	0.959741507291939	0.426512968299712	0.972908366533865	0.82	4	11268	0.966276180333688	0.431753638622648	0.969123505976096	0.83	4	0.958304438280166	0.8	0.998296603719987	5020	12692
SRP126691	30	0	0	8	0	0.33	12353	0.909009957095442	0.395936209827572	0.974302788844622	0.75	0	12367	0.908708660143932	0.395811433654079	0.975099601593626	0.74	1	12045	0.934827729348277	0.406475716064757	0.975298804780877	0.8	1	0.930374238468233	0.89	0.997248369118873	5020	12692
SRP126691	30	0	0	9	0	0.47	11408	0.969582748948106	0.429435483870968	0.97589641434263	0.8	0	11417	0.970482613646317	0.429096960672681	0.97589641434263	0.82	1	10667	0.982375550764039	0.453079591262773	0.962749003984064	0.84	1	0.912083152880035	0.86	0.996646242776304	5020	12692
SRP126691	30	0	0	10	0	0.42	11302	0.966289152362414	0.428508228632101	0.964741035856574	0.87	0	11412	0.962846126883982	0.42534174553102	0.966932270916335	0.88	1	10662	0.972519227161883	0.444569499155881	0.944223107569721	0.89	1	0.914574616457462	0.91	0.996922570692048	5020	12692
SRP181886	15	0	0	1	0	0.29	0			0	0.25	0	1	1	1	0.000329055610398157	0.22	0	882	0.996598639455782	0.478458049886621	0.138861467588022	0.19	0	0	0.72	0.997137427897012	3039	14178
SRP181886	15	0	0	2	0	0.2	0			0	0.1	0	0			0	0.12	0	0			0	0.13	0	0	0.75	0.994038698699087	3039	14178
SRP181886	15	0	0	3	0	0.56	2602	0.971560338201384	0.412375096079939	0.353076669957223	0.16	0	2648	0.970543806646526	0.416540785498489	0.362948338269168	0.11	0	871	0.988518943742824	0.446613088404133	0.128002632444883	0.11	0	0.334742505764796	0.85	0.986174199505533	3039	14178
SRP181886	15	0	0	4	0	0.47	3040	0.989473684210526	0.427631578947368	0.427772293517605	0.27	0	3091	0.988353283726949	0.420899385312197	0.428101349128003	0.27	0	1986	0.992950654582074	0.482376636455186	0.315235274761435	0.25	0	0.629173419773096	0.77	0.991422318692483	3039	14178
SRP181886	15	0	0	5	0	0.71	0			0	0.08	0	0			0	0.07	0	0			0	0.04	0	0	0.64	0.948945739466206	3039	14178
SRP181886	15	0	0	6	0	0.52	0			0	0.25	0	0			0	0.29	0	0			0	0.25	0	0	0.74	0.965505768955192	3039	14178
SRP181886	15	0	0	7	0	0.69	0			0	0.08	0	0			0	0.07	0	0			0	0.04	0	0	0.53	0.950883545163292	3039	14178
SRP181886	15	0	0	8	0	0.44	991	0.989909182643794	0.509586276488396	0.166173083251069	0.15	0	1559	0.981398332264272	0.45926876202694	0.235603817045081	0.18	0	0			0	0.18	0	0	0.72	0.991735554682248	3039	14178
SRP181886	15	0	0	9	0	0.86	0			0	0.32	0	0			0	0.3	0	0			0	0.18	0	0	0.5	0.943168871322211	3039	14178
SRP181886	15	0	0	10	0	0.96	639	0.996870109546166	0.61189358372457	0.12866074366568	0.25	0	787	0.996188055908513	0.590851334180432	0.153010858835143	0.25	0	0			0	0.2	0	0	0.65	0.939445953222581	3039	14178
SRP181886	15	0	0.5	1	0	0.53	2981	0.992619926199262	0.470647433747065	0.461665021388615	0.31	0	3040	0.992105263157895	0.466118421052632	0.466271799934189	0.29	0	1935	0.993798449612403	0.528165374677003	0.336294833826917	0.24	0	0.601824698598892	0.74	0.986767646755786	3039	14178
SRP181886	15	0	0.5	2	0	0.84	1408	0.9921875	0.571732954545455	0.264889766370517	0.08	0	1251	0.991207034372502	0.590727418065548	0.243172096084238	0.06	0	1595	0.991849529780564	0.613166144200627	0.321816386969398	0.1	0	0.542372881355932	0.47	0.933025726291987	3039	14178
SRP181886	15	0	0.5	3	0	0.32	2	1	1	0.000658111220796315	0.12	0	2	1	1	0.000658111220796315	0.12	0	1	1	1	0.000329055610398157	0.09	0	0.5	0.79	0.994868136715244	3039	14178
SRP181886	15	0	0.5	4	0	1.19	2998	0.986991327551701	0.461307538358906	0.455083909180652	0.23	0	2723	0.989717223650386	0.473742196107235	0.424481737413623	0.17	0	4759	0.958814877075016	0.35910905652448	0.562356038170451	0.15	0	0.522473012757606	0.34	0.966879577199287	3039	14178
SRP181886	15	0	0.5	5	0	0.63	1	1	1	0.000329055610398157	0.04	0	1	1	1	0.000329055610398157	0.04	0	2	1	1	0.000658111220796315	0.02	0	0.5	0.68	0.980036188030572	3039	14178
SRP181886	15	0	0.5	6	0	1.24	1	1	1	0.000329055610398157	0.16	0	1	1	1	0.000329055610398157	0.17	0	803	0.990037359900374	0.489414694894147	0.129318854886476	0.06	0	0.0012453300124533	0.41	0.953580485780767	3039	14178
SRP181886	15	0	0.5	7	0	1.11	0			0	0.09	0	0			0	0.09	0	0			0	0.11	0	0	0.46	0.951789111902201	3039	14178
SRP181886	15	0	0.5	8	0	0.67	0			0	0.02	0	0			0	0.02	0	0			0	0.02	0	0	0.43	0.972439429536524	3039	14178
SRP181886	15	0	0.5	9	0	1.15	1	1	1	0.000329055610398157	0.13	0	52	0.942307692307692	0.384615384615385	0.00658111220796315	0.11	0	35	0.857142857142857	0.2	0.0023033892727871	0.05	0	0.0285714285714286	0.22	0.928852980375249	3039	14178
SRP181886	15	0	0.5	10	0	1.02	622	0.995176848874598	0.561093247588424	0.114840408028957	0.21	0	349	0.994269340974212	0.601719197707736	0.069101678183613	0.22	0	791	0.988621997471555	0.450063211125158	0.117143797301744	0.17	0	0.363899613899614	0.42	0.904154122768766	3039	14178
SRP181886	15	0	1	1	0	2.35	1104	0.936594202898551	0.264492753623188	0.0960842382362619	0.08	0	934	0.941113490364026	0.26338329764454	0.0809476801579467	0.08	0	0			0	0.02	0	0	0.28	0.859178201655516	3039	14178
SRP181886	15	0	1	2	0	2.4	0			0	0.05	0	0			0	0.05	0	0			0	0.04	0	0	0.07	0.826445053215782	3039	14178
SRP181886	15	0	1	3	0	2.62	4785	0.80564263322884	0.231765935214211	0.364922671931556	0.08	0	4477	0.817958454322091	0.236095599731963	0.347811780190852	0.08	2	0			0	0	0	0	0.11	0.783936729591875	3039	14178
SRP181886	15	0	1	4	0	2.67	0			0	0.21	0	0			0	0.21	0	3735	0.946184738955823	0.411244979919679	0.50542941757157	0.08	0	0	0.18	0.872143256063258	3039	14178
SRP181886	15	0	1	5	0	2.83	0			0	0.15	0	0			0	0.19	0	0			0	0.03	0	0	0.1	0.670012373895768	3039	14178
SRP181886	15	0	1	6	0	2.12	0			0	0.07	0	0			0	0.07	0	0			0	0.04	0	0	0.28	0.856166144535696	3039	14178
SRP181886	15	0	1	7	0	2.72	0			0	0.11	0	0			0	0.11	0	0			0	0.02	0	0	0.12	0.757176170077453	3039	14178
SRP181886	15	0	1	8	0	2.55	10	1	0.8	0.00263244488318526	0.21	0	5	1	0.8	0.00131622244159263	0.2	0	0			0	0	0	0	0.12	0.736500265044813	3039	14178
SRP181886	15	0	1	9	0	2.27	1	1	1	0.000329055610398157	0.06	0	1	1	1	0.000329055610398157	0.07	0	0			0	0.03	0	0	0.08	0.856361431946055	3039	14178
SRP181886	15	0	1	10	0	2.3	1542	0.950713359273671	0.376783398184176	0.191181309641329	0.13	0	1048	0.955152671755725	0.419847328244275	0.144784468575189	0.15	1	0			0	0.04	0	0	0.24	0.900330349241343	3039	14178
SRP181886	15	0.25	0	1	0.2	0.97	1480	0.913513513513514	0.364864864864865	0.177690029615005	0.11	0	1131	0.923961096374889	0.377541998231653	0.140506745640013	0.11	0	334	0.976047904191617	0.44311377245509	0.0487002303389273	0.08	0	0.198942498347654	0.55	0.931563272823279	3039	14178
SRP181886	15	0.25	0	2	0.2	0.4	234	1	0.551282051282051	0.0424481737413623	0.14	0	339	0.994100294985251	0.492625368731564	0.0549522869364923	0.14	0	0			0	0.12	0	0	0.64	0.978120734643397	3039	14178
SRP181886	15	0.25	0	3	0.2	0.08	2194	0.976298997265269	0.32771194165907	0.236590983876275	0.22	0	697	0.989956958393113	0.368723098995696	0.0845672918723264	0.21	0	0			0	0.18	0	0	0.91	0.991841055195271	3039	14178
SRP181886	15	0.25	0	4	0.2	0.21	0			0	0.13	0	0			0	0.1	0	0			0	0.09	0	0	0.68	0.982951045414325	3039	14178
SRP181886	15	0.25	0	5	0.2	0.49	4266	0.948429442100328	0.347866854195968	0.488318525830866	0.15	0	2784	0.970545977011494	0.40014367816092	0.366567949983547	0.15	1	4087	0.924639099584047	0.312943479324688	0.420862125699243	0.13	3	0.761864585530479	0.71	0.991914099309536	3039	14178
SRP181886	15	0.25	0	6	0.2	0.73	4274	0.974029012634534	0.401965372016846	0.565317538664034	0.2	0	3135	0.986921850079745	0.438277511961723	0.452122408687068	0.19	0	1310	0.990839694656488	0.412977099236641	0.178019085225403	0.09	2	0.241992882562278	0.43	0.865834527895138	3039	14178
SRP181886	15	0.25	0	7	0.2	0.61	8031	0.88071224006973	0.287012825301955	0.758473181967753	0.1	0	7014	0.891360136869119	0.304818933561449	0.70352089503126	0.09	2	5305	0.919509896324222	0.352120640904807	0.614675880223758	0.08	1	0.640546192643622	0.83	0.980190630237098	3039	14178
SRP181886	15	0.25	0	8	0.2	0.75	52	0.980769230769231	0.5	0.00855544587035209	0.03	0	0			0	0.04	0	1	1	1	0.000329055610398157	0.03	0	0.0192307692307692	0.66	0.977655681756864	3039	14178
SRP181886	15	0.25	0	9	0.2	0.64	309	0.996763754045307	0.644012944983819	0.0654820664692333	0.17	0	0			0	0.14	0	0			0	0.11	0	0	0.58	0.937669693888343	3039	14178
SRP181886	15	0.25	0	10	0.2	0.65	514	0.986381322957198	0.441634241245136	0.0746956235603817	0.11	0	0			0	0.09	0	0			0	0.05	0	0	0.61	0.952812210655594	3039	14178
SRP181886	15	0.25	0.5	1	0.2	0.23	0			0	0.09	0	0			0	0.07	0	0			0	0.08	0	0	0.83	0.963555578759663	3039	14178
SRP181886	15	0.25	0.5	2	0.2	0.58	8464	0.93702741020794	0.294187145557656	0.819348469891412	0.21	0	7604	0.94687006838506	0.311546554445029	0.779532741033235	0.2	1	8381	0.933420832836177	0.299725569741081	0.826587693320171	0.18	1	0.851912928759895	0.61	0.99099551382214	3039	14178
SRP181886	15	0.25	0.5	3	0.2	0.54	0			0	0.01	0	0			0	0.01	0	0			0	0	0	0	0.54	0.963490780958971	3039	14178
SRP181886	15	0.25	0.5	4	0.2	0.85	0			0	0.08	0	0			0	0.05	0	0			0	0	0	0	0.21	0.685217397691428	3039	14178
SRP181886	15	0.25	0.5	5	0.2	0.62	0			0	0.1	0	0			0	0.11	0	0			0	0.1	0	0	0.62	0.970414281577496	3039	14178
SRP181886	15	0.25	0.5	6	0.2	1.56	0			0	0.16	0	0			0	0.16	0	0			0	0.06	0	0	0.16	0.741716127351147	3039	14178
SRP181886	15	0.25	0.5	7	0.2	0.71	2488	0.989951768488746	0.563102893890675	0.461006910167818	0.13	0	932	0.994635193133047	0.674892703862661	0.206975978940441	0.13	0	2620	0.988549618320611	0.55	0.474169134583745	0.13	0	0.706648847310391	0.64	0.978125970715271	3039	14178
SRP181886	15	0.25	0.5	8	0.2	1.24	0			0	0.17	0	0			0	0.13	0	0			0	0.06	0	0	0.4	0.865993605817726	3039	14178
SRP181886	15	0.25	0.5	9	0.2	0.99	635	0.998425196850394	0.426771653543307	0.0891740704179006	0.14	0	0			0	0.14	0	0			0	0.14	0	0	0.53	0.977052317649544	3039	14178
SRP181886	15	0.25	0.5	10	0.2	0.96	3	1	0.666666666666667	0.000658111220796315	0.02	0	0			0	0.02	0	0			0	0	0	0	0.47	0.974601050100927	3039	14178
SRP181886	15	0.25	1	1	0.2	1.96	3023	0.913331128018525	0.327820046311611	0.326094109904574	0.16	0	1305	0.937931034482759	0.390804597701149	0.16781836130306	0.15	0	0			0	0.1	0	0	0.3	0.931887978190404	3039	14178
SRP181886	15	0.25	1	2	0.2	2.58	2394	0.990810359231412	0.410609857978279	0.323461665021389	0.16	0	1000	0.997	0.452	0.148733135899967	0.12	0	0			0	0.09	0	0	0.23	0.835993877325764	3039	14178
SRP181886	15	0.25	1	3	0.2	3.02	0			0	0.15	0	0			0	0.1	0	0			0	0.01	0	0	0.13	0.739406021478795	3039	14178
SRP181886	15	0.25	1	4	0.2	3.14	285	0.96140350877193	0.301754385964912	0.0282987824942415	0.1	0	0			0	0.09	0	0			0	0.05	0	0	0.04	0.69913974674934	3039	14178
SRP181886	15	0.25	1	5	0.2	2.12	0			0	0.15	0	0			0	0.14	0	0			0	0.05	0	0	0.28	0.822468375414291	3039	14178
SRP181886	15	0.25	1	6	0.2	1.97	2	1	1	0.000658111220796315	0.05	0	0			0	0.04	0	0			0	0.04	0	0	0.29	0.88129929347971	3039	14178
SRP181886	15	0.25	1	7	0.2	2.77	114	1	0.184210526315789	0.0069101678183613	0.2	0	55	0.981818181818182	0.127272727272727	0.0023033892727871	0.17	0	0			0	0.06	0	0	0.14	0.569853116490317	3039	14178
SRP181886	15	0.25	1	8	0.2	3.35	7345	0.855820285908781	0.255139550714772	0.616650213886147	0.13	0	6217	0.907511661573106	0.288402766607689	0.589996709443896	0.13	0	0			0	0.1	0	0	0.22	0.74490043992866	3039	14178
SRP181886	15	0.25	1	9	0.2	2.81	29	0.96551724137931	0.275862068965517	0.00263244488318526	0.15	0	0			0	0.15	0	0			0	0.07	0	0	0.18	0.830469307088712	3039	14178
SRP181886	15	0.25	1	10	0.2	2.59	355	1	0.571830985915493	0.0667982889108259	0.23	0	0			0	0.22	0	0			0	0.04	0	0	0.13	0.699533626892773	3039	14178
SRP181886	15	0.5	0	1	0.47	0.27	6144	0.975748697916667	0.35888671875	0.725567620927937	0.24	0	5700	0.972982456140351	0.377368421052632	0.707798617966436	0.23	1	4739	0.976999366955054	0.399873391010762	0.623560381704508	0.2	0	0.672763602828159	0.55	0.964212921067452	3039	14178
SRP181886	15	0.5	0	2	0.47	0.36	166	0.975903614457831	0.506024096385542	0.0276406712734452	0.13	0	0			0	0.07	0	0			0	0.06	0	0	0.46	0.891246038517987	3039	14178
SRP181886	15	0.5	0	3	0.47	0.03	0			0	0.21	0	0			0	0.06	0	0			0	0.05	0	0	0.35	0.805797437964642	3039	14178
SRP181886	15	0.5	0	4	0.47	0.56	0			0	0.23	0	0			0	0.16	0	0			0	0.12	0	0	0.55	0.949331021425209	3039	14178
SRP181886	15	0.5	0	5	0.47	0.48	2136	0.987359550561798	0.556647940074906	0.391247120763409	0.24	2	3206	0.932314410480349	0.392389270118528	0.413951957880882	0.11	1	0			0	0.09	0	0	0.32	0.926468342823409	3039	14178
SRP181886	15	0.5	0	6	0.47	0.29	137	1	0.583941605839416	0.0263244488318526	0.08	0	6	1	0.5	0.000987166831194472	0.05	0	6	1	0.5	0.000987166831194472	0.06	0	0.0437956204379562	0.64	0.944216587348282	3039	14178
SRP181886	15	0.5	0	7	0.47	0.24	338	0.994082840236686	0.408284023668639	0.0454096742349457	0.19	0	0			0	0.13	0	0			0	0.13	0	0	0.59	0.951074976419051	3039	14178
SRP181886	15	0.5	0	8	0.47	0.09	4193	0.940853803958979	0.365609348914858	0.504442250740375	0.09	1	0			0	0.1	0	0			0	0.09	0	0	0.56	0.941099660541578	3039	14178
SRP181886	15	0.5	0	9	0.47	0.18	1316	0.99468085106383	0.623100303951368	0.269825600526489	0.19	1	0			0	0.11	0	0			0	0.08	0	0	0.47	0.862589433570211	3039	14178
SRP181886	15	0.5	0	10	0.47	0.48	0			0	0.05	0	0			0	0.05	0	0			0	0.01	0	0	0.45	0.852945742636398	3039	14178
SRP181886	15	0.5	0.5	1	0.47	0.74	1831	0.962315674494812	0.315674494811578	0.190194142810135	0.14	1	0			0	0.11	0	0			0	0.14	0	0	0.45	0.902179678159466	3039	14178
SRP181886	15	0.5	0.5	2	0.47	0.56	1	1	0	0	0.07	0	0			0	0.04	0	0			0	0.04	0	0	0.44	0.865233609917718	3039	14178
SRP181886	15	0.5	0.5	3	0.47	0.86	166	1	0.524096385542169	0.0286278381046397	0.2	0	0			0	0.16	0	0			0	0.11	0	0	0.46	0.958486734932986	3039	14178
SRP181886	15	0.5	0.5	4	0.47	1.15	0			0	0.07	0	0			0	0.05	0	0			0	0.03	0	0	0.37	0.911566370318168	3039	14178
SRP181886	15	0.5	0.5	5	0.47	0.57	0			0	0.1	0	0			0	0.04	0	0			0	0.04	0	0	0.44	0.908128172586484	3039	14178
SRP181886	15	0.5	0.5	6	0.47	1.18	3012	0.98871181938911	0.421314741035857	0.417571569595262	0.28	0	337	0.991097922848665	0.367952522255193	0.0408028956893715	0.17	1	0			0	0.13	0	0	0.47	0.932196919322913	3039	14178
SRP181886	15	0.5	0.5	7	0.47	1.51	2250	0.985333333333333	0.464	0.343534057255676	0.16	0	0			0	0.13	0	0			0	0.04	0	0	0.32	0.87399800787105	3039	14178
SRP181886	15	0.5	0.5	8	0.47	0.86	3724	0.762083780880773	0.182599355531686	0.223757815070747	0.02	3	277	0.898916967509025	0.324909747292419	0.0296150049358342	0.02	0	379	0.941952506596306	0.424802110817942	0.0529779532741033	0.05	0	0.0923855165069222	0.39	0.897806179449628	3039	14178
SRP181886	15	0.5	0.5	9	0.47	1	0			0	0.04	0	0			0	0.03	0	2	1	1	0.000658111220796315	0.02	0	0	0.3	0.918929914866358	3039	14178
SRP181886	15	0.5	0.5	10	0.47	0.66	1236	0.994336569579288	0.521035598705502	0.211911813096413	0.21	0	0			0	0.23	0	0			0	0.19	0	0	0.65	0.972267141508849	3039	14178
SRP181886	15	0.5	1	1	0.47	2.02	0			0	0.14	0	0			0	0.07	0	0			0	0.02	0	0	0.19	0.691995402143342	3039	14178
SRP181886	15	0.5	1	2	0.47	2.55	4188	0.9603629417383	0.367239732569245	0.506087528792366	0.16	0	2	1	1	0.000658111220796315	0.15	0	0			0	0.03	0	0	0.26	0.899012513252291	3039	14178
SRP181886	15	0.5	1	3	0.47	2.4	0			0	0.08	0	1	1	0	0	0.04	0	0			0	0.01	0	0	0.16	0.807858396194948	3039	14178
SRP181886	15	0.5	1	4	0.47	3.08	1	1	1	0.000329055610398157	0.13	0	0			0	0.1	0	0			0	0.02	0	0	0.08	0.695968657093295	3039	14178
SRP181886	15	0.5	1	5	0.47	2.83	810	0.991358024691358	0.555555555555556	0.148075024679171	0.17	0	0			0	0.19	0	0			0	0.02	0	0	0.13	0.675214049025728	3039	14178
SRP181886	15	0.5	1	6	0.47	2.55	524	0.919847328244275	0.24236641221374	0.041790062520566	0.13	0	0			0	0.08	0	0			0	0	0	0	0.19	0.661337062761972	3039	14178
SRP181886	15	0.5	1	7	0.47	2.85	6718	0.786097052694254	0.249330157785055	0.551168147416913	0.08	2	4804	0.885928393005828	0.337427144046628	0.533399144455413	0.1	0	0			0	0.05	0	0	0.27	0.916964843741754	3039	14178
SRP181886	15	0.5	1	8	0.47	2.77	86	1	0.744186046511628	0.0210595590654821	0.18	0	1	1	1	0.000329055610398157	0.15	0	0			0	0.05	0	0	0.28	0.750436331766381	3039	14178
SRP181886	15	0.5	1	9	0.47	2.12	8357	0.879023573052531	0.275098719636233	0.756498848305364	0.1	2	4412	0.938123300090662	0.365593834995467	0.530766699572228	0.08	1	0			0	0.03	0	0	0.37	0.885319875198346	3039	14178
SRP181886	15	0.5	1	10	0.47	2.98	0			0	0.06	0	0			0	0.04	0	0			0	0	0	0	0.11	0.786536725354116	3039	14178
SRP181886	15	0.75	0	1	0.73	0.32	4873	0.952801149189411	0.38703057664683	0.620598881210925	0.14	10	0			0	0.05	0	0			0	0.04	0	0	0.39	0.843201042728197	3039	14178
SRP181886	15	0.75	0	2	0.73	0.34	3740	0.977540106951872	0.425935828877005	0.524185587364265	0.18	10	1556	0.966580976863753	0.532776349614396	0.272787101020072	0.1	0	0			0	0.07	0	0	0.31	0.780476493327736	3039	14178
SRP181886	15	0.75	0	3	0.73	0.11	8170	0.886168910648715	0.286903304773562	0.771306350773281	0.3	10	0			0	0.11	0	0			0	0.11	0	0	0.3	0.836829760899902	3039	14178
SRP181886	15	0.75	0	4	0.73	0.76	5240	0.911068702290076	0.326908396946565	0.563672260612044	0.18	10	0			0	0.05	0	0			0	0.05	0	0	0.2	0.855452060397565	3039	14178
SRP181886	15	0.75	0	5	0.73	0.54	1804	0.965077605321508	0.46729490022173	0.277393879565647	0.05	7	6	1	0.5	0.000987166831194472	0.07	0	6	1	0.5	0.000987166831194472	0.03	0	0.00332594235033259	0.47	0.881608767599079	3039	14178
SRP181886	15	0.75	0	6	0.73	0.62	182	0.912087912087912	0.565934065934066	0.0338927278710102	0.1	10	0			0	0.06	0	0			0	0.06	0	0	0.23	0.744896060508148	3039	14178
SRP181886	15	0.75	0	7	0.73	0.69	4544	0.96919014084507	0.379841549295775	0.567949983547219	0.18	10	1417	0.968948482709951	0.443189837685251	0.206646923330043	0.05	0	7	1	0.142857142857143	0.000329055610398157	0.02	0	0.00132013201320132	0.18	0.846326564951661	3039	14178
SRP181886	15	0.75	0	8	0.73	0.02	5852	0.964456596035543	0.346719070403281	0.667653833497861	0.26	10	0			0	0.08	0	0			0	0.07	0	0	0.4	0.935826534036797	3039	14178
SRP181886	15	0.75	0	9	0.73	0.31	23	0.695652173913044	0.478260869565217	0.00361961171437973	0.09	1	0			0	0.01	0	0			0	0.01	0	0	0.12	0.484258552064323	3039	14178
SRP181886	15	0.75	0	10	0.73	0.15	33	0.909090909090909	0.515151515151515	0.00559394537676867	0.21	0	3	1	0.666666666666667	0.000658111220796315	0.08	0	3	1	0.666666666666667	0.000658111220796315	0.06	0	0	0.22	0.815455248970813	3039	14178
SRP181886	15	0.75	0.5	1	0.73	1.04	170	0.929411764705882	0.5	0.0279697268838434	0.16	4	0			0	0.05	0	0			0	0.06	0	0	0.3	0.897940647500077	3039	14178
SRP181886	15	0.75	0.5	2	0.73	1.04	0			0	0.1	0	0			0	0.05	0	0			0	0.01	0	0	0.13	0.742246494797633	3039	14178
SRP181886	15	0.75	0.5	3	0.73	1.73	8099	0.91961970613656	0.300901345845166	0.801908522540309	0.24	10	5836	0.945853324194654	0.327450308430432	0.628825271470879	0.16	0	6312	0.93520278833967	0.317015209125475	0.658440276406713	0.12	0	0.636497842380195	0.42	0.954390207887274	3039	14178
SRP181886	15	0.75	0.5	4	0.73	1.43	33	0.787878787878788	0.484848484848485	0.00526488976637052	0.05	1	81	0.938271604938272	0.555555555555556	0.0148075024679171	0.04	0	71	0.929577464788732	0.591549295774648	0.0138203356367226	0.03	0	0.0947368421052632	0.21	0.743127633989555	3039	14178
SRP181886	15	0.75	0.5	5	0.73	1.03	4	0.5	0	0	0.12	1	0			0	0.01	0	0			0	0.01	0	0	0.17	0.871414706588327	3039	14178
SRP181886	15	0.75	0.5	6	0.73	1.35	7453	0.928619347913592	0.287803569032604	0.705824284304048	0.17	10	1	1	1	0.000329055610398157	0.12	0	0			0	0.09	0	0	0.28	0.862045344641306	3039	14178
SRP181886	15	0.75	0.5	7	0.73	0.73	1151	0.973066898349261	0.561251086012163	0.21256992431721	0.16	10	0			0	0.01	0	0			0	0	0	0	0.07	0.508457940462561	3039	14178
SRP181886	15	0.75	0.5	8	0.73	1.32	814	0.98034398034398	0.502457002457002	0.134583744652846	0.15	6	2	1	1	0.000658111220796315	0.09	0	0			0	0.02	0	0	0.23	0.832509557382078	3039	14178
SRP181886	15	0.75	0.5	9	0.73	1.39	3	1	0.666666666666667	0.000658111220796315	0.16	0	0			0	0.16	0	0			0	0.11	0	0	0.12	0.847261119745884	3039	14178
SRP181886	15	0.75	0.5	10	0.73	1.5	0			0	0.04	0	0			0	0.02	0	0			0	0.04	0	0	0.18	0.885502596712338	3039	14178
SRP181886	15	0.75	1	1	0.73	2.44	24	0.666666666666667	0.291666666666667	0.0023033892727871	0.13	3	0			0	0.02	0	0			0	0.01	0	0	0.11	0.72497773530457	3039	14178
SRP181886	15	0.75	1	2	0.73	2.47	1034	0.977756286266925	0.410058027079304	0.139519578808819	0.14	10	0			0	0.03	0	0			0	0.01	0	0	0.08	0.749628716031792	3039	14178
SRP181886	15	0.75	1	3	0.73	2.69	2919	0.908872901678657	0.380609797875985	0.365580783152353	0.14	10	0			0	0.1	0	0			0	0	0	0	0.1	0.56438759855924	3039	14178
SRP181886	15	0.75	1	4	0.73	2.65	2110	0.972511848341232	0.441706161137441	0.306679828891083	0.14	10	0			0	0.06	0	0			0	0.03	0	0	0.23	0.761574795477475	3039	14178
SRP181886	15	0.75	1	5	0.73	2.8	21	0.80952380952381	0.619047619047619	0.00427772293517605	0.1	0	1	1	1	0.000329055610398157	0.12	0	0			0	0.03	0	0	0.14	0.591571487437571	3039	14178
SRP181886	15	0.75	1	6	0.73	2.46	330	0.939393939393939	0.406060606060606	0.0440934517933531	0.19	8	48	0.958333333333333	0.520833333333333	0.00822639025995393	0.05	0	0			0	0.03	0	0	0.14	0.830089904566501	3039	14178
SRP181886	15	0.75	1	7	0.73	3.42	4896	0.932393790849673	0.358455882352941	0.577492596248766	0.19	10	0			0	0.04	0	0			0	0	0	0	0.01	0.561852118775259	3039	14178
SRP181886	15	0.75	1	8	0.73	2.09	3	0.333333333333333	0	0	0.07	1	0			0	0	0	0			0	0	0	0	0.11	0.632727383995867	3039	14178
SRP181886	15	0.75	1	9	0.73	2.7	87	0.873563218390805	0.551724137931035	0.0157946692991115	0.06	5	0			0	0.03	0	0			0	0	0	0	0.07	0.622498956139529	3039	14178
SRP181886	15	0.75	1	10	0.73	2.87	11	0.454545454545455	0	0	0.07	2	0			0	0	0	0			0	0	0	0	0.02	0.235211133577649	3039	14178
SRP181886	15	1	0	1	1	0.57	7024	0.769077448747153	0.255979498861048	0.591641987495887	0.05	10																3039	14178
SRP181886	15	1	0	2	1	0.13	155	0.87741935483871	0.52258064516129	0.0266535044422507	0.15	10																3039	14178
SRP181886	15	1	0	3	1	0.01	36	0.472222222222222	0.138888888888889	0.00164527805199079	0.11	10																3039	14178
SRP181886	15	1	0	4	1	0.04	46	0.586956521739131	0.239130434782609	0.00361961171437973	0.05	10																3039	14178
SRP181886	15	1	0	5	1	0.56	4564	0.972611744084137	0.418711656441718	0.628825271470879	0.15	10																3039	14178
SRP181886	15	1	0	6	1	0.17	4036	0.950198216055501	0.394697720515362	0.524185587364265	0.17	10																3039	14178
SRP181886	15	1	0	7	1	0.56	5346	0.95099139543584	0.374298540965208	0.658440276406713	0.15	10																3039	14178
SRP181886	15	1	0	8	1	0.46	6470	0.95564142194745	0.333693972179289	0.710431062849622	0.24	10																3039	14178
SRP181886	15	1	0	9	1	0.06	35	0.457142857142857	0.142857142857143	0.00164527805199079	0.13	10																3039	14178
SRP181886	15	1	0	10	1	0.02	7715	0.925858716785483	0.296176279974076	0.751892069759789	0.03	10																3039	14178
SRP181886	15	1	0.5	1	1	1.28	2716	0.976067746686303	0.512886597938144	0.458374465284633	0.07	10																3039	14178
SRP181886	15	1	0.5	2	1	1.3	3080	0.964285714285714	0.405194805194805	0.4106614017769	0.09	10																3039	14178
SRP181886	15	1	0.5	3	1	1.54	39	0.487179487179487	0.128205128205128	0.00164527805199079	0.05	10																3039	14178
SRP181886	15	1	0.5	4	1	1.13	7712	0.881224066390042	0.268801867219917	0.68213228035538	0.06	10																3039	14178
SRP181886	15	1	0.5	5	1	1.69	1286	0.961119751166408	0.45800933125972	0.193813754524515	0.05	10																3039	14178
SRP181886	15	1	0.5	6	1	1.31	44	0.522727272727273	0.204545454545455	0.00296150049358342	0.1	10																3039	14178
SRP181886	15	1	0.5	7	1	1.04	66	0.712121212121212	0.378787878787879	0.00822639025995393	0.09	10																3039	14178
SRP181886	15	1	0.5	8	1	1.11	6905	0.95524981897176	0.309630702389573	0.70352089503126	0.11	10																3039	14178
SRP181886	15	1	0.5	9	1	1.41	63	0.698412698412698	0.301587301587302	0.00625205659756499	0.11	10																3039	14178
SRP181886	15	1	0.5	10	1	1.38	3252	0.968327183271833	0.476937269372694	0.510365251727542	0.01	10																3039	14178
SRP181886	15	1	1	1	1	2.85	790	0.968354430379747	0.429113924050633	0.111549851924975	0.25	10																3039	14178
SRP181886	15	1	1	2	1	2.94	3341	0.940436994911703	0.311284046692607	0.342217834814084	0.12	10																3039	14178
SRP181886	15	1	1	3	1	2.73	45	0.6	0.222222222222222	0.00329055610398157	0.03	10																3039	14178
SRP181886	15	1	1	4	1	2.89	49	0.591836734693878	0.26530612244898	0.00427772293517605	0.05	10																3039	14178
SRP181886	15	1	1	5	1	2.62	4085	0.964504283965728	0.40734394124847	0.547548535702534	0.2	10																3039	14178
SRP181886	15	1	1	6	1	3.08	2554	0.983946750195771	0.523101018010963	0.439618295491938	0.14	10																3039	14178
SRP181886	15	1	1	7	1	2.86	3798	0.975513428120063	0.399947340705635	0.499835472194801	0.2	10																3039	14178
SRP181886	15	1	1	8	1	2.79	65	0.707692307692308	0.292307692307692	0.00625205659756499	0.17	10																3039	14178
SRP181886	15	1	1	9	1	2.42	6154	0.915177120571986	0.323529411764706	0.655149720302731	0.14	10																3039	14178
SRP181886	15	1	1	10	1	2.75	1530	0.981045751633987	0.435947712418301	0.219480092135571	0.12	10																3039	14178
SRP181886	30	0	0	1	0	0.5	5419	0.974164975087655	0.383281048163868	0.683448502796973	0.25	0	5403	0.973348139922265	0.384601147510642	0.683777558407371	0.25	0	2960	0.986824324324324	0.45472972972973	0.44290885159592	0.28	0	0.543378154356235	0.88	0.989964159706103	3039	14178
SRP181886	30	0	0	2	0	0.49	4	1	0.25	0.000329055610398157	0.18	0	4	1	0.25	0.000329055610398157	0.18	0	0			0	0.14	0	0	0.75	0.979960245402042	3039	14178
SRP181886	30	0	0	3	0	0.73	264	0.996212121212121	0.545454545454545	0.0473840078973347	0.25	0	450	0.997777777777778	0.548888888888889	0.0812767357683449	0.25	0	33	1	0.787878787878788	0.00855544587035209	0.23	0	0.125	0.67	0.970935126908315	3039	14178
SRP181886	30	0	0	4	0	0.24	8040	0.84863184079602	0.24726368159204	0.654162553471537	0.16	0	8067	0.846039419858684	0.247055906780712	0.655807831523528	0.16	3	7825	0.818913738019169	0.237188498402556	0.61072721289898	0.16	2	0.900682880076674	0.95	0.995720985273699	3039	14178
SRP181886	30	0	0	5	0	0.28	1625	0.991384615384615	0.395076923076923	0.211253701875617	0.33	0	1530	0.990849673202614	0.397385620915033	0.20006581112208	0.33	0	1413	0.991507430997877	0.416843595187544	0.193813754524515	0.33	0	0.816985645933014	0.9	0.996108257156554	3039	14178
SRP181886	30	0	0	6	0	0.61	5343	0.985588620625117	0.397903799363653	0.699572227706482	0.22	0	5556	0.985061195104392	0.393088552915767	0.718657453109576	0.25	0	4903	0.986742810524169	0.403630430348766	0.651201052977953	0.2	0	0.742517006802721	0.72	0.969070721934805	3039	14178
SRP181886	30	0	0	7	0	0.83	7020	0.976638176638177	0.336182336182336	0.776571240539651	0.4	0	7044	0.975865985235662	0.335746734809767	0.778216518591642	0.4	0	2768	0.995303468208092	0.473265895953757	0.431062849621586	0.36	0	0.388368794326241	0.7	0.95201820272162	3039	14178
SRP181886	30	0	0	8	0	0.64	6081	0.961848380200625	0.357342542345009	0.715037841395196	0.29	0	6400	0.955	0.3446875	0.725896676538335	0.26	2	3914	0.973939703628002	0.42156361778232	0.54294175715696	0.23	0	0.624410856492768	0.74	0.984539523364738	3039	14178
SRP181886	30	0	0	9	0	0.67	5284	0.882475397426192	0.280847842543528	0.488318525830866	0.25	0	5203	0.885835095137421	0.282144916394388	0.483053636064495	0.24	1	1602	0.966292134831461	0.375156054931336	0.197762421849293	0.21	0	0.301701323251418	0.77	0.978817914852511	3039	14178
SRP181886	30	0	0	10	0	0.37	6069	0.970670621189652	0.321799307958478	0.642645607107601	0.39	0	6146	0.969573706475757	0.323462414578588	0.654162553471537	0.44	0	5370	0.982309124767225	0.342830540037244	0.605791378743008	0.38	0	0.815714285714286	0.84	0.993863112017467	3039	14178
SRP181886	30	0	0.5	1	0	1.01	5089	0.953035959913539	0.346629986244842	0.58045409674235	0.24	0	5060	0.953754940711462	0.347628458498024	0.578808818690359	0.25	2	4112	0.968385214007782	0.391536964980545	0.529779532741033	0.21	1	0.708000742528309	0.62	0.984007953492255	3039	14178
SRP181886	30	0	0.5	2	0	0.88	2652	0.991704374057315	0.416666666666667	0.363606449489964	0.33	0	2527	0.991689750692521	0.422239810051444	0.351102336294834	0.31	0	758	0.996042216358839	0.468337730870712	0.116814741691346	0.23	0	0.277632071937055	0.67	0.974009614782322	3039	14178
SRP181886	30	0	0.5	3	0	0.8	2549	0.980776775205963	0.389564535111809	0.32675222112537	0.31	0	2495	0.981162324649299	0.388376753507014	0.318854886475814	0.3	0	2878	0.936414176511466	0.338082001389854	0.320171108917407	0.14	0	0.664213431462741	0.49	0.979772378395359	3039	14178
SRP181886	30	0	0.5	4	0	0.66	3666	0.979541734860884	0.378614293507911	0.456729187232642	0.3	0	3583	0.979346915992185	0.380686575495395	0.448831852583087	0.31	0	4170	0.981294964028777	0.39400479616307	0.540638367884172	0.3	0	0.753020134228188	0.69	0.984912516053396	3039	14178
SRP181886	30	0	0.5	5	0	0.76	4901	0.984901040603958	0.352785145888594	0.568937150378414	0.33	0	5089	0.984672823737473	0.346826488504618	0.580783152352748	0.34	0	4353	0.986905582356995	0.373535492763611	0.535044422507404	0.32	0	0.752319636432494	0.67	0.985368830311619	3039	14178
SRP181886	30	0	0.5	6	0	0.77	3550	0.993521126760563	0.434084507042254	0.50707469562356	0.44	0	3724	0.99328678839957	0.425080558539205	0.520895031260283	0.39	1	2104	0.99287072243346	0.471007604562738	0.326094109904574	0.29	0	0.544808743169399	0.54	0.979925097371115	3039	14178
SRP181886	30	0	0.5	7	0	0.8	1	1	1	0.000329055610398157	0.19	0	2	1	1	0.000658111220796315	0.17	0	1	1	1	0.000329055610398157	0.09	0	1	0.55	0.970826299004668	3039	14178
SRP181886	30	0	0.5	8	0	0.62	5034	0.979340484704013	0.363925307906238	0.602829878249424	0.32	0	5101	0.97921976083121	0.3652225053911	0.613030602171767	0.31	0	7515	0.957817697937458	0.311244178310047	0.76966107272129	0.34	0	0.660359883567081	0.65	0.991847503606926	3039	14178
SRP181886	30	0	0.5	9	0	0.46	10530	0.898860398860399	0.25650522317189	0.888779203685423	0.28	0	10558	0.898276188672097	0.255446107217276	0.88746298124383	0.28	2	10717	0.886815340113838	0.249136885322385	0.87857847976308	0.26	2	0.902830019702669	0.79	0.99617770717776	3039	14178
SRP181886	30	0	0.5	10	0	0.92	2685	0.993668528864059	0.43389199255121	0.383349786113853	0.39	0	2659	0.993982700263257	0.433621662279052	0.379401118789075	0.39	0	4097	0.957773980961679	0.38027825237979	0.512668641000329	0.3	0	0.530580004513654	0.58	0.960107003563685	3039	14178
SRP181886	30	0.25	0	1	0.27	0.2	7051	0.970358814352574	0.333144234860304	0.772951628825271	0.34	0	5890	0.980475382003396	0.361120543293718	0.699901283316881	0.33	0	5604	0.979122055674518	0.366880799428979	0.676538334978611	0.31	0	0.764500836586726	0.87	0.988857942079235	3039	14178
SRP181886	30	0.25	0	2	0.27	0.55	4072	0.951375245579568	0.336935166994106	0.451464297466272	0.25	0	2001	0.984007996001999	0.36431784107946	0.239881539980257	0.25	0	137	1	0.467153284671533	0.0210595590654821	0.23	0	0.0336444007858546	0.81	0.97799797715304	3039	14178
SRP181886	30	0.25	0	3	0.27	0.41	6064	0.990105540897098	0.369228232189974	0.736755511681474	0.37	0	4305	0.995586527293844	0.427642276422764	0.605791378743008	0.33	0	3421	0.995323004969307	0.433791289096755	0.488318525830866	0.28	1	0.547308319738989	0.71	0.973559292665616	3039	14178
SRP181886	30	0.25	0	4	0.27	0.12	7648	0.953451882845188	0.312238493723849	0.7857847976308	0.33	1	5197	0.959014816240139	0.363094092745815	0.620927936821323	0.28	0	4987	0.959494686184079	0.36855825145378	0.604804211911813	0.27	0	0.641548655320255	0.83	0.982320435273796	3039	14178
SRP181886	30	0.25	0	5	0.27	0.46	2021	0.997031172686789	0.404255319148936	0.268838433695295	0.42	0	382	1	0.390052356020942	0.0490292859493254	0.44	0	133	1	0.293233082706767	0.0128331688055281	0.4	0	0.0658090054428501	0.71	0.972597491342442	3039	14178
SRP181886	30	0.25	0	6	0.27	0.41	9374	0.968743332622146	0.287283976957542	0.886146758802238	0.4	0	8647	0.972244709147681	0.303226552561582	0.862783810463968	0.35	0	7020	0.984615384615385	0.341880341880342	0.789733464955578	0.34	0	0.725139429653794	0.71	0.98681208183286	3039	14178
SRP181886	30	0.25	0	7	0.27	0.6	12426	0.885723483019475	0.233784001287623	0.955906548206647	0.44	8	10837	0.924702408415613	0.258189535849405	0.920697597894044	0.4	0	8195	0.971079926784625	0.308724832214765	0.832510694307338	0.44	0	0.645861601085482	0.8	0.981719215235642	3039	14178
SRP181886	30	0.25	0	8	0.27	0.76	4005	0.983770287141074	0.400998751560549	0.528463310299441	0.27	0	2671	0.987645076750281	0.424185698240359	0.372820006581112	0.28	0	474	1	0.487341772151899	0.0760118460019743	0.35	0	0.117236218508356	0.47	0.959004835477295	3039	14178
SRP181886	30	0.25	0	9	0.27	0.69	8078	0.912849715276058	0.284847734587769	0.75715695952616	0.25	0	4981	0.959245131499699	0.349528207187312	0.572885817703192	0.19	0	1191	0.98656591099916	0.413098236775819	0.161895360315893	0.19	0	0.147295457358584	0.73	0.957570089403501	3039	14178
SRP181886	30	0.25	0	10	0.27	0.24	7087	0.960773246789897	0.300691406801185	0.701217505758473	0.28	0	6188	0.95846800258565	0.297511312217195	0.605791378743008	0.27	2	6371	0.958876157589076	0.295557997174698	0.61961171437973	0.29	2	0.837520480611688	0.86	0.992268886638885	3039	14178
SRP181886	30	0.25	0.5	1	0.27	1.16	0			0	0.19	0	0			0	0.14	0	0			0	0.12	0	0	0.44	0.924805092603764	3039	14178
SRP181886	30	0.25	0.5	2	0.27	0.97	393	0.997455470737913	0.50381679389313	0.0651530108588351	0.27	0	32	1	0.625	0.00658111220796315	0.24	0	3	1	1	0.000987166831194472	0.18	0	0.00763358778625954	0.52	0.952219389680948	3039	14178
SRP181886	30	0.25	0.5	3	0.27	1	6812	0.972254844392249	0.331033470346447	0.742020401447845	0.28	0	4890	0.978323108384458	0.351738241308793	0.565975649884831	0.26	0	5896	0.967774762550882	0.350576662143826	0.680157946692991	0.19	0	0.71105426147839	0.37	0.973302190455787	3039	14178
SRP181886	30	0.25	0.5	4	0.27	0.68	3909	0.991557943207982	0.39933486825275	0.513655807831524	0.42	0	1388	0.994956772334294	0.398414985590778	0.181967752550181	0.4	0	564	0.99290780141844	0.414893617021277	0.0769990128331688	0.35	0	0.14340490797546	0.73	0.971542940528391	3039	14178
SRP181886	30	0.25	0.5	5	0.27	0.68	5600	0.966607142857143	0.361785714285714	0.666666666666667	0.33	0	3519	0.970730321113953	0.396703608979824	0.459361632115828	0.34	0	3665	0.952796725784447	0.364802182810368	0.439947351102336	0.19	0	0.588376478655923	0.64	0.973451936695686	3039	14178
SRP181886	30	0.25	0.5	6	0.27	1.15	783	0.996168582375479	0.358876117496807	0.0924646265218822	0.35	0	122	1	0.336065573770492	0.0134912800263245	0.32	0	1	1	0	0	0.19	0	0.00127713920817369	0.54	0.936130509500176	3039	14178
SRP181886	30	0.25	0.5	7	0.27	0.69	5255	0.984586108468126	0.376784015223597	0.651530108588352	0.42	0	2177	0.991731740927882	0.468075333027102	0.335307666995722	0.34	0	1001	0.994005994005994	0.488511488511489	0.160908193484699	0.26	0	0.190032337835267	0.67	0.958942598945608	3039	14178
SRP181886	30	0.25	0.5	8	0.27	0.85	4793	0.98038806592948	0.372835384936366	0.588022375781507	0.23	0	2050	0.992682926829268	0.446341463414634	0.301085883514314	0.2	0	275	0.996363636363636	0.578181818181818	0.052319842053307	0.17	0	0.0571547768043388	0.53	0.948561215404323	3039	14178
SRP181886	30	0.25	0.5	9	0.27	0.91	5643	0.879851143009038	0.24153818890661	0.448502796972688	0.18	1	4242	0.933757661480434	0.256247053276756	0.357683448502797	0.21	0	3523	0.987794493329549	0.336928753902924	0.390589009542613	0.28	0	0.538177546568216	0.56	0.948692942726043	3039	14178
SRP181886	30	0.25	0.5	10	0.27	0.7	6020	0.958471760797342	0.32906976744186	0.65185916419875	0.42	0	3890	0.975578406169666	0.357840616966581	0.458045409674235	0.37	0	1535	0.98957654723127	0.382410423452769	0.193155643303718	0.33	0	0.253525800564128	0.69	0.979440176319463	3039	14178
SRP181886	30	0.5	0	1	0.47	0.51	10173	0.945837019561585	0.269143812051509	0.900954261270155	0.35	10	8308	0.968945594607607	0.304044294655754	0.831194471865745	0.4	0	7215	0.97976437976438	0.327512127512128	0.777558407370846	0.35	0	0.684720472822401	0.64	0.978847734027157	3039	14178
SRP181886	30	0.5	0	2	0.47	0.45	10951	0.936535476212218	0.255227833074605	0.91971043106285	0.41	10	7656	0.9771421107628	0.318312434691745	0.801908522540309	0.39	0	5801	0.984830201689364	0.344768143423548	0.658111220796315	0.4	0	0.509189189189189	0.68	0.95031672760018	3039	14178
SRP181886	30	0.5	0	3	0.47	0.45	9685	0.957459989674755	0.278988125967992	0.889108259295821	0.43	10	5887	0.960421267198913	0.330728724307797	0.640671273445212	0.34	1	6303	0.961129620815485	0.333809297160083	0.692333004277723	0.33	1	0.605220883534137	0.64	0.951758933117114	3039	14178
SRP181886	30	0.5	0	4	0.47	0.25	10689	0.927308447937132	0.260828889512583	0.917407041790062	0.31	10	8478	0.950931823543289	0.301486199575372	0.84106614017769	0.33	0	7765	0.959562137797811	0.316162266580811	0.807831523527476	0.32	0	0.712668213457077	0.69	0.986778200217382	3039	14178
SRP181886	30	0.5	0	5	0.47	0.43	7485	0.936138944555778	0.323313293253173	0.796314577163541	0.26	9	1283	0.99298519095869	0.547155105222136	0.230997038499506	0.18	0	1	1	1	0.000329055610398157	0.18	0	0.000133600534402138	0.6	0.964071598475532	3039	14178
SRP181886	30	0.5	0	6	0.47	0.29	6135	0.972942135289324	0.345395273023635	0.697268838433695	0.4	10	3026	0.971910112359551	0.374091209517515	0.372490950970714	0.31	1	710	0.992957746478873	0.412676056338028	0.0964132938466601	0.25	0	0.11500244339469	0.61	0.962982785375888	3039	14178
SRP181886	30	0.5	0	7	0.47	0.33	10754	0.922912404686628	0.262042030872234	0.927278710102007	0.3	10	5317	0.97423359037051	0.384239232649991	0.672260612043435	0.29	0	4010	0.983790523690773	0.433915211970075	0.572556762092794	0.28	0	0.371354263421884	0.66	0.965588247168104	3039	14178
SRP181886	30	0.5	0	8	0.47	0.63	4907	0.985530874261259	0.422661503973915	0.682461335965778	0.39	10	1845	0.995121951219512	0.564227642276423	0.342546890424482	0.26	0	719	0.995827538247566	0.56884561891516	0.134583744652846	0.17	0	0.137025060630558	0.45	0.839646040168645	3039	14178
SRP181886	30	0.5	0	9	0.47	0.48	5537	0.977966407802059	0.350550839804949	0.638696939782823	0.36	10	1748	0.993135011441648	0.426773455377574	0.245475485357025	0.34	0	359	1	0.459610027855153	0.054294175715696	0.3	0	0.0648365540906628	0.57	0.944000122123212	3039	14178
SRP181886	30	0.5	0	10	0.47	0.31	6319	0.979268871656908	0.344674790314923	0.716683119447187	0.46	10	1823	0.996708721887	0.452550740537575	0.27147087857848	0.45	0	1359	0.996320824135394	0.469462840323767	0.209937479434024	0.4	0	0.213913043478261	0.61	0.962352858178474	3039	14178
SRP181886	30	0.5	0.5	1	0.47	0.85	2113	0.986275437766209	0.401798390913393	0.279368213228036	0.34	9	1226	0.999184339314845	0.418433931484502	0.168805528134255	0.32	0	238	1	0.449579831932773	0.0352089503126028	0.22	0	0.110533774208786	0.5	0.93845971278732	3039	14178
SRP181886	30	0.5	0.5	2	0.47	0.85	4571	0.980748195143295	0.393130605994312	0.591312931885489	0.37	8	3050	0.964918032786885	0.366229508196721	0.367555116814742	0.27	1	3253	0.982477712880418	0.392868121733784	0.420533070088845	0.3	1	0.60327868852459	0.57	0.968777414303045	3039	14178
SRP181886	30	0.5	0.5	3	0.47	0.76	4879	0.98462799754048	0.384914941586391	0.617966436327739	0.47	9	17	1	0.470588235294118	0.00263244488318526	0.33	0	58	1	0.448275862068966	0.00855544587035209	0.32	0	0.0118876819020291	0.56	0.946336920575277	3039	14178
SRP181886	30	0.5	0.5	4	0.47	0.95	6236	0.988454137267479	0.370590121872996	0.760447515630141	0.41	9	3278	0.994813910921293	0.446003660768761	0.481079302402106	0.35	0	1582	0.996839443742099	0.5	0.260282987824942	0.32	0	0.25208199871877	0.59	0.970929602593311	3039	14178
SRP181886	30	0.5	0.5	5	0.47	0.88	5006	0.98881342389133	0.377746703955254	0.622244159262916	0.34	10	53	1	0.415094339622642	0.00723922342875946	0.22	0	413	0.997578692493947	0.50363196125908	0.0684435669628167	0.22	0	0.0825009988014383	0.6	0.971513110418974	3039	14178
SRP181886	30	0.5	0.5	6	0.47	0.84	7608	0.977523659305994	0.324001051524711	0.811122079631458	0.28	9	4966	0.987917841320983	0.384011276681434	0.627509049029286	0.23	0	3681	0.988861722358055	0.431404509644119	0.522540309312274	0.2	0	0.47279843444227	0.54	0.973857449128219	3039	14178
SRP181886	30	0.5	0.5	7	0.47	1.16	7964	0.976770467101959	0.31830738322451	0.834155972359329	0.4	9	8092	0.965768660405339	0.313272367770638	0.834155972359329	0.37	0	6200	0.96758064516129	0.351129032258065	0.716354063836788	0.24	0	0.652356509566029	0.61	0.952606033975081	3039	14178
SRP181886	30	0.5	0.5	8	0.47	1.04	97	0.969072164948454	0.45360824742268	0.0144784468575189	0.11	0	0			0	0.06	0	1	1	1	0.000329055610398157	0.02	0	0.0103092783505155	0.36	0.908768503004616	3039	14178
SRP181886	30	0.5	0.5	9	0.47	1.29	893	0.982082866741321	0.428891377379619	0.126028298782494	0.19	6	0			0	0.11	0	0			0	0.11	0	0	0.38	0.926349572351175	3039	14178
SRP181886	30	0.5	0.5	10	0.47	1.15	7071	0.969452694102673	0.319473907509546	0.743336623889437	0.32	10	2562	0.972287275565964	0.32903981264637	0.277393879565647	0.23	0	2130	0.978403755868545	0.384507042253521	0.269496544916091	0.17	0	0.295003518648839	0.54	0.950847992920363	3039	14178
SRP181886	30	0.75	0	1	0.73	0.39	11328	0.911016949152542	0.243732344632768	0.908522540309312	0.3	10	4121	0.97306479009949	0.372725066731376	0.50542941757157	0.27	0	1710	0.980701754385965	0.412865497076023	0.232313260941099	0.23	0	0.148317773471904	0.4	0.914360979114006	3039	14178
SRP181886	30	0.75	0	2	0.73	0.26	7142	0.97577709325119	0.341080929711565	0.801579466929911	0.34	10	0			0	0.19	0	0			0	0.19	0	0	0.3	0.859402197085872	3039	14178
SRP181886	30	0.75	0	3	0.73	0.36	8095	0.964546016059296	0.315132798023471	0.839420862125699	0.33	10	1703	0.979448032883147	0.444509688784498	0.249095097071405	0.21	0	1246	0.98314606741573	0.447030497592295	0.183283974991774	0.17	0	0.147966080865184	0.31	0.920587365371742	3039	14178
SRP181886	30	0.75	0	4	0.73	0.19	8042	0.885476249689132	0.271201193732902	0.717670286278381	0.22	10	6396	0.711225766103815	0.206691682301438	0.435011516946364	0.05	1	6281	0.700843814679191	0.198535265085178	0.410332346166502	0.04	1	0.513739167195096	0.25	0.891063320025723	3039	14178
SRP181886	30	0.75	0	5	0.73	0.36	6507	0.978331028123559	0.349623482403565	0.748601513655808	0.26	10	0			0	0.13	0	0			0	0.12	0	0	0.35	0.872813529750994	3039	14178
SRP181886	30	0.75	0	6	0.73	0	10944	0.917854532163743	0.254751461988304	0.917407041790062	0.41	10	5430	0.942357274401473	0.320810313075506	0.57321487331359	0.31	0	5334	0.942444694413198	0.320772403449569	0.563014149391247	0.3	0	0.433427263120817	0.37	0.8959492660973	3039	14178
SRP181886	30	0.75	0	7	0.73	0.05	677	0.957163958641063	0.508124076809454	0.113195129976966	0.15	10	0			0	0.08	0	0			0	0.07	0	0	0.22	0.865131940879837	3039	14178
SRP181886	30	0.75	0	8	0.73	0.44	9371	0.953686906413403	0.285455127521076	0.880223757815071	0.4	10	3065	0.992169657422512	0.490048939641109	0.494241526818032	0.26	0	2717	0.993006993006993	0.509753404490247	0.455742020401448	0.23	0	0.28554716579815	0.38	0.949508609793491	3039	14178
SRP181886	30	0.75	0	9	0.73	0.17	6594	0.971944191689415	0.32453745829542	0.704179006252057	0.29	10	2	1	1	0.000658111220796315	0.05	0	1	1	1	0.000329055610398157	0.01	0	0.000151653017895056	0.16	0.859413768506134	3039	14178
SRP181886	30	0.75	0	10	0.73	0.33	7781	0.966199717259992	0.331191363577946	0.847976307996051	0.19	10	0			0	0.18	0	0			0	0.13	0	0	0.28	0.874904911704719	3039	14178
SRP181886	30	0.75	0.5	1	0.73	1.09	7711	0.966022565166645	0.313448320580988	0.795327410332346	0.32	10	36	1	0.611111111111111	0.00723922342875946	0.18	0	15	1	0.533333333333333	0.00263244488318526	0.11	0	0.00194527298664246	0.24	0.854026747663898	3039	14178
SRP181886	30	0.75	0.5	2	0.73	1.18	5737	0.981000522921387	0.345999651385742	0.653175386640342	0.32	10	0			0	0.09	0	90	0.933333333333333	0.255555555555556	0.00756827903915762	0.09	0	0.0146265018283127	0.16	0.740172564573871	3039	14178
SRP181886	30	0.75	0.5	3	0.73	0.98	7357	0.963436183226859	0.31167595487291	0.754524514642975	0.19	10	835	0.977245508982036	0.411976047904192	0.113195129976966	0.17	0	1390	0.971942446043166	0.40863309352518	0.186903586706153	0.19	0	0.176620930858219	0.26	0.926322879451849	3039	14178
SRP181886	30	0.75	0.5	4	0.73	1.07	3651	0.980279375513558	0.422350041084634	0.507403751233959	0.16	10	0			0	0.08	0	0			0	0.07	0	0	0.15	0.814441220175623	3039	14178
SRP181886	30	0.75	0.5	5	0.73	1.05	7406	0.975155279503106	0.319470699432892	0.77854557420204	0.35	10	367	0.994550408719346	0.487738419618529	0.0589009542612702	0.22	0	168	1	0.547619047619048	0.0302731161566305	0.22	0	0.0225462400432024	0.41	0.928460425513504	3039	14178
SRP181886	30	0.75	0.5	6	0.73	0.91	6969	0.983354857224853	0.33993399339934	0.779532741033235	0.33	10	0			0	0.06	0	0			0	0.04	0	0	0.2	0.910332836559059	3039	14178
SRP181886	30	0.75	0.5	7	0.73	1.12	10903	0.930844721636247	0.253324772998257	0.90885159591971	0.26	10	1837	0.992378878606423	0.453456722917801	0.274103323461665	0.24	0	695	0.99568345323741	0.473381294964029	0.108259295820994	0.2	0	0.0634513112048414	0.46	0.904369075814454	3039	14178
SRP181886	30	0.75	0.5	8	0.73	1.09	3951	0.982789167299418	0.441660339154644	0.574202040144785	0.27	10	0			0	0.15	0	0			0	0.08	0	0	0.21	0.859186444411093	3039	14178
SRP181886	30	0.75	0.5	9	0.73	1.02	9075	0.951735537190083	0.283195592286501	0.845672918723264	0.3	10	0			0	0.15	0	0			0	0.1	0	0	0.28	0.913828728436623	3039	14178
SRP181886	30	0.75	0.5	10	0.73	1.06	3934	0.985510930350788	0.392475851550585	0.508061862454755	0.24	10	0			0	0.03	0	0			0	0.06	0	0	0.16	0.788197923841322	3039	14178
SRP181886	30	1	0	1	1	0	9924	0.920596533655784	0.269145505844418	0.878907535373478	0.2	10																3039	14178
SRP181886	30	1	0	2	1	0	5293	0.982240695257888	0.39580578122048	0.689371503784139	0.22	10																3039	14178
SRP181886	30	1	0	3	1	0.29	10811	0.885764499121265	0.24891314401998	0.885488647581441	0.3	10																3039	14178
SRP181886	30	1	0	4	1	0.44	8383	0.966121913396159	0.305618513658595	0.843040473840079	0.24	10																3039	14178
SRP181886	30	1	0	5	1	0.34	8786	0.962326428408832	0.299112223992716	0.864758144126357	0.26	10																3039	14178
SRP181886	30	1	0	6	1	0.04	9340	0.946466809421842	0.286081370449679	0.879236590983876	0.28	10																3039	14178
SRP181886	30	1	0	7	1	0.14	10679	0.921809158160876	0.257702032025471	0.905561039815729	0.22	10																3039	14178
SRP181886	30	1	0	8	1	0.27	9147	0.960861484639773	0.293429539739805	0.883185258308654	0.27	10																3039	14178
SRP181886	30	1	0	9	1	0.24	9850	0.838172588832487	0.235532994923858	0.763409016123725	0.18	10																3039	14178
SRP181886	30	1	0	10	1	0.11	4041	0.984162336055432	0.414748824548379	0.551497203027312	0.18	10																3039	14178
