study	organism	n	n_universe	n_de_M0	n_xy_universe	n_xy_de_M0	J_M1	J_M1_noxy	J_across1	J_within1	J_within_mean	J_within_sd	J_across_mean	J_across_sd	J_within_noxy_mean	tsp_M1	tsp_within_mean	n_lost_M1	n_lost_within_mean	n_gained_M1	n_gained_within_mean	J_lost_M1_vs_within	J_lost_within_vs_within	J_gained_M1_vs_within	J_gained_within_vs_within	xy_lost_M1	xy_lost_within_mean	xy_gained_M1	xy_gained_within_mean	lfc_shift_M1	lfc_shift_within_mean	xy_share_shift_M1	xy_share_shift_within_mean	PJ_M1	PJ_within_mean	PJ_across_mean	J_Psig_M1_vs_within	top1_changed_M1	top1_changed_within_frac	top1_changed_across_frac	design_sex	sex_diff	tissue_category	B_across	B_within	p_J_across	p_J_within	p_tsp_across	p_tsp_within	p_PJ_across	p_PJ_within
DRP002295	mouse	25	11330	1	1056	0	0.5	0.5	1	0.5	0.95	0.158113883008419	0.595	0.381844936532561	0.95	0.969413981060366	0.991226632191253	0	0	1	0.1			0.1	0			0	0	0.223869868625056	0.0663293010134262	0.241749445537801	0.160372635962737			0					balanced	0.05	""	10	10	0.636363636363636	0.181818181818182	0.545454545454545	0.0909090909090909		
DRP003637	mouse	12	22271	110	933	4	0	0	0	0.548148148148148	0.0992486650100863	0.149078661313498	0.209844524644402	0.249311294058122	0.0984311447288836	0.973286583608236	0.959648367015632	110	91.15	0	52.15	0.828636363636364	0.699391360165527		0.0158874236178641	0.0363636363636364	0.0338441150423231		0.00977027804410355	0.190420936204717	0.23633555091136	0.162838538568946	0.0704626844797358	0.909090909090909	0.846757681765178	0.896481507622812	0.258333333333333	FALSE	0.35	0.4	partially_confounded	0.333	""	20	20	0.476190476190476	0.666666666666667	0.476190476190476	0.80952380952381	0.571428571428571	0.761904761904762
DRP004672	mouse	60	16960	6707	611	343	0.178668575518969	0.167370325693607	0.965735294117647	0.199617815669558	0.411003204617221	0.0672120510050578	0.945159645271318	0.0308609975808067	0.404478165660193	0.672461618913312	0.910349733258111	5459	3862.4	278	197.25	0.602005385388057	0.604536905919797	0.0238112508519596	0.0299963385572869	0.0375526653233193	0.0409663873676044	0.0359712230215827	0.021652146907826	0.73588213887903	0.403988313755503	0.054606585553597	0.0460682335644277	0	0.394419191919192	0.781071428571429	0.4125	TRUE	0.6	0	partially_confounded	0.75	reproductive	20	20	0.0476190476190476	0.0476190476190476	0.0476190476190476	0.0476190476190476	0.0476190476190476	0.142857142857143
DRP005135	mouse	8	17676	3	571	0	0.333333333333333	0.333333333333333	0.333333333333333	0.333333333333333	0.333333333333333	0	0.566666666666667	0.316227766016838	0.333333333333333	0.914228450240282	0.920059095053623	2	2	0	0	1	1			0	0			0.423829866097763	0.469647178766428	0.0794986543490541	0.0833511714089015	0.366666666666667	0.543333333333333	0.570075414781297	0.3	FALSE	0	0	mildly_imbalanced	0.25	muscle	10	10	0.636363636363636	1	0.272727272727273	0.454545454545455	0.454545454545455	0.363636363636364
ERP004369	mouse	12	25230	5951	795	117	0.92260659694288	0.923443403975686	0.91959210966232	0.93233454066513	0.91155668029114	0.0236544204053427	0.82830582116663	0.0540435685998031	0.912337739168544	0.998539665145321	0.998805954406073	217	298.8	264	256.8	0.316860846889411	0.331714282673117	0.088846647493149	0.0650490752653064	0.0184331797235023	0.021013080874905	0.0416666666666667	0.0389175403268166	0.00641955875766423	0.004678450801931	0.114814223295998	0.128251400490374	0.888888888888889	0.922222222222222	0.930555555555556		FALSE	0.1	0.1	balanced	0	""	10	10	0.818181818181818	0.545454545454545	0.818181818181818	0.363636363636364	0.636363636363636	0.727272727272727
ERP005175	mouse	10	13058	82	118	1	0.627118644067797	0.623931623931624	0.369047619047619	0.331983805668016	0.437452872025534	0.111484802409995	0.244497147397994	0.150336794060327	0.435539584963053	0.985957953853852	0.988525797239951	8	30.3	36	35.8	0.14345909084076	0.288322806514728	0.0624379317361774	0.0798491359549231	0	0.00703819989534275	0	0	0.0918589419612451	0.0913076154885137	0.0949025634397157	0.175963813705448	0.96	0.926096866096866	0.818668238530307	0.716666666666667	FALSE	0	0.2	mildly_imbalanced	0.167	""	10	10	1	1	0.727272727272727	0.363636363636364	1	1
ERP006121	human	17	22404	106	801	3	0.220183486238532	0.211538461538462	0.152304609218437	0.434782608695652	0.364695118851687	0.126455206010913	0.507869496193168	0.163498275658552	0.359430026182885	0.969412340370907	0.968452207224346	82	50.45	3	40.85	0.559130280723276	0.398100259139874	0.0106911928651059	0.0236857536728952	0.0121951219512195	0.0119485624355971	0.666666666666667	0.0838142867595016	0.207594323526957	0.220222823752345	0.0665387895222736	0.0381027648794912	0.7	0.775887445887446	0.857350713740874	0.250535714285714	FALSE	0.05	0.05	partially_confounded	0.379	other	20	20	0.142857142857143	0.142857142857143	0.285714285714286	0.666666666666667	0.0952380952380952	0.142857142857143
ERP006813	mouse	20	22742	4644	753	0	0.872987828818217	0.873330714846819	0.552895917931182	0.914751358127873	0.913918308379941	0.00922700719619931	0.872107797111806	0.0504460340426016	0.914030753286199	0.985263732812465	0.993972554842068	197	266.6	450	145.9	0.264406999595212	0.357686453404512	0.133158031228071	0.0897238107240689	0	0	0.00444444444444444	0.00355024125989198	0.0321242335356273	0.0283265758290263	0.0384053478287814	0.134080823941644	0.869565217391304	0.938051948051948	0.909097496706192		FALSE	0.6	0.4	balanced	0.062	""	10	10	0.545454545454545	0.0909090909090909	0.454545454545455	0.0909090909090909	0.454545454545455	0.0909090909090909
ERP006822	mouse	16	20978	12221	743	444	0.759869208070819	0.760486473070241	0.949716657354937	0.864224311078975	0.827444446640809	0.0463913883408767	0.939085923680334	0.0393759397306235	0.828273499593839	0.98323136944009	0.987068562610429	2693	1745.4	318	443.3	0.427208513088549	0.361647646924861	0.0796421954399969	0.076694773351698	0.0401039732640178	0.042495468203185	0.0251572327044025	0.0396209030391139	0.197560394489994	0.151990181291518	0.0523684558686443	0.0440308792806686	0.818181818181818	0.887689892027698	0.960135467980296	0.35	FALSE	0	0	partially_confounded	0.4	""	20	20	0.0476190476190476	0.0476190476190476	0.0476190476190476	0.333333333333333	0.0476190476190476	0.285714285714286
ERP010889	human	15	24582	1769	819	57	0.825925925925926	0.82703886152162	0.806860158311346	0.668153931957613	0.762007197690367	0.0449338048253161	0.536998414211309	0.303034662349364	0.761896300343394	0.997935320750503	0.996970393840956	208	266.4	121	200.1	0.312773511426609	0.251694788531999	0.104835421309783	0.0598409598461503	0.0336538461538462	0.039956146291711	0.0495867768595041	0.0199460213225556	0.0300641916100315	0.0460351180691933	0.161178370252248	0.162965588744931	0.96551724137931	0.956421950315165	0.91979438433276	0.4	FALSE	0	0	balanced	0.1	unknown	10	10	1	0.909090909090909	1	0.818181818181818	0.818181818181818	0.636363636363636
ERP010930	human	40	24162	2196	794	78	0.777374909354605	0.775609756097561	0.850920520880108	0.811461067366579	0.824334740458325	0.0434702093164094	0.788476278174157	0.157224432124243	0.823772663724729	0.993416995188853	0.995741435855903	52	256.3	562	154.7	0.121340996671874	0.26131772197531	0.107323470437327	0.0645150936667139	0.0192307692307692	0.0339611264458162	0.0266903914590747	0.0265895625252791	0.0944785284985406	0.079764741741049	0.206268707909867	0.0528641360618095	0.96	0.970021978021978	0.953918803418803		FALSE	0.2	0.3	mildly_imbalanced	0.167	unknown	10	10	0.363636363636364	0.272727272727273	0.545454545454545	0.272727272727273	0.727272727272727	0.454545454545455
ERP012146	mouse	12	17505	1776	601	49	0.810824481537683	0.810416666666667	0.781081081081081	0.778575372722253	0.797337978844676	0.0148285686216583	0.703583381146663	0.209042394113573	0.796476702195454	0.990401244772202	0.993214494347492	173	277.7	201	102.5	0.375535641067937	0.444908787974323	0.060511725072826	0.0457342828375004	0.0115606936416185	0.0213692747036265	0.0398009950248756	0.0318316492646247	0.13349201224177	0.106320204902428	0.274319081515192	0.0586070294926714	0.916666666666667	0.880271995315474	0.875708168642951		FALSE	0.6	0.5	mildly_imbalanced	0.167	""	10	10	0.818181818181818	0.818181818181818	0.363636363636364	0.181818181818182	0.727272727272727	0.818181818181818
ERP013206	human	19	28848	8754	936	232	0.73301936159079	0.735370051635112	0.89536802728573	0.776304801670146	0.758910953201356	0.0207615758133009	0.901072257789648	0.0646124456998891	0.760031484245186	0.960676172485277	0.974919570481843	1750	1539.1	801	758.9	0.358746163659374	0.374379278634707	0.0547051880253352	0.0798587052746319	0.0365714285714286	0.0311436581519593	0.0337078651685393	0.0321172032948368	0.235900443223182	0.190591622620451	0.0655941717538948	0.0405268670779749	0.8	0.827376986246955	0.943843652373064	0.240535714285714	FALSE	0	0	partially_confounded	0.514	unknown	20	20	0.0952380952380952	0.0952380952380952	0.0952380952380952	0.0952380952380952	0.142857142857143	0.333333333333333
ERP013315	mouse	12	21666	5	828	4	0.0106382978723404	0.0111111111111111	0.2	0	0.00216880216292465	0.00365894075775956	0.09	0.102083557106808	0.00224105461393597	0.177905037744002	0.501117911288636	4	4.7	89	44.1	0.86	0.911578947368421	0.1	0.0707070707070707	1	0.86	0	0	1.44587986079489	1.49554219574372	0.103168300888504	0.0670062954293394	0	0.228441558441558	0.53404472339255	0.478571428571429	TRUE	0.9	0.55	partially_confounded	0.833	""	20	20	0.571428571428571	1	0.0476190476190476	0.142857142857143	0.0476190476190476	0.142857142857143
ERP015831	human	14	24872	4680	834	147	0.893957583033213	0.895019632155404	0.764212644641959	0.87419954554844	0.869601568711622	0.015914835719975	0.671042195075054	0.238971998845414	0.869544829043236	0.997625901274137	0.998171273554971	212	466.2	318	164	0.294168073990556	0.406204047515054	0.0781813085339265	0.0630599859490206	0.0471698113207547	0.0305850432540207	0.0377358490566038	0.026742156135302	0.032659044747569	0.0326542449029651	0.081737198767539	0.0515156251842405	0.952380952380952	0.94390243902439	0.911025578694325	0.333333333333333	FALSE	0.1	0.4	balanced	0.1	unknown	10	10	1	0.909090909090909	1	0.272727272727273	0.818181818181818	0.727272727272727
ERP016751	mouse	15	18124	1	634	0	1	1	1	1	1	0	0.9	0.316227766016838	1	0.99312740943716	0.990836687800791	0	0	0	0									0.0615127650454023	0.0661084580917677	0.047541643837278	0.0532925363058867	0.857142857142857	0.875725677830941	0.84817316017316	0.4	FALSE	0	0	balanced	0.071	other	10	10	1	1	0.909090909090909	0.909090909090909	0.545454545454545	0.454545454545455
ERP020504	mouse	23	27194	174	898	3	0.828125	0.829787234042553	0.78021978021978	0.833333333333333	0.759539983756184	0.0490356178561203	0.673864829294189	0.182191384030753	0.756625008794332	0.99336032232536	0.990749932763228	15	23.9	18	23.5	0.222745624745625	0.28520371379409	0.065380313498994	0.0494462167580058	0	0	0.0555555555555556	0.00754985754985755	0.0904262814892172	0.117932381506288	0.12631339754582	0.0653350417948733	0.933333333333333	0.907721078976641	0.884077562000295	0.4	FALSE	0	0.1	balanced	0.136	""	10	10	0.909090909090909	0.909090909090909	0.727272727272727	0.818181818181818	0.727272727272727	0.727272727272727
ERP021472	mouse	14	20944	11	778	0	0.0857142857142857	0.0909090909090909	0.0709677419354839	0	0.027068880486602	0.0656541648547023	0.666711047677127	0.225950154149441	0.0285159021501064	0.745286496915095	0.753185604713924	8	9.75	24	47.15	0.723926767676768	0.793775917065391	0.150689655172414	0.0361458196576269	0	0	0.0833333333333333	0.0531968031968032	1.02018286524959	0.861322981572513	0.0643051944221639	0.047375837801323	0.5625	0.538593397036234	0.878701724559275	0.368712068160598	TRUE	0.9	0.7	partially_confounded	0.667	""	20	20	0.0476190476190476	0.952380952380952	0.0476190476190476	0.380952380952381	0.0476190476190476	0.761904761904762
ERP022260	human	17	23096	1	805	0	1	1	0.5	0	0.1	0.316227766016838	0.35	0.474341649025257	0.1	0.973264060887165	0.983510957929121	0	0.9	0	0		0.8				0			0.178038836015109	0.138947776741489	0.126548740110695	0.110071441999317	0.611111111111111	0.736607412195648	0.733126930259283	0.05	FALSE	0	0.2	mildly_imbalanced	0.192	blood	10	10	1	1	0.272727272727273	0.0909090909090909	0.272727272727273	0.272727272727273
ERP022432	mouse	8	21989	313	904	10	0.597328244274809	0.6	0.621031746031746	0.636942675159236	0.70093480395561	0.0999229999820141	0.623301531686897	0.284522550208552	0.70477163418491	0.987311828788736	0.987891802600569	0	26.1	211	106.7		0.130436795650345	0.340297860504418	0.187583707909428		0.0844046073425263	0.042654028436019	0.0555152663409542	0.0304757439333926	0.0267079145310487	0.0694239517174738	0.0701308765892116	0.948717948717949	0.958491902834008	0.906342780026991	0.383333333333333	FALSE	0	0.1	balanced	0	heart	10	10	0.272727272727273	0.181818181818182	0.272727272727273	0.272727272727273	0.909090909090909	0.636363636363636
ERP022747	mouse	9	20991	4700	751	168	0.917333333333333	0.919241423396548	0.90744215134459	0.905577606016294	0.909512903325843	0.00737806856181372	0.817100985778904	0.117619963398147	0.909664177967898	0.996526840934996	0.996554201038757	228	308.4	175	128.3	0.384531726466363	0.413002452720016	0.0827003186656702	0.0658902324983954	0.043859649122807	0.0308658644208602	0.08	0.0622321948764478	0.0411481435023356	0.0382878142863739	0.0675070545144794	0.244650829598619	0.9375	0.882254901960784	0.770567439096851		FALSE	0	0	balanced	0.1	""	10	10	0.909090909090909	0.818181818181818	0.818181818181818	0.545454545454545	1	1
ERP022906	human	13	19200	208	610	1	0.70703125	0.71259842519685	0.647540983606557	0.726415094339623	0.605859111790128	0.0660947536445567	0.598650385223235	0.163360373687642	0.608428569084093	0.961951025014254	0.985461952290167	27	69.4	48	21.3	0.304002756720587	0.520265071059368	0.0224512316603741	0.0168916591688825	0.037037037037037	0.0117092394656071	0.0208333333333333	0.01810551558753	0.221672652070801	0.129767024514452	0.100546859971065	0.120664119790923	0.85	0.857898913951546	0.827928021635115	0	TRUE	0.1	0.4	mildly_imbalanced	0.225	unknown	10	10	0.818181818181818	0.909090909090909	0.363636363636364	0.0909090909090909	0.545454545454545	0.636363636363636
ERP022968	human	8	26362	16646	859	503	0.859789299242424	0.861077186126038	0.856746974324171	0.846076458752515	0.854040078005037	0.00578926875813281	0.919724472334575	0.0559921936134232	0.854700375340159	0.993394435261803	0.990197933097952	2119	1937.6	250	575.5	0.47427707982866	0.447272063839008	0.13709818341475	0.130204808678897	0.0363378952336008	0.0336659295141156	0.068	0.040291787968	0.0932897289104521	0.121956072083677	0.305567299797159	0.0930417885069044	0.95	0.94676282051282	0.965608974358974		FALSE	0	0	partially_confounded	0.5	unknown	20	20	0.428571428571429	0.952380952380952	0.428571428571429	0.952380952380952	0.285714285714286	0.619047619047619
ERP023272	human	49	21527	1927	772	58	0.900202634245187	0.899111343439624	0.956743002544529	0.922606924643584	0.909733151731004	0.0100394569423007	0.856475856090587	0.120217025752263	0.908808396833332	0.997175070550568	0.996753382391635	150	108	47	72.6	0.353999332151111	0.3002795424535	0.0791693318338081	0.0803460087040256	0.00666666666666667	0.0161953336831808	0.0638297872340426	0.026241443375727	0.048348572945379	0.053838628203352	0.0792367009065031	0.0392461118087474	1	0.951963776963777	0.947863247863248		FALSE	0	0.1	balanced	0.075	unknown	10	10	0.545454545454545	0.181818181818182	0.545454545454545	0.636363636363636	1	1
ERP023283	mouse	8	17724	9	569	0	0.222222222222222	0.222222222222222	0.0909090909090909	0.111111111111111	0.244141414141414	0.0820292824749104	0.0955555555555556	0.120378917075495	0.247777777777778	0.985997614534079	0.980275654240303	7	6.6	0	0.8	0.825	0.769444444444445		0.17948717948718	0	0		0.166666666666667	0.0464986426179576	0.0642120519213193	0.0674214835470583	0.0910843776132251	0	0	0					balanced	0	""	10	10	0.909090909090909	0.636363636363636	0.818181818181818	0.909090909090909	1	1
ERP104759	mouse	8	21952	5467	863	181	0.845611561508636	0.846560846560847	0.848855495369561	0.78747273293861	0.816739131273684	0.0223707465470651	0.777011387449074	0.16345612847223	0.816252899248122	0.993675230572985	0.989924476903898	669	767.8	207	290.9	0.463503571838753	0.482095353667763	0.0467730078091033	0.066922035537743	0.0343796711509716	0.0311922739006228	0.0579710144927536	0.029991976098426	0.0942016384617368	0.106523155311601	0.188615837885338	0.097516091331371	0.909090909090909	0.970567386045327	0.95325136872931	0.1	FALSE	0.1	0.1	mildly_imbalanced	0.25	other	10	10	0.818181818181818	1	0.363636363636364	0.454545454545455	0.181818181818182	0.0909090909090909
ERP104864	human	61	24207	9237	797	284	0.98535745047373	0.985225505443235	0.987272138927839	0.982865710002142	0.985885496115983	0.0028591787941462	0.967879251492574	0.0124121089316187	0.985869128895236	0.999702250926529	0.999878464035829	85	64.3	51	67.1	0.335741884087291	0.281035951335987	0.0835332145404544	0.080407795832236	0.0117647058823529	0.0219627513849512	0.0392156862745098	0.0358247201870016	0.00578580274891312	0.00679052380928435	0.514879595009316	0.146105584736393	1	0.980215053763441	0.951700268817204		FALSE	0	0.1	balanced	0.006	unknown	10	10	0.818181818181818	0.272727272727273	0.818181818181818	0.0909090909090909	1	1
ERP105501	human	70	23532	7335	814	267	0.83406565003877	0.835099959747753	0.956292998785917	0.857333689553834	0.88275574368857	0.0120584736518206	0.954177347915308	0.0281396216118537	0.882499086089935	0.987495743733451	0.994177808680443	881	611.9	403	281.65	0.281645533395999	0.275827713998037	0.0936799986252059	0.0883939764636521	0.0419977298524404	0.0343175452929289	0.0446650124069479	0.0330454443470948	0.144758021611457	0.0982078906107616	0.529713163844411	0.0618151215860187	0.730769230769231	0.903717391304348	0.950960144927536	0.286666666666667	FALSE	0	0	partially_confounded	0.35	unknown	20	20	0.0476190476190476	0.0476190476190476	0.0476190476190476	0.0476190476190476	0.0476190476190476	0.0476190476190476
ERP106455	mouse	16	16365	3	420	0	0.666666666666667	0.666666666666667	0.666666666666667	0.666666666666667	0.667107195301028	0.270967488298841	0.725	0.157380171935726	0.667150537634409	0.987409736832969	0.973015660121033	1	0.7	0	67.8	0.7	0.5		0	0	0		0.0899705014749263	0.117373923105084	0.205956636334536	0.110567381988492	0.088656143383676	0.875	0.681601339481774	0.663701298701299	0.133333333333333	FALSE	0.1	0.2	mildly_imbalanced	0.25	other	10	10	0.727272727272727	0.818181818181818	0.727272727272727	0.727272727272727	1	0.909090909090909
ERP106487	human	21	23917	3421	772	100	0.832756632064591	0.833878157503715	0.843863067074868	0.80467397576457	0.835510465654115	0.0214529264426141	0.842358038895146	0.0918241424053006	0.8354906569105	0.996224289123614	0.994626736456389	533	419.2	47	171.5	0.458524161971555	0.366203005617417	0.0317511322209816	0.0490768108770933	0.0337711069418387	0.0247132032343945	0.0638297872340426	0.0256344757728001	0.0678730547885829	0.0922827808821922	0.255770780486326	0.0712673559905439	0.967741935483871	0.911765963716865	0.910754844459778	0.466666666666667	FALSE	0	0	mildly_imbalanced	0.164	gut	10	10	0.363636363636364	0.454545454545455	0.727272727272727	1	1	0.909090909090909
ERP107948	mouse	26	21712	2856	650	72	0.485542825968358	0.488188976377953	0.933682373472949	0.790443686006826	0.791587935905729	0.0250197926244449	0.885342940346919	0.0661363989450105	0.791100694232295	0.898514488497101	0.981988498426764	186	469.7	2643	162.7	0.169895243099113	0.417092083703446	0.0280250808736189	0.0493175426214586	0.032258064516129	0.0212793388230567	0.0351872871736663	0.0486685174973031	0.524175576030649	0.189782676251957	0.0774080750877465	0.0425324662719301	0.592592592592593	0.82220375276897	0.897906179971397	0.145400432900433	FALSE	0.2	0	mildly_imbalanced	0.278	liver	10	10	0.0909090909090909	0.0909090909090909	0.0909090909090909	0.0909090909090909	0.0909090909090909	0.0909090909090909
ERP108446	mouse	12	19756	69	744	4	0.394285714285714	0.403726708074534	0.0869565217391304	0.538461538461538	0.167135206987093	0.144048043605789	0.141211482581346	0.17145788666001	0.177818435901718	0.992473141332429	0.991241504431447	0	57	106	1.2	0	0.820506367157784	0.00745932848736587	0		0.0743833724754777	0.0943396226415094	0.0476190476190476	0.101714156979885	0.110334718329291	0.180808365555833	0.129795171882837	1	0.926964285714286	0.812734593837535		FALSE	0.6	0.6	mildly_imbalanced	0.167	gut	10	10	0.818181818181818	0.909090909090909	0.636363636363636	0.636363636363636	1	1
ERP109057	mouse	8	18798	1919	605	46	0.421805624074988	0.422570850202429	0.840966280825365	0.506938421509107	0.41915155520077	0.0704155728173468	0.605548309608074	0.262434406069757	0.420403718170961	0.88977375148441	0.905425039452913	1064	1029.5	108	186.3	0.732245938797458	0.661085979933275	0.357195521637113	0.207810543700482	0.0244360902255639	0.0255621193723501	0.0462962962962963	0.0369903104685226	0.367392973733621	0.372142304389096	0.0462809222249909	0.042679824310962	0.631578947368421	0.655958677330581	0.854493464052288	0.422777777777778	FALSE	0	0	partially_confounded	0.5	""	20	20	0.428571428571429	0.761904761904762	0.0476190476190476	0.380952380952381	0.19047619047619	0.80952380952381
ERP109255	human	69	24456	4395	793	128	0.905254091300603	0.906083481349911	0.970416853428956	0.938829204121903	0.923808302827601	0.0370890617695617	0.915790820125003	0.0671386252873346	0.923817607909842	0.995634376870497	0.99869728876446	191	184.5	249	172	0.213848291563435	0.237930137011102	0.0821282151195261	0.065485789717859	0.0261780104712042	0.035840936398422	0.0481927710843374	0.0297827209937976	0.0729267368657145	0.0442669939069269	0.486842070849366	0.0512627672804687	0.942857142857143	0.936866564807741	0.907557473439826		FALSE	0	0	balanced	0.087	unknown	10	10	0.363636363636364	0.181818181818182	0.272727272727273	0.0909090909090909	0.818181818181818	0.727272727272727
ERP109306	mouse	13	14927	4	491	0	0.25	0.25	0.25	0.25	0.340681818181818	0.147315214793947	0.54	0.308476732893815	0.340681818181818	0.7948064423429	0.819882335280699	3	2.35	0	1.25	0.6375	0.57719298245614		0.0284992784992785	0	0		0	0.625961522886353	0.578799336803002	0.0477949034514557	0.0315018614445501	0	0.207916666666667	0.37	0.55	TRUE	0.55	0.65	partially_confounded	0.524	other	20	20	0.380952380952381	0.523809523809524	0.0476190476190476	0.238095238095238	0.285714285714286	0.571428571428571
ERP109626	human	31	22473	9645	754	306	0.963398425518863	0.965309360126917	0.957322089675031	0.965142505638712	0.964510674145238	0.00272930704581072	0.941577129412215	0.0277269589340767	0.96457425759635	0.99909414412433	0.999413712817887	222	220.6	136	126.2	0.313187438355899	0.319201213496659	0.0656010948082254	0.0768275264304091	0.0450450450450451	0.0374739570952356	0.147058823529412	0.0255565152835806	0.0246422865125085	0.0255094926845597	0.260606403605284	0.106184396513286	1	0.990243902439024	0.995060975609756		FALSE	0.7	0.6	balanced	0.092	unknown	10	10	0.727272727272727	0.363636363636364	0.545454545454545	0.0909090909090909	1	1
ERP109959	mouse	40	16746	51	563	0	0.537634408602151	0.543478260869565	0.8	0.788461538461538	0.865489067273634	0.0530832282376223	0.789974177125377	0.115390652411881	0.865489067273634	0.996156164734483	0.998694662281314	1	5.2	42	1.9	0.01	0.297952541285875	0.0452380952380952	0.0372294372294372	0	0	0.0238095238095238	0	0.0104555404611645	0.00913045304133255	0.0267386505362647	0.103866763027432	0.571428571428571	0.746825396825397	0.552976190476191	0	FALSE	0	0.1	balanced	0	""	10	10	0.0909090909090909	0.0909090909090909	0.818181818181818	0.0909090909090909	0.636363636363636	0.272727272727273
ERP110063	mouse	8	14455	2953	238	1	0.0240270727580372	0.0240352064996615	0.00575685743311886	0.00169319336268202	0.00592539723554372	0.00432703718899899	0.00937081575000769	0.0106785503427001	0.00585965354235324	0.988885598150859	0.987652374649307	2882	2935.5	2	0.2	0.98043217313879	0.994751800453539	0.1	0.0588235294117647	0.000346981263011797	0.000272403933443918	0	0	0.0427997368412022	0.0341733296466684	0.0580046006185183	0.0664430781761835	0.80952380952381	0.891378446115288	0.754412698412699		FALSE	0	0.1	balanced	0	brain_cns	10	10	0.909090909090909	1	0.727272727272727	0.636363636363636	0.818181818181818	0.272727272727273
ERP110099	human	13	21164	5964	689	200	0.779836683417086	0.780487804878049	0.710491803278689	0.767854264065775	0.701548929135929	0.0914229568133186	0.813168715184224	0.155682917620102	0.702374228812083	0.988333958315571	0.989324768395831	998	1598.3	404	232.8	0.358481223921109	0.445163278609799	0.037041434382608	0.0275375646312447	0.0340681362725451	0.036774420975963	0.0445544554455446	0.0485912523879379	0.114287707983055	0.128836958938533	0.118298910197808	0.0520225456960942	0.9	0.883412698412698	0.854107490949596		FALSE	0	0	mildly_imbalanced	0.275	unknown	10	10	0.272727272727273	0.818181818181818	0.363636363636364	0.272727272727273	0.636363636363636	0.818181818181818
ERP112516	mouse	40	21595	529	767	14	0.907142857142857	0.908088235294118	0.888501742160279	0.888501742160279	0.921504323771789	0.0254643089884911	0.87022161361733	0.0724358370895998	0.919923369425081	0.993188420511664	0.995886536967165	21	22.8	31	20.9	0.380949506497316	0.350129800347162	0.059718384452427	0.0579135962949781	0	0	0.0645161290322581	0.00446386395843174	0.116503785927848	0.083099863757487	0.386272936962994	0.103426762655916	0.833333333333333	0.875214097496706	0.797795783926219	0.333333333333333	FALSE	0	0.1	balanced	0.05	""	10	10	0.545454545454545	0.272727272727273	0.454545454545455	0.272727272727273	0.545454545454545	0.363636363636364
ERP114372	mouse	25	23849	36	931	1	0.73469387755102	0.729166666666667	0.944444444444444	0.972222222222222	0.890472182709025	0.0380927321587856	0.806944033003083	0.0893491158756078	0.890318615318615	0.990222679889656	0.995611835608894	0	2.8	13	1.3		0.316878306878307	0.0580448717948718	0.0805860805860806		0.037037037037037	0	0	0.125352887846462	0.0832614573837695	0.142507480388767	0.214215019349058	0.941176470588235	0.926479872251931	0.913071895424837		FALSE	0.3	0	balanced	0.095	""	10	10	0.363636363636364	0.0909090909090909	0.363636363636364	0.0909090909090909	0.818181818181818	0.909090909090909
ERP114636	human	46	24074	1	893	0	1	1	1	1	1	0	1	0	1	0.999016415424591	0.998777430800995	0	0	0	0									0.0226970895581229	0.030099376760891	0.103643586078179	0.124441478839989	0.970588235294118	0.970756302521009	0.970924369747899		FALSE	0	0	balanced	0.043	unknown	10	10	1	1	0.909090909090909	0.727272727272727	0.727272727272727	0.909090909090909
ERP114772	mouse	20	21725	1710	761	51	0.832466181061394	0.834586466165414	0.932633903920486	0.858620689655172	0.861454398558279	0.0185159267918459	0.885506590098936	0.0956323601778838	0.863634970194556	0.972407388557182	0.986932864479724	110	138.4	212	115.4	0.357085237544648	0.360428200214027	0.0860663806263274	0.0598296608830322	0.0454545454545455	0.0474494372373988	0.0424528301886792	0.0532357490527327	0.227593268641725	0.154047052433019	0.314347751536662	0.150723400036408	0.966666666666667	0.942728958101594	0.969310344827586		FALSE	0	0	mildly_imbalanced	0.2	""	10	10	0.181818181818182	0.0909090909090909	0.181818181818182	0.0909090909090909	0.818181818181818	0.909090909090909
ERP115010	human	292	23722	5889	825	208	0.980166666666667	0.981318111053451	0.965643153526971	0.990892224658458	0.992186164851644	0.00195788996049409	0.968920788006425	0.0207650954008436	0.992023530998718	0.99958459675061	0.999942089323086	8	24.9	111	21.3	0.0812623648493214	0.254847447688817	0.0754073414242198	0.107716508595043	0	0.0201662971175166	0.0990990990990991	0.0108766233766234	0.00829358952707381	0.00481743514182541	0.710096736803156	0.281027392899016	1	1	0.99		FALSE	0	0	balanced	0.012	unknown	10	10	0.636363636363636	0.0909090909090909	0.545454545454545	0.0909090909090909	1	1
ERP115036	human	20	32108	361	1097	8	0.0193905817174515	0.0198300283286119	0.790909090909091	0.03601108033241	0.175281107394838	0.130119336645595	0.590745477453978	0.247711455536965	0.172593426379826	0.905957934856687	0.883404266097141	354	286.85	0	36.6	0.802105448532186	0.715847312108741		0.00787627909968336	0.0225988700564972	0.0180860867023315		0.0154560653597614	0.413808986369059	0.415243497877703	0.097098882108413	0.0355039109203528	0.741935483870968	0.697669731360728	0.831633416668484	0.204150432900433	FALSE	0.15	0.1	partially_confounded	0.5	unknown	20	20	0.0952380952380952	0.142857142857143	0.0952380952380952	0.428571428571429	0.285714285714286	0.714285714285714
ERP115639	mouse	12	20043	1	743	0	0.5	0.5	1	0.5	0.6	0.502624689950035	0.529166666666667	0.495059657341906	0.6	0.925189865160537	0.954119256812515	0	0.4	1	0		0.225806451612903	0			0	0		0.376215614062884	0.278687366015044	0.0250819997764754	0.0292295636582733	0.56	0.783280381591601	0.788710882420601	0.0916666666666667	FALSE	0.1	0	partially_confounded	0.333	""	20	20	0.523809523809524	0.428571428571429	0.380952380952381	0.19047619047619	0.142857142857143	0.19047619047619
ERP117312	mouse	36	21951	5278	796	123	0.982129420617005	0.982662300134849	0.905715861054953	0.97695504344541	0.979139809474585	0.00328472771620092	0.923037649514279	0.03206117443891	0.979425316658788	0.999873018736812	0.999855883480439	57	58.1	38	53.2	0.320378927930589	0.282243193251232	0.0607534179423702	0.0925539881990123	0.0526315789473684	0.0378009647437972	0.0526315789473684	0.0318210929860113	0.00145799099961717	0.00219528495456852	0.487679470536198	0.334126623399132	1	0.916666666666667	0.8		FALSE	0	0	balanced	0	""	10	10	1	0.818181818181818	0.909090909090909	0.454545454545455	1	1
SRP002811	mouse	8	30179	55	1229	0	0.580645161290323	0.627906976744186	0.709090909090909	0.679012345679012	0.635519593356301	0.212671877767016	0.56611271533778	0.107289238106849	0.635890281578301	0.982000148502994	0.985325880894765	1	12.9	38	94.5	0.071984126984127	0.495305435305435	0.0490484389914749	0.123639549102008	0	0	0.184210526315789	0.0108813928182807	0.0395527869445277	0.0395530314810371	0.0465382720929092	0.102761253385733	0.833333333333333	0.897272727272727	0.784662004662005		FALSE	0.5	0.2	balanced	0	brain_cns	10	10	0.454545454545455	0.181818181818182	0.545454545454545	0.181818181818182	0.545454545454545	0.181818181818182
SRP003726	human	14	19942	4653	669	143	0.830412890231621	0.829075804776739	0.786750788643533	0.794580057923045	0.80419284191447	0.0174615942413328	0.803716444268593	0.0145232037902241	0.802988743100593	0.99131598027267	0.991288940962615	530	745.8	312	204.7	0.483951406649616	0.474274358314218	0.237539236140035	0.145014263087559	0.0226415094339623	0.0229683579314737	0.0224358974358974	0.0331389296386084	0.119948111747495	0.116597564200548	0.036259343846088	0.0359277266739103	0.75	0.739191919191919	0.795745920745921		FALSE	0	0	balanced	0.143	reproductive	10	10	1	1	0.363636363636364	0.454545454545455	0.636363636363636	0.909090909090909
SRP005279	human	33	20440	6364	740	226	0.921116138763198	0.922041327489042	0.925553012967201	0.931224209078404	0.934299955954373	0.00696957424234313	0.927929741486264	0.0409736147464297	0.934209695571388	0.997206984389347	0.99822950373095	257	245.6	266	185	0.284536759649087	0.288306668912224	0.127282659357462	0.100156885501771	0.0350194552529183	0.0392387937369872	0.0601503759398496	0.0257042839107657	0.0604485036862481	0.0467339104218161	0.0737056650856337	0.0390175412425041	0.857142857142857	0.916071428571428	0.883134920634921	0.5	FALSE	0	0	balanced	0.145	musculoskeletal	10	10	0.363636363636364	0.181818181818182	0.272727272727273	0.0909090909090909	0.636363636363636	0.545454545454545
SRP007584	human	23	16895	4482	569	115	0.912347239780868	0.915041179020373	0.876816308826719	0.920122217372326	0.926192381682719	0.00495343983890998	0.857021674571913	0.0618015146209588	0.927645890061027	0.995089706550737	0.996800787149266	152	210.9	264	129.5	0.213130229003079	0.257612156980408	0.112997026015252	0.125167135952236	0.0460526315789474	0.0484247814651188	0.0643939393939394	0.0405049119907553	0.0324268136437794	0.0257616082499066	0.0508873554864147	0.0428132781415444	1	0.979217273954116	0.969390052637806		FALSE	0	0	balanced	0.03	gut	10	10	0.727272727272727	0.0909090909090909	0.727272727272727	0.0909090909090909	1	1
SRP008496	human	12	25797	8998	1004	288	0.918657688966116	0.92057964502359	0.907077255537547	0.920439703961689	0.919033215699037	0.00855857876670991	0.873793912157428	0.0941760941161901	0.920068289853733	0.997440525780213	0.996668571700704	539	492.9	210	257	0.421505587934259	0.406275602557943	0.0495667432377105	0.0940765342090131	0.0445269016697588	0.046131864619508	0.0857142857142857	0.0434185891020945	0.0231611989857932	0.0261774585461131	0.037443197631702	0.044071770958652	0.903225806451613	0.908560437523174	0.872113195794042		FALSE	0	0	balanced	0.057	gut	10	10	0.454545454545455	0.363636363636364	0.636363636363636	0.818181818181818	0.727272727272727	0.636363636363636
SRP010181	human	124	18545	8886	633	281	0.982731729055259	0.984103213915447	0.966390270867883	0.986901030004478	0.984484088500991	0.00262707856094965	0.970819576549872	0.0141892227812268	0.984405606912937	0.999569705074161	0.999794195850673	65	69	90	70	0.187017963168619	0.202169939218259	0.0913704566530996	0.115589599675093	0.0461538461538462	0.0349112484199892	0.155555555555556	0.0192489980037998	0.0100576506580481	0.00962053980199565	0.176037260939204	0.0695386504901676	0.96969696969697	0.975757575757576	0.987689393939394		FALSE	0	0	balanced	0.016	gut	10	10	0.818181818181818	0.363636363636364	0.545454545454545	0.0909090909090909	0.454545454545455	0.727272727272727
SRP016859	mouse	20	20049	403	675	10	0.726126126126126	0.731843575418994	0.862407862407862	0.901913875598086	0.879611423006456	0.02159869064386	0.778335354537431	0.149907447796937	0.881097445219358	0.995519850652624	0.997641639264693	0	25.6	152	26.3	0	0.264028233912833	0.0991267195012623	0.0625217555491193		0.0531362711362711	0.0526315789473684	0.0412397080044139	0.00888287798104234	0.00762799692056715	0.0701944177031349	0.174406518723586	0.769230769230769	0.882867132867133	0.849801864801865		FALSE	0	0	balanced	0	blood_immune	10	10	0.363636363636364	0.0909090909090909	0.545454545454545	0.181818181818182	0.454545454545455	0.181818181818182
SRP017560	mouse	15	19673	76	760	6	0.474358974358974	0.47887323943662	0.474358974358974	0.474358974358974	0.513711900479527	0.0843169164638942	0.538046817223008	0.124466210276344	0.48394559274841	0.980271238008209	0.984029575440335	39	32.6	2	6.7	0.597245250124529	0.547324845617386	0	0.073015873015873	0.0769230769230769	0.0152918679234469	0.5	0.00952380952380952	0.177693058836189	0.160545410607952	0.0357198244809238	0.0324448915409007	0.736842105263158	0.906372549019608	0.846502837977296	0.7	FALSE	0	0	balanced	0.111	brain_cns	10	10	0.454545454545455	0.454545454545455	0.545454545454545	0.454545454545455	0.272727272727273	0.0909090909090909
SRP017849	mouse	23	23473	970	801	38	0.0639312977099237	0.0595238095238095	0.802666666666667	0.0725490196078432	0.0819750613529654	0.0135705994353167	0.708966937110913	0.135534816534073	0.0786539146912691	0.810858897191504	0.816565287984686	903	884.95	78	64.7	0.895762880259254	0.890121569386107	0.115288900793119	0.113661322175686	0.0343300110741971	0.0354748500012385	0.0256410256410256	0.0352751210635728	0.632248537530839	0.642249872258996	0.0482975886896451	0.0394719460155042	0.523809523809524	0.515506082399675	0.766417569101006	0.530833333333333	TRUE	0.3	0	partially_confounded	0.6	brain_cns	20	20	0.0476190476190476	0.19047619047619	0.0476190476190476	0.285714285714286	0.0952380952380952	0.619047619047619
SRP018846	mouse	8	22753	7	866	0	0.212121212121212	0.21875	0	0	0.0848484848484849	0.109538922923038	0.0640692640692641	0.108519081258414	0.0875	0.786146025696176	0.896534948075479	0	4.2	26	10.4		0.384615384615385	0.4	0.2		0	0.0384615384615385	0.0384615384615385	0.731511900026335	0.47832940116716	0.0405961675256432	0.0391011747979172	0.861111111111111	0.848695456590193	0.885577578735474	0.583333333333333	FALSE	0	0	mildly_imbalanced	0.25	liver	10	10	0.909090909090909	1	0.181818181818182	0.454545454545455	0.454545454545455	0.727272727272727
SRP019994	human	60	17156	1973	559	77	0.8515625	0.848730964467005	0.821515892420538	0.86595949855352	0.87677959798069	0.0162559188834932	0.903293497017467	0.0695626507622103	0.875720320372606	0.993425901808206	0.994062927647095	229	159.6	75	95.5	0.338644397664296	0.297093397337628	0.0846440408443031	0.0787689424253947	0.0218340611353712	0.0283359434631607	0.0133333333333333	0.0328110072782418	0.103405021809313	0.0979722192896541	0.0519540038693472	0.0414209685910017	0.966666666666667	0.97	0.98	0.15	FALSE	0.1	0	balanced	0.089	muscle	10	10	0.181818181818182	0.181818181818182	0.272727272727273	0.363636363636364	0.545454545454545	0.818181818181818
SRP020224	mouse	12	22940	1	782	0	0.00380228136882129	0.00396825396825397	1	0	0.104356780735108	0.306864632257505	0.275793650793651	0.443016525548433	0.104743867243867	0.821288593259881	0.938594519761445	0	0.8	262	13.65		0.652173913043478	0.0503690036900369	0.000199461454074		0	0.0419847328244275	0.0664469118667592	0.64194370258834	0.339314273418666	0.0947157520286487	0.0719244113199888	0.452380952380952	0.648578233180222	0.769002936152547	0.196068376068376	FALSE	0	0	partially_confounded	0.429	other	20	20	0.666666666666667	0.857142857142857	0.0476190476190476	0.0952380952380952	0.0476190476190476	0.142857142857143
SRP020636	mouse	410	18485	8167	593	258	0.943402818213579	0.944491270319085	0.988921353786219	0.99620887856182	0.994126230688205	0.00108428664007718	0.990487477918934	0.00445253011614347	0.994249627455329	0.996152736751065	0.999951441169467	66	26.8	420	21.3	0.0738392781224287	0.200292020431576	0.0293635062710421	0.104346130646618	0.0151515151515152	0.0570137406453196	0.0571428571428571	0.0476178026766262	0.0233446230258917	0.00322833382137647	0.0342022048278847	0.0663396466362098	0.892857142857143	1	1	0	FALSE	0	0	balanced	0.01	liver	10	10	0.0909090909090909	0.0909090909090909	0.0909090909090909	0.0909090909090909	0.0909090909090909	0.0909090909090909
SRP023469	mouse	8	18117	128	710	4	0.0234375	0.0241935483870968	0.047037037037037	0.0234375	0.0339590801589552	0.0252310489065335	0.0502665686290975	0.0352227208982746	0.0337097755674241	0.950236933006465	0.965339805958166	125	111.6	0	239.75	0.888037648809524	0.790758569935556		0.0154351599305728	0.032	0.0278001221249194		0.0373117464874852	0.25083723566191	0.240270228099559	0.108055362801116	0.0587602391682804	0.9375	0.913373745759301	0.89318619065417		FALSE	0	0	partially_confounded	0.5	other	18	20	0.263157894736842	0.666666666666667	0.105263157894737	0.285714285714286	0.894736842105263	0.952380952380952
SRP026042	human	13	24046	7653	839	287	0.411347517730496	0.412111468381565	0.815870665185734	0.505191642097167	0.535949897929681	0.0781193725916933	0.845812909168473	0.110505481082242	0.536144742458975	0.941370800456694	0.958250614604815	4463	3366.45	102	318.95	0.607241142031947	0.547114107184877	0.0273837361160202	0.0494740267969263	0.0387631637911719	0.0369457290914693	0.0392156862745098	0.0487729547250333	0.33757412503263	0.292908086813031	0.242730814143736	0.0800920496199331	0.78125	0.808919518560787	0.902197696514646	0.182976190476191	TRUE	0.4	0.55	partially_confounded	0.625	skin	20	20	0.0476190476190476	0.0952380952380952	0.0476190476190476	0.0952380952380952	0.0952380952380952	0.380952380952381
SRP026667	mouse	14	20766	1	693	0	1	1	1	1	0.80952380952381	0.401559067957889	0.738250276854928	0.42988969848157	0.80952380952381	0.959757407053145	0.935149993389286	0	0	0	4				0.0588235294117647				0	0.278094514710674	0.407138052775623	0.0679185253118635	0.0439587129117295	0.958333333333333	0.812258255792739	0.841240544257786		FALSE	0.2	0.4	mildly_imbalanced	0.286	liver	10	10	1	1	0.545454545454545	0.545454545454545	1	1
SRP027383	human	84	24884	13674	847	454	0.991325898389096	0.991928183464092	0.963549126324835	0.988245537657814	0.990022965168187	0.000965775498173531	0.969443656836844	0.0216431388059204	0.990132725564021	0.999740871320444	0.999918682308127	74	80.1	45	56.9	0.264527546688921	0.263859485470572	0.0729865910126641	0.0898158406526812	0.0405405405405405	0.0612845336575619	0.2	0.0188870412444799	0.00531064933812545	0.00571149741907236	0.560444916738747	0.0678148407763142	0.971428571428571	0.977301587301587	0.977698412698413	0.7	FALSE	0	0	balanced	0.022	tumor	10	10	1	0.909090909090909	0.545454545454545	0.0909090909090909	0.363636363636364	0.727272727272727
SRP029939	mouse	10	23552	10966	919	413	0.931043569922699	0.932235939643347	0.926434354100669	0.947504687081511	0.943737289726937	0.00680974453383705	0.877815610499601	0.07188308447716	0.943884966657148	0.997754421290493	0.999019517095186	367	432.5	418	196	0.377065110527938	0.411225339657023	0.0909014738411863	0.0849790356406048	0.0217983651226158	0.0353938924935819	0.0861244019138756	0.0477258770200427	0.0305167280615933	0.0121560918446052	0.218114765953879	0.545110157569574	1	0.979833333333333	0.921833333333333		FALSE	0	0	balanced	0	""	10	10	0.636363636363636	0.181818181818182	0.545454545454545	0.181818181818182	1	1
SRP033095	human	15	26666	687	843	21	0.82972972972973	0.832635983263598	0.55374149659864	0.760744985673353	0.790433289915398	0.0146649936492712	0.653834266949524	0.19108827512919	0.794499050052657	0.99574220663468	0.995686442958934	73	94.6	53	62.7	0.371071170411067	0.370206074468509	0.050276735886829	0.0686550345582249	0.0547945205479452	0.0702539787223467	0.0377358490566038	0.0264578719122748	0.0433087950046505	0.0439287484105596	0.0368504820693453	0.159743030284537	0.9	0.874408866995074	0.836411753800519	0.333333333333333	FALSE	0	0.1	balanced	0.071	lung	10	10	0.909090909090909	1	0.818181818181818	0.454545454545455	0.909090909090909	0.727272727272727
SRP033276	human	11	19693	159	657	7	0.650273224043716	0.655172413793103	0.690058479532164	0.686813186813187	0.706320006884804	0.0344167560840004	0.434816303862957	0.244719049198462	0.711004258449172	0.994362967946216	0.993707258372701	40	35.5	24	15.7	0.577386698449415	0.509478387305431	0.065375258894661	0.0342846367177429	0.05	0.0752251057175818	0.0833333333333333	0.0588888888888889	0.0385286305872285	0.0513593053884906	0.0507796597251443	0.0483710182165683	0.909090909090909	0.962770562770563	0.868214756258235	0.45	FALSE	0	0	balanced	0.067	other	10	10	0.727272727272727	0.181818181818182	0.818181818181818	0.818181818181818	0.818181818181818	0.363636363636364
SRP033501	mouse	8	22750	401	961	20	0.909738717339667	0.905236907730673	0.882743362831858	0.87621359223301	0.85331268775991	0.0507625911704949	0.640136201182747	0.277614936416888	0.85212848899658	0.995223953874564	0.996520730130136	18	42.4	20	18.5	0.286711905108726	0.289268051430748	0.131134449173743	0.119227243559401	0	0.020777926948813	0	0.0339881543611816	0.0154869324814149	0.0138641963860692	0.0622641831786868	0.273638173065887	0.857142857142857	0.976623376623377	0.78219696969697	0.1	FALSE	0	0.2	balanced	0	other	10	10	1	1	0.636363636363636	0.363636363636364	0.636363636363636	0.181818181818182
SRP034855	mouse	23	20562	4380	681	232	0.248196860415783	0.253694581280788	0.83701122725513	0.425871766029246	0.339646086176942	0.202005855103841	0.823653340512526	0.0694779044238446	0.339933171208184	0.832393501932815	0.963454799350233	3210	2710.3	334	316.7	0.627546576148894	0.527509317998927	0.0099145634458877	0.017867324283609	0.0607476635514019	0.047495831637547	0.0479041916167665	0.0101706957568303	0.35039995136645	0.227939742718539	0.0874726828296658	0.0245938039778775	0.111111111111111	0.792370962370962	0.894141414141414	0.125	TRUE	0.75	0.7	partially_confounded	0.467	other	20	20	0.0476190476190476	0.476190476190476	0.0476190476190476	0.0476190476190476	0.0476190476190476	0.0476190476190476
SRP035462	mouse	37	23994	16003	852	549	0.989624751491054	0.989640972847767	0.991585639491399	0.990975290969067	0.990169059937783	0.00156877026626543	0.981852680624845	0.00925122093187171	0.990178798022208	0.999630627423727	0.999790757956466	74	84.3	93	73.8	0.227689555661652	0.290658691824803	0.0933342434233435	0.0964508806851569	0.0135135135135135	0.0150908277471639	0.0537634408602151	0.0521007383315414	0.00309537597409351	0.0031579076381379	0.160049132995613	0.120346334263158	1	0.994444444444444	0.994444444444444		FALSE	0	0	balanced	0.016	""	10	10	0.636363636363636	0.454545454545455	0.363636363636364	0.181818181818182	1	1
SRP035523	mouse	12	22097	505	789	9	0.875954198473283	0.881553398058252	0.722543352601156	0.835294117647059	0.859634339820606	0.0168566599367971	0.785423568981619	0.0743372637177936	0.870226322392458	0.992762060287346	0.993500968454378	46	62.2	19	10.1	0.473514256304359	0.596393932980277	0.025948275862069	0.0297914093331298	0.0869565217391304	0.0608167611353729	0	0.404425204425205	0.0274109955454314	0.020709232638857	0.0544030893770458	0.117814532437353	0.952380952380952	0.959683794466403	0.913092885375494	0.1	FALSE	0	0	balanced	0	""	10	10	0.818181818181818	0.909090909090909	0.818181818181818	0.454545454545455	0.545454545454545	0.181818181818182
SRP035988	human	173	24806	19022	878	649	0.991211090766414	0.991816161725652	0.992083049336759	0.993656286043829	0.993236695930917	0.00141460428571376	0.995100545439354	0.00426106609942266	0.993263346569713	0.999775601034972	0.999950108598034	75	66.3	93	62.8	0.208805550124813	0.191874633005401	0.0980087961288459	0.147341653821052	0.0266666666666667	0.032407734656834	0.161290322580645	0.0439400622092175	0.0088152068211193	0.00886987184198081	0.36875702509735	0.114041341389811	1	1	1		FALSE	0	0	balanced	0.057	skin	10	10	0.272727272727273	0.181818181818182	0.0909090909090909	0.0909090909090909	1	1
SRP036821	human	19	21227	1224	708	33	0.584172661870504	0.583887657058389	0.456896551724138	0.468051118210863	0.541210976587382	0.108104348272607	0.678799513934925	0.19865288700189	0.542870207906375	0.946707330870593	0.939620425300162	412	507.1	166	90.8	0.418449998696249	0.586426259184374	0.0124448766874259	0.269967890205963	0.0266990291262136	0.0302718384927445	0.0240963855421687	0.0356473808585517	0.340803125491382	0.329409362685187	0.0340849387708962	0.0325470145790181	0.48	0.704630152456239	0.777858554488989	0.190213675213675	FALSE	0.6	0.4	mildly_imbalanced	0.2	tumor	10	10	0.454545454545455	0.636363636363636	0.363636363636364	0.727272727272727	0.0909090909090909	0.0909090909090909
SRP036848	human	72	22606	72	739	0	0.759036144578313	0.759036144578313	0.638888888888889	0.347826086956522	0.658542367288199	0.180480296418375	0.378977798347154	0.211126357526957	0.660346661704896	0.993504094522852	0.997047770520485	9	10.5	11	34.2	0.286230615262873	0.164077327556412	0.152465700139621	0.0978820228406038	0	0	0	0.0100212790430182	0.0674006442327573	0.0624440746363841	0.529496236022047	0.0854722326323566	1	0.913166666666667	0.905196767001115		TRUE	0.4	0.4	balanced	0.029	reproductive	10	10	1	0.545454545454545	0.181818181818182	0.181818181818182	1	1
SRP037555	mouse	12	19595	7	662	0	0	0	0	0	0.000545171339563863	0.00133148122519609	0.0653115998952605	0.149111165333019	0.00055205047318612	0.160209603164022	0.52159752566928	7	5.95	1	308.55	0.85	0.727272727272727	0.3	0.142011834319527	0	0	0	0.00288611857137131	1.53540892609031	1.44217689091013	0.115261096879824	0.0689536936221849	0.214285714285714	0.304437229437229	0.700177530802531	0.552380952380952	TRUE	0.8	0.05	partially_confounded	0.833	liver	20	20	0.80952380952381	0.857142857142857	0.0476190476190476	0.333333333333333	0.0476190476190476	0.666666666666667
SRP038635	mouse	12	19688	8	712	0	1	1	0.888888888888889	1	0.95	0.0645497224367903	0.902777777777778	0.128633740643054	0.95	0.928904163801393	0.974435576146474	0	0.4	0	0		0.2				0			0.127734079145271	0.108912357414028	0.0849752280760893	0.0984081260511399	0.705882352941177	0.762616959064328	0.77843567251462	0.193333333333333	TRUE	0.2	0.4	mildly_imbalanced	0.167	liver	10	10	1	1	0.181818181818182	0.0909090909090909	0.454545454545455	0.363636363636364
SRP039628	mouse	8	20627	6664	687	233	0.818534482758621	0.819508562918838	0.801137171286425	0.801137171286425	0.809424717250581	0.00852511487374406	0.815458621068044	0.0174419167624502	0.809665215158822	0.987801764001608	0.983584631467821	967	952.2	296	392.9	0.620402711864407	0.49878914387174	0.411215109766256	0.236189422335377	0.0403309203722854	0.0396428765043879	0.0405405405405405	0.0278140859698128	0.137361689757112	0.158782215118856	0.060384937019882	0.0470009595340924	0.972222222222222	0.944594594594595	0.944347919347919		FALSE	0	0	mildly_imbalanced	0.25	heart	10	10	0.818181818181818	1	0.545454545454545	0.636363636363636	1	1
SRP041620	human	11	22609	10	837	0	0.5625	0.5625	0	0	0.17625	0.241698992090943	0.241731601731602	0.254073440109149	0.17625	0.995614486495215	0.996043906183759	1	7.3	6	1.8	0.197222222222222	0.522592592592593	0.080952380952381	0.0155677655677656	0	0	0	0	0.0647967929744381	0.0655497728342486	0.231558993128859	0.193094257042136	0.962962962962963	0.936788907133735	0.787541097719073	0.1	FALSE	0.6	0.8	balanced	0.1	blood	10	10	0.818181818181818	1	0.727272727272727	0.272727272727273	1	0.727272727272727
SRP042086	human	18	25377	197	940	14	0.142131979695431	0.136612021857924	0.605911330049261	0.287878787878788	0.313836749384184	0.133351435767954	0.50343001241538	0.2011680615772	0.308101272588021	0.956266187059716	0.963525161844476	169	119.95	0	36.55	0.695755172321655	0.565893698146948		0.0110943028533669	0.0650887573964497	0.0715067938625387		0.131720198392982	0.267048943599644	0.245992441576037	0.310021800663915	0.0692418471963729	0.6875	0.820796250318309	0.872977941176471	0.391200466200466	FALSE	0.75	0.6	partially_confounded	0.351	adipose	20	20	0.0952380952380952	0.142857142857143	0.0952380952380952	0.0952380952380952	0.0476190476190476	0.0476190476190476
SRP042184	human	22	24516	3814	830	117	0.63326941514861	0.635666584219639	0.635236373030225	0.539052496798976	0.591801620343571	0.0593358662687726	0.839783671634578	0.0822535579419366	0.592075765251883	0.95964507836913	0.96021000108106	1172	1400.25	358	256.85	0.415456644232708	0.486854857365332	0.0268145861761359	0.038157986010644	0.0383959044368601	0.0290636089020049	0.0335195530726257	0.0472891373087802	0.289475010319893	0.276191852890871	0.143305201328232	0.0470222672212428	0.757575757575758	0.811331685706785	0.939268926753632	0.117142857142857	TRUE	0.3	0.25	partially_confounded	0.457	other	20	20	0.0952380952380952	0.714285714285714	0.0476190476190476	0.333333333333333	0.0476190476190476	0.238095238095238
SRP042206	mouse	12	19347	2	630	0	0	0	0	0	0	0	0.0583333333333333	0.181570471876101	0	0.598277834348601	0.785076734413869	2	2	0	0.1	1	1		0.027027027027027	0	0		0	1.11785155129897	0.813406509576923	0.0615042482801966	0.0500807883027572	0.612903225806452	0.629183104828266	0.808288740245262	0.293380230880231	FALSE	0.65	0.45	partially_confounded	0.4	gut	20	20	0.904761904761905	1	0.0476190476190476	0.0952380952380952	0.142857142857143	0.571428571428571
SRP042228	human	260	29371	9206	1068	278	0.985827112409391	0.986823003908431	0.973126338329764	0.982825246887076	0.987153625321882	0.00260076343707012	0.986933278911814	0.00575357296704863	0.987253372668346	0.999677061013916	0.999886084850191	94	64.2	37	54.8	0.249174691679924	0.19373590736204	0.104421554239935	0.112980735817775	0.0319148936170213	0.0318707422379624	0.27027027027027	0.0413548269693805	0.0103215362074955	0.0106244534547207	0.721784214835301	0.039119051357522	1	0.997435897435897	0.997435897435897		FALSE	0	0	balanced	0.041	gut	10	10	0.545454545454545	0.363636363636364	0.0909090909090909	0.0909090909090909	1	1
SRP042289	mouse	8	22922	1691	881	65	0.365181711606096	0.367073170731707	0.822255790533736	0.317942723553478	0.405526272317789	0.0958072779454671	0.631921893958382	0.171613256567443	0.406106257217904	0.955195350411104	0.937324448088316	1068	876.8	15	265.95	0.669279217297189	0.564753115904795	0.0574579859982125	0.0855184428815605	0.0411985018726592	0.0393214578262941	0.0666666666666667	0.0206792721852518	0.278683257242527	0.359683964604131	0.317498571242675	0.077319729560344	0.84	0.739535204108135	0.883569043807473		FALSE	0	0	partially_confounded	0.5	other	18	20	0.105263157894737	0.333333333333333	0.421052631578947	0.904761904761905	0.210526315789474	0.761904761904762
SRP043388	human	16	21370	7822	726	221	0.947762140230759	0.948419952990337	0.911535229864362	0.94335814305538	0.941360247661033	0.00371571748015525	0.864139845089292	0.124248523768376	0.941305335937564	0.999161125616757	0.998721794960568	347	292.7	65	176.6	0.421991795748995	0.385320892781015	0.0529002376303865	0.0887086634925682	0.0259365994236311	0.0297163300411173	0.123076923076923	0.0259600373766027	0.0201478365635365	0.0313922365453928	0.284566116927103	0.0951201588592582	1	0.950592885375494	0.847304913412908		FALSE	0.2	0.3	balanced	0.1	gut	10	10	1	1	1	0.909090909090909	1	1
SRP043493	mouse	12	18326	20	584	0	0.952380952380952	0.952380952380952	0.5	0.85	0.818623188405797	0.101763425959078	0.662908902691511	0.165113882813283	0.818623188405797	0.997452625835955	0.996735375302686	0	2	1	2.1		0.25	0.190833333333333	0.0733457019171305		0	0	0	0.0254574056789843	0.0372381701467073	0.0999117614312699	0.170991084173381	0.833333333333333	0.886829836829837	0.683884639612194		FALSE	0	0.1	balanced	0	other	10	10	1	1	0.727272727272727	0.545454545454545	0.818181818181818	0.454545454545455
SRP043967	mouse	23	19964	303	682	7	0.796407185628743	0.798165137614679	0.737704918032787	0.80625	0.769237132729621	0.0590720054430188	0.619784746645145	0.156952459984475	0.775722304564753	0.994259838366213	0.996192922903391	37	56.7	31	16.4	0.382974982447158	0.416274763849577	0.0806628705265721	0.0243320781436336	0.0540540540540541	0.0606378727604402	0	0.0583333333333333	0.0907967348975609	0.0742110687304514	0.116748082283179	0.080651641088075	0.96969696969697	0.951492869875223	0.901938502673797		FALSE	0	0	balanced	0.108	heart	10	10	0.818181818181818	0.545454545454545	0.636363636363636	0.0909090909090909	0.818181818181818	0.818181818181818
SRP044042	human	10	15652	265	548	10	0.0902255639097744	0.09375	0.0902255639097744	0.120300751879699	0.235246318007264	0.137149905795882	0.191230232288503	0.0965401541511376	0.239797103946928	0.983532644767962	0.986727967418189	241	166	1	112.6	0.67879420829124	0.518061302268996	0.2	0.134707004682091	0.04149377593361	0.0351859875738414	0	0.0222016841240501	0.154375534629092	0.144666063573269	0.0353711589916964	0.0394361908304852	0.921052631578947	0.951327643432906	0.939766081871345		FALSE	0	0	mildly_imbalanced	0.167	kidney	10	10	0.0909090909090909	0.272727272727273	0.727272727272727	0.454545454545455	0.363636363636364	0.454545454545455
SRP044373	human	45	27455	8746	936	276	0.921605904719302	0.922098936662043	0.971647164716472	0.941877459246768	0.952419573524546	0.00650647826598157	0.942183008625454	0.0345944300968793	0.952503187469383	0.99540061358008	0.998711350126392	505	201.5	196	225.7	0.219223941089836	0.245522530986234	0.0834997076188556	0.0957880130649048	0.0257425742574257	0.0259869532264577	0.0714285714285714	0.0412453438056453	0.0531231025485318	0.0349243677313658	0.172861960025608	0.11735245245127	0.972222222222222	0.994594594594595	0.986186186186186	0.1	FALSE	0	0	balanced	0.105	tumor	10	10	0.181818181818182	0.0909090909090909	0.181818181818182	0.0909090909090909	0.454545454545455	0.181818181818182
SRP044668	human	54	26705	17164	916	559	0.964040610288696	0.965252098374127	0.984873949579832	0.987070215109874	0.98397489200643	0.00348751671810405	0.976357500420423	0.0112466132864722	0.983841299694997	0.998306748619698	0.999752779940736	167	141	467	136.4	0.156116108855726	0.277699234920249	0.0950973291804994	0.119699551911854	0.0419161676646707	0.0159411686909581	0.0749464668094218	0.0337092145615523	0.02952941503151	0.0158897495567858	0.0616892547930617	0.0990257210843473	0.935483870967742	0.983333333333333	0.986551724137931		TRUE	0.2	0.6	balanced	0.079	tumor	10	10	0.272727272727273	0.0909090909090909	0.0909090909090909	0.0909090909090909	0.0909090909090909	0.0909090909090909
SRP045225	human	60	39204	4261	1368	108	0.781473168741073	0.780334728033473	0.964777233496618	0.85527822303641	0.850692295147608	0.0306349235192314	0.91825347978328	0.0493119082464164	0.850591228032708	0.954100982436338	0.991263867393407	431	447.8	640	218.85	0.274439814311723	0.270243757560086	0.0805672913143825	0.0820972323874866	0.0185614849187935	0.0199890739742466	0.0203125	0.0342105838683559	0.294584097711315	0.120304098072562	0.0597490050825583	0.0407458942580351	0.91304347826087	0.976057662658033	0.986932367149759	0.133333333333333	TRUE	0	0	partially_confounded	0.333	tumor	20	20	0.0952380952380952	0.0952380952380952	0.0476190476190476	0.0476190476190476	0.0476190476190476	0.0476190476190476
SRP045747	mouse	8	19281	29	738	0	0.376623376623377	0.397260273972603	0.290322580645161	0.379310344827586	0.502669206648364	0.147853476600454	0.3733611986226	0.172769046591829	0.502669206648364	0.98043596675743	0.990243490760122	0	11	48	5.3		0.342622692351795	0.105187074829932	0.0822917267593536		0	0.0833333333333333	0	0.0560907971223314	0.0393039719194161	0.102129376813903	0.228010594653945	0.833333333333333	0.837681888544892	0.741262246525404	0.233333333333333	FALSE	0.1	0.2	balanced	0	other	10	10	0.363636363636364	0.0909090909090909	0.545454545454545	0.0909090909090909	0.909090909090909	0.636363636363636
SRP045828	mouse	10	20758	6073	686	191	0.743787077120411	0.743088892567456	0.707892204042348	0.707820954254796	0.724203322013179	0.0398528977589811	0.740590884481039	0.033814967548425	0.724555101319151	0.99021068280134	0.993191812154464	1434	1570.7	164	135.6	0.63997651196046	0.62065297090567	0.20547892070535	0.160367415327501	0.0285913528591353	0.0323399976177971	0.0304878048780488	0.0438463658430587	0.124099552827568	0.10441167137165	0.0821692250501777	0.0481859682865022	0.833333333333333	0.884743983614951	0.871603224361845	0.5	TRUE	0.3	0.5	mildly_imbalanced	0.2	tumor	10	10	0.727272727272727	0.909090909090909	0.818181818181818	0.363636363636364	0.363636363636364	0.272727272727273
SRP047122	human	19	21026	1	714	0	0.25	0.25	1	0	0.075	0.244680242464796	0.791666666666667	0.385690692059739	0.075	0.940041181596943	0.950600935943886	0	0.9	3	0.05		0.80952380952381	0	0		0	0	0	0.372338712193281	0.292890205717468	0.463349775753216	0.0915762242345276	0.8	0.70809392419175	0.839529314888011	0.345952380952381	FALSE	0.15	0	partially_confounded	0.386	blood	20	20	0.19047619047619	0.904761904761905	0.0952380952380952	0.285714285714286	0.380952380952381	0.904761904761905
SRP048707	mouse	8	18108	1812	598	49	0.669748520710059	0.670727065093262	0.334975369458128	0.835623678646934	0.795277151776903	0.0676261875535084	0.695500749068325	0.224888818947279	0.794092078857395	0.996225892478195	0.998085829137316	1	181.7	892	262.7	0.20309085917123	0.296176507901914	0.256071999079652	0.0990558060660932	0	0.0155473186279867	0.031390134529148	0.0126316472379156	0.00725464691426933	0.00619209241016266	0.0682963378452761	0.188692560222097	0.636363636363636	0.703958687698087	0.733932513994434	0.483333333333333	TRUE	0.4	0.4	balanced	0	blood_immune	10	10	0.363636363636364	0.272727272727273	0.363636363636364	0.272727272727273	0.272727272727273	0.272727272727273
SRP048801	human	259	28943	11726	1047	366	0.995151824445012	0.995957820738137	0.994642857142857	0.995404646413071	0.994430988406098	0.00104654954539948	0.980962990898578	0.013240197008285	0.994461798430534	0.999825111749015	0.999969710531934	26	31.6	31	33.9	0.221925551831544	0.194120955025337	0.114678246144544	0.118847925429491	0	0.0168052194043986	0.354838709677419	0.0519472497997748	0.00174898467253068	0.00260909624770606	0.674475636341345	0.0618214156861089	1	1	0.994736842105263		FALSE	0	0	balanced	0.003	gut	10	10	1	0.818181818181818	0.454545454545455	0.0909090909090909	1	1
SRP049097	human	38	29835	8112	977	230	0.820688891350094	0.821493832800366	0.964199614271938	0.85678778553675	0.881999722528122	0.0134728161747338	0.924045626761924	0.0404470161731442	0.882096936729983	0.982078779815338	0.993836717999266	702	661.3	917	336.6	0.243499232301473	0.323914508056862	0.0631579549241408	0.0986789484999812	0.0185185185185185	0.0277134094535194	0.0468920392584515	0.0343135665196654	0.165182626983068	0.102126529565546	0.10070909316802	0.0370311014729973	0.882352941176471	0.925425627240143	0.980947580645161	0.153333333333333	FALSE	0	0	mildly_imbalanced	0.25	muscle	10	10	0.0909090909090909	0.0909090909090909	0.0909090909090909	0.0909090909090909	0.0909090909090909	0.363636363636364
SRP049219	mouse	60	21539	318	764	12	0.903903903903904	0.903426791277259	0.905487804878049	0.942073170731707	0.930953894276605	0.0220028937717265	0.899132493126572	0.0473108591560978	0.930809031592203	0.99783164320346	0.998312956120714	17	12.6	15	10.1	0.319614104431038	0.291500395034426	0.0847366900905921	0.0697036913896247	0.0588235294117647	0.0298187444739169	0	0.0186335403726708	0.0531913871490556	0.046307335105586	0.564516101891426	0.292909641062334	0	0.9	0.55	0.1	TRUE	0.1	0.4	balanced	0.067	brain_cns	10	10	0.545454545454545	0.272727272727273	0.727272727272727	0.272727272727273	0.454545454545455	0.181818181818182
SRP049408	human	27	23689	193	766	5	0	0	0.553398058252427	0.0103626943005181	0.0934080144523051	0.120934197817838	0.717678588115723	0.168056996762516	0.0934696835027257	0.943615719757199	0.9138436831282	193	170.85	0	12.3	0.885233160621762	0.805160877122564		0.00183833300749142	0.0259067357512953	0.0262322140096464		0.034709319129609	0.315799497380909	0.403339265590141	0.287216138444988	0.0380746463327866	0.733333333333333	0.467487223227275	0.811901444788442	0.237202380952381	FALSE	0.6	0.15	partially_confounded	0.559	tumor	20	20	0.0476190476190476	0.285714285714286	0.0476190476190476	0.904761904761905	0.238095238095238	1
SRP049763	mouse	26	11157	3766	227	10	0.228498074454429	0.230669434353918	0.848911651728553	0.526956972524624	0.562022440979529	0.126224985857262	0.804854432080236	0.103660917307187	0.563968993963933	0.784242574827922	0.962243991932476	2876	1549	129	163.45	0.483465176922521	0.47523381645862	0.0354285677671163	0.0450850949307362	0.00312934631432545	0.00353646320567855	0.24031007751938	0.0759834825432443	0.353526304679548	0.261621574086682	0.09038552592685	0.124876040029616	0.25	0.675	0.683333333333333		FALSE	0	0	partially_confounded	0.536	heart	20	20	0.0476190476190476	0.0476190476190476	0.0476190476190476	0.0476190476190476	0.0476190476190476	0.142857142857143
SRP049820	human	43	13437	382	452	19	0.396572827417381	0.400510204081633	0.718905472636816	0.49746192893401	0.303041244383771	0.144064961084163	0.688843423368431	0.170657463695755	0.298746515128827	0.938223373674475		58	246.6	435	44.15	0.179712427192813	0.566785934272655	0.045450308591484	0.0553438595071641	0.155172413793103	0.0483583168157827	0.032183908045977	0.0642428279275015	0.453718041756342		0.0631586031556353		0.611111111111111	0.512076269104133	0.637393207282913	0.334568903318903	TRUE	0.6	0.3	partially_confounded	0.5	blood	20	20	0.0952380952380952	0.666666666666667			0.333333333333333	0.714285714285714
SRP050000	human	107	21304	918	741	21	0.901727861771058	0.901657458563536	0.947939262472885	0.937960042060988	0.92133790760497	0.0178140529995367	0.874118970249947	0.0735835637900119	0.921865872003601	0.999522873855564	0.999127750397778	83	38.4	8	37.1	0.332953871015512	0.211153681722139	0.0606609915900982	0.0860770849397501	0.0240963855421687	0.0130906987751708	0	0.0810578554702333	0.0155240081589791	0.0262888656266757	0.266157035603503	0.0419904355417875	0.970588235294118	0.962591036414566	0.962847805788982	0.6	TRUE	0.5	0.5	balanced	0.045	blood	10	10	0.636363636363636	0.181818181818182	0.818181818181818	0.909090909090909	0.636363636363636	0.909090909090909
SRP050894	mouse	20	22639	8643	891	334	0.947013920071845	0.946760070052539	0.876530839456691	0.94666369114037	0.955516110163361	0.00169615084605722	0.945092393319067	0.0318027468243406	0.955459650629108	0.998141350210656	0.998771238270018	207	274.7	265	114.9	0.354548610304547	0.420888994621429	0.0763121812362731	0.0727717525960905	0.0338164251207729	0.0355448883561262	0.0339622641509434	0.0445349061945356	0.0471829893850776	0.0396074889953081	0.45518620609297	0.363495917603288	0.96551724137931	0.962298850574713	0.955402298850575	0.35	FALSE	0	0	balanced	0.121	brain_cns	10	10	0.363636363636364	0.0909090909090909	0.363636363636364	0.0909090909090909	1	0.727272727272727
SRP050971	human	15	23313	6392	836	198	0.872156636913332	0.872843545508626	0.821223130487436	0.842910101946247	0.838758627731641	0.0376458828831093	0.817085694034623	0.0589744460808622	0.838871898363521	0.994794893012591	0.994129413769808	334	708.6	554	404.3	0.266481364251165	0.349198915519799	0.105222264510311	0.0643169980700632	0.0269461077844311	0.0303093242666147	0.0433212996389892	0.0362846326460827	0.0825978022257412	0.082345986037709	0.236160436627126	0.0498407254661455	0.909090909090909	0.919507575757576	0.922638146167558	0.308333333333333	FALSE	0	0	mildly_imbalanced	0.214	skin	10	10	0.818181818181818	0.909090909090909	0.636363636363636	0.454545454545455	0.454545454545455	0.454545454545455
SRP051497	mouse	8	19342	3800	744	130	0.548024228439573	0.548334080382489	0.838075530263839	0.838075530263839	0.792256824621752	0.0864937252599181	0.627152984428962	0.180191697634762	0.791673903113745	0.980700609020166	0.994632294884628	0	588.8	3134	348.5		0.547945298690302	0.110390574866804	0.163796505696043		0.0309167232603672	0.0354179961710274	0.020384787313988	0.0189442180193026	0.00928501703793883	0.0714730228671683	0.0786683838681878	0.826086956521739	0.857360248447205	0.770655425219941		FALSE	0	0	balanced	0	blood_immune	10	10	0.545454545454545	0.181818181818182	0.636363636363636	0.181818181818182	0.727272727272727	0.636363636363636
SRP052056	human	22	26528	2589	909	102	0.464017185821697	0.464232488822653	0.70106500183621	0.461306153265383	0.485451580361113	0.126789763177587	0.765967681781357	0.118696472442655	0.486468396284306	0.936557391385105	0.961384740470637	1293	1233.5	204	168.95	0.539307316066905	0.497484666194248	0.0267753834518517	0.0288711584238993	0.0402165506573859	0.041024288117796	0.0343137254901961	0.0642991469438278	0.334304113577375	0.27358208782517	0.189268412813049	0.0701739185155367	0.657894736842105	0.741389366352602	0.845863970588235	0.273669773853597	TRUE	0.65	0.4	partially_confounded	0.528	tumor	20	20	0.0476190476190476	0.380952380952381	0.0476190476190476	0.0476190476190476	0.0476190476190476	0.238095238095238
SRP052583	mouse	8	18927	28	618	0	0.5	0.5	0.448275862068966	0.517241379310345	0.50386143333863	0.0392618468497431	0.528074217802571	0.061261141896944	0.50386143333863	0.871956202354537	0.886641359510818	13	13.25	2	1.35	0.968736263736264	0.945054945054945	0.0875	0.0804761904761905	0	0	0	0	0.327263562960907	0.368439764469972	0.103904468167893	0.0762878534288033	1	0.5875	0.763157894736842		FALSE	0.25	0.105263157894737	partially_confounded	0.5	brain_cns	19	20	0.35	0.523809523809524	0.2	0.476190476190476	1	1
SRP052794	mouse	12	17305	1	569	0	0	0	1	0	0.35	0.474341649025257	0.1	0.316227766016838	0.35	0.963645623672115	0.953044889930861	1	0.6	0	0.1	0.6	0.384615384615385		0	0	0		0	0.26785005435466	0.266976669356094	0.0462662870684365	0.0333327655601477	0.6875	0.682544538794539	0.755869218500798		TRUE	0.4	0.1	mildly_imbalanced	0.257	blood_immune	10	10	0.909090909090909	0.636363636363636	0.454545454545455	0.727272727272727	0.363636363636364	0.636363636363636
SRP052896	human	21	21156	4634	748	184	0.7393638992152	0.736943907156673	0.928391432171357	0.628348449694157	0.700148392942641	0.0701336221313695	0.773489216430668	0.0770348032250843	0.69771074021912	0.988137222670862	0.987167881555095	1054	1185.6	208	272.3	0.401902942270586	0.397170658076614	0.0419489746423328	0.0473449999412249	0.0313092979127135	0.0324854169503558	0.0240384615384615	0.0442787961706248	0.142199914312582	0.151509440049948	0.146289643571486	0.0552666639490173	0.970588235294118	0.971503267973856	0.966765934443953	0.4	TRUE	0.6	0.3	mildly_imbalanced	0.2	lung	10	10	0.454545454545455	0.636363636363636	0.454545454545455	0.818181818181818	0.545454545454545	0.545454545454545
SRP053223	mouse	10	18619	2255	453	0	0.574137931034483	0.574633304572908	0.112626484821821	0.696137339055794	0.565629885037571	0.142045435740543	0.251032160719091	0.259258850289996	0.56588860241619	0.993087245368866	0.995157525774519	923	850.5	65	194.2	0.553955347130651	0.434806870386644	0.021256912389007	0.0288341131138537	0	0	0.0307692307692308	0.0378446115288221	0.00629217305591592	0.00699557710830161	0.641737243428677	0.418357140828075	0.636363636363636	0.844444444444445	0.673030303030303	0.333333333333333	FALSE	0.6	0.4	balanced	0	other	10	10	0.909090909090909	0.545454545454545	0.818181818181818	0.181818181818182	0.545454545454545	0.181818181818182
SRP053235	mouse	13	23947	11153	907	604	0.161457418788411	0.1669452181987	0.712891674127126	0.0835200286764047	0.176616059836022	0.233268317027681	0.585351110666549	0.278214460333847	0.179914064847044	0.757397510323766	0.959383767752131	9314	8959.95	237	318.75	0.774848030746444	0.726707188588238	0.00528501563034216	0.0266904311950117	0.0604466394674683	0.0513258837943801	0.0675105485232067	0.0170766904692928	0.399373747358701	0.229779733280474	0.12180206160027	0.0657682961666742	0.4375	0.545983534439417	0.768456625074272		TRUE	0.55	0.45	partially_confounded	0.625	other	20	20	0.0952380952380952	0.857142857142857	0.0476190476190476	0.0476190476190476	0.19047619047619	0.238095238095238
SRP053389	mouse	16	21969	9769	784	386	0.975262520193861	0.975602061205174	0.975017844396859	0.978430379746835	0.974097408956648	0.00286083894251562	0.896101176922724	0.0654779868749423	0.97378079600125	0.999517486538974	0.999712427699726	110	136	135	120.3	0.339686306942315	0.328788230279712	0.0796295763311253	0.0818878527892938	0.0363636363636364	0.024679021783246	0.0666666666666667	0.0322093418808465	0.00177138940253943	0.00191904316902186	0.491783927420507	0.640388011515091	0.666666666666667	0.81	0.677142857142857		FALSE	0	0	balanced	0	brain_cns	10	10	1	0.545454545454545	0.909090909090909	0.181818181818182	0.636363636363636	0.363636363636364
SRP053396	mouse	47	18232	819	597	28	0.508064516129032	0.510652033570045	0.924794359576968	0.886091127098321	0.891059023876409	0.0296924145162088	0.761408255770231	0.212867399401405	0.893874996388213	0.991819146800314	0.999623064453616	0	55.4	793	39.1	0	0.270389400530598	0.0469789497050503	0.0509019313037962		0.0563521004881194	0.0441361916771753	0.0399482201703377	0.0341069675954512	0.0120010594115366	0.0281346681632181	0.208995513157105	0.692307692307692	0.853971028971029	0.792737262737263		TRUE	0.5	0.8	balanced	0.022	liver	10	10	0.181818181818182	0.0909090909090909	0.363636363636364	0.0909090909090909	0.363636363636364	0.272727272727273
SRP053398	mouse	56	22560	9029	798	363	0.979469910927656	0.979735084342805	0.990857016964089	0.991948825410831	0.991266953864388	0.00125461400369418	0.965552247502643	0.0193225056112613	0.991315160878801	0.999583268367138	0.999947680549337	12	40.5	177	38.7	0.18572327993838	0.328458193746753	0.076446358639679	0.0711285102827787	0	0.0592382029888215	0.0564971751412429	0.0322524116354036	0.00139100505035254	0.00107039803488791	0.732470168939075	0.778610383027203	0.888888888888889	0.922222222222222	0.855555555555556	0.4	FALSE	0	0.1	balanced	0	brain_cns	10	10	0.818181818181818	0.0909090909090909	0.818181818181818	0.0909090909090909	0.727272727272727	0.545454545454545
SRP053401	mouse	16	21635	685	785	21	0.841843088418431	0.842985842985843	0.849489795918368	0.831884057971015	0.835169178791941	0.0412411585172883	0.707909373677855	0.118974503219851	0.838428417900158	0.998132240214525	0.999162245459869	9	57.7	118	68.2	0.0812797264765711	0.214344534998738	0.135126191372526	0.0701050613072549	0	0.0492956913880332	0.0423728813559322	0.03473874794714	0.00999989354920952	0.00559522383120551	0.187773493805329	0.502272157484923	0.833333333333333	0.897671568627451	0.861675579322638	0.6	FALSE	0	0	balanced	0	brain_cns	10	10	0.909090909090909	0.545454545454545	0.727272727272727	0.0909090909090909	0.454545454545455	0.272727272727273
SRP055058	mouse	48	20628	95	743	1	0.928571428571429	0.927835051546392	0.938775510204082	0.919191919191919	0.920360346307844	0.0175337673404659	0.810560924463701	0.120866629795635	0.921379620845236	0.999499346853802	0.999648628684916	4	4	3	3.9	0.326190476190476	0.307971781305115	0.0628571428571429	0.0486925322152595	0	0	0	0.040625	0.00513914620695707	0.00538297093594184	0.36898932344375	0.0929854383052325	1	0.979047619047619	0.854583333333333		FALSE	0	0.1	balanced	0	brain_cns	10	10	0.909090909090909	0.818181818181818	0.909090909090909	0.0909090909090909	1	1
SRP055082	mouse	8	23735	5511	910	216	0.779317697228145	0.779545034214907	0.754465091105899	0.771403038427167	0.74939026539577	0.0366999993076194	0.789241794264095	0.0360506367721089	0.749174591280923	0.993044268487144	0.992391257775981	1125	1005	117	508.9	0.490580868312019	0.397366858926714	0.0243420895442432	0.0373118038184297	0.04	0.0319298446152008	0.0427350427350427	0.0305399092028909	0.0928863438426864	0.104811846349433	0.324034969345578	0.142416764332048	0.833333333333333	0.767145011850894	0.788134022839905	0.316666666666667	FALSE	0	0	mildly_imbalanced	0.25	brain_cns	10	10	0.545454545454545	0.727272727272727	0.454545454545455	0.363636363636364	0.818181818181818	0.909090909090909
SRP055521	mouse	20	18439	764	553	18	0.859173126614987	0.860927152317881	0.862962962962963	0.846649484536082	0.858011305112607	0.00711531102310901	0.792100444652614	0.0964966493587209	0.857494790117361	0.997806054660725	0.995924860405624	99	78	10	35.5	0.467641754433257	0.435877908078929	0.0230803724231912	0.0549144278749211	0.0303030303030303	0.0217365628438512	0.1	0.0091232423490488	0.0507793660637637	0.0738314526000742	0.0693729567580541	0.106131968639976	1	0.952360602360602	0.938302948647776		FALSE	0.1	0.5	balanced	0.1	liver	10	10	0.818181818181818	0.545454545454545	0.909090909090909	0.909090909090909	1	1
SRP055571	mouse	15	22174	2	850	1	0.5	1	1	0	0.3	0.349602949390051	0.266666666666667	0.370185138865726	0.5	0.997089506061939	0.997333052209492	1	1.4	0	0	0.65	0.577777777777778			1	0.722222222222222			0.0526244576605403	0.0561383962505195	0.225291169289155	0.27795843787812	0.92	0.952529914529915	0.831636752136752	0.4	FALSE	0	0.2	balanced	0.071	brain_cns	10	10	0.818181818181818	0.909090909090909	0.818181818181818	0.363636363636364	0.818181818181818	0.181818181818182
SRP055749	human	16	25943	5	956	0	0.571428571428571	0.571428571428571	0.166666666666667	0.2	0.344757834757835	0.255183532777267	0.271632653061225	0.21801463450839	0.344808259587021	0.987293777821902	0.990343067075269	1	2.7	2	34.7	0.158333333333333	0.479166666666667	0.000578034682080925	0.000170010200612037	0	0	0	0.0173410404624277	0.114902616063645	0.0990548763857902	0.132002687788357	0.0476233346172556	0.896551724137931	0.954745677014865	0.933559707194301	0.0583333333333333	FALSE	0	0	mildly_imbalanced	0.164	adipose	10	10	0.818181818181818	0.727272727272727	0.363636363636364	0.0909090909090909	0.363636363636364	0.181818181818182
SRP056447	mouse	18	22920	8178	755	260	0.934589406327764	0.935294117647059	0.82117952960643	0.950750242013553	0.942384828449818	0.00772108396682258	0.855644734316419	0.130578186553652	0.942170756109124	0.99749308063914	0.998631428277874	291	321.5	261	159.7	0.389928667830516	0.387139536684576	0.101657346882467	0.0584815532036524	0.0171821305841924	0.0239099242985633	0.0727969348659004	0.034476293148957	0.0578868006399069	0.0443938067937975	0.111688843523878	0.105993034322044	0.962962962962963	0.963756613756614	0.885648604269294	0.2	FALSE	0	0	balanced	0.143	gut	10	10	0.818181818181818	0.181818181818182	0.636363636363636	0.181818181818182	0.818181818181818	0.454545454545455
SRP056696	human	55	27734	3497	971	91	0.715993170176437	0.715371127995324	0.854397834912043	0.773049645390071	0.830601985298731	0.0246394668788434	0.929959756700435	0.0427424648717308	0.830862077585412	0.993459386586361	0.993012582646584	981	398.2	17	232.2	0.31869185324593	0.27304383578289	0.0180432804653855	0.0789425325616747	0.0234454638124363	0.0216788435285725	0.0588235294117647	0.0404799932423034	0.113798977240597	0.10871267004514	0.139599260597247	0.0486566479207345	0.882352941176471	0.917542653425006	0.982599949070537	0.195	FALSE	0	0	mildly_imbalanced	0.26	liver	10	10	0.0909090909090909	0.0909090909090909	0.181818181818182	0.727272727272727	0.0909090909090909	0.454545454545455
SRP056835	human	13	22505	8533	786	318	0.872670807453416	0.871157167530225	0.896955237446035	0.854464285714286	0.89299201912424	0.0180576267827904	0.857124854839844	0.0797393396392659	0.891738170323806	0.991900237255122	0.995265496466397	665	673.6	483	269.2	0.321818464515848	0.425068523148963	0.0426382466844255	0.133421321136459	0.0240601503759399	0.0216887268340824	0.0269151138716356	0.0366677006273084	0.109630205693684	0.071061107043983	0.0531916942343091	0.0306092716168804	0.923076923076923	0.912710622710623	0.796428571428572		FALSE	0	0.2	mildly_imbalanced	0.19	other	10	10	0.545454545454545	0.272727272727273	0.363636363636364	0.181818181818182	0.818181818181818	0.636363636363636
SRP056840	human	64	21698	18	748	1	0.439024390243902	0.425	0.739130434782609	0.277777777777778	0.416196703880914	0.139712931701592	0.631272967116789	0.19906167675837	0.425590236094438	0.981114012454254	0.986896120834931	0	9	23	3.7		0.495698869032202	0.033	0.00378787878787879		0.0698825865492532	0	0	0.163015811722176	0.140623964090554	0.122578038085319	0.0390057640712018	0.714285714285714	0.767487610428787	0.880436507936508	0.266666666666667	FALSE	0	0	mildly_imbalanced	0.256	blood	10	10	0.272727272727273	0.636363636363636	0.181818181818182	0.0909090909090909	0.0909090909090909	0.363636363636364
SRP056865	mouse	48	20019	110	512	1	0.63963963963964	0.636363636363636	0.601769911504425	0.938053097345133	0.84894470497905	0.0590843861163266	0.717615417428723	0.16374210975828	0.847596205890498	0.994298379410925	0.999008780187261	39	14.3	1	2.8	0.330485347985348	0.460480971365904	0.053525641025641	0.0250900360144058	0	0	0	0	0.0551174358955179	0.0145856218318034	0.0614321933662114	0.0771860540519535	1	0.98	1		FALSE	0	0	balanced	0	brain_cns	10	10	0.363636363636364	0.0909090909090909	0.454545454545455	0.0909090909090909	1	1
SRP056980	mouse	8	21824	7	691	0	0	0	0	0	0.223928571428571	0.250442069466634	0.279285714285714	0.329574039661876	0.223928571428571	0.997977178136391	0.996789726712146	7	5	0	0.9	0.714285714285714	0.545873015873016		0	0	0		0	0.0109989240608409	0.012898318188541	0.0449446442777545	0.117603748885713	0.923076923076923	0.899956043956044	0.827011396011396		FALSE	0	0	balanced	0	tumor	10	10	0.545454545454545	0.545454545454545	1	1	1	0.818181818181818
SRP057793	human	84	24125	4824	828	167	0.774656551158499	0.773364485981308	0.947738693467337	0.826711918546616	0.821987400256586	0.0320110529242576	0.940337212636203	0.0304201534549401	0.821119210810981	0.993523249453412	0.992718816509736	1046	596.9	53	313.9	0.336384239440413	0.254118160488807	0.0332145506120349	0.0828032712128949	0.0286806883365201	0.0253876443139207	0.0377358490566038	0.0389536625337897	0.110135188379931	0.118753919950459	0.3848262408699	0.0523927842167524	0.962962962962963	0.876874657909141	0.945238095238095	0.122619047619048	FALSE	0.2	0	mildly_imbalanced	0.225	tumor	10	10	0.0909090909090909	0.181818181818182	0.0909090909090909	0.818181818181818	0.909090909090909	1
SRP058243	human	46	28591	6930	916	189	0.888873493141194	0.888746438746439	0.975372279495991	0.910258180312025	0.893749085832728	0.00831914074388471	0.903123182305426	0.0525306257125495	0.893454470035828	0.994929558669694	0.995710740966587	515	459.8	287	309.3	0.287406948684732	0.277356463555153	0.0866878809908339	0.0980377133791993	0.0252427184466019	0.0207153642912259	0.0278745644599303	0.0297775253554438	0.0907398094335077	0.0841456482448472	0.246419954760342	0.0662382991228326	0.971428571428571	0.923151260504202	0.934721402074343		FALSE	0	0.3	mildly_imbalanced	0.286	tumor	10	10	0.363636363636364	0.272727272727273	0.272727272727273	0.363636363636364	0.818181818181818	1
SRP058363	mouse	8	20575	1189	489	1	0.00672834314550042	0.00673400673400673	0.0789915966386555	0.71523178807947	0.309087564283696	0.372123852844789	0.247851633248869	0.323207910281788	0.309541591984322	0.97806667165613	0.969400092394041	1181	768.2	0	72.6	0.645282135856825	0.450900835460949		0.0454387223462555	0.000846740050804403	0.00301880962349894		0.00541666666666667	0.161224797392842	0.181387819332432	0.223365318729419	0.243911271576804	0.875	0.79296525627795	0.768844081110705		FALSE	0	0.2	mildly_imbalanced	0.25	muscle	10	10	0.454545454545455	0.545454545454545	0.909090909090909	0.636363636363636	0.818181818181818	0.909090909090909
SRP058378	mouse	10	20722	37	738	0	0.552631578947369	0.552631578947369	0.53030303030303	0.53030303030303	0.568222768222768	0.0625690387297439	0.58236882917734	0.0576432992180004	0.568222768222768	0.942995185391943	0.942128049072811	16	12.6	1	6.3	0.662538699690403	0.54613955703739	0.2	0.119047619047619	0	0	0	0	0.293734100113036	0.342710900040403	0.0642455777463015	0.0479833975799587	0.7	0.660368389780154	0.61850175967823	0.266666666666667	FALSE	0	0	mildly_imbalanced	0.2	heart	10	10	0.545454545454545	0.636363636363636	0.363636363636364	0.636363636363636	0.727272727272727	0.636363636363636
SRP058715	mouse	8	22163	3605	979	261	0.0463791700569569	0.0484530064214828	0.000277392510402219	0	0.0313668097317375	0.0338072586886936	0.161873818974981	0.233077007311158	0.0327520892616324	0.888204360369621	0.896372307606806	3434	3478.55	82	148	0.961601249623403	0.950613987708046	0.45	0.24025974025974	0.0745486313337216	0.0739722936109025	0	0.0145650928729237	0.474512287436754	0.377461365845836	0.138336125063687	0.12617039273853	0.428571428571429	0.374210316537682	0.677057142633768	0.682954545454546	TRUE	1	0.1	partially_confounded	0.75	other	20	20	0.666666666666667	0.904761904761905	0.0476190476190476	0.476190476190476	0.0952380952380952	0.857142857142857
SRP059039	human	252	25685	9527	934	331	0.937165910237015	0.938323228099519	0.984267555740779	0.928471528471528	0.93513487638332	0.00890790643267559	0.981969565852466	0.0158830008351652	0.935580191933615	0.997101328401229	0.99836328064394	235	347.8	388	288.8	0.195332334209349	0.198291867587959	0.196713743691685	0.154532281349798	0.0638297872340426	0.0496493267201176	0.0463917525773196	0.0348170064057188	0.0545642418423608	0.0544689644957713	0.712224448296924	0.0438652455445168	0.96551724137931	0.965968801313629	0.959080459770115		FALSE	0	0	mildly_imbalanced	0.176	blood	10	10	0.0909090909090909	0.545454545454545	0.0909090909090909	0.0909090909090909	0.909090909090909	0.727272727272727
SRP059172	human	150	24611	2914	896	85	0.696055684454756	0.700956937799043	0.891174518911745	0.697275479313824	0.73291056646175	0.082969956593104	0.936175292017109	0.0520156841205806	0.734702806891369	0.983179845426152	0.987160259558043	814	659.5	103	154.4	0.40041464748027	0.326663187450826	0.0665876729036919	0.0620173517583067	0.0442260442260442	0.0369673586498307	0.058252427184466	0.0420995646007066	0.162521188744671	0.145078446456548	0.572820323789248	0.0462812971558064	0.961538461538461	0.826909487477439	0.92624450900313	0.475	TRUE	0.9	0.6	mildly_imbalanced	0.228	blood	10	10	0.0909090909090909	0.363636363636364	0.0909090909090909	0.181818181818182	0.909090909090909	1
SRP059588	human	23	14087	1563	436	47	0.885697187312986	0.882932840418977	0.586559139784946	0.829775588396278	0.872058877672762	0.0126539653935813	0.830423645212467	0.0767563420276921	0.870908660877625	0.996476244477803	0.996092295949525	83	109.5	108	103.8	0.201628437164841	0.206190320919696	0.120153690057028	0.101517876452345	0	0.0226825015272431	0.00925925925925926	0.012032913457294	0.0680797331056717	0.0597583646470159	0.056574130389646	0.0351338504727682	1	0.974166666666667	0.933333333333333		TRUE	0.5	0.9	balanced	0.069	tumor	10	10	0.727272727272727	0.818181818181818	0.727272727272727	0.636363636363636	1	1
SRP059676	mouse	8	20106	298	684	5	0.612377850162867	0.615894039735099	0.501672240802676	0.712166172106825	0.593041007708362	0.080406172697307	0.56406990438844	0.0966848181010232	0.596315982740881	0.922850814676602	0.924255235811732	110	113.2	9	12	0.755928131725139	0.654138742085789	0.404255319148936	0.206004728132388	0.0272727272727273	0.0255120508670204	0	0	0.438850249789283	0.427057602749802	0.0474487172464144	0.0397150741793704	0.857142857142857	0.764069264069264	0.705844155844156		TRUE	0.6	0.3	mildly_imbalanced	0.25	blood_immune	10	10	0.727272727272727	0.818181818181818	0.363636363636364	0.636363636363636	0.909090909090909	0.818181818181818
SRP060296	mouse	36	17479	3696	540	114	0.926241846462619	0.926462972553081	0.93245382585752	0.974214343271555	0.969496351231957	0.012903590123801	0.918593965195823	0.0639970294104851	0.969376185664158	0.998889205428466	0.999816410946637	4	49.7	290	65.9	0.0484138547209693	0.280554385139028	0.0819146504671463	0.0726728015593765	0	0.0285481772293512	0.0344827586206897	0.0131303418803419	0.0045351421704515	0.00402561267355693	0.0626086683713609	0.234339577347358	1	0.978787878787879	0.957575757575758		FALSE	0	0	balanced	0	liver	10	10	0.454545454545455	0.0909090909090909	0.818181818181818	0.0909090909090909	1	1
SRP060667	mouse	16	21142	448	849	14	0.859437751004016	0.864583333333333	0.820175438596491	0.843253968253968	0.852118287441442	0.0153564022205539	0.835300773772755	0.0801387289913785	0.850651764762121	0.983293362632295	0.993839703633195	20	53.1	50	15.4	0.274942453315258	0.474785501013164	0.0719535778416417	0.0518911450570738	0.05	0.0168697065700231	0.08	0.0337736634075307	0.138158826729725	0.0890606243084955	0.146671767989518	0.193555520091678	0.615384615384615	0.857088744588745	0.838759573759574	0.15	FALSE	0.1	0.2	balanced	0.125	other	10	10	0.636363636363636	0.636363636363636	0.181818181818182	0.0909090909090909	0.0909090909090909	0.0909090909090909
SRP060715	human	15	24088	9296	906	345	0.666169101183495	0.670511256515471	0.924607770875013	0.666169101183495	0.675479577115555	0.0117786039030273	0.861482409558798	0.0890731851876334	0.677549754431683	0.985430818427453	0.987953187734613	3048	2976.7	83	59	0.620947254839891	0.694595573463176	0.0349164745271191	0.185205720045227	0.0469160104986877	0.0423203345606958	0.204819277108434	0.100366285580354	0.149139463562286	0.132976964676959	0.182172415296082	0.0683701178263559	0.972972972972973	0.888888888888889	0.934478243425612	0	FALSE	0.7	0.25	partially_confounded	0.4	other	20	20	0.142857142857143	0.333333333333333	0.0952380952380952	0.19047619047619	0.952380952380952	1
SRP061193	mouse	24	15802	4191	405	22	0.701516180131251	0.701047358834244	0.816651501364877	0.948470209339775	0.92411817656252	0.0387454531062331	0.866476808352261	0.0938234015573855	0.924644142854962	0.993438573933988	0.997563751800312	1091	197.8	228	130.4	0.134313736294764	0.295822908315638	0.112061977706831	0.225770905185156	0.000916590284142988	0.0151997009509925	0.0219298245614035	0.0170664147454832	0.0333346914672901	0.0202966100093872	0.0479240143021032	0.133007638748529	0	0.683333333333333	0.741666666666667	0.2	TRUE	0.4	0.8	balanced	0	blood_immune	10	10	0.181818181818182	0.0909090909090909	0.818181818181818	0.0909090909090909	0.181818181818182	0.0909090909090909
SRP061286	human	19	22080	144	822	9	0.522167487684729	0.510416666666667	0.651041666666667	0.00694444444444444	0.152347419249206	0.180420813862925	0.169275525525526	0.218772746522166	0.147580766296376	0.987810486350473	0.993337165020073	38	113.8	59	19	0.275640072822442	0.649215582555068	0.0116822429906542	0	0.0263157894736842	0.0509752536678105	0.0338983050847458	0.0468253968253968	0.107806523685963	0.0972072689238471	0.262844173385205	0.0976673204707913	0.882352941176471	0.935926262396851	0.974677871148459	0.075	FALSE	0.5	0.5	mildly_imbalanced	0.214	other	10	10	0.909090909090909	1	0.181818181818182	0.0909090909090909	0.0909090909090909	0.181818181818182
SRP061386	mouse	12	19568	10114	594	323	0.921858992269722	0.921515821871694	0.781592465753425	0.944870283018868	0.933850455014736	0.00657593360073977	0.878611640375432	0.0639972685737202	0.933581671692857	0.995309242712941	0.997989095858482	216	374.2	623	317	0.255502071111617	0.332975017723248	0.122910757197448	0.0764343941505329	0.0277777777777778	0.0293476794765209	0.0272873194221509	0.0298323602535269	0.0825628047233517	0.0441637130720377	0.0852863769115175	0.13905522074713	0.88	0.930641025641026	0.866031746031746	0.216666666666667	FALSE	0	0	mildly_imbalanced	0.167	blood_immune	10	10	0.545454545454545	0.0909090909090909	0.545454545454545	0.0909090909090909	0.636363636363636	0.181818181818182
SRP061407	mouse	12	18924	11	685	0	0.727272727272727	0.727272727272727	1	0.727272727272727	0.726666666666667	0.0935997357945782	0.703409090909091	0.287367074376479	0.726666666666667	0.903376655614759	0.904167820215573	3	2.4	0	0.95	0.770833333333333	0.63421052631579		0.0580357142857143	0	0		0	0.50944280014716	0.465588936081926	0.0377509156328732	0.0328151128832148	0.6875	0.398095483807558	0.616689517912428	0.341771561771562	TRUE	0.2	0.1	partially_confounded	0.333	other	20	20	0.380952380952381	0.80952380952381	0.238095238095238	0.380952380952381	0.571428571428571	0.952380952380952
SRP061758	mouse	9	23281	645	941	21	0.188271604938272	0.192982456140351	0.257100149476831	0.285714285714286	0.221274502026277	0.0581856411899727	0.501259561842578	0.204782022552741	0.225138713029259	0.910349149691188	0.911608382184254	523	499.9	3	9.25	0.885580924970199	0.860632946819498	0.1	0.0878623188405797	0.0382409177820268	0.0376721865687759	0	0.0185688405797101	0.370321769585433	0.400282033367173	0.101494296950536	0.0476064166176353	0.5	0.57735654089927	0.751635438593834	0.3325	FALSE	0.4	0.2	partially_confounded	0.6	brain_cns	20	20	0.142857142857143	0.428571428571429	0.142857142857143	0.285714285714286	0.142857142857143	0.285714285714286
SRP061785	mouse	15	19416	38	568	2	0.0611916264090177	0.0694980694980695	0.203208556149733	0.473684210526316	0.55252796365751	0.0740587482807238	0.588999907141552	0.240167310687436	0.577074527257524	0.943182386549923	0.958047130933369	0	14.5	583	4.6	0	0.589263115467083	0.00313144686300734	0.0299808256567803		0.130877751634331	0.173241852487136	0.0874074074074074	0.330833638780982	0.365436218713622	0.179123535741099	0.151804355163278	0.818181818181818	0.698495670995671	0.836818181818182	0.241666666666667	FALSE	0.4	0.2	partially_confounded	0.444	brain_cns	20	20	0.142857142857143	0.0476190476190476	0.0476190476190476	0.0476190476190476	0.476190476190476	0.952380952380952
SRP061800	mouse	8	20930	255	681	9	0.479553903345725	0.480769230769231	0.455188679245283	0.477855477855478	0.366719066636786	0.0727143313035776	0.55182570229957	0.181998146281956	0.367954567006212	0.93108437337075	0.89280268047218	126	145.2	14	39.2	0.604383956645417	0.642062003831318	0.0660197475791535	0.0819560983827668	0.0396825396825397	0.0371074960471057	0	0.0916362993336918	0.344533096567819	0.431488245326987	0.0863270594859913	0.0453299742679379	0.966666666666667	0.839291692850161	0.871891605847463	0.155357142857143	FALSE	0.35	0.368421052631579	partially_confounded	0.5	other	19	20	0.55	1	0.55	1	0.8	0.952380952380952
SRP061985	mouse	9	18423	62	838	62	0		0.451612903225806	0	0.00634920634920635	0.019542444801622	0.522221777397418	0.240157983377037		0.5732524061188	0.584020671881842	62	61.6	0	0.1	0.993548387096774	0.987775891341256		0.027027027027027	1	1		1	1.30760118236817	1.56644151417454	0.421661408222838	0.0901293278057294	0.444444444444444	0.278968253968254	0.694642857142857	0.473333333333333	FALSE	0.1	0.1	partially_confounded	0.8	blood_immune	20	20	0.142857142857143	0.904761904761905	0.0952380952380952	0.571428571428571	0.142857142857143	0.80952380952381
SRP062025	human	24	22305	8	863	0	0.727272727272727	0.727272727272727	0.75	0.875	0.809191919191919	0.078865738242014	0.590357142857143	0.217052412428539	0.809191919191919	0.994995061887321	0.993915756738148	0	0.6	3	1.2		0.142857142857143	0.211666666666667	0.14484126984127		0	0	0	0.0533698275161474	0.068740167395745	0.0672128065876466	0.05181352782635	1	0.957575757575757	0.746076423576424		FALSE	0.2	0.4	balanced	0.067	musculoskeletal	10	10	0.636363636363636	0.181818181818182	0.909090909090909	0.818181818181818	1	1
SRP062238	mouse	8	20855	350	789	10	0.66839378238342	0.666666666666667	0.66839378238342	0.497222222222222	0.523043823421335	0.0522043364256489	0.6138757419038	0.0848738704089932	0.523896652256962	0.957713670914	0.958271135261136	92	160.9	36	10.8	0.51010305555792	0.757445579148609	0.1	0.266666666666667	0.0217391304347826	0.0306057528298875	0.0277777777777778	0.00277777777777778	0.297101244391657	0.262546399898809	0.0601017330057193	0.0403171937482224	0.7	0.728102766798419	0.635750988142292	0.460714285714286	FALSE	0	0	mildly_imbalanced	0.25	heart	10	10	0.818181818181818	1	0.727272727272727	0.454545454545455	0.818181818181818	0.363636363636364
SRP062966	human	117	23797	6269	865	238	0.902614686081102	0.901823510257245	0.974894745049119	0.926175524582631	0.936686753697003	0.0116033885593243	0.938533478265045	0.0415889246057817	0.936877595261385	0.997310095545216	0.998812026242506	504	241.6	118	165.9	0.288276731451224	0.236679976171289	0.103424480988474	0.113178323913933	0.0238095238095238	0.0393713794289413	0.0593220338983051	0.046436566394903	0.0830388152103422	0.0496782612135275	0.117922354351827	0.0325647142321375	0.85	0.860355054302423	0.876582387340901		FALSE	0	0	balanced	0.061	blood	10	10	0.272727272727273	0.0909090909090909	0.272727272727273	0.0909090909090909	0.363636363636364	0.545454545454545
SRP063006	human	22	27791	2034	1023	66	0.765867418899859	0.770955165692008	0.837746952501051	0.768047337278107	0.750334763656312	0.0298100224469766	0.707532363833177	0.183358746848829	0.753313836808053	0.993476793995369	0.991493392322777	405	382.4	93	164.2	0.447504452395232	0.388804348740476	0.0367288760244426	0.0398600048604054	0.0469135802469136	0.0439991754165656	0.0967741935483871	0.0426616377383363	0.0864457690191182	0.105754647130071	0.0955002051833859	0.0406680906667744	0.933333333333333	0.867928717093066	0.838210710313046	0.258333333333333	FALSE	0.4	0.2	mildly_imbalanced	0.15	tumor	10	10	0.545454545454545	0.818181818181818	0.545454545454545	1	0.818181818181818	0.909090909090909
SRP063269	mouse	23	27054	7	1029	0	0.875	0.875	0.857142857142857	0.875	0.864191919191919	0.136548114812529	0.781349206349206	0.168527032087489	0.864191919191919	0.995601375403679	0.997249589578646	0	0	1	1.3			0	0.168803418803419			0	0	0.039889731152674	0.0380804782912871	0.118506714051614	0.187062420106908	0.615384615384615	0.862727272727273	0.696298701298701	0.0333333333333333	FALSE	0.4	0.5	balanced	0.045	brain_cns	10	10	0.818181818181818	0.636363636363636	0.636363636363636	0.181818181818182	0.363636363636364	0.0909090909090909
SRP063455	mouse	384	18834	8058	630	180	0.980348808646524	0.982138364779874	0.986996904024768	0.993814943097476	0.99160391532728	0.00147944342747845	0.985122334417551	0.00999166448692483	0.991903353571826	0.99937736590617	0.999934862575618	76	39.4	84	28.5	0.119503476433074	0.144651579886911	0.103191286216174	0.0860642248245144	0.0789473684210526	0.0284527699968876	0.142857142857143	0.0811331771676599	0.00935694500810808	0.00479628621545879	0.149773650141384	0.0985667167663176	0.96875	0.990423387096774	0.987298387096774		FALSE	0	0	balanced	0.016	liver	10	10	0.272727272727273	0.0909090909090909	0.181818181818182	0.0909090909090909	0.454545454545455	0.363636363636364
SRP064216	mouse	48	21555	1381	774	46	0.962304409672831	0.962444771723122	0.805873925501433	0.96969696969697	0.961933594402779	0.00857482743384169	0.865617580876626	0.0736379104648755	0.96199209070798	0.999676709385202	0.999833768547012	28	20.6	25	33.4	0.313409892362877	0.241340782263667	0.0809433313016515	0.107274783800948	0	0.0311255411255411	0.08	0.0364503864093311	0.00219209480007247	0.00393762223642425	0.749172140430214	0.372312157186898	1	0.978947368421053	0.938684210526316		FALSE	0	0	balanced	0	brain_cns	10	10	1	0.363636363636364	1	0.272727272727273	1	1
SRP064245	mouse	48	21808	273	800	0	0.944055944055944	0.944055944055944	0.883211678832117	0.950177935943061	0.94470123995807	0.0159108178631157	0.893871087914719	0.0513221989847057	0.94470123995807	0.994714312696463	0.998118064717226	3	6.3	13	9.4	0.187332667332667	0.305399415399415	0.11207646282017	0.0876932469997099	0	0	0	0	0.0199493353658615	0.00880779123766058	0.144090872428656	0.158363374206703	0.647058823529412	0.838071895424837	0.794852941176471	0.383333333333333	TRUE	0.2	0.6	balanced	0	brain_cns	10	10	0.909090909090909	0.454545454545455	0.272727272727273	0.181818181818182	0.272727272727273	0.181818181818182
SRP064431	human	12	23085	128	753	2	0.503875968992248	0.503937007874016	0.03125	0.604651162790698	0.458371908512841	0.125608229766415	0.388000334116881	0.208024358883222	0.458849952445448	0.992678273162238	0.994400355335562	63	67.4	1	3.1	0.681792167199926	0.68691475529344	0	0.0372820512820513	0.0158730158730159	0.0131632097967143	0	0.270833333333333	0.0676605671981414	0.0765748006543496	0.0714626513577129	0.0471604229154432	0.863636363636364	0.898207450444293	0.815577393620872		TRUE	0.2	0.2	balanced	0.125	liver	10	10	0.727272727272727	0.727272727272727	0.727272727272727	0.272727272727273	0.818181818181818	0.454545454545455
SRP064534	mouse	12	18456	2113	679	82	0.860347985347985	0.859047619047619	0.5890603085554	0.829737335834897	0.842400322706094	0.035455481526836	0.740808128923348	0.153211504237165	0.84142724761388	0.998017386507963	0.997870971663331	234	252.1	71	94.6	0.406343485479382	0.347839822068791	0.0492706629669424	0.0459690345632327	0.0299145299145299	0.0359707746736838	0.028169014084507	0.0407049041411569	0.00933221968283624	0.0107164366213961	0.0540597456669965	0.0964517970853254	0.818181818181818	0.823484848484848	0.748648018648019		FALSE	0.4	0.6	balanced	0	heart	10	10	0.545454545454545	0.636363636363636	0.909090909090909	0.545454545454545	0.818181818181818	0.545454545454545
SRP064923	mouse	11	18317	1	170	0	1	1	1	1	1	0	1	0	1	0.879113765243638	0.854581035398778	0	0	0	0									0.572128820163837	0.53217393194399	0.262053946889631	0.0686872906612605	0.25	0.324702242202242	0.435969163686555	0.4175	FALSE	0.8	0.75	partially_confounded	0.467	other	20	20	1	1	0.0952380952380952	0.666666666666667	0.0476190476190476	0.333333333333333
SRP064991	mouse	12	19325	2218	641	69	0.707865168539326	0.709058456046408	0.618857901726428	0.634581881533101	0.688235486418038	0.0459877786154647	0.799987660869713	0.114018857650896	0.688356195712332	0.980198901544343	0.979331530158878	580	583.25	96	151.9	0.514764518466796	0.472801000693075	0.0460359429363312	0.0428994707393785	0.0344827586206897	0.0315198869420579	0.0416666666666667	0.0245844999680933	0.172743510703106	0.196932919959864	0.475697545559224	0.116341980719067	0.862068965517241	0.876943296784787	0.917715451030245	0.234761904761905	FALSE	0	0	partially_confounded	0.333	brain_cns	20	20	0.380952380952381	0.571428571428571	0.19047619047619	0.619047619047619	0.285714285714286	0.380952380952381
SRP065445	human	12	24141	1567	765	52	0.372920252438325	0.37085308056872	0.748492159227986	0.3625	0.368062280454136	0.10844667935153	0.651883214609401	0.183451906080524	0.366988018281829	0.890178733113394	0.941932601022073	917	937.1	176	119.8	0.653240328642652	0.635896238241086	0.0638637655960646	0.0315595116149123	0.0305343511450382	0.0324776073608978	0.0170454545454545	0.0183952040322142	0.524357911359068	0.346786842811851	0.134094205813304	0.0491816929524189	0.514285714285714	0.706632092683817	0.840664365009193	0.269183732933733	FALSE	0.1	0	partially_confounded	0.514	blood	20	20	0.238095238095238	0.619047619047619	0.0476190476190476	0.0952380952380952	0.0476190476190476	0.0952380952380952
SRP065767	mouse	29	20224	6149	739	238	0.860849420849421	0.861298617807779	0.817270375161708	0.86544689119171	0.904884137932508	0.0210293422758282	0.886178120901971	0.077711915936653	0.90449634125193	0.980588870513117	0.996377873899577	575	354.7	326	256.8	0.25601079396197	0.308164898053825	0.0402403083519876	0.100127113337793	0.04	0.0374901412307846	0.0460122699386503	0.0230991195049798	0.158376379085302	0.0788613435409522	0.0409808324416533	0.0412562438212445	0.444444444444444	0.681111111111111	0.581010101010101	0.188095238095238	TRUE	0.5	0.5	balanced	0.129	brain_cns	10	10	0.272727272727273	0.0909090909090909	0.181818181818182	0.0909090909090909	0.181818181818182	0.0909090909090909
SRP065801	mouse	8	19801	2112	666	61	0.391605166051661	0.393162393162393	0.848580441640379	0.391605166051661	0.314274602129961	0.0421024266532205	0.735769206477173	0.210202104050233	0.315232211491053	0.940944200857269	0.930243093408501	1263	1432.9	56	47.9	0.718310673564401	0.793632986978161	0.0654751921733054	0.202591740382813	0.0316706254948535	0.0300499889671858	0.0178571428571429	0.0870534969847495	0.339096348426815	0.348093738027433	0.132047039531358	0.0514681690102455	0.708333333333333	0.821401515151515	0.891241664767981	0.525	FALSE	0.95	0.25	partially_confounded	0.5	heart	20	20	0.19047619047619	1	0.285714285714286	1	0.0952380952380952	0.0952380952380952
SRP065812	human	32	24556	10657	842	347	0.905395552314984	0.906082036775106	0.864484717338383	0.924210332443135	0.914442845517964	0.0106659236891873	0.936086218055794	0.0587104347487616	0.914632493126429	0.995402829626876	0.996786076502957	723	644.3	315	292.8	0.31075028036954	0.299009683506285	0.0795300570032055	0.0870094323387766	0.0304287690179806	0.0348082877689071	0.0634920634920635	0.035932829380084	0.0843057111262066	0.0762464741115868	0.445643541914237	0.0489431459763561	0.9375	0.956231671554252	0.962280058651026		FALSE	0.4	0.2	mildly_imbalanced	0.206	skin	10	10	0.181818181818182	0.272727272727273	0.181818181818182	0.0909090909090909	0.454545454545455	0.545454545454545
SRP065842	mouse	17	20702	5086	837	200	0.609393721543254	0.609683054654355	0.839976438248577	0.88284437536429	0.863378973635627	0.0504379079614575	0.473291120266124	0.32908433504556	0.863366069257905	0.994946369393416	0.999096701584692	0	366.2	3260	393.8		0.172328361748126	0.114917159652711	0.0684450303732783		0.0387300461823775	0.0404907975460123	0.0400840736009293	0.0241290257157198	0.0124530544027738	0.11542530736737	0.3137225866746	0.972972972972973	0.98122332859175	0.940792026844658	0.45	FALSE	0.5	0.5	balanced	0.014	brain_cns	10	10	0.727272727272727	0.0909090909090909	0.636363636363636	0.0909090909090909	0.636363636363636	0.545454545454545
SRP066097	mouse	18	18248	1	807	0	0	0	0	0	0.25	0.424918292799399	0.15	0.337474278855276	0.25	0.986687921382969	0.98564552540388	1	0.7	0	0.1	0.7	0.5		0	0	0		0	0.0947464861801693	0.100250420869898	0.0556049749957645	0.0421409355112206	0.571428571428571	0.619711538461539	0.432307692307692	0.547142857142857	FALSE	0.3	0.4	balanced	0.1	other	10	10	0.818181818181818	0.727272727272727	0.818181818181818	0.636363636363636	0.636363636363636	0.454545454545455
SRP067339	mouse	11	18596	1	640	0	0	0	0	0	0.0564583333333333	0.101203241676001	0.266666666666667	0.367343872233955	0.0564583333333333	0.919576396129064	0.90604109134204	1	0.7	1	2.35	0.7	0.52	0.075	0.0492357021860128	0	0	0	0	0.330117159383914	0.370930310689112	0.0975388996963433	0.053806370090851	0.586206896551724	0.55015155907754	0.676337903314786	0.380500333000333	FALSE	0	0.1	partially_confounded	0.464	other	20	20	0.571428571428571	0.714285714285714	0.380952380952381	0.523809523809524	0.428571428571429	0.619047619047619
SRP067454	mouse	27	20666	17619	672	566	0.988957124345034	0.989227902643531	0.995125821809114	0.991967871485944	0.99261891527584	0.000923908487022449	0.989669225197667	0.00443172241805741	0.992584942974451	0.999403794210736	0.999868257100603	66	83.9	130	46.5	0.324303817955102	0.314393622100729	0.104656461242218	0.0918939125306203	0.0303030303030303	0.0365346003060464	0.0692307692307692	0.0118575892822002	0.010901061312924	0.00819699253994694	0.0837946031888065	0.240018141099093	0.96969696969697	0.968939393939394	0.972064393939394		FALSE	0	0	balanced	0.108	liver	10	10	0.545454545454545	0.0909090909090909	0.0909090909090909	0.0909090909090909	0.727272727272727	0.909090909090909
SRP067490	mouse	12	22870	5	778	0	0.833333333333333	1	0.166666666666667	0.833333333333333	0.50229797979798	0.192614166768017	0.377142857142857	0.227641405999374	0.511226551226551	0.99219885877326	0.993893867570165	0	1.4	1	2.1		0.2	0	0.0341880341880342		0	1	0.0555555555555556	0.0963256095458158	0.0883475102750098	0.457748813827646	0.568182037606672	1	0.979210526315789	0.787614035087719		FALSE	0	0.1	balanced	0.125	brain_cns	10	10	1	1	0.636363636363636	0.181818181818182	1	1
SRP067600	mouse	15	19630	479	589	24	0.155270655270655	0.156482861400894	0.723661485319517	0.08125	0.0426957674266387	0.0555477407292306	0.494909878860361	0.186567922731018	0.04336190885354	0.698672716398742	0.85399350971181	370	452.1	223	26.6	0.772666126719184	0.917351160838385	0.00357242953235106	0.00809614168247945	0.0540540540540541	0.050996849316312	0.031390134529148	0.00294117647058824	0.944589780439129	0.580751870065621	0.0735804268120357	0.039672553065866	0.615384615384615	0.615580699262012	0.813269531633756	0.224439726939727	TRUE	0.5	0.3	partially_confounded	0.667	tumor	20	20	0.0952380952380952	0.952380952380952	0.0476190476190476	0.0476190476190476	0.142857142857143	0.571428571428571
SRP067631	human	18	22443	492	742	13	0.746588693957115	0.748	0.563150074294205	0.717092337917485	0.71760634897063	0.0394610349707443	0.732874968444413	0.164491864310533	0.721490058523433	0.979876846713655	0.979382534753033	109	116.7	21	30.3	0.505346619944243	0.503279532031088	0.0240967414355686	0.0393546489185982	0.036697247706422	0.0404268962408145	0	0.0280388065473963	0.168530773720334	0.172510320451299	0.309833089721368	0.059880603789102	0.928571428571429	0.905632183908046	0.878082790402034	0.214285714285714	FALSE	0	0	mildly_imbalanced	0.25	musculoskeletal	10	10	0.545454545454545	0.818181818181818	0.363636363636364	0.545454545454545	0.545454545454545	0.545454545454545
SRP067752	mouse	12	17456	4479	535	119	0.675007536930962	0.675499767549977	0.910941475826972	0.92032907555748	0.899742122107032	0.0203550973583296	0.80832292335358	0.0739240020295265	0.900376116376066	0.989714438545286	0.998837981639279	1	253.5	2155	222.1	0.00249829529275026	0.311471148527352	0.0973758275072849	0.0692774644736214	0	0.0283320127510358	0.0287703016241299	0.0236604508260396	0.0106986017907205	0.00559660101124323	0.0756094894401711	0.181114912493026	1	1	0.980430107526882		FALSE	0	0	balanced	0	liver	10	10	0.0909090909090909	0.0909090909090909	0.363636363636364	0.0909090909090909	1	1
SRP068384	mouse	15	20882	5360	734	173	0.711630377057886	0.712108731466227	0.647556045571481	0.918381958117057	0.907366321799955	0.0121896418602329	0.789887794345418	0.0818856022399252	0.907317343886827	0.986065162844616	0.998786119106979	0	325.1	2172	188.6	0	0.33801367131028	0.0644059432648863	0.0588562614233376		0.0289390056912613	0.0345303867403315	0.0283297957703042	0.0506389997110688	0.0263998892473504	0.0211969998843818	0.166129861556445	0.882352941176471	0.972064393939394	0.944863542924501	0	FALSE	0	0	balanced	0.071	adipose	10	10	0.272727272727273	0.0909090909090909	0.272727272727273	0.0909090909090909	0.272727272727273	0.0909090909090909
SRP068500	mouse	10	21643	71	772	3	0.689320388349515	0.701030927835052	0.697368421052632	0.875	0.848395321373523	0.0599875256312874	0.747004175056702	0.200763054857977	0.851514898231299	0.995076158902766	0.998960161032789	0	4.8	32	7.5		0.36858024691358	0.0825845600477953	0.0843961100627767		0.0880952380952381	0.09375	0.0270531400966184	0.0105190596835187	0.00562160352891522	0.0505612407927874	0.179143264774413	0.846153846153846	0.984615384615385	0.735966386554622	0	FALSE	0	0.3	balanced	0	brain_cns	10	10	0.272727272727273	0.0909090909090909	0.545454545454545	0.0909090909090909	0.545454545454545	0.0909090909090909
SRP068591	human	30	26188	4117	960	134	0.834293309703146	0.834020146520147	0.683147135726171	0.728448275862069	0.789349301883152	0.0500360463041898	0.895520252318591	0.0444997105459718	0.788728801804102	0.988011136666785	0.986345365641001	351	617.5	397	328.6	0.21194886613244	0.333451141030749	0.0538945118645481	0.0710694096727709	0.0313390313390313	0.0250155299608653	0.0302267002518892	0.0499111148119891	0.140869203414275	0.161562880598796	0.389634061948049	0.0842106792603002	0.972972972972973	0.918619348093032	0.960028449502134		FALSE	0	0	mildly_imbalanced	0.286	gut	10	10	0.181818181818182	0.818181818181818	0.181818181818182	0.545454545454545	0.636363636363636	1
SRP069292	mouse	8	23056	37	808	1	0.27027027027027	0.25	0.27027027027027	0.162162162162162	0.225641025641026	0.0533349469487904	0.304416055731845	0.202213833785839	0.204239766081871	0.756448211184822	0.81718807400907	27	28.6	0	0.2	0.863870967741936	0.879796264855688		0.027027027027027	0	0		0	0.739654432403557	0.624993210103065	0.0539564046494651	0.0423335555130589	0.592592592592593	0.715981481481482	0.784706675771893	0.452222222222222	FALSE	0	0.05	partially_confounded	0.5	brain_cns	20	20	0.619047619047619	1	0.142857142857143	0.285714285714286	0.238095238095238	0.380952380952381
SRP069772	mouse	14	21595	1	760	0	1	1	1	1	1	0	1	0	1	0.916134624394422	0.97245584442086	0	0	0	0									0.449845081147149	0.237656347649042	0.0886018413700073	0.0717639150344727	0.875	0.918890518084067	0.802319698552721	0.198333333333333	FALSE	0.1	0.3	balanced	0.143	brain_cns	10	10	1	1	0.363636363636364	0.0909090909090909	0.727272727272727	0.363636363636364
SRP069873	mouse	10	16558	38	626	0	0.725	0.725	0.45	0.690476190476191	0.700957200694043	0.038210161501694	0.542448158388467	0.272553720059517	0.700957200694043	0.984679128890946	0.970823055952456	9	9.8	2	2.2	0.630433455433455	0.562685956019289	0.0666666666666667	0.0569264069264069	0	0	0	0	0.0873103108726376	0.146766652985835	0.0350442677665389	0.0297341790523681	0	0	0					mildly_imbalanced	0.2	heart	10	10	0.727272727272727	0.818181818181818	0.818181818181818	1	1	1
SRP069976	human	41	24294	13320	822	419	0.946298342541436	0.946663623221487	0.991775085987737	0.948816568047337	0.942708529318319	0.0101574207395047	0.966242139898132	0.0170162696320401	0.942572755030043	0.997817675533042	0.998107579652359	474	544.6	255	233.2	0.269485901591154	0.289683019721285	0.10366665358548	0.0839666944345205	0.0316455696202532	0.0283717416585095	0.0509803921568627	0.028565254097871	0.0644821793483748	0.061590501429156	0.160053910072843	0.0447039238413154	0.96551724137931	0.982142857142857	0.992857142857143		FALSE	0	0	mildly_imbalanced	0.255	skin	10	10	0.181818181818182	0.636363636363636	0.181818181818182	0.272727272727273	0.272727272727273	0.545454545454545
SRP070148	human	50	30114	13683	972	404	0.886373344724477	0.888064634594198	0.965052204176334	0.882198952879581	0.88643390834588	0.0194771205492156	0.950444374662044	0.0334892288780805	0.887161001151617	0.994160263611907	0.993516904566172	1233	1074.15	363	540.05	0.298298365015267	0.257302256270993	0.0904489333932052	0.100004138435324	0.0364963503649635	0.0336294070069651	0.0743801652892562	0.0424999388505916	0.0970974750755665	0.120724423614605	0.597034515450605	0.0763126823039699	1	0.981646423751687	0.992105263157895		FALSE	0.05	0.05	partially_confounded	0.32	other	20	20	0.0952380952380952	0.523809523809524	0.0952380952380952	0.619047619047619	1	1
SRP070188	mouse	15	21842	3277	785	115	0.875966686496133	0.876193409300893	0.809175699521049	0.845010615711253	0.8437883467849	0.0310359792418861	0.737986795270748	0.109177930368774	0.844758827704777	0.998294537740285	0.996691684913984	332	368.9	85	170.6	0.407380689854898	0.390080721777628	0.04536612961305	0.0514279950312902	0.0451807228915663	0.0467666775929631	0	0.0328942574182295	0.0407558504455373	0.0565133093856597	0.168252810779316	0.040993810442057	0.925925925925926	0.93909768009768	0.922972197661853		FALSE	0	0	balanced	0.111	blood_immune	10	10	1	0.909090909090909	0.909090909090909	0.909090909090909	0.545454545454545	0.545454545454545
SRP070440	mouse	12	22121	98	751	1	0.825242718446602	0.823529411764706	0.656862745098039	0.81981981981982	0.826280975687799	0.0252306321210424	0.714643940895341	0.09508220965265	0.82536971129373	0.998484404896588	0.998830286956666	13	10.7	5	7.7	0.520195922498554	0.404512821009209	0.0340943267259057	0.0549939181386325	0	0	0	0.00666666666666667	0.0048533379014933	0.00532931236895538	0.0549167058680904	0.493507761977744	1	0.971904761904762	0.845042016806723		FALSE	0	0.4	balanced	0	brain_cns	10	10	0.818181818181818	0.454545454545455	0.636363636363636	0.181818181818182	1	1
SRP070571	mouse	8	21333	98	777	7	0.541666666666667	0.522522522522523	0.427272727272727	0.541666666666667	0.407927221784838	0.139574685320735	0.420900490757634	0.0781688581968928	0.39391824019809	0.948087428032766	0.960492997782098	33	26.7	22	123.9	0.545909090909091	0.406458704693999	0.3016	0.205470451913049	0	0.00985552115583075	0.0909090909090909	0.066383642765685	0.329924785690949	0.298772640741305	0.172597325810245	0.0961688426370058	0.384615384615385	0.550882450882451	0.594184981684982	0.3	TRUE	0.6	0.3	mildly_imbalanced	0.25	other	10	10	1	1	0.272727272727273	0.363636363636364	0.272727272727273	0.363636363636364
SRP070642	mouse	15	20027	3133	632	74	0.292356687898089	0.292332789559543	0.850937221065159	0.292356687898089	0.333703465719236	0.188200058588443	0.818249837586066	0.0238901784612386	0.334261797625957	0.971137087044077	0.942935266471485	2215	1974.75	7	208.15	0.715526209163891	0.642207609754399	0.200609756097561	0.140024544384454	0.0234762979683973	0.0252565819141537	0.142857142857143	0.0933092675915807	0.193617898403107	0.315475618887904	0.0896400378247341	0.0435259884506556	0.952380952380952	0.804545454545455	0.936688311688312	0.316666666666667	FALSE	0	0	partially_confounded	0.5	tumor	20	20	0.0476190476190476	0.571428571428571	0.0476190476190476	0.857142857142857	0.619047619047619	1
SRP070673	mouse	92	19344	2	652	0	1	1	1	0.5	0.9	0.210818510677892	0.75	0.353553390593274	0.9	0.995866802261459	0.996064971456772	0	0.1	0	0.2		0		0		0		0	0.0450156876566215	0.0322027366602578	0.0219416736526438	0.00208013690105794	0.833333333333333	0.826190476190476	0.798809523809524	0.0833333333333333	FALSE	0	0.1	balanced	0.022	other	10	10	1	1	0.818181818181818	0.454545454545455	0.727272727272727	0.363636363636364
SRP070767	mouse	48	21777	237	783	4	0.904580152671756	0.91015625	0.804428044280443	0.954732510288066	0.966298903964575	0.00862495342574946	0.886566343938633	0.0769170218750798	0.965728486713282	0.999502962149152	0.999875397738317	0	4.8	25	3.3	0	0.309919031585698	0.0633380068207655	0.0392336059002726		0	0.08	0	0.00261247783764021	0.00247459270636159	0.571226203089998	0.672075577468576	0.882352941176471	0.900326797385621	0.8225819115525	0.458333333333333	FALSE	0	0.3	balanced	0	brain_cns	10	10	0.454545454545455	0.0909090909090909	0.818181818181818	0.0909090909090909	0.727272727272727	0.636363636363636
SRP070769	mouse	47	22318	155	797	5	0.895953757225434	0.892857142857143	0.779141104294479	0.936708860759494	0.929977325568213	0.0158587840208617	0.837535373897629	0.0942949138674012	0.929057172799954	0.998797585998442	0.999407663341401	0	5.4	18	5.9		0.343419913419913	0.0829145145049035	0.0529066086419028		0.0234567901234568	0	0	0.0312190302403131	0.0250722342196385	0.533228431292157	0.533372533631431	1	0.978571428571428	0.868424908424909		FALSE	0	0	balanced	0.033	brain_cns	10	10	0.727272727272727	0.0909090909090909	0.818181818181818	0.0909090909090909	1	1
SRP070770	mouse	47	18765	3	623	0	1	1	1	1	1	0	0.933333333333333	0.210818510677892	1	0.990204670590607	0.998718749754522	0	0	0	0									0.0781395456719159	0.0311914783865419	0.0651839917526825	0.115881963608998	0.882352941176471	0.938235294117647	0.812469169826851		TRUE	0	0.2	balanced	0.033	liver	10	10	1	1	0.363636363636364	0.0909090909090909	0.636363636363636	0.272727272727273
SRP070775	mouse	48	16405	4095	154	15	0.945013092120923	0.945519713261649	0.950356294536817	0.955539872971066	0.96058246016099	0.0229737527049644	0.901195974457278	0.0734965427072133	0.961368648219782	0.991663741317021	0.99824230613299	125	63.5	106	104.7	0.217031057053436	0.185452532705216	0.0674072625067116	0.0980658703766501	0.016	0.0614601056632191	0.00943396226415094	0.0289282048967584	0.00263737095459162	0.00258499979589892	0.00103897128167761	0.0467233748496592	0.6	0.566666666666667	0.533333333333333	0	FALSE	0	0.3	balanced	0	brain_cns	10	10	0.727272727272727	0.181818181818182	0.272727272727273	0.0909090909090909	0.545454545454545	0.363636363636364
SRP070906	mouse	12	23908	2022	954	73	0.39519056261343	0.396020843202274	0.841781146376125	0.0207715133531157	0.161000034959271	0.193736804229639	0.558991002074854	0.244154897258482	0.161779206938091	0.926545678230162	0.905897931297172	1151	1651.2	182	107.85	0.594910110063861	0.715232232625739	0.0647558250155332	0.0278659872001377	0.0330147697654214	0.0363020989685437	0.10989010989011	0.0388315164764636	0.50859311118003	0.443325888535276	0.345057878332017	0.115363382206434	0.478260869565217	0.444052868226781	0.693586411681377	0.457810245310245	TRUE	0.6	0.15	partially_confounded	0.657	brain_cns	20	20	0.19047619047619	0.714285714285714	0.142857142857143	0.80952380952381	0.142857142857143	0.619047619047619
SRP070944	mouse	10	16726	3	546	1	0.333333333333333	0.5	0.666666666666667	0.333333333333333	0.333333333333333	0	0.591921768707483	0.266922967059757	0.5	0.890132190289053	0.89975107467077	2	2	0	0	1	1			0.5	0.5			0.444513507495818	0.460060110925734	0.0653418460648441	0.038118806116356	0.769230769230769	0.685598290598291	0.753041056166056	0.19	FALSE	0.15	0.3	partially_confounded	0.4	brain_cns	20	20	0.285714285714286	1	0.285714285714286	0.333333333333333	0.476190476190476	0.857142857142857
SRP071333	mouse	21	20480	7	634	0	0.5	0.5	0.142857142857143	0.142857142857143	0.245714285714286	0.143300898086126	0.260273268398268	0.175923097212776	0.245714285714286	0.964101241414843	0.970495512437481	3	5.1	1	0.3	0.47	0.725185185185185	0	0	0	0	0	0	0.205108923534249	0.176085781729193	0.0640654321426662	0.108414843069083	0.75	0.821944935869085	0.813539547397907	0.3	FALSE	0.1	0.4	mildly_imbalanced	0.164	other	10	10	0.909090909090909	0.909090909090909	0.454545454545455	0.454545454545455	0.272727272727273	0.363636363636364
SRP071758	human	75	24474	6111	821	194	0.953582403364063	0.955611390284757	0.902617460575516	0.959104186952288	0.955919873385325	0.00758520413738844	0.908442384635789	0.0605539392643803	0.955936547643548	0.998605559964181	0.999559147324685	215	158.4	72	116.2	0.281985479696288	0.232472836541387	0.0448555009421946	0.0626093976583967	0.013953488372093	0.0421893318503155	0.263888888888889	0.0514301093985811	0.032670075118984	0.0241731515627621	0.663294076243597	0.328410276902836	0.96969696969697	0.964517443340973	0.941927680162974	0.1	FALSE	0	0	balanced	0.06	lung	10	10	0.818181818181818	0.454545454545455	0.636363636363636	0.0909090909090909	0.909090909090909	0.545454545454545
SRP071965	human	355	22921	7334	782	224	0.915036112934997	0.916463249254136	0.991705194451999	0.95162558993183	0.943406524038772	0.00946628570983383	0.978493755687561	0.0116415567735169	0.943367303681129	0.996837787869748	0.998907375946045	366	226.1	281	200.3	0.173065152007997	0.179524110132435	0.104158522825344	0.138462958263973	0.0382513661202186	0.0297107006464379	0.0604982206405694	0.0286269419077159	0.0603337174260486	0.0428926845517526	0.846048727107103	0.0793829881856664	1	0.983015873015873	0.991587301587302		FALSE	0	0	balanced	0.099	blood	10	10	0.0909090909090909	0.0909090909090909	0.0909090909090909	0.0909090909090909	1	1
SRP072242	human	11	37082	1	1360	0	0	0	0	0	0.1	0.205195670417031	0.075	0.244680242464796	0.1	0.767032475561123	0.672513550761527	1	0.8	0	0.5	0.8	0.652173913043478		0.0707070707070707	0	0		0	0.583611198863547	1.05227159352567	0.570554914624944	0.0937634333096007	0.434782608695652	0.482236321569416	0.7321967945668	0.171036414565826	FALSE	0.4	0.4	partially_confounded	0.5	lung	20	20	0.904761904761905	0.80952380952381	0.0952380952380952	0.523809523809524	0.142857142857143	0.238095238095238
SRP072463	human	11	24052	20	829	1	0.210526315789474	0.211111111111111	0	0	0.221703082822619	0.190942016075756	0.113321497956723	0.166009536579143	0.206007518796992	0.987597567571633	0.994993603605117	0	10.1	75	51.3		0.333735609628467	0.146155295646524	0.0361216312385903		0.0142857142857143	0.0533333333333333	0.0208465608465608	0.124330412986414	0.0805805845132063	0.215814994350739	0.270152748157941	0.695652173913044	0.838172407302842	0.767753246753247	0.161904761904762	FALSE	0.1	0.1	balanced	0.107	brain	10	10	0.727272727272727	0.636363636363636	0.454545454545455	0.181818181818182	0.363636363636364	0.181818181818182
SRP072844	mouse	8	21176	2	733	0	0.5	0.5	0	0.5	0.5	0	0.5	0.235702260395516	0.5	0.959429255482821	0.963322320504881	1	1	0	0	1	1			0	0			0.29294761150161	0.257466795348901	0.479501409414258	0.289996451303682	0.736842105263158	0.651992481203008	0.670204731195578	0.576248196248196	TRUE	0.7	0.7	mildly_imbalanced	0.25	brain_cns	10	10	0.909090909090909	1	0.363636363636364	0.636363636363636	0.636363636363636	1
SRP073042	mouse	10	21461	3590	892	140	0.5136449608214	0.512640449438202	0.853118161925602	0.537255980203464	0.568613741447532	0.0555123140416831	0.813073069053543	0.101207704837851	0.567117511205425	0.945368236416957	0.920340164463214	1689	1373.9	111	292.15	0.625543713486947	0.554495520314248	0.115964334816259	0.0777596673129967	0.0378922439313203	0.0367567872007951	0.00900900900900901	0.0262034276178004	0.348832792669008	0.463032333352138	0.163347582181825	0.0809951690975804	0.80952380952381	0.542989560623961	0.801059476755129	0.100264078027236	TRUE	0.7	0.05	partially_confounded	0.6	brain_cns	20	20	0.0952380952380952	0.333333333333333	0.0952380952380952	0.714285714285714	0.523809523809524	1
SRP073086	mouse	59	21859	1	774	0	1	1	1	1	0.95	0.158113883008419	1	0	0.95	0.99702663261882	0.996404402382635	0	0	0	0.1				0				0	0.039518405683368	0.0563213158206193	0.47424144471112	0.2064762431474	1	0.984615384615385	0.931585081585082		FALSE	0	0	balanced	0.052	brain_cns	10	10	1	1	0.545454545454545	0.636363636363636	1	1
SRP073224	mouse	8	22091	717	898	21	0.323473282442748	0.33201189296333	0.736495388669302	0.190277777777778	0.283098329370542	0.0614322780581428	0.669873241290974	0.144380348541763	0.288678625072871	0.766461773192262	0.737756396665021	378	446.1	331	211	0.729248774275261	0.703628858640499	0.4	0.263157894736842	0.044973544973545	0.0397152245269235	0.054380664652568	0.195368739477501	1.10255877339716	0.987938603560549	0.183221226661567	0.113915187218324	0.416666666666667	0.571220746363061	0.831001615834927	0.481424148606811	TRUE	0.6	0.1	partially_confounded	0.75	brain_cns	20	20	0.0952380952380952	1	0.0476190476190476	1	0.0476190476190476	0.428571428571429
SRP073347	human	16	23442	43	754	2	0.325581395348837	0.341463414634146	0.466666666666667	0.630434782608696	0.579878372466123	0.167368230965935	0.497972206552647	0.187075028577913	0.591487599043273	0.996317545645548	0.996705188584723	29	15.4	0	3.6	0.464123099740452	0.355989451981623		0.0124051069703244	0.0689655172413793	0.0701857584916056		0.15	0.0576111645601492	0.051692882767601	0.282337354729087	0.150550196081389	1	0.893636363636364	0.714090909090909		FALSE	0	0	balanced	0.083	blood	10	10	0.363636363636364	0.181818181818182	0.818181818181818	0.272727272727273	1	1
SRP073495	mouse	10	28287	14165	1586	557	0.811996055455653	0.810151734104046	0.419629655706541	0.895717463848721	0.607918242675085	0.248235262441337	0.551623943415159	0.283125366618379	0.606767343646614	0.991568198955983	0.991184043840958	167	4996.8	3074	689.4	0.0484121956792412	0.290251181650216	0.109109000267534	0.0572958718631886	0.0838323353293413	0.0370757991756897	0.0240728692257645	0.0716565745413507	0.074809515524142	0.0754219399749205	0.0746021581425168	0.078260189314643	0.966666666666667	0.900873655913978	0.908734977862112	0.208333333333333	FALSE	0.2	0.4	mildly_imbalanced	0.2	brain_cns	10	10	0.727272727272727	0.727272727272727	0.454545454545455	0.545454545454545	0.727272727272727	0.727272727272727
SRP073498	mouse	11	25640	11688	790	364	0.930150160283449	0.929628984497474	0.92517569243489	0.93442760237836	0.929502024422794	0.00625772978329615	0.82377931400805	0.0964493154531808	0.929435360732704	0.998547266565656	0.998146718308462	662	623.5	166	215.7	0.523155379831537	0.446321916586997	0.190120571730734	0.0976625364991138	0.0181268882175227	0.029359057996098	0.0481927710843374	0.0347528039265319	0.02987044628747	0.0336844733129891	0.087364262817137	0.0686352460142102	0.833333333333333	0.880409356725146	0.84703007518797	0.633333333333333	FALSE	0	0	balanced	0.107	other	10	10	1	0.545454545454545	1	0.818181818181818	0.363636363636364	0.272727272727273
SRP073609	mouse	10	19957	661	659	10	0.324496809032892	0.326643251379829	0.733630952380952	0.747445255474453	0.758995487462695	0.0222669355516733	0.486339588504225	0.232085728942018	0.759641431709494	0.988107339625647	0.99783298414392	0	99.2	1376	79.1	0	0.377459670799195	0.0556624304167616	0.105173866832209		0.0101644851743891	0.0247093023255814	0.0322096223441048	0.0152659798811282	0.00879109519793994	0.0533781464063071	0.28656562774634	0.8	0.954545454545455	0.873057920340529	0.183333333333333	TRUE	0.1	0.2	balanced	0	kidney	10	10	0.181818181818182	0.0909090909090909	0.727272727272727	0.0909090909090909	0.181818181818182	0.0909090909090909
SRP074136	mouse	14	20793	4124	620	114	0.828412141234772	0.828128319524113	0.862060889929742	0.828412141234772	0.851094650633038	0.0242527994906824	0.74274080265654	0.115085776888934	0.851821669450873	0.994009015803226	0.996387014948221	112	325.7	719	346.1	0.206046217110896	0.288699375613232	0.145260206297852	0.0757522446692735	0	0.0268361955067361	0.0305980528511822	0.0342393020164894	0.0618665806916399	0.0520813324487584	0.0401571865543367	0.052632779813905	0.909090909090909	0.912164502164502	0.896236312706901	0.433333333333333	FALSE	0	0	balanced	0.089	liver	10	10	0.909090909090909	0.272727272727273	0.909090909090909	0.181818181818182	0.636363636363636	0.454545454545455
SRP074146	mouse	22	22916	5157	867	205	0.676729795612226	0.6751269035533	0.943742824339839	0.725098179221707	0.635983519535686	0.0862824057952166	0.849355182984688	0.0776526249858415	0.635692109675377	0.980496706443245	0.97852987845013	1548	1759.9	176	169.9	0.477105520587346	0.501274709248298	0.0253594740784717	0.0383999648861025	0.0348837209302326	0.039230685145274	0.0340909090909091	0.0328745242784627	0.19432589532621	0.207663572446497	0.0938223239935403	0.0397285038058017	0.846153846153846	0.801856634106634	0.89016122032725	0.141666666666667	FALSE	0.25	0.2	partially_confounded	0.4	other	20	20	0.0476190476190476	0.619047619047619	0.142857142857143	0.476190476190476	0.285714285714286	0.904761904761905
SRP074349	human	218	28071	14776	968	487	0.962460484720759	0.962665213244311	0.965855940130963	0.98335011748909	0.984005243179777	0.00366668621645169	0.979784564892521	0.00940898044870132	0.984016137297928	0.999222987993365	0.99984752914346	162	123.4	408	114.8	0.149573962739652	0.179740727257072	0.110309032614147	0.117638501182116	0.0185185185185185	0.0402521253221719	0.0465686274509804	0.0286248849093328	0.0341273878096945	0.0133734735679169	0.429576909340353	0.0750275940888942	0.96969696969697	0.996969696969697	1	0	FALSE	0	0	balanced	0.097	other	10	10	0.181818181818182	0.0909090909090909	0.0909090909090909	0.0909090909090909	0.0909090909090909	0.181818181818182
SRP075924	mouse	11	18525	11	614	0	0	0	0	0	0.0145120830977954	0.0309510452184235	0.00635466507177034	0.0214796409577982	0.014813141923436	0.871641365153827	0.899812869965953	11	9.3	0	22.45	0.845454545454546	0.719494409333982		0.0170022754473629	0	0		0.0171456524397701	0.486579507925558	0.468420398017426	0.149355969515773	0.0829278958175713	0.521739130434783	0.647478184355902	0.730930380006467	0.27202380952381	FALSE	0	0	partially_confounded	0.464	blood_immune	20	20	0.904761904761905	0.80952380952381	0.0952380952380952	0.333333333333333	0.0952380952380952	0.19047619047619
SRP076021	mouse	12	19793	663	675	20	0.47376311844078	0.46749226006192	0.465568862275449	0.477470930232558	0.477207893177051	0.0332463406692085	0.506742798632789	0.0879208582940666	0.471723954555247	0.990856233091997	0.991723119558424	347	342.9	4	7.5	0.828263450145258	0.821973197912631	0.2	0.177777777777778	0.0172910662824208	0.0199275565504077	0.25	0.05	0.125155205343655	0.113907008266451	0.0715264047354574	0.0309606056420392	0.875	0.833252818035427	0.875919484702093	0.466666666666667	TRUE	0.2	0.3	mildly_imbalanced	0.167	other	10	10	0.454545454545455	0.636363636363636	0.727272727272727	0.636363636363636	0.727272727272727	1
SRP076455	mouse	16	22956	3184	677	6	0.297534712383111	0.296906045983537	0.810982048574446	0.503535651149087	0.381258544895474	0.100407001803456	0.781273019662828	0.112723694959097	0.381162398951618	0.667940971857096	0.842205223504286	2134	1886.9	345	167.25	0.695386245431768	0.647834605025838	0.0152373390433635	0.0129795549947151	0.000937207122774133	0.00184897939119525	0	0.0117988314586501	0.66392762196399	0.454175038313561	0.148807721235253	0.0925610560364506	0.333333333333333	0.422896825396825	0.92	0.2	TRUE	0.6	0.1	partially_confounded	0.75	brain_cns	20	20	0.0476190476190476	0.238095238095238	0.0476190476190476	0.0476190476190476	0.0476190476190476	0.571428571428571
SRP076627	human	21	20848	5552	687	188	0.846619401694622	0.847463703172612	0.862845085282223	0.867384134698837	0.874331466232747	0.0115692118054601	0.902063065560649	0.0517551778643957	0.874025653078311	0.985798459727031	0.991955334365383	656	458.2	231	274.3	0.334189375035427	0.32636988370053	0.0406195055554678	0.0822226993002739	0.0304878048780488	0.0293413250720103	0.0692640692640693	0.0336537091769455	0.102210507044548	0.0864645922521913	0.0527191497698151	0.0313553886719441	0.875	0.898235294117647	0.929166666666667	0.5	FALSE	0	0	mildly_imbalanced	0.173	blood	10	10	0.272727272727273	0.0909090909090909	0.0909090909090909	0.0909090909090909	0.545454545454545	0.545454545454545
SRP076866	mouse	10	20505	21	717	0	0.521739130434783	0.521739130434783	0.590909090909091	0.666666666666667	0.551874458874459	0.0773122415316352	0.523138163846439	0.14434908126217	0.55565916641498	0.972732361248416	0.97837188675608	9	7.8	2	3.4	0.642929292929293	0.570562770562771	0.00869565217391304	0.00686813186813187	0	0	0	0.0419254658385093	0.209058949156275	0.18865607626334	0.092358216538832	0.0334471221390817	0.793103448275862	0.859783651441049	0.875126801678526	0.46	FALSE	0.1	0.4	mildly_imbalanced	0.2	tumor	10	10	0.545454545454545	0.363636363636364	0.363636363636364	0.363636363636364	0.272727272727273	0.363636363636364
SRP076940	mouse	12	22543	210	836	8	0.780373831775701	0.775609756097561	0.566787003610108	0.8	0.810666873260787	0.0240922784637953	0.541459627853658	0.168290199820484	0.806666941170972	0.998902645772459	0.999090099396514	43	24.2	4	19.4	0.444761258050199	0.315677151930955	0.0116949152542373	0.0440238348166659	0	0	0.25	0.0633164058164058	0.00536473967295577	0.00533190797212734	0.448956244169105	0.514681384089373	1	0.952941176470588	0.852521008403361		FALSE	0	0	balanced	0	other	10	10	0.818181818181818	0.181818181818182	0.909090909090909	0.181818181818182	1	1
SRP077046	human	102	25882	14746	854	472	0.955822233944349	0.956213823629554	0.99539638480807	0.918498229674661	0.939968732955537	0.0151611300867576	0.969431544628099	0.0273243958042493	0.939998361204138	0.998393406355807	0.998007059679089	250	522	420	389.3	0.15137419337874	0.19986586519013	0.153863306873398	0.122621957451958	0.072	0.0400192646204278	0.0214285714285714	0.0293343758027421	0.0477351798112522	0.0583039468980768	0.564386706252178	0.044947053951082	1	0.95598825546194	0.97372332859175		FALSE	0	0	mildly_imbalanced	0.202	gut	10	10	0.272727272727273	0.909090909090909	0.272727272727273	0.636363636363636	1	1
SRP077095	mouse	9	25161	13615	1044	442	0.898525710176196	0.90160029772981	0.852371555945334	0.852371555945334	0.87617911282115	0.0199747601450691	0.881919981851009	0.0171697937025125	0.878951247760265	0.99497445727114	0.995270659319711	1121	1494.6	290	217	0.670078438631404	0.599271772443625	0.408355308778167	0.23110407505815	0.0544157002676182	0.0529938035685355	0.096551724137931	0.0814377604943263	0.0718795773808381	0.0619864877033681	0.120659839270873	0.0994899221631147	0.833333333333333	0.870645161290323	0.880337941628264	0.55	FALSE	0	0	mildly_imbalanced	0.25	brain_cns	10	10	0.909090909090909	1	0.636363636363636	0.545454545454545	0.454545454545455	0.545454545454545
SRP077214	mouse	9	24066	10029	866	337	0.849490538573508	0.848975080385852	0.843216179069311	0.866628230998366	0.855929659529876	0.0100493490564617	0.897812848516719	0.0491044998169474	0.85511225754746	0.99089749016962	0.99146412034056	1275	1176.2	276	312.9	0.447439162657418	0.46032569760536	0.0308935603181551	0.0743912834843941	0.0250980392156863	0.0261075777835541	0.0579710144927536	0.0379650374533554	0.0996742136881867	0.105272378027239	0.298913234478996	0.184730062339738	0.96875	0.962733687683284	0.969354389483066		FALSE	0	0	partially_confounded	0.35	brain_cns	20	20	0.142857142857143	0.380952380952381	0.19047619047619	0.333333333333333	0.619047619047619	0.761904761904762
SRP077708	human	22	18398	1147	568	25	0.589527027027027	0.589965397923876	0.531656548135299	0.556521739130435	0.709386691206067	0.0504409228884028	0.75176252933073	0.0975293782693122	0.710449434939794	0.979378964319858	0.980900237472511	449	173	37	234.4	0.286413074043494	0.250910895283957	0.0262787875871251	0.0799774527340954	0.0200445434298441	0.0260633263467147	0.0810810810810811	0.0277276027506446	0.189790151947128	0.190042010522767	0.340401687877682	0.0825860340869623	0.896551724137931	0.873717221475842	0.869986640064504	0.316666666666667	FALSE	0	0	mildly_imbalanced	0.283	gut	10	10	0.0909090909090909	0.0909090909090909	0.363636363636364	0.454545454545455	0.909090909090909	0.727272727272727
SRP078061	mouse	12	22013	8	768	1	0.666666666666667	0.625	0.625	0.388888888888889	0.585858585858586	0.0914569165319895	0.513636363636364	0.110797882646277	0.534579831932773	0.970221026971981	0.966577380363434	2	2.6	1	1.5	0.616666666666667	0.577777777777778	0.2	0.0361111111111111	0	0	0	0	0.276643412546536	0.280192620534353	0.0945950246646839	0.0438541025962926	0.818181818181818	0.728515151515151	0.690639097744361	0.275	FALSE	0.5	0.6	mildly_imbalanced	0.167	gut	10	10	1	1	0.909090909090909	0.818181818181818	0.818181818181818	0.909090909090909
SRP078062	mouse	10	22463	4291	868	138	0.926999101527403	0.929335192933519	0.926784902228286	0.925079221367134	0.919492575087607	0.00906742551261328	0.786482502609989	0.184968814648224	0.920763388677064	0.999215093165779	0.999439537835259	164	237.7	161	116.8	0.364759780784604	0.422358358670731	0.107808276588488	0.119295716719717	0.0548780487804878	0.0454096116239888	0.0745341614906832	0.052431355646469	0.00424785947748204	0.00390338708591505	0.054980792609277	0.234721684505621	0.954545454545455	0.952322134387352	0.907211766494375	0.6	FALSE	0	0.1	balanced	0	brain_cns	10	10	0.727272727272727	0.727272727272727	0.454545454545455	0.0909090909090909	0.727272727272727	0.636363636363636
SRP078270	mouse	12	22987	79	796	0	0.815217391304348	0.824175824175824	0.7375	0.883720930232558	0.774639494443706	0.0720474266687861	0.708245671416569	0.106593075214336	0.778534140952549	0.998897528588183	0.998708298096622	4	5.1	13	17.6	0.258708513708514	0.194836224381679	0.142075052431839	0.0969785098981943	0	0	0.0769230769230769	0.0276094276094276	0.0109633584733068	0.0111705226349743	0.240251953793978	0.399691161843142	0.9	0.926623376623377	0.804378881987578	0.35	FALSE	0	0.2	balanced	0	brain_cns	10	10	0.727272727272727	0.818181818181818	0.818181818181818	0.636363636363636	0.727272727272727	0.363636363636364
SRP078314	human	16	24744	451	824	13	0.65692007797271	0.656626506024096	0.0969162995594714	0.518763796909492	0.60533698284103	0.0844264898606765	0.582217147875409	0.172802130886882	0.611579968259645	0.979354111216435	0.973765523845484	114	142.8	62	54.2	0.403213074159629	0.419690980260338	0.0646642025016453	0.0421837149075648	0.0263157894736842	0.0518292986577614	0.032258064516129	0.0226360872961311	0.154549331974078	0.202216645241119	0.113988836235091	0.0349559128399492	0.868421052631579	0.8464830445063	0.907580889159837	0.243333333333333	FALSE	0	0	mildly_imbalanced	0.19	skin	10	10	0.727272727272727	0.636363636363636	0.272727272727273	0.454545454545455	0.363636363636364	0.636363636363636
SRP078380	mouse	32	22142	2	844	0	1	1	1	1	1	0	1	0	1	0.999290959766502	0.999379751187357	0	0	0	0									0.00452519953167549	0.00540828135444273	0.819333731246321	0.521820993960624	1	0.806666666666667	0.732380952380952		FALSE	0.1	0.2	balanced	0	brain_cns	10	10	1	1	0.727272727272727	0.363636363636364	1	1
SRP078450	human	28	22616	1840	749	50	0.859110169491525	0.860338243316967	0.777608142493639	0.798165137614679	0.849632670832374	0.0228873498599111	0.746197556749973	0.247323090199668	0.849027090386009	0.997563110830502	0.998108916668235	218	200.5	48	89	0.438059034216271	0.34114604785942	0.0436936075004534	0.056179733965605	0.0229357798165138	0.0193385187482855	0.104166666666667	0.0180021300164986	0.0461060406071549	0.0521478106093598	0.504232797280074	0.232716361793887	0.95	0.95	0.9175	0.458333333333333	FALSE	0	0	balanced	0.121	liver	10	10	0.636363636363636	0.636363636363636	0.363636363636364	0.181818181818182	0.818181818181818	0.727272727272727
SRP079900	mouse	34	16625	4140	543	134	0.950539146741678	0.950557440620456	0.941807774862867	0.966081308636036	0.959555204844706	0.0132420859278153	0.917530671463393	0.0454937895097305	0.959281426136261	0.998401141198056	0.999158178723534	85	111.7	126	59	0.309254449458387	0.372996713038298	0.0765409740185707	0.0566407058767601	0.0117647058823529	0.0210677753207617	0.0476190476190476	0.0294636070200932	0.0259218835040874	0.0204567592149791	0.0806553195907621	0.0485043764438031	0.954545454545455	0.903945511010728	0.895553359683795		FALSE	0	0	balanced	0.049	other	10	10	0.727272727272727	0.181818181818182	0.545454545454545	0.181818181818182	1	1
SRP080864	mouse	12	23459	1	954	0	0.5	0.5	1	1	0.7	0.258198889747161	0.825	0.373608529524332	0.7	0.995831486192936	0.995285429216745	0	0	1	0.6			0.3	0.153846153846154			0	0	0.011117140968359	0.0162925059196998	0.0960986035938685	0.181116512752863	0.95	0.94016290726817	0.786201298701299		FALSE	0	0.2	balanced	0	brain_cns	10	10	0.272727272727273	0.636363636363636	0.818181818181818	0.636363636363636	0.909090909090909	0.818181818181818
SRP081004	mouse	16	17348	371	593	6	0.562105263157895	0.569593147751606	0.646596858638744	0.515873015873016	0.50465668276247	0.0787289769981998	0.655970651112797	0.0939558474848605	0.509079076694755	0.959952316129762	0.976027508647648	104	177.5	104	10.6	0.457289978017614	0.686000774330529	0.00324675324675325	0.133333333333333	0.0480769230769231	0.0256410873670048	0.0192307692307692	0.00540540540540541	0.263910863780993	0.202891535841486	0.0916943962570568	0.0412190515186194	0.724137931034483	0.875111925111925	0.890077610767266	0.366666666666667	FALSE	0	0	mildly_imbalanced	0.167	liver	10	10	0.363636363636364	0.818181818181818	0.181818181818182	0.272727272727273	0.181818181818182	0.0909090909090909
SRP081020	human	13	19420	2428	648	62	0	0	0.727330779054917	0.573799435028249	0.259753588459185	0.235725254578842	0.502628167050217	0.307927808040015	0.260460158446079	0.9765363551368	0.959231048774484	2428	1649.15	0	296.5	0.6792215815486	0.516121574501583		0.0265810995672251	0.0255354200988468	0.0265363929618467		0.0344614088240889	0.18048313307398	0.277913555297274	0.346709622596065	0.0811342200956478	0.80952380952381	0.716086326960548	0.846098136756032	0.379166666666667	FALSE	0.45	0.65	partially_confounded	0.548	blood	20	20	0.238095238095238	0.428571428571429	0.238095238095238	1	0.333333333333333	0.80952380952381
SRP081089	mouse	21	23732	75	875	0	0.44	0.44	0.764705882352941	0.44	0.621824357701995	0.0865305078134087	0.530422856226671	0.187843638840645	0.621824357701995	0.99020768217191	0.988611582248943	42	24.9	0	5.3	0.592857142857143	0.48178907203159		0.0290571892739075	0	0		0	0.156267788231519	0.151776945356824	0.0560349697310771	0.0354249757986409	0.818181818181818	0.784022397891963	0.786218708827405	0.278333333333333	FALSE	0	0	balanced	0.118	blood_immune	10	10	0.545454545454545	0.0909090909090909	0.727272727272727	0.636363636363636	0.818181818181818	0.909090909090909
SRP081599	human	79	27249	2039	991	69	0.947119924457035	0.948630136986301	0.953216374269006	0.94384765625	0.951583880263628	0.0111708475323184	0.865949950405632	0.0702430156815764	0.951880844321394	0.999373660503946	0.999770611870232	33	62.8	79	37.7	0.201084881657892	0.275684035468452	0.0619814732587772	0.0692789074658778	0.0606060606060606	0.0456772694832687	0.0632911392405063	0.0309170557897213	0.0159822786148982	0.0114308489109511	0.15846403229937	0.0967976189514306	0.928571428571429	0.943015873015873	0.801346208658902	0.3	FALSE	0	0	balanced	0.024	lung	10	10	0.727272727272727	0.363636363636364	0.727272727272727	0.0909090909090909	0.909090909090909	0.454545454545455
SRP082219	mouse	17	21875	561	877	16	0.848531684698609	0.850079744816587	0.850649350649351	0.806338028169014	0.810734305512527	0.0458454982327906	0.689200418391135	0.207347758357396	0.809133189457837	0.998181562640812	0.998461819779602	12	75	86	37.2	0.11762591745801	0.307445571200023	0.0591956477852857	0.0420527751991285	0	0.0152244572802244	0.0465116279069768	0.0140091532786633	0.0442083536121011	0.039948830824323	0.302885006781438	0.258299641071231	0.857142857142857	0.892857142857143	0.871428571428572	0.466666666666667	FALSE	0	0.2	balanced	0.069	brain_cns	10	10	0.636363636363636	0.909090909090909	0.545454545454545	0.272727272727273	0.727272727272727	0.363636363636364
SRP082273	mouse	9	18765	1955	569	0	0.794146341463415	0.796088019559902	0.735911147675854	0.769915883226126	0.778080540805373	0.0416686634604364	0.66152718416863	0.176663948583444	0.778080540805373	0.98704115768097	0.984617273438651	327	358.4	95	96.7	0.572140925913377	0.554184120173139	0.113232308675433	0.113791136734146	0	0	0.0526315789473684	0	0.0620350144138768	0.05998049782395	0.0133636362038998	0.00975223572720263	0.875	0.786111111111111	0.726388888888889		TRUE	0.5	0.5	mildly_imbalanced	0.15	other	10	10	0.727272727272727	0.545454545454545	0.818181818181818	0.636363636363636	1	1
SRP082367	mouse	12	20293	20	717	0	0.4	0.4	0.15	0.55	0.603964803312629	0.228353945521765	0.196501976284585	0.241003888343136	0.603964803312629	0.992813539045174	0.983978798006528	12	6.7	0	1.7	0.408898944193062	0.286436918201624		0.0471717171717172	0	0		0	0.0149434927293875	0.0277417850421967	0.0564654448246373	0.0374385406020425	0.909090909090909	0.914865424430642	0.750231751007613		FALSE	0	0.3	balanced	0	blood_immune	10	10	0.909090909090909	0.272727272727273	0.727272727272727	1	0.727272727272727	0.727272727272727
SRP082985	mouse	12	17112	7047	619	89	0.739543491671808	0.751456802634913	0.909228650137741	0.756125428462613	0.75611509034249	0.0127351170338209	0.780902526659874	0.161716540544897	0.758829024180724	0.970611245275673	0.981097883889585	1053	1294.2	1058	563.05	0.380595776812864	0.421847040033275	0.137676790945264	0.118579972734346	0.0256410256410256	0.0205180154202899	0.11531190926276	0.0379693679924959	0.228508457522073	0.18641884803097	0.351664475913294	0.183040281694738	1	0.803333333333333	0.851666666666667		FALSE	0	0.15	partially_confounded	0.5	liver	20	20	0.19047619047619	0.142857142857143	0.142857142857143	0.0476190476190476	1	1
SRP083914	mouse	56	22347	7228	851	276	0.973148901545972	0.972519729425028	0.942263590988803	0.982687551525144	0.977362522219001	0.00369062179637004	0.955943195586998	0.0213544576487993	0.977134319855942	0.999649170439158	0.99982371405147	52	88.3	146	77.2	0.25380073800957	0.315363541417337	0.0858396583510354	0.0855989095888642	0.0192307692307692	0.0302354821517678	0.0136986301369863	0.023184487343632	0.00350266819416317	0.00310965967102924	0.206188595444372	0.081609924950443	1	0.975	0.972167487684729		FALSE	0	0	balanced	0	skin	10	10	0.636363636363636	0.272727272727273	0.636363636363636	0.0909090909090909	1	1
SRP089713	mouse	18	19642	2777	509	82	0.701507882111035	0.714594594594595	0.585678660491628	0.832090876819311	0.784317466217896	0.0517206741289134	0.757482636670504	0.255390901585111	0.789957845814491	0.992281300473138	0.994070831338358	730	456.3	141	179.2	0.45172092879881	0.412921237764978	0.0631900980389063	0.0870611157150646	0.0246575342465753	0.0314102217339188	0.432624113475177	0.136962835360791	0.0904694761001966	0.0963572231735934	0.158075542143441	0.183517226631663	0.941176470588235	0.95	0.933344278700316	0	FALSE	0	0	mildly_imbalanced	0.175	adipose	10	10	0.181818181818182	0.181818181818182	0.454545454545455	0.272727272727273	0.363636363636364	0.272727272727273
SRP089788	human	55	22632	4881	769	165	0.918798449612403	0.918355065195587	0.943659127625202	0.935943060498221	0.929144481067321	0.00969929756628334	0.901925640953572	0.0459500675580487	0.929016284844264	0.997540179415416	0.998495753192642	140	212.4	279	143.6	0.215656265912455	0.260638845699753	0.114243570255205	0.0822075422892094	0.0142857142857143	0.0327681506803945	0.03584229390681	0.028626710585057	0.0535670251485093	0.0487960343513353	0.612623206736268	0.0968038483298661	0.9	0.904632034632035	0.862138151703369	0.233333333333333	FALSE	0	0	balanced	0.136	muscle	10	10	0.636363636363636	0.272727272727273	0.636363636363636	0.0909090909090909	0.909090909090909	0.636363636363636
SRP090141	mouse	8	21715	566	780	24	0.703703703703704	0.701230228471002	0.408011869436202	0.644214162348877	0.585012224208428	0.141977796804988	0.515473256850012	0.238244745250358	0.585134278732584	0.997709568812214	0.996976751099936	148	129.5	28	269.7	0.425131832807596	0.310268301054174	0.118751077925256	0.10098522292885	0.0337837837837838	0.0369347196890488	0.0357142857142857	0.0266752947694652	0.00697813042024112	0.00842354762064584	0.0441491375693347	0.350130260954611	0.833333333333333	0.797957516339869	0.683617172675522		FALSE	0	0.1	balanced	0	brain_cns	10	10	0.909090909090909	0.909090909090909	0.818181818181818	0.636363636363636	0.727272727272727	0.727272727272727
SRP090360	mouse	16	18904	380	559	6	0.64079822616408	0.642533936651584	0.846354166666667	0.637469586374696	0.499433510923261	0.115896861294872	0.702603337246811	0.211003894420816	0.498543296521826	0.796115826845574	0.965886774885567	91	169.85	71	90.5	0.43454903787065	0.61350969073151	0.0298482478038689	0.0263683675764858	0.010989010989011	0.0126738366323827	0.0422535211267606	0.062032384070415	0.63913771516848	0.248770757725286	0.0298740876467205	0.0312299193344893	0.411764705882353	0.779023585273585	0.882777326839827	0.302777777777778	TRUE	0.1	0.05	partially_confounded	0.3	liver	20	20	0.238095238095238	0.904761904761905	0.0476190476190476	0.0476190476190476	0.0476190476190476	0.0476190476190476
SRP090395	mouse	12	21033	190	755	34	0.133333333333333	0.158536585365854	0.78743961352657	0.0357142857142857	0.0660609976646161	0.0436911165712759	0.667849507659653	0.149326520580631	0.0721979819850032	0.447691467661376	0.62465612743702	162	176.4	20	12.2	0.866547867390387	0.916076748157658	0.152380952380952	0.220015278838808	0.197530864197531	0.184184190140573	0.6	0.228689370485036	1.608899837049	1.35751066738327	0.286604987189833	0.19575524265749	0.125	0.0520833333333333	0.428287545787546	0.7125	TRUE	1	0.85	partially_confounded	0.833	heart	20	20	0.0476190476190476	1	0.0476190476190476	0.19047619047619	0.142857142857143	0.857142857142857
SRP090460	human	27	25040	373	840	13	0.8825	0.888311688311688	0.0187667560321716	0.875305623471883	0.810130185258615	0.0595824633617731	0.482852951438532	0.343085866465931	0.809464419273972	0.999206807562674	0.999435517877034	20	38.6	27	42.9	0.206657147500934	0.249097142351821	0.0549449531486286	0.0621057512912024	0.1	0.0269791274318361	0.0740740740740741	0.0108934785125261	0.0075479037482207	0.00854561965932413	0.0552846530713784	0.0314521117107146	1	1	0.897507404875826		FALSE	0	0	balanced	0.007	lung	10	10	0.909090909090909	1	0.636363636363636	0.272727272727273	1	1
SRP090476	mouse	8	21156	161	797	3	0.0367160775370582	0.0373699148533586	0	0	0.0146864310148233	0.0189601009118782	0.0124919203363211	0.0205117205087135	0.0149479659413434	0.952143123879609	0.974040113820637	0	96.6	4224	1689.6		0.384615384615385	0.4	0.2		0.0186335403726708	0.0364583333333333	0.0364583333333333	0.36771556643887	0.24392771976349	0.0599941389820393	0.0513082941441664	0.96	0.844295566502463	0.822866995073892	0.4	TRUE	0.4	0.4	mildly_imbalanced	0.25	other	10	10	0.909090909090909	1	0.272727272727273	0.454545454545455	1	1
SRP090770	mouse	9	22576	3	787	0	0.333333333333333	0.333333333333333	0.333333333333333	0.666666666666667	0.383333333333333	0.112491426285092	0.28	0.193856253222795	0.383333333333333	0.982586419274337	0.994164531605038	2	1.8	0	0.1	0.9	0.822222222222222		0	0	0		0	0.0819064917711557	0.0645550494210322	0.0473084877038801	0.0761010852359263	0.8	0.8809643313264	0.774241554741555	0.025	FALSE	0.2	0.5	balanced	0.1	liver	10	10	0.909090909090909	0.818181818181818	0.636363636363636	0.0909090909090909	0.636363636363636	0.181818181818182
SRP091722	mouse	19	20601	63	652	3	0.704225352112676	0.691176470588235	0.776119402985075	0.651515151515152	0.685358221554868	0.0365846681062835	0.647357637404279	0.154848338363492	0.695645179046819	0.955059884678447	0.977138856885625	13	16.8	8	4.4	0.485048484505578	0.464914657706238	0.073015873015873	0.0154030910609858	0	0.0697033344230141	0	0.0869360902255639	0.288264022362268	0.214658961573465	0.0367190032953826	0.0292677380681537	0.821428571428571	0.880239563840908	0.833323237953673		FALSE	0	0	balanced	0.143	blood_immune	10	10	0.545454545454545	0.727272727272727	0.181818181818182	0.0909090909090909	0.454545454545455	0.272727272727273
SRP091938	mouse	16	25948	3	940	0	1	1	1	1	0.772916666666667	0.171782770310176	0.879166666666667	0.193979184389996	0.772916666666667	0.913232953591226	0.883551045639839	0	0.4	0	0.5		0.225806451612903		0.0323232323232323		0		0	0.418211086968277	0.516199352745349	0.198659183323973	0.0611831169651246	0.88	0.632829717017008	0.787942896378429	0.169590201465201	FALSE	0.05	0.05	partially_confounded	0.375	brain_cns	20	20	1	1	0.19047619047619	0.80952380952381	0.666666666666667	1
SRP092402	human	112	22167	13031	735	431	0.928291358769416	0.929296082409864	0.995484463493035	0.955855719891337	0.954118197025544	0.0107990053389238	0.97017219338286	0.0216148657996226	0.953992952026618	0.99698468513617	0.998671114189573	720	382.4	231	226.5	0.248709307198845	0.230640887759626	0.093024372159479	0.111737577880536	0.0388888888888889	0.0317634100923068	0.0735930735930736	0.0285757771646984	0.0717558368349855	0.0460224939969362	0.742264534905805	0.0834197564355168	1	0.986881720430108	1		FALSE	0	0	mildly_imbalanced	0.234	blood	10	10	0.181818181818182	0.0909090909090909	0.181818181818182	0.0909090909090909	1	1
SRP092408	human	36	24824	14205	796	454	0.918887601390498	0.921076738778099	0.954653106714962	0.923831070889895	0.915287136364881	0.011858676662491	0.953377809628418	0.0270847104977554	0.915605890240922	0.995811346846641	0.997266691979492	724	978.2	466	244.8	0.314723780203778	0.330130758366656	0.0982640689366078	0.069100225188357	0.0607734806629834	0.037282764957087	0.055793991416309	0.035521810157379	0.075732165197328	0.0691388244988192	0.41276967820189	0.0516721045591967	0.903225806451613	0.94661475713756	0.952958843159066	0.35	TRUE	0.6	0.8	mildly_imbalanced	0.292	musculoskeletal	10	10	0.181818181818182	0.636363636363636	0.0909090909090909	0.0909090909090909	0.0909090909090909	0.181818181818182
SRP092451	mouse	35	22080	7047	859	252	0.633037850007035	0.634758499927039	0.867984960311934	0.825629670633822	0.849734406236961	0.0427100030730994	0.900573748157488	0.0736421870407045	0.849828910240536	0.989591701629136	0.994833840056379	2548	656.1	60	475.8	0.223378408552428	0.233802135254927	0.0280440432628843	0.115931779562152	0.0404238618524333	0.0406081155279334	0.0333333333333333	0.0281615004779488	0.196681036891499	0.10487216497916	0.137284715250422	0.0488893777912457	0.722222222222222	0.762124183006536	0.847901616787066	0	TRUE	0	0	mildly_imbalanced	0.174	blood_immune	10	10	0.0909090909090909	0.0909090909090909	0.0909090909090909	0.0909090909090909	0.0909090909090909	0.363636363636364
SRP092501	human	12	24951	12	895	2	0.785714285714286	0.833333333333333	0.416666666666667	0.416666666666667	0.563850732600733	0.125630177606968	0.503021978021978	0.153829830568038	0.572131202131202	0.989916678239306	0.990755541637838	1	4.4	2	1.3	0.246190476190476	0.495820105820106	0.0833333333333333	0.0170940170940171	1	0.246190476190476	0	0.0833333333333333	0.0697604362941845	0.0875828775151015	0.100786412031093	0.0841029567814863	0.972222222222222	0.957738226030909	0.906859489959245		FALSE	0.1	0.1	balanced	0.125	other	10	10	1	1	0.727272727272727	0.454545454545455	1	0.636363636363636
SRP092532	mouse	13	20115	63	681	2	0.73972602739726	0.746478873239437	0.402777777777778	0.761194029850746	0.713742428014929	0.122178252350219	0.635075627209841	0.176401273521892	0.733250831400843	0.989786086101995	0.990809163909689	9	16.1	10	2.6	0.478571428571429	0.545428592893096	0.116666666666667	0.0299145299145299	0.111111111111111	0.127160176987763	0	0	0.130145161752558	0.123399699755601	0.0560030823337551	0.0369249216138143	0.642857142857143	0.734845154845155	0.686028554778555	0.2	TRUE	0.2	0.2	balanced	0.111	brain_cns	10	10	0.636363636363636	0.363636363636364	0.727272727272727	0.363636363636364	0.272727272727273	0.181818181818182
SRP092552	mouse	16	21843	9184	764	344	0.931395105626438	0.930596285434995	0.944031057910061	0.941214125680145	0.939953901395115	0.0051167676099486	0.930600419052656	0.0327618265106054	0.939591627894836	0.997092333707322	0.998019558404618	278	336	378	229.7	0.381041848838633	0.344351616438185	0.134304984151306	0.0741745932397093	0.0215827338129496	0.0300937742509138	0.0291005291005291	0.0315718220255459	0.0676638900506199	0.0547399317372782	0.343103381312282	0.237221374271158	0.8	0.920833333333333	0.881944444444445		FALSE	0	0.1	mildly_imbalanced	0.159	brain_cns	10	10	0.272727272727273	0.181818181818182	0.272727272727273	0.181818181818182	0.272727272727273	0.272727272727273
SRP092799	mouse	12	21839	720	774	17	0.911227154046997	0.911646586345381	0.785430463576159	0.902834008097166	0.902857907954045	0.00965149690645107	0.854576114649017	0.0633242143704438	0.902203541740857	0.997151611833077	0.998311880947308	22	44.8	46	27.9	0.320392041533346	0.48018955453696	0.0841197626045057	0.0876323578720464	0	0.0160289546519055	0.0434782608695652	0.0171679197994987	0.011893357839212	0.0111568074474044	0.0522919730989462	0.185424134171511	1	0.894285714285714	0.840367264314633		FALSE	0	0	balanced	0	gut	10	10	1	0.727272727272727	0.454545454545455	0.0909090909090909	1	1
SRP093288	mouse	42	21294	1	765	0	1	1	0	1	1	0	0.6	0.516397779494322	1	0.980173382730058	0.998871013506058	0	0	0	0									0.0273101649639685	0.0155668007223622	0.181057333638728	0.43404433475663	0.958333333333333	0.995833333333333	0.925666666666667	0.1	FALSE	0	0	balanced	0	other	10	10	1	1	0.454545454545455	0.0909090909090909	0.636363636363636	0.181818181818182
SRP093302	mouse	15	22073	13627	738	431	0.925568181818182	0.925355623991788	0.909517144856543	0.931765890135174	0.931823014331026	0.00686571140526647	0.933512652598081	0.0550283715359855	0.93148812326764	0.996205142450573	0.99763799526983	595	703.75	453	242.25	0.314503702418229	0.371548691507269	0.0650861897459988	0.0819672699063631	0.0319327731092437	0.0268915963910791	0.0242825607064018	0.0265499902685017	0.0755214220374335	0.0582630015909956	0.190568781053467	0.0537193985102124	1	0.981818181818182	0.978921568627451		FALSE	0.35	0.15	partially_confounded	0.3	other	20	20	0.333333333333333	0.238095238095238	0.285714285714286	0.0952380952380952	1	1
SRP093925	mouse	13	22856	2138	803	111	0.51434034416826	0.522606924643585	0.375558867362146	0.373667130273528	0.326150587201181	0.0816735296089484	0.510706571855501	0.210365819058207	0.330303630419597	0.938887686091984	0.968732902422497	793	1418.5	477	53.2	0.494980968215483	0.754270080228164	0.00408981563459905	0.0234487863297603	0.0617906683480454	0.0584476265100563	0.10272536687631	0.0420281653980428	0.351209715066893	0.251623671952889	0.0951388341661721	0.0818134152439029	0.75	0.650466718738778	0.69268952452776	0.136666666666667	FALSE	0	0	partially_confounded	0.375	other	20	20	0.666666666666667	1	0.0476190476190476	0.0476190476190476	0.666666666666667	0.904761904761905
SRP094553	human	42	25377	1	841	0	1	1	1	1	0.858333333333333	0.299304749934466	0.708333333333333	0.395284707521047	0.858333333333333	0.963036567705235	0.983872164708019	0	0	0	0.5				0.0147058823529412				0	0.260239352589446	0.168952476588829	0.380801131522852	0.0688758918682294	0.68	0.830796443658513	0.852060418508694	0.0742857142857143	FALSE	0.2	0	mildly_imbalanced	0.188	kidney	10	10	1	1	0.272727272727273	0.0909090909090909	0.0909090909090909	0.0909090909090909
SRP094853	mouse	15	20286	1261	675	0	0.0103092783505155	0.0103092783505155	0.66144018583043	0.643326039387309	0.627821172780296	0.21774336123923	0.604047817107792	0.324170277789228	0.628002589390434	0.985991017521911	0.985116573275386	1248	301.9	0	239.8	0.241907051282051	0.281800159424652		0.128667123502707	0	0		0.00153516221319971	0.148114563053076	0.152457376885722	0.111246683925637	0.0706491195604187	0.863636363636364	0.912048748353096	0.900895256916996	0.233333333333333	FALSE	0.1	0.3	mildly_imbalanced	0.278	brain_cns	10	10	0.272727272727273	0.181818181818182	0.181818181818182	0.363636363636364	0.272727272727273	0.272727272727273
SRP094952	mouse	10	18774	4852	719	150	0.804186735828085	0.805778798316112	0.737931034482759	0.784860557768924	0.75651687615924	0.0249608819851417	0.843429408069723	0.0887110872217362	0.757063927870737	0.982167334971166	0.981013095585776	511	1025.35	546	203.3	0.316779309849588	0.480877286042471	0.0710359393218911	0.0575892304639547	0.0391389432485323	0.0323604077018796	0.0402930402930403	0.0392268487366651	0.209932790696504	0.185886809840151	0.249036011010512	0.0856796444585648	0.888888888888889	0.832077912508947	0.862741919638471	0.0533928571428571	TRUE	0.1	0.2	partially_confounded	0.4	other	20	20	0.476190476190476	1	0.19047619047619	0.714285714285714	0.80952380952381	0.857142857142857
SRP095064	mouse	18	17671	1886	561	57	0.744008159102499	0.742902208201893	0.81203007518797	0.524616199047115	0.633010112032766	0.137509234866232	0.559670981506373	0.18344704178387	0.634296636678694	0.997193743744805	0.998292333614656	427	597.7	75	118.4	0.373901930263299	0.386088976419865	0.0172630485360284	0.028018336160112	0.0257611241217799	0.0273517963531792	0.0266666666666667	0.0216791108798585	0.0461808790215881	0.0448793918914772	0.194664006089292	0.0685248915550303	0.916666666666667	0.933608695652174	0.921152173913043		FALSE	0	0.1	balanced	0.111	liver	10	10	0.818181818181818	0.727272727272727	0.636363636363636	0.181818181818182	0.818181818181818	0.545454545454545
SRP095235	mouse	12	16587	4306	480	64	0.265235457063712	0.26921274601687	0.755856966707768	0.405802783767889	0.361311432913454	0.0668366461663095	0.76035234656454	0.136659103297359	0.367267179308578	0.862082999664555	0.941173994696645	3157	2565.9	26	391.65	0.739691457635216	0.673410436506068	0.00889591617532794	0.0593778617473681	0.020272410516313	0.0199703134802283	0	0.013670768779373	0.370044282243802	0.272090037980979	0.145039242453012	0.104147617940115	0.5	0.520751834809497	0.766236263736264	0.275	TRUE	0.35	0.1	partially_confounded	0.667	liver	20	20	0.0476190476190476	0.0476190476190476	0.0476190476190476	0.0476190476190476	0.0476190476190476	0.523809523809524
SRP095361	human	38	24015	11527	794	375	0.908951927976898	0.91000966693031	0.949651301241708	0.912066805845511	0.910783211452385	0.0132492848065524	0.957572089390239	0.0305019697626729	0.911073685030223	0.996587432226115	0.996775110694575	825	702.1	247	357.8	0.279524991718083	0.259355479718682	0.0688539130927734	0.100387260951469	0.0339393939393939	0.0347872514425106	0.0809716599190283	0.0373309073719142	0.0705793234067783	0.0779611788643694	0.687104148864167	0.0879174311203072	0.962962962962963	0.93015873015873	0.97037037037037	0.075	FALSE	0	0	mildly_imbalanced	0.256	lung	10	10	0.181818181818182	0.454545454545455	0.181818181818182	0.363636363636364	0.727272727272727	0.909090909090909
SRP095491	human	19	23329	2	782	0	0.5	0.5	0.333333333333333	1	0.733333333333333	0.23830678432808	0.483333333333333	0.29865955679368	0.733333333333333	0.997556169930344	0.998753902035489	1	0.4	0	0.2	0.4	0.2		0	0	0		0	0.0254700289301013	0.0184027130515321	0.0703803982791034	0.0500184169838309	0.92	0.952769230769231	0.85798739702188	0.4	FALSE	0	0.1	balanced	0.022	tumor	10	10	0.727272727272727	0.454545454545455	0.545454545454545	0.181818181818182	0.727272727272727	0.363636363636364
SRP095617	mouse	8	26975	101	986	3	0.450980392156863	0.454545454545455	0	0.326732673267327	0.5874511595719	0.168433773145399	0.50268490975925	0.282781507195846	0.594487611906873	0.930591609697994	0.960535481545665	55	22.5	1	54.4	0.350839398770636	0.285106192456465	0.1	0.120835476622652	0.0363636363636364	0.0394115630957736	0	0.0476447044334975	0.304272878565138	0.188587349307748	0.0635402217792766	0.0636466120340225	0.571428571428571	0.768348187759953	0.709244864893952	0.219642857142857	FALSE	0.1	0.1	mildly_imbalanced	0.25	lung	10	10	0.363636363636364	0.272727272727273	0.363636363636364	0.0909090909090909	0.181818181818182	0.0909090909090909
SRP095855	mouse	15	19875	9465	770	56	0.842105263157895	0.847136425505183	0.964678994390193	0.871427097306779	0.847246560686211	0.0255178208219724	0.916141507258929	0.0498517567834783	0.852704720822901	0.98603716173495	0.985881919892877	1369	986.3	149	555.8	0.448938731401893	0.430077992893172	0.0351004946152146	0.112121016898344	0.0372534696859021	0.0321470576471718	0.0469798657718121	0.0461829376967771	0.0988949025504543	0.0975103928000034	0.103440623261905	0.100846587560846	0.96	0.878925925925926	0.964307692307692		FALSE	0	0	mildly_imbalanced	0.286	liver	10	10	0.181818181818182	0.363636363636364	0.181818181818182	0.636363636363636	0.727272727272727	1
SRP095936	mouse	8	21562	12227	725	428	0.836609806471353	0.837283030831418	0.971305827997082	0.828576010262989	0.826382532340321	0.0066325400866348	0.874921017823895	0.0727806509467393	0.826657055290898	0.980900056648689	0.985023024702634	1290	1757.25	846	441	0.477929837082982	0.467160289397926	0.278530745944988	0.185765221700573	0.0426356589147287	0.0366554623718743	0.033096926713948	0.0384941459264317	0.182704088836531	0.151625641951714	0.233067262368275	0.122235239515839	0.9375	0.950413917399804	0.97518022971652	0.45	FALSE	0	0	partially_confounded	0.5	other	20	20	0.666666666666667	1	0.285714285714286	0.476190476190476	0.19047619047619	0.333333333333333
SRP096052	mouse	15	34433	20836	1220	708	0.967867483031943	0.968192320928175	0.901310459852276	0.959176931426684	0.961126394167766	0.00244527740300608	0.937756100240241	0.0346032631575668	0.960983131490888	0.99850553369848	0.998628432595214	444	403.3	233	423.3	0.297557501880568	0.356609720187012	0.0420527244139249	0.209722640971828	0.0225225225225225	0.0288795785249934	0.0858369098712446	0.0323110847319926	0.0266103434082441	0.0438118155928432	0.0464746959940814	0.0382256308258617	0.8	0.866666666666667	0.775555555555556	0.12	TRUE	0.2	0.9	balanced	0.091	other	10	10	1	1	0.727272727272727	0.272727272727273	0.818181818181818	0.363636363636364
SRP096201	human	9	24879	729	860	25	0.169559412550067	0.173611111111111	0.662775616083009	0.178474114441417	0.294962821437276	0.112991642639233	0.485822589664251	0.168265776582363	0.297016520890958	0.878524070659522	0.924031800252119	602	484.05	20	79.95	0.726363969958332	0.663758968185258	0.0308529201173842	0.0574129127489226	0.0382059800664452	0.0376911554496394	0.2	0.0395742452877489	0.450945257844858	0.35962890926037	0.148489123726613	0.0921264276797413	0.620689655172414	0.66688639616059	0.807589792823664	0.243885281385281	TRUE	0.7	0.5	partially_confounded	0.55	blood	20	20	0.0952380952380952	0.142857142857143	0.0952380952380952	0.0952380952380952	0.142857142857143	0.428571428571429
SRP096738	mouse	8	20118	16	717	1	0.254901960784314	0.25	0.0567375886524823	0.588235294117647	0.248412397216951	0.169162910878999	0.367251909697995	0.260658838361781	0.273406862745098	0.867892507814494	0.822591464924876	3	8.5	35	14.45	0.434753787878788	0.487480063795853	0.255102040816327	0.157808577976645	0	0.080334595959596	0.0571428571428571	0.199813258636788	0.696730870257334	0.689249853548492	0.236342005956089	0.128764391366711	0.5625	0.367442042606516	0.599396512113617		FALSE	0.6	0.25	partially_confounded	0.5	brain_cns	20	20	0.476190476190476	0.857142857142857	0.428571428571429	1	0.428571428571429	0.904761904761905
SRP096757	human	245	29543	9944	1068	293	0.992592592592593	0.993188151512024	0.971628371628372	0.978395975140574	0.991552962610536	0.00160785243520412	0.983970810134288	0.00876634749122559	0.99148213041522	0.999752513522531	0.999943016834498	28	50.2	46	34.1	0.171720395421015	0.209744696782554	0.0988940266526077	0.0904243678180579	0	0.00920303807496659	0.173913043478261	0.0417346448767595	0.00509111106824558	0.00602072748740506	0.522563982391192	0.054160128723435	1	1	1		FALSE	0	0	balanced	0.024	gut	10	10	0.727272727272727	0.727272727272727	0.454545454545455	0.0909090909090909	1	1
SRP096963	mouse	11	10906	74	574	0	0.62962962962963	0.62962962962963	0.670886075949367	0.578947368421053	0.601559700507069	0.0349007800269685	0.587529010090836	0.0415225153128317	0.601559700507069	0.95583056257683	0.972014100342273	23	28	7	2.4	0.665917792792793	0.756326573900103	0.1	0.2	0	0	0	0	0.278102837728554	0.191014669452769	0.136762960579912	0.0712695337672786	0.625	0.821323529411765	0.853308823529412	0.366666666666667	FALSE	0	0.3	mildly_imbalanced	0.167	other	10	10	0.909090909090909	1	0.727272727272727	0.181818181818182	0.0909090909090909	0.181818181818182
SRP097621	mouse	9	20570	3345	683	125	0.390741863755812	0.388609715242881	0.797782316895244	0.41479634247714	0.159691550087898	0.170670660569913	0.528218817542494	0.274482678292934	0.159037706798989	0.838558207340677	0.899819288119788	1412	2646.9	1602	429.05	0.43587403007883	0.706551842532811	0.0560163802385674	0.111273054758667	0.0339943342776204	0.0362111510434129	0.0287141073657928	0.0189650464351894	0.649192544694968	0.475131340463372	0.0410952305307558	0.0379070766232044	0.674418604651163	0.753040002160819	0.894675552515172	0.263286713286713	FALSE	0	0	partially_confounded	0.5	tumor	20	20	0.380952380952381	1	0.0952380952380952	0.0952380952380952	0.0952380952380952	0.0952380952380952
SRP098045	mouse	36	22884	1	929	0	0	0	1	0	0.8	0.421637021355784	0.35	0.474341649025257	0.8	0.714245105534794	0.976925570868477	1	0.2	0	0	0.2	0.0588235294117647			0	0			0.564672348174138	0.17235928421027	0.0992335431066018	0.0956121488051771	0.413793103448276	0.862492816091954	0.847563728216537	0.160228758169935	FALSE	0	0	mildly_imbalanced	0.167	liver	10	10	0.636363636363636	0.272727272727273	0.0909090909090909	0.0909090909090909	0.0909090909090909	0.0909090909090909
SRP098725	mouse	30	18472	365	424	1	0.351851851851852	0.352785145888594	0.89159891598916	0.407008086253369	0.437353579548511	0.104658975775387	0.767367469704597	0.0706005549798517	0.438127370434062	0.962580388103031	0.95481137978508	232	197.1	13	16.9	0.669822528951941	0.600769934895979	0.0390021834960656	0.0144971015994741	0.00431034482758621	0.00244257398084214	0	0.070313348539155	0.259612500249356	0.317316735046633	0.116904474609956	0.0439706285886126	0.789473684210526	0.782422723475355	0.934795321637427	0.281666666666667	FALSE	0.2	0	mildly_imbalanced	0.267	other	10	10	0.0909090909090909	0.363636363636364	0.0909090909090909	0.636363636363636	0.0909090909090909	0.545454545454545
SRP098758	human	329	22664	5514	758	182	0.960891877543798	0.962426686217009	0.990228013029316	0.969049773755656	0.974849889446294	0.00751240766122355	0.984460995419788	0.00839903960942455	0.975063557053209	0.999293583748079	0.999764994705214	84	78.4	137	62	0.219855573789004	0.204936321441307	0.114016043900401	0.115625240266911	0.0357142857142857	0.0410029495245955	0.0948905109489051	0.0676594962579163	0.0311718909093758	0.0185603964222124	0.79977100659879	0.18877997144026	1	0.985115864527629	0.981996434937611		FALSE	0	0	balanced	0.052	blood	10	10	0.0909090909090909	0.0909090909090909	0.0909090909090909	0.0909090909090909	1	1
SRP098816	mouse	21	21449	1	816	0	1	1	0	0	1	0	0.7	0.483045891539648	1	0.997930042497119	0.996986529404961	0	0	0	0									0.0258948939307031	0.0371204460874627	0.0494178951798353	0.0599169825426388	0.875	0.796547619047619	0.668914141414141		FALSE	0	0.2	balanced	0	brain_cns	10	10	1	1	0.909090909090909	0.818181818181818	1	1
SRP098946	mouse	33	22879	5046	709	160	0.482969088403229	0.48332655551037	0.960094358167879	0.817150297619048	0.75615494987468	0.0561438901427432	0.891322559323079	0.0880281673608478	0.756621918584592	0.981462972568102	0.986693791469167	2593	979.35	33	327.95	0.338875089353515	0.328721195729141	0.0176321665053168	0.0587578544009135	0.0323949093713845	0.0336265401096989	0.0303030303030303	0.0373734728715236	0.207467738464947	0.149247965944301	0.090873865660838	0.0359234033954076	0.918918918918919	0.879714722006159	0.938202982832315	0.203928571428571	FALSE	0.25	0	partially_confounded	0.389	other	20	20	0.0476190476190476	0.0476190476190476	0.0476190476190476	0.142857142857143	0.333333333333333	0.714285714285714
SRP099234	mouse	15	22881	5505	866	207	0.714235377026075	0.712978217096833	0.679084619478446	0.692598967297763	0.682932601726284	0.077365325223856	0.77539232708474	0.140496018530343	0.682619633438521	0.986904743293403	0.98330407906516	1451	1447.95	171	410.05	0.445445003656289	0.402081186763079	0.0444250312306737	0.0602897855294649	0.0330806340454859	0.0363387370717517	0.0350877192982456	0.0363876804618876	0.156689654825505	0.182850413617671	0.0699525994034181	0.0378467200161402	0.84375	0.884755009775171	0.902625288018433	0.379166666666667	FALSE	0.75	0.45	partially_confounded	0.357	other	20	20	0.333333333333333	0.571428571428571	0.333333333333333	0.619047619047619	0.142857142857143	0.285714285714286
SRP099448	mouse	28	22436	37	880	1	0.394736842105263	0.405405405405405	0.743589743589744	0.592592592592593	0.463688906671363	0.172112854329029	0.654925726145126	0.141268895754806	0.468925882083777	0.975459693823595	0.973177603937837	22	16.8	1	6	0.508205833591141	0.428664943689587	0	0.0281146158805733	0.0454545454545455	0.027950752950753	0	0.0907287157287157	0.168971026758409	0.22373573135023	0.254966315235204	0.0785086027840638	0.791666666666667	0.787486187725318	0.834705685618729	0.11	FALSE	0.2	0.4	mildly_imbalanced	0.292	brain_cns	10	10	0.181818181818182	0.454545454545455	0.272727272727273	0.727272727272727	0.454545454545455	0.545454545454545
SRP099592	mouse	32	21760	3	799	0	1	1	1	1	1	0	1	0	1	0.994999833879655	0.996146105647689	0	0	0	0									0.0340455547792368	0.0275870450789661	0.05915813038601	0.133473032512118	0.941176470588235	0.837190815477429	0.734805730904802		FALSE	0	0	balanced	0	gut	10	10	1	1	0.818181818181818	0.272727272727273	0.909090909090909	0.818181818181818
SRP099676	human	23	22286	12642	717	383	0.968709055876686	0.969542743538767	0.981843794020974	0.982826532219946	0.982259555546765	0.00113902624018094	0.967833049425568	0.0268775162820856	0.982337920956277	0.998704458828111	0.999767369881076	73	151.9	333	73.7	0.222646555305528	0.408623938779397	0.0717696083287569	0.0908807620381977	0.0821917808219178	0.0379550001755241	0.0510510510510511	0.0273826975483008	0.00672771250200259	0.0034353432911593	0.0490659055265524	0.0378904816757212	0.833333333333333	0.958333333333333	0.929393939393939	0.1	TRUE	0.6	0.5	balanced	0.008	blood	10	10	0.363636363636364	0.0909090909090909	0.363636363636364	0.0909090909090909	0.181818181818182	0.181818181818182
SRP099973	mouse	8	19685	49	593	2	0.54	0.541666666666667	0.42	0.552941176470588	0.581144739732215	0.103442233247418	0.469348306003843	0.126586193749994	0.577424857027083	0.985545926458002	0.977135565064325	22	10.9	1	17.8	0.35434838459032	0.246507998922006	0.0504145166838665	0.129249240211089	0.0454545454545455	0.00955165692007797	0	0.0433974028207774	0.12700609740974	0.194809030548793	0.0230261850284257	0.011056117054212	0.5	0.408809523809524	0.535		FALSE	0.4	0.3	mildly_imbalanced	0.25	brain_cns	10	10	0.727272727272727	0.272727272727273	0.818181818181818	1	0.545454545454545	0.909090909090909
SRP100466	mouse	63	22535	602	866	32	0.74640522875817	0.741758241758242	0.954397394136808	0.774834437086093	0.821480980928388	0.0377364877562424	0.849367120511805	0.0986370112059187	0.819180834068048	0.986846736311528	0.994926615751806	31	52.8	163	67.8	0.167212539558077	0.176685720027911	0.0714214982979818	0.0980982815486529	0.032258064516129	0.0362123030522888	0.0306748466257669	0.0404202046941809	0.138269978169707	0.0852599624420431	0.105728926473693	0.101532201750407	0.75	0.853286713286713	0.85	0	FALSE	0	0	balanced	0.117	brain_cns	10	10	0.272727272727273	0.0909090909090909	0.181818181818182	0.0909090909090909	0.272727272727273	0.0909090909090909
SRP100948	human	94	24772	8896	855	343	0.925226332849	0.925628491620112	0.965524837537174	0.939509122502172	0.931550159446471	0.0131760439061479	0.972556215477436	0.012709520339276	0.930808479113776	0.998566615637997	0.998886750225656	618	452.7	51	167	0.323800373445489	0.257852594897366	0.0347119550259747	0.0637053532322867	0.029126213592233	0.02689290604232	0.235294117647059	0.0343305406257518	0.0439383871435578	0.0447444878775642	0.679628195690715	0.125253742163994	0.96969696969697	0.953351158645276	0.976292335115865	0.2	FALSE	0	0	balanced	0.123	other	10	10	0.0909090909090909	0.272727272727273	0.0909090909090909	0.272727272727273	0.363636363636364	0.818181818181818
SRP100979	mouse	12	17595	385	583	6	0.660929432013769	0.66199649737303	0.613908872901679	0.825641025641026	0.830008212065051	0.0197770981343565	0.687780716928332	0.173543255252655	0.830283419271297	0.995677124225781	0.997696778626451	1	41.8	196	28.6	0.0264624523579591	0.382322549184294	0.0671432612227604	0.0664406259857661	0	0.0221370555325622	0.0204081632653061	0.00410958904109589	0.0169340688038245	0.0169244231157024	0.0357363765295592	0.0716069640525354	0.944444444444444	0.918627450980392	0.840992753376654		FALSE	0	0	balanced	0	muscle	10	10	0.454545454545455	0.0909090909090909	0.727272727272727	0.181818181818182	0.727272727272727	0.909090909090909
SRP101363	mouse	8	14695	22	210	0	0.293333333333333	0.293333333333333	0	0	0.0709222661396574	0.167737928632488	0	0	0.0709222661396574	0.871607656601865	0.918610273730841	0	20	53	0.9	0	0.823467760309866	0.0108153638814016	0		0	0	0	0.333503386582725	0.224492607644974	0.0138870871446171	0.0791084046525608	0.571428571428571	0.789664502164502	0.714087301587302	0	FALSE	0.1	0	mildly_imbalanced	0.25	liver	10	10	1	0.909090909090909	0.0909090909090909	0.0909090909090909	0.272727272727273	0.181818181818182
SRP101444	mouse	8	20291	364	669	17	0.839473684210526	0.837465564738292	0.794326241134752	0.820652173913043	0.762129221663393	0.0916811274916367	0.626403322585295	0.201283196787316	0.762003367303882	0.999025090284557	0.998098045936125	45	67.5	16	23.9	0.38193464417714	0.375456882143631	0.0237704231252618	0.0618339592477198	0.0444444444444444	0.0458358934843357	0	0.0185882432068873	0.00686520794779113	0.0136665588855837	0.219492073889535	0.416299139105098	1	0.955946554372583	0.865310074097616		FALSE	0	0	balanced	0	other	9	10	1	0.909090909090909	0.9	0.909090909090909	1	1
SRP101453	mouse	10	9392	32	114	0	0.705882352941177	0.705882352941177	0.717948717948718	0.777777777777778	0.752481298621005	0.0532012412467914	0.504992944147356	0.279646206700392	0.754659328924035	0.943786767556957	0.956783191415393	8	6.7	2	1.7	0.654166666666667	0.578880070546737	0	0.0113378684807256	0	0	0	0.142857142857143	0.0140140435138672	0.012806497313035	0.0212393769665492	0.0507270871307988	1	0.84	0.564444444444444		FALSE	0	0.3	balanced	0	brain_cns	10	10	0.727272727272727	0.363636363636364	0.636363636363636	0.0909090909090909	1	1
SRP101460	mouse	16	22366	11	820	0	0.0128956623681125	0.0131736526946108	0	0.25	0.345391022021457	0.294314300379569	0.190998217468806	0.274343219820876	0.347564935064935	0.955124535212475	0.993246782087006	0	6.1	842	2		0.339758698092031	0.00237529691211401	0.0153388278388278		0	0.0213776722090261	0.0277777777777778	0.1093367225311	0.0340486859703236	0.0356359412457228	0.0395728627339279	0.888888888888889	0.950076488007523	0.882957460082043	0	FALSE	0.9	0.5	balanced	0	other	10	10	0.636363636363636	0.363636363636364	0.545454545454545	0.0909090909090909	0.545454545454545	0.181818181818182
SRP101577	mouse	10	21016	1291	756	41	0.767830045523521	0.770376175548589	0.820419985517741	0.781487101669196	0.769906990226311	0.0371899699416019	0.673621638690993	0.169943645034945	0.771424674646479	0.9946564912608	0.988431654637757	279	258.3	27	49	0.536423850427009	0.521526581583249	0.038823905486107	0.0367437245711443	0.0430107526881721	0.038672951948681	0.037037037037037	0.0604236676748118	0.100567050954659	0.138795319636389	0.33434216558124	0.0412576618851532	1	0.954623655913979	0.905037180561374		FALSE	0	0.2	mildly_imbalanced	0.2	other	10	10	0.727272727272727	0.454545454545455	1	1	1	1
SRP101579	mouse	9	26804	9839	890	332	0.854152266219019	0.853434178250204	0.829896398618648	0.854152266219019	0.833015984045014	0.0157895651159945	0.868362802007537	0.0266384200896816	0.833203464908296	0.992031944454161	0.988838778573852	1189	1428.3	288	257	0.557219045987273	0.559449288803545	0.302065404475043	0.270332587246595	0.0269133725820017	0.0333102933375854	0.0381944444444444	0.0439373640882262	0.126144567583541	0.133262018958122	0.0650367886050942	0.0470915430374607	0.923076923076923	0.961133603238866	0.976649524017945	0.6	FALSE	0	0	mildly_imbalanced	0.25	other	10	10	0.363636363636364	1	0.454545454545455	1	0.272727272727273	0.363636363636364
SRP101878	mouse	12	18738	30	740	0	0.617021276595745	0.644444444444445	0.8	0.709677419354839	0.739293778117308	0.0883462210321834	0.573801345645889	0.242178946121309	0.741646719293778	0.98812183090519	0.990060979410781	1	5.8	17	2.6	0.0541666666666667	0.326851851851852	0.0325396825396825	0.0485144485144485	0	0	0.117647058823529	0.0333333333333333	0.0376482863064864	0.0296211188622113	0.0375161163708785	0.0427033688969613	0.857142857142857	0.890400326797386	0.794131652661064	0.05	FALSE	0	0.3	balanced	0	blood_immune	10	10	0.545454545454545	0.181818181818182	0.636363636363636	0.0909090909090909	0.545454545454545	0.454545454545455
SRP101985	mouse	15	21629	7487	988	188	0.895206651993152	0.903580918638492	0.729908645571296	0.933932346723044	0.926778520608989	0.0130734215483229	0.850453538244839	0.0931027131769222	0.93148016459446	0.99366496284584	0.996492725921319	166	327.7	691	239.9	0.223931332231698	0.39256252422004	0.0804736521881998	0.086829628211327	0.0481927710843374	0.0612783331910071	0.125904486251809	0.148647222126356	0.014344815266008	0.010671985696065	0.186849129530479	0.227675403128845	0.769230769230769	0.907692307692308	0.835050201395029	0.0842857142857143	FALSE	0	0	balanced	0.018	adipose	10	10	0.545454545454545	0.0909090909090909	0.454545454545455	0.0909090909090909	0.272727272727273	0.181818181818182
SRP102241	mouse	23	21603	3077	736	107	0.888923171860537	0.88999040614007	0.723688295560385	0.831875607385812	0.858187194905397	0.028967738609089	0.731043157430909	0.218676731035257	0.859094044379564	0.997534719245852	0.997900529565749	196	383.3	164	61.1	0.33207822163393	0.483867193003142	0.0478137329791816	0.029757259377776	0.0459183673469388	0.0424596152362834	0.0426829268292683	0.0333391586440367	0.0564234939049493	0.0571962640703167	0.731088508690894	0.554726386517673	0.75	0.9247668997669	0.896736596736597	0.1	FALSE	0	0	balanced	0.134	brain_cns	10	10	0.727272727272727	0.818181818181818	0.636363636363636	0.363636363636364	0.181818181818182	0.0909090909090909
SRP102454	mouse	69	21184	2985	753	106	0.974240422721268	0.973972602739726	0.845523122335192	0.96765762822607	0.965801241322642	0.0151095198257344	0.892082506336097	0.103464014888776	0.965438222581116	0.999750588607606	0.999871723558061	35	33.7	43	71.7	0.222781421384443	0.19533396145305	0.119488189485604	0.103901544891942	0	0.0197337746903926	0.0465116279069768	0.0202606204869303	0.00938871622907192	0.00818457758040322	0.48207558582591	0.26303930583021	1	0.988235294117647	0.932903336773306		FALSE	0	0	balanced	0.014	brain_cns	10	10	0.909090909090909	0.727272727272727	0.909090909090909	0.181818181818182	1	1
SRP103932	mouse	22	21303	53	718	1	0.528301886792453	0.519230769230769	0.181818181818182	0.759259259259259	0.69093183985344	0.113423121797685	0.611309183119047	0.19197063971982	0.699856250227456	0.998041886589091	0.995398547766229	25	14	0	3.3	0.500516483516484	0.396656881238476		0.0089126559714795	0	0.0503425229741019		0.025	0.0370310040966367	0.0707117877937994	0.465694677541421	0.237400940337831	0.9375	0.93727394916911	0.926692850160592	0.233333333333333	TRUE	0.4	0.5	balanced	0.091	lung	10	10	0.363636363636364	0.181818181818182	0.636363636363636	0.727272727272727	0.454545454545455	0.636363636363636
SRP105166	mouse	17	17096	829	564	29	0.662866449511401	0.666949872557349	0.809801633605601	0.793427230046948	0.787967720449037	0.0294967109025734	0.720513605497321	0.106309534665115	0.78724723950231	0.983519353411563	0.990081992846868	15	113.2	399	81.3	0.0750742002072343	0.332704907208956	0.0911951024784585	0.0473589218364581	0	0.035967775111016	0.0551378446115288	0.0171555930634776	0.109280803175854	0.0823176114613905	0.0375692149706785	0.0412780434851292	0.772727272727273	0.821101168390844	0.813425112226431		FALSE	0.1	0.1	balanced	0.129	brain_cns	10	10	0.454545454545455	0.0909090909090909	0.454545454545455	0.0909090909090909	0.363636363636364	0.272727272727273
SRP106008	human	27	25480	231	828	2	0.811715481171548	0.814345991561181	0.891213389121339	0.824701195219124	0.795773132517637	0.0369624363529354	0.780220110520896	0.0916541797650511	0.797395607049769	0.989914599917751	0.988852884379685	37	33.1	8	17.5	0.45808543456108	0.373957659060712	0.038673777203189	0.0579150671496491	0.027027027027027	0.0302330713229463	0	0	0.126645965622571	0.126058040825139	0.0865617510298586	0.0266751095437186	0.947368421052632	0.831854364171298	0.810018872939926		FALSE	0.5	0.4	balanced	0.136	kidney	10	10	0.727272727272727	0.727272727272727	0.727272727272727	0.818181818181818	1	1
SRP106011	human	78	30504	20327	976	638	0.802348430385814	0.80374109263658	0.989373163565132	0.850827411893748	0.838252604336128	0.0264649385214258	0.983670375177942	0.0111588835253573	0.838000094923489	0.981380034530163	0.985405484098392	3586	2778.8	538	608.25	0.336047973230207	0.3178719458668	0.073179242368305	0.0753073490473192	0.0387618516452872	0.0288060554584665	0.0353159851301115	0.0349585817829654	0.177941055226063	0.170806198599348	0.432251458116826	0.0474261754820575	0.933333333333333	0.969389968136499	0.996690821256039	0.0933333333333333	FALSE	0.5	0	partially_confounded	0.608	skin	20	20	0.0476190476190476	0.142857142857143	0.0476190476190476	0.19047619047619	0.0476190476190476	0.142857142857143
SRP106312	mouse	11	22948	3941	839	99	0.753715034965035	0.757643884892086	0.776046738072055	0.676010101010101	0.730206549010443	0.0428350476240974	0.793090888301799	0.12090145257898	0.73365034646915	0.983511673800079	0.987893339888505	492	878.65	635	246.2	0.358224032856703	0.466948463758203	0.0870243449218386	0.055773064721803	0.040650406504065	0.0367708661111853	0.0456692913385827	0.0465372160875025	0.153198005913623	0.144679936085716	0.108316030923825	0.0565752586030729	0.888888888888889	0.874404144386903	0.906679428551509	0.191666666666667	FALSE	0	0	partially_confounded	0.3	gut	20	20	0.333333333333333	0.761904761904762	0.238095238095238	0.19047619047619	0.380952380952381	0.619047619047619
SRP106605	mouse	40	20679	12688	656	647	0.0953244202734346	0.0953855928838059	0.951294461089345	0.64129674259504	0.681169773034789	0.102531583476319	0.971411175298754	0.0206807266987491	0.666679632969136	0.581808833836976	0.961055287648454	11426	3853.65	551	271.95	0.305115452511586	0.47351923827524	0.0126715446760649	0.0317935418413657	0.0512865394713811	0.00586646873589937	0.00181488203266788	0.00473903637344806	1.00020541229573	0.377562427481556	0.086974506695843	0.0607993265265393	0.371428571428571	0.704206729315863	0.93687564499484	0.228214285714286	TRUE	0.15	0	partially_confounded	0.871	kidney	20	20	0.0476190476190476	0.0476190476190476	0.0476190476190476	0.0476190476190476	0.0476190476190476	0.0476190476190476
SRP107001	mouse	16	21427	8	709	0	0.0155038759689922	0.016359918200409	0	0	0.0495532864335636	0.0854204576512477	0.0452118290534903	0.107559106527842	0.0518281572891707	0.986793595640358	0.999154251135128	0	4	508	86.3		0.285714285714286	0.155225161156298	0.0859698021696697		0	0.0531496062992126	0.0584482453895004	0.0230611124713846	0.0099085537883638	0.0298172788369799	0.200483346504252	0.848484848484848	0.947829301075269	0.86675787250384	0.333333333333333	FALSE	0	0	balanced	0.016	skin	10	10	0.818181818181818	0.545454545454545	0.363636363636364	0.0909090909090909	0.454545454545455	0.0909090909090909
SRP107025	human	189	26026	4435	895	150	0.909070747394101	0.911075367647059	0.935385287055228	0.92130857648099	0.919618962168222	0.0137740840036141	0.94697940865566	0.0314632402798876	0.919361862121835	0.99781681932039	0.998483366229568	336	205.6	74	163.9	0.264709048394778	0.195740471293568	0.0709052430309046	0.105668482230853	0.0476190476190476	0.0287765837281716	0.0945945945945946	0.0316002790958148	0.0471722556277523	0.0501993002742376	0.568655176059364	0.0405905257241918	0.9	0.94491759702286	0.930609857978279		FALSE	0	0	balanced	0.101	other	10	10	0.181818181818182	0.181818181818182	0.181818181818182	0.181818181818182	0.545454545454545	0.272727272727273
SRP107211	mouse	8	17695	3	589	0	0.130434782608696	0.130434782608696	0	0.130434782608696	0.0260869565217391	0.0549961332203196	0.0130434782608696	0.0412470999152397	0.0260869565217391	0.914992678025574	0.958906662215318	0	2.4	20	4.9		0.636363636363636	0.219	0.112307692307692		0	0	0	0.433815255738404	0.288476920373573	0.0509367103766705	0.0389627167273974	0.814814814814815	0.798462962962963	0.811904558404559	0.2	FALSE	0	0.2	mildly_imbalanced	0.25	blood_immune	10	10	1	1	0.181818181818182	0.272727272727273	0.545454545454545	0.909090909090909
SRP107214	mouse	8	20347	352	726	9	0.710526315789474	0.715481171548117	0.084985835694051	0.750692520775623	0.695455237554078	0.0709490684809547	0.694308003318057	0.185661308150291	0.697450424203969	0.95146293857603	0.965977209160836	1	55.3	142	82.8	0.117830029277047	0.234004005815843	0.169983563991206	0.106966685190332	0	0.0207716124143671	0.0492957746478873	0.0339097701343995	0.284749595815681	0.226065858039657	0.185352408179661	0.0957782688257093		0						mildly_imbalanced	0.25	brain_cns	10	10	0.363636363636364	0.636363636363636	0.181818181818182	0.181818181818182		
SRP108079	mouse	14	20032	526	659	18	0.807692307692308	0.808349146110057	0.551789077212806	0.803921568627451	0.806305953637049	0.0379888323796877	0.654957665812946	0.12687398153789	0.803914884082812	0.99199757364883	0.997966603623322	85	79.3	20	27.5	0.489300299546264	0.432910874784366	0.054266466394126	0.0530369826683648	0.0352941176470588	0.0236057536631926	0.05	0.0220225337098402	0.0108214659309921	0.00901574101082299	0.0937393217277536	0.153544671584529	1	0.93961038961039	0.836742424242424		FALSE	0	0	balanced	0	gut	10	10	0.727272727272727	0.545454545454545	0.727272727272727	0.0909090909090909	1	1
SRP108489	mouse	8	20231	11	676	0	0.0136307311028501	0.0138713745271122	0.0909090909090909	0.0136307311028501	0.136363636363636	0.149992347524419	0.0669981060606061	0.0788787348420226	0.136363636363636	0.964443143199724	0.975950349952728	0	9.5	796	0	0	0.826868686868687	0			0	0.0175879396984925		0.0949133702205848	0.103640077343826	0.044098663204156	0.146473535587884	0.708333333333333	0.901369109047128	0.730329960931741		FALSE	0.4	0.75	balanced	0	other	8	10	0.555555555555556	0.363636363636364	0.666666666666667	0.0909090909090909	0.555555555555556	0.0909090909090909
SRP108495	mouse	20	16111	4512	654	72	0.898393490506989	0.898071625344353	0.717510409818102	0.887011847301448	0.848220756007143	0.0439049957816301	0.743508507128095	0.167091370173339	0.849200889188914	0.995334090992559	0.993788917728547	206	460.2	281	274.9	0.262839801487195	0.366688719595886	0.085918602936322	0.125559574721213	0.0194174757281553	0.0174199600119694	0.00711743772241993	0.0352116010892499	0.0364738304731161	0.0476439227547311	0.0503385491815787	0.0570541323828264	0.833333333333333	0.851190476190476	0.7825	0.05	FALSE	0	0.3	balanced	0.1	liver	10	10	0.909090909090909	0.909090909090909	0.818181818181818	0.727272727272727	0.545454545454545	0.363636363636364
SRP108497	mouse	25	18442	1491	631	35	0.936446173800259	0.936918990703851	0.895016611295681	0.881889763779528	0.916909368913432	0.0370234937996965	0.822626549336577	0.11710264513816	0.916923325362631	0.993223287609901	0.994289262961205	47	66.3	51	66	0.28449170866711	0.297568505575036	0.109213602080821	0.0801600800185084	0.0425531914893617	0.0267365009803113	0.0196078431372549	0.0199513774765734	0.0356028160008405	0.0336976418050867	0.0539145759135248	0.0526321118212928	0.96969696969697	0.949166348357525	0.899014037433155		FALSE	0	0	balanced	0.045	brain_cns	10	10	0.909090909090909	0.818181818181818	0.727272727272727	0.272727272727273	1	0.909090909090909
SRP108593	mouse	15	17669	465	609	3	0.68801652892562	0.688149688149688	0.67237687366167	0.739130434782609	0.631507045743658	0.0806108276734416	0.554739066024149	0.201859508528326	0.630640863420067	0.973587140751628	0.98767779332214	132	158.8	19	17.3	0.547129516575386	0.586159552491457	0.0156273035530001	0.0262853353365679	0.00757575757575758	0.00628049333573197	0	0	0.137331822516965	0.0936398481059478	0.0880876489828632	0.121036267559186	0.727272727272727	0.823030303030303	0.787873237873238	0.3	FALSE	0	0.1	mildly_imbalanced	0.167	liver	10	10	0.818181818181818	0.818181818181818	0.636363636363636	0.0909090909090909	0.363636363636364	0.272727272727273
SRP108622	mouse	16	22949	10424	687	235	0.963415781058967	0.963911076893466	0.907889805097451	0.966922566581367	0.9642011294009	0.0048198220816965	0.907143223337516	0.0827421318283886	0.964605688021828	0.999295123014821	0.999353209048462	180	191.5	209	188.8	0.325302998349248	0.32142301718658	0.154056610368968	0.112829803444831	0.0388888888888889	0.0384030335226162	0.0334928229665072	0.0273486748503553	0.0049218478776092	0.0054382375784617	0.210139966359391	0.431288688362569	1	0.938888888888889	0.89093567251462		FALSE	0.3	0.2	balanced	0	other	10	10	0.636363636363636	0.272727272727273	0.636363636363636	0.363636363636364	1	1
SRP108766	mouse	15	16758	2154	519	58	0.897402597402597	0.897641299510458	0.738674496644295	0.905191873589165	0.890376030711826	0.0196977981304641	0.82941788174954	0.0793942596727947	0.890384683402399	0.998102169543542	0.998047796020011	81	131.3	156	119.5	0.274249011704373	0.302998108957308	0.0874213733097333	0.0851305659020414	0.0246913580246914	0.035821665965754	0.0320512820512821	0.0254900539834159	0.0276763284192193	0.0315156828173279	0.196457511152761	0.329400328424636	0.952380952380952	0.976406926406926	0.92965367965368	0.4	FALSE	0	0	balanced	0.071	other	10	10	0.727272727272727	0.636363636363636	0.909090909090909	0.363636363636364	0.636363636363636	0.454545454545455
SRP109283	mouse	10	19562	98	672	14	0.7	0.682352941176471	0.693069306930693	0.646464646464647	0.609213855284705	0.190252376237251	0.507026554333824	0.246868779632534	0.588333084448499	0.993156294829807	0.989449729182607	28	24.1	2	112.1	0.490607399030501	0.383340276379491	0.0125963391136802	0.0843468205350874	0.0714285714285714	0.0836586250379354	0.5	0.218595306975249	0.0373163446298596	0.0460209868490684	0.17768753388729	0.107490201948997	0	0	0					balanced	0.083	other	10	10	0.727272727272727	0.818181818181818	0.909090909090909	0.909090909090909	1	1
SRP109781	human	51	20545	16274	676	479	0.989530398579563	0.989464387104914	0.989093137254902	0.991514041514042	0.988161509752005	0.00318317783183062	0.947390180245448	0.0674841612772509	0.988159996580114	0.999013658042131	0.998495552496111	112	110.4	59	83.2	0.179185921208243	0.178024839605857	0.0883494573488956	0.105742452937969	0.00892857142857143	0.0143933444129745	0.0508474576271187	0.0493996199175985	0.00652603342445558	0.00878635065863694	0.0447786490966836	0.0381477416585262	1	0.940720390720391	0.935147509578544		FALSE	0	0	balanced	0.033	other	10	10	1	0.727272727272727	0.909090909090909	0.818181818181818	1	1
SRP109807	mouse	10	22421	1312	767	28	0.734752589182969	0.733842538190364	0.787463976945245	0.786598689002185	0.78261367348897	0.0142531369049768	0.71711643889014	0.16030683634539	0.783665693970989	0.978423093504887	0.986045465016714	35	213.2	426	91.7	0.123494167960375	0.483617532874236	0.0688659533921067	0.0729869184519529	0	0.0263512232188275	0.0187793427230047	0.0280028925319839	0.189557411249392	0.151359089753269	0.206492875910524	0.130238573385677	0.88	0.914311594202898	0.945108695652174	0.25	FALSE	0	0	mildly_imbalanced	0.2	heart	10	10	0.272727272727273	0.0909090909090909	0.181818181818182	0.0909090909090909	0.181818181818182	0.454545454545455
SRP110495	mouse	23	18343	4027	533	0	0.918194640338505	0.918194640338505	0.820278712157617	0.917168312063568	0.928724154276953	0.00749068008999142	0.915692079579838	0.046122587303858	0.929038554976257	0.983296238407412	0.990694888074939	121	178.4	227	117.2	0.332676976967257	0.362797768208597	0.13701383021596	0.099729256756777	0	0	0	0.0126512431857466	0.0830442140822165	0.0709092461991532	0.200510649000251	0.217566056456779	0.769230769230769	0.822319347319347	0.855927405927406	0.133333333333333	TRUE	0.2	0.5	balanced	0.144	kidney	10	10	0.454545454545455	0.181818181818182	0.363636363636364	0.0909090909090909	0.272727272727273	0.363636363636364
SRP110981	mouse	14	23170	12	833	0	0.833333333333333	0.833333333333333	0.75	0.75	0.736904761904762	0.0782561415068971	0.643021978021978	0.199395078120617	0.736904761904762	0.981906465867297	0.95843575848921	2	3	0	0.2	0.656666666666667	0.639259259259259		0	0	0		0	0.161173713168995	0.198268054724324	0.103643208626078	0.0285542728606242	1	0.781598176718093	0.65975975206841		FALSE	0	0	mildly_imbalanced	0.167	other	10	10	0.818181818181818	1	0.818181818181818	0.818181818181818	1	1
SRP111204	mouse	13	16358	6417	591	220	0.839065634852393	0.839524517087667	0.837763097249962	0.87419749312137	0.865495688677603	0.0115088096182206	0.852918462403159	0.13122304052827	0.865637587463672	0.986439970905158	0.992739958500699	562	662.35	561	232.35	0.365512466178866	0.413975036601794	0.087297297955473	0.085355325664009	0.0266903914590747	0.0325259662495546	0.0499108734402852	0.0437198533895786	0.147686423892995	0.108896093612102	0.250845349128689	0.139453429777899	0.764705882352941	0.782082534768293	0.783370352370891	0.444166666666667	FALSE	0.45	0.45	partially_confounded	0.3	other	20	20	0.238095238095238	0.0476190476190476	0.238095238095238	0.0476190476190476	0.380952380952381	0.428571428571429
SRP111291	mouse	8	21597	8	758	0	0.8	0.8	0.375	1	0.675833333333333	0.259375139446638	0.518518518518519	0.287251637221478	0.675833333333333	0.996689640449801	0.997635795008743	0	2.4	2	0.3		0.239285714285714	0.15	0.0294117647058824		0	0	0	0.0133075191760324	0.0113232626513183	0.115437840585957	0.447180290045533	1	0.932683982683983	0.690648610648611		FALSE	0	0.444444444444444	balanced	0	brain_cns	9	10	0.8	0.727272727272727	0.6	0.181818181818182	1	1
SRP111520	mouse	132	21390	8892	754	326	0.958823529411765	0.958837498586453	0.990484719579089	0.97853170189099	0.970963869118407	0.00303335685051776	0.969273666931569	0.0275664298392804	0.970794212602275	0.998637767611492	0.999325994586971	90	138.9	288	122.9	0.170012707239409	0.223964830811884	0.132260639956608	0.126065344610766	0.0333333333333333	0.0323991405196525	0.0381944444444444	0.0291414329717469	0.0451409017165047	0.0312200927447554	0.610820200223738	0.230066453616912	0.933333333333333	1	0.989885057471264	0	FALSE	0	0	balanced	0.09	brain_cns	10	10	0.272727272727273	0.0909090909090909	0.272727272727273	0.0909090909090909	0.0909090909090909	0.0909090909090909
SRP111981	mouse	14	18703	3	721	0	0.038961038961039	0.0410958904109589	1	0	0.2	0.281091347570523	0.2	0.358322566591047	0.2	0.966442717453878	0.996384574081582	0	2.4	74	0	0	0.688888888888889	0			0	0.0540540540540541		0.0460562366774048	0.0206006404071094	0.0267257090205741	0.0661419597914208	0.25	0.55	0.382619047619048	0.15	TRUE	0.3	0.5	balanced	0	other	10	10	0.727272727272727	0.636363636363636	0.454545454545455	0.0909090909090909	0.454545454545455	0.181818181818182
SRP112744	human	16	7498	23	87	0	0.782608695652174	0.782608695652174	0.782608695652174	0.521739130434783	0.709517675405474	0.172473600989942	0.675486557526152	0.228882783645436	0.717000063243812	0.996005872059942	0.994138442077178	5	4	0	3.8	0.204264069264069	0.123672623672624		0.186507936507937	0	0		0.0561224489795918	0.0504359278178204	0.0439469491593558	0.0117913797618356	0.0105603126202135	0.888888888888889	0.792222222222222	0.854382284382284	0.0944444444444444	TRUE	0.3	0.4	balanced	0	blood	10	10	0.727272727272727	0.727272727272727	0.909090909090909	1	0.636363636363636	0.454545454545455
SRP113226	human	14	22235	2578	742	79	0.680513595166163	0.679127725856698	0.717330538085255	0.702228717573986	0.713477157998715	0.0287287513858735	0.717414338947736	0.213567461655748	0.712254422469288	0.988195875531916	0.98754583007649	776	578.2	70	222.2	0.491471194628984	0.433647210268738	0.0309430738354449	0.0513545980421867	0.0270618556701031	0.0256144909027805	0.0142857142857143	0.0238520572581681	0.126324531043297	0.126171145194841	0.169844173164829	0.0880123889877795	0.666666666666667	0.715867882117882	0.768608058608059	0.341666666666667	FALSE	0.5	0.5	mildly_imbalanced	0.267	blood	10	10	0.363636363636364	0.181818181818182	0.272727272727273	0.636363636363636	0.181818181818182	0.545454545454545
SRP113245	human	44	21783	9209	727	320	0.950093380369371	0.951760525465705	0.921259842519685	0.974034404414151	0.969113358614547	0.0118871964008193	0.92928232628652	0.0455951355316578	0.968885646913004	0.99891736367807	0.999632971182742	52	114.8	429	176.8	0.204771718452157	0.253050166122666	0.151136724948273	0.0954193919786429	0.0384615384615385	0.0343030552051387	0.0722610722610723	0.0184195889095632	0.0242030075346375	0.0189362913198721	0.532536211803464	0.212771566194189	0.885714285714286	0.976114081996435	0.940269926152279	0.183333333333333	FALSE	0	0	balanced	0.054	blood	10	10	0.636363636363636	0.181818181818182	0.545454545454545	0.0909090909090909	0.272727272727273	0.181818181818182
SRP113470	human	304	29374	11531	1065	339	0.989977535856229	0.990735791911634	0.960618019984885	0.990751944684529	0.99054094006089	0.00209515527087301	0.98641220840053	0.00624285832158286	0.990689237714251	0.999801939138193	0.999934743409002	73	57.4	43	52.2	0.207744655388423	0.193742548413632	0.0830292080130807	0.0891412687455889	0.0410958904109589	0.0446554405836024	0.209302325581395	0.0391239546211341	0.00679655618660029	0.0076332251907325	0.753143987093915	0.0460415267836341	1	1	1		FALSE	0	0	balanced	0.033	gut	10	10	0.727272727272727	0.454545454545455	0.363636363636364	0.0909090909090909	1	1
SRP113541	mouse	10	23007	336	739	9	0.558139534883721	0.55688622754491	0.64	0.606382978723404	0.56597451199806	0.0917139093657042	0.515474496245678	0.170819050949576	0.561768494369636	0.988705720347358	0.986609481589191	144	126.7	8	30.5	0.603404660156109	0.511093079100883	0.0195512820512821	0.0314807428924414	0.0208333333333333	0.0120885865047143	0.125	0.0437032733616038	0.127478823326557	0.140347017382059	0.151134299971171	0.0709062861036746	0.666666666666667	0.728809523809524	0.538253968253968		FALSE	0.3	0.3	mildly_imbalanced	0.2	tumor	10	10	0.545454545454545	0.454545454545455	0.909090909090909	0.636363636363636	0.636363636363636	0.454545454545455
SRP113605	mouse	81	17281	6376	582	47	0.926509186351706	0.929708222811671	0.983085356303837	0.986909770920991	0.981956804848172	0.00398198243030272	0.970140521247112	0.0148545332905515	0.982353518107064	0.995985503399478	0.9997966332163	22	69.1	482	46.9	0.0999262532182186	0.361485329099031	0.0469007672163904	0.0758130270510069	0.0909090909090909	0.0274067122102991	0.0518672199170125	0.028736162217011	0.0206362089235815	0.0123051773625797	0.0771241422567981	0.0780628002783017	0.973684210526316	0.989402560455192	0.971318889739942		FALSE	0.3	0.3	balanced	0.02	muscle	10	10	0.0909090909090909	0.0909090909090909	0.0909090909090909	0.0909090909090909	0.818181818181818	0.454545454545455
SRP113655	mouse	24	17872	153	630	9	0.185185185185185	0.194563662374821	0.477124183006536	0.300653594771242	0.350134977392182	0.169187530125909	0.421056271048846	0.21762050707043	0.351586800346821	0.904582391356685	0.980096269618384	8	75.8	630	55.9	0.1371624417495	0.36390086253953	0.0474358502698495	0.0188655802604824	0	0.0396239745261303	0.119047619047619	0.0492506227165456	0.430123490001525	0.196211630314954	0.109355593303561	0.111178950090463	0.5	0.579152840623429	0.688333333333333	0.153333333333333	TRUE	0.4	0.4	mildly_imbalanced	0.25	liver	10	10	0.272727272727273	0.272727272727273	0.0909090909090909	0.0909090909090909	0.272727272727273	0.363636363636364
SRP113755	human	44	23445	10625	778	345	0.802717986136446	0.801998868564963	0.946548088383607	0.811016488494292	0.783726202569404	0.0170117045967311	0.949817371271772	0.0342109611309626	0.783476425134677	0.985419655295962	0.981260176666862	1824	1957.55	339	433.8	0.373397454422884	0.362125475248734	0.0704772859117494	0.0701380039480574	0.0274122807017544	0.0301834110704826	0.0383480825958702	0.0351046502412344	0.164623111673426	0.18535226458677	0.101488384411931	0.0381174338791326	0.909090909090909	0.85667925914665	0.979940711462451	0.353333333333333	FALSE	0	0	partially_confounded	0.35	other	20	20	0.0476190476190476	0.904761904761905	0.0476190476190476	1	0.0476190476190476	0.714285714285714
SRP113777	mouse	32	20860	5144	752	154	0.954726273915514	0.955655401445595	0.959055418015616	0.95607333842628	0.956270234626144	0.00679741246665784	0.927268460871185	0.0515085179611028	0.957351767673302	0.998189369607464	0.998928576509132	104	126.2	135	103.6	0.334288336970654	0.329488581074092	0.091706222011272	0.105608873714279	0.0576923076923077	0.0586315718614373	0.0444444444444444	0.0486660794526205	0.0368723051141394	0.0264272202808013	0.16863830095551	0.347863327285597	0.896551724137931	0.915492610837438	0.865347813106434	0.5	FALSE	0	0	balanced	0.063	brain_cns	10	10	0.363636363636364	0.363636363636364	0.363636363636364	0.0909090909090909	0.909090909090909	0.363636363636364
SRP114567	human	8	18095	3	622	0	0.666666666666667	0.666666666666667	0	0.5	0.36704465586086	0.366415810409651	0.441966279776427	0.392561498003751	0.367059269000648	0.981320195598465	0.979513626740011	1	1.3	0	317.3	0.366666666666667	0.253968253968254		0.0382873232539634	0	0		0.0372394134216012	0.155078514159637	0.15210816021096	0.0725325970681746	0.0586342169404587	0.892857142857143	0.909014031945066	0.904228885068707	0.0916666666666667	FALSE	0	0	mildly_imbalanced	0.25	muscle	10	10	0.818181818181818	0.909090909090909	0.454545454545455	0.636363636363636	0.363636363636364	0.272727272727273
SRP114759	mouse	10	21764	92	748	4	0.813084112149533	0.823529411764706	0.804347826086957	0.852631578947369	0.795569580542727	0.0467307593503473	0.58221594891912	0.1389467171293	0.796896771626746	0.997980337970554	0.999153666082133	5	16.8	15	2.5	0.239405075600728	0.535637390149572	0.0468481252149983	0.0871516754850088	0.2	0.0420859213250518	0.0666666666666667	0.075	0.0190633582909965	0.00883392780585236	0.164305882560558	0.373129716175644	0.962962962962963	0.966503866503867	0.849970425693451		FALSE	0	0.3	balanced	0	brain_cns	10	10	1	0.727272727272727	0.909090909090909	0.0909090909090909	0.909090909090909	0.818181818181818
SRP114762	human	18	18332	6725	598	196	0.946309717497412	0.946510210301737	0.89902967233863	0.939026195056978	0.947613657303487	0.00504115175132312	0.862728601944165	0.0532517059112782	0.94760116290012	0.999542161246766	0.999443918342823	327	258.9	36	98.6	0.486056182620929	0.392797371016785	0.0508200522427541	0.0566975485457093	0.0275229357798165	0.0244685982199185	0.0833333333333333	0.0329287773644162	0.00299433132437959	0.00493932009527926	0.100747055081729	0.0621490377789051	0.894736842105263	0.923391812865497	0.812443609022557	0.116666666666667	FALSE	0	0	balanced	0	blood	10	10	0.909090909090909	0.454545454545455	1	0.636363636363636	0.909090909090909	0.363636363636364
SRP114953	mouse	10	21303	2073	789	15	0.718641114982578	0.774102079395085	0.795841209829868	0.749155088246339	0.703547250668484	0.0831607657065315	0.594400828122216	0.196033549679657	0.705244141578516	0.991712707695092	0.983146729314192	423	552	223	83.1	0.473847999638025	0.480927153193739	0.0133386980616008	0.0414474731671313	0.00709219858156028	0.0149324078397437	0.739910313901345	0.0233194103241286	0.107104458057436	0.140686645002809	0.289384378691008	0.0752255017644682	0.375	0.7725	0.812857142857143		TRUE	0.2	0	mildly_imbalanced	0.2	brain_cns	10	10	0.727272727272727	0.636363636363636	0.818181818181818	0.818181818181818	0.0909090909090909	0.181818181818182
SRP114994	mouse	55	24929	1955	870	75	0.829814735028005	0.831763122476447	0.814350225790266	0.918905220476432	0.912145320960684	0.0149163708680384	0.833243757972797	0.12130452698183	0.912192191328481	0.997933038307059	0.998413995147621	29	88.8	366	91.6	0.122469286359833	0.235271514264755	0.137562884935815	0.0863413344513144	0.103448275862069	0.0388615227463595	0.046448087431694	0.0427930198036451	0.0221302135200621	0.0182584829829069	0.0743802253363695	0.0502846944190818	1	0.977450980392157	0.947712418300654		TRUE	0.3	0.6	balanced	0.03	tumor	10	10	0.545454545454545	0.0909090909090909	0.727272727272727	0.272727272727273	1	1
SRP115011	human	80	24625	8499	829	278	0.946229209387104	0.947101790763431	0.93322680059354	0.937962962962963	0.937366583534118	0.00521017586346482	0.964836527206153	0.0214538870894341	0.937566491239984	0.997974448515366	0.998315019676961	193	352	279	192.4	0.188561969126196	0.268268336692438	0.0966905327811007	0.103335434785561	0.0569948186528497	0.0394878486665443	0.0430107526881721	0.026296368810493	0.0504786447488515	0.0505886205028734	0.51482634159344	0.0426665873035773	0.961538461538461	0.969230769230769	0.969230769230769		FALSE	0	0	balanced	0.128	tumor	10	10	0.272727272727273	1	0.272727272727273	0.272727272727273	0.727272727272727	0.818181818181818
SRP115189	mouse	30	19124	34	725	3	0.894736842105263	0.911764705882353	0.942857142857143	0.916666666666667	0.951904761904762	0.0263893364325339	0.94813258636788	0.017821887236364	0.956534090909091	0.993859753684224	0.993445841513234	0	0.6	4	1.1		0.384615384615385	0.07	0.133333333333333		0	0.25	0.277777777777778	0.0196113736033042	0.0326582465074091	0.0362012634419552	0.0243452997904294	1	1	0.523611111111111		FALSE	0	0.1	balanced	0	blood_immune	10	10	0.0909090909090909	0.0909090909090909	0.909090909090909	0.727272727272727	1	1
SRP115474	mouse	12	16420	9010	543	252	0.864038359083644	0.864209718109027	0.857555033126737	0.881517105694611	0.872786927080443	0.00985828346708615	0.937768522193099	0.0458079477676952	0.873494253542431	0.987251580141859	0.993011633098853	901	1001.45	375	166.1	0.420080790003293	0.480447300398521	0.098234827869268	0.13888795690649	0.0244173140954495	0.0307757633092377	0.0426666666666667	0.0557579837707025	0.140907677368796	0.105772406792921	0.0959777357792118	0.0569452954886263	1	0.946892386892387	0.947016245568877		FALSE	0	0	partially_confounded	0.333	other	20	20	0.142857142857143	0.19047619047619	0.0476190476190476	0.0952380952380952	1	1
SRP115571	human	52	26110	25	870	0	0.96	0.96	0.714285714285714	1	0.968461538461538	0.0246073704902771	0.854350982350982	0.102053169694917	0.968461538461538	0.999306245904754	0.999479449960087	1	0.6	0	0.2	0.6	0.384615384615385		0	0	0		0	0.00720575268264497	0.0135714472068203	0.186193790469883	0.236175681076976	1	0.926630434782609	0.866806949089558		FALSE	0	0	balanced	0	brain	10	10	0.909090909090909	0.636363636363636	0.818181818181818	0.272727272727273	1	1
SRP115833	mouse	8	14708	1	546	0	0	0	0	0	0.2	0.421637021355784	0.0783333333333333	0.130064086767511	0.2	0.949194392407541	0.957015365322075	1	0.8	0	0	0.8	0.636363636363636			0	0			0.17862813087766	0.190122725367158	0.0325944061239505	0.0312192523260549	0	0	0					mildly_imbalanced	0.25	brain_cns	10	10	0.727272727272727	0.818181818181818	0.363636363636364	0.363636363636364	1	1
SRP115984	mouse	8	21488	2	849	0	0.5	0.5	1	1	0.444145658263305	0.30337130793693	0.179684883860084	0.208563627566231	0.444145658263305	0.987352267658206	0.978805661911205	1	0	0	8	0			0.0951304787614053	0			0	0.0374206370175463	0.0484491347604523	0.056887208499449	0.0634952113325731	0.92	0.862282051282051	0.715121546539171		FALSE	0	0.555555555555556	balanced	0	kidney	9	10	1	0.636363636363636	1	0.909090909090909	1	1
SRP116137	mouse	35	22071	55	779	0	0.774647887323944	0.774647887323944	0.727272727272727	0.9	0.776773956978223	0.101479378273927	0.528111027926349	0.169062505344295	0.776773956978223	0.99814822588461	0.999048574545178	0	10.5	16	2.1		0.309350932528682	0.0461799719887955	0.0738705738705739		0	0	0	0.0201617707196247	0.0203784373550401	0.269715519602458	0.175594630284286	0.9	0.948947368421053	0.918947368421053	0.5	FALSE	0	0	balanced	0.029	gut	10	10	1	0.545454545454545	0.909090909090909	0.181818181818182	0.545454545454545	0.363636363636364
SRP116375	mouse	12	21096	2	302	0	1	1	1	0.666666666666667	0.65	0.432252362935309	0.513794326241135	0.460034750943836	0.65	0.875539702235819	0.899706897123841	0	0.7	0	0		0.192592592592593				0			0.388715483189199	0.395357565022543	0.0332156013913788	0.0680590837930392	0	0.356899766899767	0.392131185807656	0.55	TRUE	0.7	0.45	partially_confounded	0.333	kidney	20	20	1	1	0.142857142857143	0.285714285714286	0.142857142857143	0.0952380952380952
SRP116558	mouse	8	22248	3860	848	132	0.691883546537274	0.692676249144422	0.912131802296555	0.691883546537274	0.633835031362712	0.0480507661131883	0.729673032294031	0.120934539207009	0.634555549291071	0.942925661269434	0.958250893512611	723	1279.85	674	199.55	0.459832935410307	0.554349214817674	0.126207571756351	0.0744741929138109	0.0428769017980636	0.0366811706604906	0.0281899109792285	0.0473124683943713	0.374333689016773	0.292350331538687	0.353445572243671	0.185266941365827	0.78125	0.85065006392384	0.85397978557357	0.266666666666667	FALSE	0.25	0.1	partially_confounded	0.5	gut	20	20	0.571428571428571	0.904761904761905	0.238095238095238	0.142857142857143	0.0952380952380952	0.142857142857143
SRP117020	human	127	26732	9374	875	277	0.91539973109939	0.916631130063966	0.971407547566488	0.943429890848027	0.94470178399577	0.00556534679403127	0.971150162605929	0.0192276317239381	0.94469795464208	0.996036862929742	0.998540447726874	523	321.3	295	208.7	0.207717777048704	0.22949779234724	0.0959353546051886	0.110100165422126	0.0458891013384321	0.0303779689981638	0.0406779661016949	0.0284047805830865	0.0852129722693959	0.0506309762614129	0.304637379201869	0.0460186959782305	0.931034482758621	0.955262725779967	0.97179802955665	0.05	FALSE	0	0	balanced	0.141	lung	10	10	0.0909090909090909	0.0909090909090909	0.0909090909090909	0.0909090909090909	0.181818181818182	0.454545454545455
SRP117060	mouse	9	21018	3	743	0	1	1	1	1	1	0	0.895	0.173925271309261	1	0.779115120683557	0.832896770604277	0	0	0	0									0.733421741192127	0.639580843466083	0.0776563859312457	0.0617856883863557	0.454545454545455	0.514772727272727	0.513617647058824	0.552884615384615	TRUE	1	0.4	mildly_imbalanced	0.25	brain_cns	10	10	1	1	0.0909090909090909	0.545454545454545	0.181818181818182	0.545454545454545
SRP117567	mouse	12	18225	1949	602	124	0.282875511396844	0.280049185367353	0.844053678852383	0.327551020408163	0.314992628380349	0.0183852911448694	0.740623626594886	0.158419830736573	0.314965343857445	0.647703001674038	0.736288184613521	981	1307.55	1473	95.05	0.66580302164244	0.852511501195375	0.05	0.219730485634376	0.0682976554536188	0.0641044018569283	0.0305498981670061	0.052254767635623	1.47804139899734	0.979604452914125	0.0430794738848441	0.0324000154410117	0	0.296817765567766	0.638392857142857	0.25	TRUE	1	0.9	partially_confounded	0.833	liver	20	20	0.0952380952380952	0.0952380952380952	0.0476190476190476	0.0952380952380952	0.142857142857143	0.0952380952380952
SRP117580	mouse	15	17826	4715	572	133	0.7278748850046	0.728704230696263	0.896924017111428	0.721556886227545	0.6736312881204	0.0647545868404074	0.860186733816817	0.0631854304896313	0.673668837170303	0.966253659457216	0.958519773503548	759	1283.4	720	369.45	0.378530093958186	0.414785823689007	0.167218580915785	0.106870134771832	0.0237154150197628	0.0264165778752185	0.0430555555555556	0.0335074081095522	0.300611393822926	0.277722497240316	0.0396820216388397	0.0349735176686307	0.833333333333333	0.730454545454546	0.866448551448552		FALSE	0.45	0.2	partially_confounded	0.429	other	20	20	0.142857142857143	0.857142857142857	0.0476190476190476	0.571428571428571	0.380952380952381	1
SRP117757	mouse	8	20376	38	714	2	0.680851063829787	0.666666666666667	0.394736842105263	0.564102564102564	0.592178775802003	0.100599415443392	0.482067740934247	0.272563044688252	0.58212376237917	0.995502252541791	0.996156758044701	6	8.8	9	10.9	0.353713006941907	0.214189878850091	0.2285	0.0618822197884714	0	0.0062111801242236	0	0.0505050505050505	0.017701810339193	0.014980104036544	0.0298000807557815	0.189433682150614	1	0.985449735449735	0.898397837691497		FALSE	0.1	0.5	balanced	0	kidney	10	10	0.818181818181818	0.909090909090909	0.454545454545455	0.454545454545455	1	1
SRP117955	mouse	15	21567	387	696	0	0.766439909297052	0.766439909297052	0.746305418719212	0.735218508997429	0.786314002979886	0.0378623831756853	0.72150301781674	0.143341867544577	0.786314002979886	0.985109243695312	0.98951234377153	49	72.7	54	12.5	0.430369758118813	0.505250336985716	0.022353992828206	0.0249016817318219	0	0	0	0	0.082819714911614	0.0661460683509829	0.140797686412328	0.09490754952696	0.466666666666667	0.742296918767507	0.677440476190476	0.299404761904762	TRUE	0	0.2	balanced	0.111	brain_cns	10	10	0.727272727272727	0.363636363636364	0.636363636363636	0.0909090909090909	0.272727272727273	0.0909090909090909
SRP118141	mouse	19	21860	2096	804	68	0.20778183477864	0.208861509299846	0.512844909609895	0.0768129770992366	0.242785089544621	0.190166253871938	0.762869385242411	0.162093143345584	0.24384104356416	0.766708688514468	0.878892492712421	275	1463.1	6668	477.7	0.188149632332539	0.577665730825962	0.0447114514111144	0.0168756591073546	0.0363636363636364	0.0351507807783396	0.0382423515296941	0.0337599213639563	1.54164187261493	0.685674290024576	0.0613338241170402	0.0465116614954103	0.529411764705882	0.717755012979507	0.935982804968484	0.245024803627745	FALSE	0.3	0	partially_confounded	0.689	skin	20	20	0.0476190476190476	0.523809523809524	0.0476190476190476	0.0952380952380952	0.0476190476190476	0.0952380952380952
SRP118346	mouse	16	21004	908	784	42	0.886532343584305	0.888641425389755	0.713819368879217	0.847921225382932	0.874184374166056	0.0197217671313575	0.723887943044858	0.153423060566422	0.874263466867153	0.999393378373869	0.999721768353924	72	99.6	35	16.6	0.467853970872707	0.532582567703201	0.04317970673562	0.0510605052500201	0.0555555555555556	0.0401159304029407	0.0857142857142857	0.0794133404909267	0.00274955235449866	0.00310829315653396	0.262053755628526	0.563423054380892	0.866666666666667	0.949450549450549	0.799958791208791		FALSE	0	0.3	balanced	0	brain_cns	10	10	1	0.727272727272727	0.909090909090909	0.0909090909090909	0.818181818181818	0.181818181818182
SRP118401	mouse	16	21507	6816	768	254	0.955558710776658	0.954893867924528	0.887260591990714	0.962946817785527	0.964837049297936	0.00231349215526164	0.917150685915208	0.0791365404311419	0.964442882664168	0.999431096719166	0.99966810377708	86	162.7	227	79.8	0.300004706768283	0.390555991026515	0.114804531755904	0.0797139806539803	0.0232558139534884	0.0247731849327603	0.0220264317180617	0.033344614554292	0.00680716832794534	0.00574639438646687	0.501478511833489	0.37011040659155	1	0.984375	0.96875		FALSE	0	0	balanced	0	brain_cns	10	10	0.454545454545455	0.0909090909090909	0.454545454545455	0.0909090909090909	1	1
SRP118915	mouse	9	15918	3276	285	18	0.699439031591379	0.70327380952381	0.293831662108782	0.731843575418994	0.727274198531544	0.0139772775804595	0.730591835694131	0.134323552751487	0.730903302987846	0.979674758454489	0.978705486299618	907	729.2	111	224.4	0.587133224819264	0.5121101631356	0.0814614537189262	0.0676721831911086	0.0132304299889746	0.0136859348369983	0.0810810810810811	0.0493747605442675	0.116774293553766	0.129421578683626	0.114186044405262	0.124254003900598	0.769230769230769	0.774225429713046	0.724220472939513	0.186904761904762	FALSE	0	0	partially_confounded	0.3	adipose	20	20	0.19047619047619	0.0952380952380952	0.476190476190476	0.523809523809524	0.666666666666667	0.571428571428571
SRP118972	human	12	20947	18	675	2	0	0	0.166666666666667	0.0434782608695652	0.063704160860559	0.105728846648335	0.276884942853588	0.25924642863447	0.0641646681358569	0.809690820000501	0.847919856242431	18	13.95	0	24.4	0.775	0.611007365909327		0.0448351189037375	0.111111111111111	0.105301379811184		0.0757190440943217	0.664330184138918	0.617642497216703	0.0889547948792225	0.0486566634417431	0.724137931034483	0.716774641944901	0.830916666666667	0.161547619047619	FALSE	0	0	partially_confounded	0.5	liver	20	20	0.285714285714286	0.666666666666667	0.0476190476190476	0.19047619047619	0.19047619047619	0.714285714285714
SRP119123	mouse	14	24055	26	812	0	0.307692307692308	0.307692307692308	0.119266055045872	0.576923076923077	0.491096004889108	0.107983282449656	0.352005257106895	0.147225654135946	0.491096004889108	0.977313220813558	0.984294934630981	18	11.8	0	2.5	0.655555555555556	0.579058755333265		0.0565268065268065	0	0		0	0.135021619183345	0.147336696827514	0.0695754705878569	0.0932215029763905	0.8	0.737424985145573	0.722169606279513	0.323333333333333	FALSE	0	0.1	mildly_imbalanced	0.25	brain_cns	10	10	0.454545454545455	0.0909090909090909	0.545454545454545	0.0909090909090909	0.909090909090909	0.727272727272727
SRP119561	human	22	26828	1204	900	46	0.885400313971743	0.883265306122449	0.881435257410296	0.812860676009893	0.853797697551199	0.0389897580291412	0.696133139670615	0.237198146623997	0.851905623981153	0.999284727789204	0.999251583980115	76	98.5	70	94.2	0.333904498011377	0.288583318351313	0.0692517263124679	0.082264006639827	0	0.0153282962849611	0.0428571428571429	0.0235040949953231	0.0136624267143177	0.0177578072826329	0.0682073717861389	0.124204901807622	0.962962962962963	0.962362637362637	0.884892765537927		FALSE	0	0	balanced	0.017	other	10	10	0.818181818181818	1	0.636363636363636	0.545454545454545	0.636363636363636	0.818181818181818
SRP119636	human	42	22624	9234	785	318	0.861514997458058	0.862970380520713	0.979703608247423	0.896619864794592	0.886053877433978	0.0161789619164687	0.937828767920062	0.0360161305546485	0.886189391529238	0.989496057956592	0.994148284134686	761	618.2	601	492.5	0.239037910484731	0.263288665455528	0.0979646297941346	0.122508708123779	0.0420499342969777	0.0374514016976195	0.0499168053244592	0.0328431286018989	0.130737526864039	0.0941946208531686	0.396198399171181	0.0684953474316534	0.923076923076923	0.927511258156419	0.980769230769231	0.216666666666667	FALSE	0	0	mildly_imbalanced	0.255	blood	10	10	0.0909090909090909	0.181818181818182	0.0909090909090909	0.0909090909090909	0.0909090909090909	0.363636363636364
SRP119667	mouse	12	20302	7049	700	206	0.80357384594558	0.805357890330682	0.795567494963063	0.7814343778681	0.776663463660032	0.0209748452986522	0.796264645727137	0.143997789698605	0.777378961015825	0.989292358093801	0.98877984368716	1113	1296.3	338	354.2	0.42617634694351	0.475856404841928	0.0585270677789798	0.100535730816179	0.0377358490566038	0.0305220105634475	0.0414201183431953	0.0440635763521893	0.131404784123838	0.137383703351486	0.08453752131965	0.0408840899759094	0.967741935483871	0.925430107526882	0.925228494623656		TRUE	0.5	0.1	mildly_imbalanced	0.286	blood_immune	10	10	0.454545454545455	1	0.272727272727273	0.818181818181818	1	1
SRP119675	mouse	12	20581	132	633	0	0.763313609467456	0.763313609467456	0.735294117647059	0.673469387755102	0.76738841854631	0.0637991051867982	0.591259802024246	0.235196259124966	0.76738841854631	0.994124281056434	0.992231560516953	3	18.8	37	16.9	0.161097178688409	0.341644329359435	0.125021606213598	0.0445579256024668	0	0	0	0	0.0164131590252799	0.0192866078894843	0.162933955950012	0.111857183600646	0.909090909090909	0.89469696969697	0.858412384716733	0.483333333333333	TRUE	0	0	balanced	0	brain_cns	10	10	0.818181818181818	0.454545454545455	0.909090909090909	0.727272727272727	0.727272727272727	0.727272727272727
SRP119676	human	60	21838	11820	715	371	0.976868031286404	0.977733837689133	0.954058320179447	0.988531916687748	0.986786640377997	0.00101394607529236	0.945606138294204	0.0276501584044364	0.987059425848649	0.999436607054986	0.999877551125897	80	88.6	198	68.5	0.258014370949397	0.305073473549653	0.0943835062217075	0.0922457056760657	0.05	0.0441464247020765	0.0757575757575758	0.0592978129532001	0.0125619891073962	0.00848863914276734	0.355792143090552	0.121368515985496	1	0.996875	0.975		FALSE	0	0	balanced	0.033	liver	10	10	0.909090909090909	0.0909090909090909	0.818181818181818	0.0909090909090909	1	1
SRP119934	mouse	14	19639	1	696	0	0.0454545454545455	0.0476190476190476	1	1	1	0	0.95	0.158113883008419	1	0.956331798852205	0.988544632098759	0	0	21	0			0				0.0476190476190476		0.333708575604542	0.13235166549118	0.0330177501165229	0.0295953184848313	0.620689655172414	0.861513409961686	0.780386790731618	0.256565656565657	FALSE	0	0.2	balanced	0.083	muscle	10	10	0.0909090909090909	0.0909090909090909	0.363636363636364	0.0909090909090909	0.363636363636364	0.0909090909090909
SRP121330	human	16	21106	271	735	9	0.438395415472779	0.43952802359882	0.0294117647058824	0.518840579710145	0.39261344379966	0.098360426022403	0.657869288752861	0.21027139273515	0.396699519469318	0.91413620770693	0.947850749105631	118	149.5	78	33.85	0.484718041142153	0.588870881945039	0.0155675620237356	0.0279832015085199	0.0423728813559322	0.0381263859047924	0.0128205128205128	0.0879939578725095	0.405398512538895	0.302297445439826	0.0583357808843976	0.0340977824894572	0.642857142857143	0.709431543094587	0.869419710724059	0.197956349206349	FALSE	0	0	partially_confounded	0.436	other	20	20	0.19047619047619	0.714285714285714	0.0952380952380952	0.0476190476190476	0.0952380952380952	0.19047619047619
SRP121631	mouse	20	22557	3857	701	88	0.799335272122975	0.800723866297637	0.955713922117587	0.954464057303658	0.953627364789606	0.00313283393016592	0.873957617119767	0.0662997083187869	0.953240730842005	0.993890329402353	0.999110626630145	9	119.5	957	62.3	0.0227924991496316	0.377649150538405	0.0447961301786805	0.0695769364625194	0.111111111111111	0.00547333752762731	0.0303030303030303	0.0383794304612225	0.0126958752569776	0.00757635702411515	0.036300854088781	0.0711419285341173	1	0.95	0.88		FALSE	0	0	balanced	0	liver	10	10	0.272727272727273	0.0909090909090909	0.818181818181818	0.0909090909090909	1	1
SRP123512	mouse	12	18590	37	600	1	0.151020408163265	0.147540983606557	0.236842105263158	0.75	0.644953087106489	0.0944789264350603	0.388801382354014	0.203031837028631	0.646516308942496	0.98551191653262	0.996910561743729	0	11.4	208	2.5	0	0.495011112134435	0.0115292602134707	0.0430465367965368		0.0253968253968254	0	0	0.0257385151251081	0.0110627635868341	0.019184281465922	0.0326704192781431	0.84	0.869079051383399	0.812176142697882	0.1	TRUE	0.9	1	balanced	0	liver	10	10	0.0909090909090909	0.0909090909090909	0.727272727272727	0.0909090909090909	0.727272727272727	0.454545454545455
SRP123761	mouse	12	22636	27	926	1	0.209302325581395	0.204724409448819	0.296296296296296	0.533333333333333	0.14981007554537	0.172879779798363	0.351116685163175	0.243372651331712	0.14853919431693	0.804043977676224	0.928969908361563	0	20.8	102	5.25	0	0.650473152578416	0.0425275962775963	0.0143884435773608		0.0296538461538462	0.00980392156862745	0.0125	0.708333643444898	0.382469949581624	0.0902827219325755	0.0776601765371093	0.526315789473684	0.748518323996265	0.822133919357217	0.145952380952381	TRUE	0.25	0.15	partially_confounded	0.333	heart	20	20	0.380952380952381	0.714285714285714	0.0476190476190476	0.0476190476190476	0.0952380952380952	0.0476190476190476
SRP124651	human	13	20283	964	702	38	0.178894472361809	0.181151832460733	0.562118126272913	0.0352331606217617	0.170425481492402	0.149043514597267	0.585032148749049	0.203416298518852	0.170704207692618	0.944621834521313	0.934163134393435	786	767.6	31	86.25	0.757983663965027	0.716266536260099	0.00936705633066221	0.016142251063578	0.0419847328244275	0.0408661078787575	0.0645161290322581	0.112874897217421	0.288769057741338	0.331184981270547	0.134307504929309	0.0518580486401278	0.772727272727273	0.587544178298183	0.803542606516291		FALSE	0.3	0.05	partially_confounded	0.55	other	20	20	0.142857142857143	0.619047619047619	0.142857142857143	0.571428571428571	0.380952380952381	0.904761904761905
SRP125082	mouse	17	20884	446	727	23	0.825221238938053	0.822843822843823	0.888172043010753	0.798206278026906	0.832875806871314	0.015038648512294	0.776267723366303	0.156571528538672	0.832306833687588	0.990315504928295	0.979943514724143	73	61.9	6	15.4	0.54685693135211	0.517752405324549	0.010427807486631	0.0469865731868761	0.0410958904109589	0.0433711281042927	0	0.0745920745920746	0.113905684039094	0.180048627610297	0.371590244253274	0.0816704860793464	1	0.839925191767297	0.761207620246522		FALSE	0	0.2	mildly_imbalanced	0.181	other	10	10	0.454545454545455	0.272727272727273	0.727272727272727	0.909090909090909	1	1
SRP125225	mouse	24	22586	32	702	0	0.761904761904762	0.761904761904762	0.424242424242424	0.909090909090909	0.838077242670713	0.0968617570276395	0.682534962395207	0.325935580883415	0.838077242670713	0.962960543988824	0.995247774174469	0	1.5	10	5		0.263492063492064	0.105815018315018	0.0483292338974157		0	0	0	0.0629544272696217	0.0574283389461857	0.163721656961403	0.17561424428056	0.6	0.85959706959707	0.805457875457875	0.4	FALSE	0.3	0.4	balanced	0.083	other	10	10	0.454545454545455	0.181818181818182	0.272727272727273	0.0909090909090909	0.181818181818182	0.0909090909090909
SRP125233	human	25	21815	5942	737	191	0.722899916828389	0.723407301360057	0.766778523489933	0.805895618556701	0.644897591880715	0.114604541447358	0.915335869001516	0.0484139002571594	0.645589270639244	0.973689517618866	0.984330282348446	727	1940.8	1272	232.6	0.290790444817377	0.435169007591101	0.0989602166469298	0.0376631368685762	0.0398899587345254	0.0349528028499964	0.029874213836478	0.042344328591869	0.219349549857772	0.166864629728278	0.0796835606641789	0.0428281576932854	0.777777777777778	0.84393539117538	0.962596800678002		FALSE	0.1	0	mildly_imbalanced	0.292	blood	10	10	0.0909090909090909	0.727272727272727	0.0909090909090909	0.0909090909090909	0.0909090909090909	0.0909090909090909
SRP125336	mouse	22	29635	2021	946	70	0.87019931939718	0.868142929038752	0.607935758148323	0.889956751561749	0.864659610888768	0.0246874158556458	0.855805380266916	0.0624650439815503	0.863554245624295	0.99392351773124	0.990277517811358	231	157.8	36	134.8	0.386075868943731	0.336486196490533	0.0103106953752257	0.0882205675514482	0.0216450216450216	0.0272663060155654	0	0.0235910054993194	0.0941938164721329	0.119760391279835	0.402789943773897	0.0610512161947981	0.961538461538461	0.911459208735071	0.953954415954416		FALSE	0.3	0.1	mildly_imbalanced	0.183	other	10	10	0.636363636363636	0.454545454545455	0.636363636363636	0.818181818181818	0.636363636363636	1
SRP125353	mouse	10	20484	3123	848	254	0.00704450848543068	0	0.0147247119078105	0.0124879923150817	0.0439757534934662	0.15292260235184	0.277204562301992	0.376926359056908	0.0360287346362123	0.970964080962678	0.956833600637454	3101	2981.95	0	5.65	0.959882076746486	0.923031562453428		0.0178571428571429	0.0748145759432441	0.0744181039586224		0.0253671562082777	0.295447729564957	0.335545154288395	0.134405375186817	0.19964762136448		0	0					partially_confounded	0.417	liver	20	20	0.285714285714286	0.428571428571429	0.523809523809524	0.80952380952381		
SRP125665	mouse	11	19736	5993	628	27	0.709878569084345	0.712872919070381	0.873639661426844	0.663821405121471	0.690030530108156	0.044793929837051	0.83448388874546	0.0969064934834139	0.69258347160092	0.958414117920356	0.957504890547401	1667	1599.15	101	361.8	0.542785025674435	0.501529249653272	0.0359289610730149	0.0769495262045883	0.0155968806238752	0.0118392476481653	0	0.0208647665301155	0.184934545255637	0.237390634189033	0.110581214084883	0.113487907588305	0.68421052631579	0.724374470773465	0.864694888444889		FALSE	0.05	0.05	partially_confounded	0.571	other	20	20	0.19047619047619	0.571428571428571	0.142857142857143	0.666666666666667	0.0952380952380952	0.380952380952381
SRP125705	mouse	49	22694	14950	785	325	0.592926128948055	0.596164127238706	0.982662784542086	0.877086797472564	0.875385528988177	0.0695189375087867	0.96371347158382	0.0247778796554262	0.877673982848913	0.9657082023366	0.994583750275357	5864	1637.9	374	246.3	0.246540039730349	0.270954916700013	0.0552119007880094	0.0543799697026955	0.0272851296043656	0.0429458874166589	0.0935828877005348	0.0582806720918503	0.442830495479418	0.113432837853712	0.0486584823089924	0.0433049744956075	0.652173913043478	0.924239130434783	0.980797101449275	0.14375	FALSE	0	0	partially_confounded	0.378	skin	20	20	0.0476190476190476	0.0476190476190476	0.0476190476190476	0.0476190476190476	0.0476190476190476	0.0476190476190476
SRP125804	mouse	10	17341	1537	537	39	0.647773279352227	0.646290801186944	0.647773279352227	0.698147041243276	0.663113105579372	0.0168828275995897	0.594356606758724	0.0801470320129901	0.661876847096918	0.96779198713273	0.970249549141613	417	323.1	192	293.2	0.556707723395934	0.439336593266418	0.314406101072049	0.174715378661833	0.0191846522781775	0.0206134201518381	0.0260416666666667	0.0225426796999336	0.234092925966517	0.225649328540918	0.0448706592413737	0.0359717943913185	0.736842105263158	0.750333677330581	0.741388028895769	0.3	TRUE	0.5	0.3	mildly_imbalanced	0.2	liver	10	10	0.636363636363636	0.363636363636364	0.181818181818182	0.545454545454545	0.636363636363636	0.636363636363636
SRP125882	human	40	21599	8463	721	251	0.934922394678492	0.935742053510176	0.821456692913386	0.978471978471978	0.976507571209976	0.00463348070990423	0.925799196774708	0.0427355315138296	0.976704838020297	0.998744922687447	0.999731082570348	30	115.2	557	85.8	0.0914157789365814	0.300607718418223	0.0734336539776552	0.0805992440443701	0.0666666666666667	0.0415950768479481	0.0412926391382406	0.0364462218111466	0.0117277229028315	0.0073323427276731	0.27857231424625	0.127191716111858	1	0.978947368421053	0.951028708133971		FALSE	0	0	balanced	0.02	blood	10	10	0.545454545454545	0.0909090909090909	0.545454545454545	0.0909090909090909	1	1
SRP126056	human	50	20373	21	652	2	0.0476190476190476	0.0526315789473684	0.91304347826087	0.182608695652174	0.13474025974026	0.240931146558997	0.338638280744277	0.359740360986818	0.137618455587788	0.991591190272978	0.991257308993149	20	16.1	0	37.6	0.805	0.635906432748538		0.000156862745098039	0.1	0.0900584795321637		0.0173333333333333	0.104459108436657	0.111231838873858	0.307886927659137	0.0701091035865221	0.888888888888889	0.935555555555556	0.957777777777778	0.05	FALSE	0.3	0.2	mildly_imbalanced	0.188	brain	10	10	0.272727272727273	0.636363636363636	0.363636363636364	0.454545454545455	0.272727272727273	0.363636363636364
SRP126161	mouse	9	23070	3316	844	103	0.866804489072652	0.86790726052471	0.86053412462908	0.855141579731744	0.858849177277414	0.0267052783327741	0.65627575626465	0.179593159448851	0.859717676733892	0.993461210245253	0.992503337078179	381	327.7	70	167.4	0.445369067338539	0.400516015717632	0.0454097739252448	0.0843088139469977	0.0341207349081365	0.0380665920789457	0.0714285714285714	0.055133666882855	0.0424553191116436	0.0469056679967461	0.0459087237503824	0.0726806271497359	0.942857142857143	0.950252100840336	0.847378797672915	0.233333333333333	FALSE	0.1	0.5	balanced	0.1	blood_immune	10	10	1	0.545454545454545	0.818181818181818	0.727272727272727	0.909090909090909	0.636363636363636
SRP126245	mouse	14	22838	876	1001	133	0.269927536231884	0.275574112734864	0.803131991051454	0.317200784826684	0.170872986715913	0.0726148980064806	0.712040761229962	0.137133319516128	0.170405660792897	0.739226493777857	0.74614672065463	578	693.15	228	111.65	0.728704287800473	0.810883394843539	0.068439266934511	0.0490341542701121	0.171280276816609	0.154225061669536	0.0570175438596491	0.040741230561966	1.39189194754873	1.02705355972375	0.0705597080957668	0.0936282172743974	0.428571428571429	0.355019540074094	0.814114219114219	0.416666666666667	FALSE	0.1	0	partially_confounded	0.714	gut	20	20	0.0476190476190476	0.857142857142857	0.0476190476190476	0.476190476190476	0.0476190476190476	0.80952380952381
SRP126416	mouse	8	18234	31	575	1	0	0	0	0	0.0188647642679901	0.0385335905319133	0.200937019969278	0.196318803774584	0.019323065221525	0.970866927230238	0.877598226418742	31	19.75	0	626.15	0.637096774193548	0.444741362855507		0.1875	0.032258064516129	0.0329932910578072		0.0368921185019564	0.192705998624543	0.558474254084311	0.221338842193503	0.0631858640506548	1	0.765128205128205	0.774180264180264		FALSE	0.35	0.15	partially_confounded	0.5	liver	20	20	0.380952380952381	0.571428571428571	0.285714285714286	0.619047619047619	1	1
SRP126545	mouse	14	19042	385	439	20	0.653301886792453	0.666666666666667	0.299145299145299	0.555282555282555	0.393071315468396	0.195864712913338	0.40313307761265	0.211871822690793	0.399614928489528	0.991752897433262	0.995009890434954	108	76.1	39	808.8	0.208866127562839	0.1485326378405	0.0149608640479556	0.0998433322688496	0.101851851851852	0.0843488254383266	0.0512820512820513	0.0710370232822405	0.0862184978831163	0.0705582191804478	0.0962319182158701	0.0907301400918334	0.777777777777778	0.841071428571429	0.708001443001443		TRUE	0.7	0.3	balanced	0.125	brain_cns	10	10	0.818181818181818	1	0.454545454545455	0.0909090909090909	0.727272727272727	0.272727272727273
SRP126565	mouse	15	17018	6827	498	1	0.935707220573689	0.940616564852962	0.838775214047308	0.955613200749388	0.953829063425366	0.00763119002308494	0.926268430328182	0.0720793033547619	0.955221606712728	0.989576025576948	0.994358163664819	205	173	250	149.6	0.414276240631988	0.37241086236768	0.104462626055274	0.113199894886119	0	0	0.148	0.0566158712446313	0.0265452592076454	0.0323377732065811	0.401920755713384	0.227568082448861	0.894736842105263	0.944473684210526	0.911591478696742	0.25	FALSE	0	0	balanced	0.114	blood_immune	10	10	0.363636363636364	0.181818181818182	0.272727272727273	0.0909090909090909	0.363636363636364	0.0909090909090909
SRP126580	human	28	21452	4985	715	165	0.83503534956795	0.834959349593496	0.953700039572616	0.878718096334677	0.865687137851292	0.0283169793685486	0.891696070798426	0.057765711426384	0.86583420070676	0.993999468817868	0.995403206337355	733	373.4	107	344	0.304558275935681	0.246339349986949	0.0650979801435895	0.10559118095786	0.0286493860845839	0.0343910462417167	0.0654205607476636	0.0384380886090625	0.0907900336536905	0.0796918354258418	0.340381183624348	0.109233293622886	0.931034482758621	0.965024630541872	0.973311086392288	0.25	FALSE	0	0	mildly_imbalanced	0.193	blood	10	10	0.272727272727273	0.272727272727273	0.363636363636364	0.272727272727273	0.272727272727273	0.272727272727273
SRP126582	human	42	21304	9788	711	314	0.895982277716242	0.89631480324797	0.938569989929507	0.912635087364913	0.919847798384476	0.0050624918724935	0.937876685095858	0.037653348297809	0.920239014648749	0.995103748113672	0.996602924515608	890	542.3	143	263.4	0.293594990911733	0.29766018116189	0.0508766045113042	0.102214359201799	0.0292134831460674	0.0315944978212272	0.0769230769230769	0.0482785102619841	0.0779935663691296	0.0639407107071548	0.437683959057189	0.101359681023168	0.96	0.952769230769231	0.976307692307692	0.3	FALSE	0	0	mildly_imbalanced	0.264	blood	10	10	0.181818181818182	0.0909090909090909	0.181818181818182	0.0909090909090909	0.545454545454545	0.818181818181818
SRP126623	human	22	22542	2487	772	85	0.673313782991202	0.674870859920997	0.836171662125341	0.726635514018692	0.679380648125583	0.0671665514329174	0.761949549340966	0.138699499004433	0.681414259248806	0.970697275393651	0.982401397926062	191	473.1	923	507	0.200069368208801	0.286180664491435	0.101399989156546	0.0705579894489074	0.0523560209424084	0.0472890640658924	0.0368364030335861	0.0264728736739895	0.200897123894206	0.166107863790394	0.0871311401360389	0.0538667185380368	0.875	0.931550522648084	0.94280487804878	0.176666666666667	TRUE	0.5	0.5	mildly_imbalanced	0.292	blood	10	10	0.181818181818182	0.545454545454545	0.0909090909090909	0.181818181818182	0.181818181818182	0.272727272727273
SRP126673	mouse	8	19154	9	581	0	0	0	0.444444444444444	0	0.00412844036697248	0.0127070713331648	0.320680573132723	0.338488397562418	0.00412844036697248	0.910863788078807	0.834673929183098	9	8.1	0	21.2	0.9	0.80952380952381		0.129495292483408	0	0		0	0.586630314501972	0.677778471410975	0.0608516076663192	0.0275714655850614	0.285714285714286	0.2	0.437916666666667	0.566666666666667	TRUE	0.75	0.75	partially_confounded	0.5	brain_cns	20	20	0.285714285714286	0.904761904761905	0.333333333333333	1	0.285714285714286	0.761904761904762
SRP126691	human	103	20164	13004	661	415	0.978847170809096	0.979464355430624	0.920546904671477	0.989427717766031	0.987826589914491	0.00176797867640161	0.985248069118735	0.00809671860023146	0.987984383696618	0.999397164001505	0.999858587781609	47	86.7	233	72.5	0.1301210771241	0.212743685878973	0.100386553367979	0.10418641786832	0.0425531914893617	0.0341196823284352	0.0643776824034335	0.0606922490557967	0.0214369289379044	0.0111558310564356	0.48522207783734	0.0742627533518936	0.941176470588235	0.979411764705882	0.985294117647059	0.35	FALSE	0	0	balanced	0.06	blood	10	10	0.363636363636364	0.0909090909090909	0.0909090909090909	0.0909090909090909	0.0909090909090909	0.0909090909090909
SRP126777	mouse	8	19354	1500	702	41	0.432325886990802	0.434459459459459	0.668515950069348	0.432325886990802	0.465301763679145	0.119914084352429	0.406783844991397	0.232081240554434	0.46725340323327	0.989216268494098	0.988540776443003	842	585.3	22	492.5	0.550271079712104	0.363542920212335	0.0180524981455811	0.0550241799789365	0.0308788598574822	0.0251911626546733	0.0454545454545455	0.0204480195360372	0.132670670329611	0.13201791432849	0.165889457268829	0.202457598135574	0.933333333333333	0.922890575585073	0.910164452877925	0.55	FALSE	0	0.1	mildly_imbalanced	0.25	liver	10	10	0.545454545454545	0.545454545454545	0.636363636363636	0.454545454545455	0.636363636363636	0.818181818181818
SRP127005	mouse	10	20341	5257	684	154	0.937557902538447	0.937953417334861	0.93028362305581	0.911858673181733	0.918728338001187	0.0094217744846172	0.865498745943849	0.0900025600823003	0.918741319744431	0.999153144799062	0.999116867511339	197	243.2	140	200.7	0.333945852335056	0.307305565285162	0.0956735569701351	0.105367553161668	0.0355329949238579	0.0243069536424906	0.0357142857142857	0.0317786436454331	0.00310753203375611	0.00348493020012627	0.102691897686928	0.537783211664946	0.92	0.912811965811966	0.90775641025641	0.22	FALSE	0.1	0.2	balanced	0	brain_cns	10	10	1	1	0.636363636363636	0.454545454545455	0.636363636363636	0.545454545454545
SRP127264	mouse	29	24422	32	777	2	0.909090909090909	0.903225806451613	0.818181818181818	0.805555555555556	0.837472147950089	0.0459697335188305	0.800953947368421	0.116337095309997	0.82684811827957	0.994602574861298	0.994664004122464	2	4.7	1	0.6	0.343333333333333	0.591296296296296	0	0.128571428571429	0	0	0	0	0.0902082904418637	0.09407860393367	0.319263776379143	0.0807575337096248	0.875	0.897916666666667	0.884431818181818	0.233333333333333	TRUE	0.3	0.4	balanced	0.117	brain_cns	10	10	0.909090909090909	1	0.363636363636364	0.454545454545455	0.454545454545455	0.545454545454545
SRP127681	mouse	9	22046	361	893	10	0.767676767676768	0.768831168831169	0.534435261707989	0.608815426997245	0.668726703405147	0.0919464127757203	0.588061051612569	0.193026084548818	0.67143221708749	0.990765893072405	0.99258204842941	57	95	35	36.7	0.317227313628061	0.397265777955967	0.0253604867139229	0.0417724599916085	0.0350877192982456	0.0397054426230787	0.0285714285714286	0.0284131589855673	0.123125163356728	0.116934878302402	0.247456120741489	0.160107975895991	0.681818181818182	0.819565217391304	0.685917142438882	0.344722222222222	FALSE	0	0.222222222222222	balanced	0.1	other	9	10	0.9	0.818181818181818	0.4	0.272727272727273	0.4	0.272727272727273
SRP128068	mouse	10	19315	60	697	2	0.672131147540984	0.677966101694915	0.650793650793651	0.65625	0.641848524459412	0.017577989295351	0.615182235118281	0.173124516071477	0.641523429955873	0.967617521227901	0.968228319188499	19	19.5	1	3.1	0.703634952004517	0.665989773511513	0	0.0381247540338449	0.0526315789473684	0.0364752791068581	0	0	0.174744338904503	0.168443567254349	0.0464758524444722	0.0333016019445349		0	0					mildly_imbalanced	0.2	brain_cns	10	10	0.727272727272727	1	0.909090909090909	0.545454545454545		
SRP128271	mouse	20	15796	16	483	0	0.888888888888889	0.888888888888889	0.727272727272727	0.888888888888889	0.921241830065359	0.0698880487398074	0.83608961128311	0.0801599999059621	0.921241830065359	0.99095559162412	0.995925587708529	0	1	2	0.3		0.239316239316239	0	0		0	0	0	0.0518583533056717	0.0189577020034766	0.107681775382756	0.0755058859677241	0	0	0					balanced	0	muscle	10	10	0.818181818181818	0.454545454545455	0.818181818181818	0.0909090909090909	1	1
SRP128899	mouse	22	18799	3481	556	113	0.897313933967543	0.898814686325528	0.879852649475772	0.922690482835613	0.900643829653256	0.0162654457130142	0.847310674398412	0.11385040664836	0.901353372961713	0.995060667439505	0.997349674031345	274	256.7	93	99.5	0.381701045979037	0.381332143959455	0.0516986939338464	0.0543388482843333	0.0547445255474453	0.0367133733353667	0.021505376344086	0.0723132480335201	0.0481224669036843	0.0416346681853745	0.21664300953327	0.0891257156363806	0.885714285714286	0.934224598930481	0.948841354723708	0.633333333333333	FALSE	0	0	balanced	0.091	brain_cns	10	10	0.363636363636364	0.545454545454545	0.454545454545455	0.0909090909090909	0.181818181818182	0.0909090909090909
SRP129004	human	226	25955	20354	878	636	0.992859937402191	0.994036488603629	0.990742554858934	0.99548532731377	0.994331696918684	0.000543420696886423	0.994547940370514	0.00370407516192082	0.994396620477909	0.999513145177893	0.999965831665789	52	58.6	94	57.1	0.238833160545524	0.190912825584169	0.124572906345061	0.134805085317679	0.0576923076923077	0.0514810563394267	0.265957446808511	0.0321130757805731	0.00807606664837284	0.00653163325095804	0.891904198448373	0.117440252778965	1	0.978817733990148	0.975246305418719		FALSE	0	0	balanced	0.094	gut	10	10	0.363636363636364	0.0909090909090909	0.0909090909090909	0.0909090909090909	1	1
SRP129035	mouse	16	22537	2672	698	97	0.145947928126146	0.147528517110266	0.718196994991653	0.271559275841931	0.169065891603804	0.0614531445667967	0.704856698149565	0.129157549192444	0.170040745020728	0.82530633820231	0.819475976175967	2274	2174.15	55	197.3	0.813671793240135	0.795910417262855	0.0112894435224871	0.0660734387900581	0.0382585751978892	0.0360279889184359	0	0.0591522518131867	0.726048799956978	0.730497157731501	0.137983853673166	0.118267110989533	0.6	0.49608434238869	0.791411096150227	0.293423622945682	TRUE	0.25	0.05	partially_confounded	0.75	brain_cns	20	20	0.0476190476190476	0.476190476190476	0.0476190476190476	0.666666666666667	0.19047619047619	0.857142857142857
SRP131055	mouse	9	21735	69	773	0	0.783783783783784	0.783783783783784	0.652173913043478	0.763157894736842	0.791313550460111	0.0354585588727286	0.64498932829113	0.259442306638461	0.791313550460111	0.930384379143034	0.949480997489143	11	11.8	5	3.4	0.581360575698811	0.623580798286681	0.0125	0.05	0	0	0	0	0.143710008434704	0.132954290765058	0.103431071379586	0.108014084159073	0.545454545454545	0.589146931499873	0.538892295784711		FALSE	0.3	0.3	mildly_imbalanced	0.15	brain_cns	10	10	0.727272727272727	0.363636363636364	0.636363636363636	0.181818181818182	0.545454545454545	0.636363636363636
SRP131125	human	14	20762	406	689	22	0.34375	0.346055979643766	0.538095238095238	0.494172494172494	0.4271128057531	0.100878031011364	0.539481662243139	0.189891179455696	0.429898047582792	0.972431035804784	0.972782507230795	263	221.15	10	23.65	0.691100248198045	0.627821854223588	0.0403611205867303	0.0240485685990936	0.0570342205323194	0.0601114810408156	0.1	0.0366635243904664	0.211960322104187	0.217653359725987	0.0514834187298906	0.0373752865396073	0.666666666666667	0.68516317016317	0.826149961149961	0.436666666666667	FALSE	0.05	0.05	partially_confounded	0.333	musculoskeletal	20	20	0.142857142857143	0.285714285714286	0.142857142857143	0.476190476190476	0.19047619047619	0.619047619047619
SRP131336	mouse	12	21409	6	734	0	0.857142857142857	0.857142857142857	0.857142857142857	1	1	0	0.971428571428571	0.0602338601936834	1	0.998291376026847	0.998816511632326	0	0	1	0			0				0		0.00845583771335016	0.00748234964330585	0.0736818903909647	0.124719075882026	0.833333333333333	0.909523809523809	0.606141244376539		FALSE	0	0	balanced	0	brain_cns	10	10	0.272727272727273	0.0909090909090909	0.454545454545455	0.0909090909090909	0.818181818181818	0.454545454545455
SRP131795	mouse	12	25392	839	805	11	0.163529411764706	0.163289630512515	0.705069124423963	0	0.107260556961136	0.159811809513008	0.418327957561587	0.244672446803818	0.107535321394434	0.938778038942992	0.956822303921633	700	718.25	11	70.7	0.77590168792123	0.755638961407003	0.000509337860780985	0.0114038306260506	0.0128571428571429	0.013681240981277	0	0.060166266196327	0.295303495256685	0.266895736828091	0.0254518068327959	0.0406201404960604	0.884615384615385	0.827995362164717	0.869997043647898	0.183333333333333	FALSE	0.15	0.1	partially_confounded	0.5	tumor	20	20	0.238095238095238	0.80952380952381	0.142857142857143	0.0952380952380952	0.428571428571429	0.80952380952381
SRP131850	mouse	13	23425	1405	872	41	0.853198653198653	0.851595006934813	0.795098706603131	0.855801475519785	0.839389047804114	0.020404078257107	0.721823206018699	0.185826868325932	0.83856904083559	0.994913340409543	0.994431203861948	138	156.9	80	82.7	0.377442521818457	0.369775534315358	0.0571904323234861	0.0463659346246438	0.0144927536231884	0.0203853225796791	0.025	0.0305531280192356	0.0804925248171309	0.083642656680075	0.0918063608306873	0.0770829942157094	0.84	0.920769230769231	0.877230769230769	0.183333333333333	FALSE	0	0	balanced	0.119	brain_cns	10	10	1	0.818181818181818	0.727272727272727	0.545454545454545	0.363636363636364	0.181818181818182
SRP131855	mouse	24	18665	7312	732	24	0.83319940305361	0.846180839864312	0.980051919661156	0.940209267563528	0.932401077855985	0.0229209987469325	0.920615526889061	0.0561317757710999	0.934706812320543	0.985833749246848	0.996188661363631	54	241.7	1399	276.4	0.131909296540907	0.32213315253907	0.123961943638807	0.0909218626256755	0	0.0185397995798833	0.0986418870621873	0.0475341993708553	0.0406536886832385	0.0417031510436547	0.126142424396025	0.113438212632905	0.956521739130435	0.962608695652174	0.974275362318841		FALSE	0	0	mildly_imbalanced	0.167	liver	10	10	0.181818181818182	0.0909090909090909	0.181818181818182	0.0909090909090909	0.545454545454545	0.363636363636364
SRP131877	mouse	31	20666	2	665	0	0	0	0.5	0	0.233333333333333	0.344265186329548	0.6	0.210818510677892	0.233333333333333	0.940775767735948	0.955919577985629	2	1.4	0	0.3	0.7	0.5		0	0	0		0	0.330270821770259	0.285386835635685	0.0466295376287839	0.0354223011224919	0.642857142857143	0.716845847650801	0.833906485671191	0.415	FALSE	0	0	mildly_imbalanced	0.154	blood_immune	10	10	0.0909090909090909	0.636363636363636	0.0909090909090909	0.272727272727273	0.0909090909090909	0.363636363636364
SRP132283	mouse	13	14999	2130	538	22	0.757627847013322	0.761511728931364	0.770852428964253	0.767801857585139	0.780101236162952	0.0227146743480195	0.798147033771122	0.0487110968562271	0.783314399834932	0.984688161355905	0.987701964624174	367	368.5	197	127.2	0.489958169035213	0.475878172903933	0.0295939118998037	0.0605440872137127	0.0326975476839237	0.0234801733597136	0.0152284263959391	0.0452944495695735	0.117685903217648	0.0977838873948102	0.114258553870989	0.0767525883851605	0.84	0.854636566332219	0.902943346508564	0.341666666666667	FALSE	0	0	mildly_imbalanced	0.238	heart	10	10	0.181818181818182	0.272727272727273	0.272727272727273	0.181818181818182	0.0909090909090909	0.454545454545455
SRP132471	mouse	10	23571	20	743	0	0.818181818181818	0.818181818181818	0.523809523809524	0.425531914893617	0.54177692365623	0.165250079947741	0.406202254968033	0.22606661850895	0.54177692365623	0.997940953990046	0.998175885898964	2	4.1	2	14.1	0.183181818181818	0.175762495080677	0.0203681246126068	0.0655237071066076	0	0	0	0	0.0129269113590034	0.0113953219905218	0.0363698797658055	0.145593594197369	0.961538461538461	0.920852806197634	0.86024054222052		FALSE	0	0	balanced	0	heart	10	10	1	1	0.636363636363636	0.363636363636364	1	0.818181818181818
SRP132699	human	25	25203	11474	898	399	0.972402456959945	0.973181451251233	0.891516354535255	0.972351823051668	0.970369840401695	0.00387281483861609	0.923622793431974	0.040751256012432	0.970544252211407	0.999432067231631	0.999589012466543	234	194.6	85	150.1	0.391982377687121	0.331619047913172	0.0817536449003466	0.0981611555214907	0.0384615384615385	0.0501644263023059	0.129411764705882	0.0256345602412785	0.00247420710321178	0.00447007900079113	0.920534139343179	0.148792484483538	0.954545454545455	0.950592885375494	0.891123188405797		FALSE	0	0	balanced	0	blood	10	10	0.818181818181818	0.818181818181818	0.818181818181818	0.181818181818182	0.909090909090909	0.545454545454545
SRP132711	human	15	20399	2104	672	48	0.85149863760218	0.854011194029851	0.783089687870407	0.845918812745526	0.835887923199819	0.0276599954808846	0.77050435948608	0.060435913331867	0.836848778201459	0.996055863243235	0.997489892549179	229	285.3	98	70.6	0.432413087702835	0.439441445200348	0.0386548444245092	0.0438357743266616	0.0174672489082969	0.0291728159952395	0.102040816326531	0.0194762767601472	0.042579418596176	0.0408969166022358	0.0684690821164976	0.0821441853743778	1	0.937142857142857	0.871988795518207		FALSE	0	0	balanced	0.1	musculoskeletal	10	10	1	0.545454545454545	0.727272727272727	0.0909090909090909	1	1
SRP132851	mouse	9	21607	1127	847	30	0.42091388400703	0.423285198555957	0.271517302573203	0.192546583850932	0.268162250853435	0.0851860123939348	0.666830341339479	0.167295461399343	0.271771300661324	0.929663834803424	0.960163970046561	648	823.75	11	2.65	0.787910200439513	0.862453689995527	0.2	0.0803571428571429	0.0308641975308642	0.0313851567162885	0	0.285714285714286	0.386977522381678	0.253769746383527	0.0848831100249845	0.0616321574435004	0.925925925925926	0.931901775046936	0.895085279940675	0.35	FALSE	0	0	partially_confounded	0.5	brain_cns	20	20	0.142857142857143	1	0.285714285714286	0.380952380952381	0.619047619047619	0.380952380952381
SRP132854	mouse	11	18949	372	614	11	0.841145833333333	0.838709677419355	0.36328125	0.683918669131239	0.787324107622531	0.0189757630612477	0.628479919344053	0.188535091433674	0.782186920195906	0.979824991496776	0.987021201756261	49	60.5	12	23.8	0.459006037163293	0.475240535068689	0.0491771159874608	0.0341876057102877	0	0.00239942528735632	0.0833333333333333	0.0137037037037037	0.116728299394629	0.0690052423039865	0.0769252936591542	0.0451299059072851	0.6	0.714285714285714	0.526060606060606	0.4	TRUE	0.1	0.5	balanced	0.067	other	10	10	1	1	0.909090909090909	0.363636363636364	0.727272727272727	0.454545454545455
SRP132873	mouse	11	21308	7713	634	33	0.472831168831169	0.474244004171012	0.871395764225568	0.533402813965607	0.499043876516064	0.0250195188445594	0.844537951127456	0.0699243160100373	0.500896009444834	0.890859744304355	0.950277913041687	3162	3662.95	1912	398.25	0.654778037673157	0.69457670003072	0.0801807282502378	0.068263873845942	0.0094876660341556	0.00785120601892992	0.00104602510460251	0.0298844550277711	0.342304548334856	0.273099932909796	0.0077630071486534	0.0132264005534166	0.75	0.686136363636364	0.804166666666667		FALSE	0.4	0.05	partially_confounded	0.714	heart	20	20	0.0476190476190476	0.238095238095238	0.0476190476190476	0.0952380952380952	0.523809523809524	1
SRP132932	mouse	11	17658	1343	588	47	0.507396449704142	0.505376344086022	0.31008111239861	0.466963622865627	0.575402810485854	0.120453333101163	0.376318344927365	0.211449526602049	0.57304384793206	0.998404792116894	0.997748153713906	657	505.1	9	102.3	0.652213379504848	0.495371828951889	0.0155790043290043	0.0167423228215448	0.0289193302891933	0.0274331609775221	0.333333333333333	0.00946810608301291	0.0186667619562506	0.0268251009064033	0.145053778267151	0.303284563016177	0.818181818181818	0.743796203796204	0.682088744588745		FALSE	0.3	0.3	balanced	0.071	blood_immune	10	10	0.818181818181818	0.454545454545455	1	0.818181818181818	0.909090909090909	0.818181818181818
SRP132939	human	50	22120	117	778	2	0.64957264957265	0.652173913043478	0.916666666666667	0.789915966386555	0.776655091582638	0.0643399506316427	0.890934569222433	0.0697523915820656	0.777903927684948	0.969774261992188	0.973129878181679	41	21.8	0	5.5	0.496465170299544	0.399642683563165		0.0357430961353249	0.024390243902439	0.0175491147222896		0.0113636363636364	0.220542650489455	0.170685045296232	0.0697570054578213	0.041019968608299	0.787878787878788	0.912115207975191	0.963828559510567	0.206666666666667	FALSE	0	0	balanced	0.118	blood	10	10	0.0909090909090909	0.0909090909090909	0.0909090909090909	0.181818181818182	0.0909090909090909	0.0909090909090909
SRP132997	mouse	31	21849	1	779	0	1	1	1	1	1	0	1	0	1	0.995337589787403	0.998611257142101	0	0	0	0									0.0404824067795652	0.0214895834351288	0.0508627449746564	0.421670108677685	1	0.962083333333333	0.868257575757576		FALSE	0	0	balanced	0.017	brain_cns	10	10	1	1	0.818181818181818	0.0909090909090909	1	1
SRP133024	mouse	12	18321	801	618	21	0.628131021194605	0.629592850049653	0.62640099626401	0.357231149567367	0.442938543328595	0.132780089107712	0.537988215912206	0.198432204822493	0.444394760275298	0.961013962440841	0.976765659777812	149	397	237	86.3	0.286911762014473	0.537446766681349	0.0302063770811027	0.0351137455692722	0.0201342281879195	0.0304077852468707	0.0421940928270042	0.0395979852087191	0.273666631153942	0.200911637903919	0.164511318627948	0.0946787663591437	0.68421052631579	0.765051786663629	0.824888591800356	0.225	FALSE	0	0	partially_confounded	0.333	blood_immune	20	20	0.571428571428571	0.952380952380952	0.0952380952380952	0.0476190476190476	0.238095238095238	0.285714285714286
SRP133169	mouse	13	21713	6651	864	218	0.844650205761317	0.845464215164869	0.873953349282297	0.834658664666167	0.863593892045579	0.00928455998054484	0.854836237005243	0.0919091589614409	0.864100135023294	0.993273130443086	0.993324294200131	904	715.4	153	223.8	0.425591259306656	0.460419150659559	0.0209834832413044	0.0987590117737698	0.038716814159292	0.0377405796454352	0.0326797385620915	0.0375587841319232	0.11005494085529	0.107323563714184	0.172371967776167	0.0553824484632477	0.666666666666667	0.793333333333333	0.520714285714286	0.1	TRUE	0.2	0.6	mildly_imbalanced	0.222	other	10	10	0.272727272727273	0.0909090909090909	0.636363636363636	0.545454545454545	0.727272727272727	0.363636363636364
SRP133205	human	21	23255	261	821	11	0.667857142857143	0.657992565055762	0.29277566539924	0.822742474916388	0.726692866034176	0.085919527697286	0.511104500473262	0.288172854580732	0.721878501466995	0.994395756982842	0.994321148544603	74	53.4	19	23.1	0.399134942742037	0.280001724580188	0.0200169624732035	0.069403964007467	0.0135135135135135	0.0167640692640693	0	0.0170283094098884	0.0635672066791326	0.0615928007090383	0.144816158813702	0.0688933184998786	0.772727272727273	0.890714285714286	0.743105590062112	0.501666666666667	FALSE	0	0	balanced	0.1	blood	10	10	0.545454545454545	0.363636363636364	0.545454545454545	0.454545454545455	0.636363636363636	0.181818181818182
SRP133303	human	14	24795	8494	782	201	0.950586072167318	0.952470810237056	0.65808670279283	0.950887710398893	0.950613192536387	0.0017786909193618	0.911186677406539	0.0514229913156428	0.950972698558841	0.999013714768412	0.999508672136672	222	284.5	208	142	0.383632967102522	0.410835779012939	0.093163115357325	0.0775431582537137	0.0225225225225225	0.0237668719297423	0.105769230769231	0.0410330906887345	0.00495295244977286	0.0045917239945529	0.153847252466272	0.11194846556427	0.941176470588235	0.945918852389441	0.915628141510494	0.6	FALSE	0	0	balanced	0	gut	10	10	0.818181818181818	0.454545454545455	0.454545454545455	0.0909090909090909	0.818181818181818	0.454545454545455
SRP133375	mouse	24	19027	6900	760	43	0.866666666666667	0.868330464716007	0.923874449652038	0.863590628144315	0.908176184240975	0.00969790990647282	0.897532138676084	0.0469155014669866	0.909205417031709	0.994968392904016	0.996592877940173	816	381	120	278.4	0.3361357975692	0.343315919822777	0.080039277957407	0.118631159581349	0.0159313725490196	0.0148622761096426	0.0416666666666667	0.0319564404083884	0.0529705831460993	0.0448566558809091	0.148180903877252	0.189162010817309	1	0.948234811165846	0.985714285714286		FALSE	0	0	balanced	0.105	gut	10	10	0.181818181818182	0.0909090909090909	0.181818181818182	0.272727272727273	1	1
SRP133393	human	12	24644	4313	813	138	0.8421926910299	0.841721996144785	0.842494951761274	0.846169989506821	0.848585749700489	0.00712411967485116	0.84121057813972	0.010771849276349	0.848443620842632	0.99196526464215	0.993846051034056	257	462.7	503	224	0.313142774019811	0.416849637471112	0.0662600687181086	0.0508341518449107	0.0466926070038911	0.0314402812808642	0.0178926441351889	0.0256517263765331	0.109275291908714	0.0939843985599225	0.137835089047629	0.0296629908122858	0.931034482758621	0.955615763546798	0.919379998940622	0	FALSE	0	0	mildly_imbalanced	0.167	skin	10	10	0.636363636363636	0.181818181818182	0.0909090909090909	0.181818181818182	0.545454545454545	0.272727272727273
SRP133442	human	62	21487	3461	742	127	0.920822766976613	0.922603342128408	0.912106135986733	0.900751072961373	0.918000557417317	0.0195761177413008	0.908528556969783	0.0527889204389619	0.917367153681487	0.99836137170088	0.999139498512808	193	166.7	88	129	0.297822763116376	0.24561796971003	0.0798005916080155	0.0817506484297518	0.0310880829015544	0.0285336423628093	0.125	0.0262741847484851	0.0373999627225786	0.028552045062122	0.163371938371032	0.0688409293312222	0.933333333333333	0.941939191694475	0.948850574712644	0.25	FALSE	0.2	0.1	balanced	0.07	cell_model	10	10	0.545454545454545	0.545454545454545	0.454545454545455	0.181818181818182	0.454545454545455	0.454545454545455
SRP133512	mouse	8	19360	31	639	2	0.583333333333333	0.558823529411765	0.419354838709677	0.5	0.526627019345922	0.142992639236433	0.425295019169754	0.265448149952008	0.503632603403265	0.959460229214509	0.963833737736626	10	9.4	5	14.7	0.369194139194139	0.329548424285266	0.0144417475728155	0.0839027735999198	0	0	0	0.02875	0.218208686177772	0.201939947116246	0.0795438246811136	0.065453075922405	0	0.05	0.0125	0.9	TRUE	1	1	mildly_imbalanced	0.25	brain_cns	10	10	0.818181818181818	0.727272727272727	0.454545454545455	0.363636363636364	0.909090909090909	0.909090909090909
SRP133781	mouse	8	19891	1500	558	49	0.63620178041543	0.635250917992656	0.577963917525773	0.615782664941785	0.619612710933511	0.0616444606476924	0.488653659106228	0.255814405693455	0.617505731894622	0.987417078584792	0.985912281263017	428	419.6	185	229.7	0.550160663472529	0.426454396170095	0.247958219734824	0.109215844557038	0.0350467289719626	0.0282211128890655	0.0108108108108108	0.0129976024366139	0.117835599560537	0.143953128117547	0.167374848016265	0.18272704740281	0.791666666666667	0.777344322344322	0.76046866177301	0.25	FALSE	0	0	mildly_imbalanced	0.25	other	10	10	0.636363636363636	0.636363636363636	0.363636363636364	0.545454545454545	0.454545454545455	0.636363636363636
SRP133849	human	8	18223	2488	604	85	0.678557273087594	0.679671457905544	0.509206349206349	0.718059936908517	0.699795620819212	0.0531133912026836	0.413173229284522	0.356564514939616	0.699408500950636	0.996901370693029	0.99700167310173	776	708.2	35	52.8	0.725316352948384	0.640920036416737	0.254988144841483	0.125116556629584	0.0360824742268041	0.0336088336892589	0.0857142857142857	0.0227568922305764	0.0119495800692122	0.0117904332129863	0.0459463284053919	0.11846371966685	0.888888888888889	0.887309941520468	0.782700691121744	0.466666666666667	FALSE	0	0	balanced	0	blood	10	10	0.727272727272727	0.545454545454545	0.818181818181818	0.636363636363636	0.909090909090909	0.545454545454545
SRP134018	human	36	23142	8197	725	233	0.938010571840461	0.938970042089626	0.939995275218521	0.944116584367096	0.941445852049464	0.0122623126462477	0.925370463037317	0.0592586615559848	0.941644424184016	0.998334832687577	0.99868347879069	389	286.9	127	207.1	0.293659985943788	0.295110177307686	0.056689707427489	0.083921401767995	0.025706940874036	0.0289811362268253	0.102362204724409	0.0285196534721556	0.0399151468034534	0.0357019417958036	0.50557132018942	0.0800410912193956	0.925925925925926	0.932079000182448	0.923022700119474	0.416666666666667	FALSE	0	0	balanced	0.114	blood	10	10	0.363636363636364	0.181818181818182	0.272727272727273	0.181818181818182	0.636363636363636	0.454545454545455
SRP134051	mouse	14	21783	685	771	15	0.873385012919897	0.875496688741722	0.300859598853868	0.903089887640449	0.895168293302082	0.0153040049618033	0.809622120572712	0.146857157654745	0.896084641891075	0.992040270378271	0.990426368541245	9	40.5	89	35.3	0.11937133110012	0.335466026681731	0.0804076126694838	0.0784483023832234	0	0.0241716166368372	0.0449438202247191	0.0422688991336532	0.0575568105760675	0.0394300160211691	0.0472919311363542	0.0637421111282917	0.961538461538461	0.988461538461539	0.943874643874644	0.15	FALSE	0.5	0.7	balanced	0.042	other	10	10	0.454545454545455	0.181818181818182	0.545454545454545	0.363636363636364	0.545454545454545	0.272727272727273
SRP134188	human	18	25049	11481	805	352	0.953182400683469	0.953691452765282	0.954274868432405	0.943864453191854	0.951600212234941	0.00963011025564466	0.903000806619564	0.0650794690048092	0.951309134373598	0.998801395873519	0.998827069519078	324	356.8	224	209.7	0.394386599993254	0.373003480074639	0.102227556558485	0.089234709892894	0.0216049382716049	0.0249131395249927	0.0714285714285714	0.0244213904925621	0.0273356083096621	0.0320500631174383	0.372178088479161	0.11459401317582	1	0.994871794871795	0.982112010796221		FALSE	0	0.2	balanced	0.1	other	10	10	0.636363636363636	0.454545454545455	0.545454545454545	0.545454545454545	1	1
SRP134375	mouse	15	20622	269	976	4	0.693069306930693	0.701342281879195	0.593457943925234	0.514814814814815	0.552556232640863	0.0852021037239043	0.550419988847326	0.102968579414686	0.556924748045227	0.982807895297074	0.984485859268853	59	107.9	34	20.6	0.415966527809931	0.56411948899456	0.0410820750743676	0.023735665178363	0.0508474576271187	0.0286728679299211	0.0294117647058824	0.0701880050085434	0.0844215943505072	0.0890129138806853	0.0892935565791847	0.0909501253146198	0.96875	0.943272377132671	0.889421950598421	0.25	FALSE	0	0	mildly_imbalanced	0.205	other	10	10	0.909090909090909	1	0.363636363636364	0.454545454545455	1	0.818181818181818
SRP136102	human	60	22399	6204	699	184	0.981922892337226	0.983003300330033	0.770378514213916	0.982847066367425	0.979787264547937	0.00367119462470248	0.91639877484792	0.0539198502724056	0.980120593472184	0.999781106851234	0.999808896140313	66	62.8	47	64	0.31689408665356	0.317841837937349	0.0781432629174081	0.0867049005698036	0.0454545454545455	0.0569878826150496	0.148936170212766	0.0367268713977949	0.00552261539207948	0.00574800298019333	0.0347366424857271	0.0260017373066202	1	0.994736842105263	0.893341307814992		FALSE	0	0.1	balanced	0.004	blood	10	10	1	0.727272727272727	0.909090909090909	0.363636363636364	1	1
SRP136239	human	24	25419	150	876	4	0.662251655629139	0.666666666666667	0.904458598726115	0.737804878048781	0.694103940347102	0.0772499668927129	0.59942786118102	0.186308059986032	0.700595714039706	0.984569578620053	0.97969278664234	50	32.1	1	21.4	0.472863519283178	0.358610535323349	0.00925076452599388	0.0304186180658167	0.04	0.0511844488149077	0	0.0430620167011604	0.158455051752995	0.185345296756673	0.431780142422333	0.037525239969512	0.939393939393939	0.898573975044563	0.898369171033645	0.123333333333333	FALSE	0	0	mildly_imbalanced	0.222	other	10	10	0.545454545454545	0.363636363636364	0.454545454545455	0.545454545454545	0.909090909090909	0.545454545454545
SRP136494	mouse	12	26652	1	816	0	0	0	0	0	0.4	0.516397779494322	0.416666666666667	0.504608392349582	0.4	0.992243076905464	0.992939509619082	1	0.6	0	0	0.6	0.384615384615385			0	0			0.0364427633962276	0.0370293796285468	0.0701194205416385	0.163475557222581	1	0.872422366075617	0.611757164404223		FALSE	0	0.4	balanced	0	other	10	10	0.545454545454545	0.636363636363636	0.818181818181818	0.454545454545455	1	1
SRP136714	mouse	24	19378	6964	740	253	0.940215887074453	0.940948275862069	0.956281833616299	0.952287398259893	0.956089817620829	0.00369521446561061	0.909356942098699	0.0449903422631837	0.955847710140908	0.99737595005256	0.998519455532132	170	181.1	262	130.5	0.262046668713235	0.316471803556422	0.13473234132894	0.144357565995004	0.0470588235294118	0.034721415459225	0.049618320610687	0.0259340746492903	0.015706687355211	0.00997487882587219	0.0423826441256359	0.0491371418786181	0.869565217391304	0.957971014492754	0.890520892151327	0.5	FALSE	0	0	balanced	0	brain_cns	10	10	0.727272727272727	0.0909090909090909	0.727272727272727	0.0909090909090909	0.454545454545455	0.0909090909090909
SRP136742	human	80	25248	7894	853	276	0.936605066699302	0.936936936936937	0.974375	0.936201239518775	0.942694262728312	0.00785638525620725	0.963517199028847	0.0271738302417594	0.94292318386648	0.998329708594839	0.998816107273187	241	280.6	277	181.9	0.231074092959928	0.233010218760254	0.101347150431007	0.0945878629285894	0.029045643153527	0.0453930192948377	0.0505415162454874	0.026372434144699	0.0517298303050582	0.0472680016336105	0.163088793256916	0.0594540160332633	1	0.990719696969697	0.99375		FALSE	0	0.1	balanced	0.127	skin	10	10	0.272727272727273	0.272727272727273	0.272727272727273	0.0909090909090909	1	1
SRP136814	mouse	8	17986	2355	619	75	0.178451178451178	0.179878048780488	0.722516350046714	0.178451178451178	0.247106317508361	0.0855305370351577	0.683398986351263	0.173357370682942	0.248738031555894	0.829182350390585	0.805772027723872	1931	1720.6	21	137.6	0.838653817610053	0.777898213271777	0.4	0.278947368421053	0.0331434489901605	0.0338954747469208	0.238095238095238	0.134375916912615	0.746398297734084	0.788058302052088	0.143378438681549	0.0865995676293793	0.666666666666667	0.667346153846154	0.905035848858429	0.510858585858586	FALSE	0.15	0.1	partially_confounded	0.75	other	20	20	0.0952380952380952	0.428571428571429	0.0952380952380952	1	0.0952380952380952	0.904761904761905
SRP139542	mouse	20	19188	2855	655	116	0.863728129205922	0.862153630305156	0.895057549085985	0.847750865051903	0.872653393439487	0.0121567565904973	0.822593530955303	0.0927943775305207	0.871373626196793	0.99331018649051	0.995446285398355	288	235.4	117	147.2	0.368460322483429	0.360092224928711	0.0599050972578145	0.0905775429617424	0.0243055555555556	0.0173077356213148	0.0427350427350427	0.0503724142120059	0.0707138945175669	0.05414882850168	0.0672389468469915	0.0541410378173999	0.935483870967742	0.966206896551724	0.924510841170324		FALSE	0	0.1	balanced	0.121	tumor	10	10	0.454545454545455	0.363636363636364	0.363636363636364	0.0909090909090909	0.545454545454545	0.272727272727273
SRP139918	mouse	18	19409	7677	686	244	0.844955243673334	0.844784295822872	0.971977166580176	0.957566462167689	0.957486785647842	0.0294895524575764	0.898605216554592	0.0722680717401453	0.957597796308999	0.995555801454763	0.999364678098841	31	180.5	1372	161.2	0.0838811161899944	0.388195361333864	0.0824592743740239	0.0592243898516177	0	0.0353941865766748	0.0313411078717201	0.0272093168897322	0.0181775179533848	0.00521857335793352	0.033326963487668	0.0927357621419859	0.96969696969697	0.975757575757576	0.953816738816739	0.45	FALSE	0	0	balanced	0	other	10	10	0.181818181818182	0.0909090909090909	0.545454545454545	0.0909090909090909	0.727272727272727	0.727272727272727
SRP140499	mouse	12	18606	4754	611	145	0.86255233934098	0.86204954954955	0.888563049853372	0.925558312655087	0.91043624373994	0.0123096676939088	0.800680562379787	0.217562926764329	0.90942019084921	0.997271693482958	0.999427644213475	16	344.9	739	88.4	0.0303716206285371	0.467116168668178	0.0516828556354136	0.0741918295633858	0	0.0163806293032264	0.027063599458728	0.0287642146256717	0.00817864476124118	0.00340832101025265	0.0608767773667148	0.143719227931062	0.966666666666667	0.987096774193548	0.926513580505516	0	FALSE	0	0	balanced	0	liver	10	10	0.454545454545455	0.0909090909090909	0.454545454545455	0.0909090909090909	0.545454545454545	0.0909090909090909
SRP140945	human	20	23262	819	746	29	0.845005740528129	0.846611177170036	0.65948275862069	0.753012048192771	0.80013852556715	0.023148431482045	0.656013076693107	0.121430133666024	0.802492899293231	0.999296575199839	0.999701782686583	83	132	52	39.9	0.376069258804693	0.438730408044881	0.0429660887161935	0.0265328896542883	0.0602409638554217	0.0496001094026153	0.0192307692307692	0.0281850796345703	0.00370917683580887	0.0032539544216221	0.647427795347686	0.274768294873967	0.92	0.956615384615385	0.8962150997151	0.1	FALSE	0	0	balanced	0	gut	10	10	1	1	0.636363636363636	0.0909090909090909	0.636363636363636	0.272727272727273
SRP141180	human	22	22826	11571	855	390	0.907925603217158	0.908893709327549	0.938509684513237	0.924189270129203	0.917508124027467	0.0122382273353455	0.952502582183773	0.0524719257734147	0.917919240180007	0.995518061301674	0.997465254941729	734	713.6	365	262.8	0.370263114810451	0.343879251266489	0.113744317486239	0.0749063935500817	0.0381471389645777	0.0368624109570357	0.0575342465753425	0.0424680189119805	0.0867248972318691	0.0696726908523394	0.134234242395335	0.051515566045586	0.739130434782609	0.821751116922742	0.888713450292398	0.383333333333333	FALSE	0	0	mildly_imbalanced	0.197	blood	10	10	0.181818181818182	0.363636363636364	0.181818181818182	0.181818181818182	0.0909090909090909	0.272727272727273
SRP141266	mouse	16	23802	507	823	11	0.333113890717577	0.335365853658537	0.797373358348968	0.891682785299807	0.886833596790879	0.0237570074700516	0.772358320174458	0.14970489054629	0.887829823369908	0.972054361499295	0.991570721337868	1	37.5	1012	23	0.0351020905312512	0.420634431498266	0.0222113641387166	0.0720914460214053	0	0.018961603118705	0.0316205533596838	0.0367849694165484	0.0332487969210967	0.0180489912540887	0.0322644664039619	0.0927374382129583	0.583333333333333	0.749038461538462	0.64736013986014	0.405	TRUE	0.2	0.5	balanced	0	adipose	10	10	0.0909090909090909	0.0909090909090909	0.272727272727273	0.0909090909090909	0.363636363636364	0.272727272727273
SRP144003	human	26	22765	5290	751	158	0.880566801619433	0.881816454493635	0.931986656782802	0.903762029746282	0.902554432797319	0.0177794294843272	0.820140293180162	0.115962933438283	0.903258413696859	0.996217681748786	0.997462809920618	505	289.3	144	251.3	0.299046790379426	0.255256149725876	0.0873119472298944	0.0934146525370867	0.0277227722772277	0.0429804493007887	0.0902777777777778	0.0324489021977865	0.0524264588525867	0.0409535620015746	0.0781157086924066	0.0565125653375764	0.939393939393939	0.972727272727273	0.931550802139037	0.45	FALSE	0	0	balanced	0.1	blood	10	10	0.545454545454545	0.181818181818182	0.454545454545455	0.181818181818182	0.636363636363636	0.181818181818182
SRP144088	mouse	8	21402	437	686	14	0.406122448979592	0.408421052631579	0.405737704918033	0.385650224215247	0.357681111681377	0.0812307443387443	0.59717713354494	0.272814096929206	0.362262158031908	0.892477771079124	0.903930754089821	238	270.1	53	27.35	0.698909881364222	0.694233669329908	0.254714098646879	0.149313316660209	0.0378151260504202	0.0388002725473009	0.0188679245283019	0.0368074941049414	0.48566014500625	0.442736128214748	0.15080832726108	0.0742131146237815	0.948717948717949	0.939993252361673	0.958011133603239	0.4	TRUE	0.8	0.4	partially_confounded	0.5	brain_cns	20	20	0.428571428571429	0.857142857142857	0.142857142857143	0.380952380952381	0.380952380952381	0.857142857142857
SRP144211	mouse	16	21844	20	779	1	0.772727272727273	0.80952380952381	0.692307692307692	0.80952380952381	0.725865800865801	0.04692542738799	0.754622623753059	0.0868013815288029	0.762160786581839	0.966336513141185	0.976556952509563	3	3	2	3.6	0.68	0.555555555555556	0.3	0.133699633699634	0.333333333333333	0.26	0	0.076530612244898	0.283564559896876	0.239504371146024	0.123519718456557	0.0638252102071598	0.891891891891892	0.930156472261735	0.928165007112375	0.3	FALSE	0	0	balanced	0.125	brain_cns	10	10	0.636363636363636	1	0.0909090909090909	0.363636363636364	0.272727272727273	0.363636363636364
SRP144491	human	38	22927	4976	770	145	0.818252126836814	0.818344965104686	0.95926800472255	0.822072072072072	0.799688326924527	0.0351551291329828	0.926078538135743	0.0516787699968002	0.800727918745901	0.988913166442505	0.984545138454468	744	809.1	196	234.55	0.352080273860384	0.355133805105142	0.0679771892616269	0.0653812333092896	0.0228494623655914	0.0353419188278996	0.0612244897959184	0.0339740573625396	0.136032737340432	0.161540195975118	0.244878905187244	0.0494671311175397	0.85	0.83229642020832	0.933083796447641	0.3	FALSE	0	0	partially_confounded	0.322	musculoskeletal	20	20	0.142857142857143	0.571428571428571	0.0476190476190476	0.571428571428571	0.0952380952380952	0.619047619047619
SRP144583	human	37	19545	7518	663	232	0.971413516005796	0.972241121240985	0.979317612962719	0.961468367612601	0.960945570796852	0.00536390633462453	0.908129449112007	0.0667688458915888	0.961338043762614	0.999153054128568	0.999299895847165	144	184.2	73	114	0.309491007066383	0.303598907719783	0.0614077047462884	0.0728661995531959	0.0208333333333333	0.0464479682830171	0.136986301369863	0.0306089762632659	0.0191952209623699	0.0266699601256055	0.446519241767943	0.320685532890218	1	0.984615384615385	0.977492877492877		FALSE	0	0	balanced	0.079	blood	10	10	0.909090909090909	1	0.727272727272727	0.272727272727273	1	1
SRP145067	mouse	27	20006	9063	653	293	0.947457447933185	0.94765599388045	0.939358162498658	0.971599564744287	0.973003981667412	0.00369737009952449	0.952361180916032	0.0215136819538599	0.97325617185484	0.997711672381893	0.999238412809166	101	129.5	396	118.5	0.146930379832032	0.256651536947566	0.0923563490227881	0.105539855340193	0.0297029702970297	0.0392496425542247	0.0378787878787879	0.0446145331342907	0.013362449557098	0.00668898900669306	0.0528268423313735	0.0748940771016454	0.944444444444444	0.988650793650794	0.974761904761905	0.3	FALSE	0	0	balanced	0.012	lung	10	10	0.454545454545455	0.0909090909090909	0.363636363636364	0.0909090909090909	0.272727272727273	0.0909090909090909
SRP145604	mouse	10	17594	201	604	2	0.465346534653465	0.47	0.393203883495146	0.359605911330049	0.476772928635025	0.0837272793655389	0.342276806462325	0.172836022389909	0.481310152188318	0.98969143822728	0.98395749485599	107	89.2	1	27.7	0.625645644448085	0.497188667096765	0	0.0198259704214617	0.0186915887850467	0.0186012133220454	0	0.0316184126361595	0.0663329001915195	0.11265088719079	0.0348049107803154	0.0339656217663405	0.846153846153846	0.817710215710216	0.73868258178603	0.250952380952381	FALSE	0.1	0.4	mildly_imbalanced	0.2	other	10	10	0.818181818181818	0.636363636363636	1	1	0.818181818181818	0.727272727272727
SRP145671	mouse	19	19171	4017	573	124	0.658707630656203	0.657496561210454	0.876960193003619	0.849488553336581	0.783316885487503	0.044085544200081	0.802029003678535	0.0923069778379977	0.783204291347381	0.983067390260411	0.987253021921975	72	692.1	1972	227.3	0.0637576479903365	0.412301401999725	0.0562704174346857	0.0588761763679556	0.0416666666666667	0.0284995719516001	0.0248478701825558	0.0379787133161714	0.168623548090405	0.161506195151719	0.0487851261179417	0.0720096438558534	0.882352941176471	0.931227824463119	0.938888888888889	0.29	FALSE	0.5	0.6	mildly_imbalanced	0.282	liver	10	10	0.181818181818182	0.0909090909090909	0.181818181818182	0.272727272727273	0.0909090909090909	0.272727272727273
SRP148418	mouse	10	17544	12	588	0	0.8	0.8	0.25	0.785714285714286	0.665750915750916	0.11784559559188	0.418589743589744	0.170111506403892	0.665750915750916	0.992834905752186	0.998196397352962	0	3.7	3	0.5	0	0.624444444444444	0	0.0138888888888889		0	0	0	0.0174020462391229	0.0101379493007604	0.0417733711188233	0.2310328036505	0.866666666666667	0.913446451377486	0.781400497907728	0.45	FALSE	0.6	0.9	balanced	0	liver	10	10	1	0.909090909090909	0.909090909090909	0.0909090909090909	0.727272727272727	0.181818181818182
SRP148491	mouse	31	21699	719	732	15	0.888050314465409	0.889317889317889	0.795127353266888	0.908469945355191	0.891661424944061	0.012989582563087	0.816758204254565	0.106566320726999	0.891735567096321	0.99774229334211	0.998175634229286	13	43.3	76	39.1	0.145252779265462	0.292162123912951	0.0795463005408725	0.0423265600293398	0	0.0155312530606648	0.0394736842105263	0.0113207731087478	0.0614908357752341	0.0484886981775954	0.594349192177675	0.271348766025629	0.857142857142857	0.863992673992674	0.82239010989011		FALSE	0	0.1	balanced	0.071	other	10	10	0.636363636363636	0.363636363636364	0.545454545454545	0.272727272727273	0.727272727272727	0.727272727272727
SRP148556	human	36	24043	8994	932	329	0.969197160021846	0.970040853381752	0.772443692502908	0.971104003529282	0.96882216650287	0.00283342650782199	0.944093144321235	0.0297162771011314	0.968817639919577	0.999397266672113	0.99963372427452	121	175.2	161	108.7	0.31190272456395	0.342729439257807	0.0808033919866429	0.0746311720172329	0.0330578512396694	0.0424070440596736	0.0869565217391304	0.0250865799016772	0.0172316463719105	0.0170742858230194	0.538638848151321	0.121921504166327	1	0.964282051282051	0.94115811965812		FALSE	0	0	balanced	0.056	reproductive	10	10	0.909090909090909	0.636363636363636	0.545454545454545	0.0909090909090909	1	1
SRP148574	mouse	21	22319	5	711	0	1	1	0.833333333333333	1	0.93	0.103675156193255	0.89952380952381	0.120466729694803	0.93	0.909434619358356	0.89878615055585	0	0.15	0	0.25		0.0555555555555556		0.0352941176470588		0		0	0.389472755871228	0.462363044994532	0.474024708121903	0.0616754311127737	0.533333333333333	0.648933823529412	0.905288865546219	0.355753968253968	FALSE	0.25	0.05	partially_confounded	0.417	other	20	20	1	1	0.0476190476190476	0.523809523809524	0.0476190476190476	0.142857142857143
SRP149072	mouse	12	21318	1	712	0	0	0	1	1	0.2	0.421637021355784	0.1	0.316227766016838	0.2	0.956069809337177	0.959579415991751	1	0.8	0	0	0.8	0.636363636363636			0	0			0.128304555282711	0.121553213357044	0.0505973654302818	0.0473285620937167	0.5	0.633333333333333	0.6		FALSE	0	0	mildly_imbalanced	0.171	brain_cns	10	10	0.909090909090909	0.818181818181818	0.363636363636364	0.272727272727273	0.818181818181818	0.727272727272727
SRP149124	mouse	12	20693	2	686	0	0.0277777777777778	0.028169014084507	1	0.142857142857143	0.9	0.224982852570184	0.75	0.424918292799399	0.9	0.947085607396892	0.978186590938761	0	0	70	0.5			0.00714285714285714	0			0.0142857142857143	0	0.119164468806935	0.0735356721454359	0.0313030193524578	0.0333924491369541	0.733333333333333	0.851639194139194	0.632835454019665	0.116666666666667	TRUE	0.8	0.5	balanced	0	blood_immune	10	10	0.272727272727273	0.0909090909090909	0.636363636363636	0.272727272727273	0.727272727272727	0.181818181818182
SRP149159	mouse	13	22268	5	813	0	0.625	0.625	0.625	0	0.373928571428571	0.367900782500766	0.278095238095238	0.366018116735751	0.373928571428571	0.990913410805525	0.991007160893601	0	2.4	3	1.7		0.244444444444444	0.025	0.0406926406926407		0	0	0	0.0496427068789992	0.0425274756472291	0.0377561358842807	0.0291924394759319	0.733333333333333	0.858150183150183	0.682948717948718		TRUE	0.2	0.9	balanced	0.048	skin	10	10	0.727272727272727	0.727272727272727	0.818181818181818	0.363636363636364	0.727272727272727	0.0909090909090909
SRP149374	human	88	35194	2006	1201	35	0.881725642268541	0.883399209486166	0.905687203791469	0.881934566145092	0.891384834348823	0.0156491704719812	0.889719424497393	0.0566903589385911	0.892842193235597	0.995237214830023	0.996423745661697	187	138.4	57	89.1	0.280627824268969	0.255740758034609	0.0652829307563958	0.0759247647906934	0.0213903743315508	0.0274905487387616	0.0701754385964912	0.0420856953743892	0.0694832798726387	0.0701410028943884	0.278126756927491	0.0429980340257373	0.914285714285714	0.898601137424667	0.900187500837656		FALSE	0	0	mildly_imbalanced	0.188	musculoskeletal	10	10	0.454545454545455	0.272727272727273	0.272727272727273	0.0909090909090909	0.545454545454545	0.818181818181818
SRP149847	human	31	22085	12043	746	389	0.923920877712821	0.92452986496562	0.943165997870772	0.927562417871222	0.918772618480596	0.0102552348431604	0.95014031763719	0.0278982586215084	0.918619656670003	0.995969890056447	0.997213093222137	506	779.2	444	216.5	0.243492399562998	0.360396068753631	0.0804589345728577	0.0924671761223585	0.0237154150197628	0.0293696500403388	0.0608108108108108	0.0343289071416319	0.080493439157376	0.0751957415226047	0.455012030529197	0.0632909445523225	0.970588235294118	0.968062133944487	0.971003310415075		FALSE	0.4	0.3	mildly_imbalanced	0.276	gut	10	10	0.272727272727273	0.727272727272727	0.0909090909090909	0.181818181818182	0.636363636363636	0.818181818181818
SRP149978	human	92	21735	3308	747	107	0.971675611210495	0.972539339709966	0.810205908683975	0.964098073555166	0.962028284259001	0.0204815493351599	0.9276877441177	0.0504223892233255	0.96165184905378	0.999481355139816	0.999805592022282	49	37.9	46	93	0.212061350313321	0.145357566982568	0.0876997067999553	0.104719165700391	0	0.0026279628993473	0.130434782608696	0.0347408279018979	0.0151419451793967	0.0117868165203168	0.0967459537310525	0.0630583646621398	1	0.98235294117647	0.95		FALSE	0.3	0.2	balanced	0.022	blood	10	10	0.727272727272727	0.545454545454545	0.636363636363636	0.0909090909090909	1	1
SRP150004	mouse	11	16400	563	663	51	0.222982216142271	0.212389380530973	0.200920245398773	0.184419713831479	0.16184683598454	0.0795195716057789	0.671866288147932	0.15286884181593	0.155559693635505	0.627957563994775	0.743936816553603	400	455.1	168	75.85	0.738795591956917	0.766566280879182	0.160599290908503	0.124253107294549	0.08	0.0838778992883711	0.0119047619047619	0.0402630486522389	0.849752975045386	0.601128236834786	0.0499869325516813	0.0455008540183079	0.5	0.325	0.701269841269841	0.458333333333333	FALSE	0.7	0.05	partially_confounded	0.857	other	20	20	0.0476190476190476	0.857142857142857	0.0476190476190476	0.19047619047619	0.19047619047619	1
SRP150238	mouse	18	21790	3647	762	140	0.125479452054795	0.126210826210826	0.806070373354821	0.414102418530714	0.333501917771678	0.208903451550707	0.388389194464525	0.218250448820034	0.334170261625952	0.992264047158167	0.994376517593442	3189	1992.2	3	1086.5	0.597938402105244	0.426074376802834	0	0.0183445490243639	0.0391972405142678	0.0400298139703667	0	0.0245539754261892	0.185181938825952	0.132106082536163	0.0493334811209791	0.040738626801026	0.615384615384615	0.662404537491494	0.709156676656677	0.420793650793651	FALSE	0	0	mildly_imbalanced	0.167	heart	10	10	0.272727272727273	0.454545454545455	0.272727272727273	0.272727272727273	0.272727272727273	0.454545454545455
SRP150269	mouse	48	20214	1199	748	29	0.259973980919341	0.262862278139744	0.957746478873239	0.931967213114754	0.940262730130298	0.00821152762474613	0.863119190795641	0.212266868824351	0.940648710162662	0.774709180201743	0.997965247752703	0	60.2	3413	12.2	0	0.415685176285073	0.003397577043777	0.0993982466426994		0.0358201076815628	0.0386756519191327	0.00294117647058824	0.990277498673843	0.0486280109240445	0.038201394247262	0.0380199330006706	0.692307692307692	0.914177489177489	0.912001332001332	0	TRUE	0.1	0.3	balanced	0.043	kidney	10	10	0.181818181818182	0.0909090909090909	0.181818181818182	0.0909090909090909	0.181818181818182	0.0909090909090909
SRP150310	mouse	12	19853	131	697	3	0.287912087912088	0.294252873563218	0.689393939393939	0.748148148148148	0.673339813119075	0.104557409804294	0.666403113783069	0.141716013895707	0.676193118937732	0.986511254335425	0.996137060145261	0	26.8	324	30.2		0.374042081713297	0.0751110422877736	0.0286117537516231		0.0284208042973287	0.0524691358024691	0.0248611593196807	0.0366373064589054	0.0150163365882941	0.0313189329029968	0.100897584634205	0.8	0.896153846153846	0.82274940745529	0.05	FALSE	0	0	balanced	0	other	10	10	0.0909090909090909	0.0909090909090909	0.363636363636364	0.0909090909090909	0.363636363636364	0.363636363636364
SRP150311	human	43	22823	4215	795	156	0.397824030274361	0.399164824367477	0.953613053613054	0.753472222222222	0.589761463279978	0.206251052062852	0.773023083878027	0.229292820216046	0.59152735058422	0.990060188214082	0.992662415427816	2533	1202.55	13	815.2	0.355540388862977	0.196287117989468	0.00273554658274546	0.0649978744403617	0.0390840900118437	0.0471067879143605	0.0769230769230769	0.0404138795589208	0.123532907344218	0.115954772913756	0.463736290757489	0.0596626953492592	0.944444444444444	0.899543010332484	0.917742385242385	0.341666666666667	FALSE	0	0	partially_confounded	0.314	muscle	20	20	0.142857142857143	0.238095238095238	0.0952380952380952	0.19047619047619	0.80952380952381	1
SRP150595	human	39	21005	12034	637	382	0.953432982917214	0.953496266123557	0.94005515898767	0.960451511905743	0.946660023699608	0.00917503555293239	0.972289900148079	0.0187738901991413	0.946344648553706	0.998672104944768	0.99852718317178	425	504.3	142	145.1	0.353272980958912	0.343597427142281	0.0870953271560028	0.0805143235367077	0.0211764705882353	0.0269443773185846	0.0704225352112676	0.0182202684842115	0.041970294015863	0.0547487666188309	0.46396501237621	0.0471936345958458	0.947368421052632	0.934160401002506	0.96468671679198	0.8	FALSE	0	0	mildly_imbalanced	0.187	blood	10	10	0.272727272727273	0.727272727272727	0.272727272727273	0.636363636363636	0.454545454545455	0.909090909090909
SRP151246	mouse	12	18705	2067	578	52	0.627504553734062	0.632710280373832	0.724290780141844	0.539126260201632	0.671593826436502	0.0520214594438017	0.728633015036243	0.132548268956145	0.675156052272855	0.958068536586248	0.972253833678924	689	559.3	129	170.6	0.509864022722682	0.438519572507414	0.0660690614547286	0.0613147159009351	0.0406386066763425	0.0384530900868699	0.0310077519379845	0.0333284261924866	0.245851398394019	0.188365266643877	0.0628090469758447	0.0403723191918096	0.814814814814815	0.867504876987636	0.882493544131475	0.410833333333333	FALSE	0	0	partially_confounded	0.333	other	20	20	0.285714285714286	0.238095238095238	0.0476190476190476	0.0952380952380952	0.142857142857143	0.142857142857143
SRP151425	human	44	21073	3	699	0	0.666666666666667	0.666666666666667	1	1	0.382857142857143	0.342933927321927	0.808333333333333	0.22922978928642	0.382857142857143	0.969646720539491	0.97417874689876	1	1.5	0	0.8	0.3	0.285714285714286		0.0316666666666667	0	0		0	0.206140273741526	0.198089553645363	0.188763089478018	0.047879861952131	0.933333333333333	0.904208147942158	0.927074527252503		FALSE	0	0	mildly_imbalanced	0.268	musculoskeletal	10	10	0.454545454545455	0.818181818181818	0.0909090909090909	0.272727272727273	0.818181818181818	0.818181818181818
SRP151455	mouse	19	20450	15783	538	369	0.946138021320366	0.947129812911053	0.972418980755971	0.962795941375423	0.962937929516631	0.00418842546678573	0.972223721746452	0.0106509774888082	0.963250102918005	0.992165534806486	0.998717679034401	606	433.3	258	157.7	0.361965456087644	0.358929092123752	0.106451987378732	0.0704201726665387	0.0412541254125413	0.0283759025969029	0.0426356589147287	0.0266656320037611	0.0473022860049112	0.0355549391095435	0.0749023512407613	0.0759641751685178	0.8125	0.942161172161172	0.904725274725275		FALSE	0.1	0	mildly_imbalanced	0.244	tumor	10	10	0.0909090909090909	0.0909090909090909	0.0909090909090909	0.0909090909090909	0.363636363636364	0.0909090909090909
SRP151536	mouse	15	24422	355	719	1	0.709418837675351	0.718940936863544	0.65952380952381	0.867036011080332	0.850386297976814	0.0258232013233186	0.777526071514055	0.0888392868530914	0.850901918806303	0.994738168017011	0.997299271481815	1	40.8	144	14.3	0.0120654544085245	0.424392649673059	0.0535315830897238	0.0309559032752519	0	0	0.0486111111111111	0.0366964285714286	0.0635749814796927	0.0439109415515327	0.0394363370441757	0.0370488322992739	0.8	0.877146927146927	0.825483839276943	0.115	FALSE	0.6	0.6	balanced	0.056	gut	10	10	0.363636363636364	0.0909090909090909	0.545454545454545	0.0909090909090909	0.454545454545455	0.181818181818182
SRP151595	mouse	15	20952	10538	728	97	0.787985229217329	0.793959792595288	0.922121268310773	0.748496805712138	0.747805793860113	0.0380399284233485	0.895393794058725	0.0756038337222249	0.75404788524888	0.974167312200977	0.971219087494338	1789	2304.25	565	502.05	0.485790123368229	0.492987839074107	0.124188670441761	0.04543633605229	0.0424818334264953	0.0343303618176167	0.0230088495575221	0.065051002422446	0.118171443342152	0.137302682824061	0.0454351854155255	0.0293379488553063	0.727272727272727	0.717318653568654	0.816401515151515		FALSE	0	0	partially_confounded	0.611	tumor	20	20	0.0952380952380952	0.904761904761905	0.0952380952380952	0.619047619047619	0.142857142857143	0.619047619047619
SRP151677	mouse	29	19781	15703	653	526	0.944276729559748	0.944440830134669	0.983525847377391	0.950290550783224	0.941833827279717	0.0123435654777302	0.985097571206483	0.00872313761400108	0.942050942502708	0.99776061421667	0.997639082047428	689	676.55	197	253.6	0.337236634450878	0.333650168865901	0.108607901839038	0.102283333179685	0.0420899854862119	0.038933735800436	0.0152284263959391	0.0348922880771718	0.0613304132742268	0.0618239668647631	0.154895733433756	0.0309261743293194	0.966666666666667	0.94441715542522	0.965947580645161	0.65	FALSE	0	0	partially_confounded	0.438	liver	20	20	0.0476190476190476	0.428571428571429	0.0476190476190476	0.428571428571429	0.666666666666667	0.904761904761905
SRP151888	mouse	12	22053	10586	770	335	0.876343638030164	0.878137128072445	0.940825688073394	0.938592391812319	0.936172866051597	0.00856488745202999	0.89024688278086	0.076318001812439	0.936889573568063	0.991318648705611	0.998055088566172	69	450	1415	242.7	0.0895717575033037	0.407783099275043	0.077392839476758	0.0812640646895801	0	0.0424389109012151	0.0501766784452297	0.0306827463578495	0.0870992007245742	0.050723242087035	0.179746050866429	0.160910640224756	0.857142857142857	0.959646871945259	0.938434750733138	0	FALSE	0	0.3	mildly_imbalanced	0.171	gut	10	10	0.363636363636364	0.0909090909090909	0.363636363636364	0.0909090909090909	0.181818181818182	0.0909090909090909
SRP151927	mouse	10	21852	974	806	27	0.297607655502392	0.299901671583088	0.70513900589722	0.335265700483092	0.253383567090348	0.0725459082581087	0.632490830367576	0.207621173838291	0.255416210057703	0.88893325718093	0.871693389757254	663	716.8	71	35.25	0.726783078231417	0.76632028384446	0.102256644564551	0.0920697208571385	0.0316742081447964	0.0306575587147416	0.0140845070422535	0.0302692280839957	0.606110725946928	0.559805698613324	0.182361754986858	0.0836916995286849	0.806451612903226	0.773254229420108	0.863823944229256	0.254166666666667	TRUE	0.3	0.55	partially_confounded	0.6	other	20	20	0.142857142857143	0.761904761904762	0.19047619047619	0.80952380952381	0.19047619047619	0.714285714285714
SRP153101	mouse	12	22298	248	840	9	0.709803921568628	0.711382113821138	0.67843137254902	0.742857142857143	0.722159246264136	0.026103010384158	0.66720460951963	0.102585926811472	0.721787256668952	0.995689095996313	0.99494952940849	67	54.4	7	20.1	0.60857903407121	0.507049193713387	0.140862909688548	0.0500862371998241	0.0447761194029851	0.0347950561124333	0	0.00582497212931996	0.0199678016682979	0.0236318479831723	0.0340222403305141	0.0493510864970711	0.944444444444444	0.928654970760234	0.888888888888889	0.583333333333333	TRUE	0.2	0.2	balanced	0	skin	10	10	0.636363636363636	0.454545454545455	0.818181818181818	0.909090909090909	0.909090909090909	0.909090909090909
SRP153147	mouse	44	21935	11978	689	354	0.896548975850801	0.898495931618312	0.971837944664032	0.905475504322767	0.914973781778689	0.0158206163170032	0.960998496909832	0.0210334217017953	0.915097976938118	0.993786783800107	0.996767203253795	729	762	569	280.35	0.265382346644195	0.293153817457835	0.0957176642202705	0.100821405389433	0.0507544581618656	0.0314261203452979	0.0456942003514939	0.0298925902126793	0.0959618418149719	0.0755295319924381	0.175530856500122	0.0381835678261316	0.944444444444444	0.92796697626419	0.980065359477124		FALSE	0.2	0	partially_confounded	0.312	lung	20	20	0.0476190476190476	0.238095238095238	0.0476190476190476	0.0952380952380952	0.333333333333333	0.761904761904762
SRP153200	mouse	25	21475	9180	702	256	0.959749362786746	0.960323532626517	0.910927655876602	0.962556978510962	0.967715032195573	0.00517549013630321	0.930706265857866	0.0259189858597017	0.967940784523478	0.999197950595398	0.99967278960558	143	181	236	119.5	0.316293329292401	0.326276016311074	0.0913018001405712	0.0763887312004225	0.034965034965035	0.0389769754347687	0.0466101694915254	0.0304347171368893	0.0140072549286676	0.0105199516013849	0.110028834425769	0.101408120836801	1	0.997058823529412	0.991176470588235		FALSE	0	0	balanced	0.038	lung	10	10	0.818181818181818	0.181818181818182	0.545454545454545	0.0909090909090909	1	1
SRP154146	mouse	58	20857	9533	754	310	0.979802143446002	0.980076709993608	0.991638795986622	0.990610328638498	0.990648187728858	0.00125703372661582	0.962488310595218	0.0271117930920707	0.990603919480938	0.999635446619395	0.999873896512096	25	42.8	171	46.8	0.225851649758851	0.275531438766447	0.092240126031281	0.116977730856747	0.04	0.0270359871143746	0.0467836257309942	0.0282943370998413	0.00293633046561255	0.00179481528496706	0.149126102022723	0.286493804094636	1	0.933190883190883	0.947832722832723		FALSE	0	0	balanced	0	brain_cns	10	10	0.636363636363636	0.0909090909090909	0.636363636363636	0.0909090909090909	1	1
SRP154425	mouse	45	20463	3436	668	0	0.966819221967963	0.967095851216023	0.978235635519443	0.96784472769409	0.964584119328926	0.0091165772638355	0.936847623182689	0.0533607162721125	0.964584119328926	0.992265282173752	0.996887849301558	56	84.1	60	39.2	0.311093556826511	0.358234545752595	0.0750335978314339	0.0397637598800871	0	0	0.0166666666666667	0	0.0287358308887383	0.0269301551234475	0.136132500490485	0.105739329748283	1	0.932746376811594	0.931686429512516		FALSE	0	0	balanced	0.055	other	10	10	0.636363636363636	0.545454545454545	0.454545454545455	0.0909090909090909	1	1
SRP154465	mouse	14	21707	11336	822	328	0.759562841530055	0.763469231423951	0.961293697149333	0.769707934866891	0.795732217644658	0.0262242758098301	0.906160085439272	0.0735299864111808	0.799387033998476	0.976555882713614	0.981982305974451	2162	1749.9	742	708.8	0.510023566078206	0.406125136164181	0.173564094447743	0.1200975854518	0.057354301572618	0.0477938497585457	0.00134770889487871	0.0250992370404335	0.197973354247318	0.179802534350561	0.124937920571599	0.114126905669871	0.5	0.71441804029304	0.874505494505495		TRUE	0.55	0.05	partially_confounded	0.375	tumor	20	20	0.142857142857143	0.0952380952380952	0.0476190476190476	0.380952380952381	0.0952380952380952	0.333333333333333
SRP154474	human	15	24471	6299	810	235	0.265293285107721	0.265436131983012	0.898116169544741	0.435967302452316	0.348405026418535	0.128902551359411	0.82314069992054	0.0875615600624006	0.348572860936038	0.903654198703816	0.921023068572117	4612	3974	60	283.45	0.688334296035093	0.631150853328147	0.0608737233677259	0.033489557516323	0.037510841283608	0.0376130673648469	0.0333333333333333	0.0317908579631555	0.420514027877295	0.407206401438938	0.139731445665675	0.0469175576406092	0.717948717948718	0.796770097888519	0.947377608701138	0.275595238095238	TRUE	0.65	0	partially_confounded	0.722	skin	20	20	0.0476190476190476	0.428571428571429	0.0476190476190476	0.19047619047619	0.0476190476190476	0.19047619047619
SRP154573	human	31	25283	418	850	19	0.826530612244898	0.833693304535637	0.819565217391304	0.838842975206612	0.867832880201082	0.0150740980331321	0.810010604169294	0.0999166489041115	0.869503526689931	0.995780837733846	0.99663341743775	13	26.3	72	33.6	0.217382995014815	0.31961838344791	0.0793516384203527	0.0758408965717585	0	0.080162037037037	0.111111111111111	0.036388527434396	0.071910818006918	0.0685201855484872	0.329666839669087	0.0553546170542018	0.9	0.842077922077922	0.874848484848485	0.473333333333333	TRUE	0.8	0.7	balanced	0.101	tumor	10	10	0.454545454545455	0.0909090909090909	0.636363636363636	0.181818181818182	0.727272727272727	0.909090909090909
SRP154838	mouse	25	17095	31	526	1	0.492063492063492	0.491803278688525	0.9375	0.8125	0.798868921111568	0.0644078250312305	0.823671699857658	0.16489468466872	0.797505175090564	0.946870279216739	0.97145458954346	0	2.8	32	4.5		0.533333333333333	0.0524886581136581	0.0514457238476846		0	0.03125	0.0311111111111111	0.295523330940353	0.191079347704456	0.0333097722245672	0.0348155627565407	0.818181818181818	0.8169640408611	0.828629703629704	0.233333333333333	FALSE	0.1	0.1	mildly_imbalanced	0.195	adipose	10	10	0.0909090909090909	0.0909090909090909	0.181818181818182	0.0909090909090909	0.454545454545455	0.545454545454545
SRP154859	mouse	33	22042	5776	762	210	0.729240506329114	0.73081479531394	0.878398176786586	0.966043560281255	0.964357055095288	0.00374822181314945	0.922703450928213	0.0536950365516124	0.964489546863173	0.98668482392269	0.999280663548798	15	141.8	2124	66.5	0.0495743894684383	0.421350700586515	0.0273696666103336	0.130453566546268	0.0666666666666667	0.0441047002216877	0.0437853107344633	0.0305873217376532	0.0467350631326275	0.00906165458721184	0.0684554372908256	0.103796465783813	0.962962962962963	0.961453201970443	0.939372377303412	0.05	FALSE	0	0	balanced	0.018	brain_cns	10	10	0.0909090909090909	0.0909090909090909	0.0909090909090909	0.0909090909090909	0.818181818181818	0.363636363636364
SRP154932	mouse	12	23532	3426	890	125	0.697762020828717	0.697471264367816	0.763490833978828	0.565166908563135	0.622265893743419	0.0768042969986942	0.593702664987556	0.073661017744534	0.622185085993878	0.985291399035311	0.989900320969191	277	1053	1087	354.4	0.198631001942083	0.472588517997048	0.0441195941393748	0.137251971763606	0.036101083032491	0.0374729667004073	0.0349586016559338	0.017401360026871	0.167104436220557	0.129392108199789	0.047889491650522	0.0347488598574421	0.783783783783784	0.863165797376324	0.9043562735668	0.269047619047619	FALSE	0	0	balanced	0.143	tumor	10	10	0.909090909090909	0.909090909090909	0.0909090909090909	0.272727272727273	0.0909090909090909	0.272727272727273
SRP154934	mouse	15	22810	349	887	16	0.40095087163233	0.394088669950739	0.73463687150838	0.364444444444445	0.337687050867782	0.0685364477791531	0.625044125927156	0.165377037219942	0.332234899062722	0.900423174746593	0.934855335150781	96	211	282	53.8	0.407695081405773	0.658529709606721	0.057896258131853	0.0305915021738819	0.03125	0.037871134290106	0.0212765957446809	0.0459217612509705	0.549884019721349	0.36243402055288	0.050656279525606	0.0467386458280616	0.730769230769231	0.765934279082986	0.880838340140064	0.291607142857143	FALSE	0	0	partially_confounded	0.375	tumor	20	20	0.19047619047619	0.80952380952381	0.0476190476190476	0.19047619047619	0.0476190476190476	0.380952380952381
SRP155089	human	9	25656	6843	743	217	0.594838897798513	0.594908104850859	0.893592677345538	0.719133162246935	0.659278651599725	0.044300507616565	0.735286178017877	0.154636574054395	0.66013282865663	0.991105601304117	0.982456673749741	2763	2238.65	16	137.2	0.646942550710012	0.603733827708842	0.0559051162764531	0.130190251137044	0.0311255881288455	0.033687677803438	0.25	0.0679029167670158	0.110161828957997	0.171188839029239	0.192365184813222	0.056327096110085	0.909090909090909	0.792267786561265	0.840114624505929	0.211904761904762	FALSE	0.15	0.2	partially_confounded	0.4	tumor	20	20	0.285714285714286	0.19047619047619	0.619047619047619	1	0.714285714285714	0.80952380952381
SRP155363	human	45	33992	509	1226	15	0.619164619164619	0.627727856225931	0.859073359073359	0.891050583657588	0.88217579116907	0.0249616195834605	0.756846321414214	0.118746273419392	0.880868156317592	0.992225467345152	0.998140941360769	5	37.1	305	26.3	0.0871553583253091	0.332493614316224	0.0716277745179985	0.0714190437030331	0	0	0.0655737704918033	0.0401417472652178	0.0690026791859465	0.0238204146577019	0.074226560107138	0.0435060006916339	0.75	0.826823176823177	0.699288260758849	0.366666666666667	TRUE	0	0.4	balanced	0.023	blood	10	10	0.181818181818182	0.0909090909090909	0.545454545454545	0.0909090909090909	0.727272727272727	0.272727272727273
SRP155851	mouse	12	19796	970	689	19	0.303314571607255	0.305101058710298	0.736174070716228	0.839613526570048	0.800477392098691	0.0692462854948389	0.626330094125123	0.100955795333962	0.802454631004453	0.977889409176238	0.995835459799146	0	94.9	2228	136.8	0	0.285078238211745	0.0607628322422413	0.0792341028777933		0.0260244026949309	0.0278276481149013	0.0260572542559251	0.029625740414664	0.0124473415677911	0.0415967388695178	0.105689085845021	0.9	0.968965517241379	0.962183908045977	0.4	TRUE	0	0.4	balanced	0	brain_cns	10	10	0.0909090909090909	0.0909090909090909	0.363636363636364	0.0909090909090909	0.181818181818182	0.0909090909090909
SRP155931	mouse	14	21783	1	752	0	1	1	0	1	0.100904977375566	0.315915390327305	0.251357466063348	0.352492027702739	0.100943396226415	0.973948649968346	0.965173171334616	0	0.7	0	44		0.5		0.0588235294117647		0		0.0409090909090909	0.276888378197949	0.265735963459191	0.115345641976024	0.0700221564082055	0.891891891891892	0.922814920183341	0.863366729027833	0.25	TRUE	0.3	0.4	mildly_imbalanced	0.167	brain_cns	10	10	1	1	0.818181818181818	1	0.909090909090909	0.363636363636364
SRP155943	mouse	18	15220	508	25	0	0.651663405088063	0.651663405088063	0.635477582846004	0.642066420664207	0.651628808548834	0.0433847823745784	0.735192156970604	0.109145637893903	0.651628808548834	0.988430119090774	0.964457796542389	175	143.3	3	52.3	0.603012279918872	0.522586074724094	0.0382783882783883	0.0425592191984553	0	0	0	0	0.139138679797902	0.252307673460999	0.0113282392584551	0.00884364209051965	0	0	0					mildly_imbalanced	0.222	liver	10	10	0.363636363636364	0.636363636363636	0.636363636363636	1	1	1
SRP155976	human	146	26430	9026	971	260	0.970421922575033	0.971194799372338	0.977277716794731	0.979441512752858	0.978079600086876	0.00500240998712162	0.980685670004527	0.014849264695043	0.977927262611922	0.999199909491792	0.999809143249062	102	135.8	170	63.4	0.253813740752042	0.242513308630962	0.107329669851999	0.0751100408677897	0.00980392156862745	0.0167564197161515	0.0823529411764706	0.0223522144621948	0.0191862761691053	0.0135331750277491	0.397707938172592	0.115699774960794	0.945945945945946	0.966507936507936	0.961181896181896		FALSE	0	0	balanced	0.041	gut	10	10	0.181818181818182	0.181818181818182	0.181818181818182	0.0909090909090909	0.454545454545455	0.454545454545455
SRP156049	human	24	24126	3574	824	134	0.931375240186659	0.930995152552039	0.609201623815968	0.922659430122117	0.928591013512586	0.00555739860577886	0.85066019776415	0.100869986850167	0.928353554465149	0.999374655877195	0.999448217405869	181	166.1	69	96.1	0.424960262676594	0.40710839454709	0.079728328721343	0.0716521679689864	0.0331491712707182	0.0396513391843207	0.0289855072463768	0.0266076075533725	0.00784419019662943	0.00730629714635639	0.0718653819235145	0.0708141306974422	0.888888888888889	0.900997592019264	0.81812865497076		FALSE	0.2	0.5	balanced	0.007	blood	10	10	0.818181818181818	0.636363636363636	0.818181818181818	0.272727272727273	1	0.545454545454545
SRP156218	mouse	8	18916	12153	736	460	0.971091205211726	0.971636609939886	0.97200420746015	0.930232558139535	0.967087050189045	0.00269359539354463	0.916409471860185	0.0673184781097903	0.967255720337343	0.998999746275605	0.999302447069946	228	287	127	116.9	0.380595232196384	0.458284508614104	0.0616338351183639	0.187973299742914	0.0482456140350877	0.0419639557659384	0.0708661417322835	0.0497466095296891	0.00350422671423965	0.00176984888394783	0.049686735764856	0.351073621165053	1	0.99375	0.947355313092979		FALSE	0	0	balanced	0	other	10	10	1	1	0.636363636363636	0.272727272727273	1	1
SRP156285	mouse	10	18071	6633	506	152	0.749607535321821	0.759620596205962	0.749607535321821	0.598875905931075	0.654159107886556	0.055563317139927	0.783197480000793	0.178502784429715	0.654805078423856	0.966170710191645	0.97254416921551	903	2085.4	1011	308	0.312141188596734	0.550114809605314	0.0922705580409923	0.107517479274166	0.0310077519379845	0.0226489812021943	0.110781404549951	0.0507378091335111	0.264997481981733	0.237504713504145	0.76374389348017	0.332742679623694	0.5	0.564065101565102	0.699366605616606		FALSE	0.25	0.35	partially_confounded	0.5	brain_cns	20	20	0.285714285714286	1	0.142857142857143	0.142857142857143	0.19047619047619	0.380952380952381
SRP156394	human	30	24328	769	803	31	0.646218487394958	0.643979057591623	0.470817120622568	0.835686777920411	0.8671987342741	0.023830070722106	0.631095236055111	0.260314059207449	0.865239570461877	0.997280913972621	0.999413537996523	0	66.2	421	41.3	0	0.324988217559262	0.0774441569279223	0.0686413672197467		0.0263232372450139	0.0308788598574822	0.012452770838272	0.0167657776738272	0.0101987182760027	0.0221515923713957	0.0378101630774602	0.894736842105263	0.95812865497076	0.854541293946328	0	TRUE	0	0.6	balanced	0.014	lung	10	10	0.454545454545455	0.0909090909090909	0.727272727272727	0.0909090909090909	0.545454545454545	0.0909090909090909
SRP156476	mouse	8	22687	41	933	0	0.650793650793651	0.650793650793651	0.878048780487805	0.731707317073171	0.766840882694541	0.0645156304457633	0.515684229924497	0.261704782194709	0.766840882694541	0.99729294323651	0.998229288979443	0	8.6	22	1.2	0	0.53475653975654	0.0350131752305665	0.0320512820512821		0	0	0	0.00974552556136143	0.0085118466230868	0.0752441026642982	0.392979313547875	0.928571428571429	0.958095238095238	0.556857592535342		FALSE	0	0	balanced	0	brain_cns	10	10	0.636363636363636	0.0909090909090909	0.727272727272727	0.0909090909090909	0.818181818181818	0.545454545454545
SRP156859	mouse	12	21455	397	799	16	0.639398998330551	0.636048526863085	0.695560253699789	0.682926829268293	0.661628767765469	0.0658951055671574	0.565612778645471	0.249291812409509	0.661651443166161	0.98972869691734	0.989794777372497	14	103.1	202	50.4	0.101429557500014	0.436701155017194	0.0675488339048383	0.0435287519784258	0	0.0360985475260635	0.0297029702970297	0.0302602535894615	0.129074322262949	0.123347033921644	0.430254255450406	0.280512646179755	0.897435897435897	0.908263638661585	0.892280363069837		TRUE	0.2	0.2	mildly_imbalanced	0.167	kidney	10	10	0.454545454545455	0.454545454545455	0.727272727272727	0.363636363636364	0.363636363636364	0.454545454545455
SRP156888	mouse	12	20874	1143	689	40	0.73696682464455	0.735895339329518	0.661031276415892	0.648763853367434	0.661804158175989	0.0558019000883034	0.609206207401673	0.139529752847684	0.661274231549817	0.990252227054545	0.993784965031061	210	322.5	123	92	0.430778353062404	0.495361234237242	0.0602640297775153	0.0448333961122718	0.0333333333333333	0.0323562183851052	0.024390243902439	0.0401173069638531	0.134782973413585	0.0946048021209526	0.0417010394081216	0.0684945328526849	0.970588235294118	0.962095747389865	0.950806807571514		FALSE	0.3	0.1	mildly_imbalanced	0.167	tumor	10	10	1	0.909090909090909	0.181818181818182	0.181818181818182	0.818181818181818	0.727272727272727
SRP156952	human	12	22940	32	841	0	0.648648648648649	0.648648648648649	0.702702702702703	0.65625	0.575930462070168	0.135843571030828	0.591811951901466	0.104306288983478	0.578082346574994	0.964027319079502	0.97098009040084	8	6.7	5	16.8	0.34048507048507	0.266840698983556	0.0313888617114952	0.0253031174105995	0	0	0	0.0100529100529101	0.170445594963844	0.172342167747106	0.0701698517047301	0.0594018867962661	1	0.843655216472554	0.859254385964912		FALSE	0	0	mildly_imbalanced	0.167	liver	10	10	0.636363636363636	0.636363636363636	0.181818181818182	0.272727272727273	1	1
SRP158376	mouse	12	18013	2904	601	75	0.746749024707412	0.745994659546061	0.903801652892562	0.730674087816945	0.748753649066986	0.030924214764814	0.819129217628565	0.0875605011625174	0.748856165632272	0.976695962439274	0.984299899368727	607	603.5	172	167.85	0.468713965084202	0.463141344516582	0.0411297723415829	0.0462537033159688	0.0214168039538715	0.0245540682124385	0.0290697674418605	0.0354050041733724	0.213983790226364	0.166050836899391	0.294585735022966	0.127636464233055	0.851851851851852	0.823186322884877	0.880358140211867	0.1625	FALSE	0	0	partially_confounded	0.314	liver	20	20	0.333333333333333	0.476190476190476	0.19047619047619	0.19047619047619	0.380952380952381	0.666666666666667
SRP158639	human	47	27813	6740	918	220	0.935410442452696	0.936157693439247	0.958520017343547	0.900967877682704	0.913409216493085	0.0201393988536856	0.892055807633743	0.0833775544612182	0.913412274408461	0.998668752509774	0.998415379876613	165	357.3	289	247.9	0.183912132314564	0.230347887190084	0.100197201021265	0.0825558612390472	0.0545454545454545	0.0304333836937107	0.0380622837370242	0.0390614039925625	0.042188614677106	0.0483984335464666	0.265441474340919	0.0451202950000493	0.966666666666667	0.955632183908046	0.942836484983315		FALSE	0	0	mildly_imbalanced	0.195	tumor	10	10	0.636363636363636	0.909090909090909	0.545454545454545	0.545454545454545	0.818181818181818	0.727272727272727
SRP158678	mouse	29	20755	4681	711	138	0.803322395406071	0.802831783601014	0.958510638297872	0.823327269051951	0.826199617695357	0.0138520963398268	0.885769176518972	0.0718317168568148	0.826572714702434	0.986424235001895	0.989496145035627	764	653.75	195	193.2	0.380629590707214	0.377619589318916	0.0576551239348221	0.0640165506575553	0.0261780104712042	0.0314816329870638	0.0307692307692308	0.0347808542304286	0.14376794219671	0.142096702196726	0.146405564022576	0.0682362874617224	0.705882352941177	0.812202272057148	0.868368565129401	0.221428571428571	TRUE	0.15	0.35	partially_confounded	0.34	blood_immune	20	20	0.0952380952380952	0.0952380952380952	0.142857142857143	0.19047619047619	0.0952380952380952	0.19047619047619
SRP158761	mouse	17	19244	365	733	14	0.0623376623376623	0.0594594594594595	0.483783783783784	0.0191780821917808	0.0561684372875842	0.0420578414322105	0.597475332891601	0.117969271830925	0.0567872677344151	0.4190121380868	0.814729152020554	341	343.55	20	8.5	0.934550462542452	0.933497640241778	0.00454545454545455	0.0136406677952572	0.0351906158357771	0.0390595772999611	0.05	0.0243241869918699	1.10194017884284	0.655929717091687	0.0725342162756708	0.0451542753818853	0.409090909090909	0.564442666933581	0.807569229446164	0.328717948717949	TRUE	0.25	0	partially_confounded	0.727	other	20	20	0.0476190476190476	0.761904761904762	0.0476190476190476	0.0476190476190476	0.0476190476190476	0.142857142857143
SRP158995	mouse	16	17325	2548	568	5	0.513770757391657	0.520987654320988	0.891612409038683	0.884169884169884	0.887619288921027	0.00921973308132918	0.844554396789728	0.0521341074622948	0.88902756605521	0.950451382932442	0.993958528349127	11	214.9	2390	80.8	0.0317780257586435	0.429976486169186	0.025377107452423	0.0376818054017118	0	0.00544154494811678	0.0305439330543933	0.0531076936254392	0.0600943300946579	0.0493661043740108	0.022924242861919	0.146514008256185	0.692307692307692	0.896666666666667	0.847166666666667	0.383333333333333	FALSE	0	0	balanced	0.125	liver	10	10	0.0909090909090909	0.0909090909090909	0.0909090909090909	0.0909090909090909	0.0909090909090909	0.0909090909090909
SRP159065	mouse	8	21921	633	743	1	0.031496062992126	0.0315457413249211	0.284591194968553	0.031496062992126	0.0796989474411685	0.109089787376117	0.262318863600952	0.215499250682066	0.0968899276486702	0.942256267566879	0.959226677035391	613	536.5	2	159.55	0.859057184605365	0.770499241437779	0.15	0.0827586206896552	0.00163132137030995	0.00129926497641584	0	0.464348925410872	0.264598620323072	0.245060772177604	0.69950377198425	0.458173131209828	0.733333333333333	0.740758322137633	0.776123748910526	0.636507936507937	FALSE	0.45	0.75	partially_confounded	0.5	reproductive	20	20	0.285714285714286	0.523809523809524	0.238095238095238	0.19047619047619	0.333333333333333	0.523809523809524
SRP159264	human	30	20981	9250	700	314	0.970426700464723	0.971009736352697	0.946103346039814	0.978328173374613	0.979085059498313	0.00146009488728096	0.945331408135189	0.0336710452550275	0.97928544969905	0.999454560683473	0.999767898807357	62	113.4	218	81.8	0.222338396341789	0.366557730922193	0.104171448443256	0.0951309074536214	0.032258064516129	0.0632809527515128	0.0596330275229358	0.0148961320132798	0.00597787670513469	0.00538302074967988	0.0402622043233001	0.0505277978778314	1	1	0.948780598711633		FALSE	0	0.1	balanced	0	liver	10	10	0.727272727272727	0.0909090909090909	0.727272727272727	0.0909090909090909	1	1
SRP160439	mouse	8	22273	3386	824	125	0.822564361433619	0.823159549384333	0.834620505992011	0.799078871617732	0.82295346307683	0.0158362761638401	0.393561464318606	0.365030473792543	0.823893654202104	0.995796781648915	0.997421806280018	127	366.4	576	282	0.363268540333827	0.353746604630004	0.2694618751825	0.124692894257102	0.062992125984252	0.0456248847878398	0.0347222222222222	0.0400802811618385	0.00753075528381311	0.00682455448412193	0.019001907234636	0.0652671317307892	0.866666666666667	0.894556878306878	0.831424763722456		FALSE	0	0	balanced	0	tumor	10	10	0.818181818181818	0.545454545454545	0.636363636363636	0.272727272727273	0.818181818181818	0.636363636363636
SRP160883	mouse	15	19319	3406	693	74	0.658319870759289	0.659416299559471	0.616153643777953	0.668859022018873	0.601050182409679	0.0412820165543551	0.753617935712905	0.108237875879253	0.60428607427958	0.974573682939092	0.97407148105403	961	1223	308	225.5	0.49790699817655	0.571480273629422	0.120143192081415	0.0794975607101284	0.0249739854318418	0.029398393299894	0.025974025974026	0.0605458475044215	0.26278835148998	0.227803415387339	0.0506543846463627	0.0808995368611555	0.8	0.547088744588745	0.585238095238095		TRUE	0.15	0.15	partially_confounded	0.4	reproductive	20	20	0.238095238095238	0.904761904761905	0.285714285714286	0.380952380952381	1	1
SRP161460	mouse	8	17306	1240	543	44	0.719418960244648	0.718923198733175	0.671875	0.716317365269461	0.707814137324869	0.0418604180575125	0.665891493489542	0.0288381515734309	0.707191257336844	0.980339073969391	0.980790180529483	299	284.3	68	106.6	0.554520591455865	0.452905563099227	0.174050241349388	0.0905328936782558	0.0367892976588629	0.0343874004546231	0.0147058823529412	0.022396628474071	0.177072235040883	0.163872572487783	0.167301887031432	0.137122152045986	0.904761904761905	0.860822510822511	0.874808959156785	0.291666666666667	TRUE	0.9	0.8	mildly_imbalanced	0.25	other	10	10	1	0.818181818181818	0.0909090909090909	0.363636363636364	0.727272727272727	0.909090909090909
SRP162073	human	13	23097	7619	859	260	0.90039302382707	0.900279827016026	0.75370181982593	0.898363058881017	0.909133033445846	0.00463195136719186	0.832950566264433	0.103788004992069	0.909434199542511	0.996739538178101	0.997372582124205	288	451.1	523	265.2	0.300279977427092	0.393708737788712	0.0796625853608236	0.0852427754655898	0.0243055555555556	0.038708361335983	0.0382409177820268	0.0336804234867196	0.054848639746721	0.0500209735169856	0.0924580019273061	0.036650801549667	0.888888888888889	0.869348370927318	0.857606136553505	0.3	FALSE	0	0	balanced	0.119	muscle	10	10	0.727272727272727	0.0909090909090909	0.727272727272727	0.181818181818182	0.636363636363636	0.636363636363636
SRP162125	human	147	24776	4725	779	158	0.974438902743142	0.97545748116254	0.950493015612161	0.978953948739321	0.980375911137312	0.00387832796097994	0.946750010667844	0.0280822056756382	0.980130828282282	0.999431420548872	0.99983816000645	36	55.4	87	38.1	0.218465876987025	0.261372464518305	0.107521019309961	0.0794327858000352	0	0.0133231639050605	0.103448275862069	0.0202064164213533	0.0146744071250456	0.0108849695950044	0.652164106532794	0.23697746056351	1	0.861744505494506	0.834331501831502		FALSE	0	0	balanced	0.027	blood	10	10	0.727272727272727	0.181818181818182	0.727272727272727	0.0909090909090909	1	1
SRP162318	mouse	10	20673	507	705	14	0.677669902912621	0.684	0.366795366795367	0.698076923076923	0.763700138567954	0.0621435517485265	0.547800274957002	0.154158418063759	0.76821263195482	0.999342774207275	0.999045359603077	158	99.9	8	24.9	0.462761146549952	0.418066189651807	0.0188888888888889	0.0608236157083502	0.0443037974683544	0.0494096392315291	0.125	0.0136351631767591	0.00491580475798686	0.00691427190626603	0.079918226139965	0.426238158453626	0.942857142857143	0.98235294117647	0.89106852983014	0.45	FALSE	0	0.2	balanced	0	brain_cns	10	10	0.818181818181818	0.272727272727273	0.818181818181818	1	0.727272727272727	0.181818181818182
SRP162383	mouse	13	14663	2463	503	62	0.328994082840237	0.334145351197726	0.733859397417504	0.568207871608712	0.498912280983711	0.0706507714579779	0.735432044328519	0.104649831330053	0.500125993972319	0.942738078047847	0.954265579404939	1629	1105.1	72	242.15	0.587093390585059	0.531921263558503	0.0695325385176523	0.0486801553210497	0.0313075506445672	0.0246563485443363	0.138888888888889	0.121949651444079	0.302611325915785	0.252151289369013	0.129984145256021	0.0977838382344172	0.714285714285714	0.605685425685426	0.706666666666667	0.308333333333333	FALSE	0.15	0.25	partially_confounded	0.524	muscle	20	20	0.0476190476190476	0.0476190476190476	0.0952380952380952	0.285714285714286	0.714285714285714	0.904761904761905
SRP162456	mouse	52	13060	2	481	0	1	1	0.333333333333333	0.5	0.385833333333333	0.273467954653232	0.475	0.248607231502938	0.385833333333333	0.99284219588231	0.993754255899952	0	0.6	0	2.5		0.384615384615385		0.233862433862434		0		0	0.056223839356221	0.048893792565893	0.051195273257026	0.0415700309717373	0.833333333333333	0.788030615755074	0.849232026143791		FALSE	0.5	0.4	balanced	0.033	brain_cns	10	10	1	1	0.636363636363636	0.181818181818182	0.454545454545455	0.545454545454545
SRP162527	mouse	15	24172	32	861	6	0.852941176470588	0.821428571428571	0.75	0.75	0.736805079978455	0.0472854279300019	0.715030822935235	0.094120405640759	0.679703230096028	0.99506135285955	0.996235426700626	3	7.2	2	1.7	0.33718253968254	0.599421997755331	0.025	0.0128571428571429	0	0	0	0	0.0716136443131464	0.0561597111650035	0.270935894162534	0.310540807346957	1	0.916666666666667	0.822929292929293		FALSE	0	0	balanced	0.071	other	10	10	1	1	0.818181818181818	0.181818181818182	1	1
SRP162743	human	16	19615	2631	689	104	0.663119266055046	0.665390505359878	0.858619416758952	0.693700217233889	0.647900465122047	0.0514633234791039	0.779631640454263	0.110330590890562	0.6482042736132	0.979008157799816	0.97538183567372	824	798.55	94	191.55	0.479325788739308	0.452538142908773	0.0440811562515377	0.0506685655510275	0.0424757281553398	0.0405859158960241	0.0957446808510638	0.0578560767059411	0.191002838178893	0.22001575868499	0.269323894306512	0.0646160334246537	0.821428571428571	0.849398543192178	0.886487047898338	0.3	FALSE	0.15	0.25	partially_confounded	0.364	heart	20	20	0.19047619047619	0.571428571428571	0.285714285714286	0.761904761904762	0.142857142857143	0.285714285714286
SRP162873	human	31	20590	486	706	34	0.163568773234201	0.16468253968254	0.827450980392157	0.0411522633744856	0.153632669643338	0.0834046974705	0.80696934956659	0.0790876938516443	0.157352281511951	0.827503513168014	0.844194905167884	398	402.4	52	37.05	0.750293958060422	0.76325151249421	0.0106569758634976	0.0221712727487047	0.0728643216080402	0.0761981785302958	0	0.0898880973035529	0.691466557283362	0.614915654353529	0.147942049937434	0.0511508269898807	0.695652173913044	0.551743842599137	0.90687220502236	0.0376623376623377	TRUE	0.2	0	partially_confounded	0.545	muscle	20	20	0.0476190476190476	0.619047619047619	0.0476190476190476	0.19047619047619	0.0476190476190476	0.952380952380952
SRP163478	human	10	21793	608	817	29	0.0409090909090909	0.0412698412698413	0.704976303317536	0.011326860841424	0.0126988456599662	0.0133646295288947	0.40923514078169	0.193738425290942	0.0130765405963969	0.749372520196688	0.704474642082604	581	599.9	52	14.85	0.961216198598484	0.979987683103271	0.15	0.168421052631579	0.0481927710843374	0.0480933827811365	0.0192307692307692	0.00288461538461538	1.04164190520394	0.959844999782023	0.0889851531362713	0.0485790587282299	0.725	0.642971772379667	0.87180060772166	0.405934065934066	FALSE	0.45	0.35	partially_confounded	0.8	heart	20	20	0.0952380952380952	1	0.0476190476190476	1	0.0952380952380952	1
SRP164691	mouse	12	21446	2876	658	100	0.572969329288844	0.568538542029997	0.515673441267654	0.608465608465609	0.571312108896744	0.0710402758932067	0.735707171017395	0.16030601352381	0.569096320688128	0.960775572598963	0.950941000730997	1176	1087	91	246	0.535153809610922	0.511205855733179	0.0387069032352621	0.0473584581116781	0.0255102040816327	0.0287769396241752	0	0.028978771548625	0.276288645670083	0.333758242810937	0.267909034216116	0.0680909827908559	0.764705882352941	0.712854389762285	0.821391561010369	0.239285714285714	TRUE	0.35	0.25	partially_confounded	0.5	brain_cns	20	20	0.333333333333333	0.380952380952381	0.19047619047619	0.666666666666667	0.285714285714286	0.761904761904762
SRP165196	mouse	36	19868	2365	576	63	0.463424200823691	0.463336019339243	0.881062355658199	0.957947855340622	0.948268490572571	0.0115379877043168	0.78949303606863	0.15562169997558	0.948222449532106	0.977955042035253	0.999373846884529	2	67.3	2734	58.5	0.00656929627260409	0.306591695257326	0.0204508380962071	0.0811586977265474	0	0.028863628950986	0.0263350402340892	0.00852532482426781	0.0282455887767453	0.00541765653912762	0.0428036076098422	0.0562712914775292	0.826086956521739	0.982608695652174	0.871010916378039	0	TRUE	0	0.2	balanced	0	blood_immune	10	10	0.0909090909090909	0.0909090909090909	0.363636363636364	0.0909090909090909	0.363636363636364	0.0909090909090909
SRP165679	human	85	23907	16633	803	543	0.981268269402852	0.982098765432099	0.980651306780973	0.9801613385121	0.979528676194872	0.00234220463107403	0.987054942100651	0.00350817382513535	0.979434604762543	0.999512812931631	0.999669216255428	184	179.1	130	164.8	0.240742424854586	0.225291070477455	0.10894778217247	0.135211767484696	0.0217391304347826	0.0248148499581544	0.153846153846154	0.0328005031693175	0.0185933743564194	0.0220661607605991	0.469509904393704	0.0791038343944504	1	0.986111111111111	0.985873015873016		FALSE	0	0	balanced	0.121	skin	10	10	0.181818181818182	0.818181818181818	0.0909090909090909	0.0909090909090909	1	1
SRP165748	mouse	8	17889	7	551	1	0.25	0.285714285714286	0.142857142857143	0.142857142857143	0.382103174603175	0.166579977665012	0.242449544914919	0.202023630665714	0.371825396825397	0.99104924886405	0.984957292740229	5	3.7	1	1.2	0.6	0.520740740740741	0.166666666666667	0.0683760683760684	0.2	0.0983333333333333	0	0	0.0149765128458898	0.0253533909157488	0.0331794062609615	0.100679005091905	0.866666666666667	0.945238095238095	0.798859649122807	0	FALSE	0	0.1	balanced	0	other	10	10	0.727272727272727	0.272727272727273	0.818181818181818	0.818181818181818	0.545454545454545	0.181818181818182
SRP165919	mouse	12	20625	526	647	16	0.380590717299578	0.380993897122929	0	0	0.0949943096488464	0.170412744453827	0.0821312019067735	0.172848573775509	0.0949472942330403	0.957439076435838	0.959423817783086	75	435.6	659	106.4	0.175446031872665	0.688808527886795	0.0546655647476321	0.0131578430948506	0.0266666666666667	0.0297706232776724	0.0333839150227618	0.185190793306121	0.294848949504489	0.251209561423542	0.0576714878997872	0.0411338296281775	0.825	0.928819861684111	0.936548888426295	0.0875	TRUE	0.35	0.2	partially_confounded	0.5	lung	20	20	0.952380952380952	0.857142857142857	0.238095238095238	0.285714285714286	0.0952380952380952	0.0952380952380952
SRP166200	human	16	29119	385	949	11	0.574212893553223	0.576744186046512	0.0909090909090909	0.740518962075848	0.702183281232649	0.0862568382821418	0.636487969181106	0.12264860655925	0.702447011459653	0.993559802241023	0.991797669008627	2	39	282	119.2	0.0445605265898266	0.136817348185881	0.223842520606383	0.119390776323236	0	0.0155091808187746	0.0390070921985816	0.0270861794374613	0.0530620811778291	0.0635563940905576	0.0619283161241397	0.0451580715574932	0.973684210526316	0.960771510376773	0.936151406417774		FALSE	0	0.2	balanced	0.083	other	10	10	0.454545454545455	0.181818181818182	0.818181818181818	0.636363636363636	0.818181818181818	0.818181818181818
SRP166762	mouse	14	21239	7674	789	282	0.892928535732134	0.8930515945035	0.786893638807116	0.893457714496133	0.883962757711863	0.0125503735329415	0.858760085069889	0.0507979348620171	0.884794131196239	0.995242532498816	0.994543664081436	527	538.8	330	400.4	0.52596484896743	0.362924784116539	0.324099480813597	0.0998150955175346	0.0455407969639469	0.0491460336793559	0.0242424242424242	0.0309471202327462	0.0868561685877903	0.0810798943160594	0.0351919783419219	0.0326533281974287	0.925	0.945335454019665	0.952575669944091	0.6	FALSE	0	0	balanced	0.111	muscle	10	10	0.818181818181818	0.818181818181818	0.636363636363636	0.727272727272727	0.363636363636364	0.545454545454545
SRP167865	mouse	10	17569	1378	511	1	0.129172714078374	0.129266521423384	0.476129032258065	0.12699564586357	0.145282449232211	0.124973945986021	0.544937664185328	0.263135467165618	0.146534055344484	0.955529028291453	0.978119415087885	1200	1073.85	0	272.2	0.793842495871673	0.720814295818754		0.0857142857142857	0.000833333333333333	0.000636100055198281		0.0323291697281411	0.2045041852562	0.16496941653418	0.0660124143628001	0.103493895931487	0.772727272727273	0.781050254093732	0.804065329597938	0.529166666666667	TRUE	0.5	0.75	partially_confounded	0.4	adipose	20	20	0.19047619047619	0.666666666666667	0.0952380952380952	0.0476190476190476	0.333333333333333	0.428571428571429
SRP167988	mouse	12	18382	3	605	0	0.375	0.375	0	0.25	0.360859180035651	0.236198767738483	0.281666666666667	0.288402368100413	0.360859180035651	0.997885466453983	0.993733066576144	0	0.6	5	6.1		0.133333333333333	0.0962373737373737	0.0983338648117603		0	0	0	0.0109078651363706	0.0165362608114644	0.192010068397535	0.092230266141756	1	0.976470588235294	0.934558823529412		FALSE	0.1	0.2	balanced	0	liver	10	10	0.636363636363636	0.636363636363636	0.454545454545455	0.636363636363636	1	1
SRP168251	human	160	33141	8265	1191	306	0.953516233377261	0.954692556634304	0.989280982777309	0.959779085124265	0.957569211718149	0.00482888447451698	0.965297489018706	0.0187565726121272	0.957641544421585	0.999211838635322	0.999314781241322	306	229.7	82	126.4	0.227005157357061	0.245998767904374	0.0583385276913074	0.11195268921444	0.0555555555555556	0.0361682733613848	0.0853658536585366	0.0456263577110105	0.0296208797668823	0.0285503557906246	0.542597659021287	0.0457250445798206	0.951219512195122	0.964926516572858	0.982371794871795		FALSE	0	0	mildly_imbalanced	0.206	liver	10	10	0.363636363636364	0.181818181818182	0.272727272727273	0.363636363636364	0.272727272727273	0.454545454545455
SRP168527	mouse	24	20145	1	685	0	0.5	0.5	0	1	0.725	0.44798933519052	0.5	0.52704627669473	0.725	0.996992097647363	0.999372624189338	0	0.2	1	0.3		0.0588235294117647	0	0		0	0	0	0.0161604709036087	0.00602213234569945	0.0631360000981841	0.423559597233472	0.5	0.776666666666667	0.58	0.6	FALSE	0	0.4	balanced	0	brain_cns	10	10	0.545454545454545	0.363636363636364	0.454545454545455	0.0909090909090909	0.454545454545455	0.0909090909090909
SRP168573	mouse	10	16576	3607	620	5	0.795962902345881	0.797918948521358	0.790786948176583	0.76567481402763	0.799217154949672	0.0237747918617779	0.769212399290005	0.0612348545422511	0.801322825205033	0.99330938108897	0.990167225697915	689	645.3	59	97.5	0.677181467108531	0.579948288406646	0.204161728911112	0.0719569781981246	0.00145137880986938	0.00375154828332425	0.152542372881356	0.0910157252095799	0.0704958194028023	0.0699972393997565	0.030280519145984	0.015710211843224		0	0					mildly_imbalanced	0.2	heart	10	10	0.545454545454545	0.545454545454545	1	0.818181818181818		
SRP168748	mouse	12	19309	180	647	4	0.590425531914894	0.598901098901099	0.1	0.311111111111111	0.395239419273575	0.148185384883793	0.348652217156981	0.176792135746316	0.399086068069525	0.998606336237303	0.980982372267571	69	52.1	8	171.3	0.269316023227775	0.176685551660537	0.0129226295066682	0.0880279281827594	0.0289855072463768	0.0255395008178337	0.25	0.0283190261887056	0.00781116094402149	0.0298498812192431	0.0283181774034766	0.0257294917770482	1	0.94453781512605	0.923680318974437	0	FALSE	0.1	0.2	balanced	0	blood_immune	10	10	1	0.818181818181818	0.727272727272727	0.727272727272727	1	1
SRP169610	human	10	22336	9350	692	267	0.773627075351213	0.774147571538209	0.858604381816427	0.81626198734952	0.799830592807684	0.0265133132819043	0.813595590888866	0.0320421960115141	0.799868461714157	0.99629194159295	0.995532404763107	2081	1784.3	46	107.9	0.722455274624492	0.621169591965534	0.401046025104603	0.224333998753697	0.0283517539644402	0.0269248871785189	0.173913043478261	0.0944935341386834	0.0662889699299649	0.0742681578440638	0.2531671108563	0.130892604300742	0.8125	0.822505760368664	0.85227705239802	0.4	FALSE	0	0	mildly_imbalanced	0.2	blood	10	10	0.363636363636364	0.454545454545455	0.909090909090909	0.727272727272727	0.545454545454545	0.545454545454545
SRP170629	human	37	25201	4948	933	219	0.644425793817317	0.641534198629138	0.831281954175346	0	0.458688320513109	0.259635707446845	0.836194131838613	0.119555640615547	0.458702756302334	0.977373341037675	0.982621302198876	341	2330.45	2201	517.6	0.132333034586447	0.335464354211679	0.0994577721490321	0.0320986077936995	0.032258064516129	0.0472678289126257	0.0331667423898228	0.0270481781787481	0.245445956624427	0.182902345798823	0.0733229709580593	0.0438271702889033	0.894736842105263	0.925404858299595	0.969905533063428	0.253214285714286	TRUE	0.25	0.05	partially_confounded	0.372	other	20	20	0.0952380952380952	0.619047619047619	0.0952380952380952	0.142857142857143	0.0952380952380952	0.238095238095238
SRP170677	mouse	29	22385	8931	850	336	0.907870465259274	0.906848149723522	0.932742382271468	0.95775430794886	0.943779394293363	0.0367190506960396	0.916565759830569	0.0407929502540194	0.943573335556583	0.998116614985369	0.999237758304104	72	199.1	827	337.7	0.179156121482994	0.25583911922324	0.204791658625248	0.107223910507008	0.0694444444444445	0.0428021373538739	0.0217654171704958	0.0327006612332634	0.0186742930273638	0.0116524590972158	0.025259126941309	0.13793916116421	0.948717948717949	0.976788124156545	0.969230769230769	0.3	FALSE	0	0	balanced	0.033	lung	10	10	0.363636363636364	0.181818181818182	0.272727272727273	0.181818181818182	0.454545454545455	0.181818181818182
SRP171158	mouse	14	20109	2	697	0	0	0	0	0	0.125	0.319333186829253	0.345	0.460520300712597	0.125	0.904099130076963	0.90680946592721	2	1.75	0	0.05	0.875	0.764550264550265		0	0	0		0	0.384400112615162	0.404725777815029	0.0845206027648898	0.0396747663496929	0.333333333333333	0.515182611506141	0.709095695970696	0.413472222222222	TRUE	0.75	0.15	partially_confounded	0.458	lung	20	20	0.619047619047619	0.857142857142857	0.0476190476190476	0.238095238095238	0.0476190476190476	0.238095238095238
SRP172565	mouse	21	23855	201	986	17	0.466019417475728	0.497354497354497	0.729257641921397	0.368159203980099	0.426329168064063	0.0465183052215518	0.640841607123368	0.1415044270648	0.456380887366625	0.961704956275648	0.979186279741903	105	105.5	5	21.6	0.707279784823802	0.658987469514583	0.0205917159763314	0.0153680916713395	0.142857142857143	0.14894439408044	0	0.0218181818181818	0.241995561761866	0.193748341653919	0.106726085600405	0.117460889265599	0.619047619047619	0.618554115771507	0.775158088288523	0.35655303030303	FALSE	0.9	0.2	mildly_imbalanced	0.2	brain_cns	10	10	0.181818181818182	0.818181818181818	0.0909090909090909	0.0909090909090909	0.0909090909090909	0.454545454545455
SRP172733	mouse	44	12367	586	260	0	0.865116279069767	0.865116279069767	0.915	0.862354892205639	0.839392481986355	0.0395142857389259	0.806324176340374	0.118297054817609	0.839519214243839	0.993720207512088	0.993712339603556	28	64.8	59	34.9	0.239580037588768	0.319903207983133	0.0781220249738625	0.0667946587215179	0	0	0	0.00212765957446809	0.0732141523292997	0.0707181017733328	0.0360061394160226	0.0436867207899188	0.9	0.651616161616162	0.685858585858586	0	FALSE	0.6	0.5	balanced	0.091	liver	10	10	0.545454545454545	0.727272727272727	0.363636363636364	0.363636363636364	1	1
SRP173297	mouse	24	22102	4527	798	186	0.963985335346129	0.963579136690647	0.899182561307902	0.968880122726276	0.96879122810996	0.00265560525869014	0.867422643109024	0.0961541084653102	0.968554109434105	0.999523749715154	0.999800025889562	57	95	110	47.8	0.338015161883387	0.409710320479387	0.0689251208000128	0.0494983803129939	0.0350877192982456	0.0350220036394931	0.0272727272727273	0.0343109351819321	0.00284033838748601	0.00246029093303547	0.49171706538621	0.581222903282283	1	0.98	0.886645962732919		FALSE	0.2	0.3	balanced	0	brain_cns	10	10	0.818181818181818	0.0909090909090909	0.818181818181818	0.0909090909090909	1	1
SRP173466	mouse	23	19882	3687	702	130	0.806388098884271	0.804706947273139	0.881717791411043	0.932150313152401	0.926723550355502	0.0206341919632577	0.739002167208349	0.172254450943056	0.927450788350509	0.997808845226832	0.999435872222385	1	156.8	884	124.6	0.00852581174878314	0.309153093274774	0.0932123607267335	0.0535541928075302	0	0.0544279600772345	0.0248868778280543	0.0393618467120091	0.025291479626571	0.0176558401513037	0.0875461751376305	0.212193007280826	0.942857142857143	0.991176470588235	0.957689075630252		FALSE	0	0	balanced	0.045	heart	10	10	0.636363636363636	0.0909090909090909	0.818181818181818	0.0909090909090909	0.545454545454545	0.0909090909090909
SRP173478	mouse	8	21389	1091	785	29	0.832946635730859	0.833068362480127	0.483642793987622	0.832946635730859	0.857879491273975	0.0132932045110614	0.648092632283022	0.1568762368576	0.859214372569095	0.998301284558418	0.998528799753163	14	97.4	202	66.8	0.119151045893587	0.359116872673897	0.0945142542692042	0.106107182460316	0	0.0395212296503419	0.0297029702970297	0.0219241298396025	0.00681695221804299	0.00627357435431425	0.307368839541427	0.70432488810762	1	0.914304029304029	0.769230769230769		FALSE	0	0	balanced	0	brain_cns	8	10	0.888888888888889	0.0909090909090909	0.777777777777778	0.363636363636364	1	1
SRP173589	mouse	8	21776	10925	692	342	0.956138790035587	0.956441830545856	0.809773900658715	0.958124103299857	0.953975359423557	0.00278235558268402	0.892205238412021	0.0738944204077577	0.9538768105838	0.998641365611364	0.999158863382557	178	362.8	315	146.7	0.306361542112653	0.478969576938076	0.120934343504733	0.158467028683489	0.0168539325842697	0.026642595276993	0.0507936507936508	0.0349618812107363	0.00436358612025046	0.00362040255288599	0.0743102286822172	0.38567455119708	0.923076923076923	0.976923076923077	0.971794871794872	0.3	FALSE	0	0	balanced	0	heart	9	10	0.8	0.818181818181818	0.5	0.0909090909090909	0.3	0.0909090909090909
SRP173645	mouse	8	21734	6933	747	118	0.803408316291752	0.805783400528292	0.810549973558964	0.803408316291752	0.783656120517686	0.0241337223424852	0.800562900998562	0.0126495114386976	0.785624794695976	0.981054377255132	0.985390076653243	1040	1292.5	402	261.3	0.695071095796225	0.598230756846754	0.505210827347699	0.320206704399188	0.0201923076923077	0.0220189533354488	0.0597014925373134	0.0396804009382398	0.154761730104895	0.144274665893907	0.0457638309639923	0.0350892876510977	0.909090909090909	0.894041252864782	0.900305576776165	0.8	FALSE	0	0	mildly_imbalanced	0.25	other	10	10	0.454545454545455	1	0.0909090909090909	0.0909090909090909	0.454545454545455	0.818181818181818
SRP173675	mouse	24	19289	12894	663	419	0.73399465852728	0.754099653106276	0.977649769585253	0.902277736958119	0.851193241562535	0.0468844486624993	0.944064397936484	0.0316650915443594	0.856543581535306	0.984544590446521	0.992104529456367	3275	1697.1	211	257.7	0.39694218456329	0.37151207744003	0.0792975619485922	0.0632538566566841	0.111450381679389	0.0663010082370342	0.00947867298578199	0.038451388226466	0.165750400052198	0.101834361409311	0.241029684493372	0.0943625338218036	0.9	0.952579603895393	0.966781558886822	0.166666666666667	FALSE	0	0	partially_confounded	0.5	muscle	20	20	0.0476190476190476	0.0476190476190476	0.0476190476190476	0.0952380952380952	0.0476190476190476	0.0952380952380952
SRP173803	mouse	14	22675	3127	879	82	0.620535714285714	0.62278978388998	0.737610215871086	0.646241313960834	0.669363323695455	0.0597481384220904	0.841902787053614	0.0923199717865341	0.670856091262128	0.97504149816104	0.970717164438908	1181	818.3	9	347	0.549997908292294	0.426365184976838	0.00335589477977065	0.0297043272935207	0.0321761219305673	0.0293145058105987	0	0.0367106695692317	0.197340339009352	0.252101584177196	0.375491021367041	0.0943037541840383	0.828571428571429	0.879704664960083	0.940623885918004	0.36202380952381	FALSE	0.55	0.15	partially_confounded	0.467	skin	20	20	0.0952380952380952	0.142857142857143	0.0952380952380952	0.523809523809524	0.0476190476190476	0.285714285714286
SRP173808	mouse	8	22136	4	889	1	0.5	0.333333333333333	0.6	0.5	0.533571428571429	0.118859374979041	0.508333333333333	0.119992283702529	0.413333333333333	0.976246565652408	0.974152393698984	2	1.4	0	1	0.7	0.555555555555556		0.0512820512820513	0	0		0	0.211698156081042	0.213063130779933	0.122161535955262	0.0793939031491186	0.555555555555556	0.575649909086442	0.643705118411001	0.348333333333333	FALSE	0.2	0.5	mildly_imbalanced	0.25	brain_cns	10	10	0.727272727272727	0.636363636363636	0.454545454545455	0.545454545454545	0.454545454545455	0.454545454545455
SRP173842	human	35	18697	30	621	0	0.363636363636364	0.363636363636364	0.878787878787879	0.5	0.0513370118845501	0.112597615925535	0.347291381668947	0.276635356117461	0.0517211517644512	0.942325345425279	0.964614512518524	18	26.1	3	12.3	0.550772946859904	0.747777777777778	0.00245901639344262	0.000482160077145612	0	0	0	0.0122950819672131	0.340568046356653	0.261689421221541	0.148968513495099	0.0440195216592806	0.8	0.824576923076923	0.909948717948718	0.16265873015873	FALSE	0.5	0.7	mildly_imbalanced	0.222	blood	10	10	0.636363636363636	1	0.181818181818182	0.181818181818182	0.181818181818182	0.454545454545455
SRP174208	mouse	37	15640	1180	537	47	0.920161290322581	0.921140939597315	0.8712715855573	0.947674418604651	0.931431390734619	0.0118579678261233	0.893449522183791	0.042713036869965	0.931001280460043	0.995356795148751	0.995900042367241	39	42.9	60	41	0.186337474925376	0.233719613104697	0.120333378977895	0.108767739122325	0.102564102564103	0.0376011894371793	0.0166666666666667	0.0302227170977171	0.0334591503702958	0.0299369528656746	0.0402429802976966	0.0394801055962335	0.956521739130435	0.96195652173913	0.945231884057971	0.3	FALSE	0	0	balanced	0.018	brain_cns	10	10	0.727272727272727	0.272727272727273	0.727272727272727	0.272727272727273	0.636363636363636	0.545454545454545
SRP174223	human	90	23625	1	880	1	1		0	0	0.592424242424242	0.454570706369287	0.695	0.337021265402249		0.990557699084975	0.994418519394235	0	0.2	0	1.3		0.0588235294117647		0.0333333333333333		1		0.0333333333333333	0.113426122954564	0.0903718846400403	0.462550192869999	0.0551366572267368	0.944444444444444	0.92509829156888	0.935846518787695		FALSE	0.1	0	balanced	0.118	blood	10	10	1	1	0.0909090909090909	0.0909090909090909	0.727272727272727	0.818181818181818
SRP174529	mouse	19	17851	4741	581	159	0.802012072434608	0.801541024573094	0.932757557063541	0.838772338772339	0.817239067547477	0.022944214752067	0.816166498916198	0.120620179456304	0.81679047573999	0.987816005495642	0.989503945738124	755	666.7	229	242.5	0.420565946955262	0.382904823881182	0.0700577994423071	0.0732067357194665	0.0291390728476821	0.0330215382120088	0.0393013100436681	0.0217546284215869	0.105272985396652	0.110437297251521	0.0396950269590787	0.036313227647231	1	0.972643678160919	0.972413793103448		FALSE	0	0	mildly_imbalanced	0.233	other	10	10	0.454545454545455	0.363636363636364	0.272727272727273	0.272727272727273	1	1
SRP174668	human	54	29564	20054	1069	752	0.9751280535855	0.975230296827021	0.902182461659457	0.940436796823296	0.969848136089292	0.0130958210594682	0.970318243515836	0.0125915031091815	0.969864512239471	0.999186292473144	0.998771569323252	255	262.8	250	356.7	0.240831185789925	0.225871091335419	0.118004293617441	0.112312393160368	0.0352941176470588	0.0368653449793871	0.048	0.0390205566240404	0.0209127042563044	0.0203629795343462	0.15834977822313	0.0436142702921795	0.976190476190476	0.973228803716609	0.99274099883856		FALSE	0	0	balanced	0.083	liver	10	10	0.727272727272727	0.636363636363636	0.636363636363636	0.272727272727273	0.363636363636364	0.636363636363636
SRP175005	human	41	20492	3594	656	119	0.539260047910567	0.538673272777319	0.857379767827529	0.464422550629447	0.463668755032001	0.181585293094433	0.903174911985945	0.0505301914851085	0.462923652993767	0.954977785849142	0.953624646819433	1568	1676.5	163	409.35	0.431321409872592	0.400611995863561	0.0262773249120711	0.0309275302577825	0.0318877551020408	0.0331493580352402	0.0306748466257669	0.0292166618210803	0.271449786052256	0.300158664255632	0.309080511154622	0.0453794538475623	0.666666666666667	0.758556200841542	0.937819782605124	0.239846542346542	TRUE	0.5	0.6	partially_confounded	0.426	blood	20	20	0.0476190476190476	0.523809523809524	0.0476190476190476	0.285714285714286	0.0476190476190476	0.238095238095238
SRP175109	mouse	11	21468	4	781	0	0.5	0.5	0.5	0.75	0.707142857142857	0.223860176638917	0.35	0.174801474695025	0.707142857142857	0.996530966623138	0.994243812321201	2	1	0	0.3	0.416666666666667	0.353174603174603		0	0	0		0	0.0524488224517588	0.0821894829727011	0.162036148546575	0.214292876878922	0.6	0.692698412698413	0.443195970695971	0.35	FALSE	0	0.5	balanced	0.067	brain_cns	10	10	0.909090909090909	0.272727272727273	0.818181818181818	1	0.727272727272727	0.363636363636364
SRP176418	mouse	10	21644	3081	778	140	0.284231018818949	0.280081577158396	0.744257703081233	0.674868675698092	0.506954777292066	0.183714508302964	0.450765806863033	0.213400853794459	0.503427257666479	0.99474458338921	0.992272896088746	2205	1275.8	1	479.3	0.548679855910971	0.388957471808467	2.72034820457019e-05	0.01792966272758	0.0399092970521542	0.0341998189567538	0	0.0369435499511708	0.0877672902076693	0.119608904244254	0.458235764634084	0.295426564825453	1	0.796428571428572	0.765728715728716		FALSE	0	0	mildly_imbalanced	0.25	brain_cns	10	10	0.272727272727273	0.272727272727273	0.727272727272727	0.727272727272727	1	1
SRP178051	mouse	15	21445	5121	724	123	0.812788293303643	0.814470031030541	0.867884204390907	0.905165912518854	0.828101908010444	0.0539666721798072	0.685619962537129	0.164392596823742	0.830147689963358	0.997963035453824	0.999172648738351	11	652.9	1166	306.1	0.0281574968483089	0.409758148839193	0.0832496906991834	0.0316249704253705	0	0.0309643663385836	0.0351629502572899	0.0228722572965139	0.0263976622143578	0.0190207466838493	0.242676304333025	0.224459740945398	0.866666666666667	0.955686274509804	0.835921052631579	0.25	FALSE	0.1	0.3	balanced	0.054	brain_cns	10	10	0.909090909090909	0.363636363636364	0.727272727272727	0.181818181818182	0.727272727272727	0.181818181818182
SRP178267	mouse	8	21461	244	857	5	0.741935483870968	0.748971193415638	0.834008097165992	0.721774193548387	0.782011577740845	0.0835757626561859	0.641315186040841	0.195091177247502	0.78667985828314	0.999079678477245	0.998344823675813	60	48.5	4	5.6	0.556450161750185	0.47242458816985	0.0277777777777778	0.0837305676779361	0.05	0.0400262907801218	0	0.0652557319223986	0.004125693522997	0.0116878209604712	0.222671088768409	0.408725725103141	0.444444444444444	0.685238095238095	0.555649350649351		FALSE	0.5	0.6	balanced	0	other	10	10	0.727272727272727	0.454545454545455	0.909090909090909	0.909090909090909	0.545454545454545	0.0909090909090909
SRP178890	mouse	14	21093	50	862	0	0.5	0.5	0.653846153846154	0.725490196078431	0.739220235081011	0.0563824448048967	0.640165261424973	0.0715968931292326	0.739220235081011	0.993386586731612	0.997513158678595	0	10.4	50	3.5	0	0.459045723702587	0.0444100888218535	0.0641109507776174		0	0	0	0.0118789296252625	0.0135259310072087	0.0469497059139313	0.122803969501865	1	0.985930735930736	0.938339920948617		FALSE	0.1	0.3	balanced	0	kidney	10	10	0.0909090909090909	0.0909090909090909	0.454545454545455	0.0909090909090909	1	1
SRP181809	mouse	45	18811	92	764	14	0.822916666666667	0.804878048780488	0.918367346938776	0.808510638297872	0.836484431362644	0.035324649471817	0.89144505895286	0.0354776744292446	0.817893603592641	0.961099919242242	0.973145015749958	13	12.1	4	3.5	0.463371295886776	0.417993874031026	0.0142857142857143	0.0846657046657047	0.0769230769230769	0.0577777777777778	0	0.00909090909090909	0.333174076827166	0.22574788402727	0.275120485331052	0.0547128097249313	0.705882352941177	0.607410990712074	0.705416666666667	0.323293650793651	FALSE	0.1	0	mildly_imbalanced	0.196	blood_immune	10	10	0.181818181818182	0.454545454545455	0.181818181818182	0.181818181818182	0.454545454545455	0.909090909090909
SRP181886	human	289	27404	14964	1024	553	0.988295973021226	0.989209621993127	0.975765645805593	0.994997331910352	0.993399952813565	0.00139737696857433	0.986151899710711	0.00811257412323858	0.99334030157238	0.999751815849109	0.999973084723607	18	50.6	159	48.5	0.0952587038609109	0.213250913067349	0.146429353836962	0.13291072639153	0	0.0174028884649185	0.125786163522013	0.0361828899361324	0.00884645656201109	0.00524857028855374	0.742853675984054	0.195562226003602	1	0.970215053763441	0.973548387096774		FALSE	0	0	balanced	0.024	other	10	10	0.636363636363636	0.0909090909090909	0.181818181818182	0.0909090909090909	1	1
SRP181939	mouse	10	22292	9	866	0	0.111111111111111	0.111111111111111	0.333333333333333	0.555555555555556	0.236923076923077	0.160753758167104	0.431653346653347	0.281884763406618	0.23790346907994	0.966475177483596	0.95375438649839	8	6.55	0	0.8	0.81875	0.708489974937343		0.0181521093285799	0	0		0.0222222222222222	0.261834806382913	0.292150752585359	0.353351132060456	0.0944170979244212	0.8	0.790234382989801	0.841345516345516	0.387593101343101	TRUE	0.8	0.6	partially_confounded	0.4	gut	20	20	0.285714285714286	0.523809523809524	0.285714285714286	0.761904761904762	0.380952380952381	0.476190476190476
SRP182089	mouse	24	19378	6964	740	253	0.940215887074453	0.940948275862069	0.769898305084746	0.957025728018094	0.954755848943706	0.00346099360414656	0.921746264285294	0.0321292933022035	0.954888337704132	0.99737595005256	0.998328122527204	170	179.2	262	142.4	0.270082617940644	0.30002011404283	0.138570556115286	0.134999344314546	0.0470588235294118	0.0407551811789337	0.049618320610687	0.0365298848252714	0.015706687355211	0.0107762247180539	0.0423826441256359	0.0892193336277529	0.869565217391304	0.921767363071711	0.923157820440429	0.516666666666667	FALSE	0	0	balanced	0	brain_cns	10	10	0.727272727272727	0.0909090909090909	0.727272727272727	0.0909090909090909	0.272727272727273	0.454545454545455
SRP182095	mouse	8	20013	2	637	0	0	0	0	0	0.0215104590223186	0.0278596894101801	0.0461207583193677	0.122327887314617	0.0218667224041069	0.784022392621066	0.841759182237079	2	0.95	0	223.7	0.475	0.279220779220779		0.124531568034393	0	0		0.0965104424973825	0.547192960479275	0.595757710726681	0.268353627780507	0.103531582909931	0.357142857142857	0.413888888888889	0.627092352092352	0.2125	FALSE	0.45	0.4	partially_confounded	0.5	other	20	20	0.619047619047619	0.428571428571429	0.0952380952380952	0.19047619047619	0.142857142857143	0.476190476190476
SRP182096	human	48	22845	2673	849	170	0.750836742283377	0.74900714853058	0.87147102526003	0.86037037037037	0.863654092621795	0.0651292756899544	0.881580890548314	0.0790044371620413	0.862594383160539	0.992637153546404	0.995079784358841	654	253.3	16	125.9	0.294592618888826	0.211815391581592	0.0288414641852583	0.0710290307662962	0.0565749235474006	0.0620744352170628	0.0625	0.0395882874512892	0.11104836547707	0.0968131126323229	0.297608382529121	0.113411153874912	0.923076923076923	0.943461538461538	0.956282051282051		FALSE	0.1	0.2	mildly_imbalanced	0.156	blood	10	10	0.181818181818182	0.181818181818182	0.272727272727273	0.181818181818182	0.545454545454545	0.363636363636364
SRP183071	human	380	24058	11954	920	377	0.950122249388753	0.952653748946925	0.96958174904943	0.965411920092455	0.966115880627971	0.00383987118410273	0.988088232150023	0.00986283995488303	0.966792814508998	0.998485585207363	0.999429908431712	296	238.6	316	172.4	0.178600890605785	0.226082864139592	0.120997489622175	0.137454266122084	0.0912162162162162	0.0551449435635476	0.0727848101265823	0.0437602597989249	0.0456849906005339	0.0311182763164451	0.647234042247362	0.0619518590291154	0.928571428571429	0.967195767195767	0.992592592592593		FALSE	0	0	balanced	0.113	other	10	10	0.0909090909090909	0.0909090909090909	0.0909090909090909	0.0909090909090909	0.0909090909090909	0.272727272727273
SRP183186	human	59	21447	11742	708	366	0.979460738737216	0.981036441492616	0.988234298290164	0.985849855956618	0.979691092927797	0.00570924198668065	0.976233939046526	0.0207018504880327	0.979621729225621	0.999197956701793	0.999676401367067	154	107.4	89	134.2	0.279296532232685	0.26382276310459	0.0854501583326946	0.124273036405337	0.025974025974026	0.0326692246601778	0.247191011235955	0.0241711888595982	0.0146690418211976	0.015763738767493	0.962532553511227	0.121647874320046	0.966666666666667	0.923876106894371	0.943333333333333	0	FALSE	0	0	balanced	0.058	blood	10	10	0.363636363636364	0.363636363636364	0.272727272727273	0.0909090909090909	0.818181818181818	0.909090909090909
SRP185546	mouse	22	18164	9	628	0	0.75	0.818181818181818	0.818181818181818	0.9	0.91959595959596	0.140551481337744	0.913484848484848	0.125530097291395	0.91959595959596	0.97856341239097	0.981258084593592	0	0.2	3	0.8		0	0.0375	0.00840336134453782		0	0.333333333333333	0	0.141701916274267	0.140720079991402	0.0966339022609056	0.0469991210341403	0.333333333333333	0.783333333333333	0.635	0.2	FALSE	0	0.1	balanced	0.133	blood_immune	10	10	0.272727272727273	0.181818181818182	0.454545454545455	0.272727272727273	0.363636363636364	0.272727272727273
SRP185578	mouse	8	21200	138	863	2	0.609271523178808	0.604026845637584	0.751677852348993	0.395973154362416	0.360376717902841	0.131933633162669	0.559845841813926	0.227435203024586	0.363495761704302	0.894447434908552	0.924270580977957	46	85.5	13	5.75	0.502815118659533	0.682081819200762	0.0722222222222222	0.01771290650601	0	0.01915585098043	0	0.0165617211071757	0.40704428576273	0.384140555610819	0.280230905177089	0.154595410022876	0.555555555555556	0.724741436925647	0.849102339181287	0.326428571428571	FALSE	0.05	0.05	partially_confounded	0.5	heart	20	20	0.476190476190476	1	0.0952380952380952	0.142857142857143	0.0952380952380952	0.0952380952380952
SRP185583	mouse	31	28886	160	1350	3	0.567415730337079	0.571428571428571	0.813664596273292	0.562874251497006	0.526998539756736	0.077277026488478	0.790312188862514	0.107894430567395	0.535059484706176	0.936808996599458	0.947547561274299	59	59.65	18	32.2	0.49095262944259	0.466426779388786	0.0248184681099955	0.034956772397379	0.0338983050847458	0.0377683150602427	0	0.0271102702439159	0.346277210541434	0.30675675572874	0.0865548916764101	0.0717386849067875	0.7	0.651249307538007	0.855703259373925	0.214305555555556	FALSE	0.05	0	partially_confounded	0.423	adipose	20	20	0.0952380952380952	0.666666666666667	0.0476190476190476	0.19047619047619	0.0476190476190476	0.761904761904762
SRP185733	mouse	18	17513	2894	551	32	0.579073756432247	0.583477959041999	0.913920645595158	0.738541987080898	0.651897250467841	0.052690054654232	0.806265796018409	0.093694385926103	0.656572676525654	0.952339362399364	0.96365621321423	1206	890.8	21	171.8	0.583335608924068	0.509163472343355	0.0194921867790791	0.0399169883546517	0.0207296849087894	0.0225484691604202	0.0952380952380952	0.0601167997505611	0.233163733072746	0.208227165468185	0.0766634785583599	0.0824038470514157	0.666666666666667	0.770793650793651	0.935	0.425	TRUE	0.55	0.3	partially_confounded	0.425	reproductive	20	20	0.0952380952380952	0.142857142857143	0.0952380952380952	0.333333333333333	0.0952380952380952	0.333333333333333
SRP185884	mouse	16	21018	30	730	1	0.90625	0.933333333333333	0.733333333333333	0.967741935483871	0.949786866359447	0.0351369739308181	0.85263045540797	0.079525761552017	0.951486182904753	0.998995465350762	0.998867513388279	1	0.6	2	1	0.45	0.228571428571429	0.0666666666666667	0.0114285714285714	0	0	0.5	0.2	0.00832799325509555	0.0101332071129215	0.0537791906958073	0.238287372511497	0.826086956521739	0.852355072463768	0.717609409580924	0.391904761904762	FALSE	0	0.3	balanced	0	brain_cns	10	10	0.818181818181818	0.181818181818182	0.909090909090909	0.545454545454545	0.818181818181818	0.636363636363636
SRP185902	human	30	22009	4893	774	185	0.851230824117017	0.851893095768374	0.838571149716963	0.910669007216696	0.888263292347479	0.0297865082193777	0.887872994681106	0.08715258601165	0.88673699360656	0.994619616622353	0.997449512074638	121	325.4	713	257.3	0.225800448203654	0.309490944231042	0.143093994648459	0.0620191744783604	0.0247933884297521	0.0183697198641835	0.0462833099579243	0.0260138621748221	0.0926406714357652	0.0691654575862597	0.18290693848505	0.0959468635860127	0.875	0.923676075268817	0.925675277442355	0.333333333333333	FALSE	0.1	0.2	balanced	0.133	heart	10	10	0.272727272727273	0.272727272727273	0.363636363636364	0.0909090909090909	0.181818181818182	0.272727272727273
SRP186066	mouse	8	21091	355	789	13	0.788203753351206	0.793871866295265	0.392624728850325	0.648351648351648	0.730521794231961	0.0477464904996668	0.543426784032853	0.219514648038047	0.730876754876648	0.998449387322643	0.998626956786264	61	72.1	18	33.2	0.599495929321126	0.478285840939353	0.339747349559504	0.166989285501035	0.0655737704918033	0.0409450823342853	0.0555555555555556	0.0303500986193294	0.00792890926201049	0.00765515144449073	0.598612355643801	0.564481983127803	0.842105263157895	0.905730994152047	0.63734691699862		FALSE	0.1	0.4	balanced	0	other	10	10	1	1	0.636363636363636	0.454545454545455	0.727272727272727	0.545454545454545
SRP186138	human	36	23814	7944	760	233	0.883943527159608	0.885636655551439	0.976784822765851	0.911871813546977	0.918350188960775	0.00642139408835022	0.941451579556769	0.0378496824818162	0.918248877650941	0.99334692199674	0.997199877889808	556	385.7	414	286.5	0.213428911407708	0.280826584146359	0.0538113493706938	0.115934919729936	0.0287769784172662	0.0236574856775087	0.0676328502415459	0.0339203898715724	0.102841888979002	0.0690836370787262	0.413353294147133	0.0751307026479591	0.911764705882353	0.904723707664884	0.930659536541889	0.0958333333333333	FALSE	0	0	mildly_imbalanced	0.196	muscle	10	10	0.272727272727273	0.0909090909090909	0.181818181818182	0.0909090909090909	0.545454545454545	0.545454545454545
SRP186205	human	20	22287	1380	752	38	0.877707896575821	0.881844380403458	0.775790921595598	0.872101194659171	0.871775415904119	0.0150285498985004	0.7632625872049	0.191281953555796	0.872785146907138	0.996851770755988	0.996780058713402	124	76.3	51	116.3	0.341122497758425	0.261407356978978	0.068368806061158	0.107843485274779	0.0483870967741936	0.0303897644064029	0.0980392156862745	0.0357693147635628	0.0323097393761228	0.0365604286580252	0.0684836988763858	0.072566318203719	0.923076923076923	0.923054131054131	0.899515473032714	0.45	FALSE	0	0.1	balanced	0.055	other	10	10	0.727272727272727	0.636363636363636	0.818181818181818	0.636363636363636	0.818181818181818	0.727272727272727
SRP186214	mouse	16	23366	2939	793	114	0.737308868501529	0.737527804258024	0.684971951579569	0.686269803168507	0.685434812998734	0.0963869469310504	0.762906814545269	0.102411457439396	0.684831390431647	0.978950270574934	0.98737800572212	528	654.4	331	387.7	0.302816400540653	0.29317580937391	0.0624737825527618	0.0559654569502056	0.0454545454545455	0.0374678263698103	0.027190332326284	0.0202921545480199	0.224836451727	0.170376485755863	0.0524567356028196	0.037190972141252	0.970588235294118	0.9153081232493	0.932261084614026	0.383333333333333	FALSE	0	0	mildly_imbalanced	0.25	lung	10	10	0.454545454545455	0.636363636363636	0.0909090909090909	0.181818181818182	0.909090909090909	1
SRP186363	mouse	11	21270	2892	306	2	0.704583472733356	0.705428954423593	0.68976580044915	0.669254134323321	0.687410961151952	0.0145573096315748	0.67192504363478	0.0793056167416115	0.688031955137034	0.978269015038388	0.974660484876811	786	819	97	123.3	0.802553471662033	0.77287264783795	0.303397653291548	0.209739456961139	0.00127226463104326	0.00155982370715313	0.0309278350515464	0.0198709431080565	0.142636966795554	0.163619725524284	0.334608635863297	0.209895889694792	1	0.8075	0.879166666666667		FALSE	0.1	0	mildly_imbalanced	0.2	other	10	10	0.727272727272727	1	0.545454545454545	0.727272727272727	1	1
SRP186450	human	30	19062	9280	663	337	0.854708895160447	0.854632241267086	0.981386392811297	0.846552081176227	0.863673076513873	0.0170244140865702	0.930579346821631	0.0392937361388696	0.86340317188084	0.990027336382555	0.989921808315312	1103	843.7	287	488.2	0.29027810537084	0.298838884033622	0.0731955444401304	0.128278874736562	0.0344514959202176	0.033873013832998	0.0418118466898955	0.0336913056470903	0.120273788074607	0.140246485109513	0.189667290003393	0.0458177905886665	0.814814814814815	0.821063674511951	0.91984126984127	0.426388888888889	TRUE	0.1	0.2	mildly_imbalanced	0.25	liver	10	10	0.181818181818182	0.363636363636364	0.181818181818182	0.363636363636364	0.181818181818182	0.454545454545455
SRP186486	mouse	8	17969	4639	549	142	0.354949538329397	0.35533894550288	0.813987171529071	0.487757100881489	0.408301771666644	0.0495293013813797	0.784007909267141	0.152813384282096	0.408656701206943	0.925628507480774	0.910717625704835	2986	2687.2	18	123.55	0.820925310903052	0.759862931583837	0.355333333333333	0.230862390350877	0.0311453449430677	0.0313611298297101	0.0555555555555556	0.0381885711778468	0.378273894147538	0.460324538524107	0.111612021622813	0.0602575141130139	0.851851851851852	0.808620689655172	0.891668294668295	0.525	FALSE	0.2	0	partially_confounded	0.75	blood_immune	20	20	0.0952380952380952	0.380952380952381	0.19047619047619	1	0.380952380952381	1
SRP186882	human	18	25071	6908	831	188	0.922686945500634	0.922787193973635	0.915829145728643	0.915177304964539	0.908390290363618	0.0172940394174423	0.863529019279094	0.071995287879985	0.908697209171562	0.998099402107874	0.997515496288656	356	380.1	193	281.8	0.33623408695468	0.353317219152879	0.0584569769191314	0.10528457705439	0.0168539325842697	0.0230761826472157	0.0518134715025907	0.0485428759555291	0.0286358999069223	0.0348769909082124	0.573636709341259	0.112509614180889	0.972972972972973	0.948862019914652	0.922275282801598	0.233333333333333	FALSE	0	0	balanced	0.083	other	10	10	1	0.909090909090909	0.909090909090909	0.818181818181818	0.909090909090909	0.909090909090909
SRP187088	human	19	23926	3664	798	126	0.658113730929265	0.660662824207493	0.842034805890228	0.6875	0.441479130738704	0.231801364790649	0.673533222177709	0.228161372230791	0.440861117710301	0.97111136887885	0.987928209597543	817	1938.15	662	150.8	0.305800184145563	0.495584734135505	0.0293937280148943	0.0238954276949867	0.0367197062423501	0.0317464222673263	0.054380664652568	0.0495233080201346	0.222497829272161	0.151803734964557	0.0880421312852434	0.0457205013289284	0.714285714285714	0.879156580071158	0.919830251205043	0.220833333333333	FALSE	0	0	partially_confounded	0.417	blood	20	20	0.380952380952381	0.714285714285714	0.0952380952380952	0.0476190476190476	0.0476190476190476	0.0476190476190476
SRP187855	mouse	46	21045	56	581	0	0.59016393442623	0.59016393442623	0.517857142857143	0.758620689655172	0.742254830624949	0.105516554552624	0.75845324518192	0.126418432983375	0.742254830624949	0.956141637822653	0.991338267911416	20	13.6	5	1.1	0.418125497690715	0.465423250073577	0.04	0	0	0	0	0	0.29772506052376	0.119058033240158	0.149656352690582	0.0773612973589026	0.458333333333333	0.646078431372549	0.806483516483517	0.253333333333333	FALSE	0	0	mildly_imbalanced	0.154	brain_cns	10	10	0.272727272727273	0.272727272727273	0.0909090909090909	0.0909090909090909	0.0909090909090909	0.0909090909090909
SRP188422	human	23	30476	1	1022	0	1	1	0	1	0.6	0.516397779494322	0.139285714285714	0.314272185856021	0.6	0.993217538841006	0.996225730179334	0	0.4	0	0.1		0.2		0		0		0	0.0764797530756513	0.0363588527884416	0.148820133794997	0.14120686178283	1	0.921640316205534	0.740317798143885		TRUE	0.2	0.4	balanced	0.033	brain	10	10	1	1	0.909090909090909	0.0909090909090909	1	1
SRP188706	mouse	8	17421	19	611	0	0.263157894736842	0.263157894736842	0.483870967741936	0.263157894736842	0.175683314238462	0.129003477267998	0.132671392503399	0.1662690519983	0.176700553269694	0.991289697929476	0.986503962346416	14	7.8	0	61.9	0.404761904761905	0.228571428571429		0.0768327129871476	0	0		0.0136978639930253	0.0185329796337614	0.041876669700213	0.0270112908434571	0.136803106704353	1	0.968346774193548	0.904847110215054		FALSE	0	0.25	balanced	0	blood_immune	8	10	0.888888888888889	0.727272727272727	1	1	1	1
SRP188927	mouse	8	20271	1	753	0	1	1	1	1	0.715	0.398605023691725	0.908333333333333	0.232423036371736	0.84	0.916035272231615	0.800000070110876	0	0	0	1.55				0.0803571428571429				0.428571428571429	0.628784501566583	0.680531409728563	0.108178871631436	0.0607109524571311	0.72	0.594228911048384	0.779168237892376	0.341373626373626	FALSE	0.6	0.25	partially_confounded	0.5	brain_cns	20	20	1	1	0.476190476190476	1	0.476190476190476	1
SRP188973	human	14	21035	165	677	10	0.589595375722543	0.588957055214724	0.16969696969697	0.526315789473684	0.503072775934458	0.0665185296101162	0.513490158002901	0.195327664967869	0.499883826875928	0.987950779061553	0.986823724495341	63	77.5	8	7.8	0.603873184999113	0.660233481848985	0.0704682115270351	0.0518974544421837	0.0634920634920635	0.0530498667331883	0	0.00555555555555556	0.131852197370107	0.15356934498566	0.428016558280689	0.0869540933251098	0.916666666666667	0.900601503759398	0.90600229835524	0.166666666666667	FALSE	0	0.1	mildly_imbalanced	0.208	blood	10	10	0.636363636363636	0.909090909090909	0.727272727272727	0.636363636363636	0.636363636363636	0.818181818181818
SRP189204	human	19	22231	27	726	5	0	0	0	0	0.00224441970886172	0.00768513461038857	0.342876286529938	0.254696219167469	0.00210510192682643	0.55368051744421	0.795559302513433	27	25	0	123.9	0.925925925925926	0.854385964912281		0.000188184041993239	0.185185185185185	0.183333333333333		0.0185008813328026	0.981113167400961	0.675516087738974	0.081713343408094	0.0391020299894303	0.259259259259259	0.545342883379503	0.89797569905155	0.301188811188811	TRUE	0.4	0	partially_confounded	0.6	blood	20	20	0.142857142857143	0.904761904761905	0.0476190476190476	0.0952380952380952	0.0476190476190476	0.19047619047619
SRP189755	mouse	12	20196	1	692	0	0	0	0	1	0.35	0.337474278855276	0.1	0.316227766016838	0.35	0.946167352365602	0.930128974261543	1	0.4	0	0.5	0.4	0.2		0.285714285714286	0	0		0	0.43150900638595	0.578763051025598	0.113254484494372	0.0943038463385472	0.476190476190476	0.637990196078431	0.595507433742728	0.458134920634921	TRUE	0.9	0.6	mildly_imbalanced	0.167	brain_cns	10	10	0.909090909090909	0.454545454545455	0.454545454545455	0.545454545454545	0.181818181818182	0.0909090909090909
SRP189776	mouse	8	22511	407	865	34	0.783783783783784	0.7828418230563	0.821686746987952	0.827272727272727	0.795671450310104	0.0431394932579614	0.625926603386829	0.102561065559011	0.795163595260168	0.996228234519432	0.989674873775875	88	63	0	25.9	0.563060215463653	0.437210325474295		0.13740436980378	0.0795454545454545	0.103467897389466		0.0453250453250453	0.0199320025562279	0.0407234839974171	0.105867673207614	0.188431520067717	0.666666666666667	0.633333333333333	0.298666666666667	0.5	FALSE	0	0.2	balanced	0	lung	10	10	0.909090909090909	0.454545454545455	0.909090909090909	0.727272727272727	0.909090909090909	0.727272727272727
SRP190928	mouse	8	19604	1	697	0	1	1	0.166666666666667	1	0.775	0.299304749934466	0.575	0.458880145195149	0.775	0.998955982177439	0.998345998136874	0	0	0	0.6				0.0444444444444444				0	0.00440663912123213	0.00745703052724717	0.121346538367879	0.397896803347726	0.88	0.86124427102688	0.701742846525455	0.35	FALSE	0	0.2	balanced	0	liver	10	10	1	1	1	0.727272727272727	0.909090909090909	0.636363636363636
SRP191039	mouse	9	21883	5583	733	129	0.885139740967962	0.885958784491792	0.888693511517496	0.89501312335958	0.893663706751455	0.00265605666840632	0.778689455124902	0.167753518341251	0.89414710060955	0.994340436233374	0.996625073957993	389	439.5	285	172.5	0.404590248650872	0.475490447092376	0.0571834497332841	0.105091128856336	0.0205655526992288	0.0245262940452408	0.0456140350877193	0.0372185837451034	0.0856028058677853	0.0692398824382866	0.131007194018966	0.158583574086051	0	0	0					mildly_imbalanced	0.15	brain_cns	10	10	0.636363636363636	0.0909090909090909	0.636363636363636	0.0909090909090909	1	1
SRP191054	mouse	12	16967	154	543	0	0.849056603773585	0.849056603773585	0.901840490797546	0.805405405405405	0.8616639009249	0.0367878650477861	0.787891928158325	0.125447019794039	0.862463395980654	0.97974768685982	0.984382322390164	19	15	5	7.7	0.512305110602593	0.456943085137593	0.184047619047619	0.0694438105678416	0	0	0	0.00476190476190476	0.159853134735887	0.145166605421387	0.247626173952601	0.118655904170236	0.888888888888889	0.794403929403929	0.704305555555556	0.5	FALSE	0	0	mildly_imbalanced	0.167	gut	10	10	0.636363636363636	0.272727272727273	0.727272727272727	0.181818181818182	1	0.909090909090909
SRP191069	mouse	10	20131	1	680	0	0.333333333333333	0.333333333333333	0	1	0.755555555555556	0.414252264051272	0.77546511627907	0.379921068945496	0.755555555555556	0.964067035444049	0.978845903390677	0	0.1	2	1.8		0	0	0		0	0	0	0.25919329543563	0.192493044364483	0.143227016970916	0.0827323607373904	0.727272727272727	0.909136566907465	0.823656753291428		FALSE	0	0	mildly_imbalanced	0.25	tumor	10	10	0.272727272727273	0.272727272727273	0.181818181818182	0.181818181818182	0.272727272727273	0.0909090909090909
SRP191419	mouse	21	19057	2	727	1	1	1	1	1	1	0	0.966666666666667	0.105409255338946	1	0.993640234295557	0.992332132265617	0	0	0	0									0.0409444768537554	0.0377042417185517	0.0381986900283999	0.0370820755034276	0.842105263157895	0.848551771585827	0.678895451010305		FALSE	0	0.5	balanced	0.027	blood_immune	10	10	1	1	0.909090909090909	0.727272727272727	0.909090909090909	0.636363636363636
SRP191501	mouse	10	22110	8292	796	256	0.945563803464122	0.945505412966792	0.934400764726968	0.939851397570468	0.945642091210155	0.0049728420491867	0.856403864951406	0.0767516952056601	0.945245089872728	0.998403031684857	0.999059938775031	267	319.6	195	138.6	0.39028394273346	0.447698008264211	0.0661635773375634	0.148088057956634	0.0149812734082397	0.0141809068783658	0.0512820512820513	0.0454443677052641	0.00576954782681597	0.00544717710267306	0.651762583933031	0.178223367936068	1	1	0.976923076923077		FALSE	0	0	balanced	0	other	10	10	0.818181818181818	0.545454545454545	0.636363636363636	0.0909090909090909	1	1
SRP191569	human	16	21839	2	762	0	1	1	1	1	1	0	1	0	1	0.988494353882994	0.993716339191299	0	0	0	0									0.100330277788455	0.0678559270501932	0.177267755454022	0.338001557025136	0.818181818181818	0.882140974967062	0.733233201581028	0.173333333333333	FALSE	0	0	balanced	0	blood	10	10	1	1	0.636363636363636	0.181818181818182	0.545454545454545	0.272727272727273
SRP192368	mouse	20	21068	727	778	26	0.361194029850746	0.363636363636364	0.857335127860027	0.860054347826087	0.867255561914876	0.0111545580735411	0.779862038762108	0.107428943001983	0.866657680732503	0.961148863689977	0.996165053079074	1	77.6	1283	21.7	0.00245681953543776	0.45367044769408	0.0161981077636863	0.0455014362865629	0	0.0289491984055608	0.0459859703819174	0.0208142217014397	0.215770145604199	0.0708396459284435	0.109506959716276	0.125239850285213	0.76	0.958187464709204	0.874073028420854	0.233333333333333	FALSE	0	0	balanced	0.101	kidney	10	10	0.0909090909090909	0.0909090909090909	0.181818181818182	0.0909090909090909	0.272727272727273	0.0909090909090909
SRP192735	mouse	31	23048	3519	904	112	0.650946060434905	0.657718120805369	0.917531556802244	0.887397260273973	0.73807978539564	0.0864923753504716	0.886852632304137	0.0478818038848935	0.736913440666181	0.980439086815983	0.991556327576252	1214	423.1	22	702.5	0.270464978398288	0.14972939441529	0.0173173842210538	0.111159162520462	0.0502471169686985	0.0437285104732711	0.0909090909090909	0.0416734744340511	0.203835749673588	0.121555789897139	0.115878719993545	0.138941969333025	0.5	0.65	0.573333333333333	0.4	FALSE	0.1	0.2	mildly_imbalanced	0.205	brain_cns	10	10	0.0909090909090909	0.272727272727273	0.0909090909090909	0.0909090909090909	0.545454545454545	0.545454545454545
SRP192825	human	23	19884	4704	688	132	0.832520959251316	0.832630098452883	0.863411619283066	0.859235150528885	0.851346169888709	0.0146460063001264	0.885567541583731	0.0404348817596797	0.850231975227671	0.989337741634157	0.992388072751944	434	530.1	425	198.1	0.392360277562651	0.384159429919862	0.100323648924045	0.0624229134222154	0.0138248847926267	0.0156417504916091	0.0470588235294118	0.0351756432911293	0.134443638443871	0.109604372165881	0.414215239954839	0.0814741308217141	0.882352941176471	0.873310113519092	0.902859477124183	0	FALSE	0	0	mildly_imbalanced	0.189	blood	10	10	0.0909090909090909	0.181818181818182	0.0909090909090909	0.0909090909090909	0.363636363636364	0.727272727272727
SRP193374	human	111	28647	9568	987	278	0.895458183273309	0.896935933147632	0.967429396000825	0.896617869762746	0.89067416947046	0.0121941719203355	0.958662461161833	0.0207114351945584	0.891171480818456	0.994859902582059	0.996235855189338	617	695.9	428	392.3	0.247954948443479	0.237182131898104	0.103276650184905	0.0885994370944652	0.0340356564019449	0.0345624164924789	0.058411214953271	0.0320466398072828	0.0766095967840284	0.0791539513972824	0.545310012020734	0.0477563477822693	0.888888888888889	0.919466422466422	0.949538461538462		FALSE	0	0	mildly_imbalanced	0.214	tumor	10	10	0.0909090909090909	0.727272727272727	0.0909090909090909	0.0909090909090909	0.0909090909090909	0.454545454545455
SRP193449	mouse	50	20846	10505	651	296	0.959825570606792	0.96027881218371	0.948258148874568	0.96564313798914	0.973435803436069	0.0041875268696154	0.963203142596392	0.0267411011208006	0.973524087144346	0.99850975818425	0.999549006806384	160	144.2	273	138.6	0.201399856554825	0.241747369390162	0.0841769983561324	0.113214602172924	0.05	0.0286401804734421	0.032967032967033	0.0328646845059791	0.0365302484564089	0.0227215075583536	0.143300317795339	0.0728547121156593	0.941176470588235	0.993844696969697	0.979307359307359		FALSE	0	0	mildly_imbalanced	0.178	tumor	10	10	0.545454545454545	0.0909090909090909	0.272727272727273	0.0909090909090909	0.272727272727273	0.0909090909090909
SRP193857	mouse	11	20531	3991	807	142	0.906594753616082	0.908490086426029	0.896190476190476	0.898663426488457	0.897108097021287	0.0120501823898275	0.871964511744272	0.0444560031172104	0.898531331158166	0.997131994487167	0.997765961718884	293	308.5	88	113.3	0.422438573953281	0.411463042624329	0.0487503598865557	0.0700784776251099	0.0614334470989761	0.0577584629642913	0.0340909090909091	0.0246135706471053	0.0328660835132397	0.0330248886050236	0.0758038934753789	0.0532172473827885	1	0.980555555555556	0.972518232518233		FALSE	0	0	balanced	0.071	blood_immune	10	10	0.818181818181818	0.818181818181818	0.454545454545455	0.272727272727273	1	1
SRP195618	mouse	10	20557	1646	675	44	0.827715355805244	0.829658213891952	0.200120918984281	0.805128205128205	0.779022051758842	0.0603849161645539	0.652335397346992	0.246378212820679	0.778816692782522	0.998265776138896	0.998555046836462	99	282.1	223	100.6	0.223552536493514	0.349342170693946	0.076239604719118	0.0660251457433566	0.0202020202020202	0.0231698570843944	0.0493273542600897	0.0376305494889417	0.00768945134425369	0.00609724699964481	0.0423452374843045	0.274649071077307	0.971428571428571	0.968968253968254	0.933111946532999		FALSE	0	0	balanced	0	brain_cns	10	10	0.909090909090909	0.818181818181818	0.636363636363636	0.363636363636364	1	0.818181818181818
SRP197353	human	39	23484	4452	775	144	0.533101801606251	0.535634244733303	0.872521246458924	0.345739910313901	0.540448622689214	0.118837912699932	0.861962105951545	0.140586660953067	0.541381987285997	0.969338060618348	0.973288627855659	1996	1811.35	155	378.1	0.455266637232625	0.409955398102744	0.0292681519874488	0.0374799808957124	0.0390781563126252	0.0344464411274946	0.00645161290322581	0.0524277181737193	0.210522541541294	0.220435668861072	0.604381432154503	0.100246007137093	0.944444444444444	0.932041866451366	0.981904761904762	0	TRUE	0.4	0.05	partially_confounded	0.409	liver	20	20	0.0952380952380952	0.428571428571429	0.0476190476190476	0.238095238095238	0.0952380952380952	0.619047619047619
SRP197374	mouse	10	19328	558	661	21	0.446619217081851	0.44731977818854	0.415329768270945	0.446619217081851	0.477853325689264	0.127782762907519	0.344525699695898	0.158819817272602	0.477799401448117	0.989779300556926	0.989227427231463	307	262.6	4	47.1	0.667694025260137	0.532392348978104	0.00132943529773811	0.0302768399303843	0.0390879478827362	0.0459991232220715	0	0.0175260311763772	0.0983690567229317	0.112108668165522	0.0403475401087577	0.0320156951728295	0.931034482758621	0.92551724137931	0.782332220986281	0.103333333333333	FALSE	0	0.3	mildly_imbalanced	0.2	blood_immune	10	10	0.545454545454545	0.363636363636364	0.818181818181818	0.454545454545455	0.909090909090909	0.727272727272727
SRP197376	mouse	10	21687	20	762	0	0.666666666666667	0.666666666666667	0.619047619047619	0.55	0.637382834556748	0.0579027583465553	0.457144522144522	0.275619815003523	0.637382834556748	0.987714309881466	0.984032307508817	6	6.1	1	1.7	0.605357142857143	0.55273368606702	0	0.020952380952381	0	0	0	0	0.131911157449698	0.168047486661871	0.222677645922743	0.0858040888950231	0.821428571428571	0.841431237982962	0.732541875429806	0.366666666666667	FALSE	0	0.3	mildly_imbalanced	0.2	skin	10	10	1	0.727272727272727	0.818181818181818	0.818181818181818	0.545454545454545	0.272727272727273
SRP198299	mouse	12	20832	1	725	0	0	0	0	0	0.2	0.421637021355784	0.15	0.337474278855276	0.2	0.997363054012287	0.998099971097471	1	0.8	0	0	0.8	0.636363636363636			0	0			0.010849654467985	0.010026981311571	0.22013768086786	0.195921470418252	0.875	0.718308080808081	0.505211323763955	0.3	FALSE	0	0.3	balanced	0	brain_cns	10	10	0.818181818181818	0.818181818181818	0.636363636363636	0.0909090909090909	1	1
SRP198351	mouse	8	20156	1748	754	73	0.721465968586387	0.721248630887185	0.660724233983287	0.705324196099104	0.679103325512735	0.0460158608417081	0.627925529332529	0.195316444989345	0.677060624919327	0.987851390826819	0.987247281678988	370	453.5	162	152.9	0.508653178692059	0.456023442408898	0.134394602266192	0.0348157612812471	0.0324324324324324	0.0366814037285672	0.0679012345679012	0.0435661217085273	0.143859757987214	0.148703403066052	0.298120814062768	0.216934416647514	0.777777777777778	0.819495324598773	0.782707625707626	0.266666666666667	FALSE	0	0.1	mildly_imbalanced	0.25	other	10	10	0.727272727272727	0.909090909090909	0.636363636363636	0.727272727272727	0.636363636363636	0.363636363636364
SRP198379	human	29	23918	10070	789	311	0.961926961926962	0.96258776328987	0.970576735092864	0.968851331433625	0.967574202467895	0.00225890582887017	0.93267619486162	0.036665653822475	0.967192417841778	0.999262820542879	0.999713930211828	166	250.4	226	78.7	0.332203996380049	0.436703179022638	0.0722368066460588	0.0633456655953986	0.0240963855421687	0.0172026973937172	0.0663716814159292	0.0236438935276529	0.0139643878479527	0.0120984685427869	0.24472522855312	0.052692527571881	0.96551724137931	0.976206896551724	0.960315164998146	0.5	FALSE	0	0	balanced	0.034	kidney	10	10	0.636363636363636	0.0909090909090909	0.636363636363636	0.0909090909090909	0.636363636363636	0.545454545454545
SRP198592	mouse	32	20431	402	705	16	0.551797040169133	0.552863436123348	0.910843373493976	0.609442060085837	0.578825203306456	0.0932183598493472	0.739074068676973	0.144242183439707	0.577025205791062	0.948031044010927	0.969457355346092	141	133.55	71	57.6	0.404770402741983	0.371969555999859	0.050538481791481	0.039041292803598	0.0425531914893617	0.03673323593393	0.0422535211267606	0.0375751060744979	0.323781393429304	0.252108487709328	0.280522135703677	0.052649747873503	0.6	0.77082728133206	0.856656529698073		FALSE	0	0	partially_confounded	0.31	other	20	20	0.142857142857143	0.285714285714286	0.0476190476190476	0.0476190476190476	0.0476190476190476	0.0476190476190476
SRP198979	human	100	30537	567	1206	131	0.262987012987013	0.309278350515464	0.721518987341772	0.336906584992343	0.272940738894828	0.0495813822955765	0.900194534439539	0.0589771789282843	0.291190036534972	0.843481079894366	0.844058464130948	405	393.1	49	64.05	0.71176593120854	0.699477128827923	0.0220601323646852	0.01697712360808	0.293827160493827	0.259982121358307	0	0.0705929136933895	0.62719407538696	0.613428296049601	0.106641668690897	0.0455366803013812	0.636363636363636	0.623653192255988	0.912985836627141	0.288726551226551	TRUE	0.25	0	partially_confounded	0.5	other	20	20	0.0476190476190476	0.476190476190476	0.0476190476190476	0.476190476190476	0.0476190476190476	0.476190476190476
SRP199237	mouse	90	22135	123	739	4	0.984	0.991666666666667	0.897637795275591	0.975609756097561	0.976141431703716	0.0134362266157356	0.915755277306113	0.0520443883757476	0.976932245477159	0.999202848192247	0.99875924826257	0	1.3	2	1.7		0.168650793650794	0.0908333333333333	0.034875283446712		0	0.5	0.128571428571429	0.0211854431213714	0.0251330615382288	0.621379941191949	0.226385370530345	0.933333333333333	0.94	0.920964052287582		FALSE	0.2	0.6	balanced	0.022	brain_cns	10	10	0.909090909090909	0.909090909090909	0.909090909090909	0.636363636363636	0.727272727272727	0.909090909090909
SRP199374	mouse	20	22856	1	900	0	0	0	0	0	0.05	0.158113883008419	0.12	0.315524255098646	0.05	0.999637533356435	0.999371213019423	1	0.9	0	0.1	0.9	0.8		0	0	0		0	0.00242201058892303	0.00506409624445652	0.898237756071874	0.449150594941686	1	0.981985294117647	0.845539215686275		FALSE	0	0.2	balanced	0	reproductive	10	10	0.818181818181818	0.909090909090909	1	0.909090909090909	1	1
SRP199441	mouse	24	16814	1346	503	33	0.814769975786925	0.817050404480398	0.729573391178597	0.92998585572843	0.928458645729766	0.0110601114726807	0.822252326470214	0.0791349599275392	0.92994392060362	0.99703777268246	0.998900092198316	0	59.2	306	40.2	0	0.35681989338231	0.0704999117762801	0.0449619377917615		0.0494844872476451	0.0392156862745098	0.0274669048085079	0.0043140304995114	0.00660414241636786	0.0403697708890319	0.0591552097112429	0.9	0.934398496240602	0.892631578947368		FALSE	0	0	balanced	0	liver	10	10	0.363636363636364	0.0909090909090909	0.909090909090909	0.181818181818182	0.909090909090909	0.363636363636364
SRP199583	mouse	15	22726	19	889	0	0.894736842105263	0.894736842105263	1	0.85	0.841272577996716	0.0801006619477881	0.870567636294635	0.101923800085052	0.841272577996716	0.96007562064187	0.964769789754991	2	2.05	0	1.3	0.441666666666667	0.46957671957672		0.0124485596707819	0	0		0	0.29086982536548	0.239648221116539	0.107743843053632	0.0772510349691514	1	0.362083333333333	0.4		FALSE	0.6	0.5	partially_confounded	0.339	other	20	20	0.523809523809524	0.761904761904762	0.19047619047619	0.19047619047619	1	1
SRP200316	mouse	10	14004	987	468	32	0.213213213213213	0.215098241985522	0.546859903381643	0.236580516898608	0.237834856533995	0.0207123696479985	0.728791113037691	0.125986043791367	0.241141190238083	0.927550592180281	0.925631226854775	774	748.35	12	16.3	0.862233844837468	0.84718423195671	0.264924924924925	0.161630265585124	0.0348837209302326	0.0368469126068833	0	0.00860805860805861	0.301707670818634	0.304445471387277	0.0463644087408976	0.0402968647491214	0.785714285714286	0.685	0.900238095238095	0.526190476190476	FALSE	0	0	partially_confounded	0.5	tumor	20	20	0.0476190476190476	0.285714285714286	0.0476190476190476	0.714285714285714	0.238095238095238	0.904761904761905
SRP200405	mouse	25	22107	1	787	0	1	1	0.000280112044817927	1	0.800100562785285	0.421425017790391	0.9001	0.315911538250821	0.800108860230773	0.979716313731352	0.985088654647924	0	0	0	406.1				0.0411690837909044				0.0762980030721966	0.224758269800537	0.158495183167531	0.175665686157215	0.0750311742887752	0.722222222222222	0.727777777777778	0.729566563467492	0.175396825396825	FALSE	0	0	mildly_imbalanced	0.199	other	10	10	1	1	0.181818181818182	0.181818181818182	0.454545454545455	0.545454545454545
SRP201011	mouse	27	21484	7903	833	261	0.970631970260223	0.97114644780713	0.815316395014382	0.961967856704699	0.972680589554886	0.0109384205346863	0.929023893835972	0.0391044205305079	0.972542394339664	0.999323099101666	0.999316622486408	70	114.5	167	105.5	0.236260751431574	0.331596139726335	0.0716533014475007	0.0769123821287814	0.0142857142857143	0.0191860870319258	0.0658682634730539	0.0474464613272966	0.00912389653584608	0.0079161187500623	0.179451147276022	0.207498136286742	1	0.983333333333333	0.9875		FALSE	0	0.1	balanced	0.024	brain_cns	10	10	0.727272727272727	0.181818181818182	0.727272727272727	0.272727272727273	1	1
SRP201023	human	33	21828	9311	722	296	0.9542089678511	0.955514263853973	0.909365874009178	0.944981799271971	0.952485222024768	0.007042370413588	0.948611809332704	0.0566569579593618	0.952636400860355	0.998715184739878	0.999090555437546	288	243	145	210.1	0.316183844917745	0.292123109843001	0.0807611068977833	0.0985304464559843	0.0520833333333333	0.040836903494347	0.0758620689655172	0.0284949928270154	0.0332155653670424	0.0303946994167704	0.263044303562896	0.0926262135078464	0.971428571428571	0.988571428571429	0.994285714285714		FALSE	0	0	balanced	0.081	blood	10	10	0.181818181818182	0.545454545454545	0.181818181818182	0.272727272727273	0.272727272727273	0.454545454545455
SRP201665	mouse	16	22114	6039	554	0	0.926668806161746	0.926668806161746	0.938988580750408	0.904385557105222	0.936332338945826	0.00834664465687864	0.931855548607932	0.0265748306414184	0.93643727932453	0.955680993812082	0.970202096269725	264	286.2	193	105.4	0.366982582207322	0.445596749497045	0.0594192007088617	0.0485190129574497	0	0	0	0.00338164251207729	0.0688309115395855	0.0500417087090442	0.092608694998024	0.105192844371172	0.838709677419355	0.9	0.916633064516129	0.356190476190476	TRUE	0.8	0.4	balanced	0.125	lung	10	10	0.181818181818182	0.181818181818182	0.272727272727273	0.181818181818182	0.181818181818182	0.272727272727273
SRP201679	mouse	19	18278	115	612	0	0.680722891566265	0.689024390243902	0.801724137931035	0.815126050420168	0.795442688019565	0.030932018290759	0.807963223154309	0.0790790794347997	0.795442688019565	0.994747035205338	0.998109348236347	2	20.3	51	4	0.0648235049550839	0.544713068340741	0.0454659304117508	0.0405674264007597	0	0	0.0392156862745098	0	0.058083031717682	0.0320460157942967	0.172659958523505	0.202135031947635	0.586206896551724	0.933899967309578	0.859647644752908	0	FALSE	0	0.1	balanced	0.056	brain_cns	10	10	0.181818181818182	0.0909090909090909	0.272727272727273	0.0909090909090909	0.0909090909090909	0.0909090909090909
SRP201969	mouse	17	16018	7	530	0	0.571428571428571	0.571428571428571	1	0.571428571428571	0.66875	0.126464965451201	0.858333333333333	0.116139286764054	0.66875	0.858393390553583	0.819150114926908	3	2.2	0	0.15	0.733333333333333	0.573192239858907		0.0185185185185185	0	0		0	0.496172946228181	0.645809026289845	0.463701854809357	0.0773413484769977	0.571428571428571	0.403179727611869	0.81748001998002	0.306289682539683	TRUE	0.55	0.4	partially_confounded	0.528	adipose	20	20	0.0952380952380952	0.571428571428571	0.0476190476190476	0.571428571428571	0.142857142857143	0.857142857142857
SRP211825	mouse	8	22970	3591	777	309	0.544983277591973	0.547120903536382	0.544983277591973	0.585847504114098	0.552972350579737	0.0437820908395369	0.769964329510153	0.129602901554778	0.550557743450464	0.765562863429255	0.894057686789262	332	989.25	2389	1216.7	0.351830697657914	0.447529269987822	0.274160577999529	0.174879325501142	0.0150602409638554	0.056539297016773	0.11301799916283	0.0425421644793127	0.464592332403897	0.381066316540934	0.131355826502893	0.0786483336006247	0.2	0.524349206349206	0.610336080586081	0.401247436773753	TRUE	0.6	0.1	partially_confounded	0.5	other	20	20	0.0952380952380952	0.428571428571429	0.0952380952380952	0.238095238095238	0.142857142857143	0.238095238095238
SRP212107	mouse	15	21550	1317	758	33	0.612558139534884	0.614648157012925	0.767080745341615	0.889619883040936	0.864712179640755	0.0151204099627783	0.761611182917608	0.140514008890993	0.864236979429218	0.987943558118836	0.997935886460309	0	115	833	72.8	0	0.363488846810071	0.0669952447654977	0.0470736834010331		0.0177575208657653	0.0336134453781513	0.0315128194615926	0.0780875861315476	0.0432603992637501	0.251836973954306	0.403358884541799	0.9375	1	0.974495967741935	0	FALSE	0	0	balanced	0.071	other	10	10	0.181818181818182	0.0909090909090909	0.363636363636364	0.0909090909090909	0.363636363636364	0.0909090909090909
SRP212148	human	61	17383	4477	549	135	0.957214581969003	0.957001350742909	0.833115468409586	0.96029995588884	0.954536348389973	0.00765550206719684	0.913782309410879	0.0478504303899668	0.954535549606195	0.998119930207216	0.998796164725673	92	139.5	104	67.1	0.21468652309501	0.252986524532317	0.101431086312467	0.0953394590463107	0.0108695652173913	0.0333402924260284	0.0384615384615385	0.0222877158306006	0.0189086070537232	0.0169048066580131	0.116310728929639	0.0490476320981643	1	0.991304347826087	0.966623188405797		FALSE	0	0	balanced	0.029	blood	10	10	1	0.545454545454545	0.636363636363636	0.0909090909090909	1	1
SRP212702	human	62	24599	11635	818	364	0.983260739602015	0.98342151675485	0.9860695667037	0.988608137044968	0.986641932536459	0.00161792153079168	0.953327038969298	0.0357977549095707	0.986660204211419	0.999685526561492	0.999876269906674	122	97.8	74	58.4	0.287104814992591	0.305375449190026	0.0654661664006523	0.0762031705484298	0.0245901639344262	0.0310948613024025	0.0675675675675676	0.0364435732675297	0.0118415000169489	0.00753956368014997	0.0542764605005858	0.0519311739402917	1	1	1		FALSE	0	0	balanced	0.017	tumor	10	10	0.727272727272727	0.0909090909090909	0.727272727272727	0.0909090909090909	1	1
SRP212755	human	341	18942	4234	661	144	0.979439252336449	0.979685610640871	0.984093567251462	0.983893557422969	0.983617519039297	0.00210372590576443	0.970319311086477	0.0273690293005966	0.98345567764963	0.999379616864581	0.99975488429304	42	31.6	46	38.4	0.134316049867463	0.144918343694143	0.102891045697031	0.112444190160928	0.0714285714285714	0.035489417989418	0.0217391304347826	0.0112791286727457	0.0145127646431101	0.0105988389774555	0.215509004347674	0.0581697045577606	0.785714285714286	0.765714285714286	0.801428571428571	0.741666666666667	FALSE	0	0.2	balanced	0.019	blood	10	10	0.454545454545455	0.0909090909090909	0.363636363636364	0.0909090909090909	0.545454545454545	0.818181818181818
SRP212932	mouse	9	20613	8	682	0	0.363636363636364	0.363636363636364	0.4	0.8	0.48356847006736	0.221654115386401	0.325307832264354	0.22618969608428	0.484474130444719	0.982013048560245	0.982207145889872	0	0.8	14	10		0.00840336134453782	0.322436676798379	0.214854479201453		0	0	0.00740740740740741	0.07707640663515	0.0774418811362382	0.0448209951809594	0.0478003316772804	0.875	0.905063025210084	0.785430672268908		TRUE	0.2	0.6	balanced	0.1	gut	10	10	0.727272727272727	0.363636363636364	0.727272727272727	0.454545454545455	0.727272727272727	0.454545454545455
SRP212955	mouse	12	20369	289	455	20	0	0	0.824742268041237	0.0945945945945946	0.0256179507571187	0.0402313975076858	0.46915332762684	0.391165467844024	0.0264976422929469	0.91495132371858	0.944709379862984	289	208.4	0	859.85	0.721107266435986	0.570307187002142		0.118289179816749	0.069204152249135	0.0634739624750156		0.105029793982415	0.491109235037013	0.419213304169304	0.0914494157434207	0.0832534720232593	0.722222222222222	0.627525822131085	0.703853383458647	0.153571428571429	FALSE	0.9	0.65	partially_confounded	0.333	other	20	20	0.19047619047619	0.714285714285714	0.0476190476190476	0.142857142857143	0.571428571428571	0.904761904761905
SRP212956	human	41	21519	7391	708	244	0.955249799625969	0.956437560503388	0.957800342872214	0.968783494105038	0.962710117141031	0.00696549525717238	0.92348794840013	0.0765826233782412	0.962808945597388	0.998778549878839	0.999241420176966	240	148.5	95	132.2	0.326917331766426	0.293184262616671	0.0712495593624344	0.0949641950823028	0.0375	0.0354505261794203	0.115789473684211	0.0405327082023932	0.0293919232049699	0.02483599485445	0.117053069443617	0.0795615116685167	1	0.955499427043545	0.952558250572956		FALSE	0	0	balanced	0.065	blood	10	10	0.454545454545455	0.272727272727273	0.363636363636364	0.0909090909090909	1	1
SRP213018	mouse	10	20480	6065	728	205	0.869330129167918	0.869544960397577	0.825584838614155	0.879004123057406	0.878409919760587	0.00782894273000888	0.864605179391932	0.0132043704131524	0.878300153961175	0.992333559593036	0.996288397261856	277	544.8	593	220.3	0.349446717634011	0.430468152198576	0.153729547799375	0.0697821817665282	0.0577617328519856	0.038932531355569	0.0236087689713322	0.0245990914018804	0.0940507925092001	0.0705559868359873	0.104206686498924	0.0980724087754768	0.818181818181818	0.864935064935065	0.864160839160839	0.316666666666667	FALSE	0	0	mildly_imbalanced	0.167	blood_immune	10	10	0.636363636363636	0.272727272727273	0.272727272727273	0.181818181818182	0.181818181818182	0.545454545454545
SRP213838	mouse	13	27084	4722	897	162	0.896396396396396	0.896164441618987	0.653120464441219	0.884735812133073	0.872154736402336	0.035226854574547	0.755063339729084	0.133227481432326	0.871773847902394	0.993813371621503	0.988759760452816	344	302.8	162	353.1	0.383936975669088	0.3278773502079	0.0945033367822792	0.0989453952208448	0.0377906976744186	0.0292804491669288	0.0185185185185185	0.0369358509217114	0.0529401025872687	0.0604655484174003	0.0363628775762478	0.0306800954936916	0.9	0.911619458128079	0.880890870808835	0.25	FALSE	0	0	balanced	0.095	other	10	10	1	0.818181818181818	0.909090909090909	0.636363636363636	0.636363636363636	0.454545454545455
SRP214273	mouse	8	21381	43	672	0	0.152173913043478	0.152173913043478	0.0697674418604651	0.0232558139534884	0.13380825443515	0.114612283648234	0.136880561299166	0.147224356951268	0.13380825443515	0.957727980607815	0.96090678168127	36	34.2	3	10.2	0.826190476190476	0.731216931216931	0.4	0.17948717948718	0	0	0	0	0.259118880285394	0.226432785902668	0.0244502634641059	0.0236239946774956	0.625	0.631944444444445	0.625	0.566666666666667	FALSE	0.1	0.3	mildly_imbalanced	0.25	brain_cns	10	10	0.636363636363636	0.818181818181818	0.363636363636364	0.636363636363636	0.545454545454545	0.727272727272727
SRP214375	mouse	60	25036	4971	839	57	0.975089677162216	0.975796692214603	0.979233226837061	0.977658088968681	0.970953611429821	0.00877789091092458	0.925681770043189	0.0499996701024792	0.971768594667219	0.999291849070547	0.998545360005202	78	73.2	47	73.5	0.301718299395284	0.220396627308805	0.0919982341913932	0.0784522018584112	0.0256410256410256	0.0407160212090454	0.0638297872340426	0.038890784864292	0.00425108183400841	0.00817191019879108	0.0480240629478078	0.0245179492293337	1	0.985960591133005	0.969293924466338		FALSE	0	0	balanced	0	gut	10	10	1	0.636363636363636	1	1	1	1
SRP215863	mouse	14	26204	38	468	0	0.0761523046092184	0.0764587525150906	0.605263157894737	0.450980392156863	0.302812151651083	0.158057019161766	0.543292596954078	0.184075940042076	0.30578870140746	0.954088074277175	0.936182820490629	0	6	461	163.6		0.388392857142857	0.303041790926343	0.203361193950895		0	0.00433839479392625	0.0155872327238922	0.200206330418736	0.211711503385948	0.0123356071092359	0.0158918562483014	0.333333333333333	0.394017094017094	0.690598290598291	0.816666666666667	FALSE	0.4	0.3	mildly_imbalanced	0.25	other	10	10	0.181818181818182	0.363636363636364	0.272727272727273	1	0.181818181818182	0.636363636363636
SRP215939	human	32	27423	3214	922	79	0.651538227231191	0.6534375	0.905737704918033	0.572878228782288	0.65618529706552	0.0639991647839237	0.812154200548666	0.112866540246567	0.657507292441214	0.989026959874726	0.984287634395904	1075	886.1	69	344.35	0.459742468659616	0.385586283063911	0.0235129647544708	0.0413025047294085	0.0288372093023256	0.0295329403618649	0.0579710144927536	0.0373864110995361	0.122837722988301	0.166112685008126	0.299407482992108	0.0405410665771109	0.9	0.823190911856198	0.858557304532694	0.229166666666667	TRUE	0.55	0.45	partially_confounded	0.327	gut	20	20	0.19047619047619	0.476190476190476	0.333333333333333	0.904761904761905	0.714285714285714	0.904761904761905
SRP216020	mouse	10	23153	205	839	5	0.820175438596491	0.81981981981982	0.828828828828829	0.813397129186603	0.851323207475531	0.020442523398067	0.744782829028865	0.250146233526181	0.848593467243365	0.998258908191548	0.998326250238682	18	20.2	23	12.1	0.518607744107744	0.504079181587711	0.149757763458952	0.103820568584365	0	0	0.0434782608695652	0.0129166666666667	0.0106379242519742	0.010525189066323	0.141442234243488	0.450376598037628	0.962962962962963	0.932478632478633	0.856601731601732		FALSE	0	0.1	balanced	0	brain_cns	10	10	0.363636363636364	0.0909090909090909	0.545454545454545	0.272727272727273	0.636363636363636	0.727272727272727
SRP216037	mouse	22	20891	4901	703	148	0.854122621564482	0.855428259683579	0.915501053841732	0.894820717131474	0.871404075133778	0.0411905475523853	0.840048167176333	0.127024513025558	0.872090711539757	0.99702954781659	0.998599144206316	53	387	775	290.8	0.100829702779191	0.272246977696422	0.115587349830437	0.0464114022558508	0.0754716981132076	0.0353290813569256	0.0374193548387097	0.0297893312851945	0.0437577370520654	0.0362180748771378	0.431572124105388	0.28726519416267	0.962962962962963	0.917491657397108	0.919288425263815	0.35	FALSE	0	0.1	balanced	0.091	kidney	10	10	0.363636363636364	0.272727272727273	0.363636363636364	0.181818181818182	0.818181818181818	0.818181818181818
SRP216087	mouse	10	22864	8	812	1	0.375	0.428571428571429	1	0.5	0.369166666666667	0.102387436409468	0.715301226551227	0.17851603253389	0.415448721441284	0.746092019248318	0.764112720966139	5	4.15	0	4.65	0.83	0.752017543859649		0.0940364782276547	0.2	0.259166666666667		0.00568181818181818	0.781649517625681	0.811859243108934	0.330848332370039	0.114897695870094	0.548387096774194	0.556657895011402	0.852014473753907	0.289150183150183	FALSE	0.35	0.1	partially_confounded	0.6	other	20	20	0.0952380952380952	0.571428571428571	0.0952380952380952	0.333333333333333	0.0952380952380952	0.333333333333333
SRP216420	human	95	33345	8892	1189	268	0.978697437035393	0.979732050841635	0.975013881177124	0.978896828941492	0.980447501064864	0.00283039068267246	0.965079681116602	0.0127949474615435	0.980597401711767	0.999272132064727	0.99951258230254	71	98.1	121	77.3	0.203255687649227	0.249448597383439	0.102699280483796	0.101424491504866	0.0422535211267606	0.0382739358546091	0.0991735537190083	0.0326606094944541	0.0123577179247574	0.0134014834680414	0.143131074789104	0.0641857127718726	0.977272727272727	0.974735729386892	0.977008456659619		FALSE	0	0	balanced	0.029	gut	10	10	0.818181818181818	0.363636363636364	0.727272727272727	0.181818181818182	0.727272727272727	0.818181818181818
SRP217736	mouse	11	21824	6767	796	246	0.905956112852665	0.907263202605125	0.930448671409903	0.894101876675603	0.915992749204584	0.0163175539659393	0.867211800919367	0.075501533947684	0.91639193376566	0.996245885676853	0.997938198039203	120	277.8	570	320.8	0.195364645670334	0.288284577091292	0.092284134199114	0.100815140168987	0.0583333333333333	0.0467358804377068	0.0491228070175439	0.0326501049478023	0.0503044039238606	0.0396393446103569	0.0867535886439832	0.163657448174782	0.914285714285714	0.939377228163993	0.910150719378661		FALSE	0	0.1	balanced	0.1	brain_cns	10	10	0.545454545454545	0.363636363636364	0.454545454545455	0.0909090909090909	0.545454545454545	0.454545454545455
SRP217849	mouse	16	17816	4831	609	146	0.921862971516551	0.924025457438345	0.952208106473079	0.953118712273642	0.954997717633029	0.00230410436130607	0.839855612313026	0.0953507291263506	0.955158383770377	0.997247350704632	0.999632367833733	41	151.4	365	69.1	0.173496990588319	0.437932026716337	0.0630170546786924	0.0613511761546631	0.0487804878048781	0.0241414110518696	0.0602739726027397	0.0530127114692452	0.00630893749568479	0.00327386997070875	0.0204411241047651	0.318999839599576	0.625	0.844485294117647	0.77047514619883	0.4	FALSE	0	0	balanced	0	muscle	10	10	0.818181818181818	0.0909090909090909	0.818181818181818	0.0909090909090909	0.181818181818182	0.0909090909090909
SRP217860	mouse	9	16035	7	587	1	0	0	0.75	0	0.05	0.0699086407042276	0.659398496240601	0.261276873234906	0.0583333333333333	0.553848355557636	0.626091546482994	7	6.65	0	0.2	0.95	0.931578947368421		0	0.142857142857143	0.151190476190476		0	1.09392356395165	1.22698823430042	0.0589492015762965	0.0429684708270871	0	0.177777777777778	0.57536199180936	0.614285714285714	TRUE	0.65	0.210526315789474	partially_confounded	0.8	blood_immune	19	20	0.15	0.666666666666667	0.05	0.333333333333333	0.1	0.333333333333333
SRP217867	mouse	8	17197	2	542	0	0	0	0	0	0.2	0.421637021355784	0.1	0.316227766016838	0.2	0.945533162922874	0.951707757108014	2	1.6	0	0	0.8	0.636363636363636			0	0			0.24133055449606	0.22455318726182	0.0431851355771076	0.0415550583679546	0.875	0.787974765974766	0.783330077330077	0.414285714285714	FALSE	0	0.1	mildly_imbalanced	0.25	blood_immune	10	10	0.909090909090909	0.818181818181818	0.545454545454545	0.363636363636364	1	0.909090909090909
SRP217937	human	42	20938	1414	678	46	0.567909922589726	0.570181818181818	0.835106382978723	0.767151767151767	0.71161382037927	0.122541204106358	0.795536353827935	0.166890278125112	0.713451438341677	0.994066698832026	0.99477342391104	607	290.7	7	156.1	0.384655470340937	0.226648248294345	0.0184192662551396	0.0746042334847429	0.0378912685337727	0.0479873486758275	0	0.0326508292540691	0.110770725543281	0.0954158835618208	0.112907695040642	0.0294974729891677	0.947368421052632	0.931328320802005	0.953070175438597		FALSE	0.2	0.3	balanced	0.08	other	10	10	0.181818181818182	0.272727272727273	0.363636363636364	0.272727272727273	0.545454545454545	1
SRP218156	mouse	15	21499	4	752	0	0.571428571428571	0.571428571428571	0.75	1	0.735	0.107281215780113	0.725	0.218898758942728	0.735	0.990126968643217	0.995489526142934	0	0.6	3	0.7		0.384615384615385	0.233333333333333	0.15		0	0	0	0.100036321969579	0.0642793517193563	0.212991863796479	0.362336345611512	0.666666666666667	0.935714285714286	0.753675491175491		FALSE	0	0	balanced	0.071	brain_cns	10	10	0.272727272727273	0.0909090909090909	0.909090909090909	0.0909090909090909	0.454545454545455	0.0909090909090909
SRP218250	mouse	23	21680	337	752	6	0.884180790960452	0.892753623188406	0.904899135446686	0.884726224783862	0.893005391464195	0.0128982195858593	0.853858774705034	0.0576161403259639	0.895069080505192	0.992204904069914	0.991288767136091	24	28.5	17	8.5	0.48352606882493	0.450001235620074	0.0535334801650591	0.0493412516361462	0.0416666666666667	0.0326201436495554	0.176470588235294	0.0586147186147186	0.111476425644087	0.113543949250859	0.118856046924079	0.074007246425982	0.892857142857143	0.951811151811152	0.90764704644015	0.05	FALSE	0.1	0.1	balanced	0.114	other	10	10	0.636363636363636	0.363636363636364	0.545454545454545	0.363636363636364	0.454545454545455	0.181818181818182
SRP218851	mouse	12	20048	503	645	17	0.355932203389831	0.352250489236791	0.777996070726916	0.539370078740158	0.394620902334282	0.113624518847676	0.684203333260546	0.168662098938065	0.39084860631979	0.821879002948274	0.921506708750329	314	300.7	28	8.4	0.737015763277939	0.726456771248537	0.103571428571429	0.0614035087719298	0.0254777070063694	0.0269947332737159	0.107142857142857	0.0399023875478169	0.595606342169446	0.377150645627567	0.0633224428185409	0.0502652473988252	0.586206896551724	0.722645450813554	0.814520962425374	0.270512820512821	FALSE	0	0	partially_confounded	0.5	other	20	20	0.0952380952380952	0.523809523809524	0.0476190476190476	0.142857142857143	0.0952380952380952	0.142857142857143
SRP219516	mouse	13	26194	5393	878	124	0.91062335381914	0.910332434860737	0.907667091604443	0.915067004708439	0.908144280685077	0.00802909385364889	0.832618172595787	0.130673379414742	0.90890460199712	0.995915628987192	0.994950541741484	207	268	302	251	0.331825283559626	0.358063903779393	0.127406076123172	0.11889477864366	0.0193236714975845	0.0285395520263173	0.0198675496688742	0.0360906471417355	0.0604717927669018	0.0685563311115604	0.111167103434786	0.0823340708289837	1	0.949350649350649	0.926839826839827		FALSE	0	0	balanced	0.119	gut	10	10	0.636363636363636	0.545454545454545	0.909090909090909	0.818181818181818	1	1
SRP220131	mouse	10	18026	37	593	1	0.326086956521739	0.311111111111111	0.658536585365854	0.0540540540540541	0.0846524716833898	0.0780541004460379	0.244391850495725	0.293934496393782	0.0713878370713311	0.940802243069489	0.943129177494244	22	31.95	9	32.25	0.586442823924442	0.806906979800718	0.00721871713985279	0.0179415740556165	0	0.010233918128655	0	0.30628390596745	0.369761718763573	0.333315755290037	0.0649519830998213	0.0398404755443058	0.810810810810811	0.810690899111952	0.88663233326933	0.144945887445887	FALSE	0	0	partially_confounded	0.333	blood_immune	20	20	0.666666666666667	0.952380952380952	0.142857142857143	0.333333333333333	0.142857142857143	0.380952380952381
SRP220251	human	61	23801	1167	782	31	0.809248554913295	0.810051107325383	0.885807504078304	0.821399176954733	0.790931778376246	0.0290064828962343	0.875992754728409	0.0560713409223101	0.791478445155634	0.994458007839163	0.994822115156471	187	160.9	44	104.1	0.320597230949955	0.272324659416167	0.046204208096067	0.0650970217746009	0.0106951871657754	0.0349878879999211	0.136363636363636	0.0462008679508496	0.0748516233284809	0.0802685290328481	0.254672843984866	0.0460455200451509	0.931034482758621	0.867241379310345	0.900689655172414	0.301666666666667	FALSE	0	0	balanced	0.139	lung	10	10	0.272727272727273	0.727272727272727	0.181818181818182	0.363636363636364	0.727272727272727	0.818181818181818
SRP220333	mouse	21	15217	5	90	0	0	0	0.8	0.571428571428571	0.392738095238095	0.315970935807603	0.609166666666667	0.313444867855872	0.392738095238095	0.982414360922219	0.981819996977254	5	2.3	0	1.4	0.46	0.257142857142857		0.0345238095238095	0	0		0	0.154207257366977	0.161868736249844	0.0144109565042113	0.0524177420248316	0.80952380952381	0.700815038934234	0.876289989680083		FALSE	0.1	0	mildly_imbalanced	0.182	brain_cns	10	10	0.181818181818182	0.363636363636364	0.363636363636364	0.363636363636364	0.272727272727273	0.818181818181818
SRP220671	mouse	23	20942	4	656	0	0.571428571428571	0.571428571428571	0	1	0.408571428571429	0.302274071849492	0.318602220845995	0.393447918757017	0.419444444444444	0.989868461949591	0.997073199193613	0	1.1	3	4.2		0.1	0.0585664335664336	0.0904365242600537		0	0	0.075	0.0701153043934974	0.0497901120458621	0.0953599475255847	0.0515709465265181	0.958333333333333	0.923751119251119	0.869689274882823		FALSE	0	0	balanced	0.061	adipose	10	10	0.727272727272727	0.636363636363636	0.363636363636364	0.0909090909090909	0.909090909090909	0.818181818181818
SRP221482	human	67	22469	6121	813	233	0.904491725768322	0.904800917581517	0.837803320561941	0.892166190929274	0.8931234566414	0.0155741418959853	0.938002990699641	0.0429294104651509	0.892562404049469	0.994820462246885	0.995997811073975	382	451.8	224	225.4	0.242536691849406	0.257850958365431	0.0942378967373809	0.0807094586470222	0.0418848167539267	0.034234365360377	0.0401785714285714	0.0343277407244569	0.0740571959152978	0.074997499004601	0.394873852182485	0.0563560310366946	0.857142857142857	0.842142857142857	0.881309523809524	0.198333333333333	FALSE	0.4	0.3	mildly_imbalanced	0.212	blood	10	10	0.272727272727273	0.727272727272727	0.181818181818182	0.0909090909090909	0.454545454545455	0.545454545454545
SRP221637	mouse	32	17144	9751	517	274	0.909889699009161	0.910490856592878	0.929183266932271	0.992021276595745	0.988368117001854	0.00251807685397512	0.956744222068723	0.0273414275862469	0.988293536035988	0.99424666403205	0.999830586747907	17	61.5	947	52.6	0.0598752171742269	0.314922371533201	0.0472590310589307	0.0872794893706786	0	0.0130069219296629	0.0359028511087645	0.0314701071812933	0.00859166102562385	0.00190248810206309	0.0161021612774903	0.236699019357235	1	0.982758620689655	0.976436781609195		TRUE	0.1	0.1	balanced	0	liver	10	10	0.181818181818182	0.0909090909090909	0.181818181818182	0.0909090909090909	1	1
SRP223303	mouse	8	20687	21	739	1	0.476190476190476	0.45	0.238095238095238	0.476190476190476	0.497777777777778	0.151065752829702	0.407435897435897	0.205967963194188	0.499570135746606	0.998030584028955	0.997319292427973	11	8.4	0	3.4	0.522893772893773	0.396336996336996		0.0694444444444445	0	0.054421768707483		0	0.0118560641104127	0.0102231768968615	0.17128829809598	0.510742680487358	0.857142857142857	0.780668498168498	0.670989010989011	0.15	FALSE	0	0.1	balanced	0	brain_cns	10	10	0.818181818181818	0.545454545454545	0.636363636363636	0.454545454545455	0.727272727272727	0.636363636363636
SRP224655	mouse	12	20324	3	435	0	0.75	0.75	0.375	0.666666666666667	0.641166666666667	0.308505007262723	0.583682983682984	0.301477578117916	0.641166666666667	0.96603504051165	0.956241534145682	0	0.2	1	3.7		0.0588235294117647	0	0.00615384615384615		0	0	0	0.18287381814217	0.1804934587083	0.102285697272441	0.0980696122903514	0.777777777777778	0.771201141853316	0.787791537667699	0.433333333333333	TRUE	0.3	0.3	mildly_imbalanced	0.25	heart	10	10	0.818181818181818	0.727272727272727	0.545454545454545	0.636363636363636	0.454545454545455	0.727272727272727
SRP225503	mouse	21	18417	3131	585	103	0.760136180748994	0.758234729772945	0.744389027431422	0.763714373276126	0.734808496577157	0.0350893516000615	0.853521720284218	0.0829934123092329	0.735059552621168	0.986316059870149	0.981951734332886	675	661.75	100	229.05	0.414908334345002	0.3912488491374	0.0476025999645675	0.0613787019669437	0.0266666666666667	0.0342968219731308	0.01	0.0370935685137939	0.145269863465616	0.179805480898699	0.610048171000986	0.128926465278925	0.869565217391304	0.860334502454068	0.893100696405044	0.2625	FALSE	0.05	0.15	partially_confounded	0.333	liver	20	20	0.19047619047619	0.761904761904762	0.19047619047619	0.714285714285714	0.428571428571429	0.666666666666667
SRP225660	mouse	26	17581	77	528	0	0.819148936170213	0.819148936170213	0.888888888888889	0.974683544303798	0.955207661536775	0.0160830706299802	0.872185596790746	0.111615675167118	0.955207661536775	0.991514670587754	0.99784716850072	0	2.5	17	1	0	0.459259259259259	0.0526143790849673	0.102272727272727		0	0	0	0.0185407564029133	0.0108710568650056	0.0434416930365322	0.200566914562731	0.6	0.908333333333333	0.403333333333333		FALSE	0.4	0.4	balanced	0	liver	10	10	0.363636363636364	0.0909090909090909	0.818181818181818	0.0909090909090909	0.727272727272727	0.0909090909090909
SRP225812	mouse	8	18512	1311	608	38	0.732804232804233	0.728260869565217	0.597761194029851	0.732804232804233	0.661674547216715	0.0626744830710409	0.648591877995715	0.0742374182456665	0.660106002868353	0.981592402201252	0.988048118048457	203	380.7	201	91	0.366918401569986	0.519659989756092	0.0464809568089775	0.0805519179803976	0.00985221674876847	0.0248026352478081	0.0099502487562189	0.0102559490206503	0.175388427629873	0.143597901522901	0.314509092454458	0.164923746599601	0.818181818181818	0.716904821093727	0.721435565239913	0.360238095238095	TRUE	0	0.2	mildly_imbalanced	0.25	skin	10	10	1	1	0.181818181818182	0.0909090909090909	0.909090909090909	1
SRP227165	mouse	14	23317	6765	953	388	0.809987195902689	0.830406911928651	0.893825503355705	0.826972372543435	0.829233389763813	0.014490245926979	0.837736488787163	0.106283862363735	0.830124414591085	0.985591115848403	0.988054583474995	439	831.3	1045	390.2	0.296192286278653	0.419359827022342	0.111630069188582	0.0859231376216365	0.0478359908883827	0.0441134024509784	0.235406698564593	0.0887787409597581	0.111208501225691	0.115806373426421	0.128331635549492	0.140243370140179	0.814814814814815	0.867086298120781	0.845392911583123	0.523333333333333	FALSE	0	0.1	mildly_imbalanced	0.25	lung	10	10	0.363636363636364	0.181818181818182	0.363636363636364	0.363636363636364	0.363636363636364	0.272727272727273
SRP228964	mouse	22	21179	7542	742	234	0.883775447254781	0.88421857088269	0.928087545596665	0.925038245792963	0.919241170952802	0.00780933259154533	0.928296611363772	0.0653835469148835	0.919787172243535	0.988332498841489	0.996037083302081	379	408.9	563	218	0.340234091185221	0.350071877504364	0.116637465253244	0.0898507238214006	0.0343007915567282	0.0415119734889484	0.0355239786856128	0.0284392844546256	0.119410469478863	0.0850691711368637	0.162008803347033	0.0812668883824842	0.916666666666667	0.939166666666667	0.952615384615385	0.25	FALSE	0	0	mildly_imbalanced	0.25	other	10	10	0.272727272727273	0.0909090909090909	0.272727272727273	0.0909090909090909	0.272727272727273	0.363636363636364
SRP229353	mouse	16	16506	32	628	0	0.8125	0.8125	0.636363636363636	0.757575757575758	0.796906512605042	0.0620044381538738	0.7820435040006	0.20569227312929	0.796906512605042	0.988876448926688	0.9709018550983	6	4.6	0	2.6	0.766666666666667	0.601111111111111		0.0446753246753247	0	0		0	0.131103842857993	0.222251014914966	0.316731737851369	0.0859117103431866	0.5	0.546190476190476	0.601190476190476	0.45	FALSE	0	0	mildly_imbalanced	0.25	liver	10	10	0.363636363636364	0.727272727272727	0.454545454545455	1	0.454545454545455	0.636363636363636
SRP229494	mouse	20	21547	673	741	14	0.894297635605007	0.894736842105263	0.666666666666667	0.874269005847953	0.829877294281858	0.12411826240903	0.700518737111566	0.146260437382918	0.829543131919273	0.999366155959903	0.999468604485451	30	53.4	46	102.5	0.239578201841717	0.242304138896503	0.044434041927528	0.0379398379122654	0	0.00553733031674208	0.0434782608695652	0.0387570795127419	0.00356474045354369	0.00532558499000062	0.755605489061415	0.129095763613204	0.928571428571429	0.907472527472527	0.865796703296703		FALSE	0	0	balanced	0	brain_cns	10	10	0.909090909090909	0.818181818181818	0.818181818181818	0.181818181818182	0.909090909090909	0.909090909090909
SRP229626	mouse	13	20841	790	692	26	0.382937469704314	0.384499245093105	0.735005452562704	0.64713216957606	0.597547257521048	0.106789792391724	0.602310726374397	0.233572203313335	0.600269006362253	0.984467469212041	0.990118405087584	0	201.3	1273	221.1		0.292720094113662	0.108074368465913	0.0505563916240393		0.036123045835677	0.0392772977219167	0.0245226825451125	0.178651210232089	0.13439784931977	0.180662282971737	0.0527167845495797	0.869565217391304	0.860943534726143	0.89503162055336	0.433333333333333	FALSE	0	0	mildly_imbalanced	0.214	brain_cns	10	10	0.181818181818182	0.0909090909090909	0.181818181818182	0.0909090909090909	0.454545454545455	0.545454545454545
SRP230248	mouse	16	20711	4684	751	123	0.962869729389553	0.962308852035322	0.875179634571957	0.959028511087645	0.957806758287721	0.00458312612407069	0.887028651445225	0.0677277068307793	0.957892092879698	0.999546644915835	0.999619480302674	94	122.3	83	78.7	0.354943854703952	0.349495460343965	0.119038646355394	0.0772875483244384	0.0106382978723404	0.0201193905578429	0.0120481927710843	0.0402602622053191	0.00402858170586925	0.00326691966465858	0.202622218678328	0.630031555144434	1	0.95	0.775		TRUE	0.6	0.9	balanced	0	brain_cns	10	10	0.909090909090909	1	0.727272727272727	0.272727272727273	1	1
SRP230420	mouse	84	21569	968	761	15	0.958205912334353	0.960539979231568	0.825641025641026	0.935922330097087	0.948534153288308	0.0260151097645422	0.842403390410909	0.119351781589521	0.948304247004095	0.999410957818899	0.99976700916699	28	18.9	13	33.5	0.243544818849079	0.177103520811261	0.0513211328011091	0.0786813836943568	0	0	0.230769230769231	0.0164153723616089	0.0165514576166643	0.0163243076109961	0.510300028666929	0.212573117497511	0.8	0.965277777777778	0.911944444444444		FALSE	0	0.2	balanced	0.027	brain_cns	10	10	0.909090909090909	0.454545454545455	0.727272727272727	0.0909090909090909	0.363636363636364	0.0909090909090909
SRP230425	mouse	8	24812	3214	835	242	0.610864510674276	0.599595323741007	0.61444782729034	0.610864510674276	0.618444505699373	0.0225658624866694	0.312548129738161	0.330002435134466	0.608016292703953	0.977252805007327	0.979725691657851	324	985.2	1517	388.8	0.20818775626275	0.650996328671032	0.0298482614072759	0.324703587078239	0.058641975308642	0.038502450345173	0.027027027027027	0.0825333593135451	0.242344444097477	0.215104708470348	0.0874540148133625	0.0945203431528866	0.466666666666667	0.681818181818182	0.743298368298368	0.313333333333333	FALSE	0.6	0.2	mildly_imbalanced	0.25	other	10	10	0.818181818181818	0.454545454545455	0.0909090909090909	0.454545454545455	0.0909090909090909	0.0909090909090909
SRP232913	mouse	12	21664	460	647	39	0.618661257606491	0.627753303964758	0.550898203592814	0.542553191489362	0.528168199711383	0.0438522431647177	0.466796356762527	0.169736891408262	0.536201420699998	0.979199518895445	0.995091553630752	155	211.7	33	9.6	0.625422709777918	0.76619419258396	0.00416316232127839	0.0741767289686063	0.12258064516129	0.0897522788995974	0	0.534210730789678	0.0464489971561871	0.00983575213343624	0.0153565876024055	0.090170540726307	0.5	0.795039682539683	0.615371572871573	0.1	FALSE	0.1	0.4	balanced	0	brain_cns	10	10	1	1	0.272727272727273	0.0909090909090909	0.363636363636364	0.0909090909090909
SRP233206	mouse	9	21958	6465	811	184	0.815872538704344	0.816774992262458	0.891613096127971	0.823351938452255	0.818483359561492	0.0136758080410865	0.796684202015297	0.161884079348088	0.819513726987541	0.988788200571393	0.988850816411648	1037	903.3	188	327.95	0.50761967054627	0.438475128837666	0.169032579448817	0.0965901101534036	0.0327868852459016	0.0314338065945018	0.0372340425531915	0.0446910689668156	0.133776422480014	0.126739512786128	0.167717394143696	0.10825150993236	0.939393939393939	0.921538069773364	0.918822256175197	0.233333333333333	FALSE	0	0	partially_confounded	0.3	brain_cns	20	20	0.476190476190476	0.523809523809524	0.285714285714286	0.571428571428571	0.666666666666667	0.666666666666667
SRP237364	mouse	10	18531	2	652	0	1	1	0	1	1	0	0.9	0.210818510677892	1	0.982379153846298	0.977663852180061	0	0	0	0									0.152728068380871	0.197024429307716	0.135891783375385	0.0803207525748561	0.769230769230769	0.77279304029304	0.702992350786469	0.32	FALSE	0	0	mildly_imbalanced	0.2	brain_cns	10	10	1	1	0.727272727272727	1	0.909090909090909	0.454545454545455
SRP237439	mouse	12	19846	74	617	1	0.707865168539326	0.704545454545455	0.707317073170732	0.707317073170732	0.680209449623096	0.0900729109929545	0.51047974395526	0.207160642863018	0.675988639957716	0.99838447354963	0.998439448756708	11	21.2	15	3.4	0.432006613218038	0.532771311246275	0.0169166666666667	0.00977132914931958	0	0	0	0	0.00890947695019381	0.00938880454668684	0.0209556156036956	0.051175472879978	0.75	0.842121212121212	0.659040404040404		FALSE	0	0.4	balanced	0	tumor	10	10	0.909090909090909	0.545454545454545	0.727272727272727	0.272727272727273	0.545454545454545	0.272727272727273
SRP237817	mouse	12	21672	101	747	3	0.668874172185431	0.675862068965517	0.456310679611651	0.775700934579439	0.749321106870247	0.0356019365148071	0.588286655617338	0.170027325791829	0.750106954288041	0.996306306067722	0.998661607276304	0	19.4	50	7.7	0	0.469275010566049	0.0566828538260829	0.0491024163500009		0.0312393253922489	0.06	0	0.0129739531918982	0.00677121373939673	0.0725949234546968	0.202916083484563	0.916666666666667	0.941304347826087	0.808253623188406	0.175	FALSE	0	0	balanced	0	brain_cns	10	10	0.636363636363636	0.0909090909090909	0.636363636363636	0.0909090909090909	0.909090909090909	0.272727272727273
SRP237911	mouse	8	19335	265	653	1	0.840277777777778	0.839721254355401	0.740601503759399	0.783088235294118	0.803289653612983	0.0280349241185265	0.709300460826376	0.125503165709486	0.802872574026971	0.961113461081903	0.968222917959292	23	41.1	23	13.5	0.597798998642494	0.579532849296966	0.389551282051282	0.206620046620047	0	0	0	0.0166666666666667	0.283779595403699	0.247927125635932	0.253483181933857	0.246470966668965	0.793103448275862	0.830259076810801	0.788939974457216	0.815	FALSE	0	0	mildly_imbalanced	0.25	gut	10	10	1	1	0.454545454545455	0.363636363636364	0.454545454545455	0.363636363636364
SRP238851	mouse	13	20665	687	699	27	0.816524908869988	0.811320754716981	0.767832167832168	0.86676217765043	0.861701013838614	0.0237550461748236	0.687407378785345	0.17123238342431	0.86152535346583	0.996071766145602	0.996092333120672	15	65.6	136	34.6	0.186438560463514	0.381736309961426	0.086787632802683	0.0397465936563313	0	0.0428084191217071	0.00735294117647059	0.0548803597652703	0.0666066118792141	0.0721035496801973	0.298420050787525	0.22453085954523	0.896551724137931	0.931263440860215	0.8645712166958	0.133333333333333	TRUE	0.4	0.5	balanced	0.095	brain_cns	10	10	0.636363636363636	0.0909090909090909	0.636363636363636	0.545454545454545	0.545454545454545	0.363636363636364
SRP251172	mouse	8	23248	1406	736	53	0.8522378908645	0.851592356687898	0.846473029045643	0.859181141439206	0.807938599396481	0.0341681893348321	0.690608780147858	0.205351934051112	0.80789133902385	0.99713376038287	0.997638962881424	16	201.4	225	85.3	0.101844037551031	0.390960453811469	0.104489927034038	0.0844054021333467	0	0.0367096188704623	0.0355555555555556	0.0101690778374441	0.016887882068531	0.0141703586523892	0.0604952579395271	0.409107734377041	0.875	0.834285714285714	0.804603543171655		TRUE	0.9	0.8	balanced	0	brain_cns	10	10	0.818181818181818	0.818181818181818	0.363636363636364	0.181818181818182	1	0.727272727272727
SRP256038	mouse	21	18756	7045	670	213	0.954614220877458	0.955842680675848	0.91240171058077	0.965704726056044	0.959176017360265	0.00751521034274067	0.930567006887819	0.0299889462130208	0.959287077093076	0.997838892302296	0.998804138235362	104	138	226	156.6	0.245533991696356	0.277229201437281	0.154436435437096	0.118095320770254	0.0384615384615385	0.0341246601006967	0.0663716814159292	0.0313476135416651	0.00936346222191371	0.00731897898288281	0.0636182037555724	0.0847007355914084	0.884615384615385	0.972769230769231	0.939031339031339	0.2	FALSE	0.1	0.2	balanced	0	brain_cns	10	10	0.636363636363636	0.272727272727273	0.636363636363636	0.0909090909090909	0.363636363636364	0.0909090909090909
SRP471095	mouse	17	21606	3613	723	128	0.945909214460451	0.9461820231051	0.84518942491142	0.940986257073565	0.943668845969908	0.00377417082602905	0.897064295866103	0.0519595103571726	0.943299089412862	0.998787220934907	0.998806856617803	133	115.6	66	93.2	0.391330119677963	0.341874506562012	0.0915639071056573	0.078691063629226	0.0451127819548872	0.0323834800937087	0.0303030303030303	0.0212352813589971	0.0195163646563009	0.019772815758668	0.109377658875521	0.286444618293031	0.958333333333333	0.979166666666667	0.954833333333333	0.5	FALSE	0	0	balanced	0.045	brain_cns	10	10	1	0.727272727272727	0.727272727272727	0.545454545454545	0.727272727272727	0.545454545454545
