study	n	n_genes	r_group_sex	vif	delta_f_signed	r_group_sexperm	vif_perm	se_ratio_M1_median	se_ratio_M1_q1	se_ratio_M1_q3	se_ratio_M1_panel_median	med_abs_l0	cor_l0_l1	n_deg_M0	n_deg_M1	dM1_med_abs	dM1_p99_abs	dM1_sd	dM1_top1pct_share_ss	dM1_gini_abs	dM1_excess_kurtosis	dM1_n_panel	dM1_panel_med_abs	dM1_panel_share_ss	dM1_panel_mean_pctile	dM1_panel_over_bg	se_ratio_perm_median	n_deg_perm	dPerm_med_abs	dPerm_p99_abs	dPerm_sd	dPerm_top1pct_share_ss	dPerm_gini_abs	dPerm_excess_kurtosis	dPerm_n_panel	dPerm_panel_med_abs	dPerm_panel_share_ss	dPerm_panel_mean_pctile	dPerm_panel_over_bg	xy_n_list_in_universe	xy_bg_share	xy_n_lost	xy_n_kept	xy_n_gained	xy_n_lostperm	xy_k_lost	xy_k_kept	xy_k_gained	xy_k_lostperm	xy_k_M0de	xy_share_lost	xy_share_kept	xy_share_gained	xy_share_lostperm	xy_random_share_lost_mean	xy_random_share_lost_q975	lost_med_log_lfc_ratio	lost_med_log_se_ratio	lost_med_log_t_ratio	lost_frac_lfc_shrunk_gt_se_inflated	organism
ERP004043	24	27494	-0.0436435780471985	1.00190839694656	-0.0444444444444444	0.305505046330389	1.10294117647059	1.01600047862809	1.00282017082523	1.02132046161009	0.276260242383493	0.198160810792497	0.994799139667851	0	0	0.00888379653760596	0.125200178626114	0.0360800047355712	0.563561774726721	0.600347071110383	221.879503980456	10	0.66220081374961	0.180897826566855	0.999407143376737	74.5830071829925	1.0623676113727	0	0.0728907699550172	0.371484348158766	0.121645827480134	0.159242920108989	0.4438021128923	2.59970716320775	10	0.081983073317355	0.000737315226522551	0.625521932057904	1.12499281304162	10	0.000363715719793409	0	0	0	0	0	0	0	0	0											human
ERP006121	17	22404	0.367806178960312	1.15644555694618	0.378787878787879	-0.632626627811737	1.66726813424756	1.07799662354921	1.04622359822282	1.09324020453805	0.33351641881399	0.797407171414716	0.960095660770014	106	27	0.165537202325382	1.68148911857461	0.447178968239709	0.246989686012485	0.550161858759827	8.46009995212645	9	3.83306599255383	0.0284245681317152	0.999588367156658	23.1603023693535	1.30383262476666	469	0.4134210628711	3.16198568281545	0.903539674715274	0.214465737141722	0.510521716237943	5.87668068072951	9	1.08334448922112	0.000626257585321749	0.660993076633141	2.62063306746776	9	0.000401713979646492	82	24	3	30	0	0	1	0	0	0	0	0.333333333333333	0	0.000487804878048781	0.0121951219512195	-0.0633077906915441	0.064983914298372	-0.123170178752848	0.414634146341463	human
ERP010889	15	24582	0.1	1.01010101010101	0.1	0.1	1.01010101010101	1.02347940061273	1.00114738463225	1.03303830063169	0.109933149251109	0.338002202372293	0.996887194412577	1769	1682	0.0101617629767333	0.289399620729201	0.0677706173204345	0.570859636980105	0.688388008498362	89.4782287104097	10	0.825155327156077	0.0914976856521357	0.997217476202099	81.2721642336675	1.02259290159986	1655	0.0155273239592708	0.358372052469001	0.0915351917698361	0.576958846422867	0.664333164584224	119.155584017598	10	1.26381642892085	0.0863510860152312	0.991363599381661	81.4395576423126	10	0.000406801724839313	208	1561	121	240	0	0	0	0	0	0	0	0	0	0.0003125	0.00480769230769231	-0.00362280342880413	0.0310806228398349	-0.0346909585678986	0.240384615384615	human
ERP010930	40	24162	0.167728925136262	1.02894736842105	0.166666666666667	0.066075031114285	1.00438505448884	1.01121055326993	0.99221494423059	1.0197613103599	0.199189542108927	0.306203400383188	0.993599872589578	2196	2706	0.028929646689453	0.231182301511033	0.06910734096869	0.381000015601389	0.512340236187783	48.992322853798	10	1.13513724073115	0.0989892649726741	0.999553017134343	39.2619489717857	1.00765231791766	1926	0.015936842066676	0.2097157984035	0.050153341994546	0.335700839736118	0.577139319013202	14.479204908688	10	0.130735941512784	0.0039260522723566	0.886544987997682	8.20946686012276	10	0.000413873023756312	52	2144	562	301	0	0	0	0	0	0	0	0	0	0.000865384615384615	0.0192307692307692	-0.0561817926304789	0.00508579815157345	-0.0607618482079004	0.942307692307692	human
ERP013206	19	28848	-0.458682472293863	1.26644736842105	-0.514285714285714	-0.216600056360991	1.04922500425822	1.07431422727049	1.01381605011868	1.10655969981781	0.254069459657103	0.908076925565125	0.97589115745879	8754	7805	0.214215749221558	1.33469873584719	0.418944857158805	0.193588992555703	0.479651291592713	4.83623431063151	10	3.41882502431936	0.0217913902746182	0.999774681087077	15.9648937771456	1.02262943482223	8473	0.0648862359647626	0.519929080363329	0.152827579725427	0.303452918369051	0.516419465541224	33.0420447057428	10	2.62539849198819	0.0818174471921572	0.93442872989462	40.4743496798295	10	0.000346644481419856	1750	7004	801	616	0	0	0	0	0	0	0	0	0	0.000302857142857143	0.00114285714285714	-0.19776014871626	0.0603757767716966	-0.247745753766506	0.78	human
ERP015831	14	24872	-0.0912870929175277	1.00840336134454	-0.1	0.228217732293819	1.05494505494506	1.01986915810119	0.986906379321753	1.03449701664217	0.353147206305036	0.814652940042601	0.99814003852288	4680	4786	0.02660578682259	0.39945928883222	0.0978899429301137	0.405362061338676	0.600472709975569	31.0527083393013	10	0.7447100241746	0.0341035182464797	0.976974107430042	27.9979111113193	1.03222664491366	5840	0.0849065254241507	0.742313427977648	0.192455623206086	0.271245258217396	0.515233340374943	9.58241584749626	10	1.07395456238554	0.0117504659106369	0.951246381473143	12.656682978898	10	0.000402058539723384	212	4468	318	123	0	0	0	0	0	0	0	0	0	0.00035377358490566	0.00471698113207547	-0.00600053065974281	0.0346816747984054	-0.0392515382210003	0.127358490566038	human
ERP022260	17	23096	0.17069718549973	1.03001200480192	0.192307692307692	-0.119488029849811	1.01448418563405	1.01623823786673	0.974924858894982	1.03326803960338	0.124026816665391	0.237555702965241	0.958365017113907	1	1	0.0422941408446825	0.748898294002211	0.171010002061136	0.393750893913258	0.61801724136704	27.1371087062111	10	1.55531732210083	0.0407717259838265	0.99441894700381	36.8129601604953	1.00402465805239	2	0.0304121347021955	0.581093755236987	0.141066102358333	0.431054778351115	0.640549165710298	53.7617892480735	10	2.22105707705888	0.105848349251885	0.997904399030135	73.0847916742691	10	0.000432975406996883	0	1	0	0	0	0	0	0	0		0									human
ERP022906	13	19200	0.21957751641342	1.05065666041276	0.225	0.21957751641342	1.05065666041276	1.01092697979197	0.95289693302359	1.04079058639366	0.218268947418611	0.425387992995065	0.955452702928841	208	229	0.0942968845662915	0.830113802934209	0.22594887039618	0.294035715368444	0.52306667011329	20.3484918868715	9	1.9786630204331	0.0400412134507538	0.999328703703704	20.9974667430579	1.05931907417779	194	0.0539567555216031	0.612184455214857	0.155797117473151	0.345756557858169	0.558867285956564	21.7450933831234	9	0.99111523168817	0.0275113661971843	0.894594907407407	18.3767873991621	9	0.00046875	27	181	48	50	0	0	0	0	0	0	0	0	0	0.000555555555555556	0	-0.0194200279352036	0.0370335047508357	-0.052883655095445	0.407407407407407	human
ERP022968	8	26362	-0.5	1.33333333333333	-0.5	0.5	1.33333333333333	1.20586796238123	1.16212233799103	1.22665314854054	0.0979677082484558	1.06834706064626	0.992387589124601	16646	14777	0.0996658076699674	0.829300770152668	0.266039608818671	0.477653136010086	0.522157655964697	105.197097513438	10	5.63514737587559	0.158169518324327	0.999753432971702	56.5703437280411	1.13129554237938	16185	0.159974291675895	0.967870009338453	0.298232573739865	0.257572201611	0.466859519644033	12.9471896184613	10	3.41782386177424	0.044435150290011	0.999127532053714	21.3744186485377	10	0.000379333889689705	2119	14527	250	1497	1	1	4	1	2	0.00047192071731949	6.88373373717905e-05	0.016	0.000668002672010688	0.000391694195375177	0.00141576215195847	-0.0820444322572707	0.193689210024941	-0.282295151506176	0.261915998112317	human
ERP023272	49	21527	-0.101437833900086	1.01039661147478	-0.075	0.00901669634667432	1.00008130742337	1.00950380581106	1.00033274477478	1.01307970646095	0.362605380910026	0.259401099266399	0.996426084881387	1927	1824	0.012541672969993	0.158049891264012	0.039202278642096	0.33334698560609	0.576404656702717	19.1884274660863	5	0.156922634353212	0.0173023825629362	0.990755795048079	12.5156045023204	1.00445252198567	1918	0.003902288577152	0.116273763121313	0.0263918526908713	0.419318070540262	0.707124938586717	27.441291488362	5	0.032162766741446	0.000904790090652824	0.855307288521392	8.24505252317582	5	0.000232266456078413	150	1777	47	47	0	0	0	0	0	0	0	0	0	4e-04	0.00666666666666667	-0.0263659208434549	0.00823687397496433	-0.033453903647643	0.8	human
ERP104782	11	20821	0.559016994374947	1.45454545454545	0.5	0.149071198499986	1.02272727272727	1.21697289253596	1.14975748522882	1.24602872990776	0.170446412644333	0.31510971475452	0.897845214093433	0	409	0.145723598296482	1.29095841651815	0.37308040734981	0.319624188398896	0.533195115906153	33.1344632644111	10	5.67618669513372	0.101336428027316	0.999683012343307	39.0058201633491	1.0313704793258	0	0.027075457660017	0.316411693973358	0.0775845257376338	0.402868032922452	0.552685635663571	28.5564951806287	10	0.0367503205151603	0.00109713490540947	0.561634887853609	1.35739721942731	10	0.000480284328322367	0	0	409	0	0	0	1	0	0			0.00244498777506113								human
ERP104864	61	24207	0.00567504353839166	1.00003220715643	0.00555555555555554	0.00567504353839166	1.00003220715643	1.00457045783179	0.997224177323727	1.00749340017888	0.282996859251005	0.341092781911504	0.999731804314711	9237	9203	0.001973495555218	0.0682034311966115	0.0224502836090217	0.769369612647022	0.73020903292732	643.144090795923	10	0.619460084164837	0.422823327200351	0.999772792993762	314.028048452702	1.005969142434	9187	0.0026426558780499	0.0557115258508514	0.0137257011057363	0.503485975132876	0.656651939050965	104.046363051202	10	0.0195898129595293	0.00384235072673283	0.847725864419383	7.41491559806673	10	0.000413103647705209	85	9152	51	84	0	0	0	0	0	0	0	0	0	0.000176470588235294	0	-0.00799438000858029	0.00636816255527644	-0.0117005852014691	0.552941176470588	human
ERP105501	70	23532	0.25	1.06666666666667	0.35	-0.0833333333333333	1.00699300699301	1.03334100612392	1.02060267415451	1.0393679650534	0.117628081280778	0.301579555110207	0.979500479258193	7335	6857	0.0436560597562168	0.335527029627914	0.131702721256425	0.610039028055776	0.51703000136617	353.008173897574	10	3.45196627187331	0.292194467532078	0.999711031786503	79.1067290677651	1.00622761925481	7167	0.00879066050172599	0.205701449564317	0.0459139725018898	0.554243854917301	0.652801794881756	49.6358104064478	10	0.0960129759187898	0.00249763342564083	0.956480537140914	10.9273026207687	10	0.000424953255141934	881	6454	403	246	5	2	1	1	7	0.00567536889897843	0.000309885342423303	0.00248138957816377	0.0040650406504065	0.000402951191827469	0.00227014755959137	-0.134915844017294	0.0276945637749361	-0.160960367263245	0.878547105561862	human
ERP106168	10	20678	0.2	1.04166666666667	0.2	-0.2	1.04166666666667	1.04916442775064	1.00705355469056	1.06657144634485	0.250954298270249	0.425036216637054	0.981925734379045	0	2	0.0658929904442385	0.637917834214818	0.175294080668629	0.444282768245754	0.529588826202915	60.2277098851452	10	2.9138581771885	0.134380276445535	0.999584099042461	44.2445418678709	1.05580359654039	0	0.055486283704079	0.609546139841464	0.149691091180029	0.422818383993338	0.536322270814072	35.797161282062	10	0.838893075423486	0.0161964747847407	0.9915223909469	15.1302661892282	10	0.000483605764580714	0	0	2	0	0	0	0	0	0			0								human
ERP106487	21	23917	-0.180906806746658	1.03383458646617	-0.163636363636364	-0.180906806746658	1.03383458646617	1.03000964867279	1.01336666292977	1.03631160190168	0.0737325566519784	0.232055136719284	0.993853331965257	3421	2935	0.01575029100852	0.258158193712944	0.0679884973188964	0.581330887871027	0.610752656815685	108.786331075938	10	1.20259889391736	0.144345269124652	0.999636242003596	76.3775709344155	1.02484706208932	3204	0.023695465773812	0.242133741006662	0.0609551706149939	0.301809821762345	0.538025061389126	11.8844305643798	10	0.422893832062793	0.0188235559973379	0.956349040431492	17.8509485636319	10	0.000418112639545093	533	2888	47	389	0	0	0	0	0	0	0	0	0	0.000422138836772983	0.00375234521575985	-0.0329569810105409	0.0287068488927416	-0.0581398425466439	0.540337711069418	human
ERP106532	14	24355	0.055048188256318	1.00303951367781	0.05	-0.330289129537908	1.12244897959184	1.02098771066866	0.991423027463209	1.03362484814772	0.137782151752923	0.202099000615211	0.985333182953934	0	0	0.011060711133908	0.322208654271522	0.077213958052954	0.734590607537757	0.680382326019182	106.02799350079	10	0.562774198534426	0.0251419645098749	0.984886060357216	50.9111933458832	1.08192900063807	0	0.077330395570471	0.611834225525767	0.174953369299076	0.294183115050265	0.50764164093159	14.5941904510975	10	1.96387790515964	0.0490088237563419	0.99937589817286	25.415952789009	10	0.000410593307329091	0	0	0	0	0	0	0	0	0											human
ERP109255	69	24456	-0.0953820966476532	1.00918127323773	-0.0873015873015873	0.0375747653460452	1.00141385916624	1.00767041918924	0.996321849752457	1.01232230716944	0.393739885572833	0.189355287722673	0.992718709175885	4395	4453	0.013809063241883	0.121737393362691	0.0434462433832959	0.633039334852409	0.528921405465167	274.445451153073	10	1.09057873594303	0.252407808006179	0.999705593719333	79.0047601151561	1.00099794304899	4397	0.00288321411109799	0.0434294389533661	0.0103649776408701	0.517887889677555	0.592466442977022	62.0275957870118	10	0.017229089124267	0.00246613631351755	0.872636571802421	5.97818711262722	10	0.000408897612037946	191	4204	249	65	0	0	0	0	0	0	0	0	0	0.000418848167539267	0.00523560209424084	-0.0576375896806231	0.00418656000619493	-0.0570706578153591	0.884816753926702	human
ERP109626	31	22473	0.0928344419826694	1.00869315324377	0.0916666666666667	0.0928344419826694	1.00869315324377	1.01431972593793	1.0020221585915	1.01909644939634	0.151349041130172	0.412879653465535	0.999069759954881	9645	9559	0.0101742987158829	0.122716103562347	0.0365790129192137	0.542773445423087	0.573611226412864	306.008928376246	6	0.352468550016866	0.0726690275858255	0.944615019504887	34.647975192082	1.01208033981896	9388	0.0124648717516263	0.14211350592049	0.0356148895618677	0.317324232379137	0.559435477289223	17.5424491439006	6	0.072667268989721	0.00109009396609396	0.941003278007683	5.83179033543387	6	0.00026698705112802	222	9423	136	336	0	0	3	0	0	0	0	0.0220588235294118	0	0.000382882882882883	0.00450450450450451	-0.0251475898083884	0.0134761519378307	-0.0379372552939692	0.630630630630631	human
ERP110099	13	21164	-0.317542648054294	1.11214087117702	-0.275	-0.317542648054294	1.11214087117702	1.05392915793176	1.01781699236263	1.07227910583784	0.199922284944769	0.560109946331433	0.982107001720276	5964	5370	0.0640136819847315	0.703164472705126	0.173214430545095	0.335138346399022	0.545471240910227	25.3201646172298	8	2.20351642080129	0.0697241970321337	0.999793281043281	34.4322680704621	1.06253445088772	4470	0.0733144087740555	0.604215488322977	0.163806043025365	0.223629918231881	0.51220218983592	7.00299009669267	8	0.219973232340525	0.000701663267613321	0.769685550935551	3.00120798773158	8	0.000378000378000378	998	4966	404	1630	0	0	2	0	0	0	0	0.00495049504950495	0	0.000415831663326653	0.00200400801603206	-0.0671909453308473	0.0586869836438503	-0.127859432808594	0.526052104208417	human
ERP113396	43	24598	0.0294845987557234	1.00087009797612	0.0288888888888889	-0.0680413817439772	1.0046511627907	1.00459327631622	0.991196103104382	1.01015403160682	0.126256756256936	0.148431061537946	0.995247059687584	0	0	0.00361839934875153	0.146589473504514	0.0328427585379092	0.552137289733137	0.733313904948252	75.7723629151906	10	0.267543291573311	0.032267118065629	0.987588421822912	74.0433749305993	0.995711797012019	0	0.0128514348262602	0.225224185462974	0.0520178645419642	0.449876063366336	0.615325649148856	43.9849079073159	10	0.146775789422906	0.00871897690186303	0.919847142044069	11.4281311639574	10	0.000406537116838767	0	0	0	0	0	0	0	0	0											human
ERP114636	46	24074	-0.0434782608695652	1.00189393939394	-0.0434782608695652	0.130434782608696	1.01730769230769	1.00408942680229	0.991740372383256	1.00947033495076	0.126448681608834	0.177838730703423	0.997839938175859	1	1	0.0040364215976785	0.100523597800022	0.0274948227028011	0.669233024963898	0.677868516223153	217.290357836731	10	0.160618085856774	0.0471245918376321	0.991260280800864	39.8076415360219	1.01483006890316	1	0.012874467745824	0.18727212781615	0.0457027885051215	0.460186481189933	0.589731876521947	44.4932194085629	10	0.200835485251241	0.0100125721555799	0.955748940765972	15.6051340088564	10	0.000415385893495057	0	1	0	0	0	0	0	0	0		0									human
ERP114936	9	21619	-0.395284707521047	1.18518518518519	-0.25	-0.395284707521047	1.18518518518519	1.13555112447642	1.10177615915006	1.15133749475997	0.18606402233302	0.322585130582103	0.957604714519984	0	0	0.083240957061151	0.72401763819376	0.199665582300925	0.253673749725739	0.525148503134692	11.9002725844496	1	3.01509499241245	0.0104277555393906	1	36.2225759098576	1.15129727577987	0	0.06724895623145	0.729955752333941	0.186641632261055	0.26955060760646	0.556350871531012	9.92573410359254	1	0.94277598676747	0.00117715604633002	0.996253295712105	14.019250210852	1	4.62556084925297e-05	0	0	0	0	0	0	0	0	0											human
ERP115010	292	23722	0.0113900693069332	1.00012975051183	0.0119176041506138	-0.0746245920109419	1.00560001526431	0.998901365267566	0.993369192246639	1.00110100121671	0.152993381067181	0.0737947353330557	0.998829682169547	5889	5992	0.000612023244111414	0.0156481410607411	0.00660541438336883	0.878173596300271	0.695509145312666	1429.24590539217	9	0.197886751275156	0.467637949615366	0.996885216723342	323.362960683273	1.00343675773928	5954	0.00236504579019406	0.0201317184480725	0.00575686176296164	0.34101380332326	0.519079173962052	54.3655422320646	9	0.0104145443577871	0.00187893077420811	0.88052815483049	4.40520536878148	9	0.000379394654750864	8	5881	111	71	0	0	3	0	0	0	0	0.027027027027027	0	0	0	-0.013920769446944	-0.00397142549450206	-0.0113544840106345	1	human
ERP115036	20	32108	-0.524142418360959	1.37878787878788	-0.5	0.104828483672192	1.01111111111111	1.17495657204271	1.13650602463705	1.19119333285154	0.18728769336814	0.261590154183482	0.869086020288929	361	7	0.108248356546793	1.30472624076276	0.330066473592284	0.278284544452392	0.574630563058008	18.3794277877412	5	4.99710194410559	0.0310573121141385	0.998810265354429	46.170792390581	1.00486055575022	427	0.0221454304499369	0.831032256098848	0.177865214552406	0.381208277073183	0.720909579986409	19.2862664380418	5	0.0520175016243698	1.10590993447419e-05	0.608471408994643	2.34898600735303	5	0.000155724430048586	354	7	0	13	0	0	0	0	0	0	0		0	0.000155367231638418	0.00282485875706215	-0.0926158943037407	0.151704840300608	-0.247568858562357	0.361581920903955	human
ERP116722	26	26284	0.0154303349962092	1.00023815194094	0.0190476190476191	-0.18516401995451	1.03550295857988	0.996598797499915	0.966185623702164	1.01046220878392	0.0840676912541457	0.203713024313429	0.971234164599996	0	0	0.00739223876623546	0.447867296593694	0.0955030070350347	0.418584310767484	0.770113830922135	25.3748572559543	10	0.222827572004556	0.00430471117209646	0.91298889057982	30.162429984991	1.01741202831587	1	0.03313121456074	0.593917490668046	0.130718363952036	0.302591073154527	0.628336432504833	12.310400847701	10	0.174746786935992	0.000681140345366279	0.816447268300107	5.27597878720703	10	0.000380459595190991	0	0	0	0	0	0	0	0	0											human
SRP003726	14	19942	-0.277350098112615	1.08333333333333	-0.142857142857143	0.277350098112615	1.08333333333333	1.05424177982189	1.03189238938041	1.06683268065215	0.99419725597109	1.50884341963903	0.991076335257421	4653	4435	0.180982919108335	0.984854768716244	0.330449725083445	0.119344603989128	0.468591336885405	1.53417413051588	5	0.73037489656034	0.00201262705640291	0.958339183632534	4.03635869712199	1.05239221753697	3843	0.17013607071876	0.846200211921375	0.292255874879149	0.0964545401434419	0.456033546896987	0.895188426851513	5	0.412081092091079	0.00071522991449762	0.754367666232073	2.42223267487268	5	0.000250727108614983	530	4123	312	912	0	1	0	0	1	0	0.000242541838467136	0	0	0.000273584905660377	0.00188679245283019	-0.0449590104736844	0.055150002794985	-0.10121174150961	0.407547169811321	human
SRP005279	33	20440	0.124336474228319	1.01570230960249	0.145	-0.158636191256821	1.0258150892874	1.00775830599694	0.980255071957645	1.01777714679753	0.464121799110828	1.57452104542197	0.997825827712475	6364	6373	0.0951774412182649	0.60246635017744	0.168707411444562	0.178288115222065	0.492123167722251	4.91273859133289	9	1.45095398367809	0.0250920682536368	0.99922809306371	15.2596376991776	1.01812296034709	6258	0.09017494163914	0.472764877075411	0.153518653311687	0.152204870053748	0.454234879570148	2.98483605692779	9	0.153027151413212	0.00110410041430985	0.599325940421831	1.69714519355987	9	0.000440313111545988	257	6107	266	297	0	0	3	0	0	0	0	0.0112781954887218	0	0.000505836575875486	0.00389105058365759	-0.073080018554219	0.00183866243290051	-0.0676905088039112	0.863813229571985	human
SRP007584	23	16895	-0.0317820863081864	1.0010111223458	-0.0303030303030303	0.150964909963885	1.02332192002067	0.99436125769577	0.955640621139626	1.0094261188312	0.28467307222869	0.735965697379524	0.995618611641731	4482	4594	0.02386502251714	0.606457051823935	0.146363402310632	0.333115537336907	0.692195450959346	17.1952540285043	10	0.133927328407706	0.00571313253180891	0.801544835750222	5.61394910099145	1.0144005068863	4172	0.0463863622858161	0.690881120076202	0.174088295777725	0.256665902780356	0.612585012010053	9.06743191279262	10	0.29386330665341	0.00397413069147879	0.754572358686002	6.33731317553523	10	0.000591891092039065	152	4330	264	439	0	0	5	0	0	0	0	0.0189393939393939	0	0.000361842105263158	0.00657894736842105	-0.0988978161558776	-0.00739495811043612	-0.0871829928554118	0.894736842105263	human
SRP008496	12	25797	-0.0755928946018454	1.00574712643678	-0.0571428571428572	-0.0755928946018454	1.00574712643678	1.01962172489195	0.982950029379756	1.03585431825994	0.414614674054066	0.993960204866594	0.99730040916768	8998	8669	0.023021310088875	0.574766980972548	0.146028560884754	0.518479658106526	0.679020143922075	93.0844813539142	9	0.46065913701311	0.00540723881746212	0.952643072191857	20.0243875811513	1.01835605015777	8652	0.031948296977728	1.0377233922072	0.227269969737307	0.367048862484995	0.703761800983632	19.6165472019482	9	0.141929010371973	0.000116208366625352	0.720721186356725	4.44515417340171	9	0.000348877776485638	539	8459	210	603	0	0	4	0	0	0	0	0.0190476190476191	0	0.000352504638218924	0.00185528756957328	-0.018170720786939	0.0294684584257757	-0.0469148113464083	0.454545454545455	human
SRP010181	124	18545	0.0162328251185891	1.00026357406431	0.0161290322580646	-0.113629775830124	1.01308061932728	0.999585063232929	0.991208525064387	1.00282569116192	0.273446259199199	0.587567092584493	0.999811481137467	8886	8911	0.00590954455537984	0.0972846916683955	0.0250259220159245	0.453337080762711	0.623552902648469	122.852709183585	10	0.199421966902196	0.0807786420764423	0.966832030196819	33.7965847625023	1.00556337404804	8900	0.016145303976099	0.158455281252864	0.0438835601735664	0.170920435881879	0.565934756523881	3.69485555645908	10	0.0433867119732865	0.00240600267200743	0.742286330547317	2.69190188883145	10	0.000539228902669183	65	8821	90	145	0	0	9	0	0	0	0	0.1	0	0.000692307692307692	0.0153846153846154	-0.0329162546160983	-0.00148920177248048	-0.0282032455341808	0.923076923076923	human
SRP015668	33	18817	-0.019990406906475	1.00039977612537	-0.0183823529411765	0.11194627867626	1.01269101269101	1.01104950293927	1.00546714948785	1.02045203346695	0.972106278004997	0.554835747214895	0.99894957332919	0	0	0.011830874153026	0.133109401970565	0.0356994591296316	0.227369666302467	0.555572419446806	7.7173232588747	10	0.0737203906946371	0.00562946091105004	0.929659350587235	6.23594015597919	1.01848118313285	0	0.067567771192665	0.2406353496479	0.068262813862843	0.110703272767693	0.381563861883028	1.54916223960223	10	0.07002441497181	0.000477306426734922	0.534309401073497	1.03648545465217	10	0.000531434341287134	0	0	0	0	0	0	0	0	0											human
SRP017262	15	22955	0.661437827766148	1.77777777777778	0.7	0.0944911182523068	1.00900900900901	1.40836470324722	1.3570488223108	1.46700254028353	0.491560488488182	0.49339160042828	0.744483084791297	0	0	0.33245950980113	2.42324542276403	0.71147599175833	0.213189175282943	0.501700776461173	8.41090658256406	9	7.14687717074478	0.0401561414348626	0.999801544083836	21.5008349801628	1.01969774505036	0	0.03644794969351	0.821022334358321	0.183304062543383	0.414440739331628	0.656144590971431	25.9622247469366	9	0.1385911383121	0.000700747242494093	0.81692683753237	3.80361810758045	9	0.000392071444129819	0	0	0	0	0	0	0	0	0											human
SRP019994	60	17156	-0.161164592805076	1.02666666666667	-0.0892857142857143	0.201455741006345	1.04230118443316	1.02203572605525	1.01455278168244	1.02568085306577	0.599663973860518	0.352273706444675	0.994696306184884	1973	1819	0.036426870297759	0.255428405672708	0.0745908805211451	0.206194893607751	0.489926845397412	6.3479959062469	1	0.666045363624924	0.00464406429203779	0.999941711354628	18.2873268675643	1.02598411347045	1752	0.043239894423932	0.375460747361318	0.101418670018114	0.270785060402002	0.520146592663021	11.5151919850214	1	0.08864177392145	4.44241778799941e-05	0.77168337607834	2.05036567617372	1	5.82886453718816e-05	229	1744	75	293	0	0	0	0	0	0	0	0	0	6.55021834061135e-05	0	-0.0510451852375048	0.0200498279840759	-0.0700928691217883	0.737991266375546	human
SRP026042	13	24046	-0.625	1.64102564102564	-0.625	0.35	1.13960113960114	1.29429326396057	1.2383410483001	1.32519176474083	0.201761964976157	0.413692017095244	0.939104360742472	7653	3292	0.139651720703911	1.05923574739772	0.346265107480385	0.406190666830458	0.514527991460187	69.4998864456789	10	6.36062398346148	0.137924906778518	0.999742160858355	45.5724283805185	1.08950689753257	7061	0.0531909216032658	0.494340375137754	0.129734569394905	0.320899181554893	0.522838162521864	27.6712467832943	10	0.641983267334915	0.0101329664210788	0.989066788655078	12.0764013405596	10	0.000415869583298678	4463	3190	102	1042	1	0	1	0	1	0.000224064530584808	0	0.00980392156862745	0	0.000410038090970199	0.000896258122339234	-0.170811937730809	0.25395178813272	-0.435520125318918	0.376204346851893	human
SRP026208	25	16480	-0.0829184989234173	1.00692307692308	-0.077922077922078	-0.0829184989234173	1.00692307692308	1.00806133947056	0.984144564517554	1.01814389038397	0.116928208906068	0.167216766716047	0.975957202003706	0	0	0.0157111622747346	0.292349955575302	0.0727777248243685	0.577384796491727	0.627792024519582	77.8501884185039	10	0.944190170092934	0.106497481571386	0.904186893203883	60.1647419286787	1.00936739135154	0	0.00720655603803799	0.197320831796244	0.0430966828039943	0.55845562533717	0.679492382533619	55.3423604802572	10	0.243357028673763	0.0211506863455487	0.917736650485437	33.7931771424143	10	0.000606796116504854	0	0	0	0	0	0	0	0	0											human
SRP027383	84	24884	-0.0215121482329416	1.00046298677916	-0.0216346153846154	-0.121902173320002	1.0150842945874	1.0039986657313	0.999338992075321	1.00583902073797	0.156014277419374	0.386835580993911	0.999883213418187	13674	13645	0.00205434812216869	0.0418884480867428	0.0140579279194823	0.763833544525108	0.653626915727905	636.436274525593	10	0.474051970044205	0.36001989361235	0.999678508278412	230.872053149918	1.01026154255443	13745	0.015004541110751	0.140670878671975	0.03673263236023	0.277247610645735	0.527579104225567	10.9287255913953	10	0.081752509868127	0.00420641379831494	0.914563574987944	5.44973609303171	10	0.000401864651985211	74	13600	45	219	0	0	3	0	0	0	0	0.0666666666666667	0	0.000202702702702703	0	-0.00752135052770075	0.00451306040744789	-0.0107806979135035	0.594594594594595	human
SRP027530	18	24325	0.0790569415042095	1.0062893081761	0.075	0.316227766016838	1.11111111111111	1.02038272208015	0.99770845924002	1.02956582930728	1.02282895706793	0.200193828299728	0.987662287035582	0	0	0.0112573728754223	0.366487397012155	0.0809137678900505	0.600404193397382	0.697352737262796	65.5106157843983	7	0.33270894279635	0.00677709285520611	0.83960651886654	29.6031199032769	1.06614147379306	0	0.055414165800156	0.518705786046995	0.13426164490618	0.314029488107852	0.52419734745374	15.3052581094284	7	0.2762234528162	0.00180933763354243	0.894306269270298	4.98542931448189	7	0.000287769784172662	0	0	0	0	0	0	0	0	0											human
SRP032279	110	19883	0.00572251336249561	1.0000327482316	0.00638569604086847	0.00572251336249561	1.0000327482316	1.00021562689806	0.993207974348559	1.00355093289469	0.26899332878763	0.12472544277716	0.996823448729553	0	0	0.0017195540765907	0.0864653922118451	0.0190285616041536	0.506476572630379	0.753087159618397	75.8946392193935	10	0.0635107402773632	0.0320166207194825	0.973032238595785	36.9790721057586	1.00204620112375	0	0.0015301336795248	0.0577705352227073	0.0133175184715926	0.479243889538838	0.727003271315102	42.3292902124902	10	0.0343955225966524	0.0112995811733097	0.913021173867122	22.5021810644023	10	0.000502942211939848	0	0	0	0	0	0	0	0	0											human
SRP032775	29	22891	0.0382779501175476	1.00146735143067	0.0380952380952381	0.315793088469768	1.11077204760452	1.01053205134053	0.997165515639561	1.01555535553728	0.0876320670723611	0.0949673204455794	0.99416379541586	0	0	0.0037982499356887	0.0761712619117848	0.0213614413934329	0.663780009441228	0.646402570463426	271.409159297387	9	0.34908798805631	0.151590276925679	0.999305889262641	91.9425443554832	1.05408942365859	0	0.0323950842209356	0.222727151995505	0.0847236601920572	0.543782233578968	0.500643134862617	306.559194299129	9	2.61073033733399	0.281578612255453	0.999611686300778	80.6313206013402	9	0.00039316762046219	0	0	0	0	0	0	0	0	0											human
SRP033095	15	26666	0.0714285714285714	1.00512820512821	0.0714285714285715	0.339285714285714	1.13009009009009	1.008207652019	0.970592464125696	1.02523976561559	0.08267714261351	0.292941065878733	0.994149218411049	687	667	0.0126869245705859	0.298837127917087	0.0686040832505327	0.520219764619564	0.663569131879362	110.87763857328	10	0.253013015476391	0.00818966247472392	0.939398484962124	19.9485479495067	1.07548027940348	455	0.061574199548781	0.665086934668019	0.164385918785201	0.2598215444716	0.547806369578551	8.23273908616491	10	1.00940741451966	0.0130931619742289	0.985149628740719	16.3979168481849	10	0.000375009375234381	73	614	53	280	0	0	1	0	0	0	0	0.0188679245283019	0	0.000479452054794521	0.0136986301369863	-0.00738163406614487	0.0242013096842183	-0.0297882355253462	0.273972602739726	human
SRP033276	11	19693	0.0690065559342354	1.00478468899522	0.0666666666666667	0.0690065559342354	1.00478468899522	1.02066001102839	0.982307508664763	1.03732666468269	0.321916314817646	0.484145744642227	0.990090983894712	159	143	0.018653472545699	0.633238080692123	0.13791264353523	0.54047836002581	0.71050312454059	79.0999824670357	3	1.57160785022695	0.0186921064876709	0.99531136275157	84.2539745693185	1.01604089940848	130	0.0283615211696279	0.614004412110345	0.141481356334406	0.442193890172241	0.651305657910108	36.6010164839074	3	0.0503822949486801	6.56335509791655e-05	0.736166827468305	1.77681667411941	3	0.000152338394353324	40	119	24	41	0	0	1	0	0	0	0	0.0416666666666667	0	0.00025	0	-0.00234996749987752	0.0311043520875093	-0.0362685150126918	0.35	human
SRP033725	21	24535	0.0454545454545455	1.00207039337474	0.0454545454545455	0.236363636363636	1.05917366946779	1.02061776589978	1.00843677907704	1.02491562352184	0.262849654005978	0.191844634614677	0.99639248058522	0	0	0.0053435693642889	0.0518467718329723	0.028670783242809	0.846368503545073	0.576753835476256	715.584393547223	10	0.847304931668735	0.373044720320088	0.999604646423477	158.665786234019	1.05580803049973	0	0.035000938026257	0.246060017060971	0.0758401012793146	0.247307331716622	0.500623392876023	16.1591454681815	10	0.618986641433589	0.0350594006043063	0.999335642959038	17.6904504624425	10	0.000407581006725087	0	0	0	0	0	0	0	0	0											human
SRP034831	15	25559	0.0800640769025435	1.00645161290323	0.0555555555555555	0.0800640769025435	1.00645161290323	1.01323778441805	0.983911588779743	1.02805570938612	0.132758591922112	0.14815623311687	0.995355173473896	0	0	0.0104121516047693	0.0849639614713059	0.0251602309157461	0.405826400258223	0.50583137779952	285.509777903373	2	0.455162198314262	0.0256039835708743	0.999902187096522	43.7246268362681	1.02633033401232	0	0.00744010768889802	0.0751612602551009	0.0227676725336224	0.515628826470859	0.543527167217834	376.156113822036	2	0.434013118446209	0.0287880331302589	0.999784811612348	58.3391949273473	2	7.82503227825815e-05	0	0	0	0	0	0	0	0	0											human
SRP035524	10	23339	0.218217890235992	1.05	0.2	0.218217890235992	1.05	1.04764081965056	1.00774166481808	1.06489441589665	0.339050809779131	0.225753049802909	0.912116092742144	0	0	0.0443849516697736	1.00840347028455	0.237298450155352	0.48582172451938	0.658825637711111	60.219419957457	9	3.84334701090335	0.103006535748953	0.999733398079514	86.6248735086277	1.04524862400944	0	0.0440092883272671	0.829190336431931	0.184881801673828	0.395849055680484	0.625495562001765	27.1558041707075	9	0.47135244961704	0.00289462910349495	0.898329453323241	10.7163629860238	9	0.000385620634988646	0	0	0	0	0	0	0	0	0											human
SRP035988	173	24806	-0.0591428296209246	1.00351015236731	-0.0566290928609769	0.062085956213435	1.00386958190458	1.00285017884055	0.999050625745684	1.00429393139366	0.106088703019766	0.354446782780174	0.999656043546486	19022	19040	0.00312452169728758	0.0380153213615764	0.0224180461058125	0.908253544091403	0.626969776176227	272.523667776624	10	0.421169192658564	0.162597410619284	0.99939127630412	134.85868564795	1.00256332821037	18973	0.00340513688794598	0.0233164622570947	0.00734676943541275	0.383328838862651	0.485301830933721	37.30164481146	10	0.0122019415446435	0.0173552048672654	0.866745948560832	3.58447073057719	10	0.000403128275417238	75	18947	93	100	0	0	5	0	0	0	0	0.0537634408602151	0	0.000266666666666667	0	-0.0330353152441377	0.0018541076754456	-0.0342214219396017	0.973333333333333	human
SRP036821	19	21227	0.394405318873308	1.18421052631579	0.2	0.394405318873308	1.18421052631579	1.12255748489825	1.10034261629307	1.1381418518596	0.526219976118047	0.723135701205774	0.953463768838797	1224	978	0.24644690712533	1.29655168738608	0.434193814020054	0.123378273764598	0.463325737494242	1.59202882804853	1	1.60424178669642	0.000635832032812657	0.997597399538324	6.50970313111536	1.07253778070934	635	0.265463731574212	1.24779610517253	0.445347881964536	0.0902193862345579	0.464298207595922	0.0833838567105505	1	0.40443686177573	3.41175138851738e-05	0.664059923682103	1.52370186686422	1	4.71098129740425e-05	412	812	166	641	0	0	0	0	0	0	0	0	0	3.64077669902913e-05	0	-0.061637274420441	0.11161867803585	-0.178038111178116	0.366504854368932	human
SRP036848	72	22606	-0.122021866958741	1.01511437908497	-0.0285714285714286	-0.122021866958741	1.01511437908497	1.01225778649098	1.00821836325487	1.01405791671043	0.512145243197303	0.207298292655525	0.993305431993691	72	74	0.013972038473333	0.190174949125843	0.0382396516682434	0.474627091533502	0.532059055427253	24.1311225189122	10	0.272726308629118	0.0195242065293826	0.985340175174732	19.53278188606	1.01216958577172	46	0.0122284730036813	0.140996651732735	0.0334238617736679	0.225423975582307	0.552019419795177	7.35645229326462	10	0.00759867238022149	4.33673825143604e-05	0.326762806334601	0.621074341966445	10	0.000442360435282668	9	63	11	26	0	0	0	0	0	0	0	0	0	0.000555555555555556	0	-0.0198903144689414	0.010858344724033	-0.0307486591929746	0.777777777777778	human
SRP040622	13	25360	0.0975900072948533	1.00961538461538	0.0952380952380952	0.0975900072948533	1.00961538461538	0.994523161923769	0.923398200688727	1.03037526026373	0.298325211572449	0.323437874027536	0.953818919871803	0	0	0.082845450981076	0.671431967747052	0.18415432939688	0.222928357865489	0.519561234654955	7.7497465977556	10	0.97260445242142	0.0170281304068053	0.995796529968454	11.7499562608135	1.03264110001023	0	0.0129157894931129	0.320002969457027	0.0741112865034627	0.50437522198188	0.674857551923225	54.4266405906945	10	0.0586318320907699	0.00170195865622008	0.781526025236593	4.54099656636881	10	0.000394321766561514	0	0	0	0	0	0	0	0	0											human
SRP041620	11	22609	0.1	1.01010101010101	0.1	-0.266666666666667	1.07655502392344	1.03260812564697	0.998397374159542	1.04746961251107	0.142290001895834	0.264886513542761	0.993276000573572	10	15	0.017163796579751	0.216590592334004	0.0610713517165949	0.575450195485107	0.571579053001863	115.252768875742	9	0.776802097819996	0.0600003334233337	0.98585617330365	45.2978290378105	1.03835938206129	0	0.049390268026685	0.450420041132196	0.122038875494078	0.280865758337087	0.530045564012099	12.519961362237	9	0.120859755840304	0.000537364102104482	0.760695101753972	2.44811682116181	9	0.000398071564421248	1	9	6	10	0	0	0	0	0	0	0	0	0	0	0					human
SRP042086	18	25377	-0.341881729378914	1.13235294117647	-0.350649350649351	-0.113960576459638	1.01315789473684	1.07340809751746	1.03994479144336	1.08764440613809	0.09374510761892	0.158250336184709	0.938664096370496	197	28	0.042260585102415	0.512538164824916	0.147423816418375	0.529664339230465	0.574818433890409	120.601651449156	10	2.73696304042109	0.139989462967742	0.999523190290421	64.8069437588924	1.02261758837246	129	0.010753838931139	0.298067235676847	0.0834016464549634	0.731263504728317	0.686491222075306	302.323490749103	10	1.51339943154698	0.177060066546432	0.995988493517752	140.810626628716	10	0.000394057611222761	169	28	0	74	0	0	0	0	0	0	0		0	0.000414201183431953	0.00591715976331361	-0.0477953359265339	0.0731053199441683	-0.120270626357815	0.396449704142012	human
SRP042184	22	24516	-0.427617987059879	1.22377622377622	-0.457142857142857	0.356348322549899	1.14545454545455	1.13043205079345	1.10352509059796	1.14854503998683	0.381000020613713	0.554936382426722	0.962610537543085	3814	3000	0.160640215029859	1.22355688129396	0.365458625966976	0.275181521642804	0.509493035312735	26.666800041347	10	4.68289469683061	0.0734245233873957	0.999738945994453	29.1580140097517	1.07298262195987	2516	0.103519724500203	0.740497654039708	0.220083936616377	0.210115037556225	0.501581456416026	5.98409857655252	10	0.527809587156515	0.00264700715322402	0.953116332191222	5.10117868585715	10	0.000407896883667809	1172	2642	358	1355	6	2	0	0	8	0.00511945392491468	0.000757002271006813	0	0	0.000396757679180887	0.00170648464163823	-0.0879963614548331	0.125664704409407	-0.225173326042731	0.391638225255973	human
SRP042228	260	29371	0.0306691176283403	1.00094148032758	0.0410659676714723	-0.0541603566628137	1.00294197405648	1.00122475703637	0.999118729965874	1.00206731839972	0.208105102183481	0.18130180861673	0.999745782568961	9206	9149	0.001871313182122	0.0246785743739141	0.0115067707993257	0.795619845669279	0.614695796397364	1193.43613166361	10	0.438360189534756	0.519853856080374	0.999802526301454	234.345379651309	1.00221738399072	9223	0.00422458848648699	0.0381807287140701	0.0108023483204055	0.291038854498678	0.538309562477185	29.4404437154091	10	0.081388393689042	0.0321953342490894	0.925154063532055	19.2710345569636	10	0.000340471894045147	94	9112	37	117	0	0	1	0	0	0	0	0.027027027027027	0	0.000212765957446809	0	-0.0139764280033162	-8.06623196740874e-05	-0.0132598825211182	0.925531914893617	human
SRP043221	18	19644	0.111111111111111	1.0125	0.111111111111111	0.333333333333333	1.125	0.999219701082264	0.96095045535935	1.02419240797434	0.289023675606099	0.343241510641969	0.974094264633563	0	0	0.0362739135290825	0.539984686097531	0.135752500797694	0.43022782326913	0.610955145599982	28.9344675271443	10	1.51808068833114	0.0590051562358496	0.993086947668499	41.8765395195398	1.07699240027753	0	0.094437390958342	0.562473082068266	0.171241280814016	0.13518398080568	0.482193399775364	1.84993601676942	10	0.387162807712969	0.00447945745641999	0.906164732233761	4.10408436256047	10	0.000509061290979434	0	0	0	0	0	0	0	0	0											human
SRP043388	16	21370	-0.0975900072948533	1.00961538461538	-0.1	0.162650012158089	1.02717391304348	1.02766575874338	1.00970051496204	1.03445865878603	0.119066221069746	0.373611830709668	0.998857064419783	7822	7540	0.00752747010334204	0.174999302756743	0.0493979643129488	0.725541381259478	0.663324493838353	185.10608117036	10	0.787480610860536	0.128277754255996	0.99910154422087	104.697310487527	1.02012961902286	8103	0.0230989291422225	0.302382408731613	0.0716114596126545	0.435360870582639	0.565324017796826	35.0069063294062	10	0.275236072807821	0.0221127285678378	0.902901263453439	11.9198242773249	10	0.000467945718296678	347	7475	65	228	0	0	0	0	0	0	0	0	0	0.000504322766570605	0.00288184438040346	-0.0090961944775478	0.0305316150367408	-0.0393842620973833	0.270893371757925	human
SRP044042	10	15652	-0.272165526975909	1.08	-0.166666666666667	-0.272165526975909	1.08	1.05404261891955	1.02965744244128	1.07343243786555	0.977080560577908	1.33253942645869	0.984467557766257	265	25	0.205711486373903	1.08622769819984	0.360396253894377	0.119112590671035	0.456281961328911	1.23316443122633	5	1.06802446542851	0.00282936203819345	0.984704830053667	5.19351086386484	1.05404261891955	25	0.205711486373903	1.08622769819984	0.360396253894377	0.119112590671035	0.456281961328911	1.23316443122633	5	1.06802446542851	0.00282936203819345	0.984704830053667	5.19351086386484	5	0.000319447993866599	241	24	1	241	0	0	0	0	0	0	0	0	0	0.00033195020746888	0.004149377593361	-0.0324907563588823	0.057410625385622	-0.0899882563451232	0.360995850622407	human
SRP044373	45	27455	0.0883423958138384	1.00786576631881	0.10472972972973	-0.0398965658514109	1.00159427362941	1.0070736342897	0.98881030420863	1.01427307637877	0.325475750360317	0.399495946422684	0.989491554805314	8746	8437	0.021222464129535	0.648742417121985	0.134922558936403	0.527915294247601	0.687521544920417	43.8337236850968	10	1.53980365457801	0.048894173247609	0.99914041158259	72.5931144816799	1.0074931062607	8778	0.00611328940808997	0.14139990227286	0.0333465990758838	0.626523104685402	0.649955769728043	119.962392764454	10	0.175208290648155	0.0160797172393562	0.973731560735749	28.673015929556	10	0.000364232380258605	505	8241	196	110	0	0	1	0	0	0	0	0.00510204081632653	0	0.000316831683168317	0.00198019801980198	-0.0845240235304015	-0.00310451236403308	-0.0732686153163076	0.910891089108911	human
SRP044668	54	26705	0.0751377787317713	1.0056777405318	0.0794912559618442	0.0751377787317713	1.0056777405318	0.980196815025167	0.933352740128221	1.00211457073846	0.132838543473908	0.655146378577304	0.998510167108552	17164	17464	0.0193460893194	0.399881100697847	0.0887047260915801	0.424829156365446	0.64872022233533	31.2432963303921	10	0.325614995788734	0.0147227753581972	0.974682643699682	16.8446917665755	1.0088469369401	17085	0.009517753251093	0.0824324459457083	0.0225252485787865	0.289707572468519	0.520532898586092	15.6624138572294	10	0.0268163436318286	0.00154667073372713	0.78322785995132	2.81886450641807	10	0.000374461711290021	167	16997	467	170	0	0	4	0	0	0	0	0.00856531049250535	0	0.000419161676646707	0.00598802395209581	-0.1167266520254	-0.0287947139964231	-0.0880889571708171	0.964071856287425	human
SRP045225	60	39204	0.200445931434318	1.04186046511628	0.333333333333333	-0.0222717701593687	1.00049627791563	0.985702243001774	0.93332161495082	1.01350903851382	0.467017958718924	0.790515474947551	0.968999622725141	4261	4470	0.232873287914256	0.846698522379252	0.316747020173949	0.0938489176325395	0.407238269171781	0.764778278461854	10	2.13147501310015	0.0108177937559153	0.998635343332313	9.1561169608369	1.00334087148739	4162	0.01180578998157	0.155595223055594	0.0397647022308414	0.276389042731952	0.604623979475352	10.2857766072809	10	0.0472571139115299	0.00143839508048007	0.795926436077951	4.00544217224207	10	0.00025507601265177	431	3830	640	125	1	0	0	0	1	0.00232018561484919	0	0	0	0.000243619489559165	0.00232018561484919	-0.163230608085782	-0.0370529015340906	-0.127065173372115	0.948955916473318	human
SRP045500	8	21465	-0.377964473009227	1.16666666666667	-0.25	-0.377964473009227	1.16666666666667	1.11874377798316	1.0710162370786	1.14433872536471	0.187025983881871	0.212196190760647	0.89256834660434	0	0	0.065695392551851	1.06029559766501	0.207553875916637	0.397273562951396	0.571033602728114	21.8238404189925	1	3.41997402771769	0.0125718928383165	1	52.058532820869	1.11874377798316	0	0.065695392551851	1.06029559766501	0.207553875916637	0.397273562951396	0.571033602728114	21.8238404189925	1	3.41997402771769	0.0125718928383165	1	52.058532820869	1	4.65874679711158e-05	0	0	0	0	0	0	0	0	0											human
SRP046233	14	22254	0.559430927785516	1.455525606469	0.541666666666667	-0.344265186329548	1.13445378151261	1.23433959355661	1.19639634871173	1.25110379945055	0.85176339475053	0.357916656758541	0.848144460104109	0	0	0.197893843485062	1.50411663322114	0.431874650258003	0.235057400904483	0.50154280264439	9.93681194556252	9	4.18535496986074	0.0327856030226503	0.965788921841766	21.1596507697644	1.08353345286173	0	0.10745484300006	0.91753186572566	0.248136180900128	0.244956365016511	0.517889119845538	7.86291727268432	9	0.0966361211766902	0.00162015454063163	0.487178334980977	0.899311253509585	9	0.000404421677001887	0	0	0	0	0	0	0	0	0											human
SRP047122	19	21026	-0.38204658872917	1.17090479006505	-0.386363636363636	0.258443280610909	1.07157353538087	1.07834268471771	1.04416209388349	1.0949532042228	0.0334105794908825	0.16474114432879	0.885307620574515	1	4	0.0613395055246289	0.455472911513468	0.166071734044036	0.587807794729369	0.499796831576459	287.701022248503	9	4.52858899419281	0.3061831695654	0.999783337032457	73.8488980953914	1.02987307741345	1	0.0390796696012044	0.3143536481667	0.0835868536930358	0.287876643194892	0.494634429423952	12.4588640431695	9	0.12374053363618	0.00477288695673809	0.723633173742562	3.16801375697452	9	0.000428041472462665	0	1	3	0	0	0	0	0	0		0	0								human
SRP048801	259	28943	-0.00222890732772511	1.00000496805256	-0.00273378582202111	-0.00222890732772511	1.00000496805256	1.00118326091174	0.999712844040505	1.00179864207429	0.214974911299127	0.188587879855896	0.999949070645536	11726	11731	0.000329837311293019	0.0146406681358707	0.00567855877179697	0.805415187037756	0.760211642078825	1109.21920907304	10	0.138250767644381	0.328322976125717	0.98913035967246	419.46397913339	1.0010921713966	11731	0.000355503999737106	0.0138961632839503	0.0032460029309114	0.460789791642415	0.733369086744012	58.5154057915468	10	0.00836769066597351	0.00644202905335313	0.959033272293819	23.5424617260146	10	0.000345506685554366	26	11700	31	29	0	0	0	0	0	0	0	0	0	0.000961538461538462	0.00096153846153868	-0.00411316699876434	0.00134301674158847	-0.00427499408857819	0.576923076923077	human
SRP049097	38	29835	-0.223606797749979	1.05263157894737	-0.25	-0.0465847495312456	1.00217485863419	1.01980588357491	0.985767853555226	1.03415946667689	0.394656982527179	0.650977089967714	0.983234388977782	8112	8327	0.10753010582666	0.773804281928754	0.227324740186769	0.215076839170565	0.499441489776389	7.86994695234103	10	2.29332912070354	0.0320505104491817	0.99978548684431	21.3339425783724	1.00463953577895	8183	0.012340990784618	0.241224683869394	0.0571230435487532	0.511226864102288	0.638893451493714	72.7975726802302	10	0.0122300876276502	9.40462172382198e-05	0.563154013742249	0.991013431668226	10	0.000335176805765041	702	7410	917	113	0	0	0	0	0	0	0	0	0	0.000384615384615385	0.00142450142450142	-0.148394949647844	0.00957677306984861	-0.150306209572647	0.883190883190883	human
SRP049408	27	23689	0.511047699634124	1.35349087528744	0.55921052631579	-0.300616293902426	1.09934827531394	1.16705681906208	1.14661625847449	1.17912055268459	0.099089573955392	0.330600106029591	0.919422259233477	193	0	0.10440334731822	0.931081929535685	0.284424750043548	0.413071131463136	0.534189272849297	88.405764312871	9	5.55077880229629	0.147888191613758	0.999803002800174	53.215885569848	1.05817020798904	127	0.070290007823801	0.654314857810684	0.17383062089891	0.269220942705888	0.531729302058343	11.1806820642174	9	1.73049237154193	0.0346747731868351	0.999385556352925	24.630362368078	9	0.000379923171092068	193	0	0	79	0	0	0	0	0	0			0	0.000492227979274611	0.00518134715025907	-0.0740462013190625	0.148573243931968	-0.233754145546815	0.316062176165803	human
SRP049820	43	13437	-0.45133546692422	1.25581395348837	-0.5	0.210281297089693	1.04626393284712	1.12353865092708	1.10086054316864	1.13580837464463	0.694031214677757	0.741101658321326	0.933680891577292	382	759	0.33625119315593	1.3984471006387	0.496196956843346	0.121618300986219	0.434184179212686	2.86717756165757	9	3.08525316207387	0.0244940017756827	0.996675845302771	9.18261169629684	1.01944903480274	309	0.10584128170646	0.597864946767845	0.200592132436982	0.136295273827673	0.491600559838954	2.39728309460843	9	0.18591706541881	0.000750477643541922	0.726079730098484	1.75931786181585	9	0.000669792364367046	58	324	435	93	6	0	0	1	6	0.103448275862069	0	0	0.010752688172043	0.000517241379310345	0.0172413793103448	-0.105748159637018	0.129839821722204	-0.269285999286182	0.5	human
SRP050000	107	21304	-0.0380497489308494	1.00144988250952	-0.0450310559006212	0.0087470687197355	1.0000765170656	1.00209809022231	0.996828965706392	1.00413415856731	0.457769698163399	0.295365396101063	0.999197898254269	918	843	0.004585254818953	0.0692959766269004	0.0198420239963464	0.476662990600103	0.625025396280328	461.338683674849	9	0.16302249441735	0.182698831057841	0.993449326156799	35.5810593174743	1.00100970567279	878	0.00281786895248248	0.0598700440987347	0.0141184752108233	0.427880118580443	0.658751113748867	33.1200208037593	9	0.00748649255393302	0.00408584025045813	0.699122752117495	2.65783728944488	9	0.000422455876830642	83	835	8	44	0	0	0	0	0	0	0	0	0	0.000783132530120482	0.0120481927710843	-0.00937566357849722	0.00213799875963142	-0.00933420582834037	0.674698795180723	human
SRP050493	16	22144	0.149071198499986	1.02272727272727	0.0833333333333333	0.149071198499986	1.02272727272727	1.02112928384375	0.990907710339473	1.03441747277623	0.463369770703463	0.246310682547113	0.991919962519993	0	0	0.038065826317397	0.258394638583164	0.0779682700099913	0.237102027199404	0.490763796349439	11.4620684849755	10	0.853816387596125	0.0527052872995805	0.99918262283237	22.4378560404554	1.02548847051908	0	0.0345179030677362	0.242566107872172	0.0703560028235697	0.201644532719204	0.489635123132009	5.19550582743464	10	0.138966960804315	0.00250885350084089	0.918596459537572	4.02761549711703	10	0.000451589595375723	0	0	0	0	0	0	0	0	0											human
SRP050971	15	23313	-0.218217890235992	1.05	-0.214285714285714	0.327326835353989	1.12	1.03414689163459	1.00491142487919	1.04867163359535	0.138222801950836	0.59137099989411	0.99500102846866	6392	6612	0.0488459448912925	0.394950845247985	0.115249274919379	0.426664611657626	0.499931359720301	147.274370592875	10	1.59428637292417	0.114534247848066	0.999275082571956	32.6464773539617	1.06200262460908	5639	0.0555302368048819	0.518233069038921	0.136812891399974	0.415640517470187	0.514290580827821	55.25917409935	10	2.3234456491245	0.112466999983222	0.905859391755673	41.8535131771832	10	0.000428945223694934	334	6058	554	967	0	0	0	0	0	0	0	0	0	0.000374251497005988	0.0029940119760479	-0.0334127979531239	0.0422597161871603	-0.0749177013649697	0.458083832335329	human
SRP052056	22	26528	0.437041520916824	1.23610202746893	0.527777777777778	-0.322030594359765	1.11570247933884	1.11369302725159	1.07399534734365	1.13237657634352	0.0897931116696924	0.381746376868013	0.93477310005864	2589	1500	0.127619384130236	1.50698017442064	0.386870922233274	0.416811316464487	0.565215664473584	40.6457695958168	10	6.29329550340274	0.0869760149768725	0.999792671893848	49.3536547244204	1.07175850529053	2043	0.064952213590763	0.64587060564487	0.165274254594113	0.228335376765437	0.538797042602284	6.22196857223763	10	0.471637146638515	0.00295289625639032	0.960340018094089	7.26315375235223	10	0.000376960193003619	1293	1296	204	680	2	0	1	2	2	0.00154679040989946	0	0.00490196078431373	0.00294117647058824	0.000367362722351121	0.00154679040989946	-0.0796673592360178	0.117472296592963	-0.210596465049913	0.40061871616396	human
SRP052896	21	21156	0.34027852368936	1.13095238095238	0.2	0.0154672056222437	1.00023929169658	1.07828787495151	1.05970388100811	1.08692730057026	0.486710596979682	0.540979865920208	0.990733734634126	4634	3788	0.0769272905786856	0.617771894325617	0.173222596873876	0.298820647686531	0.506884763503099	19.4650404609606	10	2.20018899094301	0.0733539906767558	0.999744753261486	28.6133841879997	1.01321757488297	4549	0.00567853912738653	0.194860647124265	0.0419003318742515	0.517174783072683	0.710991878102375	42.0975180543228	10	0.11292469787506	0.00327364158386815	0.928582907922102	19.8929773820931	10	0.000472679145396105	1054	3580	208	213	0	0	0	0	0	0	0	0	0	0.000507590132827325	0.00189753320683112	-0.0527770791942097	0.0765423721713619	-0.136023223997896	0.400379506641366	human
SRP053296	31	15196	0.298441720135541	1.09777613208164	0.279166666666667	-0.253898179816803	1.06890627982439	1.05007489974435	1.03555460264727	1.05751633721703	0.372848360155082	0.301757715867248	0.951964559223672	0	0	0.084659536460832	0.573474330396323	0.19422466393556	0.241661762831584	0.515711529212297	21.6827089906612	9	2.35666828691874	0.0934592802218519	0.999634406715218	27.8505161048446	1.0371233286584	0	0.11942669868335	0.613877909002141	0.199621399325463	0.118565995040032	0.457656406829248	1.40072925374339	9	0.17300337592838	0.00368549814997805	0.54700798455734	1.44883974104345	9	0.000592261121347723	0	0	0	0	0	0	0	0	0											human
SRP055749	16	25943	0.163636363636364	1.02751358695652	0.163636363636364	0.163636363636364	1.02751358695652	1.02178182425337	0.98542645727916	1.03761535897734	0.0984508868589004	0.197738214227527	0.97061564179434	5	6	0.0227206381104964	0.458264152981911	0.114220362304695	0.556368365984618	0.641451155048509	79.4211424953461	10	1.17969163853703	0.0491143647927901	0.997324904598543	51.9347636839721	1.03215713349132	2	0.0165070495359345	0.362345229831626	0.0837300586124246	0.454901442512217	0.652890997411492	58.4715888845396	10	0.18372470893214	0.00705294262320005	0.930243225532899	11.1326581847713	10	0.000385460432486605	1	4	2	4	0	0	0	0	0	0	0	0	0	0	0					human
SRP056443	12	20164	0.666666666666667	1.8	0.666666666666667	-0.333333333333333	1.125	1.34064332638014	1.28422451077707	1.3635239950778	0.0335551931437863	0.224007515034975	0.737578734513318	0	0	0.168748352188804	2.21666844968864	0.603048955409092	0.304213740838395	0.600922746134569	25.6048089574485	9	7.41482378481657	0.0730029310032277	0.999741012585686	43.9730543903932	1.08944887535871	0	0.076240257521072	1.32379930481486	0.318562952120046	0.260916785719074	0.629028206744832	9.89683581536394	9	1.02168075782663	0.00510645836068129	0.971649143688422	13.4092880883541	9	0.0004463400119024	0	0	0	0	0	0	0	0	0											human
SRP056477	16	22254	0.25	1.06666666666667	0.25	0	1	1.06047815931929	1.04426542760426	1.06758952962179	0.12900552295641	0.239501003336448	0.968349992282926	0	0	0.0383253233430989	0.340793754937183	0.117715572481705	0.530026298507206	0.542642027937701	213.5976901775	10	2.81560695127107	0.234336355203222	0.999676462658399	73.4941231291518	1.02123118612619	0	0.0027052098551894	0.0884860322982586	0.0216707827556951	0.55881743215209	0.719253604906863	76.9218348445473	10	0.20096097651284	0.0623969525298464	0.919942482250382	74.325953465132	10	0.000449357418890986	0	0	0	0	0	0	0	0	0											human
SRP056696	55	27734	-0.202042708452068	1.04255854948376	-0.26	-0.202042708452068	1.04255854948376	1.026494719533	1.01843445273106	1.03040297363169	0.543358519701298	0.558317351211042	0.993374304008842	3497	2533	0.0635359435434955	0.464083964827602	0.13978065298562	0.243428814275558	0.503917199482045	24.9403919311577	10	1.22181618097594	0.042049511146737	0.999646643109541	19.2406357064368	1.02454002773222	3355	0.0540911395597284	0.585403551925249	0.144871796815089	0.344414913830044	0.545344372484045	16.5368611153814	10	0.185893427243398	0.0020222373780625	0.836489507463763	3.43862069141957	10	0.00036056825557078	981	2516	17	340	0	0	0	0	0	0	0	0	0	0.000336391437308869	0.00203873598369011	-0.0761555891832456	0.0210980978206913	-0.0958720738888199	0.82466870540265	human
SRP056835	13	22505	0.225374467927604	1.05351170568562	0.19047619047619	0.225374467927604	1.05351170568562	1.0264263031444	0.978280134809976	1.0468014950241	0.348081088472193	0.887637508507106	0.995473410463049	8533	8351	0.097311882639063	0.650973024549588	0.196730080947802	0.222602615745446	0.487441945344641	9.09308155120006	10	0.295162719093245	0.0111547546494652	0.883919129082426	3.03427362591484	1.03698731392319	8164	0.05611078045928	0.53774452447329	0.148042921438344	0.271694039442515	0.543604888054349	12.1014616522237	10	0.113800169827564	0.00034676394511622	0.584145745389913	2.02839338103412	10	0.000444345700955343	665	7868	483	638	0	0	2	0	0	0	0	0.0041407867494824	0	0.000383458646616541	0.00150375939849624	-0.100220501018007	0.02733498032899	-0.113891705226121	0.732330827067669	human
SRP056840	64	21698	0.206724557648681	1.04464285714286	0.256410256410257	-0.0413449115297362	1.00171232876712	1.01834748700011	1.00668891356623	1.0236730089629	0.483410704922189	0.351319335862254	0.983685818863618	18	41	0.0572706067092812	0.306262326494989	0.104958242255781	0.201852189576856	0.462729143023713	15.6229751416794	9	1.10664037079639	0.0549092771829778	0.999713235218812	19.3352730249284	1.00242929546029	22	0.0113176854719675	0.175452009038464	0.0409926508656802	0.379193250460264	0.605336390128862	23.5619020881715	9	0.19658962664162	0.0118131673115613	0.979813807724214	17.3743828887823	9	0.000414784772790119	0	18	23	1	0	0	0	0	0		0	0	0							human
SRP057350	37	22237	-0.132748561013398	1.01793829227458	-0.133928571428571	0.0855490726530786	1.00737260127464	1.01146147824066	0.995422333044761	1.01910316069296	0.168331940151679	0.220770617041563	0.992724624406042	0	0	0.017871737241774	0.233827807739227	0.0587458048154703	0.509737159574106	0.565897757909304	80.306660996786	9	0.85653313666421	0.100616527611914	0.999205528323665	47.9601882190837	1.01208331689225	0	0.00717460495358696	0.0996011613852887	0.0243634632747787	0.464325352480027	0.578931183509202	46.4184011475971	9	0.0509230545357802	0.00383069450489154	0.833565678823582	7.10262642000131	9	0.000404730853982102	0	0	0	0	0	0	0	0	0											human
SRP057793	84	24125	-0.230089496654211	1.05590062111801	-0.225	0.062751680905694	1.00395334081702	1.03048569124144	1.02517364665461	1.03258810205863	0.333388172462704	0.2565298541834	0.99307075412564	4824	3831	0.028252963815565	0.224825066441206	0.0781791893037138	0.509199907941815	0.519898375602402	231.310163592957	10	1.77970262111853	0.243503996543456	0.999743005181347	63.0210824518487	1.00520932780135	4866	0.00810133548281999	0.087118531006059	0.0219659052099784	0.322678247265551	0.546937151337068	16.4272875442133	10	0.0320253640709149	0.00174464688253831	0.910864248704663	3.9539831866472	10	0.000414507772020725	1046	3778	53	109	0	0	0	0	0	0	0	0	0	0.000377629063097514	0.00191204588910134	-0.0762296901151852	0.027880907380191	-0.101428199590204	0.759082217973231	human
SRP058243	46	28591	-0.188736645450233	1.0369372835706	-0.285714285714286	-0.00786402689375972	1.00006184674377	1.02140216362975	1.00982197383455	1.02707330474379	0.461530764241194	0.563264783344986	0.995626726524274	6930	6702	0.05111053910133	0.391094228217753	0.122059151130443	0.401842261551664	0.505783493202721	71.9549200559541	10	2.17376416396637	0.123941306069125	0.999797138959813	42.5516174714386	1.0072781613187	6866	0.00239938316753008	0.156625694996883	0.0371482647936455	0.67366978775061	0.783954909369383	129.891668136245	10	0.343493716059575	0.0383910298567493	0.997446748976951	143.274907422574	10	0.00034976041411633	515	6415	287	118	0	0	0	0	0	0	0	0	0	0.000368932038834951	0.00194174757281553	-0.0682908610045011	0.0163033221776097	-0.0861399474166946	0.81747572815534	human
SRP059039	252	25685	-0.137917652861272	1.01939010353946	-0.176232485729113	0.0258291010658919	1.00066758783807	1.00989097452083	1.00686394747766	1.01124193212282	0.124995206255775	0.237844482799627	0.992770455395137	9527	9680	0.0129778038803501	0.105511708959307	0.055702396457329	0.780468052936314	0.550769023932378	848.265383690796	9	2.06813285319833	0.451342680399026	0.999796682023663	159.421134642844	1.00069410999963	9518	0.00239660846967701	0.031965851528517	0.00753553648399896	0.329365697881736	0.591441892152175	23.2411843957095	9	0.02120585902154	0.00571868255960008	0.946674453312569	8.85266317940326	9	0.000350399065602492	235	9292	388	80	0	0	2	0	0	0	0	0.00515463917525773	0	0.000340425531914894	0.00425531914893617	-0.0530344648634325	0.0087343227644362	-0.0613531086806039	0.940425531914894	human
SRP059057	23	21855	-0.00828741930164745	1.00006868603613	-0.00769230769230767	-0.00828741930164745	1.00006868603613	1.00095635466883	0.973242168011368	1.01456823061494	0.166426961007454	0.20191796124362	0.996709765576406	0	2	0.00379601849314601	0.159945943106917	0.036097872258581	0.487925891538605	0.744805786792019	56.6954264265512	6	0.176325635578859	0.0375748902736241	0.97834210325631	46.4677095008586	0.989767139676573	0	0.0038729143787621	0.171455825867857	0.0347436851747823	0.484343300411567	0.746476264876132	41.9406497697215	6	0.104247231993318	0.00888094144096159	0.975428963623885	26.9411001355899	6	0.000274536719286205	0	0	2	0	0	0	0	0	0			0								human
SRP059172	150	24611	-0.252200300706579	1.06792538523925	-0.227638917579013	-0.0805576278119018	1.00653192050187	1.03418246779357	1.02938958440176	1.03635687170428	0.106871209756479	0.114375827421428	0.959237412434554	2914	2203	0.0185884954361858	0.197085309702961	0.0758896274469245	0.675522399026463	0.572410726136717	483.396912176858	10	2.22200552159794	0.330471429469408	0.99969525821787	119.623572145994	1.0014657676514	2786	0.00716337202278801	0.0836038784689798	0.0203756112211752	0.305738174814815	0.5593834014778	13.0592425344113	10	0.14716093323571	0.017106633758271	0.987058632318882	20.5635220077642	10	0.000406322376173256	814	2100	103	228	5	1	0	0	6	0.00614250614250614	0.000476190476190476	0	0	0.000460687960687961	0.00245700245700246	-0.104502473792187	0.0309629908276076	-0.13595611426114	0.824324324324324	human
SRP059588	23	14087	0.0781575158578359	1.00614614158889	0.0692307692307693	-0.321314231859992	1.11512908922715	1.00949584608945	0.988164098092127	1.01928826805088	0.643395346332463	0.523191158416639	0.997107427422216	1563	1588	0.035618714428252	0.355340709906882	0.091287412564122	0.351339007371816	0.533925296662907	22.9441152772646	2	0.506990558353867	0.00451425897536243	0.995953716192234	14.2338766461305	1.11954904789666	1388	0.145770661605419	1.56224227141138	0.373615862357485	0.295594364551122	0.545329151190945	9.83503200603141	2	0.248206835530716	0.000114203524417344	0.452154468659047	1.7027214721888	2	0.000141974870447931	83	1480	108	472	0	0	0	0	0	0	0	0	0	0.000120481927710843	0	-0.0341325757664539	0.0147213120327992	-0.0447689123731494	0.698795180722892	human
SRP060205	13	17801	0.0975900072948533	1.00961538461538	0.0952380952380952	0.0975900072948533	1.00961538461538	1.00141693523907	0.957317767968684	1.01892756318715	0.229940882305708	0.507735609656859	0.964905028095244	0	0	0.0724328300434305	1.48050513510899	0.349560164074051	0.269923848653886	0.654763726512339	9.4700859362535	6	0.605182510796027	0.00177738881153946	0.780199614253881	8.35985573208729	0.993985070459785	0	0.061229092018175	1.47410100075587	0.352014738946341	0.275834390561768	0.684241152750762	10.2790915481544	6	0.118652423431111	0.000143302257605918	0.594255004400502	1.9379995761111	6	0.000337059715746306	0	0	0	0	0	0	0	0	0											human
SRP060715	15	24088	-0.554700196225229	1.44444444444444	-0.4	-0.138675049056307	1.01960784313726	1.24004197317998	1.21239845825813	1.2546919413419	0.233893580381195	0.600410321378669	0.986728436368318	9296	6331	0.0895448732476745	0.867096024292224	0.246954515671919	0.337507710779753	0.547245084731956	31.5639469659835	9	3.31682395205194	0.0655052691415605	0.999626369976752	37.0609955509863	1.03276302957747	8982	0.0233899351808129	0.399964786213289	0.10921793452371	0.647120216394308	0.615557076398866	284.97563360604	9	0.54682028693814	0.0116173707819575	0.987291966493229	23.3849507850727	9	0.00037363002324809	3048	6248	83	515	2	0	3	1	2	0.000656167979002625	0	0.036144578313253	0.00194174757281553	0.00036745406824147	0.000984251968503937	-0.050822643334874	0.215533322526016	-0.276335773202842	0.173884514435696	human
SRP061286	19	22080	0.209358947339656	1.04584040747029	0.214285714285714	-0.232621052599618	1.05720823798627	1.02084859027779	0.984887452986529	1.03888710873801	0.156719559201393	0.743052290609772	0.99013508456936	144	165	0.080105884367531	0.492971387453098	0.162445934260612	0.367256887317086	0.473511655849324	48.500997134246	10	2.41127379332068	0.103951440980161	0.999624094202898	30.1396132283221	1.03884209004911	173	0.0797592513909095	0.473654742065171	0.139148515776982	0.181119710839425	0.454835974542831	3.13903301433012	10	0.202599879200795	0.000955419616818659	0.712341485507246	2.54073746794425	10	0.000452898550724638	38	106	59	19	0	0	0	0	0	0	0	0	0	0.000657894736842105	0.000657894736842255	-0.0364934636465323	0.037623488664716	-0.0662422007631979	0.447368421052632	human
SRP062025	24	22305	-0.0648203723552164	1.0042194092827	-0.0672268907563025	-0.259281489420866	1.07207207207207	1.01180808559223	0.990578233688027	1.01964636512747	0.219387526970577	0.601942232413459	0.994827280403801	8	11	0.032125553118591	0.487651807570983	0.117095076800593	0.36082986473917	0.616335208771212	24.9076017049104	9	0.530571055362941	0.0294470920259068	0.903350021171138	16.5256769652748	1.04701555470925	6	0.121378066533082	0.77779767243261	0.248865383283693	0.140308673708032	0.498885072123048	2.20486732323258	9	0.0845717230068899	0.000472977335776035	0.501013723878552	0.696717636587325	9	0.000403496973772697	0	8	3	2	0	0	0	0	0		0	0	0							human
SRP062298	16	18886	-0.258198889747161	1.07142857142857	-0.25	0	1	1.05577638814798	1.02520993665282	1.06904746117276	0.0940817372236837	0.153050116646867	0.930631212207199	0	0	0.0406529845770955	0.375779083486872	0.123308309044502	0.561054031208057	0.537608142445244	220.221504134122	10	2.48196925821835	0.246673231218741	0.99968230435243	61.0806035551777	1.01906606226351	0	0.002568461298899	0.0820679593417604	0.0236459161418179	0.739040671386546	0.712575593242736	556.385725469446	10	0.0826125446212904	0.0103562293183455	0.961421158530128	32.1817744637516	10	0.000529492745949381	0	0	0	0	0	0	0	0	0											human
SRP062966	117	23797	-0.0991363194193219	1.00992555831266	-0.0606060606060606	0.00826135995161016	1.00006825472664	1.00122133284406	0.991001622984451	1.00677426037159	0.376785107906836	0.179855359841296	0.998084711093973	6269	5883	0.014934975990451	0.0686910524429315	0.0248198146106153	0.212243391510557	0.432242865195145	32.7194758727825	3	0.367153115289242	0.0336697212161362	0.999859926321245	24.5856682992966	0.999092537122532	6396	0.00175397060187865	0.0315045102691881	0.00768252393742294	0.535485579456397	0.62994584452647	93.4913948292347	3	0.006685987947537	0.000781557645589541	0.758569007297839	3.81194958278359	3	0.000126066310879523	504	5765	118	17	0	0	0	0	0	0	0	0	0	8.92857142857143e-05	0.00198412698412698	-0.0727864805689755	-0.00665551266457985	-0.0649729291405467	0.966269841269841	human
SRP063006	22	27791	-0.193649167310371	1.03896103896104	-0.15	0.0430331482911935	1.00185528756957	1.03257033224078	1.01506929743671	1.03945727203798	0.305463157014433	0.3907083505483	0.990616463267883	2034	1722	0.033775083825339	0.493594244054091	0.124398719217073	0.434937333044407	0.595333209076937	96.8559480033286	10	1.08043597664995	0.0429007893266406	0.998726206325789	32.0006256731494	1.00318540718611	2338	0.00986651379106496	0.439090150471429	0.124055613435161	0.743167631201439	0.752054379820975	248.831294919791	10	0.21319068544004	0.00209328109668362	0.965064229426793	21.6201694593354	10	0.000359828721528552	405	1629	93	41	0	0	2	0	0	0	0	0.021505376344086	0	0.000444444444444444	0.00246913580246914	-0.0243982853641499	0.0339010719043503	-0.0572644367224788	0.454320987654321	human
SRP063496	70	24555	0.0707298167666467	1.00502785988961	0.089080459770115	-0.0889826727064265	1.00798110979929	1.00626079607831	0.999605732091286	1.00900759799016	0.102622696213799	0.110985294200885	0.989762407891687	0	0	0.0071444489326649	0.141886529800972	0.038935358673028	0.623612972559453	0.646193432556349	198.22130656644	10	0.62360680220471	0.14341888712991	0.999442068825086	87.3631779692633	1.00622952808661	0	0.009604447090122	0.123792630502148	0.0299172984521299	0.377045745890636	0.573904659032998	26.3241652417262	10	0.110993871276894	0.00497807509125572	0.968324170230096	11.5647348971896	10	0.000407249032783547	0	0	0	0	0	0	0	0	0											human
SRP063838	9	28953	0.0597614304667197	1.00358422939068	0.05	0.0597614304667197	1.00358422939068	1.03643003233604	0.996597590352474	1.05433359255349	0.557958583234433	0.155738858308709	0.944874315082827	0	0	0.01001190942633	0.7502682769785	0.149223687000042	0.531180339840784	0.790332274846336	53.1713347202077	10	1.30322996259892	0.0384662313260876	0.993613787863088	130.28201653392	1.02185426240888	0	0.011412171829061	0.72942052677228	0.141669025996015	0.558772173884588	0.770314458280677	46.8597315028868	10	0.05715265660245	0.000341517527333588	0.753389976859048	5.01253062212654	10	0.000345387351915173	0	0	0	0	0	0	0	0	0											human
SRP064431	12	23085	-0.158113883008419	1.02564102564103	-0.125	0.316227766016838	1.11111111111111	1.01988539614483	0.985896786226112	1.04116675632754	0.299750660381214	0.83439940629334	0.990473342177654	128	66	0.0564559370995998	0.883238341657412	0.206855093149406	0.371221543518023	0.605842230045949	21.5329919738975	10	0.842170116216747	0.00953552291824079	0.988641975308642	14.9240184246466	1.0838298977439	4	0.115709577120758	0.776737509585895	0.226489909292879	0.190866411181661	0.483316322377536	4.03756124227449	10	0.439682450014843	0.00222687058418952	0.87154862464804	3.80225618401139	10	0.000433181719731427	63	65	1	124	0	0	0	0	0	0	0	0	0	0.000476190476190476	0.0158730158730159	-0.00892472162357833	0.042820731542396	-0.0448031742459407	0.285714285714286	human
SRP064478	15	24032	-0.0714285714285714	1.00512820512821	-0.0714285714285715	0.196428571428571	1.04013266998342	1.02261443132178	0.999311044082338	1.03215260938679	0.111744040640775	0.160407870345133	0.997295611837638	0	0	0.0071249556358869	0.0955899862814752	0.0259639820068627	0.586509991391917	0.578587376122405	176.35893155335	10	0.176188076027165	0.0836294438688714	0.993587716378162	24.7448324264623	1.02699883941696	0	0.0310671944459109	0.206188836750304	0.0598409061117442	0.220543818714401	0.476523712380514	6.50659516277297	10	0.114740110371617	0.00404919107311704	0.839189414114514	3.69524900841794	10	0.000416111850865513	0	0	0	0	0	0	0	0	0											human
SRP065232	25	21343	0.0533760512683624	1.00285714285714	0.0512820512820513	0.220176211481995	1.05094736842105	1.01410810300711	1.00059873648003	1.01959144539171	0.120519335935297	0.173615796857409	0.992594157659413	0	0	0.00642011193342851	0.150225239027766	0.0367490464626883	0.523745257035493	0.666323541706006	138.48060350088	9	0.278859587943251	0.0922105718444435	0.987968993216615	43.4908619955144	1.0238288389119	0	0.0365146002541984	0.304011950593435	0.0816598918942877	0.254595749177042	0.511102933962994	8.02395180704044	9	0.352558021822327	0.00795370911013979	0.887753986474879	9.65604974380775	9	0.000421683924471724	0	0	0	0	0	0	0	0	0											human
SRP065445	12	24141	-0.50709255283711	1.34615384615385	-0.514285714285714	0.169030850945703	1.02941176470588	1.15392313405499	1.07677362224408	1.19426374604247	0.0776897569455244	0.399175216938077	0.901217723780674	1567	826	0.209310683019953	1.62353094754122	0.448282390917697	0.320633223628289	0.491319907321082	21.6011388207146	10	5.71769619360439	0.0703686682328671	0.999689325214366	27.3322136154428	1.02482234356223	1332	0.044706328434028	0.515105755486393	0.128794550975377	0.377816692196886	0.55159863146938	29.1159188817372	10	0.729892780048035	0.012349038478414	0.981023984093451	16.3323788111678	10	0.000414233047512531	917	650	176	326	0	0	0	0	0	0	0	0	0	0.000327153762268266	0.00109051254089422	-0.0801366764654747	0.157020963900156	-0.242369058330037	0.353326063249727	human
SRP065812	32	24556	-0.220847116289638	1.05127427184466	-0.206349206349206	0.322776554577163	1.11630154639175	1.03699075776715	1.02181423139562	1.0431530129287	0.141375361868449	0.325692423033285	0.994233194605729	10657	10249	0.0274577313322384	0.236571532489511	0.0841555045826519	0.614414521883556	0.532255145383011	160.066643510191	10	1.67802393137665	0.166367622643544	0.999698647988272	61.146343825589	1.06252997512058	10022	0.043023778708459	0.242647956537187	0.0786091558887324	0.166310353476234	0.467958634415153	3.07605123646167	10	0.22324019288214	0.00388993224002538	0.982383124287343	5.1916015622231	10	0.000407232448281479	723	9934	315	1069	0	1	1	1	1	0	0.000100664384940608	0.00317460317460317	0.000935453695042095	0.00037344398340249	0.00276625172890733	-0.0848861648927307	0.0338078263965799	-0.117370386126815	0.752420470262794	human
SRP065865	20	21755	0.229415733870562	1.05555555555556	0.1	-0.229415733870562	1.05555555555556	1.03382262647509	1.00503137751536	1.04617099993709	0.102519384191489	0.118200210423706	0.96699215555552	0	0	0.027279526142955	0.180478412321442	0.0591862079821272	0.403610645713265	0.483764218571881	64.2088094182012	9	1.03326677360049	0.124785646519051	0.99970377180214	37.890626152586	1.03350370265472	0	0.024896335704173	0.172069269039554	0.0511339904690314	0.210084877715703	0.492655846413667	5.676471283193	9	0.02422383400108	0.000318062690547437	0.492581526596696	0.97295503252828	9	0.000413698000459664	0	0	0	0	0	0	0	0	0											human
SRP067631	18	22443	-0.235702260395516	1.05882352941176	-0.25	-0.471404520791032	1.28571428571429	1.04687533764937	1.02307905810456	1.05665278689408	0.137101168721951	0.296186573230366	0.968493030466516	492	404	0.049916552352088	0.57138149256683	0.164876499036121	0.515184616609419	0.565579963322142	115.404425223667	9	3.30268931148506	0.173643192549474	0.999787115012352	66.2049803311694	1.14341192794359	560	0.116852006554637	1.13480544017572	0.290984792172337	0.330613028405585	0.528364139909383	17.1855100916737	9	0.61036694633413	0.00205391553628653	0.848153594043181	5.22500166322356	9	0.00040101590696431	109	383	21	113	0	0	0	0	0	0	0	0	0	0.000412844036697248	0.0091743119266055	-0.0284863068073944	0.0474470364799993	-0.0767795634913152	0.330275229357798	human
SRP068591	30	26188	-0.262445329583912	1.07397260273973	-0.285714285714286	0.320766513935892	1.11469194312796	1.04170175338818	1.02402090485672	1.04913008304274	0.17643527565651	0.228304805108569	0.990410180756429	4117	4163	0.0321611160312953	0.264748969511121	0.0910878801491632	0.555110674269239	0.519863166665715	177.933553563681	10	1.4578038976003	0.113622808576269	0.999301206659539	45.342479580962	1.06520983732234	2964	0.0376381891275598	0.37640829600453	0.100463269097196	0.427156159641667	0.53117356792643	46.3179609895712	10	1.23557335944612	0.0649862434688939	0.924140827860089	32.8335294764528	10	0.000381854284405071	351	3766	397	1243	0	0	0	0	0	0	0	0	0	0.000299145299145299	0.00284900284900285	-0.05733415877974	0.0430261209865696	-0.0992605964964347	0.581196581196581	human
SRP069976	41	24294	0.240523005713269	1.06140359507669	0.254838709677419	-0.00913378502708616	1.0000834329894	1.03397131390154	1.0211977276961	1.04019296880532	0.712676583452315	0.586178954506928	0.998177085655136	13320	13101	0.0377980964747585	0.387223418434893	0.0967033392435096	0.429815401692592	0.523117555616566	51.8524048891613	10	1.16152382729339	0.0781090161409923	0.999695398040668	30.7350447097478	1.00541976777599	13318	0.00223134569695449	0.0684102176520743	0.0162308654349876	0.545211060861815	0.700786526241818	101.428011737837	10	0.091361686954505	0.0180370727227234	0.984778134518811	40.9718356522614	10	0.000411624269366922	474	12846	255	56	0	0	0	0	0	0	0	0	0	0.000390295358649789	0.00210970464135021	-0.0909955682035241	0.0309740759744035	-0.122121737177365	0.789029535864979	human
SRP070148	50	30114	-0.320256307610174	1.11428571428571	-0.32	0.0800640769025435	1.00645161290323	1.06572625201198	1.0578444735727	1.06942065430384	0.107861190643057	0.285417318717711	0.992075144057255	13683	12813	0.0277133009903279	0.266171018252946	0.108681005917875	0.66975298935314	0.564623610546434	388.863824302985	10	3.09767392044671	0.257228030313772	0.999694494255164	111.89781788618	1.00100158964602	13419	0.0114789069019055	0.113454661377429	0.0302679459490549	0.345728341304861	0.538791826303812	25.2510413403004	10	0.09960330955995	0.0105660731698044	0.877641628478449	8.67946000550635	10	0.000332071461778575	1233	12450	363	373	0	0	1	0	0	0	0	0.00275482093663912	0	0.000348742903487429	0.0016220600162206	-0.101514426527501	0.0626449917477452	-0.164552571371528	0.660178426601784	human
SRP070710	22	21578	0.0356348322549899	1.00127145581691	0.0333333333333333	0.231626409657435	1.05669238510567	1.01431274890822	0.997223572971192	1.0214373940154	0.538835462028162	0.289435299644395	0.996333868421045	0	0	0.00864221979754331	0.21628591329602	0.0527653885062305	0.545757455852818	0.68104035047119	84.1555159119309	10	0.133336470890809	0.0296526907894136	0.951608119380851	15.4439146340458	1.04274662295168	0	0.0699264582210748	0.538002083025166	0.14865202515225	0.299367810579837	0.493759414577364	14.232016273768	10	0.147532298358147	0.000563417036570232	0.811312447863565	2.11102581242935	10	0.000463434980072296	0	0	0	0	0	0	0	0	0											human
SRP071203	27	23277	0.0906845312637514	1.00829187396352	0.0833333333333333	0.0906845312637514	1.00829187396352	1.0170286258691	1.00375060021855	1.02184204425274	0.100680179217411	0.134681450258884	0.977916791020589	0	0	0.010510278856092	0.29690077790595	0.072721156064686	0.54122999534903	0.692681934581161	131.570614344296	10	1.16980795212377	0.109272991791116	0.999432916612965	111.370971768849	1.00014178231914	0	0.013183582897379	0.295566458947737	0.0649464839883723	0.427573131888684	0.654687916748291	27.4034751828202	10	0.738091779292821	0.0548071210375233	0.999583279632255	56.0129578535698	10	0.000429608626541221	0	0	0	0	0	0	0	0	0											human
SRP071758	75	24474	-0.0606339062590833	1.00369003690037	-0.06	-0.121267812518167	1.01492537313433	1.00335530603928	0.994308466476769	1.00727635968288	0.0652352498287506	0.137571537811472	0.996475759335067	6111	5968	0.00449447247453494	0.0535554153584998	0.0220883963564917	0.771597885301822	0.591696382140078	406.572960664792	10	0.501868100307424	0.215868588905871	0.999497425839667	111.717758457042	1.01131251379609	5592	0.00698180662915246	0.0678140284358588	0.0175844244334322	0.313061201394138	0.531026907598323	17.5318428923079	10	0.0774250260776175	0.00957279589689682	0.916593119228569	11.0924110265615	10	0.00040859687831985	215	5896	72	559	0	0	5	0	0	0	0	0.0694444444444445	0	0.000418604651162791	0.00465116279069768	-0.0293072221515777	-0.00084086300527411	-0.0258629263937853	0.897674418604651	human
SRP071965	355	22921	0.100572616229565	1.01021820677566	0.0992578849721707	0.0204904956430328	1.00042003676851	1.0047973566991	1.00129858459053	1.00615359139095	0.0956108776214796	0.0823680311740336	0.980750368609185	7334	7249	0.00496956951779411	0.053758552592245	0.0325875823199342	0.886745269887267	0.584679128398778	1095.31849949456	9	1.2345501257816	0.576817506308167	0.999801249703087	248.564058259209	1.00128908624325	7313	0.000432884649936488	0.00798158522232147	0.00207986772152756	0.591954092083814	0.627668517143512	256.462722784418	9	0.01161214767436	0.0306372508570014	0.961553936467771	26.8368993264198	9	0.000392653025609703	366	6968	281	41	0	0	3	0	0	0	0	0.0106761565836299	0	0.000368852459016393	0.00273224043715847	-0.072879099675674	0.00222279993481649	-0.0749818330819809	0.980874316939891	human
SRP072242	11	37082	-0.623609564462324	1.63636363636364	-0.5	0.356348322549899	1.14545454545455	1.32295903491425	1.28254120104753	1.34139928663821	0.833455757547728	0.126587882210917	0.671564876424179	1	0	0.0738781056987111	0.536394313953285	0.199567996622145	0.519993980816908	0.517505102320397	93.9471752225032	10	3.57511198260792	0.0796291514066021	0.99941481042015	48.4060927714932	1.0497072285578	0	0.0733719039762635	0.319750037456982	0.118432121209335	0.133088082159063	0.428967445943776	2.08753173299185	10	0.88195969982626	0.0132571847171468	0.997626880966507	12.0231792235982	10	0.000269672617442425	1	0	0	1	0	0	0	0	0	0			0	0.005	0					human
SRP072463	11	24052	0.133630620956212	1.01818181818182	0.107142857142857	-0.356348322549899	1.14545454545455	0.958994044059185	0.86951430015935	1.00587413810798	0.064539887273143	0.18478235589062	0.987269039585997	20	95	0.0229740666204834	0.198772334688763	0.0591968764255556	0.529378046626068	0.510020268618233	84.0439393263752	10	0.994842567789429	0.11701327136663	0.999413770164643	43.3237039576989	1.05811865055452	0	0.0581220228031696	0.383382771237321	0.1166700738917	0.261039944401435	0.482511451975142	14.2786502260417	10	1.39672824234957	0.0526296189955817	0.999704806253118	24.0582764910628	10	0.00041576584067853	0	20	75	20	0	0	0	0	0		0	0	0							human
SRP072492	45	25886	-0.0695837425926601	1.0048654552676	-0.07	0.109345881217037	1.01210121012101	1.00876232492668	0.999906898410765	1.01254591216369	0.351758679791569	0.170527124904273	0.996354664602387	0	0	0.0119496425295592	0.114686493137436	0.0313651974737247	0.392695685340946	0.53342317505615	46.935518134908	10	0.374116503314649	0.0625497559590074	0.997716912616859	31.3152182128773	1.01241719425946	0	0.018773279904698	0.125220806730814	0.0375219155337202	0.240442131937723	0.48616553551911	10.5705786527103	10	0.36088851971481	0.0343730107725194	0.999235107780267	19.2294228032013	10	0.000386309201885189	0	0	0	0	0	0	0	0	0											human
SRP072494	20	27411	0.314485451016575	1.10975609756098	0.32967032967033	0.104828483672192	1.01111111111111	1.04349444655203	1.00716999371707	1.05854632555782	0.391685200684874	0.754093900645532	0.946607091050198	0	0	0.19584027899315	1.07173373981377	0.366149314175492	0.119967874977265	0.490795577217444	2.3070934240069	10	1.70666748538567	0.00776783239833046	0.982496078216774	8.72013702002947	1.0091809846145	0	0.05537460659394	0.667856151616992	0.16713015934461	0.275185550108004	0.595330248715393	13.5874395710339	10	0.738453464739265	0.0108829778004752	0.894031593156032	13.3412434611916	10	0.000364817044252307	0	0	0	0	0	0	0	0	0											human
SRP072693	29	21379	-0.0534005750699175	1.00285977641748	-0.053921568627451	0.0873827592053195	1.00769449985751	1.00889416566665	0.99112071729141	1.01585950199367	0.150559382499767	0.243481840334492	0.987104647805364	0	0	0.0131239919559885	0.346976363829111	0.0853100547818726	0.412435561415771	0.689039406605592	40.8856343608972	10	1.22418148515544	0.0963103191862615	0.9994527339913	93.3650970580291	1.00289288100989	2	0.0206612286911478	0.347590883679721	0.0854818808645081	0.400301435271164	0.624487437309445	43.6568785673204	10	1.04080943620288	0.0882272662701332	0.986566256606951	50.404218468412	10	0.000467748725384723	0	0	0	0	0	0	0	0	0											human
SRP073347	16	23442	-0.0727392967453308	1.00531914893617	-0.0833333333333333	0.218217890235992	1.05	1.0115599575867	0.977613091016854	1.02648674389293	0.0505409531135983	0.12734306502863	0.989829995323798	43	14	0.00733638227495816	0.161393978524822	0.0467285359593918	0.747500509432654	0.655264684270429	244.73973243368	10	0.887207600636673	0.177957887753478	0.981925603617439	121.029571795735	1.04066672797588	23	0.0209593022217185	0.243666371314474	0.081884795437686	0.622125688193243	0.57975280501427	235.682422776091	10	2.04230329948085	0.228022748588971	0.997470352359014	97.4872444728049	10	0.000426584762392287	29	14	0	22	0	0	0	0	0	0	0		0	0.000517241379310345	0	-0.00470002292141228	0.0151761761606384	-0.0242436198628189	0.310344827586207	human
SRP073382	36	21880	0.057831493196624	1.00335570469799	0.0555555555555555	0.057831493196624	1.00335570469799	1.00527064325458	0.988999147262402	1.01290574858019	0.15163485842051	0.101865490170341	0.994512793768415	0	0	0.00991935708331215	0.0697125773672191	0.0216980772702068	0.344541236928034	0.492758381510727	112.354217190479	2	0.499020298784589	0.047297592497205	0.999840036563071	50.3083179650692	1.01299199377162	0	0.00723684665824315	0.070311145448686	0.0197607307523285	0.395459447577495	0.539758837540286	47.460707467231	2	0.120155476576599	0.00362697303544864	0.996526508226691	16.603561140077	2	9.14076782449726e-05	0	0	0	0	0	0	0	0	0											human
SRP074349	218	28071	0.0544673376442636	1.00297551831307	0.0965353081195451	-0.0431261933676498	1.0018633341109	1.00179410613335	0.996182330991305	1.00427008199334	0.181963786811362	0.470087477415624	0.998805771966028	14776	15022	0.016042857646244	0.172879610083452	0.056397382529302	0.610215327785178	0.562126043148431	242.166099554777	10	1.25052044645419	0.163238863713165	0.999640198069182	77.9911383011267	1.00359391189789	14645	0.012615773211418	0.188801942740705	0.0457420206067286	0.301389947210431	0.607622017578637	12.3455871603708	10	0.143231217055135	0.00391730755532973	0.959313882654697	11.3588785376552	10	0.000356239535463646	162	14614	408	321	0	0	6	0	0	0	0	0.0147058823529412	0	0.000277777777777778	0.00617283950617284	-0.0542466076109378	-5.0623542689549e-05	-0.0495692045597202	0.981481481481481	human
SRP074581	28	19591	0.132453235706504	1.01785714285714	0.0526315789473684	0.132453235706504	1.01785714285714	1.01905525795754	1.00888578185496	1.02427854096232	0.607097379775505	0.323364946088394	0.992525964801112	0	0	0.037363995715816	0.287746656568954	0.092164275028741	0.127433767954434	0.537582329057234	2.26732030788712	8	0.373343027509024	0.00730997596569193	0.991494819049564	10.0042826732201	1.01656948061744	0	0.0478611060608982	0.346205195442511	0.109675947129674	0.143169001764679	0.517142424141097	2.2194177722198	8	0.0288070862484525	8.12541915215362e-05	0.409709815731714	0.601778697453481	8	0.000408350773314277	0	0	0	0	0	0	0	0	0											human
SRP074739	15	21264	0.577350269189626	1.5	0.555555555555556	3.91227760087802e-21	1	1.1993094562059	1.15038406736931	1.22213003888013	0.0955975688345384	0.210196307049357	0.761771861119062	0	0	0.114763591335833	1.14535774765335	0.31887150238751	0.303154943000024	0.557571138811776	32.2806156359201	10	4.54017626125657	0.0908722509091127	0.999703724604966	39.585590645211	1.02985621599546	0	0.00568883571608081	0.259809060921453	0.0562481342446754	0.419635748006741	0.753156256059771	37.4032308267896	10	0.200016457480725	0.0134174502779653	0.891248118886381	35.2138249784183	10	0.000470278404815651	0	0	0	0	0	0	0	0	0											human
SRP074904	8	23150	0.5	1.33333333333333	0.5	0	1	1.06638720241749	0.98143087189335	1.12025160200217	0.0861516391388641	0.458836512805381	0.883297754438503	0	0	0.176333224349408	1.62735611475335	0.39991091487704	0.258724591877011	0.513277357312066	9.31606698089681	10	2.93990651025708	0.0230998272374424	0.997416846652268	16.6759415124029	1.06665806404981	0	0.035457002010843	1.46556164966777	0.300904523113041	0.381902403837238	0.739401170937339	21.4816249225937	10	1.79932561225639	0.0133502456352704	0.96504535637149	50.7943795800369	10	0.000431965442764579	0	0	0	0	0	0	0	0	0											human
SRP076032	18	23184	0.0790569415042095	1.0062893081761	0.075	0.0790569415042095	1.0062893081761	1.00735886288679	0.972639593442689	1.02163678445854	0.672095807111737	0.440568896715843	0.986175326464134	0	90	0.029044618222934	0.53632261571551	0.129049145008507	0.332870094802957	0.639316319976518	17.2438888475174	10	0.405432643840579	0.00803325275692789	0.947675120772947	13.9719903614642	1.02337705328115	0	0.028209464772094	0.522818508083594	0.126792699007857	0.331548387601133	0.640649465642621	16.5850119815519	10	0.53886367783612	0.0151214331733439	0.977872670807453	19.1148942386257	10	0.000431331953071084	0	0	90	0	0	0	0	0	0			0								human
SRP076627	21	20848	-0.219686212779868	1.05070936929344	-0.172727272727273	-0.219686212779868	1.05070936929344	1.02732181419903	0.990821265042487	1.04247510606186	0.0791383132868143	0.253575794534441	0.959671208300337	5552	5127	0.0259181105335895	0.666335026413791	0.144825616605933	0.482449192743816	0.667091888227817	60.3134963107456	1	1.94019658049336	0.00854414149913081	0.999808135072909	74.8649664947207	1.033998514108	5042	0.0208331646877637	0.380699753590292	0.0890951953607033	0.5266111129949	0.61630860410445	271.764120713009	1	0.14114507108588	0.000117662692482401	0.944694934765925	6.77520310758898	1	4.79662317728319e-05	656	4896	231	645	0	0	1	0	0	0	0	0.00432900432900433	0	2.28658536585366e-05	0	-0.0950436673283372	0.0215211539802915	-0.106983420245872	0.76219512195122	human
SRP077046	102	25882	-0.199204768222399	1.04132231404959	-0.202380952380952	0	1	1.02362251773886	1.02029504630587	1.02503910338354	0.495646142555078	0.357738221829588	0.996983032281772	14746	14916	0.017076698344393	0.118528371156553	0.0515240101381914	0.634524086601516	0.509968911514695	343.432137057491	10	1.2399388781959	0.226375629965071	0.999578857893517	72.6332551546788	1.00332333188022	14728	0.000448573611551498	0.0254197995268266	0.0062233734005497	0.665070469471261	0.771347850884992	137.6396848224	10	0.0673269537953101	0.053840647495406	0.980948149292945	150.185481618136	10	0.000386368905030523	250	14496	420	43	2	1	0	0	3	0.008	6.89845474613687e-05	0	0	0.00048	0.004	-0.0731572466256014	0.0218959138887832	-0.0950394975804174	0.824	human
SRP077708	22	18398	0.283333333333333	1.08728480821504	0.283333333333333	-0.266666666666667	1.07655502392344	1.05306702429004	1.02913972911055	1.06316843841693	0.102275720549064	0.23251451250247	0.97907558590759	1147	735	0.0441289646577562	0.344549461431942	0.116048878041992	0.48288028622702	0.515513408111118	147.19456627547	9	2.56087760183292	0.219351073781778	0.999691995506758	58.0883579128037	1.05282086912507	619	0.036734178693788	0.306022014624085	0.0856514979676744	0.296405309085039	0.515316465480141	15.4088281590024	9	0.17290411729607	0.00274220383195049	0.949614088487879	4.70855828292835	9	0.000489183606913795	449	698	37	534	0	0	0	0	0	0	0	0	0	0.000534521158129176	0.00228285077951003	-0.0709327888798511	0.0461678715706179	-0.113051196164668	0.610244988864143	human
SRP078314	16	24744	0.218217890235992	1.05	0.19047619047619	0.509175077217316	1.35	1.05347816934938	1.03166528190294	1.06181824158367	0.258746695204382	0.385090181186852	0.970958881812068	451	399	0.0595154302522045	0.813323886864942	0.198258318070962	0.382742889173735	0.586261915798401	22.6090599542698	10	2.34240325415119	0.054572416965239	0.999426123504688	39.3864660172467	1.14653777515068	47	0.315385111226343	2.10441253948648	0.611638756038599	0.163485661095838	0.481296647522956	2.58385854874514	10	2.49805977684443	0.00594017734682551	0.979469770449402	7.92690674342764	10	0.000404138376980278	114	337	62	407	0	0	0	0	0	0	0	0	0	0.000307017543859649	0.0087719298245614	-0.0374867279170454	0.0487973667742877	-0.0727880910445856	0.456140350877193	human
SRP078441	14	20383	0.577350269189626	1.5	0.571428571428571	-0.288675134594813	1.09090909090909	1.2594949403431	1.19746221006681	1.29077900532263	0.797776824055567	0.335613706366936	0.704235393768376	0	0	0.324790022046214	1.71420687022368	0.538161528416876	0.177007759407072	0.442362215712729	4.53736218511246	3	5.7872584990869	0.0161726595493688	0.999934586011219	17.820502633121	1.05966333659657	0	0.0601712633135875	0.379173788769043	0.112073684606988	0.213042724435896	0.46806458957633	6.40557011066271	3	0.20807416875975	0.000614227589087933	0.947292678539306	3.45815310544069	3	0.000147181474758377	0	0	0	0	0	0	0	0	0											human
SRP078450	28	22616	0.100503781525921	1.01020408163265	0.121212121212121	-0.251259453814803	1.06738544474394	1.01319781840933	0.997860204466198	1.01964220480393	0.0671900473552145	0.239234971787283	0.9968544767344	1840	1670	0.011030177323876	0.121270285633347	0.0438129105148386	0.720400666135885	0.560248097066953	311.446784783877	10	1.13407121908659	0.297314588227505	0.999756809338521	102.867774902053	1.043534584553	1653	0.0249606311540511	0.23715550316958	0.0642422844939427	0.356453358992057	0.532961801998894	20.462406007756	10	0.355798469197086	0.0180399088250854	0.996391934913336	14.2585165770982	10	0.000442164839051999	218	1622	48	312	0	0	1	0	0	0	0	0.0208333333333333	0	0.000321100917431193	0.00458715596330275	-0.0114227863572298	0.017047050112457	-0.0279909689017593	0.394495412844037	human
SRP081020	13	19420	-0.547619047619048	1.42834008097166	-0.547619047619048	-0.238095238095238	1.06009615384615	1.22004839308808	1.19855375018415	1.23410496822572	0.237937582246622	0.381631811641938	0.958863777517564	2428	0	0.068878105045836	0.60974685822695	0.200805636464386	0.50415544676797	0.534904940660289	156.34770845421	9	3.80372924644202	0.1870754459604	0.999679597207919	55.2627966922869	1.03849238417748	2982	0.0393934820085854	0.338595192218135	0.0959023667912143	0.357952985338001	0.520639717043006	41.4073469228511	9	0.97122575380537	0.0552515556230183	0.897648472365259	24.6668419014198	9	0.000463439752832132	2428	0	0	150	0	0	0	0	0	0			0	0.000508649093904448	0.00123558484349259	0.0102637412128704	0.201173995920633	-0.196614507764357	0.0465403624382208	human
SRP081599	79	27249	0.0258790498668664	1.00067017405448	0.0239477503628448	0.0258790498668664	1.00067017405448	1.00191207609764	0.993326384775632	1.00543636249926	0.160167411724308	0.123810715569659	0.998944757687235	2039	2085	0.0019787773517442	0.0422530591375966	0.0120564551980345	0.691934879496514	0.659542103212081	207.46439864111	9	0.184446087888652	0.100575076225063	0.988284993129208	93.2453438687475	1.00245682045494	1969	0.00192824564257299	0.0327292093198348	0.00788506146179962	0.556273702552785	0.611562010380923	81.9218022152566	9	0.028661487941664	0.00908008616749844	0.740956854685799	14.8655403214471	9	0.000330287349994495	33	2006	79	83	0	0	0	0	0	0	0	0	0	0.000757575757575758	0.00075757575757593	-0.00666060544759602	0.00451589411115196	-0.00965741357472835	0.545454545454545	human
SRP081605	45	23394	0.158113883008419	1.02564102564103	0.166666666666667	-0.0316227766016838	1.001001001001	1.02018651931777	1.01038367353072	1.02381660546508	0.095738856288056	0.0817288667238026	0.963543216710669	0	0	0.0143796332955155	0.308533898314003	0.0833936419732233	0.534188326771191	0.662347665855925	137.089017979919	9	1.85155071614581	0.183842194939819	0.999776770871923	128.814397181636	1.00719608301756	0	0.00262929631557465	0.185727401977998	0.042864434398865	0.535576474789894	0.786149052053654	79.093343601545	9	0.80922624683524	0.104629934662356	0.980678806531589	307.902755102821	9	0.000384714029238266	0	0	0	0	0	0	0	0	0											human
SRP086078	63	23761	0.0301511344577764	1.00090991810737	0.0272727272727273	-0.110554159678513	1.01237345331834	1.00309655108632	0.99369368257612	1.00712303431642	0.0526687099326792	0.0486363885380562	0.996354522545026	0	0	0.0016871576370482	0.0373020868744088	0.0109286697304861	0.727922060056932	0.662497684749778	213.871402198957	10	0.189911382966916	0.129154075679304	0.988371701527713	112.676824592975	1.00827575216549	0	0.00803052034099601	0.0749755151753971	0.0231511610733716	0.519582778194923	0.533238466407856	122.41965156395	10	0.400999799744818	0.125762171958194	0.938828332140903	49.9426652726478	10	0.000420857708008922	0	0	0	0	0	0	0	0	0											human
SRP086245	42	22357	0.0962250448649376	1.00934579439252	0.0952380952380952	0.0962250448649376	1.00934579439252	1.00690960516319	0.994486548881945	1.01176778683245	0.683216964873359	0.216100501930816	0.99546062492967	0	0	0.00909283967172198	0.173893962963367	0.0420214457500104	0.450202048612229	0.642270821250655	45.3118247820333	10	0.276801727849898	0.0446585260803007	0.988549447600304	30.4619203472716	1.0108175931031	0	0.01606263196466	0.193800469369922	0.0485751554424463	0.314001400905339	0.567315854968585	19.0207888502534	10	0.359305067098837	0.0404059289431417	0.939164467504585	22.384726904643	10	0.000447287203113119	0	0	0	0	0	0	0	0	0											human
SRP089788	55	22632	0.109985336266015	1.01224489795918	0.136363636363636	-0.0733235575106767	1.00540540540541	1.00675165200394	0.992245504102075	1.01255748122785	0.0757920284290453	0.234576008623221	0.995156439226156	4881	5020	0.012565538953157	0.11979808820911	0.049762960833188	0.732020301253769	0.552535202795517	524.389010564322	10	1.45185864451132	0.364269743011488	0.999589077412513	115.652639320725	1.00196572814508	4744	0.00996058933151	0.0921309162752115	0.0250578323954414	0.37985128500884	0.528470919720408	95.9514658771651	10	0.26250486227903	0.0742103916508411	0.999244432661718	26.3763647413728	10	0.000441852244609403	140	4741	279	208	0	0	0	0	0	0	0	0	0	0.000571428571428571	0.00714285714285714	-0.0403086339896738	0.00533120032885358	-0.0440949745672216	0.885714285714286	human
SRP090282	16	22851	0	1	0	0.5	1.33333333333333	0.99813372860741	0.957923619458034	1.01809377982315	0.0386858165031843	0.145674993809443	0.996436964837291	0	0	0.00168783587083102	0.101233098404368	0.0257467259090362	0.675539000572445	0.780956321154796	262.442698694934	9	0.126503153903583	0.0225775360819496	0.884857944461463	74.9783317543421	1.16965565668952	0	0.050784169126553	0.367763916307635	0.153955410233672	0.623928336748095	0.518012994276517	471.188436974844	9	5.18189869973861	0.368477627200105	0.999766603941476	102.094069335105	9	0.000393855848759354	0	0	0	0	0	0	0	0	0											human
SRP090460	27	25040	0.00881134221062802	1.00007764577995	0.00714285714285712	-0.229094897476328	1.0553916748607	1.00886550608292	0.991642543114325	1.01603783683741	0.24567330013931	0.241791592762191	0.997806872796128	373	380	0.001825019669298	0.131783498987061	0.036601111236024	0.792530374846422	0.801540067297493	284.222546040633	1	0.263754112446211	0.00207174530707327	0.997164536741214	144.521375552445	1.03323517082213	7	0.038723264838247	0.322488084474477	0.0881272437362727	0.264700431705127	0.510684187474022	12.459237025671	1	0.351199545618949	0.000632461637485261	0.992651757188498	9.07003003129283	1	3.99361022364217e-05	20	353	27	366	0	0	0	0	0	0	0	0	0	0	0	-0.000911984501030751	0.0154582818895549	-0.0169660811077129	0.2	human
SRP090552	14	21640	0	1	0	0	1	0.997962969539869	0.949554826416176	1.01920956475172	0.0812254995505325	0.116907591331457	0.989185839260714	0	0	0.00155398822877165	0.138455141072309	0.0364683961119358	0.783653877000041	0.814349949484997	244.51791517281	10	0.33278760174334	0.0685781839467549	0.995166358595194	214.370168579554	1.00127660258037	0	0.00147850346962619	0.123652396105306	0.0330431681307476	0.737763850444376	0.807240177309004	224.552249292268	10	0.496174411823059	0.102329134636096	0.997329020332717	336.148347586921	10	0.000462107208872458	0	0	0	0	0	0	0	0	0											human
SRP090633	10	27330	0	1	0	0.408248290463863	1.2	0.957217432422886	0.879600892752019	0.995173204039716	0.156358169625579	0.389886144506623	0.969151743153892	0	0	0.022319756294152	1.07729292252809	0.246068659282514	0.357982255371362	0.751918688548311	20.7069894925392	10	0.7713913574637	0.00710261547904019	0.942590559824369	34.6069745693444	1.03609721015856	0	0.224782441364803	1.97782293594804	0.542023323905787	0.205993827181941	0.529599850175004	5.36248297278018	10	1.53892823028029	0.00408817894239877	0.841492864983535	6.84993742574857	10	0.000365898280278083	0	0	0	0	0	0	0	0	0											human
SRP090799	52	20695	-0.189815744723797	1.03737670008237	-0.180740740740741	0.0528994698410581	1.00280620666887	1.01878428457858	1.00699417326053	1.02343783525067	0.376706613918649	0.16615851283674	0.987127801925192	0	24	0.021693169222513	0.197276229233904	0.0596023461401715	0.45851243276446	0.530267882906573	220.879516224001	10	0.928078155632348	0.183757585809428	0.999700410727229	42.8060800430211	1.00512723409153	6	0.0053491293236408	0.0753683389441327	0.0176346299906143	0.466825606696378	0.575040439689133	35.7586323053171	10	0.0518196547586504	0.00977800363219384	0.961024402029476	9.69225498995768	10	0.000483208504469679	0	0	24	0	0	0	0	0	0			0								human
SRP092402	112	22167	-0.18490006540841	1.0353982300885	-0.234432234432234	0	1	1.01772534357402	1.00852316693754	1.0214786138866	0.0903455011409245	0.265376344291866	0.987293244134275	13031	12542	0.0190423016608721	0.139528849541639	0.0754192601259317	0.792449462773976	0.521465607314754	754.293818822895	9	2.62430066843541	0.457410573985559	0.999764414570207	137.892732491959	1.0016985301317	13042	0.000271545152728037	0.0265587492561304	0.00624002004261581	0.691902914417164	0.813268668542115	147.968178530355	9	0.0183061902942803	0.00430417474892228	0.967168413507566	67.4981535298068	9	0.000406008932196508	720	12311	231	24	0	1	3	0	1	0	8.12281699293315e-05	0.012987012987013	0	0.000333333333333333	0.00138888888888889	-0.134495023093171	0.0123593109228358	-0.146599218602062	0.934722222222222	human
SRP092408	36	24824	0.282038037408883	1.08641975308642	0.291666666666667	0.161164592805076	1.02666666666667	1.04503079361691	1.02856898115736	1.05360104483108	0.272912855098196	0.687232491573165	0.992956494581655	14205	13947	0.0520456045807903	0.373807565126497	0.128479540479691	0.534999666297107	0.491937412372215	214.406455702289	10	3.32075051962385	0.254257190907832	0.999794553657751	63.8492837973632	1.01283881400042	13856	0.0220702663770175	0.218992633961617	0.0580350954911564	0.24106590259596	0.559005968623363	8.0183906074969	10	0.09798791821644	0.00155080027861738	0.872917338059942	4.4419764197624	10	0.000402835965194973	724	13481	466	500	3	1	1	1	4	0.00414364640883978	7.41784734070173e-05	0.00214592274678112	0.002	0.000483425414364641	0.00276243093922652	-0.0975133161997281	0.0409942653305025	-0.13517982788641	0.755524861878453	human
SRP092501	12	24951	-0.119522860933439	1.01449275362319	-0.125	-0.119522860933439	1.01449275362319	1.0475160960211	1.02685497384371	1.05826804717605	0.194129014447339	0.588451070563261	0.98045746738899	12	13	0.041050603420273	0.901242006495438	0.212630998979765	0.404469105615945	0.658515331712997	41.5784795585947	10	1.63571438308414	0.0238824429156155	0.977183279227286	39.8756971160886	1.00911952368715	5	0.05899937426965	0.78341823002869	0.18925464749498	0.29978103138783	0.583073542181746	12.3555837444655	10	0.24086576346025	0.00148083551966197	0.828179231293335	4.08435855450627	10	0.000400785539657729	1	11	2	7	0	0	0	0	0	0	0	0	0	0	0					human
SRP094553	42	25377	-0.187002234361877	1.0362370389532	-0.187643020594966	0.00456103010638725	1.00002080342841	1.01199591866649	0.984169401999401	1.02372628995615	0.127595882361401	0.102972984323282	0.941101420064584	1	1	0.026797622774494	0.23978601326114	0.0751493999926084	0.530673812689043	0.527174769450536	110.929489326524	10	1.3922031162628	0.143100181421813	0.999755684281042	51.9665199861356	1.0066007793826	1	0.001075092189703	0.0480152738266828	0.0111588565357802	0.598763224770758	0.747333001541812	67.0342278994824	10	0.01640011942625	0.00591229324890207	0.801304330693147	15.2688031372363	10	0.000394057611222761	0	1	0	0	0	0	0	0	0		0									human
SRP094784	12	24141	0.353553390593274	1.14285714285714	0.375	0.353553390593274	1.14285714285714	1.06210275562388	1.01019652463476	1.08506851582529	0.08847212491343	0.137844884183206	0.849217262357542	0	0	0.0832478321373536	0.982262326726049	0.250439321995605	0.401586585779283	0.560345358078183	33.5149081839952	10	3.51056300449901	0.0694978454847013	0.999482208690609	42.1941419761643	1.08902781265069	0	0.0587821285825162	0.914863061522458	0.228736005064619	0.486230783471357	0.602829003492198	81.5860285276494	10	3.99104913358751	0.125805378198824	0.995812103889648	67.928859725372	10	0.000414233047512531	0	0	0	0	0	0	0	0	0											human
SRP095361	38	24015	-0.258443280610909	1.07157353538087	-0.255555555555556	-0.151694969054229	1.02355335853446	1.04222311094516	1.0326145957564	1.04609109820924	0.0891042534077666	0.302390152055386	0.994518738224566	11527	10949	0.021342492336942	0.177630935334068	0.0832682170024752	0.759311115629048	0.537772754243698	573.647783691736	10	2.69996949175425	0.405566866665263	0.999766812408911	126.58111748019	1.0155627282935	11397	0.015680955139527	0.110494894478594	0.0319378381909285	0.301617425215333	0.48550714598279	16.5288588411698	10	0.300514670023975	0.0390693805510758	0.998825733916302	19.1754058697823	10	0.000416406412658755	825	10702	247	361	0	1	1	1	1	0	9.34404784152495e-05	0.00404858299595142	0.00277008310249308	0.000442424242424242	0.00242424242424242	-0.0804008702644108	0.0390351116387432	-0.118477697386209	0.707878787878788	human
SRP095491	19	23329	0.0272165526975909	1.00074128984433	0.0222222222222222	-0.231340697929522	1.05654470749364	1.00719896357578	0.973182117299017	1.02235219418653	0.474906106005718	0.281969068385327	0.994965905610277	2	1	0.00718176032916799	0.281806111825402	0.0670133463682898	0.576731415346881	0.735766370628697	96.2130257409453	10	0.68814400643442	0.0425306991243993	0.998075356851987	95.9252939918272	1.04091719704337	2	0.0502027131849307	0.462332670403852	0.125062940410516	0.328000593105692	0.528816197920061	17.0150827146345	10	0.511072854678165	0.00689890505956452	0.951729606927001	10.1858953503537	10	0.00042865103519225	1	1	0	1	0	0	0	0	0	0	0		0	0	0					human
SRP096201	9	24879	-0.55	1.4336917562724	-0.55	-0.1	1.01010101010101	1.18503441296319	1.092666232441	1.22912326335066	0.196412760142562	0.358438558340611	0.83748380981616	729	147	0.161636168112446	2.01281314028004	0.537245878508572	0.388654619432599	0.582211140498242	36.3114045354736	9	7.27199986051404	0.0691433432196039	0.99967844366735	45.0241636181144	1.02611490581389	553	0.0183924349252153	1.00636926705452	0.214248213058217	0.42585673660747	0.765190697069939	29.0122594440019	9	2.20919667231494	0.0414621988756608	0.998173381388141	120.218946851224	9	0.000361750874231279	602	127	20	218	0	0	0	0	0	0	0	0	0	0.000299003322259136	0.00166112956810631	-0.086183340603564	0.173610059852115	-0.255108165032252	0.325581395348837	human
SRP096757	245	29543	-0.0171684509047985	1.00029484261301	-0.0238095238095238	-0.0652401134382344	1.00427446569179	1.00130816694987	0.999629787198727	1.00198727523406	0.183956248363887	0.183486985989279	0.999912804962602	9944	9962	0.000934152625249041	0.0205508732884106	0.0069245092615434	0.739285330190236	0.669489097195469	1167.59308434016	10	0.0339744429626821	0.0180886470494574	0.986737975154859	36.384393545027	1.00299946077635	9792	0.00447284076970129	0.045144422899155	0.0116153857235929	0.276071710201035	0.544462076234556	11.301163044865	10	0.0744223722823935	0.0153097973171629	0.976735605727245	16.650130352103	10	0.000338489659140913	28	9916	46	218	0	0	0	0	0	0	0	0	0	0.000178571428571429	0	-0.00835705490899727	0.000801451719879287	-0.00729509561288394	0.928571428571429	human
SRP098758	329	22664	0.0439356547651047	1.00193407518574	0.0520119863013698	0.0141932053459289	1.00020148766709	1.00055386047818	0.997219634655492	1.00203541898178	0.274904872982908	0.0991291220694391	0.996336351715832	5514	5567	0.00309004217909075	0.0280405194288998	0.0154127049597961	0.847758015234792	0.548842655138869	1190.44692039846	9	0.479296976646297	0.514914610551647	0.999754873122328	155.221096002455	1.00052769654251	5484	0.000713283944709452	0.00922829778309945	0.00510179760033033	0.902330344132439	0.599962267401969	1331.82435136629	9	0.194862496937209	0.633340867290921	0.999808801035416	273.287804426071	9	0.00039710554182845	84	5430	137	42	0	0	2	0	0	0	0	0.0145985401459854	0	0.000297619047619048	0.000297619047619115	-0.0258461889137303	-0.000715068802477095	-0.0245184272289188	1	human
SRP099676	23	22286	0.0117851130197758	1.00013890818169	0.00833333333333333	0.0117851130197758	1.00013890818169	0.998151486615654	0.961655241602098	1.01311605479106	0.151274337270112	0.580361828185721	0.999516415241389	12642	12902	0.00390450752717016	0.151882635999196	0.0322667724507383	0.491157573261633	0.728137949593704	33.9895318560274	9	0.26267477237407	0.0217948979704879	0.965179933590595	67.3108720625067	1.00228639453194	12682	0.00268233469863505	0.169998847388013	0.0335787740512046	0.523094305798552	0.779965683267569	40.2092927835037	9	0.0173079478720906	0.000187697919429374	0.763992341978522	6.45539007461952	9	0.000403840976397739	73	12569	333	96	0	0	5	0	0	0	0	0.015015015015015	0	0.000205479452054795	0	-0.00805810075790716	0.0167032323839883	-0.0231520611165377	0.328767123287671	human
SRP099844	20	24068	0	1	0	0	1	1.00657433009519	0.981471239350963	1.01797358926645	0.0818122899892022	0.101376410210493	0.994005802604594	0	0	0.00127591773387831	0.0537794644774676	0.0236037971529553	0.887461936325659	0.772593206886355	638.500278909969	10	0.186874396845343	0.0643873636173125	0.997340867541964	146.618842047687	1.01115714423967	0	0.0011011926829417	0.043966814426807	0.0119580522778965	0.668068977470042	0.743938191809911	873.825911437801	10	0.0438503591637877	0.00655092286916324	0.925141266411833	39.8558895382245	10	0.000415489446568057	0	0	0	0	0	0	0	0	0											human
SRP100948	94	24772	0.120966341541975	1.01485015597686	0.123199205166418	-0.108284386380316	1.01186462711791	1.00766158933905	1.00208336424331	1.00991139169359	0.0961609377381377	0.196663632948334	0.996243570949547	8896	8329	0.00864108284154244	0.0626516613367513	0.0306619953206455	0.73685732994257	0.521839711633911	539.820405005548	10	0.918493307399525	0.371848718948977	0.999737606975618	106.370962154791	1.00891414637121	8949	0.0056316593515762	0.0461435198712301	0.0127780606751786	0.264354317695274	0.514415190700331	10.4366444934653	10	0.0640751004049225	0.0120544871279935	0.990255126756015	11.3818455713214	10	0.000403681575972873	618	8278	51	130	0	0	3	0	0	0	0	0.0588235294117647	0	0.000428802588996764	0.00161812297734628	-0.049932707647128	0.00495606125247136	-0.053989854647658	0.896440129449838	human
SRP102186	46	22968	-0.094848363829916	1.0090778786431	-0.071969696969697	0.0199680765957718	1.00039888312724	1.00925924428387	0.998808220350446	1.01367178417969	0.103389271115884	0.16097194260851	0.994796301294885	0	0	0.00982256280820665	0.0977437123753187	0.0306173124968475	0.542460320457504	0.546344731147319	152.613998626938	10	0.681416367402724	0.212450995403327	0.999747474747475	69.4002970267413	1.00471268722434	0	0.00166452280493766	0.05115943148482	0.0108908560314873	0.465974144727905	0.697719092105172	49.2919941457219	10	0.028216549279475	0.00417042891660395	0.918900208986416	16.9608584890757	10	0.000435388366422849	0	0	0	0	0	0	0	0	0											human
SRP102542	37	20070	-0.0235997441801596	1.00055725828922	-0.0233918128654971	0.0855490726530786	1.00737260127464	1.00073246811381	0.97739498936364	1.00967932193783	0.0658025194242901	0.0799467385961818	0.994111138570096	0	0	0.00206891472727655	0.0724173054024639	0.0190224797137756	0.76543296370029	0.71557492548074	163.69377781583	10	0.127045051999569	0.0552783730904698	0.986811160936721	61.4753101957113	1.01142501753296	0	0.00523105350945835	0.0657833585386551	0.0184792197314396	0.528021037417282	0.577713350114104	170.235984276402	10	0.275181654786944	0.177330750270513	0.989875435974091	52.6400410323739	10	0.00049825610363727	0	0	0	0	0	0	0	0	0											human
SRP103819	10	22147	0	1	0	0	1	1.01971427632922	0.950810050243419	1.04274823709511	0.209551992690226	0.515358861780364	0.953958559609444	0	0	0.0314315436719697	1.45806949017977	0.372671518720094	0.247747707788516	0.755117451040213	10.4480994375707	5	1.11052755447787	0.00313391282750241	0.953853795096401	35.3536495359288	1.02541702638521	0	0.030316732533978	1.4380579950717	0.359640506830806	0.194622867430509	0.762512887200784	6.56427724181458	5	0.10648211277202	0.000112476765708144	0.722201652594031	3.51419335449429	5	0.000225764211857136	0	0	0	0	0	0	0	0	0											human
SRP106008	27	25480	0.153106363164822	1.0240042556021	0.135714285714286	-0.0644658371220304	1.00417318727178	1.01939008381314	1.0011716607818	1.02792751176671	0.108402793895197	0.149137932020709	0.988273704748381	231	202	0.018887717411716	0.238650297241596	0.0605566865898755	0.386500271673293	0.575085222506885	42.7027054820229	1	1.2759092268277	0.0174230698244462	1	67.5535530315314	1.00768143047728	221	0.0078713858064345	0.263597488042513	0.0645268729685032	0.726657817310792	0.705413973235493	82.9689887189536	1	0.01394500459972	1.81182300046759e-06	0.674764521193093	1.77175409796988	1	3.92464678178964e-05	37	194	8	18	0	0	0	0	0	0	0	0	0	0	0	-0.0187433658225964	0.0250734878474206	-0.0423816850836904	0.405405405405405	human
SRP106011	78	30504	-0.590920031056555	1.53653846153846	-0.607843137254902	-0.0402418659142457	1.00162203450755	1.2365521825789	1.21533395837074	1.2524504071401	0.268733018533228	0.56032085516059	0.972624695410753	20327	17279	0.0997040842324455	0.650809733953488	0.253276871517825	0.532689504134314	0.499286134717652	205.05654925354	10	6.60168888868373	0.205768082659275	0.999832808811959	66.2502101064258	1.0035309618085	20296	0.00503972765993585	0.0898378704537502	0.021002730804086	0.452714048441205	0.619395159659419	33.7699004674409	10	0.00923857765372471	9.12931986338156e-05	0.607753081563074	1.83353411098368	10	0.00032782585890375	3586	16741	538	124	10	0	0	0	10	0.00278862242052426	0	0	0	0.000315114333519242	0.000836586726157278	-0.319080914372491	0.209872496168298	-0.533053384569578	0.651979921918572	human
SRP107025	189	26026	0.0957755763960897	1.00925788323619	0.100744416873449	0.0734829853383792	1.00542906472177	1.00546868928907	1.00277331186921	1.00654067572875	0.21283198891758	0.181644772512267	0.997884768726539	4435	4173	0.00856859364239356	0.0857842980334255	0.0332030142879211	0.673072869858778	0.560877386822399	469.720592043525	10	1.05447721857672	0.36017874588666	0.999761776684853	123.1666283245	1.00464160195871	4431	0.00716499488405095	0.0670832701681102	0.0177939903858634	0.334646396761513	0.528824538322242	21.6055310978515	10	0.0321869834692315	0.0015096852672862	0.913401982632752	4.49375675838798	10	0.000384231153461923	336	4099	74	150	0	0	4	0	0	0	0	0.0540540540540541	0	0.000476190476190476	0.00297619047619048	-0.0378958971422723	0.00399360367669878	-0.0400590415206302	0.892857142857143	human
SRP109111	86	17358	-0.252934372773537	1.06834844304296	-0.220779220779221	0.280211609053036	1.08520903540089	1.03162356794302	1.0214869434147	1.03548609154396	0.128031139176177	0.08336665999403	0.890711147884301	0	0	0.0290325160953961	0.179454023553301	0.0793004560211764	0.61821421292097	0.492059120162757	273.286523651994	9	1.89219565824961	0.302715423044888	0.999724750675321	65.2157298193952	1.04116709170003	2	0.0212113027509617	0.133365300531489	0.0402110102901846	0.178557446041435	0.472129148233134	3.64500705924186	9	0.0181585441953702	0.000279069188558952	0.458366939355533	0.856001994191849	9	0.000518492913930176	0	0	0	0	0	0	0	0	0											human
SRP109781	51	20545	-0.0343285767029625	1.00117984156413	-0.0333333333333333	-0.0343285767029625	1.00117984156413	1.00003508085407	0.994701882366368	1.00513874312312	0.932413667407616	2.02434307252146	0.999352435236513	16274	16221	0.0132109305538402	0.0933911374017837	0.0268044361636207	0.186596522091791	0.500514328440073	4.75339794840964	9	0.0903818811705701	0.00955563173748661	0.771504285984695	6.84183102715322	1.00535885733416	16188	0.008461452577465	0.0862381321469587	0.0227563235128841	0.262321440122891	0.548411876540341	10.1703536646332	9	0.026290539377491	0.00108105762414069	0.749947270219843	3.10874237537619	9	0.000438062788999757	112	16162	59	132	0	1	0	0	1	0	6.18735305036505e-05	0	0	0.000491071428571429	0.00892857142857143	-0.0284440723961974	-0.00448670180098507	-0.023100645812176	0.919642857142857	human
SRP111640	30	22317	0.339285714285714	1.13009009009009	0.339285714285714	0.0714285714285714	1.00512820512821	1.07216865323682	1.05262935141948	1.07881319086091	0.120818950431215	0.25141952634565	0.941671057836285	0	0	0.053210651458573	0.578841964207965	0.167595597119998	0.482989916753307	0.558017344196777	150.120691607464	9	3.7104392024908	0.190632489264748	0.999716210362803	69.7524322826296	1.00908000984446	0	0.00970410261555699	0.283451177548611	0.0620012734335224	0.445512348807434	0.694786996362424	39.0583482054595	9	0.09361143970865	0.00312831301751854	0.85951417205618	9.65559191924049	9	0.000403280010754134	0	0	0	0	0	0	0	0	0											human
SRP112744	16	7498	0	1	0	0	1	0.988881707884087	0.963593680959586	0.996953634615903	0.964014819066491	1.35718191845119	0.996556131679209	23	18	0.0684507292746555	0.597000975667744	0.16775872922312	0.173362709624545	0.554661974091129	3.31723136816955	1	0.539613590201087	0.00132006162473067	0.984129101093625	7.88651045344131	1.0045479664532	18	0.0613177267302435	0.640761405564987	0.170584727173135	0.187261798082339	0.583620197728275	3.83841457168917	1	0.180999020025933	0.000137103547905769	0.801013603627634	2.95186632611712	1	0.000133368898372899	5	18	0	5	0	0	0	0	0	0	0		0	0	0	-0.013384466035635	0.0177899872171642	-0.0311744532527991	0.6	human
SRP112751	17	22233	-0.549350265573536	1.43222506393862	-0.541666666666667	0.169030850945703	1.02941176470588	1.21212890701453	1.1818734845624	1.22505075198726	1.13469616156083	0.223825881672851	0.843218599492765	0	1	0.133176523190621	1.23392942014941	0.339721853505229	0.328936785093406	0.534182362981885	23.7563425976799	10	0.392340630605555	0.00329288748256616	0.8454594521657	2.94865034335516	1.02891469988709	0	0.0356180716903873	0.587837738223754	0.133744227098362	0.501544320903398	0.597217038282155	42.4258296807896	10	0.444115530287085	0.00455566111865977	0.935991544101111	12.4793666014457	10	0.000449781855799937	0	0	1	0	0	0	0	0	0			0								human
SRP113226	14	22235	0.258198889747161	1.07142857142857	0.266666666666667	0.258198889747161	1.07142857142857	1.04666585679043	1.01067763653648	1.06256054339925	0.131211200751572	0.491459688308929	0.987207553546472	2578	1872	0.0620834146523102	0.745120322501247	0.191154491522037	0.461776759135296	0.559146413514708	46.1040392857604	9	2.67118116136147	0.0742371903586961	0.999530270094695	43.0697065730424	1.03041866523732	2337	0.070933686652005	0.808909442411727	0.192476264443415	0.385220958556288	0.539649215845737	22.0698909992949	9	1.94049161480066	0.0416957154695733	0.996791844689304	27.3698242223294	9	0.000404767258826175	776	1802	70	525	0	0	0	0	0	0	0	0	0	0.000322164948453608	0.00257731958762887	-0.0505048013873194	0.0474082345419451	-0.0954602096956087	0.509020618556701	human
SRP113245	44	21783	-0.0543660282219562	1.00296442687747	-0.0535714285714286	-0.154037079962209	1.02430409553444	0.999920353436859	0.982543875171797	1.0091111130389	0.0989086565726137	0.299299115978914	0.998450964490519	9209	9586	0.007243938759148	0.0747806805053986	0.0280852091252077	0.72114721720758	0.554825797149015	443.027890675272	10	0.803507007011135	0.365590330704526	0.999729146582197	111.02015083101	1.01239428714063	9091	0.01944777400101	0.10855812527489	0.0336547991938379	0.181801892156466	0.451708687707188	4.2182823994369	10	0.0245245231451201	0.00141767167869356	0.58793095533214	1.26139465390319	10	0.000459073589496396	52	9157	429	434	0	0	4	0	0	0	0	0.00932400932400932	0	0.000384615384615385	0	-0.0195733776720349	0.00598168657525587	-0.0248644404139583	0.769230769230769	human
SRP113470	304	29374	0.0251835471329968	1.00063461352511	0.0333858267716535	0.0793519315322729	1.0063366290742	1.00140226452392	0.999918856368351	1.00188873252357	0.199657083788253	0.189272012071517	0.999768301502002	11531	11501	0.00128639786459495	0.0234275772968699	0.0114912766492047	0.841912773036762	0.662418734619061	1341.88569382168	10	0.448242349360634	0.530053987322283	0.999785524613604	348.827986791744	1.0028250720219	11818	0.008114099643805	0.0593502564607846	0.0173912911378018	0.230771488871506	0.50031264964654	6.5096019555025	10	0.021049533804499	0.00115116113765669	0.767110369714714	2.59568878110832	10	0.000340437121263703	73	11458	43	91	0	0	1	0	0	0	0	0.0232558139534884	0	0.000136986301369863	0	-0.0150354939613755	-8.97993222186726e-05	-0.0138764639527392	0.958904109589041	human
SRP113755	44	23445	0.476473532346789	1.29370629370629	0.35	-0.147479902869244	1.02223391658992	1.14109863456695	1.12297799116311	1.15145307507993	0.370872724222519	0.566224031154472	0.990173423365686	10625	9140	0.09321356191292	0.588841090661649	0.182378485865154	0.221895554445749	0.478252861848621	25.9038300553514	1	4.02921908811609	0.0208150270080127	1	43.2269857810681	1.01650136763235	10606	0.027371519783333	0.223200427374598	0.0618196783647224	0.273499689726537	0.510344544601231	12.3893038768613	1	0.0621502143631201	4.29344193086057e-05	0.808573256557902	2.27106850462644	1	4.26530177010023e-05	1824	8801	339	301	1	0	0	0	1	0.000548245614035088	0	0	0	4.3859649122807e-05	0.000548245614035088	-0.134429663782183	0.129285596587129	-0.264880068643606	0.503289473684211	human
SRP114567	8	18095	-0.258198889747161	1.07142857142857	-0.25	0.258198889747161	1.07142857142857	1.04704453277507	0.982873422552839	1.07489980119436	0.0736200487726366	0.396671348824487	0.977326243562663	3	2	0.0615152033854006	0.700354664133592	0.173531374115189	0.386769215394023	0.548750222848513	30.7593351268623	1	2.54886944938277	0.0117445487854497	0.999889472229898	41.4349478689298	1.04941126753439	0	0.06367496232606	0.734183690132896	0.180824014274681	0.421355297743973	0.545362308907099	32.3934056258857	1	0.74296617294746	0.000931602592029314	0.990328820116054	11.669566814102	1	5.52638850511191e-05	1	2	0	3	0	0	0	0	0	0	0		0	0.005	0					human
SRP114762	18	18332	0	1	0	-0.235702260395516	1.05882352941176	1.01851150550291	1.00267599991043	1.02502000393261	0.133311249222403	0.509588367609789	0.999568226568984	6725	6434	0.00152587641167345	0.0949957417246367	0.0223409903957727	0.632145294034207	0.778650565911495	112.315880230371	1	0.47347595704186	0.0243870793241866	0.999836351734672	310.356075370775	1.04245190127794	6779	0.0382324381705775	0.273672036748942	0.0780107626335913	0.317736772130533	0.479559045162381	21.3982363052452	1	0.58723828845435	0.00309072888169727	0.998799912720925	15.3598363818683	1	5.45494217761292e-05	327	6398	36	332	0	0	1	0	0	0	0	0.0277777777777778	0	4.58715596330275e-05	0	-0.000637600068221982	0.0222035170330494	-0.024199413532454	0.165137614678899	human
SRP115011	80	24625	-0.13268436585934	1.01792063627084	-0.128329297820823	0.13435335159342	1.01838264495631	1.01305009960659	1.00792229442427	1.01514939901861	0.274783472736224	0.297022019852428	0.996635406492148	8499	8585	0.014993269022717	0.154628136025966	0.0534464472623298	0.641053665517181	0.554321900239849	318.189023714568	10	1.35179260253123	0.268747781670467	0.999760406091371	90.2127011070765	1.01153842616146	8438	0.01618219141331	0.155316448680549	0.0406308110083523	0.351293069280109	0.526094130808183	21.0193398594332	10	0.037829556158975	0.0020795368286361	0.745433502538071	2.34023572801908	10	0.000406091370558376	193	8306	279	323	0	0	0	0	0	0	0	0	0	0.000362694300518135	0.00518134715025907	-0.0456672048839072	0.0111437418167813	-0.0561032205914674	0.823834196891192	human
SRP115571	52	26110	0	1	0	-0.210818510677892	1.04651162790698	1.00468867724625	0.996048846313783	1.00831710568298	0.103848869884737	0.0904205636821746	0.999059050648841	25	24	0.000651548219319099	0.0334111804581249	0.00826401501235264	0.686755793996902	0.76162955176509	160.274587912962	10	0.0929609543275595	0.0461445985198642	0.981616238988893	142.860419457505	1.02923560163508	23	0.0172074217622619	0.116427564261485	0.0355025992962395	0.234087486117811	0.490878157311695	23.6473911813138	10	0.0388606051200752	0.000462746679541513	0.707230945997702	2.25883191287483	10	0.000382995021064726	1	24	0	5	0	0	0	0	0	0	0		0	0	0					human
SRP115911	12	21777	0.0755928946018454	1.00574712643678	0.0571428571428572	0.0755928946018454	1.00574712643678	0.997236229307803	0.937989899848937	1.02412037650429	0.125722586436293	0.186811676365536	0.987697006332147	0	0	0.0167528828164181	0.31368433931411	0.0755370135803379	0.49753382982462	0.636314578642573	55.0673431020451	8	0.415349575128473	0.0125836538742209	0.959125453460073	24.8001043667633	1.02754425285618	0	0.0118261341892087	0.241617724197072	0.0553648288101727	0.535876312551935	0.636177386309893	112.187055241412	8	0.060102308279215	0.000628847588582527	0.877881480461037	5.08367485839475	8	0.000367360058777609	0	0	0	0	0	0	0	0	0											human
SRP116272	110	20529	0.0598065210494836	1.00358965952588	0.0584968530174009	-0.0651058330412099	1.0042568131457	0.996766462934627	0.984726449414268	1.00368543443872	0.160701182692257	0.0880576217959181	0.991654249199168	0	0	0.00923676702918687	0.0716416818508159	0.0252669527166743	0.553829314139838	0.517624379057866	332.842861820158	10	0.646913737875964	0.297796224944387	0.999693117053924	70.0794266599087	1.00404926171873	0	0.00681138737476684	0.0607244326496922	0.0165919216759107	0.313183073490087	0.522889542386442	33.2390552734864	10	0.0971366426204865	0.0179273798226635	0.992717618978031	14.2674046660915	10	0.00048711578742267	0	0	0	0	0	0	0	0	0											human
SRP116937	12	19002	-0.169030850945703	1.02941176470588	-0.171428571428571	0.50709255283711	1.34615384615385	1.02894261245131	0.985303555907432	1.04861265940417	0.0492162002136843	0.122719810864329	0.961839727724134	0	0	0.0239979243255005	0.210095865909559	0.0813693275327068	0.678883330792363	0.539086780504722	314.113158790192	9	1.98386869461836	0.298246470492197	0.999719327790057	82.7202827697136	1.18310656446238	0	0.0659430774919136	0.520468100778159	0.154136431408034	0.3021878656354	0.514476210017412	31.4976629372012	9	0.40988397403304	0.0197829111166183	0.969710790677005	6.21926740379676	9	0.000473634354278497	0	0	0	0	0	0	0	0	0											human
SRP117020	127	26732	-0.136589283454602	1.01901131955414	-0.140793010752688	-0.0537881426491868	1.00290155897646	1.00849033598087	1.0002877377014	1.01222834843078	0.366629541345575	0.294083155024005	0.996855204487295	9374	9146	0.025059699733957	0.182551960214528	0.0598066756749418	0.426472586039995	0.500814044139258	114.619301465529	10	1.17549898504181	0.148020485716067	0.999764327397875	46.9295224138544	1.00352162213328	9380	0.00644515327467014	0.0706960101667597	0.0187351052183712	0.446067840385265	0.549713319386216	48.8367424112716	10	0.0713895056675976	0.0180749044570005	0.901129732156217	11.0777674081711	10	0.000374083495436181	523	8851	295	133	0	1	0	0	1	0	0.000112981584001808	0	0	0.000258126195028681	0.00191204588910134	-0.0779761895256805	0.00397170478035793	-0.080763250549617	0.950286806883365	human
SRP118972	12	20947	0.577350269189626	1.5	0.5	-0.192450089729875	1.03846153846154	1.2464370367509	1.19640767318387	1.26885562444435	0.244127701845809	0.35786895832133	0.823415646806071	18	0	0.237743150979212	1.87982131541917	0.52258326627444	0.252418206187281	0.503220572902196	10.0798239437317	9	5.29042488184135	0.0429455161384453	0.999787824297301	22.2593556551815	1.0374566224089	3	0.066231994094877	0.805897138951365	0.187142442587965	0.397290232175382	0.547971302192234	34.1008927307712	9	0.25192943255091	0.000873843478469814	0.851020830349613	3.80583628483069	9	0.000429655797966296	18	0	0	15	0	0	0	0	0	0			0	0	0	-0.122719409049382	0.120380673312991	-0.238062563775192	0.5	human
SRP119122	29	21750	-0.323492916688553	1.11687875633751	-0.297979797979798	-0.00548293079133141	1.00003006343385	1.06044440241157	1.02555669087503	1.07645919227422	0.451026777840279	0.191575796790005	0.841166961875621	0	0	0.090354353421367	0.854018651827037	0.224249817318613	0.276056152230208	0.534289068424222	60.8377757087698	9	1.2089016200785	0.0486017368772658	0.988071519795658	13.3966609060482	1.0096214768928	0	0.00467474082947947	0.173726400776316	0.0396141259864399	0.500535843740584	0.729737146107257	57.4602222990896	9	0.015853802070589	0.000570235906478864	0.649966794380588	3.39297189608441	9	0.000413793103448276	0	0	0	0	0	0	0	0	0											human
SRP119561	22	26828	-0.0288675134594813	1.00083402835696	-0.0166666666666667	-0.0288675134594813	1.00083402835696	1.00920345485133	0.988218184600843	1.01852781808587	0.122707863750294	0.222041268102264	0.99927060438173	1204	1198	0.00303362255300135	0.0451212964150589	0.0148445362609194	0.713135421725694	0.604202357002104	4605.46701200128	9	0.117473369814325	0.0243658980021735	0.998127992313172	38.7426873143823	1.00571908862215	1208	0.00430171670038904	0.0833116338727979	0.0201856967058273	0.525581818572163	0.640312642788812	60.1822849716809	9	0.0197638539461539	0.000492633037564673	0.855689743717178	4.59567555961762	9	0.000335470404055464	76	1128	70	74	0	0	0	0	0	0	0	0	0	0.000263157894736842	0	-0.000784747357010796	0.0182355149475374	-0.0190239780278454	0.118421052631579	human
SRP119636	42	22624	-0.269679944985297	1.07843137254902	-0.254545454545455	0.0337099931231621	1.00113765642776	1.03780921505923	1.0154607654218	1.0481266842641	0.103251894986927	0.181051428189035	0.985398846484806	9234	9074	0.0236702159566365	0.240469582930576	0.0831349394013317	0.594055440908831	0.555814439458389	743.719548838713	3	0.987644296812438	0.1396101904815	0.998850777934936	41.7280170147773	1.00761051242451	9201	0.0016107432081098	0.0927389926330514	0.0212895252558143	0.674971144547825	0.768492111262699	175.23511638006	3	0.247699472663291	0.015768553712368	0.99868870815653	153.786583715969	3	0.000132602545968883	761	8473	601	111	1	0	0	1	1	0.00131406044678055	0	0	0.00900900900900901	0.000151116951379763	0.00131406044678055	-0.135425474402617	0.0314055399115677	-0.16469250017411	0.85676741130092	human
SRP119676	60	21838	-0.0333518672982535	1.0011135857461	-0.0333333333333333	0.166759336491268	1.02860411899314	1.00042308283315	0.985881970480317	1.00686918816814	0.0801558251473642	0.420467067827509	0.999699088015936	11820	11938	0.00528190272606799	0.0915663224913321	0.0256842375954925	0.632876921874002	0.624477611892469	255.067704147981	10	0.428828851797672	0.155965119933335	0.998502610129133	81.2469777299857	1.01888318932273	11701	0.018339331325659	0.168740122587518	0.0457044069767411	0.382264741199079	0.523887456818479	20.2645936491334	10	0.02820395474518	0.000509037927710519	0.568353329059438	1.53811143459956	10	0.000457917391702537	80	11740	198	336	0	0	5	0	0	0	0	0.0252525252525253	0	0.000375	0.0125	-0.0162499254139747	0.00297942969529895	-0.0185837024956008	0.8	human
SRP121330	16	21106	0.404519917477945	1.19565217391304	0.436363636363636	0.674199862463242	1.83333333333333	1.09615921405934	1.04227892617754	1.12157531091169	0.397114869550175	0.681550303935842	0.914652615219028	271	231	0.276299479436022	1.6555691749873	0.513916849835333	0.153466312489318	0.484940633606962	2.65526163941126	10	3.26139793452611	0.0182823462041551	0.999568842983038	11.808374730186	1.36414776885383	9	0.480505739285304	2.88546452964698	0.925781403066726	0.137059542035208	0.481687459418712	1.83480194516082	10	0.999052454164045	0.000808873359074163	0.676035250639629	2.07966773742351	10	0.000473798919738463	118	153	78	263	0	0	0	0	0	0	0	0	0	0.000593220338983051	0.00847457627118644	-0.0988116588256796	0.117483625829965	-0.205590366633488	0.432203389830509	human
SRP124651	13	20283	0.536745040121693	1.40468227424749	0.55	0.21957751641342	1.05065666041276	1.19507591398733	1.15183789549291	1.21546107788671	0.13682486048614	0.453157922990509	0.920007150331905	964	209	0.130857986429991	1.62647244660561	0.405903158473946	0.399918745756552	0.568320958640415	26.6575867005034	9	4.29361119232105	0.0567824576547301	0.999600102987176	32.8241789015318	1.03539209764838	570	0.052482893264307	0.728687439460636	0.175481477594337	0.405528449847118	0.582391826749336	27.6359276554955	9	1.55191895082573	0.0345959984219506	0.962272729762746	29.5924117834214	9	0.000443721342996598	786	178	31	412	0	0	0	0	0	0	0	0	0	0.00039440203562341	0.00127226463104326	-0.00855910027692786	0.187459564125363	-0.203650535176167	0.133587786259542	human
SRP125233	25	21815	-0.362620333811421	1.15140186915888	-0.292207792207792	-0.161164592805076	1.02666666666667	1.08868298858195	1.05891452251669	1.11588642543406	0.334277822718433	0.381523018592258	0.970574169764185	5942	6487	0.0836869023885903	0.685147033257463	0.184572044176634	0.306454778387152	0.502260350401462	16.8918094083161	2	2.65866853630204	0.0190286095828963	0.999954159981664	31.7740118123028	1.01439531065411	4588	0.042100797427455	0.296212862984663	0.0842252301992879	0.236578867108297	0.484224273789689	11.9804888607484	2	0.72167350787718	0.00907552343108146	0.994636717854687	17.1434041611923	2	9.16800366720147e-05	727	5215	1272	1372	0	0	0	0	0	0	0	0	0	7.56533700137552e-05	0.00137551581843191	-0.100688817438192	0.102980012739347	-0.203532928444445	0.478679504814305	human
SRP125882	40	21599	0.0187050138428176	1.00035	0.0199430199430199	0.232476600617876	1.05713315217391	0.986135821827568	0.953484346208161	1.00386835274607	0.101002932935492	0.333413363533254	0.997779159020562	8463	8990	0.00391017953961903	0.161068197896342	0.0379627204072155	0.606406919781184	0.738896347399049	313.622759089996	10	0.258377189694162	0.139618350101834	0.904685402101949	66.0949084081849	1.01437457435273	10043	0.049497039689804	0.306865774222144	0.0868436672421736	0.242057924678363	0.447233074396274	9.75947657584848	10	0.229832703833036	0.00286527474606957	0.818852724663179	4.64587967517322	10	0.000462984397425807	30	8433	557	117	0	0	4	0	0	0	0	0.00718132854578097	0	0.000166666666666667	0	-0.122925743969346	-0.0301175548303681	-0.0735069389395029	0.966666666666667	human
SRP126056	50	20373	0.190252956929651	1.03755555555556	0.188405797101449	-0.0536610904160553	1.00288782816229	1.01673686731076	1.005756891021	1.02168445486292	0.232834813623896	0.319025991933726	0.986625282544312	21	1	0.033325170685517	0.244691304907823	0.0815128776853113	0.391213235912397	0.513757655974487	80.1334186789816	10	1.34374924012585	0.130663738359263	0.999602414960978	40.3548378399632	1.00429057876842	23	0.00655494558265102	0.0986253408709509	0.0256359138033306	0.279532911915923	0.628647762479823	22.5141009055681	10	0.05206384977082	0.0112183922554495	0.908143130614048	7.95147066785562	10	0.000490845727187945	20	1	0	0	0	0	0	0	0	0	0			0.00075	0	-0.0383489556170644	0.0161036315642309	-0.0531750775877584	0.8	human
SRP126422	8	22358	-0.258198889747161	1.07142857142857	-0.25	0.258198889747161	1.07142857142857	1.09735655747524	1.06497208566551	1.1112685199733	0.082570832146108	0.171486272129322	0.977189640489912	0	0	0.033347277415718	0.37686429297877	0.108472693194898	0.528005461475266	0.559632189734546	122.887999260748	9	1.9695937826292	0.135805792577605	0.999587520251265	59.0909927731592	1.053552292087	0	0.0558919236962095	0.617829963004774	0.151455812176259	0.384142374837236	0.541238469070934	24.6680928374427	9	1.48584303534333	0.0409815212431147	0.99899613362356	26.5922591306562	9	0.000402540477681367	0	0	0	0	0	0	0	0	0											human
SRP126580	28	21452	-0.189990148914337	1.0374479889043	-0.192513368983957	-0.0422200330920749	1.00178571428571	1.02080221600801	0.999142418301492	1.03038793027977	0.118835702424218	0.28187872261944	0.989384241974357	4985	4359	0.0255917787128783	0.274251270519733	0.079675452129553	0.523152839780563	0.550186891855821	126.414664460417	9	1.64412346393069	0.181150924894669	0.999766921499161	64.2770235777994	1.01258171027336	4889	0.00338343387395037	0.16007085994816	0.0345198986157047	0.568041753740554	0.746894705987875	76.6500011043211	9	0.19940295279413	0.0253477927304168	0.989055669505045	58.9665476430205	9	0.000419541301510349	733	4252	107	165	0	0	2	0	0	0	0	0.0186915887850467	0	0.00043656207366985	0.00272851296043656	-0.0770529982595475	0.0126183569443118	-0.0885024367558303	0.809004092769441	human
SRP126582	42	21304	-0.257110422252326	1.07078507078507	-0.264423076923077	-0.158940988301438	1.02591695812035	1.03610240097669	1.02357389687829	1.04201787151847	0.110736668884786	0.373368939193094	0.986303853516152	9788	9041	0.029120375139128	0.328126110634282	0.107184963194646	0.591706170260832	0.56858044011632	241.119721765764	9	2.86744973952553	0.274643099925729	0.999791379813911	98.5553320043472	1.01685548409565	9462	0.017593070249971	0.234292122149888	0.0554610845331755	0.354708722715124	0.576462140907537	18.1011057653446	9	0.05246625960672	0.00703253630070128	0.686814161138232	2.98320992691428	9	0.000422455876830642	890	8898	143	468	1	0	4	0	1	0.00112359550561798	0	0.027972027972028	0	0.00048314606741573	0.00224719101123596	-0.110636997585485	0.0304790157646125	-0.138728620708059	0.825842696629213	human
SRP126583	31	19993	0.192668658897113	1.03855232100708	0.175	0.0504608392349582	1.0025527964725	1.02502385955314	1.01033911223689	1.03144569284742	0.464693932988405	0.172713615802491	0.975763588403849	0	0	0.020867172723919	0.206180864841297	0.068309216527425	0.5842425509404	0.54961480755509	227.598829615918	9	1.35125682037868	0.226882402030471	0.999711009964599	64.7975706616641	1.01085503004177	0	0.004113088072289	0.126361764360153	0.0318533023085743	0.609038246286624	0.705383283028079	159.786299412112	9	0.29181333418216	0.0765355092473299	0.997532469697728	70.9711720864622	9	0.000450157555144301	0	0	0	0	0	0	0	0	0											human
SRP126623	22	22542	0.260874597374976	1.07302533532042	0.291666666666667	0.0559016994374948	1.00313479623824	1.02892893787567	0.985225273818618	1.04867246503421	0.158313528218742	0.484395826514147	0.954668968227169	2487	3219	0.097313728373049	1.39690118208816	0.326012092815812	0.427373329164497	0.579792323779463	27.1791536704361	9	3.0834793051323	0.0355512103776766	0.998787448614438	31.6923126213409	1.0081594558669	2904	0.017406985355805	0.772345048298503	0.159436567928506	0.532185779802278	0.738911338843653	43.4911249092736	9	0.73386832763307	0.0116941675077437	0.975507447825787	42.2001954929754	9	0.00039925472451424	191	2296	923	32	0	0	0	0	0	0	0	0	0	0.000340314136125654	0.00523560209424084	-0.105824104099982	0.0314118657259828	-0.12437079995666	0.764397905759162	human
SRP126691	103	20164	-0.0625386596498989	1.00392644058958	-0.0603773584905661	0.259535437547081	1.07222352178782	0.998727966734559	0.984734516658611	1.00518098725284	0.321565518433967	0.30528372896098	0.998781151033917	13004	13190	0.00654434560363501	0.0837603432945565	0.0277288946742242	0.703515931050241	0.580411064471573	419.71430763825	9	0.743092474437569	0.338519894537927	0.99969141925103	113.596717010534	1.03195926347358	12280	0.028636253897826	0.175164581592923	0.0532461862018697	0.190269713405502	0.468409824146287	5.02168363493917	9	0.42510244523452	0.0279536327955369	0.995900284335119	14.8539163057841	9	0.0004463400119024	47	12957	233	885	0	0	2	0	0	0	0	0.00858369098712446	0	0.000212765957446809	0	-0.0359605943197805	0.00232403526773129	-0.0374889598786563	0.957446808510638	human
SRP127180	14	24847	-0.0430331482911935	1.00185528756957	-0.0416666666666667	-0.0430331482911935	1.00185528756957	1.02163325020223	0.995678386225976	1.03226445117413	0.0695915289948145	0.14456386166226	0.996840942888969	0	0	0.00472675579976781	0.0730814546746675	0.021091213920375	0.635618862124967	0.611303751179855	143.123075697863	10	0.22891317502822	0.0980788326548897	0.97205698877128	48.4619439044711	1.02281611358124	0	0.0071177709602132	0.0970156012114349	0.0267515176928783	0.481863206144159	0.597132423916046	94.0948676940263	10	0.0322987144103488	0.0015321353844729	0.823149676017225	4.54217051365419	10	0.000402463074012959	0	0	0	0	0	0	0	0	0											human
SRP129004	226	25955	-0.0533520807786195	1.00285456989826	-0.0936893203883495	-0.0845893094210236	1.00720691930753	1.00179979389956	0.999077439845841	1.00317242535281	0.0709094340999777	0.488369552644378	0.999407628970852	20354	20396	0.00394410505619203	0.0504780469531663	0.0351292995263138	0.926361639861916	0.615687572334652	1553.49813108547	10	1.18640190366707	0.547573311144514	0.99969177422462	300.930992138212	1.004043647134	20289	0.00658603529148499	0.0625841975051674	0.0165476890391671	0.283625008334668	0.535358126483184	11.9423469911264	10	0.01614973693672	0.00224625954816177	0.750448853785398	2.45341640115948	10	0.000385282219225583	52	20302	94	127	0	0	7	0	0	0	0	0.074468085106383	0	0.000192307692307692	0	-0.0271923100454301	0.00154192928701463	-0.0286113841731564	0.961538461538461	human
SRP131125	14	20762	0.344265186329548	1.13445378151261	0.333333333333333	-0.258198889747161	1.07142857142857	1.08034064033748	1.04683612045836	1.09388574655899	0.838279069011278	0.47716727695127	0.971378972640475	406	153	0.101140529720169	0.891547702065692	0.236786820876701	0.306688354314375	0.515421658395232	15.415339193144	2	1.42568983876933	0.00567201436835739	0.936085155572681	14.0982298734018	1.03874512927118	240	0.0900573029638867	0.727493115752555	0.198444833896343	0.313736714296757	0.500985374572575	18.1183890872733	2	0.0637934211878551	1.04424075032288e-05	0.368606107311434	0.708165142426973	2	9.63298333493883e-05	263	143	10	180	0	0	0	0	0	0	0	0	0	1.90114068441065e-05	0	-0.0434804686115857	0.0727878438425861	-0.115689099736087	0.372623574144487	human
SRP132197	18	19607	0	1	0	0	1	1.00671861744146	0.980120329455576	1.01909803605488	0.190189756806131	0.127400963659226	0.985656358192908	0	0	0.00285641623350899	0.218273480920545	0.0461944057948839	0.579658876558424	0.786773631981032	52.2824872880467	9	0.176985904384432	0.0103075807961176	0.980024141038065	62.0466970344809	1.00869199682608	0	0.0024802797200451	0.190321382188918	0.0459773116932731	0.660811169307409	0.793875598032802	117.153088307588	9	0.645110388374341	0.139041044128781	0.999399307503556	260.62533948094	9	0.000459019737848728	0	0	0	0	0	0	0	0	0											human
SRP132699	25	25203	-1.10655920858603e-20	1	0	-0.204124145231932	1.04347826086957	1.01501236381759	1.0038031257417	1.01927476523962	0.690033796396957	0.640222940532645	0.99561258901081	11474	11325	0.001584044147105	0.142879295338441	0.114717430775859	0.970388858780612	0.842707308868917	2440.15303566646	9	4.90093376651907	0.706602953821598	0.995441459790942	3097.45453780609	1.02696240157316	10443	0.0506254942240789	0.477142348684498	0.127653815532986	0.347679414309433	0.528784690433525	26.870486641809	9	0.174982888546157	0.00135346582233801	0.85998139551288	3.45703709287282	9	0.000357100345197	234	11240	85	1144	0	0	7	0	0	0	0	0.0823529411764706	0	0.000299145299145299	0.00427350427350427	-0.000962908416011178	0.0174748816752693	-0.0201860755579643	0.226495726495727	human
SRP132709	28	18542	0.0764719112901872	1.00588235294118	0.0714285714285715	-0.382359556450936	1.17123287671233	1.00875141671616	0.990236312120123	1.01667586237346	0.149501051182617	0.178766794718857	0.995373586203008	0	0	0.00965192794819223	0.125079624862767	0.031512128077281	0.49994716307474	0.566779212418253	74.9871792272404	8	0.277724160279226	0.0805969194065176	0.978932963002912	28.7935456107486	1.08822486400068	0	0.0580935904706057	0.398575213104257	0.115924121460388	0.234959815440587	0.484407841832289	8.83696541559081	8	1.09897280916161	0.0406756745939169	0.999730341926437	18.9278598169979	8	0.000431452917700356	0	0	0	0	0	0	0	0	0											human
SRP132711	15	20399	-0.0944911182523068	1.00900900900901	-0.1	-0.0944911182523068	1.00900900900901	1.01177169248226	0.969177319158524	1.02987841048622	0.106149563359472	0.445709482969887	0.996195916462572	2104	1973	0.01897805064766	0.550317170562603	0.11422535035759	0.519403932922617	0.679799545270779	43.4931696957606	10	0.655753684904662	0.0156451934546482	0.9064463944311	34.568088951683	1.00574654966564	2409	0.0274590434876298	0.677193080217742	0.142794065553119	0.488752963951526	0.660780556953751	38.3112313807162	10	0.0739774722666625	0.000547228413348645	0.746615030148537	2.69476663957111	10	0.000490220108828864	229	1875	98	122	0	0	2	0	0	0	0	0.0204081632653061	0	0.000589519650655022	0.00436681222707424	-0.0123502739257919	0.0281272396602496	-0.0374236006379997	0.366812227074236	human
SRP132939	50	22120	0.284398229497261	1.088	0.117647058823529	-0.146508178831922	1.02193548387097	1.05045223165245	1.04309973055489	1.05336519928231	0.771883715848899	0.215703286572872	0.977152598396566	117	76	0.0475717745400678	0.263166277555648	0.0841769045859577	0.171687953854072	0.461744144579301	6.2261385254114	3	0.888618330212418	0.0150422588638551	0.999879445449066	18.6849013821146	1.01165353038567	113	0.02427926953876	0.149276970738753	0.0503685491932177	0.117260424064452	0.501212480101353	1.3570294318964	3	0.0945557885538799	0.000399917955444148	0.699562989752863	3.89601398961359	3	0.000135623869801085	41	76	0	7	0	0	0	0	0	0	0		0	0.000121951219512195	0	-0.0611164544573741	0.042853021042148	-0.10213537211685	0.536585365853659	human
SRP132992	10	31878	0.408248290463863	1.2	0.416666666666667	0	1	1.10042415233701	1.04897737465339	1.12345422706923	0.0653891154705087	0.274198085786644	0.902920278870886	0	0	0.0866907237969455	0.723590089857603	0.219282676971882	0.442974690448469	0.51532751481108	76.502962520077	10	3.66486538564275	0.0871748599444387	0.99954200388983	42.2868926541901	1.01290833457827	0	0.00316397319491096	0.343807151329017	0.074149152424563	0.626845291517262	0.819717078451912	83.087711371477	10	0.6470734372843	0.053676629338396	0.943776272037142	204.597839539564	10	0.000313695965869879	0	0	0	0	0	0	0	0	0											human
SRP133205	21	23255	0.0852802865422442	1.00732600732601	0.1	0.309141038715635	1.10566654102274	1.02171056379636	1.00343562957748	1.02845768631933	0.137377110578659	0.280904608072243	0.990190813894014	261	206	0.017856321278449	0.326122590476743	0.0833119744062232	0.45615113126318	0.640003767778108	45.3862811056124	9	0.695748306299662	0.0338621253154277	0.997548914211997	38.9793693868383	1.05517731552344	79	0.0518137661236462	0.51554700114507	0.137429330269017	0.249324948810964	0.548484917573373	10.3245016031086	9	0.142416342759769	0.00108150597286488	0.716758642108029	2.74906740987257	9	0.000387013545474092	74	187	19	184	0	0	0	0	0	0	0	0	0	0.000337837837837838	0.000337837837837915	-0.00910739397810445	0.0238950930532444	-0.0312238197522895	0.27027027027027	human
SRP133303	14	24795	0	1	0	0.632455532033676	1.66666666666667	1.0104755329749	0.974150676381016	1.02674968189343	0.175913675993755	0.430774842246426	0.999678117656553	8494	8480	0.00213360731020495	0.109575025162542	0.0271812719219974	0.673713523959414	0.767666973641087	197.691351038602	10	0.189864309585221	0.0509352586688708	0.990139140955838	89.0766042318871	1.28532412198502	7417	0.174406440447976	1.24580789463256	0.367852905325237	0.232416497780123	0.49578359559115	8.27345603503967	10	3.3809151089293	0.0332326711506706	0.999507965315588	19.3944945935341	10	0.000403307118370639	222	8272	208	2179	0	0	6	0	0	0	0	0.0288461538461538	0	0.00027027027027027	0.00450450450450451	-0.000375530384432369	0.0270103740363432	-0.0281634082484413	0.148648648648649	human
SRP133393	12	24644	-0.192450089729875	1.03846153846154	-0.166666666666667	-0.192450089729875	1.03846153846154	1.02866197074825	0.981589252760508	1.04909454628399	0.0799067861799588	0.201428619408911	0.997125083386979	4313	4559	0.022011171184678	0.226072903930634	0.0624905713935803	0.43508965444492	0.544317554125625	75.8805909791005	1	1.3490335047229	0.0187946740790571	0.999918844343451	61.2921330912776	1.03689711989666	3899	0.0183631809000055	0.213080235071492	0.0590052122526071	0.529729554548402	0.558377244984915	77.453471925177	1	0.59416427483605	0.00409886562057143	0.99886382080831	32.3565223448443	1	4.05778282746307e-05	257	4056	503	558	0	0	0	0	0	0	0	0	0	3.89105058365759e-05	0	-0.027817162238618	0.0457377398146415	-0.0694222189139276	0.342412451361868	human
SRP133442	62	21487	0.0684271455454021	1.00470430107527	0.0702341137123746	-0.0662548552106274	1.0044090603168	1.00267179774152	0.990014775151468	1.00783436580891	0.207047544243277	0.382150289983901	0.998192112357416	3461	3356	0.0142924065998205	0.156996591791609	0.0419869813010729	0.390220158903629	0.559539107675762	38.2506707548202	9	0.541982408258358	0.0629518186220569	0.981684015658047	37.9335369695489	1.00792384459589	3457	0.013839961944855	0.173210228632314	0.0418935987428582	0.391030131577073	0.565693730682367	25.4625770790714	9	0.148261252781975	0.00515834175513541	0.964510841180455	10.721060435821	9	0.000418857914087588	193	3268	88	161	0	0	2	0	0	0	0	0.0227272727272727	0	0.000284974093264249	0.00518134715025907	-0.0295910683856163	0.00158743966967605	-0.0262399680746903	0.823834196891192	human
SRP133849	8	18223	0	1	0	-0.577350269189626	1.5	1.04156349857468	1.00650172762639	1.05670672015866	0.159962318343597	0.657187525117421	0.994096630541205	2488	1747	0.00785311495187802	0.682767470478944	0.134542420884874	0.467507717363703	0.797705551039496	28.8544569425404	10	0.379182302676219	0.013487402773072	0.959479778302146	48.3148931097444	1.23048752249812	2266	0.255268469495139	1.94044600210054	0.536991558963872	0.191844193496217	0.500436966172762	4.02795051299557	10	1.59087128416205	0.00522263507735055	0.97780277671075	6.23478648457723	10	0.000548757065247215	776	1712	35	884	0	0	1	0	0	0	0	0.0285714285714286	0	0.000547680412371134	0.00257731958762887	-0.00203560733109346	0.0464879491229386	-0.0536639844867508	0.168814432989691	human
SRP134018	36	23142	0.112038675137551	1.0127122371778	0.11371237458194	-0.125219695741969	1.0159297502427	1.0103966125527	0.994245026574478	1.0175733683749	0.124043015680003	0.377359368569367	0.996639804255123	8197	7935	0.0150623545941048	0.185109060750302	0.0611780064069632	0.641635350428298	0.582605299413167	292.209880939136	9	1.55026650042543	0.269535784558664	0.999759936239065	102.995243894668	1.01659964761407	8227	0.0154653680461214	0.205396581597958	0.0498605194904455	0.361355288093407	0.58151047286008	23.7761234507296	9	0.29417628106941	0.0164757188797904	0.993844765169629	19.0353749657956	9	0.000388903292714545	389	7808	127	239	0	0	3	0	0	0	0	0.0236220472440945	0	0.000501285347043702	0.0025706940874036	-0.0410951412769244	0.00898140964165789	-0.0485957797092384	0.80719794344473	human
SRP134188	18	25049	-0.1	1.01010101010101	-0.1	-0.1	1.01010101010101	1.01833400456566	0.993878657551233	1.02855802544679	0.110735503070016	0.601922422311494	0.999006088443718	11481	11381	0.01645391556911	0.201887801012741	0.0633565097125445	0.656119309022324	0.573742286932572	264.982541987684	10	1.43110652393966	0.200114389931457	0.998439059443491	87.0327868388146	1.01732802880955	11171	0.018991408814465	0.192484634418254	0.0508250602033506	0.334701005129171	0.542993139449874	24.0851438371074	10	0.0871320921680305	0.00162045839603096	0.898642660385644	4.59171711628092	10	0.000399217533634077	324	11157	224	420	0	0	0	0	0	0	0	0	0	0.000432098765432099	0.00308641975308642	-0.019997287598765	0.0237437005433589	-0.0414571815215529	0.496913580246914	human
SRP135671	25	25295	-0.136363636363636	1.01894736842105	-0.136363636363636	-0.136363636363636	1.01894736842105	1.01785716547966	0.999304351517476	1.02606018884984	0.535124977132873	0.203545141090093	0.991013409101759	0	0	0.0210001815511654	0.16561194205434	0.0488082590783881	0.403128287023065	0.503498199320259	48.1783510225535	10	0.494344828229422	0.0548614391582247	0.998857481715754	23.5535924688836	1.02285937433692	0	0.017349533510958	0.159756776345259	0.0425997742272624	0.392980959633478	0.51834548984778	33.9485566081056	10	0.420987694488478	0.0393837015951081	0.989847796007116	24.2731946645806	10	0.000395335046451868	0	0	0	0	0	0	0	0	0											human
SRP136102	60	22399	0.00891366147422961	1.00007945967422	0.00444938820912122	-0.258496182752659	1.0716049382716	1.00369237335588	0.99560558958172	1.00709802515564	0.111390217758034	0.178793171667561	0.999673906190883	6204	6185	0.000987405921849982	0.0365157074852156	0.0087985796861229	0.649096576575385	0.725442086430734	147.835253602199	1	0.008954363475973	4.60091911456177e-05	0.919549979909817	9.06958222906979	1.0340065688368	5068	0.0305071946072968	0.190693455358477	0.0559121319489795	0.218979409112219	0.465032281617758	5.51638342460742	1	0.079795563378336	9.07029816366498e-05	0.88776284655565	2.61574588666822	1	4.46448502165275e-05	66	6138	47	1299	0	0	0	0	0	0	0	0	0	0.000151515151515152	0	-0.00564392510654371	0.00588967447213505	-0.0097533794313124	0.545454545454545	human
SRP136195	20	20868	-0.5	1.33333333333333	-0.4	-0.25	1.06666666666667	1.1657860317349	1.14400554696496	1.17566220034306	0.153253811309167	0.182182767466859	0.795573819954335	0	0	0.093125199316415	0.665057985923443	0.220266809480801	0.410147633138678	0.503554239228023	96.1573374740398	10	4.4834333675131	0.176388825666413	0.997345217557984	48.1550019748719	1.05811725008455	0	0.0235218513207158	0.228604088602177	0.0592883066973045	0.294646525460753	0.534574097146088	12.3815444222166	10	0.089168217500375	0.00120977567098629	0.79906076289055	3.79171719881651	10	0.000479202606862181	0	0	0	0	0	0	0	0	0											human
SRP136239	24	25419	-0.204124145231932	1.04347826086957	-0.222222222222222	0	1	1.0412985261834	1.02921720352285	1.04749389919201	0.0914601755642214	0.223395684593464	0.97494404570981	150	101	0.035398174763653	0.352089852082457	0.118654240138036	0.599351675269583	0.547485311355338	204.297674076139	10	2.95341709122567	0.209814410726956	0.999689208859514	83.4763408204742	1.01091784844632	149	0.00454957764082398	0.280770645494998	0.0600174743742725	0.435134329417955	0.775261235999817	28.9296144714993	10	0.18543954723909	0.00517864073732349	0.94103229867422	40.8178728822614	10	0.000393406506943625	50	100	1	8	0	0	0	0	0	0	0	0	0	4e-04	0	-0.0434993035774896	0.0295280478758235	-0.0717395448458529	0.64	human
SRP136742	80	25248	0.114759936347097	1.01334560247966	0.126620900076278	-0.0511580439137662	1.00262401288047	1.0079011382444	0.999108703729484	1.01170825413394	0.28221740104842	0.354105376792313	0.998731819489984	7894	7930	0.018317811051575	0.138238295892876	0.0408867112123103	0.387920962086772	0.495138269009795	39.7186030674896	10	0.397215947314597	0.0473285285575133	0.991935994930292	21.6933620504836	1.00393201596757	7901	0.00599850515379735	0.0787603293475818	0.0211946184500149	0.468924803273528	0.58937394417177	58.2356808830124	10	0.107803864521216	0.0139466971404429	0.994910487959442	17.9850779622317	10	0.000396070975918885	241	7653	277	99	0	0	2	0	0	0	0	0.0072202166064982	0	0.00024896265560166	0.004149377593361	-0.0493523039533786	0.00445150998544803	-0.0509534820878279	0.863070539419087	human
SRP136938	42	22780	-0.147451963187893	1.02222530585814	-0.145882352941176	-0.0475651494154494	1.00226757369615	1.01634801375419	1.00336861029061	1.02135292229741	0.0860460960390898	0.116327871108078	0.972405045144869	0	0	0.012252430250852	0.146592216495775	0.0533296760647989	0.67638448163582	0.589561762221766	412.271524582456	10	1.1381895323517	0.239623332570328	0.99928007023705	92.9640587706475	1.00381299889271	0	0.00403764958924795	0.0910322795262923	0.0214145685836004	0.502867792070295	0.659533798545588	82.411182130934	10	0.0151688642575284	0.0062446421244219	0.796553994732221	3.76115923916717	10	0.000438981562774363	0	0	0	0	0	0	0	0	0											human
SRP140711	13	21531	-0.7319250547114	2.15384615384615	-0.714285714285714	-0.0975900072948533	1.00961538461538	1.48705983543927	1.43871152129115	1.51054166982695	0.371636874387878	0.178602222081669	0.64980589557017	0	0	0.165000472309455	1.12194146689919	0.35668277332774	0.367066097189152	0.486327200195968	53.8845395470834	9	6.18753489348065	0.117937090851222	0.999736813586611	37.5263233181808	1.02967057190742	0	0.0130276259721592	0.211946979029124	0.0521635178140271	0.51501803104407	0.605266332911405	65.673434976565	9	0.55442689367095	0.0432233675670531	0.986432998415721	42.5815860201931	9	0.00041800195067577	0	0	0	0	0	0	0	0	0											human
SRP140795	26	21048	0.154303349962092	1.02439024390244	0.154761904761905	-0.154303349962092	1.02439024390244	0.99912857315693	0.95728501539757	1.01777478736854	0.106417821139815	0.0887636610239145	0.928226548298576	0	0	0.0237542909232611	0.221078298434043	0.0709119300658888	0.559503185392677	0.536245715031645	166.455149174845	10	1.44178578076329	0.192772716096961	0.993372291904219	60.7458578174149	1.01366102254245	0	0.019210583655702	0.143436488192207	0.059514274099624	0.678213708425445	0.508921002252054	553.258894073421	10	1.69199213477666	0.382585959508104	0.999453629798556	88.0927317345749	10	0.000475104522995059	0	0	0	0	0	0	0	0	0											human
SRP140945	20	23262	0	1	0	-0.2	1.04166666666667	1.00561157048302	0.97715010053711	1.01876478183809	0.140267439971264	0.161023797439402	0.998500594440805	819	788	0.000597265739476209	0.0426684673446496	0.0198479429011185	0.935045209703052	0.815845604560884	909.804309867855	10	0.585117193687985	0.379637893459134	0.999380964663399	981.00235394078	1.02042773007625	721	0.0251832377297075	0.21984365836389	0.0634433187026888	0.420162566714316	0.518958061969565	35.1778040558499	10	0.783935152651598	0.060848507613715	0.976446565213653	31.1444517133117	10	0.000429885650416989	83	736	52	207	0	0	0	0	0	0	0	0	0	0.000481927710843374	0.0120481927710843	-0.00035244604974051	0.0178176628229214	-0.0194671400112604	0.072289156626506	human
SRP141180	22	22826	0.230635121078538	1.05618096856415	0.196581196581197	0.230635121078538	1.05618096856415	1.02722076529002	1.00341435227225	1.03988560359546	0.334870122603772	0.936660472522648	0.99637563402702	11571	11202	0.0812317832206806	0.432843803140429	0.13355270251588	0.256957007468824	0.427911592163823	14.0274247322057	9	1.46225753096161	0.0453842745060407	0.999620316013902	18.0110232956997	1.03801076442949	11348	0.0484376664985005	0.291457273213725	0.0882245459996923	0.193772927950956	0.463335988854725	4.02615372276403	9	0.36641851886548	0.00766932819990991	0.991715100713611	7.56898646001765	9	0.000394287216332253	734	10837	365	475	0	0	4	0	0	0	0	0.010958904109589	0	0.000347411444141689	0.00272479564032698	-0.101768976845637	0.0230903981579391	-0.122170288207163	0.847411444141689	human
SRP143467	14	22503	-0.100503781525921	1.01020408163265	-0.0833333333333334	0.251259453814803	1.06738544474394	0.98299681233428	0.908621115256414	1.01634589940774	0.249828822216797	0.155068991703104	0.969921612419619	0	0	0.019700729035892	0.482807396794975	0.100542180288184	0.50480342093553	0.656730988708206	45.4292235260745	8	0.536225547096603	0.0134050731978223	0.986490690130205	27.2261019338232	1.05704368294702	0	0.032955949895546	0.43093182303931	0.104387893709972	0.459680669308886	0.568745495167592	31.0475441947903	8	0.362002829834512	0.016946216023074	0.932464560280851	10.9879141576255	8	0.000355508154468293	0	0	0	0	0	0	0	0	0											human
SRP144003	26	22765	-0.0852802865422442	1.00732600732601	-0.1	0.0994936676326182	1.00999795960008	1.00462588929536	0.975016842902463	1.01664834532021	0.23606920953265	0.856521545202831	0.995800990610371	5290	4929	0.0449043915459302	0.668223753528089	0.165896380369615	0.387861009842772	0.601482280318747	34.41644313807	10	0.933755289352511	0.0287329169345917	0.97927520316275	20.7975537247791	1.01236163358054	5135	0.0238420320807098	0.346424872260815	0.090405207892421	0.272997861999136	0.621602206531795	11.3191371990398	10	0.133042248242395	0.000959418146840102	0.850151548429607	5.58425884695345	10	0.000439270810454645	505	4785	144	261	0	0	4	0	0	0	0	0.0277777777777778	0	0.000425742574257426	0.00396039603960396	-0.0545408777580384	0.00222573107683324	-0.0524283197416344	0.82970297029703	human
SRP144491	38	22927	0.323573264718879	1.11694361398874	0.322222222222222	0.00557884939170482	1.00003112452924	1.0625688518714	1.05139481277601	1.06746429597768	0.264414032819319	0.407196892070862	0.986242202992632	4976	4428	0.055392107864916	0.406528602520081	0.131774044889283	0.355212968528383	0.512229139500138	100.832016042736	10	2.07522622556804	0.127995954621344	0.999733938151524	37.4853403681059	1.00451899761656	4981	0.00383680098636	0.145883317891246	0.0334376775780932	0.374288001518173	0.727319306104873	21.05080429852	10	0.0837765434390252	0.00361814059792939	0.935608670999259	21.8591753629297	10	0.000436166964714093	744	4232	196	101	0	0	0	0	0	0	0	0	0	0.000463709677419355	0.00268817204301075	-0.0706879468140002	0.0591221721148364	-0.127852553327848	0.547043010752688	human
SRP144583	37	19545	0.079179226096251	1.0063089025625	0.0789473684210527	-0.0293256392949078	1.00086073334481	1.00775760609421	0.993759189461067	1.01328734099652	0.0665028810565108	0.205421810490905	0.998611670462333	7518	7447	0.00394311704286299	0.0667411742752728	0.0242674721858451	0.794583526631611	0.630388685898013	510.78174855342	9	0.557065988669435	0.234039368191571	0.9987095307126	141.432402650756	1.00787785445936	7507	0.001577364123179	0.0455091251592806	0.0340576402907711	0.965750816235907	0.743718981509798	1257.67466966853	9	1.29701167897698	0.644514517115171	0.999744180097212	823.004954126192	9	0.000460475825019187	144	7374	73	84	0	0	1	0	0	0	0	0.0136986301369863	0	0.0003125	0.00694444444444444	-0.0194458989253471	0.00848644994585191	-0.0269909630878053	0.680555555555556	human
SRP144647	44	21008	0	1	0	0	1	1.00210330279765	0.988420204822268	1.00899040849558	0.411877908056503	0.152901814669105	0.992714296627476	0	0	0.00224920445919599	0.113173711798104	0.0348863191116587	0.737004680997128	0.770153261416202	447.032856268328	9	0.936525402550142	0.35010630179712	0.999761995430312	417.259510723362	0.981560948528147	0	0.00155417238188951	0.101454155180281	0.0226479054543894	0.544461128894508	0.78111952656264	59.6672229624449	9	0.301649042454655	0.0702356076295603	0.998286367098248	194.208314656699	9	0.000428408225437928	0	0	0	0	0	0	0	0	0											human
SRP148556	36	24043	-0.0563436169819011	1.0031847133758	-0.0555555555555556	0.50709255283711	1.34615384615385	1.00757704381117	0.993838061751602	1.0131419292475	0.16375403661839	0.20877389612297	0.998926589873438	8994	9034	0.003597517949677	0.0600401386333655	0.0206403899867795	0.800257657451974	0.615450253275128	751.361356245923	10	0.632751509173664	0.396080802802659	0.999384436218442	176.007730299554	1.16791356429742	7768	0.039169088736315	0.364718351710494	0.101947120104517	0.368755772349286	0.530515308110186	34.8302660836749	10	0.132257432742157	0.00114115649326	0.780568148733519	3.37730955119396	10	0.000415921474025704	121	8873	161	1689	0	0	2	0	0	0	0	0.0124223602484472	0	0.000371900826446281	0.00826446280991736	-0.0116592025261314	0.0105265631157509	-0.0214287953604836	0.537190082644628	human
SRP149374	88	35194	-0.108253175473055	1.01185770750988	-0.1875	-0.108253175473055	1.01185770750988	1.00901487841617	1.00264828034636	1.01147704342132	0.160697227707046	0.391025728284676	0.993475043074262	2006	1876	0.0271697501158065	0.389756576533317	0.109141310275078	0.508673914090808	0.603986104565833	87.876577097886	10	2.1645823599286	0.104794189082488	0.999724384838325	79.6930307782	1.00905158948919	2015	0.0253586726043741	0.315047591850231	0.0841348746495569	0.270443254218174	0.587224637245485	14.2194067456092	10	0.03003887448964	0.000106671861183531	0.451713360231858	1.18478109867182	10	0.000284139341933284	187	1819	57	95	0	0	0	0	0	0	0	0	0	0.000240641711229947	0.0053475935828877	-0.044188618733062	0.0092315953045826	-0.0483666697440986	0.834224598930481	human
SRP149847	31	22085	0.272750275069719	1.08037178786222	0.276315789473684	-0.264091536178617	1.07497330297596	1.04181133117799	1.02412455207583	1.04933875507823	0.100908392253479	0.353437103528382	0.99397075853495	12043	11981	0.028449367988821	0.284855028951792	0.102997578974548	0.651187939903327	0.56076447203098	300.543917924133	10	2.64785970867823	0.307880002237489	0.999741906271225	93.141207843298	1.04672746250974	11685	0.018208903683748	0.175291910848941	0.0484412402929041	0.364014448486688	0.537562992049085	35.9006640752602	10	0.47967748355182	0.052588442038685	0.997156441023319	26.3575706562333	10	0.000452796015395065	506	11537	444	526	0	0	3	0	0	0	0	0.00675675675675676	0	0.000345849802371541	0.00202569169960475	-0.0901174412081222	0.0404725157244089	-0.130880326242787	0.741106719367589	human
SRP149978	92	21735	-0.0229961024909137	1.0005291005291	-0.0217391304347826	0.160972717436396	1.02660152008686	1.00096184035147	0.99270527115035	1.0045288064048	0.133221367812268	0.126485888325168	0.999278909201853	3308	3305	0.00191524238698698	0.0382858977046408	0.00965232890997899	0.598198412544553	0.639160582919706	114.949935255961	1	0.202890808260107	0.0201158537897271	0.999907982516678	105.939189190029	1.01607169792225	2758	0.011204455239335	0.0799815283380072	0.0223556187304507	0.238551578107093	0.483990260279535	8.11269975964481	1	0.171918992200502	0.00267131066501605	0.999585921325052	15.3458016556868	1	4.60087416609156e-05	49	3259	46	593	0	0	1	0	0	0	0	0.0217391304347826	0	0	0	-0.00833222128531451	0.00125223378771425	-0.00864552473375515	0.73469387755102	human
SRP150311	43	22823	-0.258704666705422	1.07172877556739	-0.313725490196078	-0.0269484027818148	1.00072674418605	1.03629544408172	1.02196754087129	1.04371894945089	0.12030488609559	0.358340377805769	0.98416662406994	4215	1695	0.044266828689172	0.355339565796177	0.129460016871442	0.585253965080795	0.518792146845576	265.805382444397	10	3.3871785099123	0.287473337840874	0.999754633483766	76.5761337970225	1.00845282460186	4166	0.00266502801927598	0.0743317848342356	0.0173640736778455	0.612286613694948	0.680583784171626	106.346928652027	10	0.141049638666775	0.0522124749597206	0.992389256451825	52.9581747696253	10	0.000438154493274329	2533	1682	13	124	1	0	0	1	1	0.000394788787998421	0	0	0.00806451612903226	0.00041255428345835	0.00118436636399526	-0.0731537244545414	0.0328570310905401	-0.105335115785636	0.696407422029214	human
SRP150313	16	21109	-0.125988157669742	1.01612903225806	-0.125	0.125988157669742	1.01612903225806	1.021039836886	0.986728449072134	1.03623515791808	0.13225070792764	0.210857203521323	0.98228613565757	0	0	0.0250500899379599	0.440250402134926	0.111691885458928	0.579446396345987	0.620174465370157	61.7236316159457	6	1.49190730370261	0.0507259814822732	0.999344671309236	59.5833456904184	1.01697726983588	0	0.024785591112202	0.373006799212329	0.0928440902356899	0.514866955293284	0.593340838926782	71.0135091752087	6	1.82209557524111	0.0948060704151523	0.999289402624473	73.5364091440976	6	0.000284238950210811	0	0	0	0	0	0	0	0	0											human
SRP150382	15	17486	-0.0944911182523068	1.00900900900901	-0.1	-0.377964473009227	1.16666666666667	0.971653444390365	0.903672289926332	1.00575162630883	0.260642114867664	0.475314761537518	0.968368063531888	0	0	0.058312788103433	0.976234908341906	0.224686291506321	0.323882922642229	0.625029704327861	13.7813192109985	9	0.449453795610255	0.00271876086183758	0.926213987062666	7.71307343975587	1.101268945411	0	0.167282109658733	1.2256133384346	0.361714479094381	0.17671443676051	0.505708663770703	3.80481025201677	9	0.088679933940952	0.000513491196517161	0.419192496854627	0.530104362497708	9	0.000514697472263525	0	0	0	0	0	0	0	0	0											human
SRP150595	39	21005	0.194685016473014	1.0393954313491	0.186842105263158	-0.23307361127051	1.05744384814152	1.02642490157395	1.01727561511422	1.02996330946064	0.268988225532292	0.342128908885411	0.997617186941888	12034	11751	0.0143592508972471	0.101427360423523	0.0393444874021341	0.58283417064862	0.498865426799946	686.082435145257	1	1.72996165142375	0.0920332922171537	0.999904784575101	120.485998053485	1.03774961434126	11883	0.0204842765094699	0.151007825395843	0.0425650960925309	0.285195220455106	0.48882047416796	15.0874405784626	1	0.01854226581893	8.96426010092824e-06	0.459176386574625	0.905152637603372	1	4.76077124494168e-05	425	11609	142	445	0	0	0	0	0	0	0	0	0	4.70588235294118e-05	0	-0.0678265019228777	0.0218108501265639	-0.0888067175297193	0.792941176470588	human
SRP150872	122	21676	0.142747311637141	1.02080064546777	0.0800123571207908	0.00826721882068385	1.00006835157865	1.01319574575858	1.01024925713143	1.01491825161233	0.244202242741125	0.0639513878243568	0.98928129348011	0	0	0.00733232951601524	0.0666748037615959	0.020471294775844	0.485832874687411	0.530382335463996	250.697226041354	1	0.702797085086796	0.0543636210058657	1	95.8525990721532	1.00122270576831	0	0.000674226538507156	0.0169752543216798	0.00412535299961497	0.56167576770213	0.679276388261798	113.27386121964	1	0.00778714787174095	0.000164373951653563	0.958756228086363	11.5500454293217	1	4.61339730577597e-05	0	0	0	0	0	0	0	0	0											human
SRP151425	44	21073	-0.274539994238953	1.08151626970815	-0.267990074441687	-0.0508407396738803	1.00259147921634	1.04195811789878	1.02960968261606	1.04740944040152	0.330170508274196	0.263241150284209	0.94528541828005	3	2	0.0542646027796211	0.679455880169873	0.1748661351982	0.431768502305763	0.570780002038068	51.5760609294716	10	2.80139359133214	0.119847986257405	0.999235989180468	51.657150654395	1.00684426250379	3	0.0101397796571602	0.268158232242905	0.0606756440166543	0.512779914974791	0.675365902415505	82.3356914329212	10	0.479041136239715	0.0404058396389264	0.976700042708679	47.2603391969841	10	0.000474540881696958	1	2	0	0	0	0	0	0	0	0	0			0.005	0					human
SRP151960	16	24760	-0.243708718337977	1.06314432989691	-0.233333333333333	0.313339780720256	1.10887096774194	1.03300488023868	0.993283359723472	1.05255728017664	0.151461954138876	0.15733765782433	0.943048962428719	0	0	0.0573585557055902	0.358739333906401	0.113960842671198	0.249435882533316	0.478876379734303	33.6784052478901	2	1.96734071771437	0.0256864256236469	0.999878836833603	34.3040318805128	1.07032458647402	0	0.05602198087382	0.321442778651574	0.0984810326120994	0.204358155794993	0.457365795796563	13.0207493481932	2	1.40239904433966	0.0202509049186612	0.999818255250404	25.0347578118138	2	8.07754442649435e-05	0	0	0	0	0	0	0	0	0											human
SRP152983	12	16821	-0.0285714285714286	1.00081699346405	-0.0285714285714286	0.657142857142857	1.76005747126437	1.01762687510992	0.983732017761781	1.03161413419279	0.209374805238584	0.23071580682337	0.978336680858946	0	0	0.00727234454303505	0.444065124470526	0.0977751195463551	0.55560199751196	0.774830376746502	50.9267385897495	8	0.582253963534431	0.0243891939451644	0.952210035075204	80.1408086720725	1.35455961310719	0	0.161853325629636	1.20129357739511	0.342543240167181	0.22786016729741	0.501317781169841	6.26623595708588	8	0.211074130256362	0.000911365775057402	0.583496819451876	1.30495394486523	8	0.000475595981213959	0	0	0	0	0	0	0	0	0											human
SRP154474	15	24471	-0.722222222222222	2.09032258064516	-0.722222222222222	0.111111111111111	1.0125	1.4275791848878	1.37936339103737	1.45660878186022	0.256381592136541	0.469227314607953	0.868709028435265	6299	1747	0.197316668055837	1.66356757610048	0.507961412820655	0.42064869110238	0.524645332802722	34.7442676325706	10	6.99389290430707	0.0730876770007955	0.999730292999877	35.4737236361374	1.03573867621757	5792	0.014848383679402	0.177551820417576	0.0467129592831443	0.457750414890694	0.564231284443297	52.7125268342063	10	0.0766343300915255	0.00327453187322586	0.732924686363451	5.16172183792543	10	0.000408646969882718	4612	1687	60	578	9	0	0	0	9	0.00195143104943625	0	0	0	0.000426062445793582	0.000872723330442326	-0.120831223958366	0.358243576487703	-0.489482708968341	0.234822202948829	human
SRP154573	31	25283	0.100419289050687	1.01018675721562	0.100840336134454	-0.158997207663587	1.02593577124793	1.01468846936816	1.00085509181833	1.0201243416175	0.243979440401073	0.268761921452746	0.996146327711371	418	477	0.019326889620778	0.179874741592697	0.0562678765233983	0.500308981700276	0.53442319518377	174.046676096446	10	1.33616032905848	0.206299693459597	0.999557014594787	69.1897893188163	1.02282430373599	419	0.0274691973295591	0.213731668296122	0.0618004745743218	0.318031715922	0.501799704735217	26.7174300613371	10	0.512878304864979	0.0314816636024729	0.998963730569948	18.678567565324	10	0.000395522683225883	13	405	72	41	0	0	0	0	0	0	0	0	0	0.000769230769230769	0	-0.0151466752567199	0.0184527635150293	-0.033223585506897	0.461538461538462	human
SRP154984	34	22630	-0.148184741491462	1.02245172878312	-0.138888888888889	0.229686349311767	1.05569400173863	1.01302252681505	0.994572853480292	1.02227622539399	0.13215625404036	0.111770653285179	0.965574224354007	0	0	0.0194850944769001	0.283986151995054	0.0628713556172984	0.388520938551143	0.577882913228353	26.7802272772201	1	1.10462757517818	0.0133621908654309	0.999955810870526	56.6927595859498	1.03798478474614	0	0.0184433856167065	0.216262639111597	0.0539155229945297	0.332737592562768	0.561228346960092	18.6452575796407	1	0.08200816074729	0.000101916336012198	0.91714538223597	4.44658188571284	1	4.41891294741494e-05	0	0	0	0	0	0	0	0	0											human
SRP155089	9	25656	-0.478091443733757	1.2962962962963	-0.4	0.0597614304667197	1.00358422939068	1.18995570609806	1.15465506181793	1.22066692071604	0.271220175653023	0.960829944258903	0.987460698394355	6843	4096	0.105846783977172	0.750260738857316	0.23504775119189	0.292822089287772	0.501054646423752	30.7898764951213	10	3.63226927251692	0.0849668417370913	0.999715466167758	34.3233484540356	1.03417534171751	6397	0.021797776447555	0.591107812108362	0.126640596391533	0.354097445668819	0.68346431766711	17.0953986451661	10	0.24159160602784	0.00245537748676005	0.881474119114437	11.0958346750529	10	0.000389772372934206	2763	4080	16	595	0	1	2	0	1	0	0.000245098039215686	0.125	0	0.000369163952225841	0.00109482446615997	-0.0219084551497618	0.186885265633755	-0.210175670228392	0.10061527325371	human
SRP155363	45	33992	0.0227272727272727	1.00051679586563	0.0227272727272727	0.0227272727272727	1.00051679586563	0.957636915251269	0.915559293487266	0.985060077768081	0.408190609219245	0.639743788345672	0.993168030959823	509	809	0.0441440353884185	0.411718422697308	0.108437321464705	0.259188094722294	0.53998794256742	13.5570893170052	6	0.608468171138088	0.00649566267066037	0.883560837844199	13.7878687241144	1.00232856033268	454	0.0142938748622795	0.21028649139173	0.052985826993791	0.362290050782719	0.614491441642817	24.412019845751	6	0.085436325930537	0.00875301220289861	0.890479132344866	5.97901240802039	6	0.000176512120498941	5	504	305	64	0	0	0	0	0	0	0	0	0	0	0	-0.200072092372175	-0.0688609788467811	-0.1230690780515	1	human
SRP155976	146	26430	-0.0412249335957034	1.00170238835072	-0.0410628019323672	-0.0412249335957034	1.00170238835072	1.0010571067097	0.995457314270935	1.00348797522916	0.150045424938695	0.180175144910401	0.999080119399835	9026	9094	0.00345689008905951	0.0668891487240753	0.0181640365182037	0.6217834178882	0.639558192470277	320.944529313722	10	0.328112870097972	0.106435568656585	0.993197124479758	94.9595883588237	1.00348089363459	8987	0.00226381052762499	0.0658764446593642	0.0139172033381861	0.435376418780203	0.683973415747317	26.6931286397813	10	0.00999259022433199	0.00223709721953999	0.693321982595535	4.41429981355306	10	0.000378357926598562	102	8924	170	123	0	0	1	0	0	0	0	0.00588235294117647	0	0.000294117647058824	0.00980392156862745	-0.020642177315877	0.000758300318437134	-0.0199020774125131	0.911764705882353	human
SRP156049	24	24126	-0.00699300699300699	1.00004890453834	-0.00699300699300703	-0.342657342657343	1.13303413120567	1.01155897243888	0.993247475088323	1.01913133078748	0.170161908406604	0.41604437137078	0.999212069563964	3574	3462	0.00326353117926953	0.151592660632963	0.0356856753524182	0.628633030678707	0.752374045606142	96.4687593467535	10	0.147017042538068	0.0193327064048168	0.95912708281522	45.0735008096466	1.08081466427757	2372	0.0698697493819735	0.66350215702801	0.176842986198487	0.312516558791826	0.533403126159213	17.7794011155019	10	0.681856694961549	0.00843810789926863	0.903299345104866	9.76320674078612	10	0.000414490591063583	181	3393	69	1323	0	0	0	0	0	0	0	0	0	0.000248618784530387	0.00552486187845304	-0.00124901468260415	0.0169091650035766	-0.0198520521586786	0.187845303867403	human
SRP156394	30	24328	-0.0146789237925026	1.00021551724138	-0.0135746606334842	-0.161468161717528	1.02676991150442	0.992208512880059	0.954672734687793	1.00997597461174	0.440086448788933	0.28272687121091	0.988544432843246	769	1190	0.00474013586513889	0.46774458813541	0.0971081074888616	0.665366718039511	0.815798990469232	88.3660918926505	2	0.259560994061426	0.000554500981819709	0.975624794475501	54.766852925036	1.0235589915257	365	0.0212791375383945	0.298868682694489	0.0717998684152335	0.421236466887055	0.588595334367552	36.7082709471551	2	0.111109209871414	0.000189138506279496	0.921201907267346	5.22208124595256	2	8.22097994080895e-05	0	769	421	406	0	0	0	0	0		0	0	0							human
SRP156952	12	22940	0.192450089729875	1.03846153846154	0.166666666666667	-0.192450089729875	1.03846153846154	1.02926119306669	0.98122836421653	1.04793926492049	0.182064026161235	0.426553202114584	0.95456175907663	32	29	0.0727041143181531	1.30863313773289	0.34050502032897	0.375030867016864	0.644778007136183	30.8806796174368	10	1.07066175636142	0.00404689459215267	0.970850043591979	14.7383730485022	1.02594313676445	31	0.068718722146536	1.11186739968123	0.287399814139685	0.294112710179486	0.627243537980487	16.9006442992539	10	0.747526680330851	0.0103567353287189	0.909463818657367	10.8841531457759	10	0.0004359197907585	8	24	5	6	0	0	0	0	0	0	0	0	0	0.000625	0	-0.0283687952180895	0.0393813354643133	-0.0469821664705829	0.375	human
SRP158639	47	27813	-0.121752343537882	1.01504667961582	-0.195238095238095	0.017817416127495	1.00031756113052	1.01181344064853	1.00266328383299	1.01548486927162	0.798878030387586	0.80896245800648	0.998940860241362	6740	6864	0.0341290054290799	0.299109225547028	0.0933633174051418	0.396614313778234	0.537572640378406	93.8047891912147	10	1.87190872410959	0.155455581573691	0.999805846187035	54.8745522850685	1.00127400704362	6811	0.00766056809596005	0.266802643913708	0.0578206720517782	0.459028436070035	0.719324962013265	36.5282522091227	10	0.0668071356684075	0.000962220051956567	0.780667313846043	8.73131877835633	10	0.00035954409808363	165	6575	289	108	0	0	1	0	0	0	0	0.00346020761245675	0	0.000424242424242424	0.00606060606060606	-0.0217361749271412	0.0133050318788053	-0.0341339511821976	0.606060606060606	human
SRP158943	22	22048	0.11322770341446	1.01298701298701	0.102564102564103	-0.0943564195120496	1.00898311174991	1.02192095653056	1.00629675142859	1.02875884768327	0.106666926961659	0.160920114097299	0.982718686218052	0	0	0.014529540580016	0.306112753703445	0.0755034300299726	0.602219503883877	0.643677616814836	72.055401321056	9	1.0826580397006	0.0894440438349713	0.999556523141429	74.5698526491019	1.00140099118808	0	0.0187391078165825	0.640139003230974	0.128775723544044	0.644306457765669	0.689906913814245	79.7341930561948	9	0.155290776953241	0.00503885539049558	0.918732865666828	8.29067641082598	9	0.000408200290275762	0	0	0	0	0	0	0	0	0											human
SRP158994	12	22832	-0.447213595499958	1.25	-0.333333333333333	0	1	1.13276368772414	1.09620061457269	1.15056213799687	0.1647563669752	0.13498514271048	0.863806114658621	0	0	0.0823249531851369	0.647127125206261	0.196049269279429	0.358031255565483	0.512884834474165	44.7282029613239	10	3.20090527037253	0.111060664656381	0.999627715487036	38.9225656054384	1.00431709956769	0	0.00307331461940649	0.140051592075485	0.0332218872067307	0.545630050927086	0.751857413784753	84.8585963343409	10	0.2870285846135	0.0321955464491497	0.985288192011212	93.5454208608608	10	0.000437981779957954	0	0	0	0	0	0	0	0	0											human
SRP159264	30	20981	0	1	0	-0.150755672288882	1.02325581395349	1.00046193794668	0.9763439547759	1.01097849021823	0.247889154309731	0.624319409562482	0.999780878152861	9250	9406	0.00373210445498701	0.15212500729436	0.0338344621447288	0.594875719913642	0.732906869892297	103.909918176212	9	0.1727151638858	0.0115386783084132	0.980167241260611	46.3301026084561	1.0218743324214	9129	0.031668438069082	0.2539416802164	0.0703155487707548	0.297788062512611	0.504382173878108	13.2678902488196	9	0.251375686119322	0.00483005579569974	0.967812147498531	7.94009714386754	9	0.000428959534817216	62	9188	218	315	0	0	5	0	0	0	0	0.0229357798165138	0	0.000483870967741936	0.000403225806451705	-0.00262473374553421	0.0127695095750903	-0.0154359268384307	0.306451612903226	human
SRP162073	13	23097	-0.140859042454753	1.02024291497976	-0.119047619047619	-0.50709255283711	1.34615384615385	1.02043298178731	0.983255529212751	1.03641168601597	0.247018134732107	0.437693405015665	0.996813477793085	7619	7854	0.0240068878912199	0.269042256843239	0.0685536201667511	0.440179708212255	0.54764192202894	39.8232260056458	5	0.442303842263656	0.0289873137638311	0.922665281205351	18.4288206756269	1.15158404332415	7896	0.115992070448488	0.782387537205	0.225855287601664	0.205915793800839	0.481697731758115	5.78490271710505	5	1.44503260519105	0.0111539023458828	0.998311469021951	12.4614849507198	5	0.000216478330519115	288	7331	523	951	0	0	3	0	0	0	0	0.00573613766730402	0	0.000277777777777778	0.00347222222222222	-0.0265377721997877	0.0327096250145551	-0.0547382721935166	0.458333333333333	human
SRP162125	147	24776	0.0240554062248197	1.00057899761289	0.026771653543307	-0.079948850100136	1.00643293679762	1.00190954604339	0.997984124803848	1.00340904440553	0.130340035447162	0.14819465817262	0.998859661779082	4725	4776	0.00217466874778199	0.0373777723983842	0.0149661465563384	0.836707171198834	0.636941027727775	687.05822533144	9	0.46949149844682	0.287023073653256	0.999457360169339	215.953049784935	1.00448580766404	4770	0.00643986435701782	0.040623456575471	0.0124575146586198	0.235320710575316	0.47494526210942	13.4510751350453	9	0.012493302665126	0.000954538010029476	0.625107631040792	1.94022999025341	9	0.000363254762673555	36	4689	87	98	0	0	1	0	0	0	0	0.0114942528735632	0	0	0	-0.0122049307215431	0.000660061366844777	-0.0119678601593201	0.805555555555556	human
SRP162411	28	21033	-0.0235702260395516	1.00055586436909	-0.025	0.141421356237309	1.02040816326531	1.00295732902601	0.982065849684177	1.01122071398706	0.125934588421505	0.204856859501546	0.989251454392731	0	0	0.010769062990231	0.387174024741694	0.0901671500903959	0.406204823568934	0.721221883354345	29.0647916192908	10	0.276651312413451	0.0087974867084133	0.896638615508962	25.708299113196	1.01856820611879	0	0.024515174269122	0.418748396985147	0.104623405237975	0.310070576204476	0.628960752744483	18.4687224759961	10	0.993607655290698	0.0446597700621678	0.982855512765654	40.568704257577	10	0.000475443350924737	0	0	0	0	0	0	0	0	0											human
SRP162492	88	22373	0.12064516594	1.01477024070022	0.136363636363636	0.12064516594	1.01477024070022	1.00820374555174	1.00220208917527	1.01125505836157	0.177142641527978	0.108423076117512	0.982174158250364	0	0	0.0123764597300296	0.0789554832253519	0.0353313748755387	0.644688589847026	0.496163494461657	456.616072800838	9	0.907998225413252	0.320289983241952	0.999776516336656	73.3962871301436	1.00943919104229	0	0.00791598072405595	0.0598790587149972	0.0171154094289968	0.252864925760401	0.500803644912915	12.2875098638318	9	0.00908180679172399	0.000751921033755786	0.523140491763385	1.14744886868826	9	0.000402270594019577	0	0	0	0	0	0	0	0	0											human
SRP162500	29	20334	0.021295885499998	1.00045372050817	0.0238095238095238	-0.133099284374988	1.01803491559659	1.00665137224685	0.989564816188898	1.01274367429372	0.547536579779828	0.24249865015592	0.992858510764276	0	0	0.0061675634458423	0.283272258438602	0.0729793134621148	0.515225567312567	0.748680897341645	103.458162169173	9	1.47762596696183	0.169552430819037	0.999344283793974	240.103957433952	1.01082300455755	0	0.0246673905458708	0.396963088815389	0.099482405546561	0.283088570547484	0.624138961929961	11.6910876629744	9	0.22495005519017	0.00245352580015675	0.871244658645072	9.1220030284542	9	0.000442608439067572	0	0	0	0	0	0	0	0	0											human
SRP162743	16	19615	-0.389249472080762	1.17857142857143	-0.363636363636364	-0.0778498944161523	1.00609756097561	1.09001230937708	1.0629919064539	1.10479241466513	0.198168516787733	0.357112839154202	0.975472706226132	2631	1901	0.0682095658285751	0.450691004493483	0.149041942739795	0.383061519968956	0.486241398968216	78.8675037058216	10	2.79133612286607	0.170027093941695	0.999714504205965	40.9586808043307	1.03297138496587	2404	0.018134332855396	0.221922496992684	0.056081718859212	0.283875162484339	0.578111016171157	11.4659445378542	10	0.0638227921197201	0.00131866653657724	0.852245730308438	3.52088353332718	10	0.000509813917919959	824	1807	94	305	0	0	0	0	0	0	0	0	0	0.000485436893203884	0.00242718446601942	-0.0650030730681138	0.0910167020824815	-0.158110391007751	0.394417475728155	human
SRP162873	31	20590	-0.660578259075817	1.7741935483871	-0.545454545454545	-0.148630108292059	1.02258994143349	1.34133349958932	1.30429702064739	1.35819533128983	0.289504449982051	0.139349570341936	0.810655750746644	486	140	0.0963555676632542	0.945792176586562	0.259548701829238	0.33135184003188	0.542585749302525	29.1128750308786	10	3.51288306750758	0.0866415651421054	0.999694026226324	36.4736637026732	1.01849307105994	446	0.0153087262874443	0.227907373784938	0.0537013039687941	0.418494552418148	0.591959359955761	27.9481257456581	10	0.0151154310699251	0.000128700121735099	0.477469645458961	0.987373527105403	10	0.000485672656629432	398	88	52	64	8	0	0	1	8	0.0201005025125628	0	0	0.015625	0.000603015075376885	0.00257537688442213	-0.036667839742391	0.286226986523629	-0.329880477659389	0.14572864321608	human
SRP163173	90	24549	0.101388872969556	1.01038647342995	0.0212765957446809	0.101388872969556	1.01038647342995	1.00666014541745	0.999551425559756	1.00956225025766	1.00710055777382	0.101705652933666	0.993278431247081	0	0	0.0113556789220779	0.0826253659108792	0.0234992692250498	0.195368720185519	0.495973675233394	4.8660113311324	9	0.00836313488877299	4.95582492464953e-05	0.371787038168561	0.736131697489539	1.00884386399116	0	0.00884427889209419	0.054394092775526	0.0173928533686541	0.201840195748838	0.484448901142104	5.18632551482589	9	0.00613856001180899	0.00011619145488645	0.422705609189784	0.69401729183868	9	0.000366613711352805	0	0	0	0	0	0	0	0	0											human
SRP163478	10	21793	-0.816496580927726	3	-0.8	0	1	1.7013756193777	1.55334114424008	1.77459914620143	0.242817901702742	0.275025698388956	0.760692254356627	608	79	0.286478292449915	3.31526129543679	0.745035770331983	0.324495548634674	0.537550699905934	14.4459147771101	10	6.54996126778872	0.0368220100045091	0.973766805855091	22.874708125185	1.0169338935756	831	0.00320142058480599	0.545026273092013	0.119894097969594	0.621741056372317	0.84617839937226	101.57441958566	10	0.343955284503535	0.00988846042488236	0.948552287431744	107.52491979763	10	0.000458862937640527	581	27	52	13	9	0	0	0	9	0.0154905335628227	0	0	0	0.000456110154905336	0.00172117039586919	0.0686137692251082	0.56230467539778	-0.575022106911219	0.0774526678141136	human
SRP165679	85	23907	-0.120296575279852	1.01468375860101	-0.121315192743764	-0.120296575279852	1.01468375860101	1.00903009075582	1.00261727789003	1.01140321811838	0.118791552101745	0.362193660797935	0.999371702857731	16633	16579	0.00673440232473799	0.0872083416967438	0.0300077777227033	0.690710378189341	0.590230230709307	656.268416683204	10	0.332862878324148	0.154352627601723	0.997268582423558	49.4391418928081	1.00934411119637	16636	0.008180426529316	0.0742584066894442	0.0200976988111763	0.33458037468558	0.521912784491077	34.001587263795	10	0.069835712329663	0.00529858010220038	0.961781068306354	8.54405536762098	10	0.000418287530848705	184	16449	130	161	0	0	3	0	0	0	0	0.0230769230769231	0	0.000434782608695652	0.00543478260869565	-0.0489713980487725	0.00648019297274175	-0.0545610476041443	0.891304347826087	human
SRP166200	16	29119	-0.0778498944161523	1.00609756097561	-0.0833333333333333	-0.389249472080762	1.17857142857143	1.01590271879489	0.989408846144586	1.02634629204755	0.654054209669427	0.416868361568079	0.989206204816628	385	665	0.022119902841994	0.532704666619407	0.128736399658888	0.318573050206302	0.681997014795695	17.2776145136366	10	0.645754920349132	0.0086343844718916	0.940159346131392	29.2194364414382	1.09891881965617	35	0.153095136387219	0.820474414334133	0.269099275842484	0.132392329448434	0.459107593528881	1.69234584029425	10	0.506899601927923	0.00128582280259234	0.847886259830351	3.31224856324966	10	0.00034341838662042	2	383	282	350	0	0	0	0	0	0	0	0	0	0	0					human
SRP166889	29	22853	-0.240300036920737	1.06128283008755	-0.233333333333333	0.186355130673225	1.03597767590193	1.03968325921784	1.0243645548155	1.04591771200377	0.250061414314918	0.242849500208527	0.986050484262149	0	0	0.040212822880839	0.320143573944809	0.0895582188930229	0.354516215219773	0.500011777950482	48.5616346513432	2	1.65199128204358	0.032751742449364	0.999890605172187	41.0815654710731	1.02375768857529	0	0.029035637021379	0.266410095663997	0.0684447645794085	0.292033688237599	0.519111868051405	11.2373392958902	2	0.158704370145716	0.00059642188111783	0.911805889817529	5.46616813547718	2	8.75158622500328e-05	0	0	0	0	0	0	0	0	0											human
SRP168038	15	37621	-0.188982236504614	1.03703703703704	-0.2	-0.472455591261534	1.28735632183908	1.03039431916146	1.01022322498585	1.04032429477042	0.664795975126884	0.511247603781934	0.964134350186554	0	0	0.0824102350617025	0.81210232643317	0.226826423041567	0.256448089999522	0.558714685452577	12.3531641626864	10	2.58126423941718	0.0312905908364176	0.998157943701656	31.3367798459175	1.15071470976117	0	0.337558876768904	2.11357944254132	0.663950403868763	0.117542918593846	0.496909820356241	0.924827676100563	10	0.41756547928931	0.000222957746782168	0.559142500199357	1.23701525282411	10	0.00026580898966003	0	0	0	0	0	0	0	0	0											human
SRP168251	160	33141	0.0733235575106766	1.00540540540541	0.206451612903226	0	1	1.00348756591026	0.999686523210609	1.0050442453556	0.359780641641696	0.605092306432446	0.997882469754525	8265	8041	0.017923366456701	0.175359544414613	0.0729254175606275	0.670321816984843	0.570313066539931	698.480090620953	10	2.3277313156812	0.353624373144288	0.999797833499291	129.938799304292	1.00131485369221	8252	0.00210503316536304	0.0609548884156031	0.014030352969524	0.518029331418479	0.698630831538075	52.1541130941614	10	0.00832627230246996	0.00107952237179634	0.74852297758064	3.95884406606258	10	0.000301741045834465	306	7959	82	51	4	3	0	0	7	0.0130718954248366	0.000376931775348662	0	0	0.000245098039215686	0.00326797385620915	-0.0330506817716502	0.000889555649307908	-0.033360105028649	0.92156862745098	human
SRP168357	14	34050	0.518544972870135	1.3677811550152	0.55	0.188561808316413	1.036866359447	1.15803172971129	1.11791052646256	1.18795911775192	0.633303653624635	0.653361615168975	0.670849602841737	0	0	0.584434960725659	1.95285200157634	0.810478301350026	0.0964262550517445	0.377862530440848	0.216837086245873	10	4.91085914385253	0.0101933827864447	0.984781204111601	8.40460427171326	0.981282932225941	0	0.168286674448045	0.697799486577502	0.259599573526485	0.0814756858762147	0.443277935681012	0.0045949473059328	10	0.245992618647605	0.000473096524314309	0.596093979441997	1.46188068234402	10	0.000293685756240822	0	0	0	0	0	0	0	0	0											human
SRP169085	12	21323	0.119522860933439	1.01449275362319	0.114285714285714	-0.239045721866879	1.06060606060606	1.00867873120689	0.953105578226287	1.03686847127896	0.136648321509999	0.207438375747109	0.913479222160861	0	0	0.0291365137568621	1.10078353229455	0.216566497541997	0.551187259245424	0.710088828924626	41.8598098760622	2	1.41604034435087	0.00407417697412847	0.993645359470994	48.6102746149136	1.03828740438125	0	0.0555513400647186	0.722773204488606	0.175177596915994	0.392661199956188	0.568310566811904	41.5009359026084	2	2.4053518340907	0.0192740367695191	0.999788960277635	43.3033299567762	2	9.37954321624537e-05	0	0	0	0	0	0	0	0	0											human
SRP169128	17	27288	0.1176979772673	1.01404741000878	0.121212121212121	-0.632626627811737	1.66726813424756	1.01794360954766	0.990752770610172	1.02972291866495	0.0830180374705926	0.161135586545718	0.988024867843964	0	0	0.0158184436779793	0.116153245077333	0.0461139389041901	0.640145764812405	0.507769284958567	367.408909590627	10	1.28826157444177	0.27877443003473	0.999648197009675	81.471822537161	1.31097606119389	2	0.0930020294138335	0.666286614170498	0.205775731425851	0.327170760686986	0.497628862784187	55.8155336006319	10	2.9974448994238	0.0652204926287794	0.990706537672237	32.2371999743734	10	0.000366461448255644	0	0	0	0	0	0	0	0	0											human
SRP169610	10	22336	-0.333333333333333	1.125	-0.2	0.333333333333333	1.125	1.11080209507152	1.08946497907412	1.12598221547914	0.186411329545423	0.612784006842215	0.994628466678208	9350	7315	0.040620820603127	0.324252274788414	0.10313635267593	0.401337858532887	0.521507335651226	66.9222917084065	9	1.86053099816918	0.127044242071732	0.99973634988857	45.8571486860516	1.06561675966339	9907	0.0776923308589235	0.475110656779215	0.144759583100642	0.184669917987158	0.469939240957268	4.12462201274336	9	0.0669515631793098	0.000204601889898824	0.45167741165234	0.861728467474313	9	0.000402936962750716	2081	7269	46	454	0	0	3	0	0	0	0	0.0652173913043478	0	0.000389235944257569	0.00144161460836136	-0.0408654104271056	0.1049336213483	-0.148692690563325	0.249879865449303	human
SRP170629	37	25201	0.386067352427657	1.17515441613326	0.37202380952381	-0.185312329165275	1.03556187766714	1.08141953271546	1.05504699748626	1.09360121647768	0.823393218928711	0.366972188454047	0.983294697861144	4948	6808	0.090071839849663	0.665385290825284	0.196246636000444	0.247624786572573	0.502630857399451	13.3637546825542	7	1.12577779121489	0.0144677612489269	0.997511436620996	12.5064059340879	1.0234923993234	4723	0.027309298925466	0.33987743275836	0.0867374435063117	0.301003293052187	0.579112786567854	13.4457899385856	7	0.0231959188408499	0.000223716827258489	0.527773841174103	0.849311679055175	7	0.000277766755287489	341	4607	2201	558	0	1	0	0	1	0	0.000217060994139353	0	0	0.000219941348973607	0.00293255131964809	-0.0971859115819642	0.0826214901143084	-0.173010970842064	0.55425219941349	human
SRP172534	12	21987	-0.447213595499958	1.25	-0.333333333333333	-0.447213595499958	1.25	1.11791063648348	1.07023887765859	1.15049777300291	0.332330651092353	0.218449266868811	0.819306500991866	0	0	0.208039096974167	1.29621118419965	0.379197431427417	0.19329491094629	0.465389514298666	3.94517568576437	3	2.95527242869327	0.00752037059079139	0.999863555737481	14.2110294640439	1.08252988869559	0	0.270500138506967	1.59575609150036	0.506968368667903	0.167528558166178	0.472810063005226	2.99960606862749	3	0.83282841632441	0.00038889249685716	0.855187156046755	3.07915815308785	3	0.000136444262518761	0	0	0	0	0	0	0	0	0											human
SRP173378	16	21106	0.0476190476190476	1.00227272727273	0.0317460317460317	0.428571428571428	1.225	1.00137069440516	0.963372615939397	1.02158650687738	0.218446404891152	0.219346223937938	0.995482811111271	0	0	0.00757405676792977	0.159206763597119	0.0376119555142794	0.562327813054388	0.643565434137358	68.2525374592706	1	0.28211031947688	0.00265874458766028	0.997015066805648	37.2474140269162	1.13252422585732	0	0.040556290528007	0.425082626931184	0.1117371714699	0.289683505677416	0.55159618852544	12.4359782885193	1	0.433365116953528	0.000710818824820075	0.990666161281152	10.6856547239938	1	4.73798919738463e-05	0	0	0	0	0	0	0	0	0											human
SRP173379	19	16983	-0.0548454318095348	1.00301709688233	-0.0340909090909091	0.292508969650852	1.09356725146199	1.01648159030959	0.99600935663933	1.02474172841725	0.159923345154092	0.158167659900634	0.994598851254581	0	0	0.00506577111828561	0.129817014960714	0.0331578247672167	0.727507315541994	0.669774957734302	132.271855318466	1	0.296242711882646	0.00464449654501564	0.997055879408821	58.4852906722632	1.0522958251105	0	0.0417617446182475	0.258298864813718	0.0785156908212087	0.209092454124046	0.471422416422936	5.71114981986608	1	0.13246022120236	0.000167009630416755	0.921745274686451	3.17230226066317	1	5.88824118235883e-05	0	0	0	0	0	0	0	0	0											human
SRP173842	35	18697	0.349089958725762	1.13877551020408	0.222222222222222	-0.0102673517272283	1.00010542962572	1.06997785574757	1.05198775257261	1.07856378144191	0.253641302449787	0.12983535614208	0.941850263393116	30	15	0.0442177735893284	0.329314889847875	0.0976949154638486	0.323946143676039	0.497498307220849	56.2221257353208	1	2.42607877431443	0.0326616732976438	1	54.8681954753014	1.00570259892814	32	0.001419900982747	0.0551567365730332	0.0138793649127243	0.688964718520425	0.732354917836962	152.500826121453	1	0.0125460900630201	4.35838374377479e-05	0.916778092742151	8.83652204945985	1	5.34845162325507e-05	18	12	3	1	0	0	0	0	0	0	0	0	0	0	0	0.0315670382368003	0.0780488920961334	-0.0510371930126287	0.0555555555555556	human
SRP174223	90	23625	0.114550969218658	1.01329639889197	0.118097320940405	-0.21955602433576	1.05064624222116	1.0087162210095	1.00187111759784	1.0117505249639	0.127576926849935	0.107417241559554	0.983175913063803	1	1	0.0121839212485741	0.124149381749896	0.0431313661759237	0.596782431225243	0.561426292094557	280.417894022456	9	1.15761369768529	0.230565364895547	0.99969900058789	95.0781832886373	1.02747277399651	0	0.016931077503065	0.178362950487466	0.0477410346044546	0.256565375157319	0.557499333452928	9.21703895515454	9	0.247776134294591	0.0097286236767049	0.992761904761905	14.6461238743281	9	0.000380952380952381	0	1	0	1	0	0	0	0	0		0		0							human
SRP174668	54	29564	-0.105409255338946	1.01123595505618	-0.0833333333333334	-0.316227766016838	1.11111111111111	1.00595012938149	0.994303643057135	1.01194325419655	0.191633756563272	0.576667245797109	0.999717094231076	20054	20049	0.0120596715656525	0.117307228803597	0.0337817394926009	0.335344906879136	0.548176811795663	122.130072462839	1	1.00397616038095	0.0281999737402022	0.999932350155595	83.2531008343522	1.04348079142966	18644	0.0471822247934185	0.414266718638593	0.110660388657992	0.192537891444101	0.539235497381486	3.83100899269622	1	0.320174355654251	0.000240465636633072	0.975984305236098	6.78733761695133	1	3.38249222026789e-05	255	19799	250	1700	0	0	0	0	0	0	0	0	0	1.96078431372549e-05	0	-0.0356023393000895	0.00412803225930771	-0.041269749032026	0.882352941176471	human
SRP175005	41	20492	-0.480807701868477	1.30068788183072	-0.426190476190476	-0.150420286618071	1.02315006200909	1.148977870994	1.13646314780975	1.15514896222381	0.123957107078858	0.170994345439905	0.940476837752392	3594	2189	0.0464163784858077	0.312982659223134	0.108822754727609	0.43596622998464	0.48808561030579	494.780756804802	1	5.21688272742723	0.112154706171959	1	112.405576137725	1.01722424159875	3126	0.010369412601305	0.0664867216059094	0.0198291163315574	0.290597729056797	0.469272025104721	19.4119927316921	1	0.0517335227180906	0.000330855925096952	0.980431387858676	4.98923443696303	1	4.87995315244974e-05	1568	2026	163	492	1	0	0	0	1	0.000637755102040816	0	0	0	4.14540816326531e-05	0.000637755102040816	-0.114503776248677	0.137682829940683	-0.253593663865928	0.443239795918367	human
SRP175171	18	22055	-0.534522483824849	1.4	-0.444444444444444	0.267261241912424	1.07692307692308	1.19615946854006	1.16717984006155	1.21118358709532	0.488989959570456	0.366739093055233	0.880792701590866	0	0	0.16968229861728	1.27924914759029	0.368891009443091	0.233715706712958	0.503642831247928	10.4218632578548	9	3.7973459716046	0.045709134373987	0.999788407768458	22.3851539052376	1.05078128628396	0	0.0761290589688501	0.591553291601593	0.162856940775107	0.291362256283763	0.495599563003103	18.0063962366268	9	0.0819277038420299	0.00180630349043864	0.568291392730296	1.07619481097479	9	0.000408070732260259	0	0	0	0	0	0	0	0	0											human
SRP178454	13	25356	0.184466196843155	1.0352264557872	0.175	-0.158113883008419	1.02564102564103	0.993694991108467	0.913492162470748	1.03573107696885	0.0967932901004128	0.193586101490185	0.948851990920773	0	0	0.040933593600024	0.643996934637942	0.150910963367867	0.504312447983443	0.590670707754888	56.0872868171323	7	2.47008935110855	0.0766214294522004	0.999802808013882	60.3634565590176	1.03629928405347	0	0.016983550790432	0.24250691049835	0.0655561717612993	0.594889621319822	0.59093329634391	88.0843217721217	7	0.7570739518951	0.0338129387055958	0.997999909855092	44.5927857941192	7	0.000276068780564758	0	0	0	0	0	0	0	0	0											human
SRP179061	40	19427	0.2	1.04166666666667	0.2	0.2	1.04166666666667	1.03146928529608	1.02059706543594	1.03671460690561	0.38676879591006	0.19599047047516	0.971338749091648	0	0	0.0412850737689107	0.194438727279088	0.0781200522869397	0.402419118945712	0.442823440731363	147.56792947122	9	1.18648191529381	0.113246163107141	0.999450935982567	28.7604454632228	1.03575324752445	0	0.0348178682460749	0.181096342885614	0.0596916819534772	0.15202548528686	0.452931945353303	2.44272541914113	9	0.12148701805899	0.00316588898480331	0.894242263058859	3.49183176215138	9	0.00046327276470891	0	0	0	0	0	0	0	0	0											human
SRP181114	16	19742	-0.134839972492648	1.01851851851852	-0.125	0.134839972492648	1.01851851851852	1.03023172885083	1.00887465418436	1.03896474071631	0.159106699170692	0.146380818405132	0.985635875879578	0	0	0.0166501545546073	0.16019734548013	0.0536371304817194	0.589529218210695	0.544161059656617	235.857415161961	9	0.819487740379175	0.123622625405085	0.999302108308288	49.2338638491388	1.02214536050704	0	0.025019963883757	0.276366354530505	0.0701982117488784	0.34933351832293	0.55166678260395	26.4949899180888	9	0.214187981555487	0.00506634072791308	0.949143957045892	8.56536567623979	9	0.000455880863134434	0	0	0	0	0	0	0	0	0											human
SRP181886	289	27404	-0.0206030157969318	1.00042466452333	-0.0239399869536856	0.0929661966204879	1.0087180614231	0.999958201371161	0.996187048440464	1.00154930155627	0.169165850340503	0.195875601800562	0.999718507631487	14964	15105	0.00173280500288645	0.0166426272115936	0.00837125927596729	0.81530051936409	0.561990774940531	844.057420047161	10	0.200912801944181	0.242711113551419	0.956663260837834	116.008839735062	1.00528581918675	14712	0.00427120756869175	0.0334893237864594	0.00949192460400716	0.261570049016279	0.507999819705535	10.6095469637767	10	0.0772370235441572	0.0303815612187053	0.999335863377609	18.090541449744	10	0.000364910232082908	18	14946	159	308	0	0	3	0	0	0	0	0.0188679245283019	0	0	0	-0.0112213623653087	0.000101362692473468	-0.0115241314492537	0.944444444444444	human
SRP182096	48	22845	0.154010275908424	1.0242954324587	0.15625	0.154010275908424	1.0242954324587	1.01557707156928	1.00385668632506	1.02111180173505	0.417414841688951	0.141974622617264	0.990438907496794	2673	2035	0.015766049780871	0.294221559767062	0.0739685990058529	0.471529884364005	0.640024579366114	110.771623467816	9	1.11704551202887	0.105485423169915	0.999528221589942	70.8847971536607	1.01990095662665	2365	0.010771534909439	0.119143492460795	0.0302270965797699	0.287669142858339	0.555603846842167	11.953261652505	9	0.12656468453438	0.00912347480090514	0.985900148342696	11.7626989706784	9	0.000393959290873276	654	2019	16	327	0	0	0	0	0	0	0	0	0	0.000374617737003058	0.00156727828746178	-0.0844819169007893	0.00239888098704454	-0.0835462115608392	0.874617737003058	human
SRP183071	380	24058	0.10999716631348	1.01224756449218	0.113124252736135	-0.0939000200237023	1.00889564859566	1.00617877425718	1.00378941778286	1.00718269150989	0.269372447570024	0.198493813226176	0.99615065224314	11954	11974	0.00906818799150198	0.105940926135456	0.0405983705661339	0.751815030232306	0.57010797871905	710.773495296998	10	1.4409161576036	0.467258245438437	0.999754759331615	158.965414251954	1.0047820553103	11874	0.0056471494376151	0.0423124738649941	0.0118427532927822	0.21594062758161	0.506850746962658	6.05787886163946	10	0.02131246357814	0.00156915839626951	0.806326377920027	3.77553012892285	10	0.000415662149804639	296	11658	316	224	9	1	0	0	10	0.0304054054054054	8.57780065191285e-05	0	0	0.000540540540540541	0.00337837837837838	-0.0737250176855961	0.00402017053298771	-0.0780311922967061	0.97972972972973	human
SRP183186	59	21447	-0.060299832607897	1.00364933906415	-0.0576923076923077	0.0187599479224569	1.00035205954836	1.00395575430866	0.994295148636981	1.00817239886332	0.598254996712118	0.485250483967121	0.98822073990735	11742	11677	0.00711815964307005	0.12134353887137	0.136121117484605	0.976066407946912	0.687086150492842	1763.83359169056	9	5.69501090217523	0.755735670477712	0.999782409350181	800.78680403933	1.00597213495416	11747	0.00257174366851998	0.0698362155894837	0.0157671227368647	0.46229634988011	0.685543021391205	49.6425924744311	9	0.022213854307489	0.00208633485733969	0.916781937903773	8.64569960625373	9	0.000419639110365086	154	11588	89	67	0	0	8	0	0	0	0	0.0898876404494382	0	0.000487012987012987	0.00649350649350649	-0.0295832488258871	0.00278960345850691	-0.0288213141186048	0.883116883116883	human
SRP185902	30	22009	-0.133630620956212	1.01818181818182	-0.133333333333333	0.267261241912424	1.07692307692308	1.00267153046062	0.974760004586895	1.0186457667601	0.203864765369211	0.27228542298741	0.994641998308318	4893	5485	0.025224704407725	0.177967620823865	0.0538841052145451	0.367474628076631	0.484371496865965	44.0917926641466	10	0.760880412825917	0.0802419291751779	0.999295742650734	30.1840031295411	1.04342870702145	4526	0.029703939357306	0.192978603361836	0.0578287827716638	0.223536912330357	0.481049387707368	7.43178127994035	10	0.07887695626657	0.00218381908733304	0.77613703484938	2.65688379984762	10	0.000454359580171748	121	4772	713	597	0	0	1	0	0	0	0	0.00140252454417952	0	0.000454545454545455	0.00826446280991736	-0.0742605838724534	-0.000789575724920768	-0.0661895446328867	0.917355371900826	human
SRP186138	36	23814	0.182323224636244	1.03438476840011	0.196428571428571	0.0331496772065898	1.001100110011	1.0152345029298	0.988102409949858	1.02611320613665	0.207779942400055	0.180123532303828	0.991680749959012	7944	7802	0.018524244311696	0.180034618403184	0.0597769043715893	0.595303964096118	0.54676785095451	193.967969701732	10	1.06915369909732	0.133674970112006	0.999491895523642	57.7614062753619	1.00634330210934	7894	0.00250376461129875	0.0531705264561091	0.0141677979799697	0.632193299090388	0.651048073061238	198.375298733194	10	0.021958419665265	0.00183862522393421	0.895897371294197	8.77542227298023	10	0.00041992105484169	556	7388	414	118	0	0	0	0	0	0	0	0	0	0.00045863309352518	0.00359712230215827	-0.104108553671423	0.00139264884589439	-0.100163800131551	0.899280575539568	human
SRP186205	20	22287	-0.0605227532668803	1.00367647058824	-0.0549450549450549	0.181568259800641	1.03409090909091	1.01349333430561	0.990655600317847	1.02244024131795	0.0875060129430725	0.250643035986502	0.990469749512945	1380	1307	0.00809821116916404	0.347818002764144	0.0882037088789689	0.674378631244664	0.740975367291621	382.166711213064	10	0.45405586435583	0.0152867035163527	0.990990263382241	56.0935587205505	1.02396366490815	1202	0.0270632022487749	0.431825925276678	0.0989327238001117	0.355085419250952	0.604271180083615	17.587541723511	10	0.109941791818541	0.000651288794129467	0.756409566114775	4.06323864780598	10	0.000448692062637412	124	1256	51	252	0	0	1	0	0	0	0	0.0196078431372549	0	0.000524193548387097	0.00806451612903226	-0.0087143720132454	0.0183767198778273	-0.0276677183471343	0.403225806451613	human
SRP186450	30	19062	0.366899692852671	1.15555555555556	0.25	-0.026207120918048	1.00068728522337	1.08349167925082	1.06290138644622	1.09366635031086	0.209494085307176	0.406219969739743	0.986837688122399	9280	8464	0.048857614552151	0.49436220694103	0.132768659699359	0.357703643126027	0.540849698328358	47.1430851103502	9	2.10227421912612	0.125058098738167	0.999766842700428	43.0523226783111	1.00667411342137	9242	0.00256273898189166	0.142996030494952	0.0290345780501846	0.544855655811747	0.765510695299132	58.3281143033076	9	0.10547651567756	0.00891586366182037	0.974084566152555	41.177455399293	9	0.000472143531633617	1103	8177	287	106	3	3	3	0	6	0.00271985494106981	0.000366882719823896	0.0104529616724739	0	0.000475974614687217	0.00181323662737987	-0.145606524769932	0.0745918098270269	-0.220361445767956	0.700815956482321	human
SRP186882	18	25071	0.0877058019307029	1.0077519379845	0.0833333333333334	0.0877058019307029	1.0077519379845	1.01653228418817	0.990079052419191	1.02740761582763	0.256721552460851	0.460112014587779	0.996369209670296	6908	6745	0.013175721595708	0.356674310761703	0.116509362503666	0.764813203005407	0.69369539536681	513.605792271609	10	3.87340075824354	0.354062084158882	0.997977743209286	294.191185682507	1.01425786615489	6817	0.013002608835057	0.345699692391528	0.0894336215717325	0.607611146688916	0.686458675574397	159.950824992697	10	2.1570607281677	0.205866138066057	0.99969287224283	166.045558275954	10	0.000398867217103426	356	6552	193	347	0	0	0	0	0	0	0	0	0	0.000491573033707865	0.00280898876404494	-0.0147008943646538	0.0237658902539772	-0.035855625449865	0.432584269662921	human
SRP187088	19	23926	-0.344051176601988	1.13426423200859	-0.416666666666667	-0.082572282384477	1.00686498855835	1.06217465226863	1.01393158704079	1.08548836317823	0.76643172727222	0.500252655474436	0.980412667392371	3664	3509	0.111305129930696	1.28873479782297	0.333595353575998	0.371202660181575	0.563178463386523	25.8567304090011	9	1.73682372349939	0.0173127992609804	0.995973696675862	15.6078504206332	1.02270856630694	3216	0.0125487310916105	0.353778676936888	0.0850343961117236	0.578476806439737	0.686066092156437	94.0481900545278	9	0.0136691798350399	0.0219237535648836	0.62781074981192	1.08930494087269	9	0.000376159826130569	817	2847	662	519	0	0	1	0	0	0	0	0.00151057401812689	0	0.000452876376988984	0.00244798041615667	-0.0725640865476591	0.0787264723367339	-0.157338039787509	0.470012239902081	human
SRP188422	23	30476	0.0317820863081864	1.0010111223458	0.0333333333333333	0.214529082580258	1.04824300178678	0.987491417645425	0.949984273503313	1.00738161400235	0.114188604001218	0.253243431286334	0.990344543473417	1	1	0.0193679950928094	0.312544038073942	0.0737147346522812	0.41781656931802	0.60747851937056	39.2955303460743	10	1.01745274421505	0.0605819315201874	0.989411340070875	52.5662126907192	1.02193275002863	0	0.0387985159188075	0.45579420454209	0.111542292010726	0.27436837360864	0.56652042449622	9.88954007575514	10	0.236245472470017	0.00192486904086277	0.862098044362777	6.09111132466045	10	0.000328127050794067	0	1	0	1	0	0	0	0	0		0		0							human
SRP188973	14	21035	0.228217732293819	1.05494505494506	0.208333333333333	-0.410791918128875	1.20300751879699	1.05281319025462	1.02839358334551	1.06253294858978	0.104942564048601	0.195036236910077	0.976360629233088	165	110	0.0257159564033904	0.257816769543072	0.0852421796110687	0.596234045099979	0.550240075284684	216.477115137074	10	1.96970164126244	0.229814813286489	0.999586403613026	76.7222660434372	1.11107790891815	28	0.059225367404773	0.424326773684622	0.12923135466023	0.312498633787983	0.494851476102233	24.0127589500758	10	1.41114272431075	0.0571096728239454	0.998550035654861	23.839098848605	10	0.000475398145947231	63	102	8	137	0	0	0	0	0	0	0	0	0	0.000555555555555556	0.0158730158730159	-0.00854442775564436	0.0549387917268122	-0.068435814070911	0.222222222222222	human
SRP189204	19	22231	-0.644503386635489	1.71052631578947	-0.6	0.262575453814459	1.07405140758874	1.28512945802951	1.20298318200169	1.33335580121867	0.139461309252497	0.224955794598353	0.538051248527005	27	0	0.22070709216359	1.35428311909873	0.42056211427428	0.211749559875233	0.474130842635939	13.3561107078233	1	7.78503025940657	0.0151747371999807	1	35.2768617480306	1.04789048057318	0	0.037302497514196	0.290155903497242	0.0807288910969976	0.24372239916649	0.502500268877315	14.753205702629	1	0.153449067114209	0.000160880572483389	0.939858755791462	4.11370438214175	1	4.49822320183528e-05	27	0	0	27	0	0	0	0	0	0			0	0	0	0.00909729133459982	0.353569757329826	-0.351207081945628	0.148148148148148	human
SRP191569	16	21839	0	1	0	0.25	1.06666666666667	1.01318024772035	0.976884721425227	1.02808615052141	0.159719403792755	0.109662809773215	0.978597172930104	2	2	0.0110025001676092	0.181618237887362	0.0528559898227346	0.602766793080652	0.637553250376103	192.14482123473	9	0.24206862925172	0.0625894874873219	0.978473780341998	22.0192243895655	1.03726264419601	2	0.022370071627758	0.220661470794787	0.0769601124702367	0.64274223196017	0.546009704927805	397.440983576608	9	2.15249480618315	0.289782769203384	0.99937929595881	96.3270513790132	9	0.000412106781446037	0	2	0	0	0	0	0	0	0		0									human
SRP192714	89	30739	0.0364927679682639	1.00133349796271	0.0364004044489383	0.126710999889805	1.01631766871947	1.00043851997029	0.99152521439444	1.00491733287879	0.110771820662771	0.145811458807101	0.994291417930622	0	0	0.0045979249580681	0.132498843492383	0.0313479035561192	0.515362497189605	0.689057931832136	75.9642788528514	10	0.286423561566227	0.0308216664996963	0.99808386739972	62.3490042554111	1.00661206096708	0	0.00911813089291999	0.131413846432228	0.0308232798001691	0.359334132615439	0.587677055740418	18.0126532832628	10	0.0460852510402765	0.000748037799360006	0.810953511825369	5.05510887296597	10	0.000325319626533069	0	0	0	0	0	0	0	0	0											human
SRP192825	23	19884	-0.249600957447147	1.06643988519188	-0.189393939393939	-0.249600957447147	1.06643988519188	1.03760696914632	1.01068075232762	1.04994353336505	0.0961636387544054	0.179753111288019	0.977406918791612	4704	4695	0.0241666623031672	0.24823038985967	0.08183621005282	0.599984469875099	0.552638633886712	275.382033203582	8	2.20562852407663	0.297101534823572	0.999823979078656	91.2890048703028	1.04713869481697	4341	0.0173627141293914	0.193739119672432	0.050765919683886	0.369847741027804	0.555784626791039	31.5051739750495	8	0.07157018302854	0.0014461188906283	0.859560450613559	4.1250021030302	8	0.000402333534500101	434	4270	425	513	0	0	1	0	0	0	0	0.00235294117647059	0	0.000368663594470046	0.00230414746543779	-0.0806671745267297	0.0379051033048981	-0.112993017960224	0.672811059907834	human
SRP193374	111	28647	-0.211029157397786	1.04660895614441	-0.213953488372093	-0.0582623978033017	1.00340606892258	1.02606339840014	1.02185709478927	1.0278118775915	0.348203924238041	0.278755805308979	0.99025567595894	9568	9379	0.021355369845928	0.244504672122174	0.0839927653571333	0.696502982842832	0.56630602379261	288.295743190522	10	2.23227596447149	0.24025680970322	0.99976611861626	104.574702465625	1.00368765648873	9520	0.00553325576096297	0.0880350855637617	0.0234174822194885	0.675310217548011	0.594483780569276	174.534397770547	10	0.00817036836290996	0.000205596933698767	0.597172478793591	1.47685110018643	10	0.000349076692149265	617	8951	428	182	0	1	2	0	1	0	0.000111719360965255	0.00467289719626168	0	0.000364667747163695	0.00324149108589951	-0.0731892171588269	0.0237325695742248	-0.0973839058278155	0.815235008103728	human
SRP193940	20	22613	0	1	0	-0.2	1.04166666666667	1.01668396439885	0.999975413021358	1.02256652544386	0.075215001523298	0.148543946630464	0.993089796216854	0	0	0.001887609561811	0.177957280070145	0.0394299992014859	0.611321929865421	0.811753322076655	99.1556852960589	9	0.38288811924449	0.073761918586737	0.988595547300717	203.41298562457	1.02484917004955	0	0.026757782275492	0.263280141733654	0.0670256403482889	0.370954038775529	0.52375692126404	30.3284293831818	9	0.696368006261036	0.0604623103373209	0.99889935484505	26.0403150598161	9	0.000398001149781099	0	0	0	0	0	0	0	0	0											human
SRP197353	39	23484	0.41576092031015	1.20898100172712	0.408571428571429	-0.151185789203691	1.0233918128655	1.10347704052272	1.0899103925472	1.110179234326	0.611146649575028	0.172659870939409	0.913575600657953	4452	2611	0.036348794852356	0.356391067504127	0.141468648495217	0.724305069379769	0.549470088055566	497.318841277852	10	4.71840133886122	0.401470462516986	0.999765797990121	129.886683207403	1.01945518347673	4141	0.0115589339269112	0.105582077433698	0.0286756852538435	0.358095887208918	0.521306027960063	27.5004462029093	10	0.156619802103685	0.0113266210887281	0.988920115823539	13.5517514950416	10	0.000425821836143757	1996	2456	155	448	0	0	0	0	0	0	0	0	0	0.000450901803607214	0.00150300601202405	-0.0939041362820583	0.0973150432966314	-0.193330545926163	0.478957915831663	human
SRP198379	29	23918	0.0443073473099104	1.001967002529	0.0336538461538461	0.0443073473099104	1.001967002529	1.00803708224766	0.985648649455494	1.01622332018729	0.623142348557404	0.336498890995741	0.999109988686595	10070	10130	0.00469900102427048	0.139762648621363	0.0356241476652408	0.653659295433399	0.69421817666352	218.563409686469	10	0.736109380093765	0.211801152625952	0.999381219165482	156.766530299293	1.00737612842992	10089	0.00464620764527315	0.10096743858637	0.023343438211959	0.538926372211744	0.652001197449597	63.5429678801109	10	0.236697135078925	0.0589781686447286	0.980650556066561	50.9765111097279	10	0.000418095158458065	166	9904	226	141	0	0	1	0	0	0	0	0.00442477876106195	0	0.000451807228915663	0.00602409638554217	-0.00830501903105984	0.0153613746327556	-0.021695215210988	0.355421686746988	human
SRP198979	100	30537	0.636209010280352	1.68	0.5	0.226883360283802	1.05426964671954	1.29809474844722	1.2748442217599	1.31406257770224	1.07554873746569	0.458496479743715	0.859262320048497	567	211	0.287566275681036	1.21588561704051	0.444065613695117	0.0986645972365589	0.429577590763345	0.477353802738334	2	1.07330393410532	0.000394509023072635	0.965959328028294	3.73248777365872	1.02728672379189	521	0.072491037753257	0.319555678720858	0.116520967237646	0.0985253581037006	0.438028628192635	0.476911710405559	2	0.119372592512179	6.98468066106065e-05	0.709483577299669	1.64674179371828	2	6.54943183678816e-05	405	162	49	111	0	0	0	0	0	0	0	0	0	4.93827160493827e-05	0	-0.116647800498039	0.255560714730623	-0.384188575537664	0.311111111111111	human
SRP200059	19	22757	-0.0116310526299809	1.00013529968881	-0.0113636363636364	-0.0116310526299809	1.00013529968881	1.01186574459417	0.986957665765591	1.02223981887327	0.160893595210075	0.303265958537115	0.982043590680248	0	0	0.00646326922085805	0.648473082823591	0.135146412467972	0.538225583695981	0.809012075711429	46.2584557220407	9	0.148278131294513	0.00126082160785353	0.907872058902511	22.9727093197688	1.01874755631725	0	0.00520884964951501	0.492274052894547	0.106404158049039	0.579004995041852	0.807665732804823	52.4396113395972	9	0.802680710024678	0.0250857125493722	0.979596021736901	154.211698296859	9	0.000395482708617129	0	0	0	0	0	0	0	0	0											human
SRP200094	17	39611	0.0154303349962092	1.00023815194094	0.0166666666666667	-0.77151674981046	2.47058823529412	1.00778194575813	0.982654609817814	1.01864306652227	0.197748897320991	0.154833146757587	0.963597247982859	0	0	0.00870764358113599	0.34557329242807	0.0823141129505247	0.595910237066861	0.738299995486414	85.7924641496832	10	0.226328426837095	0.00236859056635056	0.910441544015551	26.0096520170299	1.55355241195756	0	0.213888236150309	1.17488622637519	0.378468253431347	0.206604601692465	0.455873520833094	5.10975361023017	10	2.41067850647897	0.0104613610037978	0.977564312943374	11.273756667665	10	0.000252455126101335	0	0	0	0	0	0	0	0	0											human
SRP201023	33	21828	-0.10232343558582	1.01058086806305	-0.0807692307692308	0.219264504826757	1.05050505050505	1.01273932939525	0.998771573243737	1.01844179978445	0.0902673996243773	0.309868233629722	0.997189505536535	9311	9168	0.010292448569298	0.140348222756051	0.0428838970410198	0.68328610903252	0.586715494239539	183.207302253556	10	0.668778305627686	0.124003263906772	0.999212021257101	65.0006954820154	1.03334990916104	8996	0.0216687690856288	0.187284767544365	0.0537521418524141	0.381128156700914	0.517393369669239	65.4116548940309	10	0.619288209698995	0.0714328109870723	0.999234927615906	28.5950109040457	10	0.000458127176104087	288	9023	145	592	0	0	4	0	0	0	0	0.0275862068965517	0	0.000642361111111111	0.00347222222222222	-0.0332487910788729	0.0126081369063406	-0.0421409279179922	0.704861111111111	human
SRP212148	61	17383	0.0300449898914205	1.00090351702367	0.0292207792207793	0.233683254711048	1.05776213004731	1.00255911694703	0.990569085831513	1.00661369199992	0.246968610705527	0.542799325071873	0.99858002607968	4477	4489	0.0102635791468102	0.18757182356945	0.0476482768194625	0.386494114618889	0.642687038750353	47.1723603544212	8	0.272328747336393	0.070917040569584	0.985992061209227	26.5419294224723	1.03177089835534	3937	0.051209420073726	0.431610660084203	0.125038788594947	0.167917628724618	0.532620236339166	3.59005080446195	8	0.103146623988442	0.00121555962790191	0.692170511419203	2.01552595526756	8	0.000460219754932981	92	4385	104	653	0	0	2	0	0	0	0	0.0192307692307692	0	0.000434782608695652	0.0108695652173913	-0.0311960726716183	0.00225345116520775	-0.0275375340040109	0.793478260869565	human
SRP212702	62	24599	-0.024884111598038	1.00061960267978	-0.0167189132706374	-0.024884111598038	1.00061960267978	0.999127199150298	0.98343250401099	1.00622790077015	0.390774445034013	0.410747255517903	0.999301743010269	11635	11587	0.00486386363317698	0.204278779258405	0.0441821639901325	0.601592381005289	0.734974227000423	63.5811936846991	10	0.214551972277464	0.0189692387582501	0.990296353510305	44.1296379739955	1.00660735443777	11604	0.00303707701437039	0.0569661052712935	0.0160991188744071	0.633787738963191	0.640402086797907	188.344673628059	10	0.387981488073324	0.19360813574142	0.999646327086467	127.931567704673	10	0.000406520590267897	122	11513	74	97	0	1	0	1	1	0	8.68583340571528e-05	0	0.0103092783505155	0.000327868852459016	0.00819672131147541	-0.0235611303274301	-0.00320798457759453	-0.0206577855535626	0.811475409836066	human
SRP212755	341	18942	0.0170041682388339	1.00028922536462	0.018523102310231	-0.00882398930879353	1.00007786885041	1.00004069865464	0.996476890431859	1.00133224569429	0.301294325104414	0.274438703840856	0.999588348012551	4234	4238	0.00398286431780254	0.0628159037713091	0.0162725185811621	0.42571508743709	0.625012008612715	139.631839009369	9	0.200799385355679	0.122058625638737	0.998339961754596	50.4675247496178	1.00022561665957	4248	0.00249663100487935	0.0462116061759908	0.0109887433319798	0.34255208980779	0.643375310137096	18.3096153264253	9	0.00992336728434096	0.000738985897400988	0.792976219805488	3.97645339457093	9	0.000475134621476085	42	4192	46	27	0	0	0	0	0	0	0	0	0	0.000357142857142857	0	-0.0267881658338073	-0.00317928513607659	-0.0225085134108107	0.904761904761905	human
SRP212956	41	21519	0.0649045962575272	1.00423042774325	0.0652173913043478	0.0649045962575272	1.00423042774325	1.007484533106	0.994378084758569	1.01312313579548	0.098184643360996	0.256637622770913	0.997028647601762	7391	7246	0.00754307329998871	0.188680809884472	0.0447172795045291	0.653481360321522	0.664769632120089	87.3585242959937	9	0.354506820371288	0.0514135536395604	0.992771246082274	47.0189918489622	1.00824308866502	7455	0.00725528870079176	0.130937108781287	0.0329865039870969	0.523470004617346	0.624928729426043	117.314955568589	9	0.359357568922924	0.0582606439031738	0.998967320868896	49.5695645476483	9	0.000418235048097031	240	7151	95	128	0	0	4	0	0	0	0	0.0421052631578947	0	0.000291666666666667	0.00416666666666667	-0.0330152016434763	0.00415804130375462	-0.0298474360897391	0.758333333333333	human
SRP215509	13	19806	0.192450089729875	1.03846153846154	0.111111111111111	-0.433012701892219	1.23076923076923	1.02078819769464	1.00560318669492	1.03122610513524	1.01915982921866	0.480035083893205	0.980160056119301	0	0	0.100875826974333	0.47673435032992	0.184130420815315	0.0855431078146662	0.468832705148455	0.48831842256798	4	0.175096506033038	0.000258090228925771	0.694600121175401	1.73614159596859	1.13470342815958	0	0.257499961662664	1.57797029689001	0.488194446554794	0.13813929750527	0.487535635961419	1.80073650009194	4	0.652794116935525	0.000861121906892196	0.750441785317581	2.5357599783422	4	0.000201959002322529	0	0	0	0	0	0	0	0	0											human
SRP215939	32	27423	-0.313339780720256	1.10887096774194	-0.327272727272727	-0.0348155311911396	1.00121359223301	1.05590291518265	1.04139345368299	1.06394335371085	0.175220665314655	0.40522588024392	0.985639860704578	3214	2208	0.049777024425093	0.447148307195658	0.138004424269113	0.436295710263822	0.536475167259058	121.440220704186	10	2.6898148625015	0.16591483915081	0.999223279728695	54.0696395580666	1.00460533242996	3296	0.0106258094907399	0.219054560323391	0.0518703428777209	0.350749729470446	0.65921595620051	18.6097101369872	10	0.15657745368017	0.00375394920448188	0.884159282354228	14.7457222928678	10	0.000364657404368596	1075	2139	69	120	0	0	0	0	0	0	0	0	0	0.000413953488372093	0.00186046511627907	-0.0559247036254628	0.0535653795303972	-0.108302660752627	0.511627906976744	human
SRP216404	52	37384	-0.0988211768802619	1.00986193293886	-0.09375	0.243758902971313	1.06317198098842	1.00927002428287	0.998015187163807	1.01320258489032	0.0606604712653589	0.132883331320169	0.988617006629107	0	0	0.011667119836918	0.274622064160631	0.072300849584987	0.436115004247348	0.675889139979411	115.343247774214	9	1.05259584197441	0.0858955876499966	0.997497443945122	90.2647426333502	1.03494937432524	0	0.0264036978499111	0.478499764591256	0.122859168497557	0.25602383548324	0.642025858405879	19.7151665809517	9	0.138488403768796	0.00241862339829016	0.797726894452767	5.2456323300963	9	0.00024074470361652	0	0	0	0	0	0	0	0	0											human
SRP216420	95	33345	-0.0293150940257684	1.0008601138979	-0.0285204991087344	0.0577140913632316	1.0033420484256	1.00043135125619	0.99163383635532	1.00409542511938	0.155167606031958	0.225879670994817	0.998991836151551	8892	8942	0.00279135725909097	0.0998099166064873	0.02449926299259	0.500451929068186	0.724238032916124	71.1399751602834	10	0.195265319365448	0.0389412818097172	0.974742840005998	69.9814169051571	1.0037772260405	8893	0.00418837845743603	0.099979385823395	0.0235971226974277	0.31831308791698	0.671592307602418	15.5864803532136	10	0.0157975187196321	0.00101003762222989	0.72559004348478	3.77330509945985	10	0.000299895036737142	71	8821	121	112	0	0	1	0	0	0	0	0.00826446280991736	0	0.000492957746478873	0.0140845070422535	-0.0172427102709807	0.00250799413873296	-0.0181427153493695	0.859154929577465	human
SRP217543	24	18845	0.102597835208515	1.01063829787234	0.0833333333333334	0.102597835208515	1.01063829787234	1.00657148962859	0.981853608583204	1.01626907247833	0.290129650506518	0.292219816871652	0.988204093946173	0	0	0.021428494609478	0.509024555573365	0.120461301713433	0.316460111070277	0.674808437367306	17.791091903393	4	0.409923789407056	0.00251641262584849	0.910971079862032	19.1349775421001	1.00223937167832	0	0.03388202361808	0.692480189401328	0.179213926585169	0.237558141737428	0.660338637569466	7.98663397236929	4	0.362594299310894	0.000850811207415666	0.817272486070576	10.7067822601241	4	0.000212257893340409	0	0	0	0	0	0	0	0	0											human
SRP217937	42	20938	-0.184390889145858	1.0351966873706	-0.08	0.0433860915637312	1.001885902876	1.02267577035619	1.0122174515651	1.02771478197564	0.251045260588649	0.136006329734179	0.991388763036308	1414	814	0.0150655198231338	0.128836081810776	0.0364542885003695	0.320618086284808	0.517482625480989	35.4172553343463	1	0.722381789606363	0.0187249816019385	1	47.9501995126915	1.00265208472614	1691	0.0040386032228874	0.0667376996262252	0.016204585811957	0.535294630170558	0.607598038848481	50.9014728476751	1	0.00288883818300101	1.51770425204571e-06	0.384898271086064	0.715257992521932	1	4.77600534912599e-05	607	807	7	1	0	0	0	0	0	0	0	0	0	1.64744645799012e-05	0	-0.0477975040428255	0.0201016764821349	-0.0678907849078074	0.690280065897858	human
SRP218531	16	24972	0.0509647191437626	1.00260416666667	0.0476190476190477	0.322776554577163	1.11630154639175	1.02664131312222	1.00944317628737	1.03319959464554	0.458118427367971	0.160886221765956	0.997202733793699	0	0	0.00542763169287092	0.0991645060086069	0.0273294807625543	0.636548562687934	0.633809804361015	130.271309347569	2	0.356721764424821	0.0190118530293982	0.996776389556303	65.7292768286728	1.08577774664309	0	0.0353623873391604	0.310372039461954	0.0905603673892346	0.377597379215477	0.528517743028932	38.0434384804628	2	0.0458573284455975	2.30428189229209e-05	0.572140797693417	1.29678259575012	2	8.00897004645203e-05	0	0	0	0	0	0	0	0	0											human
SRP220251	61	23801	0.143757443231244	1.02110230703445	0.138528138528139	0.0752480366913542	1.00569451086701	1.01419441001947	1.00447183262166	1.01795577685186	0.113796182661369	0.233808575013308	0.991709171361324	1167	1024	0.017500951387865	0.249947834268129	0.0680867550247204	0.474163488546844	0.603765690840216	72.208330008006	10	1.13235523359908	0.122503311368529	0.999710096214445	64.7366879650635	1.00673036409742	1145	0.0094515714952242	0.175681399902794	0.0412407175275428	0.379714064273079	0.633125321741487	21.9501780970706	10	0.160948203689665	0.00768799623549761	0.966119070627285	17.0380306980356	10	0.000420150413848158	187	980	44	81	0	0	1	0	0	0	0	0.0227272727272727	0	0.000401069518716577	0.0053475935828877	-0.0313274977727496	0.0142771652056584	-0.0428397469308046	0.711229946524064	human
SRP221482	67	22469	-0.189677805646455	1.03732036990592	-0.212018140589569	-0.257637233337965	1.07109608484453	1.02377766609906	1.01635812644875	1.02696460705325	0.171346163434673	0.300304742850601	0.989251813796057	6121	5963	0.0222397271755801	0.247607661939874	0.0800472246479473	0.534160231382845	0.572742413869147	305.868007467815	9	1.88444437107834	0.241328627568086	0.999683514570692	84.7932977631535	1.04078837634531	5391	0.03113550409379	0.31861284803858	0.0855046763117952	0.245047016213301	0.556466561052571	12.7272281483905	9	0.55663036961254	0.0221531158006982	0.901038962323399	17.8825594741674	9	0.000400551871467355	382	5739	224	873	0	0	0	0	0	0	0	0	0	0.000392670157068063	0.00261780104712042	-0.061303024421626	0.0227289896625085	-0.0835839373272598	0.746073298429319	human
