study	n	n_genes	r_group_sex	vif	delta_f_signed	r_group_sexperm	vif_perm	se_ratio_M1_median	se_ratio_M1_q1	se_ratio_M1_q3	se_ratio_M1_panel_median	med_abs_l0	cor_l0_l1	n_deg_M0	n_deg_M1	dM1_med_abs	dM1_p99_abs	dM1_sd	dM1_top1pct_share_ss	dM1_gini_abs	dM1_excess_kurtosis	dM1_n_panel	dM1_panel_med_abs	dM1_panel_share_ss	dM1_panel_mean_pctile	dM1_panel_over_bg	se_ratio_perm_median	n_deg_perm	dPerm_med_abs	dPerm_p99_abs	dPerm_sd	dPerm_top1pct_share_ss	dPerm_gini_abs	dPerm_excess_kurtosis	dPerm_n_panel	dPerm_panel_med_abs	dPerm_panel_share_ss	dPerm_panel_mean_pctile	dPerm_panel_over_bg	xy_n_list_in_universe	xy_bg_share	xy_n_lost	xy_n_kept	xy_n_gained	xy_n_lostperm	xy_k_lost	xy_k_kept	xy_k_gained	xy_k_lostperm	xy_k_M0de	xy_share_lost	xy_share_kept	xy_share_gained	xy_share_lostperm	xy_random_share_lost_mean	xy_random_share_lost_q975	lost_med_log_lfc_ratio	lost_med_log_se_ratio	lost_med_log_t_ratio	lost_frac_lfc_shrunk_gt_se_inflated	organism
DRP002295	25	11330	-0.0468292905790847	1.0021978021978	-0.05	-0.0468292905790847	1.0021978021978	1.00786986512179	0.972085616945981	1.02131398096809	0.0964973009665601	0.161032109788996	0.981162950551798	1	2	0.036050237262878	1.07024110809913	0.257715864298798	0.612023174928862	0.690096910922696	180.149490162241	5	5.3898497120175	0.181993408546749	0.991738746690203	149.587592264131	1.00714523878802	1	0.00509699784247854	0.962397848387652	0.218084849739547	0.586960213150964	0.815961402996392	62.4576214752766	5	0.20882177732289	0.0128894095455466	0.871385701676964	41.0760426934166	5	0.000441306266548985	0	1	1	0	0	0	0	0	0		0	0								mouse
DRP003637	12	22271	0.353553390593274	1.14285714285714	0.333333333333333	-0.353553390593274	1.14285714285714	1.09908447577886	1.07266894234048	1.11031095873584	0.104577361276339	0.225803218087097	0.931300150974824	110	0	0.042997660186183	0.711875896307871	0.170853212792502	0.466478896495582	0.608541066393231	70.8081190866615	5	3.75107677682496	0.0889939300992916	0.999568946163172	87.2579532542667	1.08167382144116	0	0.0458003324918014	0.668434201831363	0.153708552399115	0.369966729099255	0.586954351687752	20.0242190927801	5	1.19744425458914	0.00911273869644192	0.92888509721162	26.1505989478898	5	0.000224507206681334	110	0	0	110	0	0	0	0	0	0			0	0.000181818181818182	0	0.0365551817473057	0.0971546148807209	-0.06081719017893	0.0181818181818182	mouse
DRP004672	60	16960	-0.784464540552736	2.6	-0.75	-0.0840497722020789	1.00711462450593	1.60304472483507	1.51954202847081	1.67275141292401	1.03221340738322	0.536402662983452	0.656831923211976	6707	1526	0.39472913893667	2.91112240234876	0.847087866043476	0.177818379933841	0.504750060423164	4.31830309046939	2	5.44432564235371	0.0055084471857711	0.99811320754717	13.7936028406172	1.0077232398951	6660	0.0110440168926225	0.172034152977199	0.0420635507689218	0.298836821830766	0.610602100122641	12.4986386862805	2	0.0553067636816449	0.000226435127508119	0.870577830188679	5.01083776987458	2	0.000117924528301887	5459	1248	278	140	2	0	0	0	2	0.000366367466568969	0	0	0	9.89192159736215e-05	0.000366367466568969	-0.595761131065236	0.461991252728746	-1.04002856285431	0.577578311045979	mouse
DRP004730	10	22924	-0.2	1.04166666666667	-0.2	-0.2	1.04166666666667	1.0175902852219	0.940561991099384	1.05401649778107	0.0458327967086846	0.0841247972125657	0.91023364200166	0	1	0.024654489931131	0.452825728324894	0.109073229094741	0.441887508942286	0.629247337563262	54.4398617001379	5	1.20772232727714	0.0572165831756741	0.999598673878904	48.9931512375721	1.04249561310416	1	0.0191470193358139	0.435683836949414	0.118026295582692	0.567738472908914	0.665117419141834	351.334061877594	5	2.17266668414435	0.116465118549574	0.999729541092305	113.507976290112	5	0.000218112022334671	0	0	1	0	0	0	0	0	0			0								mouse
DRP004731	8	23263	0.5	1.33333333333333	0.5	0	1	1.22255305281382	1.19146078758388	1.24270297155512	0.12342718070087	0.11264244444587	0.777899337933321	0	0	0.08714344529362	0.783967226161123	0.224912358888069	0.385640367475417	0.529362134823472	51.3234278807008	5	3.48625941789119	0.0672250690566949	0.999828053131582	40.0179268730407	1.05568761471308	0	0.00425524207370864	0.366092209262794	0.084506339836131	0.694003431409917	0.808890067664223	117.997898982078	5	0.0753083643772201	0.00102255724649969	0.890968490736363	17.7038305792337	5	0.000214933585522074	0	0	0	0	0	0	0	0	0											mouse
DRP005135	8	17676	-0.377964473009227	1.16666666666667	-0.25	-0.377964473009227	1.16666666666667	1.06528173787451	0.988279034022695	1.11709707679303	0.424202693395091	0.271443742727119	0.892640371250668	3	1	0.115045965133111	1.06200030411433	0.274885023267173	0.227374290040689	0.529294200441452	5.98807888924129	1	1.89425056619639	0.00266753984386863	0.999886852229011	16.4667992420973	1.05980599776053	1	0.133023071254578	1.06638873327918	0.291118011431004	0.216541737600184	0.515023678934781	4.80120932231775	1	0.29665045055497	5.720357656101e-05	0.758316361167685	2.23010883580677	1	5.65738854944558e-05	2	1	0	2	0	0	0	0	0	0	0		0	0	0					mouse
ERP004369	12	25230	0	1	0	0	1	1.01257376370547	0.966205103031805	1.03172509641572	0.0788273982032531	0.197337786293875	0.99842790744289	5951	5998	0.00126682151422092	0.20851418575031	0.0482984249131682	0.722230527084337	0.849526781827198	136.667192889455	1	0.509244208283229	0.00439353107723682	0.998493856520016	402.006987801619	1.03167477954698	5532	0.000443988037959503	0.167077819481539	0.0398537717978384	0.817474627578605	0.890611197793841	392.268200170814	1	0.32162297402571	0.00256564973368519	0.997304795877923	724.401160958365	1	3.96353547364249e-05	217	5734	264	450	0	0	0	0	0	0	0	0	0	0	0	-0.000659725807548371	0.0313115914083011	-0.0342265822255587	0.165898617511521	mouse
ERP005175	10	13058	-0.166666666666667	1.02857142857143	-0.166666666666667	-0.166666666666667	1.02857142857143	1.01047136765653	0.932128548060039	1.04575239058667	0.260295804281438	0.34442656095753	0.940522751041185	82	110	0.031638659472909	1.21048426845941	0.30219799986745	0.742667930343965	0.722844819868682	149.285281243184	3	0.409307752522584	0.000354042559923765	0.950758155919743	12.9410389393566	1.06002472529667	33	0.021314411737232	1.20799391447232	0.232377665769248	0.750372324381309	0.742078655778727	78.0584787688506	3	1.22415635522915	0.0139229553103553	0.974294174707714	57.4441671013778	3	0.000229744218103844	8	74	36	51	0	0	0	0	0	0	0	0	0	0	0	-0.00145467165769727	0.0504353616053158	-0.0560913950119113	0.125	mouse
ERP006813	20	22742	0.0502518907629606	1.00253164556962	0.0625	-0.452267016866646	1.25714285714286	0.989834415467657	0.928655364567805	1.01841683495059	0.405114196034714	0.369222878547258	0.89043450247267	4644	4897	0.0118610019771487	2.22843532938483	0.467601474383788	0.380770637648066	0.817572175705005	19.4541705523804	5	0.95886189297736	0.000988560353920053	0.929012399964823	80.892585841772	1.13611586751001	2622	0.087911171684595	1.7363557441284	0.470966230720198	0.165373651714478	0.660381532269077	3.59290562878122	5	1.0757095858812	0.00112210446066451	0.939081874945036	12.2394463637484	5	0.000219857532319057	197	4447	450	2057	0	0	1	0	0	0	0	0.00222222222222222	0	0.000228426395939086	0.0050761421319797	-0.126206311973522	0.0173900339975469	-0.129851161208673	0.776649746192893	mouse
ERP006822	16	20978	0.447213595499958	1.25	0.4	0.149071198499986	1.02272727272727	1.09750867635878	1.03815978917543	1.13590100205824	0.557674903290195	1.41302810334994	0.982918266946169	12221	9846	0.279158389523262	1.40739080805221	0.485130315639342	0.131403022599235	0.459615090924892	2.07453159234089	3	3.25813187302406	0.00629781288447301	0.999682206756284	11.6718454027801	1.02786743058515	12207	0.0588762914618885	0.41688221789733	0.123654919418343	0.256043873155154	0.494337442908807	11.478018618301	3	0.184716041026929	0.00071866449014437	0.805748879778816	3.13804604870077	3	0.000143006959672037	2693	9528	318	322	1	1	0	0	2	0.000371333085777943	0.00010495382031906	0	0	0.000141106572595618	0.000742666171555886	-0.311500512417543	0.0737213825746264	-0.377844128287505	0.831414779056814	mouse
ERP009958	16	20550	0.125988157669742	1.01612903225806	0.125	0.125988157669742	1.01612903225806	1.0158228813357	0.985842922348932	1.0321289054865	0.106851709532426	0.462747073817373	0.992845255705762	0	0	0.0187394882616864	0.734750833159509	0.148915572439172	0.456880955748259	0.724858854687212	29.0739636409102	4	0.0978202392727451	0.00473516232428441	0.887019464720195	5.22119426153565	1.02638133589733	0	0.0156544562235295	0.302195476051577	0.0748941754302635	0.573806220664423	0.629022667508767	174.501069713901	4	2.21282054046709	0.143253058038953	0.999878345498783	141.392922432586	4	0.000194647201946472	0	0	0	0	0	0	0	0	0											mouse
ERP012146	12	17505	-0.192450089729875	1.03846153846154	-0.166666666666667	0.192450089729875	1.03846153846154	1.02088172199885	0.972224141980091	1.04253097044673	0.0662881755662365	0.104374897415909	0.989802906406707	1776	1804	0.013933215083578	0.137830195365607	0.0434163047910507	0.576742810966437	0.537760811042749	375.824417058709	1	1.88038741431092	0.107163177736466	1	134.95859460721	1.0402060886142	1519	0.0107344754034717	0.120540258385815	0.0352537598641632	0.514169409753691	0.560146756265701	344.387697948139	1	1.65293258032406	0.125409773996075	1	153.986491337662	1	5.71265352756355e-05	173	1603	201	331	0	0	0	0	0	0	0	0	0	0.000173410404624277	0.00578034682080925	-0.0329697083319874	0.0372739838635007	-0.0635529124464094	0.46242774566474	mouse
ERP013315	12	21666	0.845154254728517	3.5	0.833333333333333	-0.169030850945703	1.02941176470588	1.89393282124087	1.78830994971087	1.94857031874573	0.231039602470657	0.19066315051294	0.354324978960606	5	90	0.275676009522365	2.1673770796747	0.61688172843649	0.328700122200138	0.503880913748535	18.8058454383139	5	8.72332888305893	0.0404733638930852	0.999907689467368	31.6630472867504	1.03561641722624	1	0.0237930099916711	0.287544088196697	0.0735249731865678	0.535084527638965	0.547827394003667	135.020583958202	5	0.25919874051261	0.00361052422429766	0.961109572602234	10.8978936447868	5	0.000230776331579433	4	1	89	4	4	0	0	4	4	1	0	0	1	0	0					mouse
ERP015152	10	21533	-0.218217890235992	1.05	-0.2	0.218217890235992	1.05	1.05194014436757	1.00556844983623	1.07128739926747	0.182556573459159	0.325688142150858	0.983114798050306	0	0	0.058613064533708	0.527397883239464	0.149062215712526	0.339825730478542	0.530210519418586	29.9847299942544	5	2.41385953674323	0.057067807016679	0.999879255096828	41.1981661494597	1.01817519410328	0	0.079705903678179	0.667078495021175	0.181345007718531	0.293893971571214	0.512049711195506	12.6660418738364	5	1.0135845448021	0.00737749867506874	0.987879069335439	12.7186723847017	5	0.000232201736868992	0	0	0	0	0	0	0	0	0											mouse
ERP016751	15	18124	-0.0714285714285714	1.00512820512821	-0.0714285714285714	-0.0714285714285714	1.00512820512821	1.01587202301246	0.964999134251695	1.03396575313305	0.0959366938117499	0.412730110860859	0.983824767822871	1	1	0.0253881703365468	0.691009766455306	0.165866949328444	0.276213010870561	0.693504951674913	10.4539206535407	5	0.305805791956606	0.00123705909153318	0.920481129993379	12.0502253758285	1.01880791105921	1	0.0231894577275875	0.583630997137982	0.143366717375777	0.31445187560126	0.687483653132779	16.6518751957545	5	1.48192331482727	0.0237421510865041	0.997130876186272	63.9295185363781	5	0.000275877289781505	0	1	0	0	0	0	0	0	0		0									mouse
ERP020504	23	27194	-0.137408583724303	1.01924447612259	-0.136363636363636	-0.137408583724303	1.01924447612259	1.01696458661694	0.99599455736779	1.0262253751917	0.0727671144769119	0.118891278223802	0.995038257014855	174	177	0.0107508961912783	0.174537819735265	0.0454011920422678	0.578475917021216	0.609338343739299	103.211319824844	4	0.891365000463207	0.0630294638355836	0.999365668897551	82.9446899103873	1.01367030716716	150	0.0138413925642621	0.134379786249545	0.0362297639811161	0.345659541513154	0.537166816035406	24.7714043200106	4	0.230137149702349	0.0182210442417301	0.997554607634037	16.633974980896	4	0.000147091270133118	15	159	18	32	0	0	0	0	0	0	0	0	0	0	0	-0.0129892263730717	0.0245090218183721	-0.0381438705705875	0.2	mouse
ERP020735	16	21419	-0.258198889747161	1.07142857142857	-0.125	0.258198889747161	1.07142857142857	1.05443485792813	1.01922580800442	1.06606115516239	1.00705942735065	0.256379552744787	0.994332534022218	0	0	0.049595026621899	0.53625220666863	0.147539681795046	0.196151089588478	0.57036256474358	5.82314677217026	5	0.202623417358159	0.00116659644727492	0.861935664596853	4.08711602172182	1.0551814587679	0	0.040976855128667	0.497505335596056	0.134412489348138	0.247371181044506	0.578831993031806	10.0442485945899	5	0.055319741573497	0.000184675062168433	0.571119099864606	1.35003567974828	5	0.000233437602128951	0	0	0	0	0	0	0	0	0											mouse
ERP021472	14	20944	-0.730296743340222	2.14285714285714	-0.666666666666667	-0.410791918128875	1.20300751879699	1.46720021103599	1.39423082505363	1.49960732870659	0.115807719151258	0.128817922439974	0.713020436883648	11	27	0.131417837210312	1.35160380390482	0.344545241432768	0.302116097374611	0.541274771926721	17.1815788135762	1	5.86119665425033	0.0137055594596219	1	44.6034634225213	1.08966311035861	155	0.0616276809971732	0.685902642708783	0.170132804375599	0.434175374018353	0.542316270521976	32.0224735936709	1	1.63241903769638	0.00433100483337404	0.999427043544691	26.4891228376583	1	4.7746371275783e-05	8	3	24	0	0	0	0	0	0	0	0	0		0	0	0.060219162102249	0.35279407618686	-0.347649290759368	0.25	mouse
ERP021891	8	19718	-0.377964473009227	1.16666666666667	-0.25	0.377964473009227	1.16666666666667	1.05500713723757	0.974554544771929	1.09124270433023	0.116252100969919	0.231799950202863	0.883094414693291	0	0	0.102987866800903	1.10268164516398	0.253913814538868	0.31770098074832	0.527542310022389	13.3378324537076	1	2.52278523262881	0.00497026354267121	0.999949284917334	24.4960032954372	1.137299524654	0	0.0651808956248257	0.627791398100697	0.16300201425391	0.281031690980255	0.532846605023697	10.0329338580508	1	0.17254444645493	5.65587888152867e-05	0.831169489806268	2.64716455082237	1	5.07150826655848e-05	0	0	0	0	0	0	0	0	0											mouse
ERP022432	8	21989	0	1	0	0	1	0.975519045626159	0.916814597657208	1.00387869480171	0.528840094990215	0.246280536368173	0.961192441487553	313	524	0.00750558256213502	1.15322270714708	0.244076026292279	0.379522245522996	0.830523822989974	23.9746694174285	5	3.00408316376967	0.029765648643594	0.992623584519533	400.601789109536	0.982185981483528	504	0.00726969098615204	1.15852116516777	0.250277134192759	0.393048413862475	0.833915259568612	26.6505283019444	5	3.31751176145795	0.0392760928904606	0.99986356814771	456.698517050866	5	0.000227386420482969	0	313	211	0	0	0	0	0	0		0	0								mouse
ERP022747	9	20991	0.1	1.01010101010101	0.1	0.1	1.01010101010101	1.01113306507626	0.957436721859418	1.03456844697024	0.0430217997475091	0.287638659149468	0.992128764228286	4700	4647	0.0118357968235017	0.494907928270878	0.104740084085271	0.575505910923722	0.729024329228093	71.655208146525	5	1.13142501060632	0.0245234645437879	0.998570816064028	95.6040990597107	1.03266923420981	4450	0.011023966810136	0.427167090355381	0.0995846239124425	0.629898242755096	0.722669922108457	166.937767233661	5	0.351684583075318	0.00220625927866295	0.945367062074222	31.9163475096568	5	0.000238197322662093	228	4472	175	347	0	0	0	0	0	0	0	0	0	0.000197368421052632	0.0043859649122807	-0.0141622572644674	0.0297521282515656	-0.0413614324486252	0.394736842105263	mouse
ERP022752	8	25019	0.258198889747161	1.07142857142857	0.25	0.258198889747161	1.07142857142857	1.00824827197056	0.926708968848093	1.05080609301378	0.0782795821105872	0.210145599694668	0.970541205658464	0	0	0.045975902600424	0.473465312449081	0.119417203348514	0.342568594377101	0.535494155682394	36.1319281144427	5	2.28068185452209	0.0638724620589244	0.999872097206123	49.6103666035927	1.02413188733951	0	0.056346395696441	0.815944216580915	0.190493370291631	0.469159534147512	0.577800569567076	63.0970176225896	5	1.72069600363887	0.0238501650069446	0.998856868779727	30.5429478847859	5	0.000199848115432271	0	0	0	0	0	0	0	0	0											mouse
ERP023283	8	17724	0	1	0	-0.577350269189626	1.5	1.00855827560954	0.936518134278918	1.05490599125921	0.735436144106895	0.841028145288744	0.969820439898927	9	2	0.039106667159425	2.07883949850071	0.518013500201415	0.434233994054951	0.751578913538572	31.6480285164664	4	1.07579144152589	0.00358635403640761	0.949926653125705	27.5672395420815	1.31631320415703	3	0.10772651183327	3.02307061735228	0.767105621649759	0.250111644272233	0.706064142710763	8.64335731845416	4	2.96854024362521	0.00374786157394156	0.95640092529903	27.5642866744054	4	0.000225682690137666	7	2	0	8	0	0	0	0	0	0	0		0	0	0	7.91051426160667e-05	0.0154214564405865	-0.014318417541746	0.285714285714286	mouse
ERP023452	12	21570	0	1	0	0	1	0.99868988691102	0.954462856523247	1.01841000870905	0.521677860805174	0.178327312260824	0.960471983478602	0	0	0.00668114073595301	0.790924420164489	0.170099017007631	0.416939203159935	0.81843623582761	25.5184331248628	1	0.481498478504187	0.000371155120914493	0.96759388038943	72.0688513713477	0.993531949985	2	0.0155634374212653	1.1175355491538	0.232731299383621	0.416830751537632	0.787325661182554	23.3865979486912	1	0.0287164039482899	7.05848972364467e-07	0.617756142790913	1.84511973910733	1	4.63606861381549e-05	0	0	0	0	0	0	0	0	0											mouse
ERP023507	12	20478	0	1	0	0.353553390593274	1.14285714285714	0.842597684381425	0.726619250739842	0.939006706416486	0.129132719786124	0.233168913492737	0.965915599467135	0	0	0.0148357341844215	0.591436415209711	0.122759308509381	0.41856095102547	0.739103966361389	25.4217803227361	5	0.165074236834964	0.0025208116784513	0.854126379529251	11.1281209745287	1.07337210462361	0	0.0963401701908735	0.747373282847927	0.192353895098787	0.255126291182084	0.487432837388829	10.2069132103584	5	1.90361963296957	0.0262870504996245	0.8543217111046	19.7622522015038	5	0.000244164469186444	0	0	0	0	0	0	0	0	0											mouse
ERP024052	9	20648	0.632455532033676	1.66666666666667	0.6	0.632455532033676	1.66666666666667	1.29137142478607	1.19863282795346	1.33851830935772	0.122296505864365	0.238785640190228	0.799320016108434	0	0	0.205912248996329	2.2129428110873	0.567278482926978	0.25171006693286	0.555734165757973	11.8946045339708	5	7.03991116423946	0.0360401014401632	0.999903138318481	34.1926595033618	1.30131223009527	1	0.186428744515639	2.32958392005871	0.577344247765638	0.292375455904715	0.575232809328524	10.7289307583246	5	1.24479979167582	0.00118027150517214	0.949418829910887	6.68245421097264	5	0.000242154203796978	0	0	0	0	0	0	0	0	0											mouse
ERP104373	12	15874	0	1	0	0.447213595499958	1.25	1.01867734442661	0.95822439975788	1.04356580477401	0.863788183592535	0.268131038961254	0.895111102452811	0	0	0.0106398704996371	1.69539823759379	0.396649739355938	0.246175121626362	0.80736336248657	10.4374341481029	3	0.25052077337184	8.4439979236138e-05	0.814161521985637	23.5912984495389	1.15084265274664	0	0.117607296490107	1.89776446425197	0.463872565090323	0.237124554148097	0.623671222045592	7.60353303069817	3	0.71529032177752	0.000761997493611091	0.915963210280963	6.08671347404908	3	0.000188988282726471	0	0	0	0	0	0	0	0	0											mouse
ERP104759	8	21952	0.258198889747161	1.07142857142857	0.25	0.258198889747161	1.07142857142857	1.04738478208432	0.988639363015149	1.07054384527231	0.574677835702415	0.386023574801478	0.993900761682585	5467	5005	0.036364053231156	0.450836003583706	0.115842452950482	0.481293938412665	0.563887024849477	100.356074852298	5	0.41161785758513	0.0172462600092586	0.988420189504373	11.3228767306527	1.05854945435268	5114	0.038526940066651	0.466870203842029	0.109846463356026	0.426819550513074	0.549287296158765	29.40650191366	5	0.30509166776803	0.00419275937169706	0.878197886297376	7.92068122245083	5	0.000227769679300292	669	4798	207	609	0	0	0	0	0	0	0	0	0	0.000246636771300448	0.00149476831091181	-0.0399752838759476	0.0570869686067134	-0.0865559835577642	0.431988041853513	mouse
ERP105638	21	20273	-0.023124864503144	1.00053504547887	-0.0181818181818182	-0.023124864503144	1.00053504547887	0.583960268527503	0.370892255764331	0.816689326496037	0.0761898068983691	0.0579991070402818	0.909333925295251	0	0	0.011853399506797	0.341744214812432	0.0797739386665004	0.531453193121859	0.690581561703347	183.084584952634	5	0.124174334325053	0.00320344405255138	0.908913333004489	10.4794675502193	1.00655515646184	0	0.0030504703984449	0.261504793243298	0.047093311240388	0.517515128046335	0.795859053206212	33.4161308801475	5	0.0372344567138873	0.000178613812570359	0.893582597543531	12.2113902424544	5	0.000246633453361614	0	0	0	0	0	0	0	0	0											mouse
ERP106455	16	16365	-0.258198889747161	1.07142857142857	-0.25	0.258198889747161	1.07142857142857	1.06583982887907	1.04449998658508	1.0712737543081	0.282881345816733	0.285374060493442	0.989973316162387	3	2	0.0334954730325429	0.852433712777938	0.188594196593873	0.389261742373986	0.668821218231036	22.4180839749025	1	2.06591671545361	0.0070584910927733	0.999755575924229	61.6994008677266	0.99578017112224	2	0.110022664270637	1.41563112159641	0.348678817780248	0.260559328667235	0.584005520831568	9.11648917463855	1	2.37493701565058	0.0027462506198387	0.999388939810571	21.5868792608185	1	6.11060189428659e-05	1	2	0	1	0	0	0	0	0	0	0		0	0	0					mouse
ERP107948	26	21712	-0.277777777777778	1.08361204013378	-0.277777777777778	-0.0972222222222222	1.0095423563778	0.975977955180099	0.889720232382479	1.02953674128853	0.0866970585179183	0.315533020432631	0.896819010077577	2856	5313	0.165394702741965	1.34263982518817	0.411992819685308	0.256912257657623	0.529210258896317	16.5554668045154	5	4.73579821594164	0.0312291575293406	0.99978813559322	28.6399893041465	1.02101443884368	2684	0.00560345875242345	0.0638304744719401	0.0169379465083002	0.44666967544299	0.55448719316634	84.0507253095514	5	0.37578727620438	0.104775457548912	0.999576271186441	67.0717105179657	5	0.000230287398673545	186	2670	2643	181	0	0	0	0	0	0	0	0	0	0.000268817204301075	0.00537634408602151	-0.319920394740655	-0.0524027757806825	-0.248198394540518	0.983870967741936	mouse
ERP108446	12	19756	-0.169030850945703	1.02941176470588	-0.166666666666667	-0.169030850945703	1.02941176470588	1.03367118373438	0.999615910737691	1.04850198041953	0.0757349139800042	0.212770000032122	0.985172824417659	69	175	0.0216417211838774	0.282994003678999	0.072138304660253	0.569952117933519	0.561226624758131	120.050734768444	5	1.40502264568122	0.124024149577796	0.999848147398259	64.9667980264288	1.03704651294227	6	0.0201745677031945	0.282501907429539	0.0740110609500011	0.598144427341336	0.575953671942967	99.1929030895072	5	0.443935031593605	0.0143521289097568	0.994715529459405	22.0112507220513	5	0.000253087669568739	0	69	106	63	0	0	0	0	0		0	0	0							mouse
ERP109057	8	18798	-0.577350269189626	1.5	-0.5	0	1	1.18294284445825	1.06127021902944	1.23462544998114	0.516664441841858	0.86618180061833	0.845713885949689	1919	963	0.318229107523111	3.45212083673777	1.03450895574903	0.135202112438377	0.5881225803801	2.55270030687085	2	5.10009107897723	0.00264385680733104	0.997313543994042	16.0281328654851	1.0251584078198	1739	0.0213069833336835	1.14991780050431	0.264917002813054	0.339394343501811	0.760713167486471	18.591166297798	2	1.56318359980119	0.00658346821833007	0.868071071390574	73.409453971743	2	0.000106394297265667	1064	855	108	248	0	0	0	0	0	0	0	0	0	0.00012687969924812	0.00093984962406015	-0.0673853121227201	0.190093986004831	-0.260014689898962	0.320488721804511	mouse
ERP109306	13	14927	0.536745040121693	1.40468227424749	0.523809523809524	-0.414757531003127	1.2077641984184	1.17221723065943	1.00377705247175	1.22279322223556	0.444424609284999	0.694585530844409	0.825389299038322	4	1	0.434783816662192	2.86825389999146	0.909536603801258	0.140671471314178	0.508800775716317	2.63619300556251	5	3.91719645712627	0.00729235023617495	0.996261807462987	9.01236414913292	1.10841574978166	1	0.340902678213047	2.14044438921045	0.678672574746901	0.127201851477277	0.494516366446175	1.6999130461213	5	2.37158616399427	0.00334295299252126	0.901909291887184	6.96095194755771	5	0.000334963488979701	3	1	0	3	0	0	0	0	0	0	0		0	0	0					mouse
ERP109959	40	16746	0	1	0	0.1	1.01010101010101	1.00322591274743	0.98721364545583	1.0085194412782	0.128685243404639	0.169295084703814	0.98747271677981	51	92	0.001770071607997	0.178784210736262	0.0532217158332353	0.806680153577641	0.822577427751396	462.60361897026	5	0.273812350127929	0.0101510878650777	0.960778693419324	154.902326455569	1.00868297038538	48	0.0184910478542119	0.197551007378551	0.0569117159016835	0.538464445042687	0.548633684023841	126.32348053082	5	0.203515862140225	0.0209429474519707	0.884521676818345	11.006262146016	5	0.000298578765078228	1	50	42	7	0	0	0	0	0	0	0	0	0	0	0					mouse
ERP110063	8	14455	0	1	0	0	1	0.960106047556426	0.864721708273367	1.0312824628395	0.887482953433378	0.638487593827492	0.981609776198604	2953	73	0.027327100992189	2.25913003790092	0.552429845729993	0.200464983353119	0.718574372214085	6.05248957951288	2	1.39234052309458	0.000692003649558975	0.945901072293324	50.9679365439249	1.02233097064373	17	0.018202047991592	1.79706275761717	0.399081359156882	0.345544277521471	0.765880210925934	20.5506050023009	2	0.468599082820729	0.000171411388053379	0.854894500172951	25.7550681137008	2	0.00013836042891733	2882	71	2	2936	0	0	0	0	0	0	0	0	0	0.000131852879944483	0.000346981263011797	-0.085114002141574	0.0249237228543798	-0.143125138530203	0.678348369188064	mouse
ERP111614	12	20570	0	1	0	0	1	1.01830636254518	0.98459580886802	1.03235632769112	0.731184396612378	0.12252080129744	0.988144341989269	0	0	0.00174233394048749	0.105216681529744	0.041975794852315	0.862549331814173	0.793649856454165	803.014570426485	5	1.52904549279667	0.30119366263725	0.999698590179874	877.913761635042	1.01913984711748	0	0.00303183487461885	0.130434544654028	0.0447332767794537	0.740678274905915	0.759268668069199	1137.51741831169	5	2.07745437719855	0.429506833259254	0.993281477880408	685.990085019696	5	0.000243072435585805	0	0	0	0	0	0	0	0	0											mouse
ERP112516	40	21595	-0.0949157995752499	1.00909090909091	-0.0499999999999999	-0.0949157995752499	1.00909090909091	1.00265610440361	0.980938580335375	1.01214878127506	0.959772062555291	0.0429954939276686	0.994931445590909	529	539	0.00500913782041118	0.0322910522056081	0.0122594934759393	0.565786882768385	0.481685940658398	378.249937448974	5	0.2072480908905	0.119538517820008	0.999638805279	41.392980974172	1.00616875624145	555	0.0047882202541071	0.0399669541040561	0.0109987437034135	0.348290976084153	0.507951189924574	29.7366018480911	5	0.14397116505941	0.0365045450478555	0.998369993053948	30.0723368354171	5	0.000231535077564251	21	508	31	19	0	0	0	0	0	0	0	0	0	0	0	-0.0280040353325566	0.00209436071089496	-0.0255928996590881	0.80952380952381	mouse
ERP114372	25	23849	0.0890870806374748	1.008	0.0952380952380952	0.0890870806374748	1.008	0.99404795280029	0.954031829595632	1.01297610602893	0.106701800414484	0.106206453832204	0.98672100073481	36	49	0.0133132856957987	0.152960048473605	0.0432895839863555	0.522528459563915	0.559405385130412	259.998897594777	5	0.25455423808839	0.0432923561155668	0.967336156652271	19.1223327370262	1.0173729353598	34	0.00692990172373798	0.0861159174155493	0.0229617818961741	0.505452972711359	0.569958589926211	101.725309040635	5	0.193012554575228	0.0546185251459735	0.826114302486477	27.854455897913	5	0.00020965239632689	0	36	13	2	0	0	0	0	0		0	0	0							mouse
ERP114772	20	21725	-0.204124145231931	1.04347826086957	-0.2	0	1	1.00985084257223	0.958187971076	1.03388610041675	0.644840216217651	0.0756051638054664	0.980781536392297	1710	1812	0.0172072263566791	0.178463308762357	0.0540774688336683	0.5414685225596	0.549293991218331	226.32153564195	5	1.60531816348082	0.18362657058687	0.999861910241657	93.3595407442294	0.999396564308854	1790	0.000347772881204904	0.0469266704390319	0.0176544564549386	0.894580156607892	0.847309982460449	914.12784258037	5	0.650000892074697	0.29672656687483	0.998747986191024	1871.67903301308	5	0.000230149597238205	110	1600	212	21	0	0	0	0	0	0	0	0	0	0.000318181818181818	0.00909090909090909	-0.0802899912528957	0.00903664313399833	-0.0764978494379989	0.763636363636364	mouse
ERP115639	12	20043	0.353553390593274	1.14285714285714	0.333333333333333	0.353553390593274	1.14285714285714	1.0657534584468	1.01112476645174	1.09227816260101	1.06008149811914	0.266906084356575	0.894922977179181	1	2	0.100414236423329	0.913971704030519	0.240715904561027	0.298051125039505	0.522263227980852	12.9763122995442	5	0.2383702998514	0.00032473980063129	0.755585491193933	2.37398077258972	1.06631926001299	1	0.118845795317718	1.01576099583791	0.277626377597357	0.302100914515387	0.517912456567293	13.11761674657	5	0.298270691300639	0.000336932733027691	0.814678441351095	2.51021394485512	5	0.000249463653145737	0	1	1	0	0	0	0	0	0		0	0								mouse
ERP117312	36	21951	0	1	0	-0.222222222222222	1.05194805194805	1.00599663678997	0.993854169554966	1.01203465078277	0.533543740675765	0.106373925110047	0.999812416459105	5278	5259	0.000155092225404399	0.031066351712033	0.010442730660373	0.887372792544859	0.865668667123782	1034.85043396115	2	0.387837428987709	0.13104738023029	0.999863331966653	2501.71157293975	1.03315334025626	5091	0.0122696394261012	0.129301243495304	0.0331536543445465	0.333386234456159	0.545276759874309	23.7657718215007	2	0.132248506836309	0.00160753492087775	0.985558744476334	10.7788637841971	2	9.11120222313334e-05	57	5221	38	350	0	0	0	0	0	0	0	0	0	0	0	-0.000108301642329421	0.0122811188462897	-0.0131298434351611	0.087719298245614	mouse
SRP002811	8	30179	0	1	0	0	1	0.966718645712957	0.894290461228434	1.00590876481576	0.0530196188270658	0.189786412998328	0.934274118064556	55	92	0.00750658155828901	1.17147586728062	0.242491662518247	0.478279802111416	0.834645015143568	47.0711569379069	5	0.977725673145239	0.00558873615134977	0.951052056065476	130.38762603286	1.04906607754239	39	0.00202832682699899	1.01608307210241	0.194256630478607	0.444519481478653	0.873391263014548	26.829252061653	5	0.011719177381488	0.000318820298028431	0.709864475297392	5.7781650656518	5	0.000165678120547401	1	54	38	16	0	0	2	0	0	0	0	0.0526315789473684	0	0	0					mouse
SRP016859	20	20049	0	1	0	0	1	0.984000444486514	0.927709185720089	1.00672677892323	0.0522204191793961	0.111005284867176	0.984797321663662	403	555	0.000986046400725971	0.257518086904357	0.0548428019609003	0.619076367316778	0.862227288265338	73.9002999976268	4	0.281186641172863	0.0232768030917081	0.943650556137463	285.31217104907	1.01603299277786	355	0.0005660273409622	0.178602830360711	0.0392647873101238	0.665362818588034	0.871823217975346	84.3799431903608	4	0.0368083955821245	0.000444836228775385	0.816985884582772	65.1979615427337	4	0.000199511197565963	0	403	152	52	0	0	0	0	0		0	0	0							mouse
SRP017560	15	19673	-0.218217890235992	1.05	-0.111111111111111	-0.218217890235992	1.05	1.0390207379935	1.01448221339497	1.04973738901134	0.502257891628772	0.574991934680069	0.976651685628069	76	39	0.10217207567944	0.79770209618444	0.247929099693349	0.141820408261888	0.531308471720469	2.28355922434364	2	1.21487962998808	0.00246326836152613	0.99928836476389	11.8922284530358	1.0390207379935	39	0.10217207567944	0.79770209618444	0.247929099693349	0.141820408261888	0.531308471720469	2.28355922434364	2	1.21487962998808	0.00246326836152613	0.99928836476389	11.8922284530358	2	0.000101662176587201	39	37	2	39	0	0	0	0	0	0	0	0	0	0	0	-0.0309391050881871	0.0485373013686114	-0.0770306256626671	0.333333333333333	mouse
SRP017849	23	23473	0.734846922834954	2.17391304347826	0.6	-0.204124145231932	1.04347826086957	1.50880688256582	1.41876202821501	1.57320427555712	0.782379960711134	0.503407907861706	0.786529709502955	970	145	0.318278913527023	2.40494363158259	0.735912960713964	0.146636942511963	0.525565323739185	2.69387965702599	5	3.62067754920448	0.00605549154799967	0.999216120649257	11.379184741092	1.03147959384104	1058	0.0511793634864401	0.31498187122256	0.0985403664237717	0.143377020698936	0.483331843960571	2.18559413194384	5	0.0806466955619705	0.000347573161601997	0.675985174455758	1.57580061564144	5	0.000213010693136795	903	67	78	67	3	1	0	1	4	0.00332225913621262	0.0149253731343284	0	0.0149253731343284	0.000227021040974529	0.00110741971207087	-0.0383658534231879	0.406159932187711	-0.450681673699879	0.10188261351052	mouse
SRP018038	8	23319	-0.258198889747161	1.07142857142857	-0.25	0.258198889747161	1.07142857142857	1.08079428757765	1.04365646893143	1.0987996331411	0.161788189333379	0.389447577332268	0.979992480540607	0	0	0.050264044088519	0.572162917082433	0.146075914725191	0.440223245699784	0.550979998295349	31.3950667961845	5	1.46970838274363	0.0216368009324463	0.999022256529011	29.2445156982389	1.09392538439381	0	0.043168024799133	0.314591579639081	0.0964712584533835	0.34016708224843	0.498410555159417	79.578496750636	5	0.0878640505225499	0.000216367841233181	0.727535486084309	2.03545061338702	5	0.000214417427848536	0	0	0	0	0	0	0	0	0											mouse
SRP018287	16	21174	0	1	0	0.25	1.06666666666667	1.01954706646006	0.997978736554101	1.02815729795317	0.121665043458563	0.113413960358285	0.996059093564493	0	0	0.00077059467792575	0.109810555350264	0.0273307604773099	0.740815387621776	0.841619353805053	220.53963543605	5	0.273129555781355	0.0785293939334434	0.990195522810995	354.50245976084	1.04950278422316	0	0.0186877809381788	0.301307219743997	0.0712302119200781	0.426000643700638	0.60353593529916	40.8182977729769	5	0.868686817087671	0.0450737762019875	0.999631623689431	46.4958277625891	5	0.000236138660621517	0	0	0	0	0	0	0	0	0											mouse
SRP018846	8	22753	-0.377964473009227	1.16666666666667	-0.25	-0.377964473009227	1.16666666666667	0.66521534584049	0.473517894225286	0.865992465564889	0.125844170181272	0.292401534210727	0.843184709665306	7	33	0.213895201861104	0.923974054997954	0.32002158925145	0.114870625840494	0.418649881637168	0.491667748730741	5	1.64726256179754	0.00505363436300171	0.998936403990682	7.7070975131106	1.12159578811411	0	0.084755447440089	0.598771467116752	0.169753983669591	0.338564557211555	0.475968815587809	13.8801701265319	5	0.55092648599839	0.00258722597630188	0.988423504592801	6.5013611405297	5	0.000219751241594515	0	7	26	7	0	0	0	0	0		0	0	0							mouse
SRP020224	12	22940	-0.487950036474267	1.3125	-0.428571428571429	-0.0975900072948533	1.00961538461538	1.09401637430513	0.980819080174569	1.14744004321059	0.275804091095661	0.152749870780466	0.825965287889025	1	263	0.0980568176187031	1.21562884085021	0.292993340274473	0.3831868198306	0.566568751539529	25.3008590299078	5	3.32106426479429	0.0322145763466356	0.99972972972973	33.8726344762583	1.03410221126076	1	0.00771166099434503	0.306281761724884	0.0696492526235357	0.660682648396462	0.725131917600791	124.030447691101	5	0.0283790159644104	9.58585282942561e-05	0.846469049694856	3.68113605327251	5	0.00021795989537925	0	1	262	0	0	0	0	0	0		0	0								mouse
SRP020636	410	18485	0.0108839958364245	1.00011847540012	0.0104246001523229	0.0312604263977672	1.00097817014038	0.978596292263402	0.93736802358658	0.996066336990249	0.104017622905832	0.106128758250405	0.98036458838158	8167	8521	0.0024775358535617	0.17299679343795	0.0523475692492689	0.863732267184133	0.799639264336023	389.139706448852	5	0.136197966273522	0.00397607915706374	0.988195834460373	55.0303707987295	1.00117944605751	8170	0.000849841645782001	0.0260013626318053	0.00808079100251983	0.798312265301346	0.708128247742156	299.853232001801	5	0.162914725613648	0.0978052320605603	0.998939680822289	191.752378584525	5	0.000270489586150933	66	8101	420	44	0	0	4	0	0	0	0	0.00952380952380953	0	0.000606060606060606	0.0151515151515152	-0.137883176281947	-0.0283665106469544	-0.085776270179415	1	mouse
SRP023469	8	18117	-0.5	1.33333333333333	-0.5	0.5	1.33333333333333	1.16985677164273	1.11409878011505	1.2253697090254	0.135602941527349	0.518012641982521	0.930871757421959	128	3	0.129936859152818	1.36336406036094	0.377680992153755	0.421102944503352	0.553008880297672	36.8755123943209	5	3.72191992414062	0.0376249336807093	0.99886294640393	28.6537964057144	1.09046475711871	2699	0.136377346194981	1.24395567847451	0.348724044192544	0.483682498627182	0.515003243806343	44.4352697608532	5	0.99418506650145	0.00297977296911241	0.986377435557763	7.29269457426467	5	0.00027598388254126	125	3	0	1	0	0	0	0	0	0	0		0	2e-04	0.000200000000000045	-0.125419913797741	0.143408292588041	-0.284306042427831	0.416	mouse
SRP026667	14	20766	0.408248290463863	1.2	0.285714285714286	-0.408248290463863	1.2	1.12585680958544	1.1005975033987	1.13636295397518	0.097834798836541	0.207308475343071	0.959607433140126	1	1	0.057651349845941	0.737584410590083	0.187163975631529	0.319184564676815	0.58219803015493	18.1850188192226	1	2.38901771189667	0.0078314296572797	0.999903688721949	41.439293253876	1.12087302113179	1	0.0544178051674355	0.676875644348154	0.156638483289619	0.304500822483943	0.560319990316215	10.6394037511622	1	0.0395250293464899	3.04398780013094e-06	0.38616006934412	0.726290797083428	1	4.81556390253299e-05	0	1	0	0	0	0	0	0	0		0									mouse
SRP029912	8	20047	-0.258198889747161	1.07142857142857	-0.25	0.258198889747161	1.07142857142857	0.86474555410141	0.73312730503568	0.985892740174106	0.335077407411564	0.201571904890971	0.761704235202481	0	0	0.190990411734462	1.79318621242744	0.455437976089174	0.24117814151315	0.528402297489517	6.51431357329857	5	0.784899449264238	0.00106318900148279	0.746016860378111	4.11061572837115	1.08822765231783	0	0.075915281238765	0.777622548762793	0.204477635745218	0.381507540462917	0.540574321050795	28.0870968807648	5	0.482336822819659	0.00124661507523327	0.948191749388936	6.35741090088561	5	0.000249413877388138	0	0	0	0	0	0	0	0	0											mouse
SRP029939	10	23552	0	1	0	0	1	1.01506633591082	0.960620698644986	1.03751591830433	0.0235385630223432	0.215118716044267	0.992890247075284	10966	11017	0.006564719358482	0.177044524548171	0.059588155928146	0.776739961750692	0.716460036570209	473.083333292592	5	1.30327309638976	0.110232654271104	0.999660326086957	198.633051824282	1.02268684205209	10926	0.00702253881806165	0.145809900077644	0.047564978962268	0.681994286740163	0.683834656784673	543.041991326003	5	1.29974299665902	0.163111960664241	0.99984714673913	185.328680265862	5	0.000212296195652174	367	10599	418	438	0	0	3	0	0	0	0	0.00717703349282297	0	0.000217983651226158	0.00272479564032698	-0.0215556450032183	0.0328382764637544	-0.0528523219952075	0.416893732970027	mouse
SRP032458	8	22258	0.258198889747161	1.07142857142857	0.25	-0.258198889747161	1.07142857142857	1.08416149716392	1.0537600484157	1.10743485871882	0.0578857464143981	0.145942279350917	0.92996271186046	0	0	0.0501848532872417	0.839554609398719	0.192233053150003	0.564033359074999	0.595761443210535	60.0294807351086	5	2.30328479608717	0.0345300086724058	0.999299128403271	45.9038022367434	1.09331427812627	0	0.0500303720628722	0.842544776860864	0.184617907592619	0.553978720712035	0.589087161622567	50.0465650085927	5	0.19117315983208	0.000414892731287244	0.845080420522958	3.82190209428786	5	0.000224638332285021	0	0	0	0	0	0	0	0	0											mouse
SRP033501	8	22750	0	1	0	0	1	1.00419983792548	0.964831952307494	1.02025994646508	0.0412650568256552	0.0891586848970298	0.974774705510698	401	403	0.00138079453313205	0.467812074394031	0.0831331390084166	0.721176420951294	0.875768632546752	69.3077679771608	2	0.208646459852343	0.000581978115603564	0.976967032967033	151.127923815762	1.00626267043197	450	0.00132876152218898	0.283083332456458	0.0642693601350959	0.73591612969306	0.861358257626387	104.033152452691	2	0.252532920969836	0.00242731870663168	0.931802197802198	190.065976245407	2	8.79120879120879e-05	18	383	20	2	0	0	0	0	0	0	0	0	0	0	0	-0.00231338237483582	0.0183517298719843	-0.0225637965539278	0.277777777777778	mouse
SRP034855	23	20562	0.483045891539648	1.30434782608696	0.466666666666667	0.0862581949177943	1.00749625187406	1.06848604599349	0.88361346808574	1.12818825619274	0.262351515312259	1.39256406094709	0.867121667448511	4380	1504	0.487954379230526	3.21829187706099	0.937033748200988	0.1399952872118	0.482341047935413	1.9996753392957	5	3.42767044353229	0.00303329257936438	0.991761501799436	7.02554257168616	0.997339755695229	5110	0.0758751568107615	0.682355825382071	0.211450309525297	0.522883480203359	0.536897353924206	76.7676678494074	5	0.0351277301767898	0.000175181947606354	0.390565120124502	0.462917974974977	5	0.000243167007100477	3210	1170	334	56	4	0	0	0	4	0.00124610591900312	0	0	0	0.000247663551401869	0.000934579439252336	-0.273247252917587	0.0447425907497661	-0.288094246699837	0.714018691588785	mouse
SRP035462	37	23994	-0.0118946517017452	1.0001415027593	-0.0161290322580645	-0.0118946517017452	1.0001415027593	1.00648833118442	0.993173699161656	1.01183269510693	0.104696750079964	0.731642845263479	0.999584296043836	16003	16022	0.00226470968484599	0.173407450109041	0.0413468846750734	0.711292862585344	0.79874158444825	184.438023267157	5	0.326120153512372	0.0478428991474779	0.997732766524965	144.032806552938	1.00843607325962	15950	0.00154993761957001	0.100717920040716	0.0268845202954778	0.734625906700828	0.788534080275982	360.985105284839	5	0.6290034348822	0.207440269650749	0.999916645828124	406.031593629284	5	0.000208385429690756	74	15929	93	94	0	0	2	0	0	0	0	0.021505376344086	0	0.000405405405405405	0.0135135135135135	-0.00579677104316147	0.0112629281295392	-0.0170335390940623	0.418918918918919	mouse
SRP035523	12	22097	0	1	0	0.353553390593274	1.14285714285714	1.03416240253735	1.00011850622117	1.04719209999174	0.866928329735555	0.520756823890577	0.983780606960357	505	478	0.0142744629799176	1.10385419757209	0.227007745398542	0.467968570804662	0.793423122944096	31.7096324683127	5	0.189573370346998	0.00166742253248672	0.752391727383808	13.2905203326923	1.06506083546641	389	0.171258123383639	2.47807856799928	0.557860306013402	0.266686843953698	0.597609407187311	8.05932784636235	5	0.14579162882768	1.78639464424711e-05	0.353142960582885	0.851196936703206	5	0.000226275059962891	46	459	19	130	0	0	0	0	0	0	0	0	0	0.000108695652173913	0	0.000293986718370067	0.0329638272647345	-0.034830027935513	0.130434782608696	mouse
SRP037555	12	19595	0.845154254728517	3.5	0.833333333333333	-0.169030850945703	1.02941176470588	1.86606041330235	1.71118025638573	1.93437589253208	0.559020414032734	0.210067910290829	0.0522001953022615	7	1	0.322540144545677	4.80803848258129	1.15835114185408	0.323877525296673	0.593503161471135	13.8639111155213	4	8.43454467698889	0.0108677886289286	0.998660372544016	26.1566596922591	1.02586373418946	0	0.032656553495562	0.701410458643544	0.137285805722656	0.470813178123074	0.615928448613407	29.4112422855667	4	0.0727232061735057	5.87670062194326e-05	0.725554988517479	2.22821815609514	4	0.000204133707578464	7	0	1	7	0	0	0	0	0	0		0	0	0	0	-0.284172262111614	0.492881286350766	-0.912914105577408	0.285714285714286	mouse
SRP038635	12	19688	-0.169030850945703	1.02941176470588	-0.166666666666667	0.169030850945703	1.02941176470588	1.02289741035913	0.937272148814453	1.0537054614277	0.192350763879578	0.329847562937343	0.612017998673456	8	8	0.0421327747101135	2.67091751999976	0.56856413071456	0.407533568452514	0.773302088441492	21.0029325753106	4	2.26487083045362	0.00338100228137292	0.985422592442097	53.7638102729244	1.03773546078345	9	0.0376158807245365	1.0052916958327	0.21949359176207	0.412496713388167	0.680907636167626	24.3174921200644	4	0.0742232806269401	6.37202179305805e-05	0.64496139780577	1.97369152381261	4	0.000203169443315725	0	8	0	0	0	0	0	0	0		0									mouse
SRP039628	8	20627	0.377964473009227	1.16666666666667	0.25	0.377964473009227	1.16666666666667	1.10313557795683	1.06037786039507	1.1275726469577	0.917992463006101	0.458577605721106	0.982321263484908	6664	5993	0.0629909948066219	0.964143112543066	0.213093263689034	0.304738674167944	0.592781801339007	13.2217764582702	5	0.46190054362422	0.00691284032456766	0.959131235758957	7.33432254573466	1.06644256746351	6007	0.078795247534275	1.1543962204616	0.253859668467583	0.296404865865993	0.584076953267854	10.6068267590712	5	0.660453132161303	0.0019915085342177	0.96724681243031	8.38330509316349	5	0.00024240073689824	967	5697	296	1028	0	0	3	0	0	0	0	0.0101351351351351	0	0.000258531540847984	0.00103412616339193	-0.0605910513640825	0.106827665548031	-0.166481189890337	0.360910031023785	mouse
SRP040560	11	19554	0.516397779494322	1.36363636363636	0.4	0.0430331482911935	1.00185528756957	1.16312585231458	1.10195517297512	1.19650055431964	0.187660418095221	0.274429371474174	0.774834767164946	0	0	0.217595812676947	1.27934904314311	0.391286573522596	0.181263728676828	0.459898083390179	5.24687454034627	5	4.09102703800415	0.0264655447499388	0.999897719136749	18.8075147235287	0.987213387935165	0	0.0198540893529645	0.956737878513377	0.193965811638326	0.441202005512505	0.75050957840051	33.6091198564171	5	0.17338132259309	0.0019556803203378	0.928014728444308	8.74060019546995	5	0.000255702158126215	0	0	0	0	0	0	0	0	0											mouse
SRP042206	12	19347	0.529150262212918	1.38888888888889	0.4	-0.377964473009227	1.16666666666667	1.18626669332067	1.13063687104601	1.22040812518393	0.151792103939716	0.167320050579374	0.529054873527781	2	0	0.187038978103575	1.91328018208941	0.482623197015796	0.278237468220563	0.540271952596302	10.3171727310883	5	4.48759664556169	0.0228238397834553	0.99989662479971	23.9971748506422	1.11708496386196	0	0.058325351495691	0.562605881781889	0.148626417110032	0.304065589967634	0.533481602423701	12.4948860974713	5	0.12906980928331	0.000327384753375083	0.73611412622112	2.21314229267402	5	0.000258438000723626	2	0	0	2	0	0	0	0	0	0			0	0	0					mouse
SRP042289	8	22922	-0.5	1.33333333333333	-0.5	0	1	1.20645119683524	1.16264549652248	1.225337599693	0.0493073589326201	0.162615694889059	0.958994491604943	1691	638	0.04531827153044	0.456724507729222	0.146015591808459	0.504204121771268	0.556672963630149	233.664657726446	5	4.14635748765269	0.185588869108572	0.999895297094494	91.5202501072706	0.992783448117492	1928	0.00155916686061759	0.139340150784829	0.0410985426682526	0.792527781760158	0.815924993214129	344.15716475558	5	0.0827893764829204	0.00111083864124919	0.941270395253468	53.1290317387306	5	0.000218131053136725	1068	623	15	58	0	0	0	0	0	0	0	0	0	0.000215355805243446	0.000936329588014981	-0.010758408398875	0.184656509967124	-0.208455915588013	0.126404494382022	mouse
SRP042368	12	19022	0	1	0	-0.333333333333333	1.125	0.839374026827768	0.669992569129954	0.939001780833379	0.0253825419978492	0.0809568404777774	0.97859144878115	0	0	0.00273288690177561	0.163622497077644	0.0412163826390115	0.737209092292523	0.778027404178319	198.249307840223	5	0.0516554749563305	0.0059718591206581	0.959930606665966	18.9064114615569	1.08632487487238	0	0.0445975595289005	0.400748210265816	0.185326830249421	0.776450868124802	0.553621699823086	481.342391222486	5	1.794541944637	0.0403530086293633	0.998538534328672	40.2438980098346	5	0.000262853538008622	0	0	0	0	0	0	0	0	0											mouse
SRP043493	12	18326	0	1	0	0.447213595499958	1.25	1.03299731979322	0.994295308581446	1.05322524355961	1.02752970460641	0.484633511116527	0.995124013593708	20	21	0.012337511898124	0.709066151233022	0.145463701231419	0.524947811098019	0.767638780081588	42.0045284904188	4	0.0177589513410455	2.59850540455896e-06	0.483970861071701	1.43982079507566	1.15911956086268	10	0.184011495036579	1.93802283570852	0.504395423705563	0.200565712279017	0.552293983206404	5.87069696273483	4	0.562939678055561	0.000288344741809787	0.820923824075085	3.05975688436746	4	0.000218269125832151	0	20	1	10	0	0	0	0	0		0	0	0							mouse
SRP043967	23	19964	0.112135653393133	1.0127345339462	0.108333333333333	0.112135653393133	1.0127345339462	1.01110219769725	0.982390043110196	1.02343400912383	0.0679922752507979	0.135358101061702	0.986550849327867	303	297	0.0122900736183367	0.170785020112029	0.0521118382926094	0.71294098775184	0.584176511581283	248.147336879929	5	1.02431601612634	0.0916092432257054	0.999469044279703	83.3889552933134	1.0196404143562	227	0.00986193358063915	0.113369712846034	0.0347367986804407	0.626462410941208	0.558486633671156	303.872703345063	5	0.95708716632626	0.184163273411836	0.999819675415748	97.0725365318936	5	0.000250450811460629	37	266	31	78	0	0	0	0	0	0	0	0	0	0.000135135135135135	0	-0.00731745015633256	0.023977590144349	-0.0303667585782253	0.351351351351351	mouse
SRP045747	8	19281	0	1	0	-0.5	1.33333333333333	0.842029727027066	0.697075264775243	0.911978171764485	0.106387412581139	0.185746873857192	0.983206475808253	29	77	0.010418690217631	0.412179389947376	0.0931234204734658	0.597957075998041	0.730960967951419	72.2999523100746	5	0.512067120544086	0.00944648789609686	0.989720450184119	49.1721427465627	1.15636983114845	11	0.195830632467628	1.40591019882862	0.404046397625433	0.304291096801507	0.485446584269289	16.1739402301575	5	3.36845941607526	0.0187630578368023	0.998983455214979	17.205544082635	5	0.000259322649240185	0	29	48	20	0	0	0	0	0		0	0	0							mouse
SRP045828	10	20758	0.333333333333333	1.125	0.2	-0.333333333333333	1.125	1.08695971906946	1.0391739034016	1.10830268508295	0.0503443385736498	0.353789746159381	0.993329931952662	6073	4803	0.043905149293358	0.473342054535897	0.126066458576315	0.293301234097653	0.561445865427767	17.6109595250218	1	2.03704566495344	0.0121692567801648	1	46.399326305707	1.0788035026725	4574	0.0532362284188045	0.733103870707358	0.175677653284788	0.331367894786283	0.584453627196174	15.3957600736446	1	0.0394929872668701	2.42967939546111e-06	0.395461990557857	0.741803159367291	1	4.8174197899605e-05	1434	4639	164	1660	0	0	1	0	0	0	0	0.00609756097560976	0	3.48675034867504e-05	0.000697350069735007	-0.0491299153414398	0.0892698404171281	-0.140809439440688	0.369595536959554	mouse
SRP047452	52	24151	0.0453742606486515	1.00206307102859	0.0470588235294118	0.129640744710433	1.01709401709402	1.00605235269188	0.997952102509934	1.00935704059534	0.0563775032853593	0.0333337560324257	0.987646592711851	0	0	0.0012317783801597	0.0284718599814654	0.0152076847053995	0.911860222100688	0.685265438562692	2610.6276544167	5	0.199918079522495	0.147918863277153	0.999511407395139	162.353108094717	1.01441886119243	0	0.003457929634052	0.0537431840017155	0.0143560315479197	0.497469214435981	0.610617240217611	106.971764327908	5	0.091417560096195	0.0410057408917286	0.913196140946545	26.4402938496276	5	0.000207030764771645	0	0	0	0	0	0	0	0	0											mouse
SRP048707	8	18108	0	1	0	0.577350269189626	1.5	0.975919922303039	0.89700433677909	1.00940947241315	0.0294937883218965	0.134415826075349	0.995817395950705	1812	2703	0.000975139357866493	0.145263376619836	0.0398767484618557	0.772276862802613	0.844751785795157	412.328207496417	5	0.371864773085964	0.0421290031231207	0.997305058537663	381.986487851066	1.26115906871207	627	0.0511733438293905	0.588864971124499	0.158030174411552	0.322504936481739	0.574215936574239	23.696321961073	5	2.23726334094429	0.0600998947632037	0.999889551579412	43.7281419504603	5	0.000276121051468964	1	1811	892	1200	0	0	0	0	0	0	0	0	0	0	0					mouse
SRP049219	60	21539	0.0668153104781061	1.00448430493274	0.0666666666666667	-0.0668153104781061	1.00448430493274	1.00772246963137	1.00131861603301	1.01007409765529	0.646132434943555	0.0547823485244782	0.996028732616735	318	316	0.00291394910930001	0.0425593477421449	0.0165195658192648	0.797941160338415	0.606235719115088	871.253129640698	5	0.650093953683341	0.386132712178269	0.999897859696365	223.194610025278	1.00845080142304	307	0.00394994996380984	0.0449458407984687	0.0119515776043111	0.427243717080706	0.55896598990066	43.2628641811074	5	0.012217966409285	0.000328950303758209	0.785644644598171	3.09370992016122	5	0.000232137053716514	17	301	15	21	0	0	0	0	0	0	0	0	0	0	0	-0.0127788694754112	0.00766447833913708	-0.0190659388071066	0.647058823529412	mouse
SRP049763	26	11157	0.535714285714286	1.40250447227191	0.535714285714286	0.226190476190476	1.05392083644511	1.16370746761764	1.0995737048896	1.19106426527102	1.10920115773937	0.276727940302317	0.746709373488444	3766	1019	0.0978306061366608	5.2333072291352	1.40825643980788	0.158977751479848	0.707796455211411	4.03527568175099	3	2.61707784176859	0.00076800508474343	0.871948851244361	26.7638737753437	1.02976804521744	3454	0.026548657904747	1.1459777007376	0.245482567130092	0.390504634009729	0.730081896122683	18.8908397652262	3	0.0132653975739898	2.03187931332704e-06	0.348480774401721	0.499643026804719	3	0.000268889486421081	2876	890	129	451	0	0	0	0	0	0	0	0	0	0.000278164116828929	0.000704102920723229	-0.568504009855293	0.161741115913136	-0.689767201742567	0.883866481223922	mouse
SRP050894	20	22639	-0.123091490979333	1.01538461538462	-0.121212121212121	-0.328243975944887	1.12075471698113	1.01537295608343	0.989990216755099	1.02540459325727	0.0411016341969412	0.128922428279403	0.997474738896332	8643	8701	0.0060829455650055	0.0812957012805839	0.0330313901136419	0.773721948565749	0.604299752343439	756.130370011522	5	1.26902430439608	0.337530145758165	0.999902822562834	208.738636328295	1.06908209438095	8212	0.0158462467590685	0.178554176702742	0.0485225362547673	0.37121138189296	0.565738462923809	53.4867455455986	5	0.435278551836397	0.0150090263372886	0.997181854322187	27.4778426036431	5	0.000220857811740801	207	8436	265	770	0	0	0	0	0	0	0	0	0	0.000144927536231884	0.00483091787439614	-0.0328716612495112	0.019672787070605	-0.0489536256095871	0.613526570048309	mouse
SRP051497	8	19342	0	1	0	0	1	0.807800223514936	0.616701338923841	0.920584798232969	0.218753554232873	0.330782806964978	0.983515677423976	3800	6934	0.00626642161218143	0.741541916451109	0.147064347067377	0.482396903701964	0.819638424927947	49.8528336852627	5	0.028324894199408	0.00106136109355909	0.769599834556923	4.52189657488259	1.04045324519018	3306	0.00211689404559851	0.365390378835667	0.0757736548948505	0.59876639826532	0.843693554073416	166.118764125478	5	0.003299125168577	2.15105463142948e-05	0.579764243614931	1.55888613126735	5	0.000258504808189432	0	3800	3134	560	0	0	0	0	0		0	0	0							mouse
SRP052583	8	18927	-0.5	1.33333333333333	-0.5	-0.5	1.33333333333333	1.1925388504863	1.03603237362504	1.24752771734826	0.931800596520789	0.627568635005949	0.873596394826204	28	17	0.20538034749456	3.94512597359009	1.07849354638898	0.218451034193087	0.664213861465554	6.85040817619856	5	3.06342454792026	0.00531499885808161	0.960120462830877	14.9382240169691	1.18025536600196	14	0.22719643057053	3.49203320274957	0.944899295873656	0.239346029648842	0.634229433081594	8.56495336767401	5	1.03941451352991	0.000360611313352991	0.803508215776404	4.57783701131638	5	0.000264172874729223	13	15	2	15	0	0	0	0	0	0	0	0	0	0.000384615384615385	0	0.0138136748093294	0.207752629500112	-0.199534732420878	0	mouse
SRP052794	12	17305	0.29277002188456	1.09375	0.257142857142857	0.29277002188456	1.09375	1.06396762692391	1.02028499246746	1.08263272536506	0.57707111920822	0.222270198079843	0.958022104443447	1	0	0.059535084637107	0.697494702717814	0.1850246370186	0.522667446851901	0.549639233623967	211.648689808661	1	1.94571194025787	0.00638429573307902	0.999422132331696	32.6840332515027	1.06208061179949	1	0.070010900708487	1.1736892173564	0.268891630164508	0.554191644854966	0.592378192181865	73.6627145313099	1	0.68554526902993	0.000373910362921763	0.974573822594626	9.79409952906923	1	5.77867668303958e-05	1	0	0	0	0	0	0	0	0	0				0	0					mouse
SRP053223	10	18619	0	1	0	0.408248290463863	1.2	1.02701731267022	0.966453051730582	1.05102660526866	1.05340516105442	0.515306291012531	0.952278733419728	2255	1397	0.00324239635985302	1.6298017124087	0.337721837191322	0.696064102747916	0.896611569330904	77.1585814995636	1	0.0480483640953295	1.08014553448921e-06	0.820398517643268	14.8205061075925	1.08640623880565	274	0.117311795601252	2.69270036855582	0.544064121330311	0.402536400916353	0.638237924839964	20.2146946712834	1	0.16838933724328	4.89347503928771e-06	0.630323862720877	1.43543731675246	1	5.37085772597884e-05	923	1332	65	1999	0	0	0	0	0	0	0	0	0	3.7919826652221e-05	0.00108342361863489	-2.50991982819543e-05	0.0474341863218189	-0.0492057895619132	0.154929577464789	mouse
SRP053235	13	23947	0.625	1.64102564102564	0.625	-0.025	1.00062539086929	1.05999656591036	0.462646332456729	1.17739531058343	0.16572254377126	0.827823610399623	0.585277764315299	11153	2076	0.330611017437307	3.01514982723524	1.12876812687735	0.114588782950406	0.548889180840996	1.15756674013589	5	5.66640200446218	0.00565601949876906	0.99919822942331	17.1423806295604	1.03977544165634	7980	0.00317346747062397	0.119110735151989	0.0266601005001433	0.559629353111946	0.723179947814333	65.6888225709129	5	0.0268962458033606	0.000246856024362227	0.909800810122353	8.47918807494836	5	0.000208794421013071	9314	1839	237	3190	0	0	0	0	0	0	0	0	0	0.00022063560231909	0.000536826283014817	-1.72646207847285	-0.75238855942436	-0.650871957570941	0.884689714408417	mouse
SRP053389	16	21969	0	1	0	0	1	1.01044656497875	0.983907713798598	1.02106829708186	0.0314491378317996	0.13789905729131	0.999804636383273	9769	9794	0.000244272928706005	0.02607270893045	0.00783764754674243	0.795924943806136	0.819866716181007	1643.76496815013	5	0.265300720067261	0.393722449398914	0.999763302835814	1087.86222245369	1.02232726449449	9600	0.000195355727000024	0.0220386707841017	0.00500610227308601	0.641509216552342	0.820288711404179	174.199394051483	5	0.00728315804575902	0.00408239003072369	0.965178205653421	37.3103160130379	5	0.000227593427101825	110	9659	135	207	0	0	1	0	0	0	0	0.00740740740740741	0	0.000136363636363636	0	-0.000363137324051889	0.020345969065849	-0.0228077985172035	0.145454545454545	mouse
SRP053396	47	18232	-0.0217391304347826	1.00047281323877	-0.0217391304347826	-0.0217391304347826	1.00047281323877	0.957731666477357	0.862733749257978	0.995264025177655	0.0515019590142299	0.088470729793684	0.99199478683805	819	1612	0.0030174683142191	0.0834187632689182	0.0248282300759594	0.781371656959186	0.693929359316714	251.1683979514	5	0.0503665849391463	0.0123397693104366	0.971072838964458	16.7020764197037	1.00661568368102	819	0.00106583433955864	0.0353233360060263	0.0117318673137017	0.839930842370277	0.725008501613011	338.080622311035	5	0.160559055969547	0.056138629445802	0.998913997367266	150.660916241649	5	0.000274243089074155	0	819	793	32	0	0	0	0	0		0	0	0							mouse
SRP053398	56	22560	0	1	0	0	1	0.997478621492371	0.978789411829138	1.00532117193414	0.0296797102001819	0.0975843950243654	0.999667928404356	9029	9194	0.00013574038631449	0.014275350546731	0.00628715510473068	0.899515495717107	0.833029304995835	2010.18358405842	5	0.25613718516191	0.366672860982391	0.999636524822695	1888.36954539932	1.00309058782471	9044	0.000130155265462841	0.0126088228575646	0.0122755875242603	0.981361042449426	0.848894052594871	3888.55759499638	5	0.477706965931857	0.662142495871756	0.999849290780142	3672.13685893408	5	0.000221631205673759	12	9017	177	34	0	0	1	0	0	0	0	0.00564971751412429	0	0.000833333333333333	0	-0.000387007229334524	0.00657478818467562	-0.00776646206237036	0.0833333333333333	mouse
SRP053401	16	21635	0	1	0	0	1	0.974776728766269	0.927535007241412	1.01005115584501	0.0485385057782317	0.1108933708952	0.994116708296639	685	794	0.00110892190426501	0.107581536179076	0.0245956655538464	0.702566568827439	0.819435041705857	251.682256529904	5	0.096583664095678	0.0256555450232868	0.973210076265311	87.1328478473291	0.996558381001949	765	0.000730740520339397	0.071675691985878	0.0274683715786259	0.890922765563966	0.831398262393438	1952.15803935579	5	1.23603583778015	0.56371552086543	0.99988906863878	1693.7251330215	5	0.000231107002542177	9	676	118	19	0	0	0	0	0	0	0	0	0	0	0	-0.000208265786417115	0.0215240003174605	-0.0217463996712617	0	mouse
SRP055058	48	20628	0	1	0	0	1	1.00526764352339	0.996087722163216	1.00923197704734	0.0796677348405091	0.0580718580062265	0.998621932872391	95	94	0.000298439768803649	0.0309298443743152	0.0102065400538688	0.834683804416269	0.83128547316894	495.241885273932	5	0.261808221351819	0.161146978482051	0.999360093077371	877.739256614973	1.00525868167198	95	0.000219033027312349	0.0379932275617714	0.0131201470591013	0.896246912165166	0.864756479331419	406.388044736216	5	0.1256897029767	0.0285512463517538	0.997450067868916	574.20816122757	5	0.000242388985844483	4	91	3	3	0	0	0	0	0	0	0	0	0	0	0					mouse
SRP055082	8	23735	-0.258198889747161	1.07142857142857	-0.25	-0.258198889747161	1.07142857142857	1.06785645086209	1.02220125778327	1.08610453500262	0.0790698145569127	0.28187098759497	0.986731046902872	5511	4503	0.026181965473024	0.254470783853169	0.0825155652143734	0.561070179838586	0.543905165958984	339.869746105063	5	2.04170849202168	0.15596920857222	0.999839898883505	78.007631871877	1.0703483750538	4214	0.029732631763055	0.21497834633929	0.0752298747620345	0.471214913273499	0.502933015448862	473.122889890348	5	2.22808534561929	0.242523539473068	0.999873604381715	74.9492791198058	5	0.000210659363808721	1125	4386	117	1329	0	0	2	0	0	0	0	0.0170940170940171	0	0.000124444444444444	0.000888888888888889	-0.0415931129769136	0.0722724443351949	-0.108540578028053	0.347555555555556	mouse
SRP055521	20	18439	0.104828483672192	1.01111111111111	0.1	0.104828483672192	1.01111111111111	1.02401489485566	1.00825510136043	1.02955528993687	0.942076596064439	0.167497303247755	0.997520653263926	764	675	0.00850540687631099	0.14298907268405	0.0345687826592527	0.566335843171947	0.598923595834765	157.401791362047	5	0.14609474595071	0.0354790303536262	0.987938608384403	17.1813987091072	1.01436255407132	745	0.01087664269641	0.358028227866039	0.0867366819810125	0.78611443115805	0.691610185846004	131.259955407276	5	1.38980604781361	0.0657885363976238	0.999479364390694	127.849573853129	5	0.000271164379847063	99	665	10	65	0	0	0	0	0	0	0	0	0	0.000252525252525253	0	-0.0082298814322016	0.0253754795192258	-0.0338730912287735	0.313131313131313	mouse
SRP055571	15	22174	-0.0714285714285714	1.00512820512821	-0.0714285714285715	-0.0714285714285714	1.00512820512821	1.01452617736414	0.987698364686433	1.02742731019675	0.0755290003554887	0.090568738970619	0.992643894125896	2	1	0.00476613076932787	0.106280170453601	0.0268189698127395	0.646750191101556	0.649774311956548	286.208337924165	5	0.344955618091975	0.0970494636014391	0.99446198250203	72.3883538761968	1.01156644316356	2	0.00507560814915851	0.0927093361037311	0.0341461543583519	0.812943321064433	0.634233253804217	1257.81696700691	5	1.46250808921772	0.446437647030159	0.999891765130333	288.243262096128	5	0.00022548931180662	1	1	0	0	0	0	0	0	0	0	0			0	0					mouse
SRP056447	18	22920	0.121828980774635	1.015065913371	0.142857142857143	0.395944187517562	1.18591859185919	1.01166565465844	0.97193048411258	1.02874139251311	0.0837933379527621	0.407260059216651	0.998047609336659	8178	8148	0.0235749818564709	0.382168426734156	0.0902781447315375	0.575542616046704	0.594027232540889	76.9481554629323	5	1.38362738226295	0.0465464518345794	0.999520069808028	58.7172766687552	1.10083309439251	7231	0.064037072893314	0.716973194627709	0.185859800862287	0.280250517733557	0.564296003489135	10.7307096362878	5	0.26350595769678	0.000873577194784919	0.85195462478185	4.11577193060899	5	0.000218150087260035	291	7887	261	1230	0	0	0	0	0	0	0	0	0	0.000326460481099656	0.00343642611683849	-0.0337321927941779	0.0189156266604672	-0.0484670550871767	0.628865979381443	mouse
SRP056865	48	20019	0	1	0	-0.169030850945703	1.02941176470588	0.976929616843453	0.941617493229169	1.00014052258722	0.93741206496675	0.114287958305554	0.991065016334641	110	72	0.00629925921553599	0.392442742925042	0.0866250171771611	0.439933352785609	0.776266788084093	41.5383394611126	5	0.070827146622749	0.0024939019634492	0.698156751086468	11.2564313756532	1.02109808084827	71	0.016381390273417	0.294792183212083	0.0793964952362823	0.311180319475206	0.641989372020442	18.8401360778678	5	0.059342128992307	0.000199464172192359	0.643109046405914	3.62312389816309	5	0.00024976272541086	39	71	1	42	0	0	0	0	0	0	0	0	0	0.000512820512820513	0	-0.0386202044804269	0.0052896096002433	-0.0374633290593896	0.846153846153846	mouse
SRP056980	8	21824	0	1	0	0	1	1.04218784081791	0.995404746224385	1.06135689006849	0.11124493051562	0.263030587634884	0.996059112111762	7	0	0.00289305345907445	0.222769879729807	0.0552717221826813	0.738734148457564	0.800937678312457	186.989883432545	5	0.138695076823073	0.0108478893203969	0.915505865102639	47.9637893170783	1.04400998412825	0	0.00335841716962241	0.252491263172918	0.0690651004181565	0.771566909986299	0.80314449940996	547.982789635771	5	0.147844325864953	0.0017484450191176	0.969987170087976	44.0569656787435	5	0.000229105571847507	7	0	0	7	0	0	0	0	0	0			0	0	0	-0.000461290809540812	0.0331785488341611	-0.0342089826703882	0.285714285714286	mouse
SRP057563	12	22054	-0.316227766016838	1.11111111111111	-0.25	0.158113883008419	1.02564102564103	1.05985154160073	1.00832259950072	1.09346632660234	1.0787216512627	0.713082556438353	0.951676633123367	0	0	0.243893269889905	2.09324155832165	0.628181190326174	0.147016737036032	0.568756810022808	2.36225837463428	4	0.48091043343287	9.2620290374266e-05	0.563253831504489	1.97204104528207	1.01814049818441	0	0.119220194179626	1.74961798784118	0.462225015873032	0.255503771078778	0.641196628252831	12.0856021149304	4	0.19056958283	6.3648894580413e-05	0.566801940691031	1.59885874791098	4	0.000181372993561259	0	0	0	0	0	0	0	0	0											mouse
SRP057815	12	18747	0.447213595499958	1.25	0.333333333333333	-0.447213595499958	1.25	1.04366702867512	0.929775948684654	1.10107178157947	0.202556660154562	0.161133604324903	0.546996353688494	0	0	0.139614885453979	1.40724734816713	0.370633738259248	0.238246435458664	0.549409041941281	7.24471721925714	1	2.60364036059021	0.00258544812326247	0.999573265055742	18.6498374813109	1.14391006073963	0	0.072328490915643	0.693999579047987	0.181276339622491	0.2501847877118	0.536532710934971	7.71293098376416	1	0.19674054146517	6.23852092475662e-05	0.830639568997706	2.72011790548389	1	5.33418680322185e-05	0	0	0	0	0	0	0	0	0											mouse
SRP058363	8	20575	-0.258198889747161	1.07142857142857	-0.25	0.258198889747161	1.07142857142857	1.0867247281259	1.03539597574798	1.1206851141729	0.450047517143135	0.710866753794278	0.974650139284884	1189	8	0.11460934835379	1.85846497067722	0.410260000259303	0.398216971330444	0.593148843549762	23.0110724188105	1	2.31575421363058	0.00153379191040075	0.995139732685298	20.2060896604756	1.02225090499854	95	0.100194890555835	1.95670137992822	0.478243698859222	0.373633079716204	0.652831583286757	21.9248972817178	1	1.2084733932074	0.000286423609250501	0.973462940461726	12.0614078828166	1	4.86026731470231e-05	1181	8	0	1095	0	0	0	0	0	0	0		0	2.11685012701101e-05	2.11685012701149e-05	-0.0530205851249867	0.0498530398070859	-0.102934583339725	0.539373412362405	mouse
SRP058378	10	20722	0.333333333333333	1.125	0.2	0.333333333333333	1.125	1.08085097709065	1.04903024593074	1.098461669423	0.378051738455655	0.114090037911758	0.94060327590298	37	22	0.0335121346178724	0.376339952232417	0.10245194798283	0.36181377672537	0.567659249254182	20.1030055075579	1	1.18207111401362	0.00642381539382544	0.999951742109835	35.2889387239006	1.09014217107086	64	0.0340041572243695	0.333900274767895	0.0901055131079911	0.281544002937087	0.54627706507562	12.86303139931	1	0.302211568926448	0.000542265853342907	0.985522632950487	8.88782158911594	1	4.8257890165042e-05	16	21	1	2	0	0	0	0	0	0	0	0	0	0	0	-0.0245538528399401	0.0996104081025538	-0.114042955406366	0.3125	mouse
SRP058506	11	19540	-0.0690065559342354	1.00478468899522	-0.0666666666666667	-0.44854261357253	1.25186289120715	1.01735450232249	0.968667693984548	1.0403846547416	0.042942892812573	0.113963115091901	0.991731063360175	0	0	0.00824749332064527	0.139155000394505	0.0393676611422014	0.675998479833596	0.609832101185664	433.489017502678	5	1.13886457432246	0.155740890623373	0.998556806550665	138.153527925867	1.10715227243071	0	0.071998898201167	0.712684981762091	0.195604469119194	0.426871054583537	0.538091438709909	54.6394865574962	5	3.86639609920728	0.0758488403246409	0.999754350051177	53.7307749939252	5	0.000255885363357216	0	0	0	0	0	0	0	0	0											mouse
SRP058715	8	22163	-0.774596669241483	2.5	-0.75	-0.258198889747161	1.07142857142857	1.56029935718324	0.849841983900069	1.78078869304906	4.44777673840197	1.0670603057746	0.62599990637416	3605	253	0.506333226526068	8.04236027403534	2.22401736175915	0.158384345553603	0.629267125549523	3.43728853277095	5	8.82500740430335	0.00255751381150506	0.981960925867437	17.4349562620036	1.03960246045129	1	0.14896987445675	1.62580142387258	0.455424706461123	0.191731818948851	0.579570306891666	5.69079685784877	5	0.74395496274325	0.00119719145800463	0.888011550782836	4.99523336191049	5	0.000225601227270676	3434	171	82	3604	0	0	0	0	0	0	0	0	0	0.000262085032032615	0.000589691322073386	-0.647179516223452	0.0191593878337467	-0.636697087990087	0.591438555620268	mouse
SRP059676	8	20106	0.377964473009227	1.16666666666667	0.25	-0.377964473009227	1.16666666666667	1.10580783162302	1.05039778161923	1.13387439987641	0.240499291673303	0.245774364205192	0.96093045006798	298	197	0.107858141123251	0.874157179939097	0.237076245572036	0.219990440087533	0.51185629058855	5.87457493755259	1	1.71065627390832	0.00250727900023772	0.999801054411618	15.8614254813908	1.15191876799501	151	0.0706843897338042	0.885849794320386	0.225353761964023	0.327317966485989	0.579136965265194	15.1013784996228	1	0.19897111919679	3.86431063399333e-05	0.809360389933353	2.81498003856475	1	4.97363970953944e-05	110	188	9	148	0	0	0	0	0	0	0	0	0	9.09090909090909e-05	0	-0.0144510021599323	0.112575085879451	-0.128587466996374	0.136363636363636	mouse
SRP060296	36	17479	0	1	0	0.111111111111111	1.0125	0.99757315450134	0.967556086805466	1.00882700010412	0.203134907634817	0.181792169854538	0.997892135402936	3696	3982	0.000824453335765196	0.0923336703838337	0.0343191015940861	0.911972418008427	0.844101308817447	812.839058892239	5	0.356159556470162	0.0331768570865405	0.998031924023113	432.29330419331	1.00010938040114	3628	0.018051439207444	0.131525230744572	0.0499046219522491	0.644421981182734	0.498962379693668	423.995558256493	5	1.60287342840025	0.285801069265994	0.974426454602666	88.812948240101	5	0.000286057554780022	4	3692	290	162	0	0	0	0	0	0	0	0	0	0	0					mouse
SRP060667	16	21142	-0.125988157669742	1.01612903225806	-0.125	-0.125988157669742	1.01612903225806	1.00337710536658	0.95555319809822	1.02907439492096	0.199665360280305	0.144225573508026	0.957875976953193	448	478	0.0199260360202905	0.450521338970522	0.107946086154473	0.619847745095046	0.649913116694638	148.147346526557	5	2.11656420011806	0.107775268796207	0.999328351149371	106.234238775294	1.03418924517179	382	0.0105819303551379	0.143793979229342	0.0367437483518627	0.443123936163779	0.585382852919816	52.0461851404355	5	0.4295012007363	0.0545901397163024	0.999385110207171	40.6009139938992	5	0.000236496074165169	20	428	50	74	0	0	0	0	0	0	0	0	0	0	0	-0.0136766873416682	0.0341504243200004	-0.0408742298052519	0.3	mouse
SRP061193	24	15802	0	1	0	0.176776695296637	1.03225806451613	0.989434370415085	0.937337835713472	1.01591081806746	0.469023765813137	0.482743776131629	0.991602220973039	4191	3328	0.0160921148351024	1.192548369506	0.299556893193416	0.466999480648014	0.782576798769814	42.4707859134957	1	3.40690372935472	0.00816307436701649	0.999430451841539	211.721669718203	1.00954712495002	3795	0.063688680953864	1.20299506789145	0.283786113332641	0.376415185079652	0.635886380072799	22.9115887139195	1	0.08913512430032	6.0964983962e-06	0.594165295532211	1.39970302110707	1	6.32831287178838e-05	1091	3100	228	601	0	0	1	0	0	0	0	0.0043859649122807	0	7.7910174152154e-05	0.000916590284142988	-0.175169173779236	-0.033487719929925	-0.205234171742803	0.715857011915674	mouse
SRP061386	12	19568	-0.169030850945703	1.02941176470588	-0.166666666666667	-0.50709255283711	1.34615384615385	0.971275247988434	0.898745534426008	1.02478350775399	0.102209937174901	0.437451070977617	0.992222340050154	10114	10521	0.036117187349146	0.37134033536658	0.100013108870095	0.473242650293569	0.537337336508432	59.3337724119645	1	1.66377648218136	0.0136140842775616	0.999795584627964	46.0704095944114	1.06143590649047	10695	0.119808565188033	0.687266921125949	0.213759779452637	0.197850799886128	0.457772189597185	7.28264123831134	1	3.40109848575693	0.0129370944312123	1	28.3883565794051	1	5.11038430089943e-05	216	9898	623	985	0	0	0	0	0	0	0	0	0	2.31481481481482e-05	0	-0.0840945312462175	-0.00155418026335395	-0.0700422915628406	0.759259259259259	mouse
SRP061407	12	18924	0.447213595499958	1.25	0.333333333333333	0	1	1.15510130267895	1.11957298314338	1.18052472378355	0.688456129357845	0.473182717585869	0.910458166957681	11	8	0.241059528628188	1.87938095481607	0.530780379819404	0.22504369237514	0.507033150820708	6.87819238000511	2	3.51895959653512	0.00467645312651144	0.999128091312619	14.5994117408213	0.996237855160007	11	0.0297419478265934	1.10935410341623	0.24823293316364	0.298075543055143	0.728442757227938	15.1393735846549	2	0.897210236442665	0.00126842780576112	0.976590572817586	30.1684914189671	2	0.00010568590150074	3	8	0	0	0	0	0	0	0	0	0			0	0					mouse
SRP061758	9	23281	-0.632455532033676	1.66666666666667	-0.6	-0.632455532033676	1.66666666666667	1.33500879232281	1.27432333827953	1.36144253631978	0.280219766815135	0.289569497073926	0.887718350794319	645	125	0.10723388857438	1.25428458481135	0.313638800047471	0.31468411213319	0.561760121846096	18.9332724671394	5	3.3225686688267	0.0266085415620413	0.999716507022894	30.9981369289347	1.32566139200997	196	0.123255334034478	1.08466051411835	0.29990308350839	0.314904850624497	0.523379121544691	17.409812372406	5	2.10498897948166	0.0131956064455482	0.998788711825094	17.0871490221153	5	0.000214767406898329	523	122	3	473	0	0	0	0	0	0	0	0	0	0.000248565965583174	0.00191204588910134	-0.0398542206937303	0.28041716826277	-0.331212716120431	0.145315487571702	mouse
SRP061785	15	19416	-0.444444444444444	1.24615384615385	-0.444444444444444	0.111111111111111	1.0125	1.11761422615531	1.02155921599244	1.14856979575785	0.0592553670120963	0.228451795222033	0.977500493598641	38	621	0.075579538699353	2.38038405528606	0.608420796029429	0.258168234074977	0.707060347571402	14.278239563996	5	2.36207796994392	0.00313739129702794	0.982189946435929	31.2579852201288	1.00398319308268	187	0.0174512061215015	1.18019123439242	0.270148477129814	0.388115959738618	0.755119474559011	19.9324845807952	5	1.4938576802148	0.0104764285487114	0.96392665842604	85.6460269624806	5	0.000257519571487433	0	38	583	0	0	0	4	0	0		0	0.00686106346483705								mouse
SRP061800	8	20930	0.5	1.33333333333333	0.5	0.5	1.33333333333333	1.15457772931956	1.10579660416874	1.17740708927281	0.0761571334992373	0.351724046287469	0.924375364990871	255	143	0.121180574804785	1.43958338716216	0.349857286057929	0.341136259507635	0.558839922253932	19.0404755357068	5	4.15506822432658	0.0305931677641958	0.999703774486383	34.2963615119331	1.12642094052066	362	0.180851709470362	1.61139813612114	0.429083799239226	0.235633587268792	0.524801183101305	6.79990246363939	5	2.09190608297067	0.00613316351936616	0.995193502150024	11.5702050063237	5	0.000238891543239369	126	129	14	62	0	0	0	0	0	0	0	0	0	0.000277777777777778	0.00793650793650794	-0.0191857935586599	0.145193473222581	-0.167688284964372	0.150793650793651	mouse
SRP061985	9	18423	0.8	2.77777777777778	0.8	0.35	1.13960113960114	1.77120415250106	1.61106250096467	1.87233806189183	1.56444636735117	0.309225042732626	0.620857916388476	62	0	0.404343031495031	4.22503399085662	1.07504965287742	0.3387327609446	0.541329059362829	15.6471913010764	5	2.11523560839196	0.00353165669989337	0.828149595614178	5.23270306021917	1.13144341547524	28	0.124082897520866	1.15333933967089	0.290281936889768	0.259348624556439	0.502540492169701	8.95847076798628	5	0.169509390746127	0.00030892254371814	0.557010258915486	1.36612165647683	5	0.000271399880584053	62	0	0	34	0	0	0	0	0	0			0	0.000241935483870968	0	0.0295431699374557	0.811058979950911	-0.731876870751742	0.129032258064516	mouse
SRP062238	8	20855	0.377964473009227	1.16666666666667	0.25	0.377964473009227	1.16666666666667	1.09925039626437	1.06963935584115	1.11543151893669	0.924667462686801	0.119332086141364	0.946822050060356	350	294	0.0354537112884517	0.57513624902135	0.141010135362063	0.427502054279047	0.610951153674677	25.1285340912206	5	0.189403736201259	0.0049290137879768	0.908300167825461	5.34610472426353	1.09925039626437	294	0.0354537112884517	0.57513624902135	0.141010135362063	0.427502054279047	0.610951153674677	25.1285340912206	5	0.189403736201259	0.0049290137879768	0.908300167825461	5.34610472426353	5	0.000239750659314313	92	258	36	92	0	0	0	0	0	0	0	0	0	0.000217391304347826	0	-0.0203711591251179	0.100915669457405	-0.126527105275723	0.217391304347826	mouse
SRP063269	23	27054	-0.0454545454545454	1.00207039337474	-0.0454545454545455	-0.0454545454545454	1.00207039337474	1.02047748291517	1.00615329514396	1.02560453763571	0.457159905626821	0.185066148745757	0.987666698864331	7	8	0.00738223891892904	0.245824392906605	0.0623652050537876	0.639420131344777	0.712383025552153	158.376650595107	5	1.04152236280992	0.0604042621037893	0.988933244621867	141.208754506133	1.02189918838216	6	0.00718571022102001	0.174341653216198	0.0423203528709658	0.575389543901299	0.665863787962628	99.5342086069558	5	0.458274085039157	0.0242869080185351	0.993250535965107	63.7923508179092	5	0.000184815554077031	0	7	1	1	0	0	0	0	0		0	0	0							mouse
SRP063455	384	18834	-0.0155200719524523	1.00024093066701	-0.0155232305688233	-0.0363582105179827	1.00132366925623	0.999704888281949	0.995887373863655	1.00119097289727	0.224898933995417	0.128451080955462	0.996765808688199	8058	8066	0.0012019097007323	0.122269842318074	0.0274900546258087	0.718690176912099	0.821028666351099	112.707583261673	5	0.375397157656309	0.0363265807369454	0.987533184666029	312.497943198179	1.00135682294745	7987	0.00138745815850347	0.0376137971671919	0.00827854987920983	0.463640485712046	0.672919028002903	35.8623596366231	5	0.0159918573808401	0.00116043239681283	0.876691090580864	11.5344986948992	5	0.000265477328236169	76	7982	84	88	0	0	1	0	0	0	0	0.0119047619047619	0	0.000328947368421053	0.000328947368421127	-0.0774981935651374	-0.00912301296665561	-0.0771039508050881	0.973684210526316	mouse
SRP064216	48	21555	0	1	0	-0.25	1.06666666666667	1.00693359164639	1.00044996698052	1.00957180213947	0.0563452871884695	0.0677040493452622	0.999494834033894	1381	1378	0.000148413694513599	0.012171473873092	0.00509092453578516	0.872179726547588	0.810317761481995	2909.2201930196	5	0.284628197598435	0.629344483447636	0.998942240779401	1919.92060419966	1.04093004404831	1140	0.0097455756050922	0.0721182782121729	0.0250509804473705	0.461372009596225	0.508042201643342	522.714124243379	5	0.962937116069159	0.29282166641283	0.999888656924147	98.820182801645	5	0.000231964741359313	28	1353	25	256	0	0	0	0	0	0	0	0	0	0.000357142857142857	0	-2.79067889431014e-05	0.00927144602194894	-0.00974202191619391	0	mouse
SRP064223	9	21462	0.0597614304667197	1.00358422939068	0.05	-0.478091443733757	1.2962962962963	0.984565665608623	0.872763589049225	1.03389483800366	0.891714128644621	0.366204191356007	0.956962436011851	0	0	0.0342438879398723	1.52170634344238	0.346324223352092	0.431429302311173	0.746112679178983	57.1006740570119	5	0.18507697780805	0.000137677624232118	0.73768521107073	5.40687629962733	1.16621023211758	0	0.186213890044882	1.84002870062623	0.496906862380874	0.210517513143832	0.560203948911862	5.28989543615529	5	1.23588946249916	0.00120095405328636	0.917323641785481	6.64303328947002	5	0.000232969900288883	0	0	0	0	0	0	0	0	0											mouse
SRP064245	48	21808	0	1	0	0.0836242010007091	1.00704225352113	0.997436498471941	0.981421288448179	1.00766605777949	0.319712686854541	0.117841586344382	0.968445348454319	273	283	0.00235086132602921	0.663498930133132	0.126945145286644	0.38129472942143	0.845071997198192	21.548947210046	5	0.40281875746586	0.00141570756287635	0.876999266324285	171.411220937222	1.01286046615085	243	0.0052782834034875	0.269610762569339	0.0513147363748498	0.531543341609416	0.747671488481436	44.8341876155751	5	0.150000169911494	0.00238968365011143	0.957079970652971	28.4244818430323	5	0.00022927366104182	3	270	13	31	0	0	0	0	0	0	0	0	0	0	0					mouse
SRP064534	12	18456	0	1	0	-0.333333333333333	1.125	1.01577080775365	0.979095501331302	1.03124148886513	0.997173065744983	0.339447188256139	0.9928291088325	2113	1950	0.00316779573152735	0.351015173335863	0.0690338282726039	0.578495611273752	0.815815805453443	46.6258819965038	4	0.440331556715861	0.0132617246821281	0.908471499783268	139.025092910164	1.07408716246935	1286	0.0599550954943405	0.575152906338206	0.152323503218429	0.343387387279379	0.531432451081495	19.6590881385189	4	0.561410586651782	0.0102742925385102	0.652768747290854	9.36461514545771	4	0.000216731686172518	234	1879	71	853	0	0	0	0	0	0	0	0	0	0.000213675213675214	0.00427350427350427	-0.000457548131248903	0.0295793301759256	-0.0312467231181854	0.128205128205128	mouse
SRP064844	8	15977	-0.577350269189626	1.5	-0.5	0	1	1.24997368197474	1.16821965522244	1.2843525242551	1.27285535162244	0.316126308832925	0.798578445189857	0	0	0.204742526399958	1.84690214910571	0.506389717175494	0.206408442785455	0.537009657218107	5.34612749452318	2	1.80737671654137	0.00159209154412142	0.989265819615698	8.82964779894473	1.03437806384299	0	0.00953353180291505	0.759321819329504	0.159772745887406	0.532888769306674	0.797782583275959	44.9291932239963	2	0.17104101834343	0.000193228965955505	0.886680853727233	17.943127277297	2	0.000125179946172623	0	0	0	0	0	0	0	0	0											mouse
SRP064923	11	18317	-0.466666666666667	1.27840909090909	-0.466666666666667	0.266666666666667	1.07655502392344	1.14195980512305	1.08638848215341	1.16864585352517	0.522266130679416	0.434610683898093	0.882132109564544	1	1	0.248653297809214	1.59422718003108	0.498797632166662	0.373601217563066	0.438301541688339	25.8188515169173	1	5.63855022615898	0.00697103620059633	0.999672435442485	22.6764445006784	0.920376234601495	1	0.219362505589977	1.45119018912975	0.368872535705855	0.250500376292153	0.416605871698962	8.46802629711545	1	0.73928445291452	0.000205684600822986	0.94693454168259	3.37015892886636	1	5.45940929191461e-05	0	1	0	0	0	0	0	0	0		0									mouse
SRP064982	10	20936	0.0890870806374748	1.008	0.0833333333333333	0.534522483824849	1.4	0.887102397417513	0.804747536391634	0.980262113373493	0.0533965772920638	0.129458156443879	0.897907582294071	0	0	0.0378010191001981	0.58875227639071	0.141166997943707	0.435135358588352	0.601106489846839	32.0007535024038	5	1.54778859471737	0.0210215789764051	0.997306075659152	40.9539616696196	1.20749225004034	0	0.140690498358704	1.17583144578624	0.311598137315132	0.199841335107332	0.516065361530458	4.41687212760113	5	0.23266805749257	9.9291234572528e-05	0.508702713030187	1.65381465770577	5	0.000238823079862438	0	0	0	0	0	0	0	0	0											mouse
SRP064991	12	19325	-0.353553390593274	1.14285714285714	-0.333333333333333	0.353553390593274	1.14285714285714	1.09852776891547	1.06783833484628	1.11012432918858	0.0360192353972853	0.135446389440025	0.972329491085344	2218	1734	0.02339748482393	0.219002951337062	0.0809840668799218	0.608486923606629	0.546069676180229	957.739614127151	4	3.65188119316439	0.432855291577641	0.999922380336352	156.152255852026	1.09594990512576	1439	0.02682469693455	0.207020439703052	0.0599278123011942	0.25972830299681	0.508569913012622	14.5962647915057	4	0.776550546412155	0.0350627656533464	0.999896507115136	28.9724980031935	4	0.000206985769728331	580	1638	96	820	0	0	0	0	0	0	0	0	0	0.00021551724137931	0.00172413793103448	-0.028781711802646	0.0989026110277811	-0.133442189866481	0.248275862068966	mouse
SRP065536	10	20501	-0.408248290463863	1.2	-0.25	0.272165526975909	1.08	1.13204270331779	1.1004384779771	1.14645389924232	0.152254568175798	0.173506795227372	0.920401404085048	0	0	0.0502476294288911	0.517018774558733	0.136512412465182	0.295433431115867	0.547980818132401	16.5190991956043	1	1.62762570465662	0.00691065326862834	0.999951221891615	32.3950960826248	1.02515605564898	0	0.0467001872434182	0.343899768563797	0.100854858297258	0.319574516060567	0.498728157568271	11.0784077952232	1	0.0200691820458698	1.91053900817955e-06	0.236378713233501	0.429733056410476	1	4.87781083849568e-05	0	0	0	0	0	0	0	0	0											mouse
SRP065571	16	19986	0.134839972492648	1.01851851851852	0.125	0.404519917477945	1.19565217391304	1.01463238732649	0.980028589776331	1.03024982299778	0.165544778785335	0.225513620208196	0.879921893425949	0	0	0.0321003816609566	1.55461148737258	0.311684402117394	0.536744665822489	0.74485527337122	39.6787598587412	1	0.969079065597496	0.000459269787236261	0.977133993795657	30.1914272798689	1.11862629360132	0	0.0988504867241923	1.0942284078401	0.28218349038821	0.238219723774945	0.562486337603668	7.62157275177676	1	0.21231105921022	2.83070672293133e-05	0.754528169718803	2.14797683152168	1	5.0035024517162e-05	0	0	0	0	0	0	0	0	0											mouse
SRP065767	29	20224	0.186317701022436	1.03596270534261	0.128571428571429	0.386436713231718	1.17554858934169	0.952525528934565	0.877980056876658	0.998038810775013	1.01174184812505	0.39891616881276	0.976379154206865	6149	5900	0.063178898375146	0.7798650207198	0.204897346893345	0.197042985893147	0.602819490282856	8.2490767609399	5	0.118297497302138	0.00118290734757885	0.725089003164557	1.87297504775542	1.10516656472527	5089	0.0371469762707437	0.356165554028353	0.0956270466996497	0.221190644584718	0.541946840495104	6.2453064958121	5	0.0174078996707601	1.32777047575364e-05	0.288231803797468	0.468517873017012	5	0.000247231012658228	575	5574	326	1095	0	0	0	0	0	0	0	0	0	0.000217391304347826	0.00173913043478261	-0.207307688855344	-0.0686774562879486	-0.122973660723043	0.96	mouse
SRP065801	8	19801	-0.577350269189626	1.5	-0.5	0	1	1.25212268319416	1.2000100173771	1.2813648102055	0.114119940485937	0.270358422210835	0.918477222628073	2112	905	0.0916775537381293	1.07430731080131	0.280486560702471	0.347264258932439	0.567838283367275	39.2964355227187	5	4.47824805015215	0.0664249010784199	0.99980809050048	48.8821985521212	1.01862593870805	1990	0.00396234054257705	0.324720688110088	0.0852859316099176	0.700549394290258	0.806575425563457	405.971030840461	5	0.96512002095349	0.0906309926053958	0.997969799505075	243.622544118597	5	0.000252512499368719	1263	849	56	229	1	0	0	1	1	0.000791765637371338	0	0	0.00436681222707424	0.000253365003958828	0.00158353127474268	-0.00813745285477184	0.237091730223393	-0.261655962765618	0.118764845605701	mouse
SRP065842	17	20702	-0.0154303349962092	1.00023815194094	-0.0142857142857143	-0.0154303349962092	1.00023815194094	0.912257610503094	0.815582056170021	0.971971598376656	0.0844887949510015	0.215289996203999	0.997280536809791	5086	8346	0.00519473785474349	0.147594284449051	0.0323306136262554	0.642018002303242	0.676266986663903	135.236781488154	4	0.697674781156456	0.0902452926633049	0.999758477441793	134.350132891957	1.02438067425168	4285	0.0011174606395745	0.0351643583926352	0.0157628257099005	0.885718403923272	0.720397854776401	2904.03477185621	4	0.790044791349423	0.589425780882218	0.999891314848807	707.187915632416	4	0.000193218046565549	0	5086	3260	808	0	0	0	0	0		0	0	0							mouse
SRP066097	18	18248	0.1	1.01010101010101	0.1	0.325	1.11809923130678	1.01095474008227	0.96859885838729	1.02683704360895	0.328942891389978	0.385003484037262	0.989082925029524	1	0	0.0364777272796535	0.478272859789976	0.123451034766538	0.265363412048593	0.598404972506837	8.92672597580386	5	0.835067035741883	0.0104062331808211	0.991188075405524	22.9042266919596	1.06400392020479	0	0.101973751457523	1.13464629502589	0.29775137141098	0.23024259871538	0.567673582972956	7.2247274369653	5	0.687809609118276	0.00145364601053034	0.949802718106094	6.74894938452569	5	0.000274002630425252	1	0	0	1	0	0	0	0	0	0			0	0	0					mouse
SRP067243	11	13114	-0.0690065559342354	1.00478468899522	-0.0666666666666667	-0.44854261357253	1.25186289120715	0.91785811335649	0.838828007738375	0.99036230068209	1.01937973801772	0.387839932791004	0.968698430878792	0	0	0.0635728774450438	0.826304556869357	0.267004018269559	0.102984613614929	0.62504079291911	1.50864920106951	1	0.106959279081626	1.0026798657704e-05	0.59836815616898	1.68283166532316	1.12031533985102	0	0.330984112322485	2.18002443791349	0.653155855003134	0.162608916151138	0.489057032462708	3.29629097556418	1	3.82144845200475	0.00255972074653841	0.999847491230746	11.5459324418749	1	7.62543846271161e-05	0	0	0	0	0	0	0	0	0											mouse
SRP067339	11	18596	-0.44854261357253	1.25186289120715	-0.464285714285714	-0.0690065559342354	1.00478468899522	1.16229209823005	1.11950622706485	1.18315272466871	0.234410049073186	0.312159722321479	0.883490665033294	1	1	0.103049280806838	2.19041162026769	0.525444812356538	0.426422159810327	0.655846719159775	29.3402458910348	5	5.75660329395617	0.0333643778146333	0.99945149494515	55.8834124530978	1.02333018516175	0	0.0145206475887676	1.33846838992339	0.286298059755554	0.486235141732589	0.811997751003395	41.6256632496392	5	0.19308731522628	0.00142881632803026	0.892579049257905	13.3042504338648	5	0.000268875026887503	1	0	1	1	0	0	0	0	0	0		0	0	0	0					mouse
SRP067454	27	20666	0.106160162113573	1.01139844021344	0.107954545454545	-0.0446990156267674	1.002002002002	1.0019761810489	0.971738298533718	1.01642204350741	0.0866272748705088	0.969132582505886	0.999700892500211	17619	17683	0.010564573702249	0.112508980132988	0.0538563458631894	0.849706056217969	0.566057768792282	905.656202900522	5	0.649637491135722	0.0499649183631847	0.99892577179909	61.5248337171866	1.01113676973062	17583	0.00344571528148549	0.0364414663131186	0.00970158309168218	0.372909048738485	0.548830910846022	28.4466577755208	5	0.08740592209621	0.0175712386427187	0.771750701635537	25.3733386606501	5	0.000241943288493177	66	17553	130	61	0	0	4	0	0	0	0	0.0307692307692308	0	0.000303030303030303	0	-0.0349722608378748	0.0102321229051255	-0.0413902661699704	0.712121212121212	mouse
SRP067490	12	22870	-0.125	1.01587301587302	-0.125	-0.5	1.33333333333333	1.01612238237693	0.984070308836691	1.03049243556189	0.0340551119331386	0.0659234726068046	0.97540201994371	5	6	0.00635011868222734	0.0768871535336637	0.0374950821801463	0.81535503052403	0.602896349645717	765.337243034902	5	1.05199821569379	0.226460838619708	0.870511587232182	165.710221448368	1.16568328442349	2	0.0275304431393114	0.253385095695714	0.11626135275638	0.710885586759353	0.566835443008268	460.388968318085	5	3.45967551597274	0.196628339332711	0.999851333624836	125.741717728339	5	0.000218627022299956	0	5	1	4	0	0	1	0	0		0	1	0							mouse
SRP067527	8	20182	0.258198889747161	1.07142857142857	0.25	0.258198889747161	1.07142857142857	0.952815467686528	0.811180510027468	1.02320190014244	0.338340948539162	0.227640915217629	0.824948888513746	0	0	0.0920903701554954	2.25513030591808	0.478596902529494	0.432295604364454	0.658302662283895	25.9098375761766	5	1.43381684296483	0.00265778187123242	0.970171439896938	15.5729945833845	1.01706945252934	0	0.0971135801619383	2.59976905538202	0.535666841000624	0.459904358482372	0.668072586620352	27.9398888348574	5	0.828368947681585	0.00209367253141304	0.926726786245169	8.53353682663304	5	0.000247745515806164	0	0	0	0	0	0	0	0	0											mouse
SRP067600	15	19630	-0.666666666666667	1.8	-0.666666666666667	0.166666666666667	1.02857142857143	1.30790155533223	1.20701581629939	1.35880975750854	0.187135336255727	0.330322622906113	0.676291229371319	479	332	0.312019373844963	2.34927240670184	0.71279273261644	0.189027608928604	0.518424662953775	6.2186999588283	5	6.64291085957128	0.0223694257223198	0.999877738155884	21.2986109259758	0.99461917385848	519	0.05702210274726	0.490017708350733	0.132384637691542	0.267021810261031	0.515617708631838	10.0150547166724	5	0.897569702403019	0.01069704097751	0.990697911360163	15.744395367438	5	0.000254712175241977	370	109	223	60	0	0	0	0	0	0	0	0	0	0.000310810810810811	0.0027027027027027	-0.0773596115216656	0.289971177656023	-0.435763140009523	0.262162162162162	mouse
SRP067752	12	17456	0	1	0	0	1	0.889859602883398	0.73547703272189	0.973704352223058	0.0337465127258351	0.207313613536094	0.99620650496846	4479	6633	0.002217965797018	0.206191255773214	0.0589995583414762	0.815081266215758	0.817910279978022	257.620355215771	5	0.134525408202387	0.0390430381618317	0.980648487626031	60.6749355566828	1.01159311717467	4533	0.00175548409684975	0.199974419805801	0.16727614778352	0.981471051530289	0.882822417877179	698.053074855549	5	4.76481378762447	0.264763782867102	0.999690650779102	2717.19697190685	5	0.000286434463794684	1	4478	2155	183	0	0	0	0	0	0	0	0	0	0	0					mouse
SRP068384	15	20882	0.0714285714285714	1.00512820512821	0.0714285714285715	0.339285714285714	1.13009009009009	0.943265760111767	0.817924323067884	1.0002660548331	0.0596289226292892	0.225056377154423	0.974165560680511	5360	7532	0.011396629817697	0.546414619065426	0.121795656164087	0.727020771864746	0.743356103644261	111.807907583786	5	0.266266806762417	0.00176212112362134	0.972809117900584	23.3720554085905	1.07342902427169	3606	0.0345853000686617	0.498251584042399	0.119237494807176	0.430226032757646	0.584862256218064	30.1272527322467	5	0.908417404200013	0.0130555229391005	0.990566037735849	26.2729905601221	5	0.000239440666602816	0	5360	2172	1836	0	0	0	0	0		0	0	0							mouse
SRP068500	10	21643	0	1	0	-0.408248290463863	1.2	0.93117525098006	0.837800632440037	0.980766331480345	0.0127552203183358	0.0529686520640519	0.993818384535529	71	103	0.000557180412417299	0.0399323844313112	0.0174831588943156	0.899625340307716	0.81735847246197	498.660563814689	5	0.019149092979257	0.0254886245012467	0.930536432102758	34.3759076532557	1.07212406591569	58	0.0292911819898026	0.252430386116065	0.106441776474475	0.70796765786721	0.543821255324461	347.822021136178	5	3.08855734307427	0.217416154723637	0.999907591369034	105.465784530183	5	0.000231021577415331	0	71	32	18	0	0	0	0	0		0	0	0							mouse
SRP068520	16	20857	0	1	0	0	1	1.00642733498436	0.978442486996757	1.02300743307076	0.0846727888876927	0.0951357625509454	0.9951573075749	0	0	0.000819521614564195	0.0774146414600171	0.0194151064266563	0.70083004950106	0.811484788089791	473.550879988663	5	0.357318656595218	0.214745778970653	0.997564366879225	436.472664143764	1.00815814373671	0	0.000786994021613002	0.0971115440428554	0.0222155463904864	0.660020095848959	0.831213650454393	125.593752803511	5	0.317067629039828	0.0774662538024662	0.991667066212782	403.062182679042	5	0.000239727669367598	0	0	0	0	0	0	0	0	0											mouse
SRP068574	17	20043	-0.0555555555555556	1.0030959752322	-0.0555555555555556	-0.527777777777778	1.38609625668449	0.966288128275035	0.875985102652154	1.00736082547871	0.113237710288594	0.254523768613372	0.971432683332749	0	0	0.020262884741638	0.835003126369243	0.177727058175998	0.402572325892962	0.73508856127157	22.241061704176	5	0.641639656979199	0.00355128767298922	0.975502669261089	31.6727092525564	1.18638866645179	0	0.158488399583266	1.72574664366565	0.441668187990182	0.280169200870197	0.552929220378936	11.2202217555987	5	0.610461974198761	0.00102111837256913	0.838597016414708	3.85211258736231	5	0.000249463653145737	0	0	0	0	0	0	0	0	0											mouse
SRP068744	8	20078	-0.577350269189626	1.5	-0.5	0	1	1.30504882203955	1.27306035120413	1.32477973730992	0.169308997387572	0.232455714126381	0.922558753830694	0	0	0.103810983855721	0.944724004921374	0.254653722352041	0.30681120818533	0.521932493816126	30.3687397904944	5	4.29403619044906	0.0723465318897137	0.9998904273334	41.3719541426645	1.06476992266527	0	0.0048782784726687	0.656662602300916	0.129908955306361	0.577627712910017	0.823793879977262	43.805019322358	5	0.92881880285616	0.0123608265221864	0.993455523458512	190.548418478599	5	0.000249028787727861	0	0	0	0	0	0	0	0	0											mouse
SRP068777	12	19599	0.333333333333333	1.125	0.333333333333333	-0.333333333333333	1.125	1.10629218064806	1.09172273831021	1.11053237542302	0.0736767939465048	0.125570176382491	0.947739368799347	0	0	0.0309290976762322	0.228486253316028	0.10017498178246	0.664492422014814	0.521631047879354	475.614408190527	5	2.99208847350589	0.236138686790643	0.999826521761314	96.7525042559474	0.925543746992095	0	0.136175561948439	1.36251995439833	0.353201030815342	0.241619597015384	0.543759221985905	7.11603543290045	5	1.49151193153681	0.00374831445754607	0.982784835961018	10.9556005599036	5	0.000255115056890658	0	0	0	0	0	0	0	0	0											mouse
SRP069292	8	23056	0.577350269189626	1.5	0.5	0.577350269189626	1.5	1.17479301883136	1.05691605042025	1.23117929199022	2.46380390478094	0.172631826764608	0.693501231243178	37	10	0.127687895840365	2.56158566543824	0.55979479438967	0.324199174959532	0.636397290516657	13.9356504369069	5	4.42288577071757	0.014320415515615	0.999774462179042	34.6457475045568	1.23793781818784	10	0.103742164255921	1.83368784829881	0.439073582837617	0.274269616152781	0.634272091469112	10.4438136314566	5	0.26470611485935	0.000108787150327664	0.659819569743234	2.55249208335118	5	0.000216863289382373	27	10	0	27	0	0	0	0	0	0	0		0	0	0	0.00773937294047738	0.2375007561159	-0.235283743692714	0.111111111111111	mouse
SRP069772	14	21595	0.174077655955698	1.03125	0.142857142857143	0.522232967867094	1.375	0.977541079606289	0.91137787550459	1.02522167233412	0.157202493429609	0.0633543118962958	0.873453878521961	1	1	0.028499625576011	0.353027885581724	0.0880010838022576	0.431357126479783	0.565970808917486	32.4814363150074	5	1.25185765532721	0.0388984798026958	0.999592498263487	43.9412127240649	1.19573877170737	1	0.0578475779227194	0.562801287051042	0.148812597181512	0.306801489992467	0.53537583655254	28.8091434424668	5	2.02043395489398	0.0583012869671259	0.999907385968974	34.9358060114138	5	0.000231535077564251	0	1	0	0	0	0	0	0	0		0									mouse
SRP069809	8	21395	0	1	0	0	1	0.963620691168145	0.910354699109228	0.996802951920421	0.0377196807695413	0.061178279288357	0.993771455634587	0	35	0.000734979440409012	0.0641860078610261	0.0194952557731117	0.800400001177715	0.810870604964394	672.211816064221	5	0.583567199674681	0.180183895405119	0.999317597569526	794.409002299595	1.01971557163558	0	0.000692648778420013	0.0624766530567352	0.0318729918798372	0.929193841577704	0.825580889110565	2411.68744514052	5	1.37406335131141	0.390985231419273	0.999672820752512	1984.11748057522	5	0.000233699462491236	0	0	35	0	0	0	0	0	0			0								mouse
SRP069812	10	21009	-0.218217890235992	1.05	-0.2	0.218217890235992	1.05	0.936982674338551	0.802191834554646	1.01249346005094	0.0750630338988623	0.118918183876707	0.905954195162429	0	0	0.0448161265665099	0.613253059813885	0.145078013612765	0.460455624677057	0.572291326682981	34.7742811561465	5	1.23123344871016	0.0219393575576431	0.997677185967919	27.4807410950002	1.06469243365183	0	0.01930122309601	0.314149273503029	0.0777087658710542	0.553188310190746	0.60463830210443	85.9353018491512	5	0.680650605346605	0.041524329222435	0.996249226521967	35.273850408765	5	0.000237993240991956	0	0	0	0	0	0	0	0	0											mouse
SRP069873	10	16558	0.218217890235992	1.05	0.2	-0.654653670707977	1.75	1.06888983835955	1.0273757796416	1.08565705865583	0.871521734340811	0.885916684251899	0.990619861631095	38	31	0.0773496611092897	1.59611368197596	0.360368374476031	0.336759600912027	0.648494771013547	15.1588263381891	5	0.87957639857936	0.00366117326390728	0.96355840077304	11.3831078802515	1.38528028200085	20	0.344826952034975	4.10248163254597	1.15713500937958	0.167218088229728	0.569400566584164	4.31354777532017	5	3.26934545063806	0.00219316210729919	0.958714820630511	9.48253661282917	5	0.000301968836816041	9	29	2	20	0	0	0	0	0	0	0	0	0	0.00111111111111111	0	-0.0123140736483906	0.0696232412954223	-0.0713332623943588	0	mouse
SRP069979	8	17612	0	1	0	0	1	0.568657167238245	0.347465074098248	0.7846785703218	0.0263508026159189	0.127054477026801	0.843471005666893	0	131	0.0134381619811691	1.29323645108994	0.267138354115481	0.433461097792926	0.810034541879341	27.0298549424636	5	0.28063608154315	0.000408052174802098	0.877890074948899	20.894711078982	1.07285418906668	0	0.001263868835283	0.599040178501064	0.121810693788723	0.632639467085382	0.893486983134132	70.7218830168671	5	0.001412548396244	3.12496339263918e-06	0.612230297524415	1.118870003173	5	0.000283897342720872	0	0	131	0	0	0	0	0	0			0								mouse
SRP070188	15	21842	-0.123091490979333	1.01538461538462	-0.111111111111111	-0.123091490979333	1.01538461538462	1.03246812196314	1.01393835681089	1.04032348922496	0.117735147148339	0.377024887048421	0.997783323088744	3277	3030	0.015365969910791	0.227218497720514	0.0593527226317625	0.608110370529699	0.583906824304737	141.635426700372	1	1.13225639010374	0.0166020523882424	0.999771083234136	73.69411773348	0.980502403653618	3900	0.0334930487240797	0.525125479031383	0.124730099406016	0.432180312575633	0.602381419137178	27.9756146366156	1	0.0667289036888699	1.2963385073245e-05	0.74022525409761	1.9923437389754	1	4.57833531727864e-05	332	2945	85	67	0	0	0	0	0	0	0	0	0	3.01204819277108e-05	0	0.00105777865026011	0.0380121807060194	-0.0394024683506054	0.11144578313253	mouse
SRP070440	12	22121	0	1	0	-0.353553390593274	1.14285714285714	1.01568833007587	0.980887906438847	1.03034920250101	0.0334717944923239	0.0893998053307723	0.991519929459781	98	90	0.00043388746359796	0.0787649471043373	0.0316812068464269	0.916512509307203	0.872838720397351	686.592763507462	5	0.198524937985821	0.0254677870764336	0.996935039103115	457.936955393237	1.09342691493964	71	0.0215886277716137	0.234135588864198	0.0807170136825204	0.624626770674892	0.561082679164399	809.838416504545	5	3.40192951418492	0.368930640135256	0.999710682157226	157.627563521315	5	0.000226029564667059	13	85	5	31	0	0	0	0	0	0	0	0	0	0	0	-0.000651782772011746	0.0281070318580374	-0.0286990644961635	0	mouse
SRP070571	8	21333	-0.377964473009227	1.16666666666667	-0.25	-0.377964473009227	1.16666666666667	1.04576355289047	0.958439904634223	1.08859167120237	0.0943157230061826	0.171708247612773	0.951238076068736	98	87	0.0566508067950126	0.39508481657494	0.127866562785284	0.346924818496743	0.499005699167084	81.4035183928087	5	2.9271372365339	0.124838347717417	0.999906248535133	51.7062741202739	1.10748838827322	59	0.042597030553096	0.291867244315859	0.0892647038442474	0.241700154129722	0.492938342736325	11.7645089893012	5	1.04307624600906	0.0310583245514678	0.999821872216753	24.4900872371568	5	0.000234378662166596	33	65	22	51	0	0	0	0	0	0	0	0	0	0.000151515151515152	0	-0.0284483635615703	0.0815918392337714	-0.113054842862162	0.333333333333333	mouse
SRP070642	15	20027	0.650443635587991	1.73333333333333	0.5	-0.236524958395633	1.05925925925926	1.36391908221224	1.33416913700455	1.38745934175071	0.491397260341407	0.543352515160477	0.962523571641533	3133	925	0.105202772077414	1.30684022151618	0.334728935333504	0.277106186050083	0.581657226991033	14.5364553219186	5	3.99166172853882	0.0343870976772597	0.999820242672392	37.9572313533172	1.05134406783531	3088	0.054083814749506	0.521619994379446	0.150016984445418	0.183697622895036	0.560541838759599	4.48302273302919	5	0.16750444797647	0.000248910131173881	0.659130174264743	3.09793655524664	5	0.000249662955010736	2215	918	7	273	1	0	0	0	1	0.000451467268623025	0	0	0	0.000227990970654628	0.00090293453724605	0.0161894948085372	0.307309023576839	-0.2999499067413	0.0293453724604966	mouse
SRP070673	92	19344	-0.0244338888712611	1.00059737156511	-0.0217391304347826	0.0733016666137831	1.00540216086435	1.00719110902668	1.00304808417081	1.01077148784494	0.653313681611267	0.222793941235157	0.995372406536167	2	2	0.0100292224704295	0.216338818498681	0.0486578856416683	0.391576898814428	0.649040062549306	30.2529421268283	5	0.447471918420005	0.0168524179893909	0.955221257237386	44.6225412415787	1.00368838939827	2	0.0164614850451289	0.355475805405125	0.0782246560561467	0.365767787633932	0.655477809556125	20.5107287671605	5	0.001457147218558	2.16786915660143e-06	0.149948304383788	0.088460911906271	5	0.000258478081058726	0	2	0	0	0	0	0	0	0		0									mouse
SRP070767	48	21777	0	1	0	0.176776695296637	1.03225806451613	1.00410967170107	0.993893837335518	1.00849485784498	0.0584499614456348	0.0463240492141494	0.998959993021594	237	262	0.00012102055192172	0.0139789368941588	0.00572578924042366	0.89522819377496	0.839539925048259	1493.52423310017	5	0.193313470230572	0.300654891277262	0.97850025256004	1598.01917212412	1.02218414582691	252	0.0056863123377161	0.0861844309405051	0.0352733297665315	0.812993473747011	0.615441321896228	1709.76256484462	5	1.7872550043977	0.536670267970385	0.953372824539652	314.334821371858	5	0.000229600036736006	0	237	25	19	0	0	0	0	0		0	0	0							mouse
SRP070769	47	22318	0.0310834936080105	1.00096711798839	0.0333333333333333	0.213699018555072	1.04785256663767	1.00275618401276	0.988992592629291	1.00855710099857	0.0592755570248647	0.0378135587896262	0.994227711572611	155	173	0.0011805026353472	0.0221246964133014	0.0123697875446069	0.9192871145167	0.669289442079834	1228.2809512257	5	0.415396890637975	0.284569135163048	0.99968635182364	351.937647325068	1.02735418939235	135	0.00787606023839821	0.0711273055645539	0.0216795341719927	0.452238602771623	0.531728453631955	92.1738312947637	5	0.431304203298449	0.104419831844397	0.999883502105924	54.7723634856352	5	0.000224034411685635	0	155	18	28	0	0	0	0	0		0	0	0							mouse
SRP070770	47	18765	0.0310834936080105	1.00096711798839	0.0333333333333333	0.0310834936080105	1.00096711798839	0.957836518506861	0.858817033015366	0.994852779354487	0.0533109954452815	0.0643968599659791	0.979935022209092	3	3	0.00503194138043959	0.102350706199821	0.027400049431397	0.700836844354849	0.643323577287883	103.476988154473	5	0.33360203140934	0.02779348978624	0.994212629896083	66.3333065361267	1.00671819104422	3	0.0016915134381392	0.0473780237524543	0.0248111852201112	0.940792888520611	0.728568015792447	445.446820233965	5	0.492898992382886	0.109452517477741	0.999126032507327	291.538812885844	5	0.000266453503863576	0	3	0	0	0	0	0	0	0		0									mouse
SRP070775	48	16405	0	1	0	-0.0883883476483184	1.00787401574803	1.00542514169305	0.991850480234105	1.01002613185539		0.093170392917651	0.923877009018553	4095	4076	0.000245724888108902	2.02081043312827	0.364935218395642	0.7167276589988	0.950171514150823	66.0334577453838	0		0			1.01134773265248	4116	0.0026035843399112	0.42874309540368	0.0822885615336135	0.597486406225942	0.856347778348898	46.5196821001162	0		0			0	0	125	3970	106	94	0	0	0	0	0	0	0	0	0			-0.297260400975827	0.00735707331344844	-0.275758972999353	0.696	mouse
SRP070906	12	23908	0.657142857142857	1.76005747126437	0.657142857142857	-0.0285714285714286	1.00081699346405	1.3348949288114	1.28609541099995	1.36028332121527	0.0680230903938715	0.140870110308862	0.834484407457063	2022	1053	0.0716455676742582	0.61904947085745	0.200771613290684	0.467983012794396	0.530545342824169	205.688001505702	5	5.30498632126776	0.144935389574082	0.999841057386649	74.0980284645931	1.01754277532829	1866	0.00164226272198399	0.0815645401060545	0.0197981475716674	0.682414758297016	0.757336749253	188.671667944895	5	0.02819845479398	0.00268649885065936	0.948301823657353	17.1731237414975	5	0.000209135017567341	1151	871	182	245	0	0	0	0	0	0	0	0	0	0.00023892267593397	0.00173761946133797	0.0525833306362576	0.299657139972931	-0.256130101685411	0.0729800173761946	mouse
SRP070944	10	16726	-0.5	1.33333333333333	-0.4	0	1	1.16668272021595	1.12531211122902	1.19188282362829	0.366095562054272	0.385356939707721	0.880494349531169	3	1	0.171296364907333	1.17390766543875	0.343372339576925	0.199456402159044	0.487672853090931	4.98817912333802	5	2.4015796122085	0.0157188819810963	0.999820638526844	14.0258947098604	1.02198562521081	2	0.0188822380380714	0.593780842841338	0.135019948361325	0.416170573640463	0.709934685860823	25.4240759431884	5	0.26265180207992	0.00140757704835331	0.91998086810953	13.9205645107136	5	0.00029893578859261	2	1	0	1	0	0	0	0	0	0	0		0	0	0					mouse
SRP071333	21	20480	-0.180906806746658	1.03383458646617	-0.163636363636364	0.0301511344577764	1.00090991810737	1.02131852585003	0.995042559892478	1.03429113793204	0.707470023163382	0.207121548099023	0.919983645261035	7	5	0.0424824777713378	1.15123578047427	0.252578332966238	0.308518641186948	0.685676927348507	13.9077502618548	5	0.955123721554389	0.0104548025158044	0.985126953125	22.4894648141197	0.99199046627701	1	0.015691678216282	0.327794806379236	0.0814921714524645	0.587338965421642	0.676934502134229	77.1759553624999	5	0.05929569384056	0.00123034876228914	0.820859375	3.78258430768591	5	0.000244140625	3	4	1	6	0	0	0	0	0	0	0	0	0	0.00166666666666667	0					mouse
SRP072457	8	21795	0	1	0	-1	2251799813685250	0.910786230461528	0.804878937065402	0.978201590672938	0.0602628058808249	0.218866919313452	0.971011353599364	979	3633	0.00358570711387202	0.504136792843467	0.127090554032142	0.79411344072083	0.845478301256473	220.691708065572	5	0.807212597554571	0.00967162524508515	0.89725166322551	225.410386536798														5	0.000229410415232852	0	979	2654		0	0	1		0		0	0.000376789751318764								mouse
SRP072844	8	21176	-0.258198889747161	1.07142857142857	-0.25	-0.774596669241483	2.5	1.03696905025273	0.967358401907575	1.071840359017	0.0331206502789921	0.0629757892131692	0.934274908002871	2	1	0.0184486070324268	0.120396668956351	0.0482201509457516	0.576707608814283	0.484839435646558	773.290775340407	1	2.44804629092555	0.121529748894056	1	132.69767986541	1.49741774750439	0	0.111659922689777	1.05052660829879	0.265437305455823	0.308952629414937	0.519339614927005	24.5003833075768	1	4.78896312464701	0.0150799150525737	0.999952776728372	42.8888609303813	1	4.72232716282584e-05	1	1	0	2	0	0	0	0	0	0	0		0	0	0					mouse
SRP072877	12	21231	0.333333333333333	1.125	0.333333333333333	1	Inf	1.02968587756856	0.951475172187278	1.07077459398378	0.0568275505307383	0.125954375437242	0.930476514823891	530	685	0.05858080998499	0.451137420399008	0.142981466385327	0.435394509244524	0.505917988075118	141.753976268113	5	3.55570602221382	0.137276318705046	0.999858697188074	60.708505144624														5	0.000235504686543262	72	458	227		0	0	0		0	0	0	0		0.000208333333333333	0	-0.0615289525449944	0.062795259275524	-0.117131607420993	0.486111111111111	mouse
SRP073042	10	21461	-0.6	1.5625	-0.6	0.2	1.04166666666667	1.29395404519255	1.25305928510964	1.3092111968582	0.243853904943598	0.256970190537231	0.943873503160301	3590	2012	0.0896396291977893	0.91252023330934	0.272005513205764	0.479050778346636	0.554167644597869	62.5026284646093	5	3.80785551988665	0.0494210830500079	0.999552676948884	42.5001447466839	1.04236544756468	3185	0.031435682658471	0.984493534911269	0.19795004865187	0.424618148682733	0.693361538877042	24.5174895103328	5	1.03420470149215	0.00521964423874286	0.986291412329342	32.9124919710948	5	0.000232980755789572	1689	1901	111	471	0	0	0	0	0	0	0	0	0	0.000224985198342214	0.00118413262285376	-0.0927656595084405	0.247209035747584	-0.34233487535927	0.245115452930728	mouse
SRP073086	59	21859	0.0517836936651329	1.00268876097911	0.0517241379310345	-0.355581363167246	1.14473857739901	1.00776243004357	1.0029178586462	1.00949297671319	0.0639195576087011	0.0540454388238436	0.992299080276208	1	1	0.0021357895767763	0.0577674805735903	0.0181902696357297	0.799541524811633	0.681880897452432	710.269276971283	5	0.479947762551591	0.245480743497779	0.998773960382451	224.748169116554	1.07367135732363	1	0.026694705704513	0.233462086294043	0.0645152996862147	0.267495780755657	0.526755104521616	18.7148825259004	5	0.146679315783089	0.0033196017806322	0.815069307836589	5.4949437735931	5	0.00022873873461732	0	1	0	0	0	0	0	0	0		0									mouse
SRP073224	8	22091	0.774596669241483	2.5	0.75	-0.258198889747161	1.07142857142857	1.55992268303046	1.44554660815539	1.61267312097981	0.123471794704652	0.101278694807237	0.840545593289671	717	670	0.111665713517933	0.916812250504262	0.283087562824209	0.385510689305902	0.523516446549081	92.0194583508085	5	6.81178063422256	0.12330991408929	0.999909465393146	61.0162254177982	1.03140122938433	601	0.0231643215385734	0.207701010628388	0.0578861338552929	0.309146495964696	0.527908551183424	33.6712047996562	5	0.29309086431799	0.00540635475645321	0.99282060567652	12.6552808631905	5	0.000226336517133674	378	339	331	158	4	0	0	0	4	0.0105820105820106	0	0	0	0.000105820105820106	0.00264550264550265	-0.0833215782348771	0.420379654931297	-0.521231674264555	0.161375661375661	mouse
SRP073495	10	28287	-0.2	1.04166666666667	-0.2	0.2	1.04166666666667	0.972346019678085	0.919757013933793	1.03757711154745	0.934191926627244	4.23382770776035	0.994103251669508	14165	17072	0.31673059963024	1.68450873152895	0.566967347207046	0.174805121840231	0.430714436366828	4.40111076200026	5	0.86261467040434	0.000602470496803382	0.863378937321031	2.72412343882564	1.06723402084689	5998	0.28092858466627	1.60652150134234	0.416189930681496	0.164450406824424	0.486702717694973	6.2119361806081	5	0.45861476809509	0.000392366768757796	0.652228939088627	1.63271216627951	5	0.000176759642238484	167	13998	3074	8205	0	1	0	1	1	0	7.14387769681383e-05	0	0.00012187690432663	0.000119760479041916	0	-0.0530202519650514	0.0585989040804776	-0.11237950785965	0.455089820359281	mouse
SRP073498	11	25640	0.133630620956212	1.01818181818182	0.107142857142857	0.133630620956212	1.01818181818182	1.04157189912702	1.00996541946358	1.05509431462741	0.339126869429037	0.668955916965443	0.998823719196131	11688	11192	0.0199820117864015	0.411584949014252	0.0926663646402994	0.524185715416241	0.634741173458507	64.1536947361181	1	1.35548277865317	0.00806436033682924	0.999726989079563	67.8396765991582	1.03038757626347	11597	0.023483759742397	0.606173363135905	0.138484482677637	0.639771954651212	0.663388171303271	85.9347985742942	1	0.35783719685902	0.000257813448377056	0.977028081123245	15.2380409503136	1	3.90015600624025e-05	662	11026	166	498	0	0	0	0	0	0	0	0	0	3.02114803625378e-05	0	-0.0163121081205084	0.0490831378874847	-0.0629684225598854	0.285498489425982	mouse
SRP073609	10	19957	0	1	0	0	1	0.935138049734355	0.802049396756876	0.992873949866066	0.0429267278278272	0.167638229400127	0.981187050172792	661	2037	0.0025591618373303	0.429324244717912	0.102331333259671	0.767712675473324	0.85220729045005	139.094254970433	5	0.387282525708866	0.0051131031733524	0.979505937766197	151.338132044992	1.03270363955231	504	0.00109876874758399	0.214212041776415	0.0441305225781627	0.694998767144178	0.854335912853881	87.7697865980296	5	0.502001167442547	0.0289017553918959	0.998216164754222	457.237894416436	5	0.000250538658114947	0	661	1376	168	0	0	0	0	0		0	0	0							mouse
SRP074136	14	20793	0.121716123890037	1.01503759398496	0.0888888888888888	0.121716123890037	1.01503759398496	1.00222938514636	0.940810455329042	1.02967200366306	0.216138938035954	0.329786087017333	0.992588249026712	4124	4731	0.020402737563438	0.440272100865728	0.117871383345796	0.739637423812259	0.641547251956151	150.316850780969	1	0.843607518237488	0.00246242351605758	0.996248737555908	41.3491424280056	1.03456145865438	3827	0.014370654815752	0.276260965325575	0.0695570298016573	0.662600735420027	0.622366606186128	144.301591598771	1	0.146960116363914	0.000209296902838719	0.972923580050979	10.2266096446529	1	4.80931082575867e-05	112	4012	719	443	0	0	0	0	0	0	0	0	0	0.000133928571428571	0	-0.0234487001765803	0.0297814786247784	-0.048035229358071	0.473214285714286	mouse
SRP074146	22	22916	-0.427617987059879	1.22377622377622	-0.4	-0.0356348322549899	1.00127145581691	1.10894756780922	1.08964034535117	1.12004257199266	0.186804004331963	0.418002626126261	0.977717852680293	5157	3785	0.0812287345706925	0.595223195664024	0.173443931716955	0.359901819223473	0.487982362674668	31.1964922351187	1	3.29886312229832	0.0157171408061706	1	40.6149840191296	1.01263963009529	5001	0.0065410718251084	0.143510862362857	0.0320936361626359	0.442683663322531	0.650190684427809	35.8026197389735	1	0.0828048709921898	0.000288111352751465	0.968624541804853	12.659580532158	1	4.36376330947809e-05	1548	3609	176	225	0	0	0	0	0	0	0	0	0	3.87596899224806e-05	0.000645994832041344	-0.093127638603448	0.0999513697463654	-0.197373645725521	0.475452196382429	mouse
SRP074155	12	15163	0	1	0	0.333333333333333	1.125	1.0134626377901	0.973201954249947	1.03531476815093	1.10484446103305	0.17766850348942	0.983862480828573	0	0	0.00078543086466531	0.288978219672468	0.0683698707783529	0.895044249898972	0.905004050905678	242.350209923394	1	0.48937374854663	0.00337006359541782	0.995911099386665	623.084822945773	1.0817134452595	0	0.0435679493745634	0.332006393300618	0.106507627918971	0.548772421610411	0.493454503325006	109.359360803657	1	0.42869952282048	0.00106604354258078	0.993075248961287	9.83998881257211	1	6.59500098925015e-05	0	0	0	0	0	0	0	0	0											mouse
SRP075833	12	16789	-0.356753034006338	1.14583333333333	-0.2	-0.356753034006338	1.14583333333333	1.09068758083129	1.05909710093886	1.10848299120975	0.610046886510842	0.443520910097373	0.962194278098541	0	0	0.191869567120754	1.02145717133303	0.321490488202972	0.155670394684703	0.453662932623811	2.38762015152498	1	1.91162118072643	0.00210444682818253	1	9.96665018390234	1.06995855205034	3	0.279501298400325	1.73674849114658	0.573397486257203	0.116293208925106	0.507864741201288	1.44680176425124	1	0.385874643410713	2.4825076426179e-05	0.59086306510215	1.38060776577145	1	5.95628089820716e-05	0	0	0	0	0	0	0	0	0											mouse
SRP075924	11	18525	-0.44854261357253	1.25186289120715	-0.464285714285714	-0.0690065559342354	1.00478468899522	1.12463748662013	1.06113716286554	1.15459586874869	0.0990545706085002	0.246862109224311	0.818715563467103	11	0	0.120118043631831	1.57054227433484	0.372802983631812	0.366275418628645	0.570860151504713	28.8027594092548	5	5.92448428186379	0.0593710436836074	0.99987044534413	49.3368541687261	1.04446278805753	0	0.00970397135812601	0.26658108302156	0.0686248332692839	0.741849446548366	0.673798875543634	182.593882203955	5	1.02350598619359	0.06116866249729	0.998099865047234	105.536838805412	5	0.000269905533063428	11	0	0	11	0	0	0	0	0	0			0	0.000454545454545455	0	0.0121990799090066	0.14607445804932	-0.144653713129916	0.181818181818182	mouse
SRP076021	12	19793	0.301511344577764	1.1	0.166666666666667	0.301511344577764	1.1	1.08729963867173	1.06719617144995	1.09619712329919	0.138102419886737	0.308419931721178	0.99151415838366	663	320	0.03860035988664	0.473653588681588	0.111293125633023	0.346355437394042	0.559638685441616	20.2685392013991	4	1.43737037640825	0.0342212144334984	0.999898954175719	37.2454794825961	1.0925568764148	316	0.03001003674912	0.534830145604024	0.107377080420008	0.372226866906155	0.598285235731354	17.3204026951899	4	0.239291580117455	0.00107984760220794	0.962006770070227	7.97603570059335	4	0.000202091648562623	347	316	4	352	0	0	0	0	0	0	0	0	0	0.000216138328530259	0.00288184438040346	-0.0285988414754004	0.0770334801812397	-0.10043273105137	0.293948126801153	mouse
SRP076455	16	22956	-0.654653670707977	1.75	-0.75	0.218217890235992	1.05	1.30722787717286	1.13445606037471	1.39525501339475	0.132896555400877	0.328018963804444	0.738938810507417	3184	1395	0.217780850597777	1.57114022186016	0.454563341304021	0.308340981136644	0.485413583763383	37.2559429100622	5	7.82972144171769	0.0683528681523147	0.999886739850148	35.9622908053467	1.00804033950876	3676	0.0362995502419751	0.363650132790839	0.0900352067419861	0.318253796455261	0.533659907750179	37.5931785805509	5	1.46604183103521	0.0553848594010669	0.999904164488587	40.4044013057081	5	0.000217807980484405	2134	1050	345	112	1	3	0	0	4	0.000468603561387067	0.00285714285714286	0	0	0.000189784442361762	0.000937207122774133	-0.48050311015361	0.20223313190028	-0.652196776488646	0.674789128397376	mouse
SRP076866	10	20505	0.218217890235992	1.05	0.2	0.218217890235992	1.05	1.03846554213295	0.981282453963669	1.06477888366521	0.0532179689424062	0.159851097220732	0.961934965636467	21	14	0.0334183024064438	0.597029105012645	0.155926309494083	0.620281877841853	0.61805047579911	91.9837707597223	4	2.5097892236955	0.0550454141855488	0.999609851255791	75.1232099356011	1.0284220942987	14	0.035731201748766	0.743483935384043	0.223465782169579	0.80065365171474	0.643638215974648	158.50146871294	4	0.0603768597621148	0.000255117444765203	0.628017556693489	1.68983268152175	4	0.000195074372104365	9	12	2	8	0	0	0	0	0	0	0	0	0	0.000555555555555556	0	0.00804368670974881	0.0582041051699883	-0.0534811019045928	0.111111111111111	mouse
SRP076940	12	22543	0	1	0	-0.333333333333333	1.125	1.01712923201217	0.988203846187751	1.02939860851109	0.0351957394087331	0.0791097850575792	0.996748828756063	210	171	0.000424403402417398	0.0468069533329911	0.0168295450881571	0.840978147781639	0.831294860978208	1719.43461847601	5	0.131853538225107	0.261987464780529	0.967191589406911	311.148553256519	1.07265662542926	224	0.0218618997330097	0.208889284487177	0.0573511550401122	0.269733882994792	0.542079857925589	19.416298355145	5	0.149506751713442	0.00222479533405848	0.873867719469458	6.83934137772347	5	0.00022179834094841	43	167	4	53	0	0	0	0	0	0	0	0	0	0.000116279069767442	0	3.44955286693306e-05	0.0272453588448664	-0.0274609016250263	0.0232558139534884	mouse
SRP077095	9	25161	0.395284707521047	1.18518518518519	0.25	0.395284707521047	1.18518518518519	1.09992482796698	1.04493252593622	1.14063977766942	1.08558995498351	1.00413326974918	0.994523871693828	13615	12784	0.0721766750636101	0.996402934663799	0.252313855833432	0.257852919349897	0.55489260908129	8.40141438058187	5	0.0585109944685094	0.00324370063252054	0.49199952307142	0.810623748440272	1.15646040494201	11731	0.0518521408764299	0.995283102580212	0.237348000357215	0.299339067415368	0.649857402390754	11.7758368021499	5	0.271506627051739	0.00079469390109547	0.89173721235245	5.23891462614597	5	0.000198720241643814	1121	12494	290	1952	0	4	1	0	4	0	0.000320153673763406	0.00344827586206897	0	0.000178412132024978	0.000892060660124889	-0.0568198531803098	0.112708206598112	-0.181566191121461	0.363960749330955	mouse
SRP077214	9	24066	0.35	1.13960113960114	0.35	0.35	1.13960113960114	1.09268118909926	1.04464966234348	1.11428992890519	0.0200714763255536	0.260309812764677	0.975531417357585	10029	9030	0.0259461759026383	0.488212475221061	0.139252330339105	0.654532812304821	0.636563631545158	219.815722827977	5	3.73919056380828	0.163058751075272	0.999916895204853	144.22551345031	1.06775358075243	8746	0.0309962189342395	0.483037774559549	0.148157692273548	0.63153748115783	0.615864009227154	339.740793360489	5	1.94986230723241	0.0986973702874261	0.99950137122912	62.9387205149931	5	0.0002077619878667	1275	8754	276	1440	0	0	0	0	0	0	0	0	0	0.000231372549019608	0.00156862745098039	-0.0828881902594319	0.0914661095609412	-0.173558188173644	0.473725490196078	mouse
SRP078061	12	22013	0.301511344577764	1.1	0.166666666666667	0.301511344577764	1.1	1.07037582112237	1.03555679846495	1.08851434873592	0.0921260723429237	0.135572004929023	0.972860075453898	8	7	0.0375051020893407	0.463823633915207	0.117647467522264	0.381386547518184	0.572546567704332	28.6229478159776	5	1.81917713536043	0.05646330884082	0.999909144596375	48.5112137691344	1.05759737118301	5	0.0425882866150134	0.551268863927941	0.128075084299028	0.336248901727531	0.567629796137999	12.6356785075986	5	0.3235212426033	0.00164390199264084	0.970998955162858	7.60150097576843	5	0.000227138509062827	2	6	1	3	0	0	0	0	0	0	0	0	0	0	0					mouse
SRP078062	10	22463	0	1	0	0	1	1.01486650213716	0.981723803039923	1.028604748726	0.0332447583593217	0.10477801089765	0.998897634253888	4291	4288	0.000445082266623299	0.0493852333272106	0.0157799850695672	0.810537361367646	0.825000578599326	2131.42758666872	1	0.206343816476743	0.00760230033045497	0.99964385879001	463.720078485484	1.02210693397355	4183	0.000396486381645994	0.0441375183264642	0.0179541913553118	0.889567107578935	0.828722476587608	4543.56423862392	1	0.00739354084347099	7.52117766024805e-06	0.893647331166808	18.6483250062641	1	4.45176512487201e-05	164	4127	161	215	0	0	0	0	0	0	0	0	0	6.09756097560976e-05	0	-3.39978372454427e-05	0.0294363570016176	-0.0310868432819637	0.0731707317073171	mouse
SRP078250	16	22020	0	1	0	0	1	1.00960054034133	0.985688184918785	1.01942563902877	0.0534967717378287	0.0825918966525372	0.983309120852158	0	0	0.00103347940004635	0.230935183803345	0.047733520501862	0.650024660841719	0.859283603797728	99.7144541137442	2	0.715037147737442	0.0395059635337314	0.937920072661217	691.934022912551	1.01127149642349	0	0.000992675271996653	0.236688384975825	0.0518858653968835	0.711329956350485	0.865749715032872	390.813216777801	2	0.488802136519014	0.00942041522126276	0.996730245231608	492.668112296696	2	9.08265213442325e-05	0	0	0	0	0	0	0	0	0											mouse
SRP078270	12	22987	0	1	0	0	1	1.02010219917741	0.991664373957106	1.03132406509598	0.433926398275373	0.100466289926629	0.997152211897364	79	88	0.00110144795094881	0.0706534932952702	0.0193194117659034	0.723216536473474	0.786214369456928	343.0452713011	5	0.086216611930715	0.0353712284507289	0.991229825553574	78.3372035886272	1.02676060674501	60	0.000784724414624988	0.0627675923300224	0.021229860865083	0.824616999402522	0.804453728230003	2028.36096574606	5	0.148541957778861	0.0190828554890419	0.997816156958281	189.424495749545	5	0.000217514247183191	4	75	13	20	0	0	0	0	0	0	0	0	0	0	0					mouse
SRP078380	32	22142	0	1	0	0	1	1.00768883754473	0.994546132469092	1.01280567962605	0.0985170355202197	0.0521397608753913	0.992234661463777	2	2	0.000235942821494993	0.0339371518209842	0.0163619330600669	0.917293617962212	0.849323823015473	1759.96872692437	5	0.591654914281531	0.417532561695465	0.999783217414868	2508.64807523428	1.00830933472127	2	0.000280564361666906	0.0337036780066526	0.0174764637022675	0.929333196370699	0.843665705942816	2370.74141160907	5	0.700685591692566	0.553792630485952	0.999756119591726	2499.72552165068	5	0.000225815192846175	0	2	0	0	0	0	0	0	0		0									mouse
SRP079900	34	16625	0.0535303379031311	1.00287373174594	0.0491228070175438	-0.0764719112901873	1.00588235294118	1.00258745923746	0.982298343329342	1.01202539054646	0.153981056212362	0.225961618088028	0.997866491736643	4140	4181	0.00585735074047295	0.246108602612807	0.0539916962676534	0.514263810671269	0.73681950648009	111.837854254003	5	0.108295735012998	0.0107279166726086	0.958436090225564	18.4979951848581	1.00948449195993	4002	0.0067472527485897	0.38459957320746	0.0782064995166363	0.513654030515855	0.770509979672978	45.8238765297732	5	0.191623603043647	0.0013179017224645	0.934315789473684	28.4125295786759	5	0.000300751879699248	85	4055	126	191	0	0	0	0	0	0	0	0	0	0.000294117647058824	0.00029411764705889	-0.0190716609078028	0.00894423115917184	-0.022261371771695	0.694117647058824	mouse
SRP080864	12	23459	0	1	0	0	1	1.01074667275706	0.974374105806903	1.02501571077523	0.114983014211519	0.112906781282569	0.984624311182938	1	2	0.001255200603802	0.242647596879407	0.0506975456170227	0.624872971466385	0.84808413739735	86.6454458652453	5	0.507187390181307	0.0422543126198574	0.99501257513108	404.337251944847	1.0336496282298	1	0.0015805956440946	0.303171706090327	0.0822783741819993	0.78703579184116	0.857609258057429	372.006864195607	5	0.283628047684792	0.00678460475591507	0.946527984995098	179.617720249501	5	0.000213137814911122	0	1	1	0	0	0	0	0	0		0	0								mouse
SRP081004	16	17348	-0.333333333333333	1.125	-0.166666666666667	0.2	1.04166666666667	1.07296619645067	1.04020216407312	1.08645044526261	0.148527137260771	0.164176187934422	0.957712934364308	371	371	0.043327879570044	0.450045048334301	0.122433417132125	0.442472770358345	0.544061798772346	45.1273417666184	5	1.90859626770671	0.0661924791373975	0.99973483975098	44.0674689032126	1.03109309697193	258	0.026294180509763	0.218310575404775	0.058966052555508	0.252886001637515	0.511395351049027	8.03619614853713	5	0.0160448696768101	0.000311382156888241	0.43762969794789	0.610101677866788	5	0.000288217661978326	104	267	104	124	0	0	0	0	0	0	0	0	0	0.000192307692307692	0	-0.0644859061260212	0.0679393663588473	-0.122103332746283	0.480769230769231	mouse
SRP081089	21	23732	0.157377895072927	1.02539682539683	0.117647058823529	0.157377895072927	1.02539682539683	1.02577359288479	1.0100804327604	1.03263395611709	0.798393228511224	0.430249456526696	0.992487751543426	75	33	0.0672341309592399	0.506371451980645	0.149451912403213	0.190199459338554	0.513492121522476	5.10238856951663	5	1.15535695255254	0.0121374091812351	0.999772459126917	17.1859540634249	1.01783797898436	75	0.06964780031629	0.511940233782448	0.176208248695959	0.0981381216084765	0.539955873129129	0.817606209573077	5	0.058212667356983	0.00021229531819491	0.508756109893814	0.835681967267445	5	0.000210685993595146	42	33	0	10	0	0	0	0	0	0	0		0	0.000119047619047619	0	-0.0455273105967706	0.0369802736673174	-0.0801221181631421	0.523809523809524	mouse
SRP082219	17	21875	0.0704295212273764	1.0049850448654	0.0694444444444444	0.0704295212273764	1.0049850448654	1.01326166494916	0.987841535991374	1.02480236869754	0.0546738673680466	0.106022970281775	0.996550142107178	561	635	0.00468710096122199	0.0695436722711401	0.0198197953958463	0.644796670054291	0.593919260210172	339.405318310066	5	0.609968389553472	0.240638844769953	0.999908571428571	130.187431410864	1.013671705763	579	0.00471563028479401	0.0716708627403243	0.0184514241306336	0.551931288688544	0.597065226225224	141.308667179181	5	0.059735598803041	0.00347903640027393	0.978450285714286	12.6735538779639	5	0.000228571428571429	12	549	86	37	0	0	0	0	0	0	0	0	0	0	0	-0.0104656516762591	0.0230616334172596	-0.0312659805611475	0.166666666666667	mouse
SRP082273	9	18765	0.158113883008419	1.02564102564103	0.15	0.158113883008419	1.02564102564103	1.03015895317362	0.967625295704986	1.06101594598891	0.676156336999225	0.699957614029823	0.968832621021959	1955	1723	0.0434218806754429	2.14668801691857	0.424451476252342	0.514240036729106	0.752012799061589	37.5318132535163	5	0.93430450866286	0.00286783361632909	0.966000532907008	21.53939116891	1.01588809525801	2265	0.055666874558365	2.93078081510127	0.597702370802711	0.411994866627618	0.751784591865089	23.7102183383573	5	0.26608654992941	0.000340402959950174	0.824471089794831	4.78266870911113	5	0.000266453503863576	327	1628	95	166	0	0	0	0	0	0	0	0	0	0.000321100917431193	0.00305810397553517	-0.0139678043256057	0.0482071816443013	-0.0641641612378983	0.308868501529052	mouse
SRP082367	12	20293	0	1	0	-0.333333333333333	1.125	1.00429167578979	0.96347251902534	1.02501106929749	0.127840765532454	0.184426610860937	0.984472617075644	20	8	0.002755977718506	0.355692396290689	0.0751765354427019	0.544931126367605	0.827440220147661	47.9822833766438	5	0.14933691188282	0.00106453431237863	0.944670576060711	54.2222141199233	1.07518302390911	3	0.117250382288911	1.32429783522608	0.309849429397441	0.357533156260659	0.535835120552113	17.687531474505	5	0.357530141933908	0.000250214434212495	0.756763415956241	3.04951338841037	5	0.000246390380919529	12	8	0	17	0	0	0	0	0	0	0		0	0.000833333333333333	0	-0.000607061853785561	0.0225174207955424	-0.024230716435498	0.25	mouse
SRP082985	12	17112	-0.50709255283711	1.34615384615385	-0.5	-0.169030850945703	1.02941176470588	1.14750755809244	1.03874635719941	1.20065004505073	0.7602230825989	0.387914210805846	0.986154615217395	7047	7052	0.088641677962136	1.94387587398535	0.473407323350863	0.385086759171391	0.670766363706893	27.5579585057529	4	3.25212038412441	0.0104193799377066	0.997530972417017	36.7121096250182	1.03279268944475	6814	0.020998024627135	0.572567231519325	0.185230069576819	0.827692909996651	0.691317422171961	198.275999025744	4	3.1214149467616	0.0588159456303085	0.998889668069191	148.70998097416	4	0.000233754090696587	1053	5994	1058	446	0	0	1	0	0	0	0	0.000945179584120983	0	0.000256410256410256	0.000949667616334283	-0.144779431172069	0.162724089959646	-0.306854584776116	0.454890788224122	mouse
SRP083850	10	17734	0	1	0	0	1	1.02621217507631	0.978255158729174	1.04542913039439	0.168409700488377	0.362233485254028	0.968381946751053	0	0	0.013992913997282	1.16440835591154	0.246489763041251	0.438828837157894	0.799922201860489	26.0965743805795	5	0.248056260241338	0.00264663893369446	0.741186421563099	17.7437203909332	1.03109053845677	0	0.0129013256758305	1.14917180761148	0.242791488565224	0.452339736690897	0.805452155220726	29.6298886805524	5	0.609769254045053	0.00492421437575383	0.967824517875268	47.3012088486677	5	0.000281944287808729	0	0	0	0	0	0	0	0	0											mouse
SRP083914	56	22347	0	1	0	0.142857142857143	1.02083333333333	1.00143395687948	0.988480136007156	1.00708190908904	0.362762172797694	0.196479603446829	0.999372744630621	7228	7322	0.000688202857795001	0.0609414631557269	0.0171169999587018	0.804007965356481	0.820517350147206	242.718589886243	5	0.444098107083227	0.142124299981968	0.994227413075581	645.435880846447	1.01765328831815	7170	0.00780992994665802	0.0929917007021651	0.0255999609149292	0.470436363619075	0.56718711570473	147.666885312497	5	0.381674109919104	0.0447158250161777	0.942059336823735	48.8913698205024	5	0.000223743679241061	52	7176	146	243	0	0	0	0	0	0	0	0	0	9.61538461538461e-05	0	-0.00206415602363893	0.0067088364107433	-0.0085531842580573	0.442307692307692	mouse
SRP087434	18	21434	-0.113960576459638	1.01315789473684	-0.111111111111111	0.113960576459638	1.01315789473684	1.02600823761545	1.00811958371301	1.03298199434948	0.0646213129838505	0.13564251207905	0.988340619177039	0	0	0.00786436019365155	0.156194299297049	0.0431603166158281	0.697488548381252	0.636094362171328	326.07604275401	5	1.34533174365688	0.216944491462494	0.999869366427172	171.16033166476	1.00988763775118	0	0.0126857973418445	0.151420479763059	0.0348163452968363	0.375589639592593	0.54403731939744	17.930947166008	5	0.17363504723333	0.00463990937256118	0.976625921433237	13.6931661455569	5	0.000233274237193244	0	0	0	0	0	0	0	0	0											mouse
SRP089713	18	19642	-0.19414506867883	1.03916866506795	-0.175	-0.443760156980183	1.24521072796935	1.03588321522858	1.00754030839611	1.04698985467329	0.890432569760425	0.436339738135603	0.965596885273918	2777	2188	0.039475427510825	1.44046607677523	0.351801671241415	0.636857350039874	0.724217551147067	89.3730378372085	1	0.23236879075268	2.21709758255482e-05	0.888758782201405	5.88653632269331	1.14122637986792	1674	0.0783634625173044	0.744771459823662	0.199877580414109	0.278741570711407	0.535543591858557	12.4153925726018	1	1.902082302855	0.00460976844825814	0.999796354750026	24.2738981778754	1	5.09113124936361e-05	730	2047	141	1133	0	0	0	0	0	0	0	0	0	3.42465753424658e-05	3.42465753424735e-05	-0.0681918897226344	0.0309211702230243	-0.0827236967656549	0.673972602739726	mouse
SRP089973	8	16391	0.258198889747161	1.07142857142857	0.25	-0.774596669241483	2.5	1.09255511088987	1.03371303330502	1.12778907679703	0.662616577768675	0.207841478518819	0.910009471142327	0	0	0.067548671977241	1.2542526981346	0.301824758926592	0.245050121584659	0.635746352688557	8.2036170678746	2	1.60634908346286	0.00678988189855162	0.584833140137881	23.7806167973825	1.6068227352871	0	0.441993026126734	3.29577754437429	1.06993827603183	0.125864195292289	0.538474647423931	2.36071761950338	2	4.4256846688302	0.00249152723142924	0.969007382099933	10.0132469779183	2	0.000122018180708926	0	0	0	0	0	0	0	0	0											mouse
SRP090141	8	21715	0	1	0	0.577350269189626	1.5	1.02892899199975	0.974393910921781	1.05381021253921	0.0298252472956528	0.14148473150225	0.992965435788035	566	446	0.000987298908895498	0.165383843306643	0.0428984729933997	0.744182349692614	0.84578129294448	782.366744236643	5	0.0888484144147511	0.00202422339672651	0.962790697674419	90.0336838925877	1.23179652828783	383	0.0735310336500079	1.15040135278613	0.26611888978342	0.373671322034419	0.602412268109648	19.2250479157856	5	2.74998819955642	0.024004468646517	0.999742113746258	37.4132741754193	5	0.000230255583697905	148	418	28	291	0	0	0	0	0	0	0	0	0	0.000405405405405405	0.00675675675675676	2.43624309091643e-05	0.0453903252500858	-0.0457245964784962	0.101351351351351	mouse
SRP090360	16	18904	-0.372104203767625	1.16071428571429	-0.3	-0.0413449115297362	1.00171232876712	0.888842567635154	0.719456919959105	1.0258020892537	0.104244350053162	0.320924251292625	0.704643229906615	380	360	0.205114792713323	1.96572848506553	0.550611916998393	0.167683532988705	0.56021086646225	3.27925980195117	5	3.21380942773886	0.00776906145930601	0.99906898011003	15.6770569675169	1.02591585198414	329	0.00398859737137469	0.220517926352736	0.0483927840459462	0.579973877563387	0.767953470633969	85.618902259317	5	0.13200117963105	0.00181619262234459	0.955311045281422	33.109751762829	5	0.000264494286923402	91	289	71	55	0	0	0	0	0	0	0	0	0	0.000384615384615385	0.010989010989011	-0.235001167182362	-0.0611027438493758	-0.147608440112769	0.934065934065934	mouse
SRP090395	12	21033	0.845154254728517	3.5	0.833333333333333	0.169030850945703	1.02941176470588	1.83423139465326	1.61343992925311	1.92648693737307	0.84954422719613	0.264538856797753	0.651043606174263	190	48	0.425616523595034	4.39439359415558	1.15808335620907	0.25113726767622	0.555002253966283	9.89897408911713	4	4.9758284793701	0.00312220935631626	0.982539342937289	11.6928030743304	1.01288302703167	180	0.0391253512059641	0.979348421007816	0.220721228445683	0.37784156426871	0.671606582119268	20.6692439179836	4	0.432680342229425	0.000822763382153165	0.940438834212904	11.0614192487241	4	0.000190177340369895	162	28	20	27	1	0	0	0	1	0.00617283950617284	0	0	0	6.17283950617284e-05	0	0.0905346488737026	0.579169557440344	-0.543937973756649	0.111111111111111	mouse
SRP090476	8	21156	0.377964473009227	1.16666666666667	0.25	-0.377964473009227	1.16666666666667	0.805986300787385	0.602194827879082	0.932826847905956	0.109853993848197	0.309393951707717	0.929988511087254	161	4385	0.113768972204964	0.805060503519703	0.235932053325062	0.199100509718457	0.497250834231139	4.85333927754795	5	1.9290079581325	0.0155408224184905	0.999848742673473	16.9690780416758	1.15370247542515	0	0.0278405064173225	0.285594029664366	0.081212587597306	0.415363201420171	0.552521526928905	56.4702091159519	5	0.0518266285827398	0.00200195348780346	0.745443373038382	1.86204242063267	5	0.000236339572698053	0	161	4224	161	0	0	4	0	0		0	0.000946969696969697	0							mouse
SRP090477	12	21581	0	1	0	0	1	0.993417789610922	0.926220063581095	1.02539475341411	0.0568943770074559	0.0548958709596215	0.971154323655355	0	0	0.001276758095226	0.196872702893956	0.0459054986660996	0.771704859251822	0.845820797964124	186.119245714019	5	0.049287430940988	0.00206316174208591	0.9435151290487	38.6255751977859	1.03232236337803	0	0.000843827854279097	0.146639726254059	0.0880997264664855	0.966830570967471	0.874623660382216	2093.50862472988	5	4.80602819010939	0.613564589758643	0.999888791066216	5702.32858105263	5	0.00023168527871739	0	0	0	0	0	0	0	0	0											mouse
SRP090770	9	22576	0.1	1.01010101010101	0.1	-0.35	1.13960113960114	1.01181416313619	0.944051531975628	1.04033115506771	0.0445269365802911	0.269485415717099	0.927465811841457	3	1	0.022072604984879	1.03798629827202	0.275345391276901	0.711444971781457	0.753684226838743	234.03373999669	5	1.46302712654462	0.00716230902423068	0.988633947554926	66.3384247263914	1.09843520188372	1	0.067186331560763	0.898846340080147	0.221620847781502	0.373813035949187	0.58197566648907	28.0316291752047	5	0.73966485090529	0.00570732424953865	0.965804394046775	11.0105822928579	5	0.000221474131821403	2	1	0	2	0	0	0	0	0	0	0		0	0	0					mouse
SRP090822	12	22438	0.353553390593274	1.14285714285714	0.333333333333333	-0.353553390593274	1.14285714285714	1.07827425501784	1.03193189923948	1.10433340685382	0.169565945699354	0.224844010232211	0.940028911116341	0	0	0.104241681517785	0.88496251418662	0.23136704684627	0.356376406475362	0.497302909019124	25.6765666869981	3	3.44661394706948	0.0319806425047168	0.999925721246695	33.0799262688362	0.941233003681436	0	0.1859216781286	1.48551887535037	0.405036122241179	0.262810750061297	0.505438057779094	8.98040652819872	3	0.56132453744902	0.000434344374149194	0.843286686276258	3.01933146814029	3	0.000133701755949728	0	0	0	0	0	0	0	0	0											mouse
SRP090922	12	20292	0.301511344577764	1.1	0.166666666666667	-0.301511344577764	1.1	1.08373924337108	1.06216365353037	1.09328250851946	0.20176024103087	0.159208160175589	0.969177524703028	0	0	0.0400463109227978	0.326557963559077	0.0922399699147713	0.288673969681644	0.511209422223017	22.7783402031783	1	1.52715392809789	0.0132928820904784	0.999950719495368	38.1394272903052	1.08053135903394	0	0.0442660585204551	0.422791730459526	0.108187091780529	0.329599251671851	0.525205112113454	14.0159952309205	1	0.00806987454755004	2.7345556618039e-07	0.103144096195545	0.182286750072058	1	4.92805046323674e-05	0	0	0	0	0	0	0	0	0											mouse
SRP091722	19	20601	-0.204980015422697	1.04385964912281	-0.142857142857143	0.184482013880427	1.03523270987386	1.00420388488253	0.955353208969342	1.0243161204417	0.365560941303146	0.298666410046248	0.963500846634956	63	58	0.0860947807044299	0.667514700975961	0.199969850978306	0.136467697174772	0.534438346426396	2.03487028812617	2	1.49343078093252	0.00485621813340459	0.999951458667055	17.3464390560347	1.03524978276471	56	0.0423520017071289	0.558137191207442	0.132667827694576	0.336541514482572	0.575578450074605	25.1485901408911	2	0.0943130543653848	6.01731596328108e-05	0.699456337071016	2.22693955121278	2	9.70826658900053e-05	13	50	8	11	0	0	0	0	0	0	0	0	0	0	0	-0.0745976609316	0.0216280007351973	-0.0767780412766527	0.769230769230769	mouse
SRP091938	16	25948	-0.377964473009227	1.16666666666667	-0.375	0.125988157669742	1.01612903225806	1.09681125054233	1.0739063300659	1.10610246810852	0.0982720633468956	0.0978792408730251	0.919391356628305	3	3	0.0409341837171377	0.441262260709104	0.121811445370025	0.385231357205994	0.557255273445494	88.7465620483455	5	2.97894813573713	0.103326425376662	0.999899799599199	72.7824317320177	1.01883297943032	3	0.0142362168816329	0.286464074548035	0.0646003358364023	0.446036238470033	0.6363668038406	30.4900043323776	5	0.1651441642739	0.00203903103999558	0.956574687837213	11.6015355009972	5	0.000192693078464622	0	3	0	0	0	0	0	0	0		0									mouse
SRP092451	35	22080	0.259463250038646	1.07218045112782	0.173913043478261	-0.308112609420893	1.10489104116223	1.02383025133434	0.990647061548211	1.04256417651869	0.827482735972527	0.194260813307035	0.987977916254332	7047	4559	0.0382074181886135	0.286770629037625	0.0839154169895313	0.293340712726742	0.49979221175024	37.679529183923	5	0.242255418033001	0.0190721417844171	0.978025362318841	6.34259811497218	1.06464893420932	6367	0.015262485267664	0.185891266352358	0.0462731498345759	0.418577986207707	0.561428944787733	33.7546892101796	5	0.11361595117773	0.00178327148421703	0.974628623188406	7.44636024228438	5	0.000226449275362319	2548	4499	60	814	2	0	0	1	2	0.000784929356357928	0	0	0.00122850122850123	0.00021978021978022	0.000784929356357928	-0.1962220370727	-0.00227405351139952	-0.186946796534172	0.930533751962323	mouse
SRP092532	13	20115	-0.192450089729875	1.03846153846154	-0.111111111111111	0.433012701892219	1.23076923076923	1.03466057158923	1.01559774440804	1.04423005698871	0.434775948365229	0.34103584452121	0.991252147716794	63	64	0.044384165148633	0.421352677029468	0.108996002349298	0.21070079755273	0.532745168346326	6.08632542673274	2	0.85814768412239	0.00614251578185786	0.999801143425304	19.3345907897036	1.12392590392624	38	0.150512726060011	1.15385360346211	0.335790236741191	0.169882412155067	0.514895611540265	3.53393936741553	2	0.227862016513081	8.90708806033485e-05	0.439547601292568	1.51390531869199	2	9.94282873477504e-05	9	54	10	34	0	0	0	0	0	0	0	0	0	0.000555555555555556	0	-0.0092964153146047	0.0477209137011315	-0.0655351094174833	0	mouse
SRP092552	16	21843	0.162650012158089	1.02717391304348	0.158730158730159	0.162650012158089	1.02717391304348	1.01258317523089	0.974445883404576	1.0297127515747	0.0837329072625872	0.152132329402863	0.996675450956217	9184	9284	0.01029386520986	0.0950433614378031	0.0334319657306891	0.637079182711853	0.536277277822367	475.00857189166	1	1.35263944246739	0.074345627757206	0.999954218742847	131.403818908593	1.03591678494833	8843	0.0061486805500606	0.0843574917771793	0.0220976506162022	0.485871308129221	0.585302354032143	156.687156033919	1	0.1545771240151	0.00223866200003335	0.998122968456714	25.1415809375998	1	4.57812571533214e-05	278	8906	378	430	0	0	0	0	0	0	0	0	0	3.59712230215827e-05	0	-0.0552545886210174	0.0181485576271064	-0.0670525002123391	0.719424460431655	mouse
SRP092799	12	21839	0	1	0	-0.333333333333333	1.125	1.00032537284648	0.955396945581135	1.01896631049142	0.0338566545696553	0.0855697064791601	0.994369898664334	720	744	0.00101771113935299	0.168224678927821	0.0463122000204393	0.805194357609671	0.849988696616226	749.952847340664	5	0.334568284282469	0.0275525759722117	0.98891890654334	328.842473372843	1.07886612880622	628	0.0215641174429358	0.332533772705286	0.0842138751786347	0.406617063849222	0.608751125337913	30.5934828603221	5	0.449366521463653	0.0113108443685698	0.993378817711434	20.8510261788908	5	0.000228948211914465	22	698	46	127	0	0	0	0	0	0	0	0	0	0.000909090909090909	0	-0.00209956178950136	0.0218698967277604	-0.0241831418909958	0.0909090909090909	mouse
SRP093283	9	18316	-0.35	1.13960113960114	-0.35	0.55	1.4336917562724	1.10208019347104	1.02157328174137	1.1360842211018	0.923520358567941	1.49827985863493	0.980162367220028	3711	2375	0.245399121519035	2.27385229920302	0.734631074430513	0.147616283025358	0.580319386230773	2.94283897134091	5	1.2326544459567	0.00146824022975878	0.875474994540293	5.03022988165884	1.24350637937487	3154	0.39906424429335	3.67334523341964	1.0592768551297	0.182548101812183	0.562101861950277	4.2539386537096	5	1.36607049652655	0.000507236507248729	0.721991701244813	3.42388681246226	5	0.000272985367984276	1383	2328	47	850	0	0	0	0	0	0	0	0	0	0.000292841648590022	0.00144613159797542	-0.152575654887885	0.125866168121637	-0.251486434623044	0.536514822848879	mouse
SRP093288	42	21294	0	1	0	-0.190692517849118	1.0377358490566	0.894501907407619	0.741983210099258	0.972735999532046	0.0519485860951401	0.0369178597217485	0.970973078798861	1	1	0.0010082328391176	0.10366808953573	0.0227640959380161	0.687338604247798	0.817423838086199	91.7268565803634	5	0.298562639487767	0.0492762115855508	0.999286183901568	296.179375632316	1.01665965682203	0	0.00525024549814355	0.0933560222823	0.0223806308715224	0.647061296464004	0.601141237769036	96.1464113863969	5	0.066633031108649	0.00568391690786028	0.869907016060862	12.6938770244592	5	0.000234807927115619	0	1	0	1	0	0	0	0	0		0		0							mouse
SRP093302	15	22073	0.288675134594813	1.09090909090909	0.3	0.288675134594813	1.09090909090909	1.04226675323119	0.996111210991871	1.06407437492092	1.02912915795198	0.797609180579422	0.997786421021892	13627	13485	0.06023657954747	0.528005621809835	0.153102735814875	0.404927428390868	0.520574452053254	101.375691713656	5	3.5327189299341	0.11559005886134	0.999139219861369	58.6566362862093	1.02905842418935	13660	0.072134684054362	0.757982248115078	0.190311944633172	0.375718550455129	0.53582940157698	24.658084935449	5	0.619100489492267	0.00557079090477319	0.950545915824763	8.58451777432953	5	0.000226521089113396	595	13032	453	630	0	0	0	0	0	0	0	0	0	0.000210084033613445	0.00168067226890756	-0.112926635639762	0.0417187352902904	-0.147177210783273	0.717647058823529	mouse
SRP093645	22	20531	-0.573885641347411	1.4910790144435	-0.566666666666667	0.168789894513944	1.02932551319648	1.2429331060549	1.19559050520155	1.26206703206765	0.244599251754513	0.266278746046715	0.857503338420395	0	0	0.158430329263621	1.77155334260423	0.494618696267976	0.212899894543673	0.578093759122723	5.77081031518791	1	3.70845307120182	0.00260164477278258	0.999756465832156	23.4096942362999	1.02725104713786	0	0.0296051752231315	0.505055558122756	0.116555309847745	0.3680456502007	0.617597991325872	18.122482450773	1	0.03248050970371	3.7473141565925e-06	0.529248453558034	1.09719842274405	1	4.87068335687497e-05	0	0	0	0	0	0	0	0	0											mouse
SRP093925	13	22856	0.433012701892219	1.23076923076923	0.375	-0.692820323027551	1.92307692307692	1.0803489426905	0.991162347521655	1.11912585974355	0.304562814481555	0.383080685341993	0.983592783830674	2138	1822	0.134541658346591	1.63545745773715	0.447581459764038	0.190102987816743	0.594943838141409	5.08469529699404	5	3.14567938112051	0.0103545033534177	0.996193559677984	23.3865546275557	1.39329499424016	1554	0.191601409506319	2.78857150297387	0.776443103725058	0.186063879775435	0.620867591399505	5.23121000589525	5	0.60228511037146	0.00010637555453464	0.582717885894295	3.1441104616055	5	0.000218760938046902	793	1345	477	1130	0	0	0	0	0	0	0	0	0	0.000258511979823455	0.00126103404791929	-0.0604461215545133	0.100819504836109	-0.172266301695383	0.41109709962169	mouse
SRP094057	10	16264	0	1	0	0	1	1.00955445538536	0.972607344022929	1.02791325359156	0.817692505506456	0.504039668596937	0.976358105060629	0	0	0.0343968347098405	0.855032056534327	0.204621215555736	0.400693535062572	0.686771995708898	26.1259988668757	5	1.50293578334646	0.0172189404578858	0.997835710772258	43.7161968521217	1.02094927621294	0	0.0266708077043805	0.667367552172394	0.162373351032455	0.383155800751252	0.691104113776011	29.8710148696928	5	2.35852255363101	0.062391766924182	0.999778652238072	88.4727671667964	5	0.000307427447122479	0	0	0	0	0	0	0	0	0											mouse
SRP094656	8	23790	-0.377964473009227	1.16666666666667	-0.25	-0.377964473009227	1.16666666666667	1.12193876630115	1.08034406102093	1.14165028040178	1.24909376749327	0.185391008310064	0.961198720147537	0	0	0.0491097587228567	0.427436455669914	0.122547662070742	0.338795500490328	0.525505121996034	32.7817132657447	5	1.50163991585963	0.0334030999471973	0.999730979403111	30.5905082173636	0.976851066492947	96	0.086036957203507	0.653706463146792	0.181137401320437	0.256793977313661	0.495976685971737	8.66002188638827	5	1.16953025438643	0.00863920792366641	0.834174022698613	13.5945742934002	5	0.000210172341319882	0	0	0	0	0	0	0	0	0											mouse
SRP094853	15	20286	-0.288675134594813	1.09090909090909	-0.277777777777778	-0.288675134594813	1.09090909090909	1.05713771954214	1.0236120831597	1.07057602707769	0.873064340741112	1.01972683354885	0.98029988806888	1261	13	0.151036394384585	1.30001933033921	0.371871357673697	0.242002536749859	0.533625393925901	8.89301239822904	5	3.20545777954609	0.0148586191979979	0.998945085280489	21.2285327026142	1.04517195597344	1600	0.215090534856539	1.07349737595508	0.376783569547836	0.120941399156545	0.468618703152579	1.50432742551108	5	0.3996204792722	0.000589043562395513	0.748338755792172	1.85801931594134	5	0.000246475401754905	1248	13	0	122	0	0	0	0	0	0	0		0	0.000224358974358974	0.000801282051282051	-0.0999327150745876	0.0336725394416038	-0.125412163336891	0.832532051282051	mouse
SRP094952	10	18774	0.408248290463863	1.2	0.4	0.408248290463863	1.2	1.10784248298878	1.05973821968177	1.13030162884695	0.0543222551776486	0.233009319517746	0.985291655687572	4852	4887	0.0489162967046536	0.442921097577806	0.135184669466603	0.430573541029917	0.536651152105021	141.597704833574	2	3.49766131124829	0.071289200117116	0.999920102269096	71.5120471669869	1.13046030864609	3716	0.0348201727588408	0.426799378929716	0.110848020844231	0.346724354501293	0.578058111808366	20.7831656063935	2	0.460929905728105	0.00204990779932329	0.986044529668691	13.238988731509	2	0.00010653030787259	511	4341	546	1214	0	0	0	0	0	0	0	0	0	9.78473581213307e-05	0.00195694716242661	-0.0675787518227093	0.115667017639637	-0.184061642098157	0.37573385518591	mouse
SRP095064	18	17671	-0.111111111111111	1.0125	-0.111111111111111	-0.111111111111111	1.0125	1.020309198645	0.994941721387503	1.03024203288905	0.115088317181196	0.30554429325691	0.996333698434496	1886	1534	0.014110304042634	0.159245299908456	0.0542952665066746	0.676972878812344	0.570121985454389	163.107993221361	5	1.19732475243079	0.127392653677298	0.999728368513384	84.8884298526677	1.01988007252902	2211	0.015208372638384	0.160380464357329	0.0407708440388169	0.412826541566956	0.535565568082686	36.4423756634434	5	0.1336920902182	0.00858775932479796	0.961994227830909	8.79670450781471	5	0.000282949465225511	427	1459	75	50	0	0	0	0	0	0	0	0	0	0.00031615925058548	0.00234192037470726	-0.010701682037009	0.0270070440280102	-0.0352919003421216	0.309133489461358	mouse
SRP095235	12	16587	0.666666666666667	1.8	0.666666666666667	0	1	1.32702232804178	1.220673463176	1.37595835883119	0.439255098548891	0.481376989450517	0.698831209125504	4306	1175	0.178130802549899	2.79557501556	0.749783612839167	0.220559766811474	0.625902505964147	8.1190851227484	5	4.93003102927718	0.0162710865356381	0.999385060589618	27.6809608190276	0.997557676735837	5662	0.00351817782211	0.64435478242839	0.127016149390729	0.604315141842392	0.840808370790808	52.7920027553227	5	0.340259931383899	0.00169475007990932	0.956098149152951	96.8056607178508	5	0.000301440887441973	3157	1149	26	15	0	0	0	0	0	0	0	0	0	0.000277161862527716	0.00063351282863478	-0.244986306200062	0.280671130449905	-0.513164341757394	0.460563826417485	mouse
SRP095617	8	26975	-0.258198889747161	1.07142857142857	-0.25	-0.774596669241483	2.5	1.07530840260501	1.03461561255179	1.10581225544449	0.0551695095993632	0.155906527128676	0.884679084179598	101	47	0.047438127796536	1.9554745645887	0.438095831410863	0.321296216754501	0.733813253447329	16.2516082413524	3	3.28212450385768	0.00592102344716586	0.999172072907013	69.1988067479376	1.51267614013727	0	0.131659455475342	4.53171402157624	1.06918244481731	0.219349056580112	0.719980654967938	8.29641103493215	3	6.1540642655169	0.00297838827110988	0.99291936978684	46.746183172559	3	0.000111214087117702	55	46	1	101	0	0	0	0	0	0	0	0	0	0	0	-0.0575602233604928	0.0558887732811881	-0.0926526969234698	0.509090909090909	mouse
SRP095855	15	19875	-0.419313934688767	1.21333333333333	-0.285714285714286	-0.026207120918048	1.00068728522337	1.09013232903756	0.991518916553254	1.13026936759273	1.34353254122083	1.04840977494591	0.925863181789059	9465	8245	0.10368238252622	2.85780157019155	0.78092969417271	0.117830051044365	0.685799923976609	1.59119443492946	5	0.94020837544096	0.00130604183626638	0.791557232704403	9.07140286282474	1.00780936232963	9447	0.00835596949862799	0.860980540726305	0.194618219048085	0.463531762569528	0.781913298320449	31.7442056357195	5	0.11087794215061	0.000317111510653411	0.801036477987421	13.286182242586	5	0.000251572327044025	1369	8096	149	179	0	0	0	0	0	0	0	0	0	0.000306793279766253	0.0014609203798393	-0.211991170935091	0.0765891925343607	-0.280081841429633	0.686632578524471	mouse
SRP095936	8	21562	-0.577350269189626	1.5	-0.5	0	1	1.173236158365	1.09780517540513	1.22253414997416	0.0177809198628786	0.263553769116273	0.960177951565379	12227	11783	0.048152351245822	0.584044874716693	0.173011991185443	0.507565310316509	0.578849466113615	172.631401870811	1	5.49779299465305	0.0467422340717086	1	114.175841276045	1.02271345482633	12093	0.000568155795768938	0.0837008378905997	0.033472679683806	0.90474763203317	0.857508507460061	874.951137052695	1	1.63266122889466	0.110292233818827	1	2873.72746982266	1	4.63778870234672e-05	1290	10937	846	244	0	1	0	0	1	0	9.1432751211484e-05	0	0	5.81395348837209e-05	0.000775193798449612	-0.219461765613606	0.173664205155504	-0.398376917674203	0.562790697674419	mouse
SRP096052	15	34433	-0.161164592805076	1.02666666666667	-0.0909090909090909	0.443202630213959	1.24444444444444	1.01595117271957	0.993979389040632	1.03192581417737	0.819353652060374	1.36351772019594	0.999090289336647	20836	20625	0.0362836747776401	0.363506739323893	0.103938237620532	0.204258795338311	0.552711602951073	6.1169090314209	5	0.85021764031521	0.0109566839952184	0.999593413295385	23.4399458361434	1.16296127083731	19063	0.0770303462773199	0.617128507528041	0.174621974922802	0.235264934894456	0.512733668049631	7.59130651426188	5	1.17118003760541	0.0111659042091227	0.989527488165423	15.2063802556319	5	0.000145209537362414	444	20392	233	1922	0	2	3	0	2	0	9.80776775205963e-05	0.0128755364806867	0	0.000101351351351351	0.00225225225225225	-0.0357254013316504	0.0254790287693894	-0.0580644577549651	0.56981981981982	mouse
SRP096113	9	16905	-0.1	1.01010101010101	-0.1	-0.55	1.4336917562724	1.03252905181651	0.955884730854799	1.06428205484002	1.13899421626453	0.443256369637904	0.97671556247659	0	0	0.038709070917284	1.67597475684469	0.370255456702722	0.342018989807524	0.742280601839444	19.4170349271112	1	0.67385776730044	0.000190517038252264	0.929251700680272	17.4118727938985	1.20210452719664	1	0.2363292502245	2.48649353366576	0.691266265043071	0.408776295948876	0.555921238426549	34.4925529529498	1	2.93767538443994	0.00104901061190513	0.993256433007986	12.4310810897799	1	5.91540964211772e-05	0	0	0	0	0	0	0	0	0											mouse
SRP096655	8	14883	-0.577350269189626	1.5	-0.5	0	1	0.877643879238773	0.630971183025098	1.06581453365719	0.767717560369986	3.91406717362275	0.648038068352602	1195	2930	2.06702190289746	9.23427170387701	3.77457306996928	0.0636964227744608	0.462236992350512	-0.156306459669918	5	6.21100542073985	0.00123873950720758	0.902035879862931	3.00710396803325	1.01054221558015	1102	0.15830928680093	2.80853710403036	0.616624196597233	0.262547633328033	0.644601628584237	11.9864911024292	5	1.36680512110317	0.0015024255215991	0.931411677753141	8.63965634770085	5	0.000335953772760868	82	1113	1817	97	0	0	0	0	0	0	0	0	0	0.000304878048780488	0.000304878048780557	-0.233038010226713	0.156109126845264	-0.431356255877848	0.768292682926829	mouse
SRP096738	8	20118	-0.577350269189626	1.5	-0.5	0.577350269189626	1.5	1.23266125741947	1.16325422981024	1.26517186148568	0.109028804093784	0.106809749061107	0.851404388144297	16	48	0.0744176494153126	0.631377982817277	0.189981067057493	0.395291606931572	0.52216521903298	104.201294932777	5	4.49747137168959	0.140540103571252	0.999890645193359	60.4618005780831	1.153523093705	282	0.0920673865162475	0.650828002317253	0.195037815159923	0.296672195612012	0.489122338997681	35.3584638899278	5	0.21843838666931	0.000415843068975645	0.770076548364649	2.37290204698025	5	0.000248533651456407	3	13	35	0	0	0	0	0	0	0	0	0		0	0					mouse
SRP096963	11	10906	0.288675134594813	1.09090909090909	0.166666666666667	-0.346410161513775	1.13636363636364	1.0609320192225	0.99636854855472	1.08871037752356	0.844065749139839	0.42635443973131	0.937117233209602	74	58	0.118570379567445	1.66808509269004	0.530802542873005	0.125112880406017	0.620588041449574	2.08167638862265	1	1.54299980506157	0.000768793532144418	0.982670089858793	13.0136337488197	1.07180645977683	58	0.129192751800194	1.803497399081	0.57384628388218	0.132141038028792	0.620559823533887	2.25602688438936	1	0.3426653164679	3.268817429393e-05	0.656611039794608	2.65238938746618	1	9.16926462497708e-05	23	51	7	21	0	0	0	0	0	0	0	0	0	0	0	-0.0428542974952193	0.0501741343820607	-0.0768306788668354	0.434782608695652	mouse
SRP097585	12	21672	0	1	0	0.333333333333333	1.125	1.02160912047501	0.964869204403582	1.04329651967759	1.065468036625	0.161491696829191	0.742879784177697	0	0	0.00674618419593449	4.22869533937471	0.853789897227048	0.352036475303426	0.815514888034042	17.266300286932	5	0.18820739221207	0.000216787194096285	0.751753414544112	27.9274752062219	1.09119491250329	0	0.0416678391751882	1.23990522716202	0.265689149755058	0.436423371138087	0.689410570818386	29.9443007263891	5	1.15129835210105	0.0048124116894782	0.988787375415282	27.6370886141026	5	0.000230712440014766	0	0	0	0	0	0	0	0	0											mouse
SRP097621	9	20570	0.597614304667197	1.55555555555556	0.5	0.0597614304667197	1.00358422939068	1.15791142633319	0.996558985668787	1.25437283088198	1.37574663883514	0.764605014828724	0.874678135704501	3345	3535	0.496375875263193	3.23145434464996	0.97516069657228	0.163863015236403	0.486707157843603	2.86354702305356	5	2.40432586372548	0.00208586965885946	0.954837141468157	4.84515898612578	1.03076512726071	2816	0.01882511823934	0.655559010053966	0.138386250087498	0.53665184689543	0.715594497182652	64.9323482729159	5	0.765482264661124	0.0158572606985056	0.994584346135148	40.6687399508819	5	0.000243072435585805	1412	1933	1602	611	0	0	0	0	0	0	0	0	0	0.000258498583569405	0.00141643059490085	-0.146109352192423	0.195159019560142	-0.354590292934218	0.428470254957507	mouse
SRP098045	36	22884	0.188982236504614	1.03703703703704	0.166666666666667	0.188982236504614	1.03703703703704	0.945242089508776	0.830041628345654	1.00624493678371	0.71627877311623	0.155986435003551	0.638321699636135	1	0	0.0880812265367677	1.67080750748253	0.397319729664602	0.252802806478723	0.639651916147908	9.12632938860522	5	0.43055993278788	0.000751577387214142	0.84224785876595	4.89042891211876	1.01684360223392	1	0.0402257954531754	0.934932630943649	0.198155311114005	0.310290696696031	0.659783917903843	12.7313662428645	5	0.11056193039616	0.000303284938404856	0.52992483831498	2.74874716848893	5	0.000218493270407271	1	0	0	0	0	0	0	0	0	0				0	0					mouse
SRP098205	8	23420	-0.258198889747161	1.07142857142857	-0.25	0.258198889747161	1.07142857142857	1.06099986767004	0.985666908796603	1.09848720106973	0.0776223881048906	0.247000983885037	0.896910568226881	0	0	0.06304397087318	1.35244959314003	0.317974613065175	0.256148890096817	0.669050809392502	10.4434991349995	5	2.79140149237604	0.0133592095201934	0.999709649871904	44.3005271328499	1.04604413969817	0	0.058602569191531	0.959776740270943	0.233454170667224	0.35200646558513	0.619450033202477	20.0642652272321	5	0.14312820840036	0.000815908578876853	0.818385994876174	2.44294925743811	5	0.000213492741246798	0	0	0	0	0	0	0	0	0											mouse
SRP098725	30	18472	-0.392232270276368	1.18181818181818	-0.266666666666667	0	1	1.0971260757891	1.08372368468456	1.10336175196985	0.392301078413399	0.171630443291966	0.954079147980337	365	146	0.0445574085019325	0.473650066831725	0.131391257664038	0.240956379299159	0.575538641961272	27.3491807092269	4	2.39703579211762	0.0600722619930832	0.999918796015591	53.8232768152881	1.01384924286466	333	0.00140099823854675	0.142707420083735	0.029306696740786	0.58854755698362	0.814949080508778	53.8059709649673	4	0.0585805300879001	0.000934968683463565	0.956867150281507	41.8595572653004	4	0.00021654395842356	232	133	13	36	0	0	0	0	0	0	0	0	0	0.000237068965517241	0.00431034482758621	-0.0621929898870925	0.0878880558766709	-0.152950999727378	0.426724137931035	mouse
SRP098816	21	21449	1.21217487951527e-20	1	0	0.447213595499958	1.25	1.01156727120858	0.986960017053955	1.02191075962815	0.324903272460414	0.35677766437733	0.997007297321936	1	1	0.00923871977589497	0.314272238725729	0.0699341025329954	0.384328559294835	0.717449850121605	21.53554229494	5	0.331927668970567	0.00750677798911591	0.906475826378852	35.9438663803526	1.13158592505017	0	0.17345207384121	1.2279542948903	0.360644820978933	0.175693381119227	0.499465211841571	3.65087664757559	5	1.88256449782549	0.007136586971621	0.99236328033941	10.8592883654092	5	0.000233111100750618	0	1	0	1	0	0	0	0	0		0		0							mouse
SRP098946	33	22879	0.388888888888889	1.17818181818182	0.388888888888889	-0.0185185185185185	1.00034305317324	1.07365500622923	1.05069012200544	1.08727043736438	0.164303951467175	0.580325250020674	0.97486154799476	5046	2486	0.120398767195894	1.05378850497152	0.307909196758684	0.313180230311046	0.533531875115096	26.9825507281783	5	4.93968667805516	0.0525410496403223	0.999877617028716	41.0602160452575	1.01007562029908	4925	0.00347530156822801	0.170990002982162	0.0392657709559757	0.629845204288231	0.754352186649308	93.5372786423699	5	0.38642574908762	0.0179349754961005	0.997045325407579	111.211758888213	5	0.000218541020149482	2593	2453	33	162	2	2	0	0	4	0.000771307365985345	0.000815328169588259	0	0	0.000196683378326263	0.000771307365985345	-0.163333162085742	0.0622678751203438	-0.216735894151795	0.779791747011184	mouse
SRP099194	12	19127	0	1	0	-0.333333333333333	1.125	1.00619696077256	0.955858033221505	1.02837913780041	0.0912785889239217	0.158852359886592	0.996257880806689	0	0	0.00124182918263599	0.0897345431179105	0.0251271419002496	0.763462969558668	0.799151529510494	250.026887513513	5	0.0826058009073671	0.0289451343707432	0.981042505358917	66.542291943476	1.09784292983783	0	0.0260780488872276	0.245506429913231	0.0768340646124906	0.490746241388214	0.540638253774881	224.558190045762	5	2.33172614372426	0.203924357478934	0.863334553249333	89.4161551989634	5	0.000261410571443509	0	0	0	0	0	0	0	0	0											mouse
SRP099234	15	22881	-0.377964473009227	1.16666666666667	-0.357142857142857	-0.377964473009227	1.16666666666667	1.0944605063968	1.06897252532292	1.10677749838315	0.145435197687959	0.478986166697671	0.98351339794257	5505	4225	0.07505217712605	0.545741055961772	0.169299646503454	0.447016818769177	0.488363483276316	44.4410627531753	1	2.77311645267492	0.0117262769346715	1	36.9548097262121	1.10116045624974	3960	0.0702547722164541	0.563265912893128	0.151336741948914	0.261701841259818	0.499721364179275	11.1793689909016	1	1.16101881810307	0.00254282408375347	0.999519251780954	16.5275131303938	1	4.370438354967e-05	1451	4054	171	1677	0	0	0	0	0	0	0	0	0	3.1013094417643e-05	0.000689179875947622	-0.0713728630240216	0.0905908543844891	-0.160820649296019	0.432115782219159	mouse
SRP099448	28	22436	0.288675134594813	1.09090909090909	0.291666666666667	0	1	1.05808393032536	1.04514857035693	1.06257536792162	0.079858181245564	0.103954208333855	0.939571930880513	37	16	0.0175652493180291	0.369889918134343	0.0981630339406355	0.627698167747224	0.651787859943386	172.055948359634	5	2.53313380826232	0.145411938915144	0.999893029060438	144.274384405247	1.00143686535968	31	0.000973820373175498	0.365665215642914	0.0810005873043408	0.794045851281336	0.899251329336567	136.772492169173	5	0.18795897945743	0.00284584879339438	0.979889463362453	193.179816284276	5	0.00022285612408629	22	15	1	8	0	0	0	0	0	0	0	0	0	0.000454545454545455	0	-0.0280768564477108	0.0549172717880619	-0.0863942402871011	0.409090909090909	mouse
SRP099592	32	21760	0	1	0	-0.125	1.01587301587302	0.987629048672938	0.942215024058984	1.0068259592491	0.0857550832589344	0.0776998277118061	0.991070293020768	3	3	0.00264533374069955	0.132133501136732	0.02832743814391	0.552142797210794	0.757796703209961	52.0047928060659	5	0.31643548762293	0.0215573013762393	0.996167279411765	119.773563589846	1.01674513585528	3	0.0146974943910684	0.149431491104583	0.0389148718651844	0.346261069755049	0.540562195361395	20.0350622038123	5	0.098287559499389	0.00217190587007903	0.908575367647059	6.68805163501508	5	0.000229779411764706	0	3	0	0	0	0	0	0	0		0									mouse
SRP099973	8	19685	0.258198889747161	1.07142857142857	0.25	-0.258198889747161	1.07142857142857	1.10628373513959	1.07198415687411	1.13227547227351	1.00979644988249	0.498897119549479	0.988511972730759	49	28	0.06336297616294	1.47114636457104	0.328265248106417	0.53071870725928	0.643646174588771	42.9342476557921	1	0.0803109438076195	3.04048863704153e-06	0.599695199390399	1.26747429920428	1.09081317896353	22	0.091408248110854	1.31098663131808	0.333826347459222	0.366811477634676	0.596835526860188	24.4902175317215	1	0.206907044518539	1.94996072901225e-05	0.772263144526289	2.26357016761957	1	5.08001016002032e-05	22	27	1	28	0	1	0	0	1	0	0.037037037037037	0	0	0	0	-0.0190021463389781	0.0529251755339171	-0.0669060746472274	0.272727272727273	mouse
SRP100466	63	22535	0.125589383202934	1.01602545780217	0.116935483870968	-0.0108266709657701	1.00011723054559	1.00332689415981	0.983831424154533	1.0110314646982	0.0611894858241051	0.0543200193439571	0.983180710037493	602	734	0.00751082788886699	0.113659542408099	0.0296540940548545	0.573305345731967	0.592481553159664	156.910733357834	5	0.117618176814586	0.0259467255064694	0.991116041712891	15.6665739744133	1.00364813803944	598	0.000450443048946196	0.0667899499154234	0.013449480318363	0.609094551997789	0.835254819407646	72.3668522635809	5	0.035994781134727	0.0022515600339614	0.945435988462392	79.956423587932	5	0.000221877080097626	31	571	163	16	0	0	0	0	0	0	0	0	0	0.000161290322580645	0	-0.0676313266619312	-0.0104208795646169	-0.0601430474898487	0.967741935483871	mouse
SRP100979	12	17595	0	1	0	0.353553390593274	1.14285714285714	0.938950972363889	0.844196285821624	0.989558487187855	0.072609845013976	0.139997940906245	0.993870635111127	385	580	0.0023707347637001	0.141105106667801	0.0446953943765608	0.818818242127231	0.78692975101347	557.230912906105	1	0.751597682000449	0.0160719962552791	0.999545325376527	317.073676958024	1.10585379059009	288	0.049837411146919	0.569195465583604	0.143367937133591	0.414132466291172	0.552088442105328	38.0847767350164	1	0.15921386417657	6.97496616692594e-05	0.877351520318272	3.19522671654387	1	5.68343279340722e-05	1	384	196	129	0	0	0	0	0	0	0	0	0	0	0					mouse
SRP101363	8	14695	0.258198889747161	1.07142857142857	0.25	-0.258198889747161	1.07142857142857	0.928081384218233	0.765182466481919	1.0270599902292		0.46773943700289	0.783369694268743	22	75	0.155992686278761	3.79565853732019	0.992658997662223	0.195497800156576	0.673975592055858	5.74475434497453	0		0			1.0684826932635	0	0.094640674260866	3.01215231989177	0.720652046313471	0.263620641717145	0.700246308827945	10.1038657579681	0		0			0	0	0	22	53	22	0	0	0	0	0		0	0	0							mouse
SRP101444	8	20291	0	1	0	0	1	1.03811278202672	0.998976035496172	1.06506220512616	0.0598592470309177	0.179976854955509	0.99912236096401	364	335	0.00123557853505901	0.043709068782126	0.0168535478391745	0.836677542196061	0.747645553791198	954.511740393071	5	0.107745322855462	0.0406600067782731	0.992252722882066	87.2669106526168	0.951917691803903	395	0.00396356995056101	0.131492000964353	0.0403862718011151	0.743750661803244	0.729021830670592	829.638377066824	5	0.02415052119151	0.000148451935906579	0.808782218717658	6.10009077601529	5	0.000246414666600956	45	319	16	28	0	0	0	0	0	0	0	0	0	0.000222222222222222	0	0.000370701591601527	0.0562293982629499	-0.0561976848914633	0.0444444444444444	mouse
SRP101453	10	9392	0	1	0	0	1	1.02093363079222	0.961421675157066	1.05006209645208	0.183973163161333	0.0901704198227727	0.759745084924547	32	26	0.00126365218706001	2.33150513255216	0.462359150973326	0.399633357787975	0.89232503304373	22.1147455463372	1	0.07979176814128	3.13154686782487e-06	0.815587734241908	63.1449467311235	1.00856132366521	35	0.00114953684216559	1.81021533360812	0.365195677175963	0.415256592737382	0.889248618016692	22.9203349359953	1	0.120106569976128	1.15027330441944e-05	0.845506814310051	104.552970630162	1	0.000106473594548552	8	24	2	4	0	0	0	0	0	0	0	0	0	0	0	0.000884241174084549	0.0250267381820621	-0.0236460823588035	0.25	mouse
SRP101460	16	22366	0	1	0	-0.5	1.33333333333333	0.609590909484899	0.425912711244905	0.805687396056445	0.787026142338481	0.195500153347283	0.962335003810228	11	853	0.0213753460213195	0.580413545869958	0.132380832877112	0.428312229485344	0.685049906294688	25.4132075944021	5	0.027550291846735	0.000122951328048111	0.513502637932576	1.28888711844433	1.11757389486148	0	0.141567777502879	1.26694672867499	0.330543577642784	0.276698670959521	0.522397075928664	11.6993144688081	5	0.391587667112823	0.00106361342010411	0.864714298488778	2.76673831281675	5	0.000223553608155236	0	11	842	11	0	0	0	0	0		0	0	0							mouse
SRP101501	12	20224	0.577350269189626	1.5	0.5	-0.192450089729875	1.03846153846154	1.16811462927986	1.06829938487341	1.21816989032945	0.138140628738943	0.136576789721508	0.718901731950176	0	11	0.208908041616325	1.43808631935901	0.43263550049508	0.232191752702234	0.493209751935761	9.15615085922895	5	3.92536084742953	0.0235847242352067	0.999752768987342	18.7947082831789	1.05661241676233	0	0.018389805993213	0.225032242030405	0.0622806936564584	0.480025765294911	0.575164674538951	104.500409947963	5	0.27454631113234	0.0501035216528046	0.993621439873418	14.9371810386633	5	0.000247231012658228	0	0	11	0	0	0	0	0	0			0								mouse
SRP101577	10	21016	-0.218217890235992	1.05	-0.2	-0.218217890235992	1.05	1.06854398760452	1.04542076199605	1.07889125420972	0.101337673344454	0.150216462643792	0.993910835671107	1291	1039	0.0151068266529268	0.120456582805114	0.0413715321553609	0.519549919544702	0.515336126469506	372.865173273259	1	1.42851271943384	0.0567280508296131	0.999904834411877	94.5889312557277	0.993554790711457	1223	0.0318156279200355	0.206270884633505	0.0651763974841837	0.286090340370667	0.487826672803199	19.1280898975368	1	0.44618139469539	0.00220796279116139	0.998667681766273	14.0257288618538	1	4.75827940616673e-05	279	1012	27	158	0	0	0	0	0	0	0	0	0	1.7921146953405e-05	0	-0.00344967995985556	0.0714771073216874	-0.0807166221751989	0.100358422939068	mouse
SRP101579	9	26804	0.395284707521047	1.18518518518519	0.25	0.395284707521047	1.18518518518519	1.12979078126106	1.09388479828843	1.15169915655117	1.09525435578462	0.397862490140315	0.985358195119591	9839	8938	0.050188191776461	0.697802960427409	0.168328892663647	0.296150577607647	0.589731399993414	12.8423422863204	5	0.29320362982057	0.00504871254533353	0.935360393971049	5.84304284734396	1.10104392274545	8707	0.0558943141572715	1.18674728371604	0.257052353019797	0.267789769728491	0.647125892612945	9.99208612751464	5	0.17991088793316	0.000142343624718624	0.762953290553649	3.21964698052578	5	0.000186539322489181	1189	8650	288	1428	0	0	0	0	0	0	0	0	0	0.000134566862910008	0.000841042893187553	-0.0397350435167422	0.126652655301796	-0.177643237548276	0.261564339781329	mouse
SRP101746	16	20929	0.377964473009227	1.16666666666667	0.375	-0.377964473009227	1.16666666666667	1.10664518885781	1.09310818684369	1.11311857446615	0.0949088319020883	0.389357983104834	0.984307503755799	0	0	0.0440030969306839	0.254061570090092	0.101595886081785	0.540489336858396	0.461664319647194	553.476788493253	5	3.81438754256084	0.350329903769779	0.999904438816953	86.7020101338468	1.10763494071275	0	0.04471257636421	0.276805973706191	0.0866277287398828	0.251708277487049	0.473345871210376	19.9921185554177	5	0.40115534146054	0.0131423487968799	0.997247837928234	8.97521386657635	5	0.000238902957618615	0	0	0	0	0	0	0	0	0											mouse
SRP101878	12	18738	0	1	0	0	1	0.982838538906868	0.912019906208285	1.01809222379584	0.125812100922263	0.238574019860284	0.976200205829689	30	46	0.00898190300498935	0.812595136226127	0.170150225002741	0.423333577822209	0.804992387523099	27.4473584045085	1	0.0118896411005015	2.58345734731021e-07	0.550378909168535	1.32375201187024	1.01002682452314	33	0.00717017486532502	0.844811284695238	0.184804619483456	0.475607082323684	0.826397319660458	53.3108183793778	1	0.0364549201835428	2.05981626061777e-06	0.749119436439321	5.08608848887248	1	5.336748852599e-05	1	29	17	2	0	0	0	0	0	0	0	0	0	0	0					mouse
SRP101985	15	21629	-0.026207120918048	1.00068728522337	-0.0178571428571429	0.366899692852671	1.15555555555556	0.984683493501872	0.912964966219393	1.02178077244466	1.01527033654231	0.571658730915253	0.992141057123932	7487	8012	0.0082003388901799	1.13952148755275	0.275167153440975	0.584143353431516	0.820807976972911	104.505827220644	5	0.11722129116209	3.31069320931572e-05	0.729252392621018	14.3145418186608	1.09406830844314	5579	0.0635875841962521	1.15025035996331	0.311729879585476	0.181807510734051	0.652679210317318	5.75660877257741	5	1.17934594444582	0.0028684685069316	0.978565814415831	18.5520871358225	5	0.000231171112857737	166	7321	691	1974	0	0	0	0	0	0	0	0	0	0.000271084337349398	0.00602409638554217	-0.0155632967598676	0.0217889800157101	-0.0411082738957644	0.475903614457831	mouse
SRP102241	23	21603	-0.123365942804957	1.01545435812899	-0.133928571428571	-0.31252705510589	1.10824587706147	1.02051103979302	1.00509372544103	1.02673167735989	0.0369362986958445	0.107335933278969	0.989394981549802	3077	3045	0.00605626837714796	0.0683057742789265	0.0350591756773117	0.852286739356516	0.582080984669504	1586.54416593167	5	1.58251713513056	0.538136435668112	0.999907420265704	261.361676402344	1.06749461798482	2475	0.015354415122022	0.150980093621019	0.0735494624451541	0.802948837322514	0.553122893889285	2169.831109404	5	4.13641509391255	0.619561764771138	0.999851872425126	269.420094037806	5	0.000231449335740406	196	2881	164	746	0	0	1	0	0	0	0	0.00609756097560976	0	0.000178571428571429	0.00510204081632653	-0.0191327826475614	0.0229489524270179	-0.0418117744111664	0.448979591836735	mouse
SRP102454	69	21184	-0.0142857142857143	1.00020412329047	-0.0142857142857143	-0.246218487394958	1.06453594096152	1.00123473019671	0.992765824291867	1.00577666313171	0.241994955841785	0.104653479059978	0.99915912364559	2985	2993	0.000982561817279249	0.027090252948535	0.0119461580854114	0.90912849798242	0.702253062941632	1430.63543690278	5	0.158132521536164	0.220241350875431	0.999358006042296	160.968973770369	1.0383478929349	2642	0.00827013032220585	0.0814720872510226	0.0245865119373031	0.478598074440813	0.544986082142589	134.720831031684	5	0.218293205868324	0.0189114400155291	0.999263595166163	26.4177488977161	5	0.000236027190332326	35	2950	43	407	0	0	0	0	0	0	0	0	0	0.000142857142857143	0	-0.00219423580355174	0.00636164583392346	-0.0075408974177606	0.285714285714286	mouse
SRP103117	8	23329	-0.377964473009227	1.16666666666667	-0.25	0.377964473009227	1.16666666666667	1.10394012827345	1.04251740329054	1.1405021605606	0.88580371289816	0.0992609020723758	0.893991792557923	0	0	0.0563947339322266	0.83063159360298	0.189798269392014	0.361837300864668	0.587303798848284	17.417704197082	5	0.185756898263219	0.00375788459291217	0.849020532384586	3.29446572242295	1.10620496806522	0	0.0549546549366532	0.711153934689968	0.176395755276166	0.3446035445743	0.580172529755986	15.0046756157721	5	0.0083267219673302	8.59302919033752e-06	0.216597368082644	0.151486445375347	5	0.000214325517596125	0	0	0	0	0	0	0	0	0											mouse
SRP103922	8	22160	0	1	0	0	1	1.04738071137802	1.01272086413607	1.06065823081299	0.0522708974965296	0.112940662355001	0.993685555602859	0	0	0.00137168658136606	0.132356038569495	0.0336995316214559	0.737004615544483	0.817300093194274	303.425490421978	5	0.411287082382286	0.0850040542702481	0.995902527075812	299.908033682372	1.0333379861814	1	0.00162879478919702	0.119746711905319	0.0287897749209416	0.672497327588856	0.796117399874947	173.154060945061	5	0.030031381717742	0.00198289976339646	0.859539711191336	18.460085921195	5	0.000225631768953069	0	0	0	0	0	0	0	0	0											mouse
SRP103932	22	21303	-0.0909090909090909	1.00833333333333	-0.0909090909090909	-0.454545454545455	1.26041666666667	1.02501409766375	1.01589684829627	1.02770091146736	0.0756665539420827	0.118788967309924	0.995175077815958	53	28	0.00439887473508904	0.0904359799596248	0.0275494154588309	0.736517389630038	0.64495348888619	483.39814867713	5	0.932383366623596	0.261400474362208	0.999859174764118	212.023042447101	1.13037212511237	12	0.051618669953024	0.706062534303938	0.217897139006351	0.693430741015807	0.588225412920292	207.49150440354	5	0.596716188941961	0.00194054841441574	0.986978359855419	11.5602694770683	5	0.00023470872647045	25	28	0	43	0	0	0	0	0	0	0		0	0	0	-0.00247281480276177	0.025078103485356	-0.0271108673344609	0.2	mouse
SRP104179	14	18429	0.121716123890037	1.01503759398496	0.0888888888888888	0.121716123890037	1.01503759398496	1.0321245951377	1.00689572550832	1.04257780505868	0.193303042085913	0.416118167900715	0.988578308649732	0	0	0.040151522812006	0.591257371707234	0.150393939285492	0.290426773253826	0.610676560911363	17.8199984733804	1	1.16986760930022	0.00328241635119408	0.999620163872158	29.1393299532162	1.03067492996898	0	0.03628143555959	0.572879097617866	0.141384158696071	0.282228992909734	0.619875034125555	10.8216772268652	1	0.0405647434480698	4.45942451830699e-06	0.533615497314016	1.11816174224533	1	5.42623039774269e-05	0	0	0	0	0	0	0	0	0											mouse
SRP105166	17	17096	0.132410224425712	1.01784534038334	0.128571428571429	-0.1176979772673	1.01404741000878	0.993627493924817	0.940645251721375	1.01715481870263	0.242376285452291	0.360829543839472	0.976048546335513	829	1213	0.0394317423603545	0.893421834968337	0.201686619006145	0.358943475462667	0.663756196590585	18.117529705026	5	1.06228465024689	0.00623109202764916	0.906305568554048	26.9495629589821	1.01562484919126	722	0.025900798658077	0.649718184194262	0.147473381096476	0.381750850671459	0.676636126229648	21.6710571320463	5	0.168207320549996	0.00326393781026401	0.910903135236313	6.4968951679436	5	0.000292466073935424	15	814	399	135	0	0	1	0	0	0	0	0.0025062656641604	0	0	0	-0.135543382950158	0.00761093973537874	-0.136810451515349	0.933333333333333	mouse
SRP106312	11	22948	0.310529501704059	1.10671936758893	0.3	0.310529501704059	1.10671936758893	1.06404652301955	1.01484498855219	1.08346408511842	0.123777850346636	0.433424007734962	0.981246112182203	3941	4084	0.0663996937000868	0.657436832867361	0.184387646499421	0.309188105985293	0.55228827709728	24.313752594693	5	2.79751220837591	0.0484429363335929	0.999886700366045	42.1546332154961	1.07825371265047	3355	0.0537328426664	0.429642887705983	0.124252588788122	0.327610363904006	0.508444056191436	108.391997127826	5	0.6015552515585	0.0060933570140367	0.995964789959909	11.1980151975188	5	0.000217883911451978	492	3449	635	753	0	0	0	0	0	0	0	0	0	0.000233739837398374	0.00203252032520325	-0.0699295234199068	0.0673099839435107	-0.127967688129544	0.508130081300813	mouse
SRP106484	8	21128	0	1	0	0.5	1.33333333333333	1.0595462258464	1.03208715219299	1.07123839750003	0.0603805035785824	0.0875070303428487	0.987404767841565	0	0	0.000799041863387903	0.0980773916188376	0.0366087690532684	0.8916634731483	0.844358099252976	1329.09933573664	5	0.46268785908833	0.0774253084494715	0.999375236652783	579.541558000339	1.25412380342027	0	0.04540324611151	0.679006610468324	0.183021820749011	0.501288574850778	0.606911687256138	92.4705796534818	5	3.61623627697481	0.105148886947535	0.999886406664142	79.6770553265844	5	0.000236652783036729	0	0	0	0	0	0	0	0	0											mouse
SRP106605	40	20679	-0.776516366533119	2.51875	-0.870967741935484	-0.265229870050407	1.07567003514938	1.46866835863623	1.0404976311332	1.58800560343554	0.442277783172469	0.61635556440757	0.538987760600482	12688	1813	0.616482171419042	7.82991528787692	2.40201299682398	0.131372349238062	0.605807125866036	1.1244029478875	5	8.78570795783419	0.00263368013510969	0.993568354369167	14.2532459542033	1.03311367452449	12712	0.0341037784596599	0.245766192501162	0.0709572657807555	0.221358338754505	0.498635484833824	6.55117347009479	5	0.0572849238086306	0.000937837786905553	0.653929106823347	1.68040720679369	5	0.000241791189129068	11426	1262	551	305	5	0	0	0	5	0.000437598459653422	0	0	0	0.00024549273586557	0.000437598459653422	-1.53930256207527	0.281545946062238	-1.2679622752148	0.827761246280413	mouse
SRP106863	12	20677	0.25	1.06666666666667	0.25	0.25	1.06666666666667	1.03126144094326	0.958635894420056	1.06830787047466	0.380000915592066	0.394143882621822	0.707470773777222	0	0	0.12372220056529	3.59280770568825	0.875770688947388	0.164690050422563	0.692434188010859	4.05309567246913	3	0.949672664348451	0.000460851727025587	0.85199335815963	7.67924092592113	1.06401282417945	0	0.111306221105061	3.14843061599617	0.886406229945513	0.203540728388279	0.690441108443246	5.74970738497585	3	2.71413440210651	0.00113143170343537	0.948106591865358	24.3890436350991	3	0.000145088745949606	0	0	0	0	0	0	0	0	0											mouse
SRP106915	11	27038	-0.239045721866879	1.06060606060606	-0.142857142857143	-0.239045721866879	1.06060606060606	1.04164833011322	0.995319149249903	1.07192063988024	0.957769957143508	0.282406531878677	0.981358558066013	0	1	0.062991978586045	1.39273254034267	0.373718491719185	0.14434233179152	0.680628997707282	2.70120814465759	5	1.10973362850687	0.00124534611645874	0.812471336637325	17.6222058378734	1.04947148957673	0	0.0631347915057698	1.18657825889173	0.344646412213408	0.136518737609381	0.656206182985398	1.61613307497411	5	0.45203289793815	0.000457248144034957	0.747925142392189	7.16148906984856	5	0.000184924920482284	0	0	1	0	0	0	0	0	0			0								mouse
SRP107001	16	21427	-0.0158730158730159	1.00025201612903	-0.0158730158730158	-0.0158730158730159	1.00025201612903	0.888540004452693	0.729913378334777	0.970758396314496	0.0388527921925719	0.203671308810592	0.995076351681789	8	516	0.00469688695967516	0.199610646720612	0.0587199703325344	0.814094559120066	0.746576735420887	420.533644938226	5	0.283595880107308	0.00771242673765131	0.989181873337378	60.3867218517238	1.03026711873164	0	0.0010439602977388	0.0263595351638734	0.00662699768391885	0.653397908602251	0.672026603989557	156.188733680169	5	0.0558016616828581	0.035845882337019	0.997825173846082	53.4592884055767	5	0.000233350445699351	0	8	508	8	0	0	1	0	0		0	0.00196850393700787	0							mouse
SRP107211	8	17695	0.377964473009227	1.16666666666667	0.25	0.377964473009227	1.16666666666667	1.00645159395053	0.870705759303677	1.07274838061515	0.309808786779305	0.303230751309606	0.919455075577243	3	23	0.131546125927125	1.12151821487239	0.325302770627498	0.199832595652909	0.534765547845757	5.32965974988857	4	1.77395121408842	0.00674805797334647	0.99884148064425	13.4979290920974	1.1160656120961	1	0.071785663461076	0.612891428637847	0.175877396259126	0.23253043396884	0.531305425924925	7.66649333068141	4	0.51171120218053	0.00194055792095532	0.980093246679853	7.13018265403897	4	0.000226052557219554	0	3	20	3	0	0	0	0	0		0	0	0							mouse
SRP107214	8	20347	-0.258198889747161	1.07142857142857	-0.25	0.774596669241483	2.5	1.00183351217308	0.942238914730256	1.04390132291977	0.0448063934708378	0.118319095445154	0.95424756039831	352	493	0.0336913146052846	0.350684165868266	0.0987907028264741	0.456346678660614	0.543209695461012	158.419248992607	1	2.69861298750533	0.0366701459555511	0.999852558116676	80.1063068977219	1.65704136238156	31	0.0966766078265792	1.18798122480055	0.311978937967088	0.318184831880667	0.582069791867797	16.4994516719104	1	1.92256348643274	0.00186398326113204	0.998083255516784	19.8878984805094	1	4.9147294441441e-05	1	351	142	322	0	0	0	0	0	0	0	0	0	0	0					mouse
SRP107800	8	19968	-0.377964473009227	1.16666666666667	-0.25	0.377964473009227	1.16666666666667	1.12935303626303	1.08916655143958	1.14819381444158	0.948612776951194	0.274090292247459	0.931205907344316	0	0	0.113066346871543	0.911932446680188	0.260579965609535	0.215065568957102	0.520197247906266	6.34166739266769	5	1.07440881148212	0.00689032636431162	0.993890224358974	9.50586359261799	1.07086244121526	0	0.111621451202316	0.698189347106823	0.216798043153144	0.145840292545535	0.487198605317939	2.36017439019258	5	1.07176366469254	0.00581605782804002	0.831981169871795	9.60509438086782	5	0.000250400641025641	0	0	0	0	0	0	0	0	0											mouse
SRP108079	14	20032	0	1	0	0.288675134594813	1.09090909090909	1.01607107450752	0.978436248600608	1.03228217773467	0.0596017274057653	0.196437796667929	0.915442766085582	526	461	0.00212574492420115	0.851291347155051	0.192089505359404	0.835325098192041	0.903520881814833	129.224574699589	5	0.371921945527327	0.00235501365652087	0.963807907348243	175.067882704411	1.04955115949281	298	0.0464697679522057	0.73803001310142	0.175388767639013	0.566193103108469	0.592612940069671	55.7164339594486	5	0.353255211533998	0.00175724649162145	0.973702076677316	7.60356014013668	5	0.000249600638977636	85	441	20	233	0	0	0	0	0	0	0	0	0	0.000294117647058824	0.00029411764705889	-0.000150268032225791	0.0307590838588074	-0.0314483657995818	0.141176470588235	mouse
SRP108489	8	20231	0	1	0	-0.5	1.33333333333333	0.621145614054582	0.404139818979359	0.796454528338671	0.0945635203719362	0.209186958166479	0.978836476895589	11	807	0.019854639205773	0.569397399005521	0.136610795823289	0.565873178461691	0.687959436084677	257.291986816721	5	0.284262063386627	0.00673734627915524	0.95829173051258	14.3205611359165	1.12889844905453	1	0.205378905501871	1.53453076240214	0.446305003685425	0.250201222093865	0.501602735314889	10.0074493476674	5	1.80301046579005	0.0115510227107234	0.994147595274578	8.78149805989569	5	0.000247145469823538	0	11	796	10	0	0	0	0	0		0	0	0							mouse
SRP108495	20	16111	-0.100503781525921	1.01020408163265	-0.1	-0.301511344577764	1.1	1.01088607439197	0.979721376614084	1.02209056322161	1.01108866382907	1.24964523804472	0.996823955257976	4512	4587	0.0455793485639799	0.849083903598461	0.196458098716361	0.305607279372943	0.632404727374528	13.1249397486463	4	0.027070740557555	8.16155655858797e-06	0.292098566197008	0.593925569593336	1.07684164980399	3325	0.11441863998469	1.2795277130623	0.349103839662636	0.191476507698018	0.576575269333095	4.80183860601839	4	0.0492939622257785	5.71233607718817e-06	0.272872571534976	0.430536393120885	4	0.000248277574328099	206	4306	281	1238	0	0	0	0	0	0	0	0	0	0.000266990291262136	0.00485436893203884	-0.0361763760597524	0.0116198783067365	-0.0427111115811534	0.606796116504854	mouse
SRP108497	25	18442	-0.0451622302330946	1.00204379562044	-0.0448717948717949	0.116131449170815	1.01367088607595	1.00520192758324	0.979590279076301	1.01516222947814	0.795387621500012	0.31727440267487	0.993736776133099	1491	1495	0.0112958621802099	0.470334738831475	0.110234924129833	0.309057140531345	0.73431555044597	14.6150038670254	5	0.382637876699117	0.0113446291668986	0.837197700900119	33.926795101229	1.01172540972816	1361	0.0216103512777571	0.492495157125125	0.115053884836841	0.309741951555804	0.666206479583359	12.942701455508	5	0.297855390289246	0.00340123519505091	0.957141307884177	13.7863983602184	5	0.000271120268951307	47	1444	51	144	0	0	0	0	0	0	0	0	0	0.000319148936170213	0	-0.023030938027917	0.0117359980488723	-0.0379632194254504	0.531914893617021	mouse
SRP108593	15	17669	-0.166666666666667	1.02857142857143	-0.166666666666667	0.111111111111111	1.0125	1.00497360044522	0.93742392070751	1.03698158659822	0.906954985681331	0.532375306735539	0.946174953887132	465	352	0.0731120711370199	1.66585166019838	0.373511888852406	0.355549923906746	0.660348276695123	22.3293598939822	5	0.197381820296357	0.00472355245708337	0.71092874526006	2.6998297499819	1.00632405661346	316	0.0456406083563979	1.19284810379642	0.279825877541613	0.294761742198768	0.682951255338303	12.4870247569651	5	0.135662834612657	0.0041400805109976	0.771905597373932	2.97421349711671	5	0.000282981493010357	132	333	19	151	0	0	0	0	0	0	0	0	0	0.000303030303030303	0.00757575757575758	-0.0187521885507503	0.0311361608406565	-0.0496057669495532	0.348484848484849	mouse
SRP108622	16	22949	0	1	0	0.25	1.06666666666667	1.00909292984456	0.97950657884504	1.02162592439511	0.038439032468358	0.260573474192789	0.999448698017499	10424	10453	0.00128250300091703	0.104792458574107	0.0251280701269086	0.619733428515342	0.795032690951937	137.080953466083	5	0.602640403320393	0.0851381256276842	0.998666608566822	470.183053385712	1.04879914374732	9937	0.017774664354531	0.193691809952358	0.0504260283053424	0.311774878144866	0.555135945566172	19.4288026250782	5	0.418560914874578	0.0238146400081412	0.940476709224803	23.5593231152625	5	0.000217874417185934	180	10244	209	735	0	0	2	0	0	0	0	0.00956937799043062	0	0.00025	0.00555555555555556	-0.00258918649804235	0.0221692386817325	-0.0258112612937694	0.283333333333333	mouse
SRP108766	15	16758	0.0714285714285714	1.00512820512821	0.0714285714285715	0.339285714285714	1.13009009009009	1.00957864643466	0.979470233314386	1.02239099365493	0.0539524993081782	0.17773042138742	0.996333905960577	2154	2229	0.00491892551240446	0.110793792517363	0.0332744649375226	0.729700725577563	0.667419351158242	339.803654069591	5	0.763999845981139	0.185322792524763	0.999677765843179	155.353407451711	1.07548127813867	1991	0.0333146357521855	0.2579742947484	0.0983769402585068	0.595832229845402	0.515655851989752	832.141409120474	5	3.84045350076833	0.438385389266193	0.999785177228786	115.360991694678	5	0.000298364960019095	81	2073	156	393	0	0	0	0	0	0	0	0	0	0.000246913580246914	0	-0.00674700544213911	0.0197705299036046	-0.0262608616485165	0.358024691358025	mouse
SRP108808	9	23091	-0.395284707521047	1.18518518518519	-0.25	0.316227766016838	1.11111111111111	1.12437513013708	1.07668039409473	1.14747666898657	1.0734214497821	0.113882911741293	0.712661818988045	0	0	0.11620955322135	0.635646937783268	0.20617731876747	0.189041121063682	0.457458082737258	5.135602343772	5	0.40301340741578	0.0069165236169716	0.954839547875796	3.46886593781144	1.10998546412785	0	0.066533728617413	0.418738926690535	0.122685718465902	0.191225203455115	0.468491792250363	3.89687953852226	5	0.75268468962414	0.00740509252405681	0.809761378892209	11.3157184959906	5	0.000216534580572517	0	0	0	0	0	0	0	0	0											mouse
SRP109283	10	19562	-0.0890870806374748	1.008	-0.0833333333333333	-0.0890870806374748	1.008	1.02438364479227	0.962492790833247	1.05602365388248	0.991004562772021	1.33265138545826	0.996353153782041	98	72	0.0497296783712201	1.27467889400781	0.289543493980476	0.374800127771341	0.686410832551208	24.6675464569407	5	0.74353539638152	0.00419784808024455	0.952315714139658	14.9562438368355	1.02042548162426	73	0.057930111109305	1.61237901696478	0.370854020935624	0.380273228391476	0.700108534708919	28.181638562281	5	2.53205288779363	0.0105297560571309	0.916071976280544	43.7421731698877	5	0.000255597587158777	28	70	2	28	0	0	1	0	0	0	0	0.5	0	0.000357142857142857	0	-0.00147522524341793	0.0503151489988817	-0.0559409860658178	0.142857142857143	mouse
SRP109807	10	22421	-0.218217890235992	1.05	-0.2	0.218217890235992	1.05	1.01225156387209	0.952750589644101	1.03800158384088	0.0986176964955837	0.144831330894085	0.98252199267543	1312	1703	0.0274538521520869	0.259865738237338	0.0762134989877293	0.457659357649623	0.534279908357149	112.656243591835	5	1.66344313194585	0.118314386513507	0.999866196869007	60.6016547026401	1.02551452575776	1169	0.0234194411780468	0.216827206902707	0.0607222916344862	0.413605330102548	0.52713449422627	69.1925062851759	5	0.423624413500142	0.0128920720872298	0.995566656259756	18.0937828204077	5	0.000223005218322109	35	1277	426	219	0	0	0	0	0	0	0	0	0	0.000285714285714286	0	-0.0412525194657605	0.0192219694109628	-0.0616026235045718	0.657142857142857	mouse
SRP110495	23	18343	-0.150964909963885	1.02332192002067	-0.143939393939394	0.39727607885233	1.18740629685157	1.01293647215184	0.972231312294294	1.03040996169613	0.204348086430047	0.192161077607938	0.90030318617115	4027	4133	0.015957865667143	1.05667127088141	0.224501983820499	0.527037732509212	0.763715036682755	36.7593131722247	4	0.842747862499799	0.00330000639654825	0.986193643351687	52.8256322770885	1.10269527715854	3549	0.03385584847949	1.24638019940637	0.275381107617466	0.46742795032905	0.718105864419564	44.6445243997393	4	0.412165768814795	0.000419726066239687	0.909979283650439	12.1764115039881	4	0.000218066837485689	121	3906	227	613	0	0	0	0	0	0	0	0	0	0.000330578512396694	0.00826446280991736	-0.0331610716890096	0.0271167435072377	-0.0559184340049704	0.56198347107438	mouse
SRP110981	14	23170	0.166666666666667	1.02857142857143	0.166666666666667	-0.125	1.01587301587302	1.03388925998163	1.00076152045996	1.04723477819644	0.781659433790053	0.165416844078014	0.97483084717881	12	10	0.0266608469807503	0.348012105835125	0.0850132221568537	0.440912285137153	0.566529130807016	43.1927741689141	5	0.539907453531128	0.0229879754782186	0.997142857142857	20.2596084576647	1.03925180706718	9	0.00819311034605552	0.475272926215871	0.0899267861766665	0.598786540370736	0.762260971537625	47.3872060615253	5	0.019301953714297	0.000495317149801815	0.691799741044454	2.35610573769905	5	0.000215796288303841	2	10	0	3	0	0	0	0	0	0	0		0	0	0					mouse
SRP111204	13	16358	-0.3	1.0989010989011	-0.3	-0.3	1.0989010989011	1.04044875396424	0.97825568359132	1.06681448766798	0.046225634461447	0.280466295624733	0.985207132665854	6417	6416	0.0414210642233325	0.379908448546198	0.112474216432611	0.512018202529267	0.522358096458385	115.076178208646	5	2.23655281848913	0.140011778210185	0.999828829930309	54.0251427769351	1.07023032486807	5545	0.0316831722987595	0.262809839187822	0.0779710717122167	0.364344049871225	0.518042169710698	46.0179376352518	5	1.31636730882564	0.0855424418502498	0.99980437706321	41.5527023930354	5	0.000305660838733342	562	5855	561	964	0	0	3	0	0	0	0	0.0053475935828877	0	0.000284697508896797	0.00177935943060498	-0.136993018116974	0.0332124010298038	-0.157635646168672	0.758007117437722	mouse
SRP111291	8	21597	0	1	0	0.5	1.33333333333333	0.985434567237215	0.920396346078162	1.01331287725166	0.0331383669701486	0.0632875049349057	0.988002394317641	8	10	0.0008421996855245	0.0860636370577512	0.0316838246847063	0.864558400672413	0.832917159026386	778.835669763181	5	0.584366133731043	0.0901377046335652	0.999175811455295	694.06649856358	1.20072424619384	3	0.030058311352956	0.400411258168898	0.107467966305316	0.401344939317866	0.592397918711906	80.5863102470964	5	1.37255689486847	0.0540363627895232	0.994564059823124	45.6799137553492	5	0.000231513636153169	0	8	2	5	0	0	0	0	0		0	0	0							mouse
SRP111520	132	21390	-0.0903241016031136	1.00822555102229	-0.0904071773636991	0.0310273631461077	1.0009636249429	1.00319092529456	0.994744223767507	1.00675907668088	0.0571343821042525	0.0752720714500408	0.997676160763657	8892	9090	0.00339784917932401	0.0667532838698326	0.0231815573491317	0.784538141006221	0.645170743643052	873.680003114241	5	0.942282324377046	0.391344069659989	0.999906498363721	277.453866235407	1.00274868107209	8889	0.000572221780638652	0.0164379356780896	0.0051470656908085	0.77768792465821	0.692855470782238	2126.05104037458	5	0.170830547829484	0.458778870618915	0.929873772791024	298.697482470292	5	0.000233754090696587	90	8802	288	44	0	0	1	0	0	0	0	0.00347222222222222	0	0.000111111111111111	0	-0.0461054180447473	0.00217922369320439	-0.047425414509074	0.977777777777778	mouse
SRP111981	14	18703	0	1	0	-0.288675134594813	1.09090909090909	0.677815372200566	0.470082607082338	0.86102831629294	0.0438948766446309	0.104484825788618	0.954983372540527	3	77	0.004812177865718	0.431367201469313	0.0977172323341933	0.635860412241641	0.808489120678184	87.3767326759556	5	0.304754332285835	0.0025331584151894	0.975982462706518	63.3552263081072	0.878640738564177	3	0.121498717397035	1.14271286842653	0.306789655504525	0.377359311992536	0.526871912864008	24.105083198962	5	0.247683070625728	0.0108305115443381	0.799101748382612	2.0389363166542	5	0.000267336790889162	0	3	74	0	0	0	0	0	0		0	0								mouse
SRP112747	13	22111	-0.0714285714285714	1.00512820512821	-0.0714285714285715	0.238095238095238	1.06009615384615	0.992440624317299	0.931868116790599	1.02189879496749	0.802340070971301	0.390412381917412	0.984527965430206	0	0	0.031620147010116	0.566633233881227	0.140809779479276	0.380296912608103	0.63478693783552	48.7606683652824	5	2.77532777411755	0.0784172927712146	0.996083397404007	87.7878234252821	1.06900034769437	0	0.082099173333938	0.733577948884811	0.193007584120347	0.273412648646403	0.515240495798081	9.450259276991	5	1.01566319497613	0.00632249631111518	0.985192890416535	12.3731252944234	5	0.000226131789606983	0	0	0	0	0	0	0	0	0											mouse
SRP113528	8	17742	0	1	0	0	1	0.875607608860738	0.763217888308233	0.943179741872841	0.0557358867010121	0.0848154566512254	0.993819122855024	0	3	0.0012779000873642	0.0897742424341155	0.0235441022949034	0.70245034167306	0.796013062853702	174.838101770177	1	0.515439520493591	0.0270124575569379	0.999887273137189	403.388884252121	1.04595231734837	0	0.000913017075720045	0.0756837007336017	0.0342914831600933	0.908991834986022	0.819097191886915	2392.81358831634	1	2.29340497816231	0.251347462280916	1	2511.93179559342	1	5.6363431405704e-05	0	0	3	0	0	0	0	0	0			0								mouse
SRP113541	10	23007	0.218217890235992	1.05	0.2	-0.218217890235992	1.05	1.06255615368602	1.02334352536441	1.07850063122971	0.214158243510938	0.195217254186311	0.986681393224397	336	200	0.0248860658567123	0.379688069260983	0.105718372669978	0.553371362089904	0.609228879549462	147.262710161421	5	2.27942797737745	0.114401462350856	0.999826139870474	91.5963286311268	1.03322902676857	279	0.0313758639079	0.937726633264817	0.183248973720633	0.526469349401961	0.674238346297277	33.5736754637797	5	1.18639841962413	0.00880858254560295	0.992741339592298	37.817779159214	5	0.000217325161907246	144	192	8	96	0	0	0	0	0	0	0	0	0	0.000243055555555556	0.00694444444444444	-0.0088517156279764	0.0640937518054848	-0.0753089295165549	0.145833333333333	mouse
SRP113605	81	17281	-0.0418278163815712	1.00175263257	-0.0201465201465201	-0.0418278163815712	1.00175263257	0.993691386234152	0.960081088196123	1.00363128893078	0.337625411392893	0.266393779516694	0.996253465674544	6376	6836	0.005497357690049	0.216822396049183	0.0501391744618448	0.34858771664387	0.736025698756441	27.9688946584619	4	0.0944386557528903	0.000775240285646498	0.901235460910827	17.1823388664966	1.0054725397103	6286	0.00314012296278599	0.032728936969057	0.00819626161472701	0.329571396151688	0.540085966303692	42.182246451102	4	0.0153845717252189	0.000750457660385055	0.93382906081824	4.90197041802297	4	0.000231468086337596	22	6354	482	99	0	0	0	0	0	0	0	0	0	0.000227272727272727	0	-0.0762129507359945	0.00220751801121171	-0.0410138660715669	1	mouse
SRP113655	24	17872	0.250872603002127	1.06716417910448	0.25	-0.0836242010007091	1.00704225352113	0.982829760916175	0.865350735035772	1.03778484808578	0.153589336679396	0.146249537805686	0.84309790163368	153	775	0.0629053616120916	1.947901461809	0.408014074077209	0.470075792864289	0.69436563235137	32.3021714633257	5	1.12320620770405	0.00485513604417289	0.96544315129812	17.8709417333143	1.01785742588821	73	0.00743402339099787	0.334882832413124	0.0660980893632794	0.652144541814929	0.726812314864182	61.8039961906805	5	0.63461057738992	0.021777788266949	0.995434198746643	85.3985052077926	5	0.000279767233661594	8	145	630	80	0	0	4	0	0	0	0	0.00634920634920635	0	0	0	-0.69662697806492	-0.123924581254768	-0.450565500078456	1	mouse
SRP113777	32	20860	0.0626224291085149	1.00393700787402	0.0627450980392157	0.0626224291085149	1.00393700787402	0.998847860748526	0.969599775248384	1.01028330079667	0.0916083089157611	0.136595564211835	0.996656943570847	5144	5175	0.0050365933208568	0.158645177548887	0.037402362980896	0.647410546551624	0.697054055318032	116.024135813896	5	0.555717595529395	0.0734901406233992	0.999693192713327	110.418352051268	1.00691838342932	5143	0.00361342875627714	0.118064571219477	0.0301022611005146	0.723645903251854	0.702454766724084	358.865048258691	5	0.78496504185906	0.212468065877404	0.999846596356663	217.274228355913	5	0.000239693192713327	104	5040	135	108	0	0	0	0	0	0	0	0	0	0.000240384615384615	0.00024038461538467	-0.0223982273317723	0.00074578868425089	-0.0209156784343696	0.759615384615385	mouse
SRP114498	10	18184	0.218217890235992	1.05	0.2	-0.218217890235992	1.05	1.02812537509024	0.980867669202904	1.05149929370025	0.0526169691905614	0.117536135588628	0.944559288167794	0	0	0.02216602751437	0.386079880757593	0.0968864289576303	0.561046755036345	0.61532614004216	156.253322881549	5	2.22874552630494	0.134159467785904	0.999439067311923	100.582822236943	1.05476538928959	0	0.0163471874781898	0.293578997009542	0.0721351888093783	0.535288669505454	0.621008537331285	74.9963580034744	5	1.33044038130515	0.0899073102112779	0.998878134623845	81.4227017742284	5	0.000274967003959525	0	0	0	0	0	0	0	0	0											mouse
SRP114759	10	21764	0	1	0	0	1	0.999297394489604	0.944250800976571	1.02613369966713	0.100090988639972	0.103137765283219	0.996836405235345	92	102	0.00196615217292669	0.0736451872179896	0.0190011317256581	0.615634246453076	0.735071050822042	237.884185216985	5	0.382311070685796	0.142034252724738	0.999715125895975	194.468513059041	1.03732274768757	74	0.000677641192546451	0.0417374750802869	0.00983861419738274	0.571887535660381	0.777751415929294	81.3641607484669	5	0.032897947031083	0.00371514875965092	0.963407461863628	48.5655514071229	5	0.000229737180665319	5	87	15	18	0	0	0	0	0	0	0	0	0	0.001	0	-0.000796226412961197	0.0300897067787422	-0.0308859331917035	0.2	mouse
SRP114953	10	21303	-0.218217890235992	1.05	-0.2	0.218217890235992	1.05	1.06520712523228	1.0327478373599	1.08018568117805	0.446965054373386	0.705514432825272	0.990857338601829	2073	1873	0.0755637409794498	1.05340140491755	0.24612555676812	0.449918583531286	0.572667429475934	31.7651532940393	4	0.130408172927925	7.55001248723261e-05	0.546976951603061	1.72580355654163	1.02643752033961	1727	0.119602104843116	1.1637398146012	0.29689894270819	0.290760800116056	0.519928768339587	12.2376111530208	4	0.2847216908933	0.00036339788097019	0.742688823170446	2.3812031194912	4	0.00018776698117636	423	1650	223	389	0	0	0	0	0	0	0	0	0	0.000236406619385343	0.00236406619385343	-0.000911858493375564	0.0775754826480536	-0.0825133952718689	0.0969267139479905	mouse
SRP114994	55	24929	-0.0199204768222399	1.00039698292973	-0.0297619047619048	0.0896421457000795	1.00810081008101	0.993898898738698	0.971250089415773	1.00429413727891	0.114272884005313	0.257286244736195	0.996232103741578	1955	2292	0.00569379953178695	0.246619337287842	0.0555278768096843	0.410394189350786	0.74063968701351	28.7846324469235	5	0.515489092907151	0.0228769481283831	0.932063059087809	90.5621205377068	1.01245420144923	1661	0.0157117898173509	0.322431345149241	0.0757015022904962	0.322986559533542	0.651161150786315	14.334184928846	5	0.363187340508145	0.00407105842585792	0.984411729311244	23.1184027648898	5	0.000200569617714309	29	1926	366	332	0	0	0	0	0	0	0	0	0	0.000172413793103448	0	-0.0991266238471622	-0.0147629782800274	-0.0696666911455208	1	mouse
SRP115189	30	19124	0	1	0	0	1	0.99605797860706	0.962349484535562	1.01022575776644	0.371458691045665	0.0588140035432486	0.991510985607023	34	38	0.0011534233965927	0.16038270622879	0.0338625855672929	0.552342962775136	0.832166711646886	69.358299270896	2	0.034945524855205	0.00013510829184291	0.90697552813219	30.3016802774745	1.00285807984484	34	0.0006617604445079	0.109571234847011	0.0211390539702727	0.577533962765569	0.841532681059288	47.9623781536763	2	0.00364400151892816	5.48628828430246e-06	0.63409851495503	5.5065266429424	2	0.000104580631667015	0	34	4	1	0	0	0	0	0		0	0	0							mouse
SRP115474	12	16420	-0.447213595499958	1.25	-0.333333333333333	-0.447213595499958	1.25	1.11850911150408	1.05964633562994	1.14802498216852	0.0952011150718726	0.533896568005984	0.985202460415167	9010	8484	0.0752301253528945	0.712932049753554	0.190640173135956	0.279580252664348	0.534890072910549	18.3607043881204	4	2.81998104058863	0.0532796522241434	0.999908647990256	37.5002605475346	1.14096003090185	8373	0.0810632066249691	0.705028512590386	0.195894255583515	0.25510578726963	0.529667105846209	8.54190136278518	4	1.53985374296248	0.0152113421314453	0.999497563946407	18.9995953988919	4	0.000243605359317905	901	8109	375	985	0	0	3	0	0	0	0	0.008	0	0.000288568257491676	0.00110987791342952	-0.169731361622044	0.113753130008034	-0.282296943332368	0.597114317425083	mouse
SRP115833	8	14708	0.258198889747161	1.07142857142857	0.25	-0.258198889747161	1.07142857142857	1.04819989983784	0.92101675562653	1.10207701881978	0.741903850048646	0.447879077544446	0.94345269701891	1	0	0.0800038024809749	2.58352854744901	0.582233305253707	0.281922828170502	0.697864306663132	10.8065615935066	4	2.37088744901003	0.00568467625132082	0.984549224911613	29.6529172560549	1.08187777374697	0	0.0684740482470455	1.50069168324768	0.361989129695914	0.305724358541843	0.663666468452973	17.0152204597363	4	0.9843103767561	0.00272523862622219	0.942990209409845	14.3809302769575	4	0.00027196083763938	1	0	0	1	0	0	0	0	0	0			0	0	0					mouse
SRP115984	8	21488	0	1	0	0	1	1.01803825099412	0.957751542187407	1.04431551095958	0.53322435485866	0.424095802171934	0.969878343505854	2	1	0.015869935073741	1.37454345653475	0.305563341168969	0.34362748287018	0.791663664449411	17.800438232609	5	0.97973386741473	0.0112724229047749	0.978685778108712	61.7413966884054	1.0195678067722	2	0.02057860062585	1.45842527948485	0.342903861261781	0.284911642921396	0.777686433550404	12.0720666254067	5	0.55865264658154	0.000967134578536275	0.865822784810127	27.1564459459402	5	0.000232688011913626	1	1	0	0	0	0	0	0	0	0	0			0	0					mouse
SRP116137	35	22071	0.0294117647058824	1.0008658008658	0.0294117647058824	-0.0849673202614379	1.00727194492255	1.006448575765	0.990380174784523	1.01276963084887	0.104433923816439	0.0911868775823682	0.985873194929986	55	71	0.00183848891845419	0.125375903942949	0.043705217631675	0.907530958220665	0.805675603626831	476.300577812436	5	1.48485287461582	0.20910520134161	0.997018712337456	808.010556110171	1.0105679423149	40	0.005456311725585	0.12808681905715	0.0378964096365107	0.740380667466933	0.668405877327339	203.441942741429	5	0.43375963526038	0.036409640194993	0.998559195324181	79.5034467182208	5	0.000226541615694803	0	55	16	15	0	0	0	0	0		0	0	0							mouse
SRP116375	12	21096	-0.333333333333333	1.125	-0.333333333333333	0	1	1.02252549056282	0.953041632734401	1.06364792354583	0.924286820227287	0.17499071740957	0.847066816373862	2	2	0.0680216012714855	3.50422000006286	0.709983628416304	0.347457678297137	0.758541709063042	15.4432687280477	2	0.706054092521795	8.96711657094142e-05	0.889836935912021	10.3833615882593	1.01700598683475	2	0.030400765111737	3.31800767390038	0.674682841509605	0.391538589509163	0.81400953481395	21.3253947757779	2	0.896728325279902	0.000239244604249468	0.886969093667046	29.5047809122723	2	9.48047023132347e-05	0	2	0	0	0	0	0	0	0		0									mouse
SRP116558	8	22248	0.5	1.33333333333333	0.5	0	1	1.12926511964017	1.05299002929203	1.17107236411748	0.031490590568762	0.188684212974053	0.952578462677408	3860	3811	0.0706308575018035	0.560972785662781	0.195802971292766	0.538786265052532	0.518886421604278	250.72421105264	5	5.46007717094388	0.190572350831068	0.999910104279036	77.3202339274751	1.0145932975102	3800	0.00108718448936501	0.171688576766106	0.051053184961811	0.846066251650126	0.852750165279504	1005.07087114482	5	0.42790943334122	0.018162109692376	0.99047105357785	393.852590703402	5	0.000224739302409205	723	3137	674	206	0	0	0	0	0	0	0	0	0	0.000221300138312586	0.00138312586445367	-0.0885862458144156	0.144724325972223	-0.234312705555739	0.355463347164592	mouse
SRP117060	9	21018	0.395284707521047	1.18518518518519	0.25	-0.316227766016838	1.11111111111111	1.06601858690187	0.99188553294688	1.09765618227301	0.0885663447313681	0.094720691336401	0.866963836591869	3	3	0.0694702143668653	0.933509389820827	0.203563351050762	0.423828584592213	0.554760451388638	23.2805394940281	1	2.70472684286739	0.00834733117810737	0.999952421733752	38.9430092887146	1.08473615413477	3	0.0326612848397675	0.535069919192797	0.125724100158876	0.475302366604054	0.605579802567928	27.3954211244278	1	0.02871243948116	2.47128173403874e-06	0.454039394804453	0.879086437384188	1	4.75782662479779e-05	0	3	0	0	0	0	0	0	0		0									mouse
SRP117567	12	18225	-0.845154254728517	3.5	-0.833333333333333	-0.169030850945703	1.02941176470588	1.69488873708996	1.44977551852516	1.84348576223989	0.269585513944995	0.315971216005372	0.698127693950082	1949	2441	0.46701853814747	4.22866584238825	1.09848732848668	0.243610282059506	0.524354899433324	7.5519209944772	1	9.11433904017998	0.00370537984159827	0.999945130315501	19.5166138562496	0.999519843357542	2036	0.0413205720673994	0.665436308732856	0.16044328964128	0.445502506066772	0.604514481864079	34.3208599990382	1	0.25903979451801	0.000139130894378095	0.933333333333333	6.26938343391664	1	5.48696844993141e-05	981	968	1473	125	1	0	0	0	1	0.00101936799184506	0	0	0	3.05810397553517e-05	0.00101936799184506	-0.191988604436477	0.567257752906216	-0.762862837775782	0.259938837920489	mouse
SRP117580	15	17826	-0.534522483824849	1.4	-0.428571428571429	0.133630620956212	1.01818181818182	1.1750320841082	1.12509588948904	1.21733534773617	0.763241330202787	0.788890721641795	0.958041484630952	4715	4676	0.237149539406714	2.05120042886954	0.574637054625283	0.153476481008017	0.544235326662965	2.53700845760633	2	2.87094578158093	0.00248612521074086	0.998345113878604	12.1079373804707	1.01427587770866	4597	0.0421532036641505	0.877637899445044	0.222920350664778	0.44901874754609	0.656488606869965	41.9898346718036	2	0.638325156255985	0.00120491318265473	0.944968024234264	15.1442819790727	2	0.000112195669247167	759	3956	720	312	1	0	0	0	1	0.00131752305665349	0	0	0	0.000105401844532279	0.00131752305665349	-0.0963976795965126	0.156605432444592	-0.26221424036774	0.386034255599473	mouse
SRP117703	11	18278	-0.559016994374947	1.45454545454545	-0.5	-0.149071198499986	1.02272727272727	1.17707944247545	1.06966112531875	1.22451529284149	0.0523970762112134	0.106164358077043	0.479122375512302	0	0	0.100213260115953	1.34639451030587	0.356386316614314	0.514609716667975	0.580352297664795	60.1508474162005	5	5.26778073946634	0.0610661008204754	0.999617025932815	52.592714446052	1.03635184365104	0	0.0131462764603642	0.250126031251222	0.0637889616813378	0.619222431994026	0.628563978459962	113.700624356656	5	0.0352746948900702	0.000852441215351094	0.622004595688806	2.6834608993555	5	0.000273552905131852	0	0	0	0	0	0	0	0	0											mouse
SRP117757	8	20376	0	1	0	0	1	1.01445222452739	0.959752358348966	1.03847298940639	0.0365844266860887	0.0800307306484753	0.98166098138009	38	41	0.00141668881524635	0.220929428997915	0.0560207676273688	0.759263354395967	0.848284036544026	150.540024690284	1	0.070133547052231	7.67780084011304e-05	0.953670985473106	49.5190146538364	1.0339770426888	15	0.0010887678711983	0.219508706073354	0.0567693349189651	0.806526810879257	0.862148586153781	235.059586250035	1	0.021038656322781	6.74076724738309e-06	0.876079701609737	19.3249476857275	1	4.90773458971339e-05	6	32	9	23	0	0	0	0	0	0	0	0	0	0	0	0.000991970944055872	0.0142422080007346	-0.0170455005465194	0.333333333333333	mouse
SRP117955	15	21567	0.111111111111111	1.0125	0.111111111111111	-0.166666666666667	1.02857142857143	1.00161056059423	0.922611684556497	1.03395684194785	0.850843854149479	0.146791406560881	0.961117500606247	387	392	0.012157222442847	1.00913305662894	0.201647292678753	0.480130665164531	0.805225729358218	35.8135724129165	5	0.681889798706148	0.00249537631944159	0.974748458292762	56.1320758021531	1.02686085010016	322	0.0161550472475029	0.778452543867677	0.149864617802698	0.431141762843779	0.736562207463111	24.8926404877487	5	0.74692242490008	0.00496903408085784	0.986442249733389	46.2367032639542	5	0.00023183567487365	49	338	54	84	0	0	0	0	0	0	0	0	0	0	0	-0.0133280423680161	0.0310522835090478	-0.0434846629057253	0.26530612244898	mouse
SRP117958	10	23089	-0.2	1.04166666666667	-0.2	-0.6	1.5625	0.764251364870292	0.652417677363613	0.917361471296539	0.0628058699224614	0.12719508121903	0.719611155356682	0	0	0.121023309491358	1.07048911276978	0.285162550268241	0.312855682730707	0.517256402206076	13.7035829645978	5	1.81054446894647	0.010326819357686	0.997167482350903	14.9647740470539	1.16253761989626	0	0.324378846758266	2.00557846586315	0.629757088959355	0.172440850478535	0.482204248868327	4.21728630856386	5	2.63355560019378	0.00472287114864687	0.997973060764867	8.12348004403031	5	0.000216553337086925	0	0	0	0	0	0	0	0	0											mouse
SRP118141	19	21860	0.688888888888889	1.9031954887218	0.688888888888889	-0.366666666666667	1.15532734274711	1.27721053815046	1.12303398368733	1.39213398995888	0.264198948341351	0.263402974800334	0.638316568756912	2096	8489	0.40607305532353	3.73313461887719	0.917683117910176	0.2778345982538	0.508534690118453	8.85714324046746	5	6.1342889593806	0.0109431184026564	0.99903934126258	15.1146094970904	1.10265287186343	1084	0.0424583171123465	0.319770366515334	0.0952173092004214	0.29767854929539	0.508103735252843	25.5928288539336	5	0.56379443537255	0.0123379143104122	0.996468435498628	13.2798110997028	5	0.000228728270814273	275	1821	6668	1018	2	0	1	2	2	0.00727272727272727	0	0.0001499700059988	0.00196463654223969	0.000236363636363636	0.00363636363636364	-0.232380514081524	0.349389055836751	-0.583493040153822	0.36	mouse
SRP118346	16	21004	0	1	0	0.25	1.06666666666667	1.02000124537967	1.00040426400481	1.02717569119694	0.0705530424183633	0.147285651560315	0.998351808037528	908	871	0.000404969610031534	0.0360889515832394	0.0159472889775638	0.911261830885964	0.826113987206131	3342.2825551696	5	0.361608788765735	0.169439429045233	0.999561988192725	893.650520964036	1.05534265288944	667	0.0183355300076407	0.125608749177508	0.0535607666357024	0.64876800237875	0.495596374946362	897.152984947767	5	1.61818614556219	0.228657701751163	0.999809560083794	88.2860739213951	5	0.000238049895258046	72	836	35	252	0	0	0	0	0	0	0	0	0	0.000347222222222222	0.000347222222222301	-3.3042494883e-05	0.0224386302200886	-0.0230044148118838	0.0833333333333333	mouse
SRP118401	16	21507	0	1	0	-0.25	1.06666666666667	0.990865773865226	0.95221067721279	1.01772635017547	0.150504376169585	0.235594915311544	0.998088331835489	6816	6957	0.00160373424573371	0.112892598773368	0.0326156850696611	0.694951051204079	0.79082205930177	1254.71856210118	5	1.37667487546935	0.429304595855256	0.999879109127261	859.641281868061	1.05274429946132	6191	0.0186823294343261	0.20689261755081	0.0815921012935899	0.68495615573022	0.574545559498634	1500.20572248979	5	4.21359032817996	0.515684047457841	0.999888408425164	225.573755902714	5	0.000232482447575208	86	6730	227	701	0	0	0	0	0	0	0	0	0	0.000232558139534884	0	-0.00120415594727841	0.0221219941214685	-0.0263074938842508	0.209302325581395	mouse
SRP118915	9	15918	-0.316227766016838	1.11111111111111	-0.3	0.632455532033676	1.66666666666667	1.07472172893958	1.00497646866523	1.10549644565282	0.120069575987077	0.423349421314803	0.930985458230807	3276	2480	0.049436329600432	2.83429802544331	0.564140206940231	0.511255137347224	0.767209543491981	32.6922754229599	1	2.06232631257781	0.000836634629956171	0.981027767307451	41.7347917677909	1.36632784687921	982	0.108765822846939	3.49780833879753	0.735479861226074	0.363188922305445	0.700114980650492	17.3723621910456	1	1.55377077234608	0.000280189643971217	0.949553964065837	14.2914459396578	1	6.28219625581103e-05	907	2369	111	2309	0	0	0	0	0	0	0	0	0	8.26901874310915e-05	0.00110253583241455	-0.0425033735260306	0.0874825866858851	-0.12298951385454	0.338478500551268	mouse
SRP119123	14	24055	0.228217732293819	1.05494505494506	0.25	-0.0912870929175277	1.00840336134454	1.03838001195867	0.993114438790974	1.06409597292104	0.501124248040702	0.624293163447588	0.971949385497826	26	8	0.0842930737737858	1.5971185923764	0.372628570897405	0.377243658898073	0.618765189597242	21.4686322635959	5	1.24141988027792	0.00232072569596487	0.951660777385159	14.730434167817	0.968310662264023	218	0.040722604099615	1.32486164747726	0.302327978622056	0.479594735051543	0.691428279162952	40.578627594511	5	0.16635036573933	0.00017995312519717	0.801937227187695	4.08536621048229	5	0.000207856994387861	18	8	0	0	0	0	0	0	0	0	0			0.000277777777777778	0	-0.0116046337853245	0.0668601847389111	-0.074418186781916	0.222222222222222	mouse
SRP119667	12	20302	-0.377964473009227	1.16666666666667	-0.285714285714286	-0.377964473009227	1.16666666666667	1.09313754606765	1.05556769426691	1.11634483561502	0.391597076921652	0.668848153646023	0.992779112986586	7049	6274	0.0878898472414835	0.7937324893338	0.210476103024369	0.268792564169828	0.522603130340208	13.5774637120022	2	2.66016307351821	0.0156930152252671	0.999901487538174	30.2683405059175	1.08873227464321	6319	0.090381385774453	0.842448928888345	0.227918731855269	0.207583818112232	0.539032825501323	5.00756469169899	2	0.62586866897214	0.000778817386169064	0.963279479854202	6.92486354127543	2	9.8512461826421e-05	1113	5936	338	1126	0	0	1	0	0	0	0	0.0029585798816568	0	0.000125786163522013	0.000898472596585804	-0.0472100942439904	0.0949218010001709	-0.144004857711613	0.336927223719677	mouse
SRP119675	12	20581	0	1	0	0	1	1.02031890508105	0.96006555701676	1.04205974674517	1.00484874720469	0.151249765495931	0.963078647168981	132	166	0.00248248645362101	0.862597286155476	0.166685065261851	0.649099473778257	0.875158686733039	70.1500840416454	4	0.811191433249115	0.0100568201207662	0.98694183956076	326.811057124107	0.989660556084028	163	0.00388216264064598	1.33127130217015	0.278274398810952	0.56393844992817	0.857120789366392	60.5469101104526	4	4.25699462097809	0.0385817375867668	0.949820222535348	1096.78104993517	4	0.000194354015839852	3	129	37	7	0	0	0	0	0	0	0	0	0	0	0					mouse
SRP119845	19	28509	0.215410109213832	1.04865938430983	0.159090909090909	0.215410109213832	1.04865938430983	1.0207013350201	0.956919941039121	1.04549037188531	0.537023822369009	0.189018774365405	0.473900697518614	0	3	0.050608991240076	3.46464304239425	0.89415883318945	0.549914967804536	0.77585974393028	51.1755426569129	3	5.67243171804789	0.00362076486731727	0.971786687244964	112.088168604572	1.02171795043317	0	0.038653851497597	0.699553252919043	0.195468064335116	0.314058165836706	0.641403836437204	36.6933140011302	3	0.49066968991113	0.00222188408913063	0.945105054544179	12.6997310414603	3	0.00010522992739135	0	0	3	0	0	0	0	0	0			0								mouse
SRP119934	14	19639	0.100503781525921	1.01020408163265	0.0833333333333333	-0.251259453814803	1.06738544474394	0.826270984666905	0.686977780069572	0.935667823995391	0.992408769558448	0.163675870646108	0.941498929881438	1	22	0.054620041654146	0.514858811096047	0.133865397453933	0.277843974714262	0.528949664983627	13.5119937906001	5	0.031039338272519	0.000214704740891234	0.464158052854015	0.568257237622201	1.02284633946849	1	0.0568446638122479	0.633596833173212	0.153020272086271	0.446978185239828	0.532932870290426	28.5103484355043	5	0.0544035924634929	0.000127118553346719	0.475737053821478	0.956900856992577	5	0.000254595447833393	0	1	21	0	0	0	0	0	0		0	0								mouse
SRP120038	15	18288	0.0714285714285714	1.00512820512821	0.0714285714285714	0.0714285714285714	1.00512820512821	0.982653746598401	0.925437399040965	1.00835050883212	0.0760326704124955	0.235512557282362	0.967867011396393	0	0	0.013903349748196	0.517856528971337	0.113719082633027	0.540483567744262	0.722042851728692	56.0935572767865	5	0.648768112952687	0.0109491964033124	0.989260717410324	46.6859689954755	1.01118146615287	0	0.0109286899145355	0.400919600153959	0.0914873657335959	0.610933878935354	0.718854293409499	102.825677594032	5	1.54101571707848	0.0930166974533152	0.993875765529309	141.084965050267	5	0.000273403324584427	0	0	0	0	0	0	0	0	0											mouse
SRP120168	8	22504	0	1	0	0	1	0.943238200181273	0.865609542418335	0.999004441658098	0.0993202943683427	0.283892449946066	0.975193176898761	0	0	0.00601536366463125	0.601554050710008	0.124061620105764	0.537652356691451	0.814418540343406	49.9354439655669	5	0.328816858765322	0.00331827390246319	0.974422324920014	54.6800046366884	0.992749600871564	0	0.00380777583255804	0.644090553187503	0.12783189278348	0.553012370400555	0.840952879065544	49.9363429524533	5	0.010532289816067	0.000364532506006994	0.732056523284749	2.76752312009289	5	0.000222182723071454	0	0	0	0	0	0	0	0	0											mouse
SRP121631	20	22557	0	1	0	0	1	0.961559494086062	0.870509554872605	0.998242886332979	0.048559563061171	0.192560781038738	0.995605932797273	3857	4805	0.002444727655454	0.323779449924032	0.0757034753792243	0.720037499236951	0.833796167256213	163.595001263894	5	0.227376659709687	0.00331554837199438	0.981637629117347	93.0422240832593	1.00588335107344	3827	0.00137341955339604	0.150114555683124	0.0321440458822264	0.584911821764923	0.818295955730363	59.0063152471486	5	0.168451588755119	0.00719485657219458	0.876579332358026	122.688085052323	5	0.000221660681828257	9	3848	957	102	0	0	0	0	0	0	0	0	0	0	0	-0.206439704705783	-0.0635567129968496	-0.156799695744078	1	mouse
SRP121790	17	27777	-0.29012942659283	1.09191176470588	-0.277777777777778	0.203090598614981	1.04302019315189	1.05731117635084	1.03451523442691	1.06613858307947	0.156152595410306	0.391973496188227	0.943162681733303	0	0	0.103947697522193	0.832413389009399	0.247653643326375	0.203566364612874	0.52698205372605	8.2466553456357	5	2.76764030215097	0.0251653448199623	0.999913597580732	26.6315086985777	1.0232855710462	0	0.104472456259145	0.695785523043708	0.210188266946049	0.162798323060808	0.498473339649988	3.31969154137448	5	0.15814490898774	0.000242338921482777	0.58202829679231	1.51387023742924	5	0.000180005040141124	0	0	0	0	0	0	0	0	0											mouse
SRP123512	12	18590	0	1	0	0.333333333333333	1.125	0.933072353851981	0.806172787844277	0.992237464833758	0.0484412636889325	0.116784035275787	0.936750286541333	37	245	0.00300584765831699	0.488755407815763	0.121626200886671	0.823217067866941	0.855845946863082	166.213510209738	5	0.320837256163302	0.00338601106418856	0.97624529316837	107.004498097873	1.07047961469265	10	0.0375771615098067	0.666314778660535	0.161157834251264	0.551477626511495	0.614511225890742	134.753652169721	5	3.69833878029427	0.136914132346392	0.999365250134481	98.4877463060805	5	0.000268961807423346	0	37	208	28	0	0	0	0	0		0	0	0							mouse
SRP123761	12	22636	0.333333333333333	1.125	0.333333333333333	0	1	0.989679635913832	0.88876873851335	1.03677644819943	0.160079594033404	0.0942748502542105	0.904418339858239	27	129	0.066778048165787	0.472687686814708	0.138289217285882	0.29598080893284	0.487450868607265	19.1438678305993	5	1.39273529468931	0.0275642138029811	0.999690758084467	20.8597501629348	1.0134501116879	8	0.0017683404837395	0.132291012019701	0.0309359486866522	0.640321000726194	0.79531991350516	144.129104767081	5	0.10669744317342	0.0034349708789858	0.931012546386287	60.3615745370191	5	0.000220887082523414	0	27	102	19	0	0	0	0	0		0	0	0							mouse
SRP124300	11	22442	-0.670820393249937	1.81818181818182	-0.6	-0.260874597374975	1.07302533532042	1.3824129010762	1.31868397325166	1.41279720219847	0.364023729706353	0.089415437924614	0.652425673135468	0	0	0.0890319613755874	0.991963046533949	0.277664348791144	0.437474863414436	0.565330404732951	49.1638570409514	5	4.3154005449964	0.0659901849603179	0.999910881383121	48.4740720131551	1.04097150323646	1	0.0295954963123698	0.329605613362806	0.0876595039553756	0.376133498948563	0.557099996706391	145.71162672891	5	1.11083235845771	0.0950082148115438	0.999670261117547	37.5445915358675	5	0.000222796542197665	0	0	0	0	0	0	0	0	0											mouse
SRP124639	9	20411	0.1	1.01010101010101	0.1	0.1	1.01010101010101	1.00336002492038	0.935222081322696	1.04283737433375	0.455493797569787	0.160554618345584	0.984670462572886	0	0	0.0132794809204574	0.337955040011978	0.0807367636220409	0.690915111031444	0.66250134362248	183.556961549053	5	1.65213361848252	0.08606551307466	0.999480672186566	124.438447234922	1.00336002492038	0	0.0132794809204574	0.337955040011978	0.0807367636220409	0.690915111031444	0.66250134362248	183.556961549053	5	1.65213361848252	0.08606551307466	0.999480672186566	124.438447234922	5	0.000244965949732987	0	0	0	0	0	0	0	0	0											mouse
SRP124677	19	23254	0.0272165526975909	1.00074128984433	0.0333333333333333	-0.231340697929522	1.05654470749364	1.00615453292074	0.978089838764947	1.01931916756382	0.182542742739504	0.126184188810396	0.99552217223688	0	0	0.00342929370210852	0.11192473523861	0.0299844246612665	0.712158912956673	0.709767247705839	266.315230593523	5	0.361721719215597	0.0654656370865769	0.996714543734411	105.500545913315	1.02724943710275	0	0.0335761669130843	0.293745296652592	0.0796600525946703	0.313726709468621	0.517232501972105	16.7715805012188	5	0.068835418233518	0.00044171960290309	0.741068203319859	2.05049027643967	5	0.000215016771308162	0	0	0	0	0	0	0	0	0											mouse
SRP124835	9	18960	0.395284707521047	1.18518518518519	0.25	-0.316227766016838	1.11111111111111	1.13855326011114	1.08312522518985	1.16246437893135	1.22402869123826	0.277214283470831	0.829750608494076	0	0	0.109477599280142	1.62438884363911	0.491406886036763	0.106264965533888	0.631128820261799	0.875502418442986	5	1.55828896549376	0.00196752195205777	0.982594936708861	14.2420349530261	1.08051910289355	0	0.08982578228909	1.2234438233314	0.422641608139164	0.0667629215252153	0.623476266737129	-0.471691443360593	5	0.92841706552743	0.000803950728706202	0.844430379746835	10.3512431720852	5	0.000263713080168776	0	0	0	0	0	0	0	0	0											mouse
SRP124979	8	17020	0.377964473009227	1.16666666666667	0.25	0.377964473009227	1.16666666666667	1.13780188589925	1.09668217059505	1.1546740366106	0.150389223497683	0.187054685861884	0.931376172782491	0	0	0.0514486813353962	0.564513062490214	0.147790009154534	0.375742400365538	0.55620342869955	27.3605919486531	4	2.19256476694868	0.0539850758051776	0.999911868390129	42.6265850191206	1.14115405468761	0	0.056774169822096	0.550342066343554	0.145642333731415	0.298666952722412	0.537792103404079	14.8698769106805	4	0.6980973019665	0.00496547632561062	0.991759694477086	12.3004785532049	4	0.000235017626321974	0	0	0	0	0	0	0	0	0											mouse
SRP125082	17	20884	0.180555555555556	1.03369890329013	0.180555555555556	-0.0555555555555556	1.0030959752322	1.04172464961136	1.02656365951895	1.04690574641315	0.0711455404072394	0.140786212284656	0.993665573894	446	379	0.0160363498135569	0.215393927436306	0.0649979688710115	0.603711537647276	0.586068544064316	439.804236606639	5	1.9469368351367	0.262436306822214	0.999894656196131	121.49695312578	1.01049509502251	432	0.00789410582667671	0.202915792881028	0.0533903728499498	0.668295787787384	0.678426234524001	229.40741720529	5	0.46273088906656	0.0209154907665843	0.880090021068761	58.6323778016799	5	0.000239417736065888	73	373	6	33	0	0	0	0	0	0	0	0	0	0.000205479452054795	0	-0.027252372413587	0.0332647155083701	-0.0559795845920383	0.465753424657534	mouse
SRP125225	24	22586	0.0836242010007091	1.00704225352113	0.0833333333333334	0.250872603002127	1.06716417910448	1.00008833283812	0.95327879812718	1.01841388170274	0.584809630982582	0.0907413247210977	0.825465389367349	32	42	0.00571256812750347	0.77150480566137	0.160695947554715	0.577537884154901	0.827913224628842	56.877692617798	5	0.807829793170816	0.00986146494732251	0.991144957053042	141.451225795766	1.03772161791166	15	0.0198124933388718	0.481919914995021	0.117676773607401	0.450278859171656	0.670901968790635	43.1678051093107	5	0.020786678081484	0.0186077278103841	0.551536349951297	1.04926394570461	5	0.000221376073673957	0	32	10	18	0	0	0	0	0		0	0	0							mouse
SRP125336	22	29635	0.182574185835055	1.03448275862069	0.183333333333333	0.547722557505166	1.42857142857143	1.02384260166569	1.00351630957709	1.03190979343393	0.0707862624575934	0.10996863604149	0.987831696208368	2021	1826	0.0103583655209829	0.147884533072258	0.0474459825069685	0.6738174691355	0.600753193669274	445.778612032906	5	1.36810060514078	0.125350427777507	0.999763792812553	132.118092654545	1.19808005109854	1383	0.0405558781851463	0.438175333428998	0.118898466330167	0.367287863803057	0.556600882796074	51.7944140869819	5	2.3663669140385	0.0603844759591531	0.991084865868061	58.3573259027699	5	0.000168719419605197	231	1790	36	734	0	0	0	0	0	0	0	0	0	0.000194805194805195	0.00432900432900433	-0.0414361995958464	0.0169139230350417	-0.0555482937440351	0.683982683982684	mouse
SRP125353	10	20484	-0.408248290463863	1.2	-0.416666666666667	0.408248290463863	1.2	1.11472440462716	1.01462635452527	1.14486572400621	0.718366223279121	0.396980932239508	0.952044582132492	3123	22	0.117287115110743	3.2400778056827	0.680354805121265	0.497094407835365	0.666352892598026	32.5549391978328	5	0.895122501672828	0.00164597512142832	0.90983206404999	7.63409729404669	1.10217133590754	47	0.139224008195592	3.01633729008635	0.658419903788734	0.49454515685091	0.633597576762945	33.1232161008325	5	0.782912054573848	0.000416914503702686	0.859080257762156	5.62694940689207	5	0.000244092950595587	3101	22	0	3077	0	0	0	0	0	0	0		0	0.000254756530151564	0.000653015156401163	-0.224916585724503	-0.013707429937487	-0.200932305410493	0.914866172202515	mouse
SRP125665	11	19736	0.571428571428572	1.48484848484849	0.571428571428571	-0.214285714285714	1.04812834224599	1.27338987837469	1.18791065595458	1.31755483559391	0.413431228527383	0.37889237959248	0.788935982940641	5993	4427	0.0700702899207616	3.12750674014389	0.769451095921701	0.199000368972169	0.72900603663019	4.9933363633039	5	6.03161263204168	0.0120293831995371	0.999898662342927	86.1213687458944	1.01484626837485	6403	0.0294879982393855	3.84551344982851	0.695228918996348	0.468269509884748	0.824388751273646	27.1906086451747	5	0.21551637591142	0.000110854007457062	0.736248479935144	7.30877873897745	5	0.000253344142683421	1667	4326	101	213	0	0	0	0	0	0	0	0	0	0.00023995200959808	0.0011997600479904	-0.0375109075046683	0.252313721599373	-0.309781472678222	0.193161367726455	mouse
SRP125705	49	22694	-0.360180135112599	1.14906832298137	-0.378378378378378	0.0600300225187664	1.00361663652803	0.967176449268337	0.89799060716368	1.03270676495202	0.455470657839657	1.39186741758871	0.957356581397641	14950	9460	0.616361338172466	2.49577844205277	0.95491900372892	0.0919315786340824	0.423454644409265	0.206458628790114	5	2.98039029454459	0.00233055490365711	0.996994800387768	4.83696569222744	1.00443134429336	15012	0.020841058292391	0.20074536509437	0.0551248499761124	0.300908002154002	0.550283774864718	15.5383922061423	5	0.0158851620816298	3.82090494777336e-05	0.494359742663259	0.762137604265896	5	0.000220322552216445	5864	9086	374	100	4	0	0	0	4	0.000682128240109141	0	0	0	0.000220839017735334	0.000511596180081855	-0.513971633839157	-0.0617555269344771	-0.445763155864761	0.984993178717599	mouse
SRP125804	10	17341	0.333333333333333	1.125	0.2	0.333333333333333	1.125	1.04593816941529	0.965489535009232	1.07849405576397	0.0600922605952887	0.205545740845058	0.9614506022541	1537	1312	0.0481168038943751	0.617377763028336	0.155871003721013	0.514815895390988	0.564652780793092	46.6734957171512	4	1.55678498514696	0.023338193812803	0.998587163370048	32.3597411726064	1.04593816941529	1312	0.0481168038943751	0.617377763028336	0.155871003721013	0.514815895390988	0.564652780793092	46.6734957171512	4	1.55678498514696	0.023338193812803	0.998587163370048	32.3597411726064	4	0.000230667204890145	417	1120	192	417	0	0	0	0	0	0	0	0	0	0.000239808153477218	0.00239808153477218	-0.0799112318670635	0.0441002178761778	-0.109589474830785	0.594724220623501	mouse
SRP126161	9	23070	-0.1	1.01010101010101	-0.1	-0.1	1.01010101010101	1.0280758522678	0.974139546741851	1.04983662156723	0.721936984396425	0.293936124264171	0.983955392656377	3316	3005	0.0124791519540751	1.06181599079474	0.221745587815906	0.394802682854952	0.79743798897916	21.8003556671448	5	0.053760143394031	0.00241345720750032	0.751582141309059	4.30926656657854	1.02248240637261	2954	0.012850114959769	1.09579159492342	0.240050451084471	0.417855836596003	0.799414753151303	52.7022176444075	5	0.067646276395438	0.0105154607364302	0.808235804074556	5.26725433764061	5	0.000216731686172518	381	2935	70	416	0	0	0	0	0	0	0	0	0	0.000236220472440945	0.0026246719160105	-0.00918903667660322	0.0447274769781108	-0.0540308030054467	0.215223097112861	mouse
SRP126245	14	22838	-0.74535599249993	2.25	-0.714285714285714	-0.149071198499986	1.02272727272727	1.54617079904526	1.43279971260082	1.59764861334252	0.860155876192333	0.394885381071786	0.754288160355548	876	526	0.54963778211853	4.48302016231305	1.24976108926765	0.18808732698644	0.5317876085561	3.52099127337428	5	5.58842327294935	0.0049354251087451	0.994973290130484	10.1715969479641	1.01128077349098	736	0.069995326123347	0.646914782289902	0.170905829676272	0.223308353622178	0.537441754611132	6.93892335567847	5	0.151828848916621	0.00039482714434724	0.696400735616078	2.16929482300831	5	0.000218933356686225	578	298	228	158	4	0	0	0	4	0.0069204152249135	0	0	0	0.00027681660899654	0.00173010380622837	0.0440394768164047	0.552190576781869	-0.530336723971307	0.0847750865051903	mouse
SRP126349	8	21450	0	1	0	0	1	1.04537697992736	0.998989340958997	1.064016512404	0.646723868262416	0.0836574288297608	0.987592003471361	0	0	0.00135998872001605	0.179363522628136	0.0462199066708649	0.786520091909184	0.841951912984001	170.597947458435	3	0.87676872882263	0.041219333124315	0.999222999222999	645.041930511518	1.01715406579293	0	0.00130829490148039	0.175496930135377	0.0423561558821939	0.746522479586998	0.837425898309523	146.059803951435	3	1.06875859584369	0.0704006089104864	0.99978243978244	818.155586209037	3	0.00013986013986014	0	0	0	0	0	0	0	0	0											mouse
SRP126416	8	18234	0.577350269189626	1.5	0.5	0.577350269189626	1.5	1.32012716214709	1.30110983174733	1.34152544549191	0.265674329544244	0.44726553682761	0.966181685726899	31	0	0.086190751924707	0.674860950681842	0.204300935073014	0.351295633567945	0.507913360571274	103.144014838733	5	5.02081398939704	0.157168773403675	0.999890314796534	58.2655595277522	1.33537581309518	0	0.063284393361085	0.6496840925089	0.174117118598131	0.227867347174816	0.556614209588409	7.28747695784318	5	0.92111285913495	0.00630059695747147	0.879565646594274	14.5572389994626	5	0.000274213008665131	31	0	0	31	0	0	0	0	0	0			0	0.000161290322580645	0	-0.0202250947291729	0.190557901047346	-0.211433134238797	0	mouse
SRP126545	14	19042	0.125	1.01587301587302	0.125	0.125	1.01587301587302	1.02011206577605	0.966902606988334	1.04249567654714	0.544313069838926	0.159543110057816	0.982239531482216	385	316	0.0137555672967856	1.09029444840509	0.221534411280983	0.617815982563187	0.795680440966183	59.0026939009687	5	1.41883681924363	0.00986891370725982	0.989769982144733	103.186460506674	1.02500516375472	1287	0.0105072199448096	0.644087680553035	0.142956508449156	0.442138453781187	0.776126542973705	34.5749768015982	5	0.82209382224402	0.00680027577604209	0.961443125722088	78.2817628647623	5	0.000262577460350804	108	277	39	0	0	0	0	0	0	0	0	0		0.00037037037037037	0.00925925925925926	-0.0224364472560003	0.0288887634556504	-0.045738107139465	0.425925925925926	mouse
SRP126565	15	17018	0.106600358177805	1.01149425287356	0.113636363636364	0.426401432711221	1.22222222222222	1.02355553289167	0.970634703498733	1.04202375761965	0.868296330353042	0.782363797257577	0.971239070762325	6827	6872	0.0207680497928801	1.74634508036297	0.404385895516502	0.488647226006696	0.780394333574568	55.9744967797158	4	3.92867192987509	0.0254704395552016	0.998736631801622	189.272246606761	1.11552240075023	5844	0.13329165450766	1.6083535300283	0.476806549814075	0.164447689249967	0.598866105178654	3.13788224255342	4	1.11464591255341	0.0019983402224256	0.891982019038665	8.36696495252885	4	0.000235045246209895	205	6622	250	1047	0	0	3	0	0	0	0	0.012	0	0.000317073170731707	0.00487804878048781	-0.0160009551316012	0.0427811985565885	-0.0589785427062756	0.302439024390244	mouse
SRP126673	8	19154	0.577350269189626	1.5	0.5	0	1	1.24637441975301	1.17769660879518	1.29344481726109	0.749340836883993	0.389683351776122	0.948392274266066	9	0	0.228600067208609	2.66411824078626	0.602115535736321	0.38613961579709	0.519441148094368	19.8395883442436	1	5.97148862280955	0.00509251719866032	0.999947791584003	26.1247879502335	1.01571275718679	4	0.00896172740216951	2.07731917993624	0.516791767556491	0.431565529311973	0.869461891892191	34.8744364906861	1	0.42033674341197	3.38004713155679e-05	0.895269917510703	46.9068786877305	1	5.22084159966587e-05	9	0	0	5	0	0	0	0	0	0			0	0	0	0.0058544036844351	0.376514016404824	-0.370650750200518	0	mouse
SRP126777	8	19354	0.258198889747161	1.07142857142857	0.25	0.258198889747161	1.07142857142857	1.06939611725002	1.01324079463325	1.09490237998415	0.280675455472066	0.286014891825609	0.979888520182693	1500	680	0.0379457874227548	0.423104728592347	0.141463010616483	0.688847341206247	0.559458035977819	343.232747147051	5	3.01303098588785	0.118645476819544	0.999627983879301	79.4240477607935	0.958972186145351	2109	0.059053947138664	0.502351278419066	0.141479412138597	0.381870155104339	0.511903574792529	34.4385357828762	5	0.0339272398941897	0.000196264732616389	0.51022010953808	0.574506838903988	5	0.000258344528262891	842	658	22	54	0	0	0	0	0	0	0	0	0	0.000273159144893112	0.00121733966745844	-0.0406408795300078	0.0652677443761408	-0.0995024370499385	0.381235154394299	mouse
SRP127005	10	20341	0	1	0	0	1	1.01817658510607	0.978408856261139	1.03491176122368	0.0334283404982769	0.120702629035691	0.999694841172937	5257	5200	0.00037508728628699	0.0411972658268304	0.00936598806698961	0.60627496167555	0.817935573314713	104.971975602111	5	0.107887706149907	0.0673034597566504	0.955626567032103	287.951450252775	1.01736022183308	5292	0.00040059366747297	0.0655728752106788	0.0800719072169639	0.991014401401859	0.907206051384898	1662.613320648	5	3.84905690318373	0.5892261474454	0.999901676417089	9616.34182119714	5	0.000245808957278403	197	5060	140	173	0	0	0	0	0	0	0	0	0	0.000279187817258883	0.0050761421319797	-5.09954625511942e-05	0.0316323980847207	-0.0329919210965987	0.0609137055837564	mouse
SRP127264	29	24422	-0.109589250939901	1.01215579260729	-0.116666666666667	0.193085823084588	1.03872592005884	1.01321252656543	0.996219443267239	1.02057518579406	0.483859587343267	0.157366301589693	0.990878107934407	32	31	0.0141957450395649	0.19370979435428	0.0520314047116077	0.542475804006299	0.582833709019452	258.675270162019	5	1.30453665221398	0.141352501897474	0.999787077225452	91.9442809776473	1.03262307111241	28	0.0188433951423438	0.165510681399157	0.0457228304554831	0.319616192496978	0.521670490158395	39.0610232408777	5	0.0499551924710902	0.00259375105710008	0.681582180001638	2.65114157106574	5	0.000204733437064941	2	30	1	5	0	0	0	0	0	0	0	0	0	0	0					mouse
SRP127681	9	22046	0.1	1.01010101010101	0.1	0.1	1.01010101010101	1.0072405377326	0.95044496051753	1.04397335604669	0.275512490491776	0.184046727839218	0.992096558468672	361	339	0.022660783430475	0.229572043717937	0.0744444561680339	0.533895349907157	0.560820032292275	238.193966231398	5	1.96800860639398	0.163136458333891	0.999836705071215	86.8799895553975	1.06600589581532	196	0.0098675335593146	0.198109334380974	0.0513988818680364	0.71883840440918	0.627883728092657	143.264892897997	5	0.21383270161856	0.00801518993903316	0.908572983761227	21.6780401510199	5	0.00022679851220176	57	304	35	167	0	0	0	0	0	0	0	0	0	0	0	-0.00651316101068515	0.043399590102618	-0.0500474210132292	0.12280701754386	mouse
SRP128068	10	19315	-0.218217890235992	1.05	-0.2	-0.218217890235992	1.05	1.0456997163994	0.993122732552589	1.06769532300988	0.0597304968080072	0.249726448993931	0.945082970677084	60	42	0.0436382832364136	1.37602003432594	0.296954057249877	0.429698120755787	0.700932573154655	27.3716360516586	1	3.21159162412862	0.00605526592628361	0.99968936060057	73.5959138651905	1.04969439702815	44	0.04009276596956	1.29256201721985	0.280452004718327	0.424509405673859	0.704417327683864	25.6513821903943	1	0.4789114614119	0.00015087791613756	0.934713952886358	11.9453107204369	1	5.17732332384157e-05	19	41	1	19	0	0	0	0	0	0	0	0	0	0	0	-0.0170867148150513	0.0565845889586247	-0.0615140435986399	0.157894736842105	mouse
SRP128271	20	15796	0	1	0	-0.2	1.04166666666667	0.984198417520565	0.944971886098811	1.00388027629492	0.0987885587900041	0.103058268079567	0.973797302280849	16	18	0.00534443207714079	0.265191916597866	0.0627102487945564	0.659224632925725	0.758268752014821	214.724555200495	5	0.906520294372642	0.0728088154140297	0.999556849835401	169.6660834069	1.02104384553509	22	0.0176349084480111	0.354904991431719	0.103555946066528	0.723164532252019	0.641284054238565	564.3705700758	5	0.414995539955585	0.00925211753190485	0.987047353760446	23.5359137373492	5	0.000316535831856166	0	16	2	0	0	0	0	0	0		0	0								mouse
SRP128506	12	20908	0	1	0	-0.333333333333333	1.125	1.00150570142057	0.959407389903997	1.02014908523539	0.384142590779503	0.0862412461285278	0.991782316503877	0	0	0.000691720120295701	0.0687788254177944	0.025077758819371	0.876101312900164	0.82922131588977	760.965876310368	1	0.705144151937918	0.0377656328821818	0.999713028505835	1020.04015030881	1.03920595817673	0	0.0414501584666243	0.276542511224842	0.0800379641949408	0.202249761461788	0.47732233227871	5.79709935748165	1	0.344926584719687	0.000888225569254455	0.996843313564186	8.32169668746112	1	4.78285823608188e-05	0	0	0	0	0	0	0	0	0											mouse
SRP128596	23	18574	0.0880704845927979	1.0078170424446	0.0846153846153845	0.272217861468648	1.08003323179175	1.01096467117319	0.986254661971774	1.02115370565339	0.124180006497379	0.206051103436481	0.981232652017308	0	0	0.01502821471814	0.643777584707332	0.132844022147846	0.493906818732881	0.734885485777003	38.9654911294491	1	1.01749481405178	0.003049989484576	0.997577258533434	67.7104312673075	1.03987500083448	0	0.0501048617929412	0.875738842008546	0.192103494384755	0.383649491295035	0.612954591176484	19.3740900291538	1	0.167797158181423	3.94817162035337e-05	0.849036287283299	3.34896231477032	1	5.3838699257026e-05	0	0	0	0	0	0	0	0	0											mouse
SRP128899	22	18799	0.0924500327042048	1.00862068965517	0.0909090909090909	-0.0924500327042048	1.00862068965517	1.02161662938298	1.00364481766424	1.02810426406973	0.167584769400397	0.296310179813432	0.986563593201377	3481	3300	0.0142591768212966	0.449697047219144	0.107888672073051	0.464369882806281	0.70572730956721	148.121574917651	5	2.89349542854763	0.168973064494845	0.999861694770999	202.978048336032	1.01289287246009	3153	0.015791491075677	0.554222825574008	0.119210260382398	0.333346872029828	0.717415719086766	16.7315135611848	5	1.47259404609644	0.0282823220938877	0.959902122453322	93.3414680511465	5	0.000265971594233736	274	3207	93	376	0	0	0	0	0	0	0	0	0	0.000383211678832117	0.00364963503649635	-0.0238280079210029	0.0233059944371544	-0.0434979449053583	0.5	mouse
SRP129020	52	20808	0.0387201546331183	1.0015015015015	0.0384615384615384	0.271041082431828	1.07928802588997	0.998976378586807	0.978598281534294	1.00701843388497	0.103668348097027	0.0582118870755441	0.977518154422776	0	0	0.00237669193244465	0.134893232134694	0.0310114078375758	0.743358318501036	0.766510012678041	136.034323774811	5	0.566452801725799	0.0827819777909107	0.998269896193772	238.383996086688	1.041089857321	0	0.0154212526695048	0.201344389957056	0.0554071071363573	0.503642689960084	0.583056145207253	162.921826436256	5	1.4718996041015	0.160021040259697	0.999625144175317	95.4920340015679	5	0.000240292195309496	0	0	0	0	0	0	0	0	0											mouse
SRP129035	16	22537	0.774596669241483	2.5	0.75	-0.258198889747161	1.07142857142857	1.61610940425721	1.53821003386242	1.65918553676407	0.414413074998866	0.130770291638947	0.916377924114017	2672	453	0.0949456133144815	2.16649929438437	0.569636254409936	0.209240428965388	0.668419965622486	7.50863682572498	5	5.44632916068467	0.0199536836820712	0.999911257043972	57.4095745349289	1.05092829734881	2474	0.0183571034069556	1.28363100062737	0.288296941248331	0.467988472570688	0.777105836686345	46.9309717610538	5	0.542341405631681	0.00109260469488088	0.947162443981009	29.5484146627062	5	0.000221857390069663	2274	398	55	521	2	1	0	0	3	0.000879507475813544	0.00251256281407035	0	0	0.000268249780123131	0.000879507475813544	-0.0486975282360445	0.46951222381659	-0.533386218410249	0.148636763412489	mouse
SRP131055	9	21735	-0.158113883008419	1.02564102564103	-0.15	0.316227766016838	1.11111111111111	0.976443090081041	0.780879673610254	1.05892360481802	1.12564908036621	0.146816788609863	0.664633643895791	69	63	0.0210990419294796	1.53795697519801	0.361459134306702	0.272800594127128	0.76690268272296	11.3438382692948	1	1.09788401302745	0.000408425644056449	0.969818265470439	52.0359318839073	1.07469737596114	45	0.0395915470605755	3.55025629417409	0.733782011272066	0.237482987366982	0.776536216302826	8.06718173271393	1	0.068385596701527	3.29042880382138e-07	0.600966183574879	1.7274158674073	1	4.60087416609156e-05	11	58	5	24	0	0	0	0	0	0	0	0	0	0	0	-0.00224214843698939	0.0737041789639319	-0.0622757992930403	0	mouse
SRP131118	10	16613	0.2	1.04166666666667	0.2	0.2	1.04166666666667	0.975594284754533	0.875486187304875	1.02257526243841	0.058869893007527	0.179285367557822	0.929487969628328	0	8	0.0395234411409446	0.643477523878656	0.155932765264636	0.518569493886302	0.602438396148113	60.8256205165924	5	1.9804135653648	0.0482259126850226	0.998856317341841	50.119961364949	1.04417416756539	0	0.0239765626770692	0.508997480743142	0.13818581249173	0.661951579810101	0.652042645527818	163.327548484496	5	1.8524572612556	0.0989708869556577	0.999253596580991	77.2753771878553	5	0.00030096912056823	0	0	8	0	0	0	0	0	0			0								mouse
SRP131203	12	18028	0.301511344577764	1.1	0.166666666666667	-0.301511344577764	1.1	1.06590246984393	1.03116201896033	1.08144595139381	0.0963489614750626	0.104108353767892	0.961523615292945	0	0	0.0247808541704434	0.185307627241302	0.0579955001540621	0.331572441532818	0.509407335909553	72.3236612500008	5	1.24840839566134	0.127118956397694	0.999877967605946	50.4026113303014	1.08345722247215	0	0.0169909868926224	0.164657649148539	0.0446815403623904	0.258323966010203	0.545782921029549	9.42752103331673	5	0.0384129639711501	0.000437940756539487	0.607676946971378	2.26085563398934	5	0.000277346350122032	0	0	0	0	0	0	0	0	0											mouse
SRP131336	12	21409	0	1	0	0	1	1.01360181059349	0.974130059428696	1.0291936833458	0.0235953031805113	0.0562695400457475	0.994132773662736	6	7	0.000475806098831699	0.058751052921603	0.0189065594947739	0.842037180510318	0.839100427897527	566.903718598588	5	0.102273942888815	0.0336152694395385	0.995319725349152	215.082644223907	1.00650412432463	7	0.000460424243222091	0.083556611845137	0.0265551158557346	0.889469744267261	0.865031355217577	330.39927714699	5	0.106297207598467	0.00874593504333018	0.959951422299033	231.319306264395	5	0.000233546639263861	0	6	1	0	0	0	0	0	0		0	0								mouse
SRP131795	12	25392	0.478091443733757	1.2962962962963	0.5	-0.239045721866879	1.06060606060606	1.12750379673939	1.04634120732544	1.16599563582152	1.11265030802684	0.713996209519028	0.919445247386599	839	150	0.210845576270993	2.97471522420975	0.70691797189591	0.393665125663338	0.58451709559266	21.9417668973205	5	0.293719808470204	0.00143740475571954	0.681836798991809	1.39373802336368	1.0471801812678	1011	0.0831839074966752	1.14899667661475	0.250516613426012	0.370364793825902	0.568363722276417	19.1640228507364	5	0.176708625552902	7.85406964195084e-05	0.705867989918085	2.12497600650466	5	0.000196912413358538	700	139	11	74	0	0	0	0	0	0	0	0	0	0.000192857142857143	0.00142857142857143	-0.268192392223406	-0.0294995286113322	-0.212409381696845	0.8	mouse
SRP131850	13	23425	-0.140859042454753	1.02024291497976	-0.119047619047619	0.225374467927604	1.05351170568562	1.02443782871136	1.00091203711982	1.03412173088252	0.0763474889715259	0.124122833205777	0.99258050677218	1405	1347	0.0099909602321886	0.122681470736521	0.0382216647694305	0.589570631734276	0.581790407464555	185.808395821951	2	0.630065567143284	0.0232590657640839	0.99948772678762	63.0746055221721	1.04014946070324	1232	0.017257006132099	0.167202318769261	0.046684965931729	0.381786690432312	0.535300733484126	106.929238982946	2	0.257945734258879	0.00294491974858817	0.994493062966916	14.948109794318	2	8.53788687299893e-05	138	1267	80	237	0	0	0	0	0	0	0	0	0	0.000108695652173913	0	-0.0195588054573632	0.0290685752855723	-0.0469035353596633	0.398550724637681	mouse
SRP131855	24	18665	-0.176776695296637	1.03225806451613	-0.166666666666667	0	1	0.982351743533395	0.895696919507851	1.02134761205639	1.12108091264326	0.802098131244962	0.980612686389977	7312	8657	0.0326082477210401	2.09824508294461	0.45596360375183	0.267234700293758	0.741104162467098	9.03802621204287	1	0.20231198021366	8.3982978607578e-06	0.704259308866863	6.20435871264387	1.01647061133275	7180	0.00172926588028	0.719951153426061	0.142863235246904	0.273113095148003	0.845695605535373	10.7252409811916	1	0.2102783950028	9.93218931921244e-05	0.896972944012858	121.613187453587	1	5.35762121618002e-05	54	7258	1399	139	0	0	0	0	0	0	0	0	0	0	0	-0.0568424125663467	0.0120047825205951	-0.0715939566217335	0.796296296296296	mouse
SRP131877	31	20666	0.309015721574763	1.10557184750733	0.153846153846154	0.0429188502187171	1.00184542703182	1.05373589869636	1.03036773664571	1.06435568800094	1.0766922046175	0.157689534604048	0.907460556136901	2	0	0.0520802521782485	0.661646169794235	0.153448615137683	0.305488160413689	0.564173822630232	12.0252152663806	5	0.786932630714411	0.00839393011238798	0.996390206135682	15.1115237535324	1.01356368336367	1	0.0036090636152672	0.26433739847617	0.0517383999943071	0.685247306805901	0.785400242272607	72.4222412637564	5	0.0777616063635418	0.000459292952245676	0.948437046356334	21.5512441683244	5	0.000241943288493177	2	0	0	1	0	0	0	0	0	0			0	0	0					mouse
SRP131916	12	15680	0.50709255283711	1.34615384615385	0.5	0.169030850945703	1.02941176470588	1.12597407734635	1.00983385491216	1.1650300619114	0.159143472279332	0.413676889324055	0.786042127776322	0	0	0.273846317111893	2.37556571263348	0.68722019645554	0.176443357748028	0.538984920683219	4.72675741707718	5	5.51164913079171	0.0187710865683934	0.999081632653061	20.1382719576574	1.02534417296585	0	0.061115213109082	0.915146301318713	0.239025497461553	0.228861600302385	0.619708917610161	7.78560820303014	5	0.25376793807591	0.000613720173261919	0.719821428571429	4.15293634799368	5	0.000318877551020408	0	0	0	0	0	0	0	0	0											mouse
SRP131949	30	20911	0.333333333333333	1.125	0.2	-0.111111111111111	1.0125	1.05810617402868	1.02915885935435	1.07179320431949	1.04722755257349	0.163379378855801	0.894205460631997	0	0	0.0611580814438161	0.609142717740613	0.153079389389595	0.256302686030495	0.534200801045448	9.84556585369567	5	0.841661776011445	0.0121280426751324	0.998287982401607	13.7681524725884	1.00199603994759	374	0.0195085435090256	0.345174234082243	0.0748202265870038	0.560645217509795	0.592450968537005	50.6280447069595	5	0.773756035461754	0.0242261988674584	0.9788149777629	39.6672593923617	5	0.000239108603127541	0	0	0	0	0	0	0	0	0											mouse
SRP132283	13	14999	-0.238095238095238	1.06009615384615	-0.238095238095238	-0.238095238095238	1.06009615384615	1.04393614092959	0.988386888588911	1.06739514694927	0.633795023614631	1.10219724657497	0.981405220875316	2130	1960	0.12971307848718	1.92077150015578	0.470974411739165	0.263487594988692	0.613451742459759	8.88922802419212	5	2.28699892644135	0.00876428406202685	0.994786319087939	17.6422370678858	1.04259643347621	1734	0.090177392399478	1.83177775334922	0.421339270208737	0.369847443956029	0.647213714427777	16.9008452597291	5	0.132923325919969	4.06127539446617e-05	0.495713047536502	1.47404367875844	5	0.000333355557037136	367	1763	197	448	0	0	0	0	0	0	0	0	0	0.000299727520435967	0.00272479564032698	-0.0510200228817051	0.0504549484719605	-0.0929272057157303	0.512261580381471	mouse
SRP132471	10	23571	0	1	0	0.408248290463863	1.2	1.01270249100613	0.96723018293819	1.03749345002466	0.0427562655125169	0.245937889085446	0.995413632125406	20	20	0.00317921729202797	0.257989340322664	0.0535424929098795	0.592562698617778	0.798107762912197	59.6402532459912	5	0.204507355892195	0.0110718186401906	0.976717152433075	64.3750718735658	1.11880709310833	12	0.0720096065884771	0.551450463440402	0.157936811738076	0.295565808032936	0.500182587279376	34.9690122528985	5	3.06287819821377	0.0699813356644707	0.9994993848373	42.560704264954	5	0.000212125068940647	2	18	2	9	0	0	0	0	0	0	0	0	0	0	0					mouse
SRP132851	9	21607	0.597614304667197	1.55555555555556	0.5	0.597614304667197	1.55555555555556	1.29841432369244	1.24403266294461	1.33305509393245	0.205667247964608	0.245289835523124	0.972382243358382	1127	490	0.0949216528161478	0.798767859692955	0.222609591178987	0.277766618736679	0.518512622741047	17.0298656780493	4	3.06423947964902	0.0356793391155293	0.999884296755681	32.2904798978477	1.33881526488289	306	0.0459695629059401	0.545889749717926	0.141223124747777	0.337590665569064	0.571247086495437	17.7279374136011	4	0.90352520543501	0.00874929380322874	0.997547091220438	19.6570228495724	4	0.000185125190910353	648	479	11	821	0	0	0	0	0	0	0	0	0	0.000108024691358025	0.00154320987654321	0.0771817013557415	0.296863766487502	-0.290018945429936	0.0185185185185185	mouse
SRP132854	11	18949	0.0690065559342354	1.00478468899522	0.0666666666666667	0.0690065559342354	1.00478468899522	0.971485085226107	0.92387597043889	1.02131812381186	0.560046419893411	0.322039319295863	0.96619710462389	372	335	0.03759110207961	1.25665593124591	0.266865866579609	0.406421560714667	0.706014761306127	27.8832339555496	5	3.87086052600237	0.0445058504415198	0.999514486252573	103.054537846924	0.728483196582277	1024	0.05843041828917	1.40523638533186	0.315847285066085	0.317775025613099	0.678318707418904	17.5093067591319	5	3.85311427209365	0.0329031871501231	0.900279698137105	65.9713757345126	5	0.000263866167080057	49	323	12	0	0	0	0	0	0	0	0	0		0	0	-0.00994429852944862	0.0182133118101139	-0.0336840237514441	0.408163265306122	mouse
SRP132873	11	21308	0.690065559342354	1.90909090909091	0.714285714285714	-0.0690065559342354	1.00478468899522	1.33865229827934	1.19057509735716	1.41683414632587	1.34673879120489	1.17305623834059	0.86021559942777	7713	6463	0.401542485836559	6.26298078009874	1.77227117132466	0.169248178457757	0.628345295449223	3.94814620418625	5	2.82510459827672	0.00133004762718661	0.90221513046743	7.03763150643587	1.03643551998629	6955	0.0191151207329601	1.5609093643004	0.33884885254457	0.417004447952009	0.791459981271073	26.8344036884808	5	0.7221284849107	0.00113712373021498	0.947897503285151	37.7929521269913	5	0.000234653651210813	3162	4551	1912	883	1	0	0	0	1	0.000316255534471853	0	0	0	0.000213472485768501	0.000632511068943707	-0.281136181345923	0.308717488887002	-0.602306321111251	0.462049335863378	mouse
SRP132932	11	17658	0.0690065559342354	1.00478468899522	0.0714285714285715	-0.310529501704059	1.10671936758893	1.03242427192021	1.01042211627527	1.04158007361106	0.0577611351449137	0.270521218722917	0.995773020125518	1343	695	0.0050497551940155	0.219308361661216	0.0500785155171914	0.621135735205612	0.740925309608395	92.1154127736697	5	0.469452429253999	0.0326895532142274	0.994382149733832	92.9750898440391	1.02828621804952	4310	0.0501124827394691	0.605604023491044	0.149681624576609	0.412807144044891	0.560257719671126	33.6647078289865	5	1.15779794334374	0.0299853977677586	0.964854456903387	23.1086162786955	5	0.000283157775512516	657	686	9	5	0	0	3	0	0	0	0	0.333333333333333	0	0.000312024353120244	0.00156012176560123	-0.00632203531546082	0.0349433330484836	-0.0413098094893597	0.159817351598174	mouse
SRP132997	31	21849	0.0169497612060307	1.00028737696674	0.0170940170940171	0.148310410552769	1.02249068243156	0.971957845634517	0.901429737096676	1.00103725138761	0.0313829282148535	0.0520734452050615	0.988301846702916	1	1	0.0021080583912047	0.07032451393207	0.026140165816962	0.862300227710287	0.730253924943905	881.861477802431	5	0.204087352547547	0.015032637758223	0.998031946542176	96.904091376059	1.02274540193295	1	0.0071826942597101	0.110948171386818	0.0319163732050504	0.674552040671045	0.600719264150077	220.525818348388	5	0.399287431292282	0.0355558361941181	0.998672708133095	55.6019849716784	5	0.00022884342532839	0	1	0	0	0	0	0	0	0		0									mouse
SRP133024	12	18321	-0.353553390593274	1.14285714285714	-0.333333333333333	0	1	1.07021818832256	1.01763172291738	1.0973469291443	0.0378979715541472	0.156450815140965	0.897358755414457	801	889	0.042815367520916	0.576095176747465	0.172858311070497	0.669585959664097	0.58759458446539	110.337238873541	5	3.07730270620713	0.100147776570111	0.999770754871459	71.8800018252272	1.03146148178664	505	0.000684408508109025	0.0969724099272767	0.0239626742261072	0.742225435950969	0.841096812420268	138.535605134653	5	0.31214136819979	0.067306947497733	0.999126685224606	456.234521647484	5	0.000272910867310736	149	652	237	298	0	0	0	0	0	0	0	0	0	0.000268456375838926	0.00671140939597315	-0.0375704351779228	0.0890263108147006	-0.127645070947327	0.288590604026846	mouse
SRP133158	14	21748	0.408248290463863	1.2	0.285714285714286	0	1	1.01260614347802	0.977558674197569	1.05900929831541	0.107522006039353	0.106314690890965	0.340488170267509	0	0	0.238929604662726	1.57973954995515	0.478168596290195	0.168390472596018	0.489575947346276	3.25720383770238	5	3.0918358125021	0.00990304755407392	0.999816075041383	12.945883363039	1.03819869588886	0	0.00331859782674519	0.226325559319386	0.0503790267362694	0.634966290808126	0.786070837334605	115.654351528467	5	0.87255552576728	0.0851872328199997	0.999714916314144	263.028961460737	5	0.000229906198271105	0	0	0	0	0	0	0	0	0											mouse
SRP133169	13	21713	-0.284267621807481	1.08791208791209	-0.222222222222222	-0.284267621807481	1.08791208791209	1.06393794483087	1.03513849946304	1.07846728020943	0.0921323375422898	0.303896299444473	0.994601140302833	6651	5900	0.033445289261503	0.398025732242712	0.103512357964246	0.421053666129093	0.563870860776609	78.1109905461937	5	2.05039821646838	0.098389980935352	0.999861833924377	61.3331293334245	1.08100652220974	5882	0.020149125963971	0.256142604544085	0.0639633602698765	0.329804360179683	0.577319618969248	14.6115266709714	5	0.58658939587323	0.0186748100002082	0.999659190346797	29.1220695387452	5	0.000230276792704831	904	5747	153	806	0	0	0	0	0	0	0	0	0	0.000221238938053097	0.00110619469026549	-0.0604294710887753	0.0628206060204479	-0.125051541198411	0.48783185840708	mouse
SRP133375	24	19027	0.158034885310253	1.02561475409836	0.104895104895105	0.158034885310253	1.02561475409836	1.01438320191812	0.977067219174529	1.02907652555471	0.769570022120147	0.573563124675499	0.983699231730868	6900	6204	0.03038197318516	0.857444699837136	0.200882533835367	0.349391483869617	0.687583721121881	17.8622460573093	5	0.243016383706064	0.000795302562823313	0.691259788721291	8.00014574153776	1.02607920225744	6646	0.022600842190023	0.627922317609449	0.137792086085247	0.561331796945446	0.674749668178285	73.1605649801108	5	0.780519611551226	0.0102257339743714	0.962663583328954	34.5388664291083	5	0.000262784464182478	816	6084	120	395	0	0	0	0	0	0	0	0	0	0.000214460784313725	0.00122549019607843	-0.0663132571822276	0.0144834298536356	-0.0699654945819476	0.743872549019608	mouse
SRP133512	8	19360	-0.258198889747161	1.07142857142857	-0.25	0.258198889747161	1.07142857142857	1.06049272520221	1.01193956866702	1.08246568298666	0.113493309324689	0.322952663126261	0.939912972429218	31	26	0.070471076318394	1.11334923312582	0.260662181230623	0.339760764372625	0.604368214225057	17.7126686270374	5	2.31926153341142	0.0209795739139309	0.997407024793388	32.9309829003203	1.07270060854952	13	0.0547839317939216	1.06200466717941	0.244925745002782	0.376574055015871	0.638276706747144	23.7763099959109	5	2.58027457665069	0.0285545357092799	0.997871900826446	47.1375025947521	5	0.000258264462809917	10	21	5	18	0	0	0	0	0	0	0	0	0	5e-04	0	-0.025324489029588	0.059586687478317	-0.0764576259893376	0	mouse
SRP133781	8	19891	0.258198889747161	1.07142857142857	0.25	-0.258198889747161	1.07142857142857	1.07841644966337	1.03339539488406	1.09848110419216	0.0644545412001222	0.236246666490651	0.986237049520391	1500	1257	0.027838267590104	0.342804626086597	0.0955442664538592	0.496958768136873	0.5744585112213	148.882453022774	5	1.84131351405055	0.113536891793556	0.99984917802021	66.1607364323783	1.08862953154699	949	0.0256194076132755	0.274108376541783	0.0818992805047057	0.478648919876263	0.559762642211248	119.995466072426	5	1.74753889023216	0.0986157727958611	0.999688301241768	68.2237153703322	5	0.000251369966316425	428	1072	185	603	0	0	0	0	0	0	0	0	0	0.000198598130841122	0.00233644859813084	-0.010827099379669	0.0850459865967866	-0.101151360616773	0.158878504672897	mouse
SRP134051	14	21783	0.0430331482911935	1.00185528756957	0.0416666666666666	0.645497224367903	1.71428571428571	0.974082315269851	0.905063927962763	1.01008615199448	0.704932282040517	0.21310430411874	0.984872671377748	685	765	0.012265604065107	0.501847182184703	0.11069710512674	0.531465035030317	0.73395070542137	46.5666799893549	5	0.305155924302462	0.00173994637781893	0.968305559381169	24.8969938269787	1.31254310144213	223	0.173917369477754	1.87456813649851	0.480848761685083	0.241917993867861	0.557707135355408	8.57427672213877	5	1.19449904024692	0.00121895914600569	0.938144424551255	6.86943640019351	5	0.000229536794748198	9	676	89	475	0	0	0	0	0	0	0	0	0	0.000555555555555556	0	-0.0232565366146092	0.0213275956081511	-0.0809672572362998	0.555555555555556	mouse
SRP134375	15	20622	-0.184637236468999	1.03529411764706	-0.204545454545455	-0.184637236468999	1.03529411764706	1.02926415530741	0.982028245039138	1.04919725681393	0.816015856675222	0.61816332907716	0.95303606643284	269	244	0.0521863338097111	2.42521960797652	0.506121956962293	0.338591836863627	0.741348614769642	15.4438049742671	5	0.688666316391675	0.00111832313576233	0.923159732324702	13.1991794710706	1.00464471541694	413	0.0703150750034402	2.06645578744971	0.468522597790264	0.310004449680521	0.693573923778292	12.7334436770441	5	0.84023418425711	0.00072379739681747	0.877645233246048	11.9541760866702	5	0.000242459509261953	59	210	34	15	0	0	0	0	0	0	0	0	0	8.47457627118644e-05	0	-0.000723223652456524	0.0529425310049765	-0.0512476712292618	0.169491525423729	mouse
SRP136322	9	22077	-0.0597614304667197	1.00358422939068	-0.05	-0.0597614304667197	1.00358422939068	1.00544191339118	0.954655632717757	1.03252600036882	0.139187301031363	0.146231821567663	0.993749714310057	0	1	0.00936826108217551	0.13120018898761	0.0335188045080993	0.562315620824249	0.580684127435041	134.397087509783	1	0.39974706724923	0.00636941563345287	0.99941115187752	42.6780745877589	1.00221284828619	1	0.00848199667333499	0.143076267120254	0.0344164652992688	0.527444743621471	0.618885327930218	162.014407339189	1	0.131299033062738	0.000621453710772235	0.987951261493862	15.4809310543889	1	4.529600942157e-05	0	0	1	0	0	0	0	0	0			0								mouse
SRP136494	12	26652	0	1	0	0	1	1.00734619726588	0.972736352915668	1.02300654568747	0.039363579793547	0.0948639593650289	0.971157343501372	1	0	0.0034571048259691	0.352050247143504	0.073093403278912	0.615643317879551	0.814865549493598	73.2659298891536	5	0.543303384957197	0.0164546049254346	0.982095152333784	157.241258442536	1.01116316783191	0	0.00335915297339297	0.320537492289671	0.0659205869822607	0.614236989954704	0.811561275154698	67.0292186918963	5	0.235800370429587	0.00512120467262908	0.983821101605883	70.2417363277144	5	0.000187603181749963	1	0	0	1	0	0	0	0	0	0			0	0	0					mouse
SRP136714	24	19378	0	1	0	0	1	0.996980244426693	0.958690766055571	1.01394624695602	0.0982421693924531	0.383333018482819	0.995236867798783	6964	7056	0.00602089187423896	0.540615058982935	0.109819847397379	0.518198516478252	0.803510084720595	46.3143967068731	5	0.246194518821091	0.00150483341895104	0.931850552172567	40.9112853011373	1.00885530795324	6863	0.00394774466212595	0.46392718822523	0.0925818470545625	0.50031924728023	0.817393679087553	43.1688532282211	5	0.4396834737619	0.0109042641532832	0.98754257405305	111.418174360208	5	0.000258024563938487	170	6794	262	205	0	0	2	0	0	0	0	0.00763358778625954	0	0.000264705882352941	0.00588235294117647	-0.0526355268096736	0.0114024142799801	-0.0562160388239087	0.688235294117647	mouse
SRP136814	8	17986	-0.774596669241483	2.5	-0.75	-0.258198889747161	1.07142857142857	1.5683122598385	1.46410780882103	1.62903018666516	0.604662483906027	0.220451354463041	0.847678511833925	2355	445	0.164544515704387	1.40518931914053	0.399062326551837	0.347263307401519	0.520981157773596	33.1918967350473	5	5.83519516512158	0.0641916770899815	0.999822083842989	35.4696863989199	0.970898338977794	3176	0.0471818649179747	0.507037465514016	0.126678325010682	0.452141339749359	0.532764783386734	37.8115280563309	5	0.474039143597816	0.00878932496650048	0.956521739130435	10.0490687290642	5	0.000277993995329701	1931	424	21	35	1	0	4	0	1	0.000517866390471258	0	0.19047619047619	0	0.000297773174520974	0.00103573278094252	-0.0821945449754334	0.428093394566926	-0.530769122796878	0.210253754531331	mouse
SRP139542	20	19188	-0.123091490979333	1.01538461538462	-0.121212121212121	0.0820609939862218	1.00677966101695	1.00891034734027	0.970192497793331	1.02512557896155	0.119589881147497	0.431614946633025	0.988489795788958	2855	2684	0.030521173808413	0.736065223686095	0.168008326867606	0.418215447726391	0.668241289516254	29.2780992761429	5	1.58614830417815	0.0215960968745405	0.999134875964144	51.9840994243812	1.0140721409649	2743	0.0159344216503211	0.504928738882975	0.113318115691872	0.467532198648922	0.702415026409103	39.0048903782861	5	0.0994108565389604	0.000326184595618629	0.833166562434855	6.24012623295092	5	0.000260579528872212	288	2567	117	211	0	0	0	0	0	0	0	0	0	0.000190972222222222	0.00347222222222222	-0.0393313143530323	0.00994744801661268	-0.0453485731445502	0.704861111111111	mouse
SRP139918	18	19409	0	1	0	0	1	0.869932923295338	0.769868343042765	0.962448271981968	0.0866875041548923	0.379090689901801	0.993424749871538	7677	9018	0.00689092782165102	0.54406638049008	0.11822428652269	0.608153052143108	0.799013904441945	70.408384766746	1	0.051700325691864	9.6799403784069e-06	0.830439486836004	7.50397512323384	1.01781127568645	7523	0.000863146351329974	0.0645065174666048	0.0160591402617476	0.703085793050981	0.795491538638504	324.767237402595	1	0.348217300792831	0.0238494302277543	0.9998454325313	403.518272383145	1	5.15224895666959e-05	31	7646	1372	185	0	0	0	0	0	0	0	0	0	0.00032258064516129	0	-0.264964108038988	-0.0324044333766036	-0.189513071378574	1	mouse
SRP140499	12	18606	0	1	0	0	1	0.953862493604239	0.877232252996571	1.00227733920395	0.0470264143903854	0.370337328282119	0.997210741445815	4754	5477	0.0030288574498466	0.271770183995615	0.0670826137431883	0.757049910769169	0.814574433275755	163.92467894002	5	0.164654438741995	0.0105632954139484	0.972944211544663	54.4226708540928	1.03841698682202	4262	0.000918856660145489	0.0895521477014931	0.0236914758961871	0.767932591142302	0.820103574798129	429.841423983708	5	0.12479638856298	0.0090613585053759	0.986262495969042	135.938475547653	5	0.000268730517037515	16	4738	739	512	0	0	0	0	0	0	0	0	0	0	0	-0.0475674953527893	0.0182400018170138	-0.0883967755276124	0.5625	mouse
SRP141266	16	23802	0	1	0	-0.25	1.06666666666667	0.855340163063161	0.678720211848247	0.958280907358113	0.0259382410078102	0.136828749648062	0.933207869461587	507	1518	0.004549391310016	0.918743426844752	0.186303795869316	0.52444207487282	0.848397622351482	43.2674051821749	5	0.209904304430855	0.000553987013398998	0.928232921603227	46.153351752886	1.04183908218703	451	0.0302924252214848	0.731460547031098	0.162507098175943	0.533444761147869	0.657242190361284	45.9459060941497	5	0.967858256189972	0.00742159108191853	0.99323586253256	31.9566200135906	5	0.000210066380976389	1	506	1012	82	0	0	0	0	0	0	0	0	0	0	0					mouse
SRP144088	8	21402	0.577350269189626	1.5	0.5	0.577350269189626	1.5	1.24246469304617	1.20481512803329	1.26274634422918	0.101230445764038	0.14859377984113	0.878676112728492	437	252	0.0721660766646699	0.613226384278363	0.186402825159731	0.344009552931857	0.529391844349006	74.8517060259715	5	3.25962729262796	0.101611877211183	0.99987851602654	45.1880979565831	1.2363024922683	249	0.0708249926518685	0.597694142817957	0.181885479031178	0.344317405169736	0.528397331697037	75.7461049057068	5	3.18490010778119	0.102179255827243	0.99987851602654	44.9869314689189	5	0.000233623025885431	238	199	53	239	2	0	0	0	2	0.00840336134453782	0	0	0	0.000420168067226891	0.00420168067226891	-0.0612370240808289	0.197063250091294	-0.267562749079675	0.226890756302521	mouse
SRP144211	16	21844	0.258198889747161	1.07142857142857	0.125	-0.258198889747161	1.07142857142857	1.03480326862144	0.996515937879346	1.05672558770528	0.0990100939010364	0.0989144775354583	0.978856170400674	20	19	0.0280486402897717	0.215715796516462	0.0630143561838407	0.302749979917637	0.504092237552346	39.0134247484856	4	1.24830824671039	0.0708016383711339	0.999931331258011	44.5149865575962	1.05077875333863	24	0.021282377433113	0.128567076519157	0.0395177013063293	0.197792174884114	0.46706063535247	5.86956739608742	4	0.021022798277315	9.00161881375516e-05	0.45822651529024	0.987803094056865	4	0.000183116645303058	3	17	2	2	0	0	0	0	0	0	0	0	0	0	0					mouse
SRP144690	8	23065	0	1	0	0.577350269189626	1.5	1.0673124194345	1.03467937640694	1.08579095242312	0.894920073077339	0.100820022347537	0.970457414055983	0	0	0.00181945796363001	0.244447821304556	0.0559696454179824	0.632365912867812	0.827391086008394	148.721864483737	5	0.38897043459327	0.0120792422031377	0.996271406893562	213.951468969724	1.19767037691382	0	0.193163175047678	1.94309039839495	0.514273503629037	0.208214021229365	0.557767553913779	5.59832242810026	5	2.01796917133158	0.00329778443793352	0.992733579015825	10.4546666621243	5	0.000216778668978973	0	0	0	0	0	0	0	0	0											mouse
SRP145067	27	20006	-0.011562432251572	1.00013370771494	-0.0117647058823529	0.14453040314465	1.02133469875405	0.991142085504134	0.955068588264661	1.00702185942052	0.118245087348546	0.472783710884181	0.995911327166965	9063	9358	0.00631754848810749	0.420647451620118	0.0973757850564705	0.469867611155938	0.773648379414191	52.0643894165019	5	0.726744435231132	0.0122820064968529	0.925732280315905	115.157655712473	1.02051305489513	9006	0.0205566684083575	0.374124477610334	0.0871921519464477	0.394913363054251	0.627317438674633	29.5584712802566	5	0.696891201709454	0.0173953427336926	0.982385284414675	33.9454882977213	5	0.000249925022493252	101	8962	396	311	0	0	0	0	0	0	0	0	0	0.000346534653465347	0.0099009900990099	-0.108485822864473	0.00885869496710465	-0.0929840592175368	0.851485148514852	mouse
SRP145604	10	17594	0.2	1.04166666666667	0.2	0.2	1.04166666666667	1.030612188554	0.98538580890836	1.04979516512505	0.310658062224954	1.06261152925125	0.989846454400806	201	95	0.070486104512181	1.04730897462221	0.255813463379691	0.28359489721521	0.616319619662164	10.4630418723489	4	1.16237011839891	0.00517277757322139	0.988405138115267	16.4966310714589	1.03430622685404	86	0.17604330702866	1.91714470676402	0.483602273190771	0.182246281696973	0.58472769501394	4.26951504247889	4	1.49720571841234	0.00300578568765369	0.849664658406275	8.50733199410215	4	0.000227350233033989	107	94	1	120	0	0	0	0	0	0	0	0	0	0.000327102803738318	0.00934579439252336	-0.00784972046841073	0.0454094155634572	-0.0545559113248924	0.205607476635514	mouse
SRP145671	19	19171	0.262575453814459	1.07405140758874	0.282051282051282	-0.190963966410515	1.03784742755766	1.0076225453563	0.933987919907573	1.03748949915171	0.0633215357655813	0.379596247602094	0.989124429204661	4017	5917	0.064008866112469	0.759769199746728	0.24849078058102	0.5184554081724	0.593520453505839	102.468992467526	5	2.16496521494857	0.0224861316517505	0.998549893067654	33.8387518593184	1.02977439357377	3763	0.031099902269166	0.449097338061805	0.109524841964281	0.420927003656434	0.59192080087564	41.9302268754283	5	1.63888960259245	0.0606682683402749	0.999770486672578	52.7144379634747	5	0.000260810599342757	72	3945	1972	382	0	0	1	0	0	0	0	0.00050709939148073	0	0	0	-0.149163658930218	0.00694007080389817	-0.149479533123242	0.972222222222222	mouse
SRP148418	10	17544	0	1	0	-0.408248290463863	1.2	0.975456819105712	0.886699892234983	1.01419703728334	0.0401251072880332	0.140916555764655	0.986547039968017	12	15	0.00245223641927446	0.165360379758683	0.0512467333734824	0.86833508611652	0.797327561167901	494.095997370709	5	0.347798941995575	0.0221877045552153	0.996135430916553	141.943092838091	1.10555298526681	3	0.0598535391991922	0.490093236034423	0.154506232795671	0.465095356504465	0.518414774258926	202.038815289397	5	1.15008746491957	0.0273337309498656	0.99827861377109	19.2215357502141	5	0.00028499772001824	0	12	3	9	0	0	0	0	0		0	0	0							mouse
SRP148491	31	21699	0.0670954597591232	1.00452215857703	0.0714285714285714	0.0670954597591232	1.00452215857703	1.00395422071877	0.983188326495941	1.01398814119653	0.0798840159839688	0.0697397568920207	0.99568091303072	719	782	0.004288355938052	0.034583837995476	0.015948234380461	0.764042756375114	0.520974224057688	1374.16604470827	5	0.693460983693582	0.495411523782088	0.99990782985391	161.774445448317	0.987994881663547	902	0.00606783624966695	0.05786512663139	0.0236259318013696	0.775180981036404	0.53813269398127	885.571478671251	5	0.973263952374268	0.407025844125679	0.99990782985391	160.414885394859	5	0.000230425365224204	13	706	76	1	0	0	0	0	0	0	0	0	0	0.000384615384615385	0	-0.00781171294047855	0.0138677451807456	-0.0214318195311345	0.384615384615385	mouse
SRP148574	21	22319	0.416666666666667	1.21008403361345	0.416666666666667	0.0277777777777778	1.0007722007722	1.11600380460232	1.09656019024226	1.12384215827281	0.0325193867253799	0.092316123931064	0.862931247539461	5	5	0.0359546151987813	0.316603505343775	0.115717013476975	0.585494908221247	0.538322594694471	529.231318881899	5	4.41392829641545	0.301980899333892	0.999910390250459	122.776395253766	1.00677800217692	6	0.00303465566073499	0.12839864624864	0.0295535456961497	0.631463770466393	0.737100961810625	88.5684813674762	5	0.0203249808870201	0.000484618954022061	0.846659796585868	6.70048470541199	5	0.000224024373851875	0	5	0	0	0	0	0	0	0		0									mouse
SRP149000	12	22289	-0.169030850945703	1.02941176470588	-0.166666666666667	0.169030850945703	1.02941176470588	1.0040367970755	0.94711766535938	1.04196431530695	0.682838228055505	0.10798485423875	0.79374371837302	0	0	0.0406801341514858	0.86890801463366	0.20886698978024	0.625856181475935	0.641732509049622	85.5084867484501	5	0.441420608696873	0.00397716911871236	0.959890528960474	10.852835842321	1.049253964385	0	0.022165685733238	0.298182196031988	0.0714727097358892	0.417113515445785	0.574365920394084	35.4556634419023	5	0.294894223611839	0.00343909376591528	0.982430795459644	13.3080326286104	5	0.000224325900668491	0	0	0	0	0	0	0	0	0											mouse
SRP149072	12	21318	0.169030850945703	1.02941176470588	0.171428571428571	-0.169030850945703	1.02941176470588	1.021762606262	0.975087222338623	1.04235798368228	0.134114290391733	0.562122500551206	0.971114418879757	1	0	0.0721228774476281	1.18072266218356	0.281910382396489	0.227699942016626	0.63365755568114	6.83567760741397	5	1.80344454070887	0.00937545695134404	0.999005535228445	25.0133482097466	1.01111207596506	1	0.0621045381163032	1.15766640733125	0.277729278649522	0.233074472695348	0.648663781876494	6.77093857799422	5	0.45504129790745	0.00118798149626372	0.77177033492823	7.32840370351591	5	0.000234543578196829	1	0	0	0	0	0	0	0	0	0				0	0					mouse
SRP149124	12	20693	0	1	0	0.353553390593274	1.14285714285714	0.567819037655422	0.378652335971895	0.774200057521438	0.106855380460222	0.156220459987202	0.953403004913971	2	72	0.01861592813115	0.64800735159218	0.153428351111409	0.442994465498209	0.725975407214123	33.6650972550618	1	0.425782479282009	0.000371815387089595	0.971971197989658	22.875261534162	1.01067347619964	2	0.157688667262557	1.09049777087527	0.328452431251718	0.182821753726267	0.497403059179035	3.7386517547546	1	1.26011780549688	0.000707791265578255	0.994394239597932	7.99141772192674	1	4.83255207074856e-05	0	2	70	0	0	0	0	0	0		0	0								mouse
SRP149159	13	22268	-0.051434449987364	1.0026525198939	-0.0476190476190476	-0.051434449987364	1.0026525198939	1.00829550558023	0.955176167934895	1.02944400172207	0.146081584324914	0.326142677132222	0.978641410930853	5	8	0.0161906053216069	0.841822428983522	0.181039934486475	0.431235046931024	0.758541505999962	26.6762921148097	5	0.368722841311568	0.00110640398236809	0.941243039338962	22.7812652101533	1.0046256774101	8	0.016473480325213	0.799166529756159	0.169658711042051	0.429268264613552	0.751118585360064	26.8676393624684	5	0.221168528304173	0.000802357733798141	0.91269085683492	13.4286536565442	5	0.000224537452847135	0	5	3	0	0	0	0	0	0		0	0								mouse
SRP149487	8	20550	0.258198889747161	1.07142857142857	0.25	-0.258198889747161	1.07142857142857	0.990974174137943	0.84489540393041	1.0552520219324	0.111003661495405	0.22891404304644	0.970296157206989	0	0	0.0656890031836295	0.526876802694751	0.149018170890809	0.307782907824869	0.509338855573003	18.8079302380477	1	1.23468362246332	0.00334045402482356	0.999318734793187	18.7985921354379	1.01424048133406	0	0.0558135565072367	0.781106417220432	0.181090523663385	0.291845753467117	0.590289042804423	12.9769218461709	1	0.0949319541293199	1.25001104656362e-05	0.707299270072993	1.70089111726928	1	4.8661800486618e-05	0	0	0	0	0	0	0	0	0											mouse
SRP150004	11	16400	0.828078671210825	3.18181818181818	0.857142857142857	0.828078671210825	3.18181818181818	1.56885911137902	1.28468699477536	1.74959585410685	3.16399946587822	1.32127111183292	0.673689375816498	563	331	1.12275405812155	9.03997109310935	2.84109546781182	0.10954559353555	0.540224480145656	1.1520642242648	5	6.47616301917583	0.00151604587149725	0.944317073170732	5.77304519823545	1.54213020383572	220	0.771112509873772	7.81937138425021	2.47403624436353	0.124758680769075	0.579277779894104	2.07803713789022	5	0.538266187971418	1.66480714257236e-05	0.385170731707317	0.697662007355387	5	0.000304878048780488	400	163	168	432	1	0	0	1	1	0.0025	0	0	0.00231481481481482	0.000225	0.0025	-0.0589679063634961	0.505049075334877	-0.631317262858465	0.18	mouse
SRP150238	18	21790	0.25	1.06666666666667	0.166666666666667	-0.125	1.01587301587302	1.00885539914881	0.962220796118786	1.04098653027815	0.171224925376764	0.593152201867139	0.994885652412433	3647	461	0.109841074760639	0.719283246369425	0.227314736040065	0.163121176507969	0.501798045580463	2.96687726759198	1	1.42000478343788	0.00170456109834855	0.999541073887104	12.9284903476947	1.02338396269388	3077	0.0262018217464199	0.410153800938977	0.0996604259103581	0.442450095945007	0.607550183929992	60.6004415694565	1	0.29824401453864	0.000388196979247872	0.979302432308398	11.3831910495401	1	4.58926112895824e-05	3189	458	3	646	0	0	0	0	0	0	0	0	0	4.70366886171214e-05	0.000313577924114142	-0.145222789994029	0.0336257762421461	-0.171783822794567	0.866415804327375	mouse
SRP150269	48	20214	-0.152074766168118	1.02367424242424	-0.0434782608695652	0.139908784874669	1.01996527777778	0.509240308184645	0.235760456496862	0.755482319489869	0.697567902257971	0.234305898415052	0.695257080215894	1199	4612	0.232027859006985	0.899824090452355	0.254938017395954	0.0742722054451412	0.476130015779285	0.000272275342872774	5	0.245703332142207	0.000635452564995617	0.517542297417631	1.05905346185742	1.0199913411221	1164	0.00531122866202349	0.0507106110173181	0.0141216712410623	0.300310243901344	0.544317100223761	16.2105613702132	5	0.00566738533113199	3.68595690161851e-05	0.4865934500841	1.06709478277414	5	0.000247353319481547	0	1199	3413	43	0	0	0	0	0		0	0	0							mouse
SRP150310	12	19853	0	1	0	0	1	0.926877541768139	0.809857706006719	0.98574360452619	0.0413620737614124	0.170997122203349	0.967765093322338	131	455	0.006264873969755	0.549071822684253	0.122433007832778	0.631278421926702	0.805838567084182	100.11378412001	5	0.378767084384448	0.00204727859026734	0.938427441696469	60.5243369505542	1.0231495466355	92	0.002170236962171	0.188482703792613	0.0415910127912348	0.615273256229785	0.803644130727288	116.059820984989	5	0.36069736077546	0.0273875757387157	0.971379640356621	166.38645075672	5	0.000251851105626354	0	131	324	40	0	0	0	0	0		0	0	0							mouse
SRP151097	13	17510	0.0975900072948533	1.00961538461538	0.0952380952380952	-0.21957751641342	1.05065666041276	0.967573789252659	0.891455617569386	1.0036049130396	0.266411274605086	0.255438586714169	0.947394517896322	0	0	0.0468226145517869	0.91530653156853	0.215722943256079	0.347916185198902	0.644348353186838	17.9002763394175	5	1.10048814449227	0.0102961759857536	0.967618503712164	23.5143425380378	1.03954273436082	0	0.0560314802457885	0.925784116825956	0.225078970540995	0.319619213254136	0.62197456693784	14.7504765743231	5	0.60523397853406	0.00234751346650173	0.954460308395203	10.8040595360608	5	0.000285551113649343	0	0	0	0	0	0	0	0	0											mouse
SRP151246	12	18705	0.353553390593274	1.14285714285714	0.333333333333333	-0.353553390593274	1.14285714285714	1.03567381532254	0.974275226652021	1.06366568326452	0.0401016375672477	0.449564413053621	0.939242527728581	2067	1507	0.110526039617419	1.31177364422536	0.323656057963389	0.281696620556585	0.565956488220511	11.4883195515593	1	4.11530309161698	0.00856064385371701	1	37.2348113123497	1.07468039392237	1823	0.074813968945602	1.04485579530157	0.25795450471687	0.279684463321608	0.597085880023272	10.7216216636831	1	0.8709808841534	0.000607369599907166	0.981823041967388	11.6447651725661	1	5.34616412723871e-05	689	1378	129	433	0	0	0	0	0	0	0	0	0	7.25689404934688e-05	0.00145137880986938	-0.146731276782649	0.00991653466854259	-0.150501430242946	0.821480406386067	mouse
SRP151455	19	20450	-0.262575453814459	1.07405140758874	-0.244444444444444	0.190963966410515	1.03784742755766	1.02969769510738	0.982704197179793	1.05309021186224	0.117249290631482	0.665721717834572	0.967470090941006	15783	15435	0.0314901590966917	2.57980946295354	0.527446719780303	0.674152723711297	0.794857214684535	74.7687255624921	4	2.90739831639005	0.00560847029423812	0.991491442542787	92.3530560172596	1.0362819375509	15683	0.0175855079624944	0.420405912830545	0.0927678264607541	0.515905345097294	0.654379325673061	47.5800361164308	4	0.8879892705215	0.0169223788020864	0.998863080684597	50.5047049925332	4	0.00019559902200489	606	15177	258	270	0	0	4	0	0	0	0	0.0155038759689922	0	0.000264026402640264	0.00165016501650165	-0.18364993818326	0.0180996893616891	-0.170719368229289	0.848184818481848	mouse
SRP151536	15	24422	0.0680413817439772	1.0046511627907	0.0555555555555556	0.408248290463863	1.2	0.988314313917812	0.931769107176135	1.01539832210292	0.0713553416257309	0.111741190805554	0.989257885106009	355	498	0.0071039441359819	0.174651881736268	0.0450075218483879	0.73679310124547	0.662022207012413	110.78673762656	1	0.389122819168049	0.00305588786245724	0.996642371632135	54.7773517628258	1.09966392853193	342	0.0455029741675768	0.359499714309349	0.102916249049123	0.260306354203453	0.511560366623722	10.1399159857636	1	0.973950237285758	0.00366698956336662	0.999754319875522	21.4042866792804	1	4.09466874129883e-05	1	354	144	78	0	0	0	0	0	0	0	0	0	0	0					mouse
SRP151595	15	20952	0.600099198148979	1.56279069767442	0.611111111111111	-0.218217890235992	1.05	1.25830399323443	1.19588065699925	1.288703476637	1.24166084431912	1.90457435948309	0.988180447955996	10538	9314	0.225066301012571	1.39219178240629	0.442693514024768	0.162107411439394	0.498405830624657	5.11722368857065	5	3.72902533733171	0.0208980520063178	0.999904543718977	16.5728858754362	1.04562802734671	10194	0.0695104744244895	0.406828020565611	0.12190233510182	0.186069709118641	0.449310757756928	4.80540421739264	5	0.23161413246424	0.000740849518509364	0.804734631538755	3.33257489478396	5	0.000238640702558228	1789	8749	565	592	4	0	1	0	4	0.00223588596981554	0	0.00176991150442478	0	0.000273896031302404	0.00111794298490777	-0.0492440838754891	0.244957532637172	-0.304700535048374	0.191168250419229	mouse
SRP151677	29	19781	0.460576080376018	1.2692454510752	0.438095238095238	-0.120150281837222	1.01464754348489	1.1207974154738	1.09547468370276	1.13552485174391	0.115089947422345	0.948740802377506	0.9949710772045	15703	15211	0.058186665499934	0.672991539767763	0.19657901481262	0.539939869533825	0.564959693960414	139.947617617639	5	4.51926308111105	0.126809865556575	0.999807896466306	77.6943342292354	1.01538852350092	15722	0.015459922336507	0.357442595181772	0.0696331035997386	0.533228936029132	0.62931649809409	47.0444984223326	5	0.0587367475712002	0.000133083328664107	0.720408472776907	3.80034347236911	5	0.000252767807492038	689	15014	197	121	1	3	0	0	4	0.00145137880986938	0.0001998135073931	0	0	0.000246734397677794	0.00145137880986938	-0.226127433580254	0.10544004048537	-0.32203759026222	0.732946298984035	mouse
SRP151888	12	22053	-0.169030850945703	1.02941176470588	-0.171428571428571	0.169030850945703	1.02941176470588	0.941559375587319	0.838784200723466	0.999412557296188	0.0924209995806403	0.477775787988202	0.997720466126428	10586	11932	0.041613889259326	0.326563637809879	0.0973052085912918	0.409817675612075	0.502074050005155	64.199607735859	5	1.91114760638543	0.0914089314213767	0.999891171269215	45.9431726260533	0.99529901450118	10569	0.0352623624978224	0.275388558111106	0.0824121613992557	0.405463051732406	0.503485532947585	57.3286425745482	5	1.20006524119106	0.0527999901281156	0.999746066294835	34.0448868167753	5	0.000226726522468598	69	10517	1415	331	0	0	0	0	0	0	0	0	0	7.2463768115942e-05	0	-0.0550406432947047	0.0115735547801414	-0.069930438193337	0.797101449275362	mouse
SRP151927	10	21852	-0.654653670707977	1.75	-0.6	0.218217890235992	1.05	1.35248376127688	1.2902139112549	1.379483161655	0.173423123381094	0.093391282262907	0.895578273468699	974	382	0.056605457889485	0.689324685483867	0.191036444733708	0.473418912552762	0.574698427853065	103.835858022291	1	5.73281936542979	0.0411219656941109	1	101.290048726101	1.05501946938583	1050	0.0128195470860149	0.168498062098711	0.0490853405059696	0.510800822502567	0.594850386677069	204.776057534122	1	0.488266577410919	0.00451722082636088	0.999038989566172	38.0948757524744	1	4.57624016108365e-05	663	311	71	137	0	0	0	0	0	0	0	0	0	2.26244343891403e-05	0	-0.0141005078863437	0.285100163327103	-0.316774634647389	0.131221719457014	mouse
SRP153101	12	22298	0	1	0	0	1	1.03482923950632	1.01184220559738	1.04315358014172	0.142273350847203	0.26836980448318	0.989285994100737	248	188	0.00535875502968002	0.514010824497131	0.109062179320595	0.57165733496148	0.812555494521526	64.7261494740807	5	0.426139187206416	0.00651767818421351	0.917517266122522	79.5970455698951	1.03386298507961	180	0.00586506084158196	0.519324467816497	0.109622173856484	0.530701491098494	0.805364934297796	54.5871888684441	5	0.441896823026338	0.00769630658116123	0.97276885819356	75.4522597651931	5	0.00022423535743116	67	181	7	75	0	0	0	0	0	0	0	0	0	7.46268656716418e-05	0	-0.000597549113797404	0.0349033049953827	-0.0382435271291914	0.149253731343284	mouse
SRP153147	44	21935	-0.332105582077536	1.12396694214876	-0.3125	-0.0885614885540096	1.00790513833992	1.04873885038092	1.03009953261136	1.06173474228499	0.259388404904256	0.614805518587558	0.990569845092141	11978	11818	0.058997869921671	0.537023728388606	0.158095724328583	0.344407256596372	0.538501722459787	62.14548454549	5	3.1481359303161	0.093807459935726	0.999844996580807	53.3797049169934	1.00806294116472	11968	0.012006723176345	0.187108015780484	0.04462143127209	0.453271292005478	0.598591120256299	45.588211290271	5	0.34082546647972	0.0116411036600885	0.995659904262594	28.3928129187199	5	0.000227946204695692	729	11249	569	176	4	0	1	1	4	0.00548696844993141	0	0.00175746924428823	0.00568181818181818	0.000233196159122085	0.00137174211248285	-0.154167527682408	0.0403309369852271	-0.189376309710379	0.818930041152263	mouse
SRP153200	25	21475	-0.0384615384615385	1.00148148148148	-0.0384615384615384	0.121794871794872	1.01505735140772	1.00528051925154	0.980623185221457	1.01630374505136	0.103846446543726	0.302859379347465	0.998995149118072	9180	9273	0.00424222853405798	0.127167352327997	0.0308831590100036	0.676358851000224	0.691776047233032	135.477893198299	5	0.458038668313033	0.0719548089358529	0.997261932479628	108.067846045523	1.01037748913929	8412	0.015007678750661	0.152743904818518	0.0394818243805312	0.35306981869272	0.537803655679733	22.5056943192743	5	0.243827508997375	0.0114537914700733	0.997541327124564	16.2484727859541	5	0.000232828870779977	143	9037	236	794	0	0	1	0	0	0	0	0.00423728813559322	0	0.00034965034965035	0.00699300699300699	-0.00762239371381291	0.0147293020334407	-0.0215001187760108	0.377622377622378	mouse
SRP154146	58	20857	0	1	0	0	1	0.995035147596132	0.971863469417982	1.00437809621413	0.0993462661482278	0.125582277201574	0.999377304407498	9533	9679	0.000368751066487982	0.067828506694525	0.0164515146158601	0.730031730466206	0.851459845530445	225.535255326609	5	0.156810967293303	0.0683051905454444	0.998897252720909	425.701091176368	1.0034175080332	9523	0.0002006347878113	0.048125282313338	0.0151872475068843	0.856550073458205	0.872404711883789	723.742800245362	5	0.018323167668237	0.010930247450506	0.908855540106439	91.3601874854102	5	0.000239727669367598	25	9508	171	45	0	0	0	0	0	0	0	0	0	0	0	-0.0309759874912914	0.000792525781532169	-0.0253186498011732	0.76	mouse
SRP154425	45	20463	-0.0643645847630766	1.00416003395946	-0.0553359683794466	0.039078497891868	1.00152946468736	1.00834315624218	0.997735635711821	1.0128635310765	0.29547731573595	0.216025510236063	0.946268810232882	3436	3440	0.00620767252979691	0.699906760952437	0.149678835389103	0.624607392810103	0.812372524644924	71.3758279103804	5	0.517255344152095	0.00712104623220357	0.978996237110883	83.3493818260556	1.00980355604973	3381	0.0030277656884289	0.382898550570081	0.0833847529183285	0.734255017756961	0.836405548810375	124.214353835838	5	0.023320269054508	0.00196737103232717	0.848321360504325	7.70375286539084	5	0.000244343449152128	56	3380	60	65	0	0	0	0	0	0	0	0	0	0.000267857142857143	0	-0.0118410002513842	0.0110275941123788	-0.0227850915898082	0.535714285714286	mouse
SRP154465	14	21707	-0.452267016866646	1.25714285714286	-0.375	-0.100503781525921	1.01020408163265	1.10464736499066	1.02072051873573	1.14445632385857	0.921698404222251	1.01403592423128	0.975253289605895	11336	9916	0.200752093247346	1.74081080845661	0.479101946506132	0.193718483799032	0.528583031994771	4.64829967817039	5	0.351685271301157	0.00276405467742419	0.744100981250288	1.75342452208427	1.02993783836172	11162	0.0204235018822779	0.249844308954797	0.0612132685617795	0.36188266631259	0.567028812826654	25.7811341203972	5	0.016420866126827	7.82603400208666e-05	0.401317547334961	0.803918067820225	5	0.000230340443175013	2162	9174	742	309	0	0	0	0	0	0	0	0	0	0.000215078630897317	0.000925069380203515	-0.252506109538817	0.0767094447583565	-0.303044897709955	0.740980573543016	mouse
SRP154838	25	17095	0.241746889207614	1.06206896551724	0.194805194805195	0.040291148201269	1.00162601626016	1.00812108903029	0.958048363767833	1.03217854983999	0.620161375198675	0.261331516651522	0.960517772772182	31	63	0.077229560280552	0.696009107387278	0.183800515767304	0.276389029519353	0.521762474740542	11.1945268757881	1	0.955283882247942	0.00157280066692186	0.996665691722726	12.3705295857299	1.00972716891882	31	0.0107703019926012	0.385604246054534	0.0888111669602039	0.357086287229734	0.7207043967464	24.4022204634249	1	0.00139833018758019	1.403257093936e-08	0.129687042995028	0.129806198353455	1	5.84966364434045e-05	0	31	32	1	0	0	0	0	0		0	0	0							mouse
SRP154859	33	22042	0.019990406906475	1.00039977612537	0.0183823529411765	0.283863778071946	1.08764060571289	0.847686885794383	0.721139612811362	0.949814175219915	0.0491718830464843	0.283909223666295	0.995461991848027	5776	7885	0.0132685154919796	0.550589117674825	0.112749605417551	0.343563960166537	0.73779150623149	17.846076564859	1	0.345835672601173	0.000349101785953272	0.966609200617004	26.0646139718718	1.04602556882336	5763	0.0358062479989765	0.294280781241692	0.0813290547399442	0.259847861643786	0.509943376089433	10.0437900896297	1	0.564953199119168	0.00217773523667287	0.999001905453226	15.7796810991801	1	4.53679339442882e-05	15	5761	2124	380	0	0	0	0	0	0	0	0	0	0	0	-0.306694494159051	-0.237498177904612	-0.0947847371871785	1	mouse
SRP154932	12	23532	0.254823595718813	1.06944444444444	0.142857142857143	0.254823595718813	1.06944444444444	1.02707911414415	0.966747022133742	1.05568823841764	0.794094591079342	0.31241149073312	0.990864327815249	3426	4236	0.052205346027782	0.383590617821568	0.107999846412392	0.270438781282595	0.490065085616263	9.60801957670412	1	0.94397042759699	0.00323991330953609	0.999787523372429	18.0821710968116	1.06034203333375	3404	0.0377093489488755	0.37840874840387	0.0983544001806032	0.295619645451319	0.537098324097474	12.9557758411863	1	0.41591395363091	0.000759935213600249	0.992818289988101	11.0298099125719	1	4.24953255141934e-05	277	3149	1087	469	0	0	0	0	0	0	0	0	0	9.02527075812274e-05	9.0252707581248e-05	-0.0443909756847376	0.053675805625559	-0.0924118115634264	0.454873646209386	mouse
SRP154934	15	22810	0.467707173346743	1.28	0.375	0.133630620956212	1.01818181818182	1.12740587820555	1.05263436108498	1.16289924141269	0.690791720248508	0.22242034658422	0.874042903700171	349	535	0.122305394247546	1.66341085538602	0.401343297423357	0.274269381701648	0.588735866860743	10.5198283860178	1	2.37085464460551	0.00152966331287307	0.998597106532223	19.3850768772374	1.01669332022514	272	0.0216897753348248	0.401246155971474	0.0929339005387206	0.513301406633297	0.61883846672883	48.1771451221613	1	0.00575246089008985	1.67829090266567e-07	0.152257781674704	0.265201546667005	1	4.38404208680403e-05	96	253	282	86	0	0	0	0	0	0	0	0	0	0	0	-0.0879271628588654	0.136190181646809	-0.217262131449164	0.395833333333333	mouse
SRP155757	17	21222	0.0215165741455968	1.00046317739694	0.0138888888888889	0.0215165741455968	1.00046317739694	1.00538064893123	0.9795017512917	1.02339798419474	0.141552682873152	0.0907034422707509	0.998850604839216	0	0	0.00287887681715682	0.026361825174591	0.00769089931709946	0.476939247887472	0.52590429055182	179.159328293273	5	0.125763760624204	0.125257492871328	0.999736122891339	43.6976262935173	0.997286147061281	0	0.00305570613545049	0.035511861485665	0.008666477631328	0.498002145504464	0.546859941955719	50.6824934522035	5	0.0196615662018134	0.00115133194529253	0.96303835642258	6.43522058133531	5	0.000235604561304307	0	0	0	0	0	0	0	0	0											mouse
SRP155851	12	19796	0	1	0	-0.333333333333333	1.125	0.882007423063928	0.714326569814329	0.965839669786092	0.0281028749712165	0.15652439200705	0.99237945913055	970	3198	0.00463715100616398	0.483807829123718	0.0999312556067579	0.588979909372213	0.812527525520289	55.0358814313287	5	0.231242977862127	0.00222931127088591	0.968124873711861	49.8956855573265	1.09305563490099	945	0.0260093296030365	0.561125259182484	0.134448489391925	0.485534810632655	0.652634751810572	90.9635075611391	5	0.028022345018559	1.0703566703348e-05	0.427520711254799	1.07742939356663	5	0.000252576278035967	0	970	2228	158	0	0	1	0	0		0	0.000448833034111311	0							mouse
SRP155931	14	21783	0.320256307610174	1.11428571428571	0.166666666666667	-0.240192230707631	1.06122448979592	1.07839854786029	1.04989989659821	1.09167537078809	1.02353508482862	0.0916328888716886	0.974072720927437	1	1	0.0253720819892747	0.228550084284574	0.0673645510530735	0.444011025201068	0.52950709596045	57.542416964506	5	0.5135803291135	0.0382229078647239	0.998365698021393	20.2467143174718	1.04071306522031	0	0.02165588945542	0.157735829979714	0.0475476243591857	0.277035133735608	0.503228874751865	16.5372342534118	5	0.13753076328548	0.00180154895520072	0.978148097139971	6.35308122870524	5	0.000229536794748198	0	1	0	1	0	0	0	0	0		0		0							mouse
SRP155943	18	15220	0.353553390593274	1.14285714285714	0.222222222222222	0.353553390593274	1.14285714285714	1.08722672310813	1.0727726317702	1.09334718091596		0.397061899162429	0.988231978091304	508	336	0.055246668447508	0.634875517925156	0.187347072021464	0.190508236026544	0.593468048248907	6.07543814509006	0		0			1.08416268521454	331	0.061546761412977	0.820884758590233	0.231240814839915	0.194749174271568	0.600092172302302	5.10342929588421	0		0			0	0	175	333	3	182	0	0	0	0	0	0	0	0	0			-0.0281783232313054	0.081698909278185	-0.110431022489669	0.2	mouse
SRP156218	8	18916	0	1	0	0	1	1.02860484462381	0.984931444246977	1.04975951976539	0.0369979869085325	0.608862241209137	0.999182276623996	12153	12052	0.00213359133093688	0.178979915250178	0.0465110868617351	0.719305451984324	0.810630246880957	202.198136487349	1	0.19629477473019	0.000921469144900665	0.991330090928315	92.0330980816368	1.00024357196331	12219	0.00182896689048102	0.163827660299585	0.0451555799197815	0.785918957124387	0.814744392973474	1047.23717381451	1	0.00601092093121003	9.29636288853292e-07	0.711884119264115	3.28654997899131	1	5.28652992175936e-05	228	11925	127	140	0	0	1	0	0	0	0	0.0078740157480315	0	2.19298245614035e-05	0	-0.00194591107159172	0.0441122437158705	-0.0523753593431555	0.201754385964912	mouse
SRP156285	10	18071	0.534522483824849	1.4	0.5	0.534522483824849	1.4	1.21091017323959	1.12973668037782	1.25268900338459	0.372500710590303	0.330539648691533	0.962676848905243	6633	6741	0.087592174598383	2.22034471278977	0.426530628422038	0.669654192912091	0.62272196201229	58.7278614249364	4	2.78098992615686	0.00956388052458559	0.993124342869791	31.7528526793832	1.21091017323959	6741	0.087592174598383	2.22034471278977	0.426530628422038	0.669654192912091	0.62272196201229	58.7278614249364	4	2.78098992615686	0.00956388052458559	0.993124342869791	31.7528526793832	4	0.000221349122904101	903	5730	1011	903	0	0	0	0	0	0	0	0	0	0.000238095238095238	0.00110741971207087	-0.0428861348216072	0.212131571405289	-0.271198595950849	0.215946843853821	mouse
SRP156476	8	22687	0	1	0	0	1	0.989197502674425	0.920492199499746	1.01899936581772	0.032383456990513	0.0610091778295478	0.985326918303261	41	63	0.000594566502015503	0.0592054419346608	0.030968584870058	0.92660699717995	0.83381973673005	3633.89433995879	5	0.261938751694354	0.0321826559945241	0.998007669590514	441.275862748598	1.04796047027788	36	0.000436439899155011	0.0578907159604066	0.0141041132372163	0.68927407830313	0.832758184414279	197.760953856343	5	0.027844675186213	0.00303440084175825	0.914135848723939	63.8284262153633	5	0.000220390532022744	0	41	22	5	0	0	0	0	0		0	0	0							mouse
SRP156859	12	21455	0.192450089729875	1.03846153846154	0.166666666666667	-0.192450089729875	1.03846153846154	1.03595663313806	0.998808205464336	1.05224261442816	0.0252199193272075	0.0778841751244565	0.971515604364495	397	585	0.010052847119198	0.14877174026862	0.049088193690712	0.687743775822917	0.607369761763938	734.901958207723	5	1.8795945944955	0.387474025595076	0.999906781635982	187.140207285393	1.0328027550411	405	0.0104359854783459	0.148710135241884	0.0569488777176747	0.767762273036876	0.618563647922337	304.866384908566	5	1.23274728032899	0.0961199063351495	0.998350034956886	118.139070819148	5	0.000233045910044279	14	383	202	68	0	0	0	0	0	0	0	0	0	0.000357142857142857	0	-0.023026482180328	0.0487043772981784	-0.0685992447197462	0.142857142857143	mouse
SRP156888	12	20874	0.169030850945703	1.02941176470588	0.166666666666667	0.169030850945703	1.02941176470588	1.00136628936688	0.928551593985635	1.04056716385517	0.0813731589791846	0.261665241223946	0.973951543990859	1143	1056	0.0352680192511465	0.705861995351563	0.164612470032033	0.567517250271384	0.632824545865608	51.6974436858255	5	1.8774539845162	0.0268253123873013	0.998409504646929	53.2432914171818	1.03853277453371	822	0.0247003743840409	0.451348800607474	0.0930174668753724	0.461223773411829	0.604666057590854	27.7037862035308	5	0.90329862137732	0.0199097117502611	0.9939925265881	36.5793089507302	5	0.000239532432691386	210	933	123	361	0	0	0	0	0	0	0	0	0	0.000190476190476191	0.00476190476190476	-0.0312275410789086	0.0289395375958881	-0.052665072103295	0.514285714285714	mouse
SRP158112	8	20238	0	1	0	-0.5	1.33333333333333	0.971094884743772	0.88544248377028	1.0253855223912	0.181860324052854	0.348329827130662	0.962466059016678	0	0	0.0135162621161307	0.946610105268822	0.200634844666905	0.359351084467115	0.78630802932806	19.4382375925185	5	0.248507597973419	0.00182892369723981	0.890087953355075	18.4009180455979	1.19673139600788	0	0.142734553040703	1.1744432331738	0.315864947493149	0.226549121306019	0.508076755551552	6.86344798297368	5	0.487505225775464	0.00371311080734679	0.786638995948216	3.41611348250244	5	0.000247059986164641	0	0	0	0	0	0	0	0	0											mouse
SRP158376	12	18013	0.314285714285714	1.10960144927536	0.314285714285714	-0.0285714285714286	1.00081699346405	1.05506829975545	1.00780685640453	1.07792732566392	0.0757902361280926	0.282750426981976	0.984298454213732	2904	2469	0.060504008053726	0.422659588456973	0.137098873491836	0.461914784886491	0.483761992485085	152.067290723145	5	3.00214215084858	0.148772990515672	0.99981124743241	49.6438954422685	1.01826940604603	2855	0.0063389562197094	0.20184629012054	0.050176352172402	0.583957539433815	0.709544236533243	112.571748484794	5	0.38111409578164	0.0362359346532083	0.924954199744629	60.1709361231844	5	0.00027757730527952	607	2297	172	170	0	0	0	0	0	0	0	0	0	0.000337726523887974	0.00164744645799012	-0.0854686510481543	0.0614385808527909	-0.135748313163316	0.579901153212521	mouse
SRP158678	29	20755	0.289427220457974	1.09142676368238	0.34	0.0425628265379374	1.00181488203267	1.05147814375671	1.03227546502164	1.06035766410028	0.122807330644523	0.360283847589843	0.987662526938496	4681	4112	0.0517972673747049	0.86925281765653	0.211942895097007	0.542518299682553	0.609048054505417	57.2330170794002	5	3.32164138614122	0.0563538264375726	0.999730185497471	64.171633425379	1.01428068177036	4524	0.004655150179285	0.152995924692192	0.0388642500796143	0.652659605363338	0.7119234350153	112.877485718882	5	0.52914454527583	0.057014851452166	0.998226933269092	113.714679572978	5	0.000240905805829921	764	3917	195	176	0	0	2	0	0	0	0	0.0102564102564103	0	0.000294502617801047	0.00130890052356021	-0.101530225284619	0.0469610846353072	-0.150265157016581	0.704188481675393	mouse
SRP158761	17	19244	0.696310623822792	1.94117647058824	0.727272727272727	-0.29012942659283	1.09191176470588	1.30205603370856	1.15415768259216	1.37708234532982	0.143981087592375	0.221959574113695	0.588770784520908	365	44	0.244586172794726	2.3742794712258	0.602984387000345	0.259373924931818	0.535966927114895	12.1746502779502	5	6.66535647320419	0.0352845203937822	0.999875285803367	27.2564813433231	1.06871495378913	184	0.0299541152439362	0.536812599240606	0.118164146234265	0.477343346488448	0.609627242267069	35.6197410665066	5	0.12102960032253	0.000560653053873409	0.684712118062773	4.04059451548815	5	0.000259821242984826	341	24	20	186	1	0	0	0	1	0.00293255131964809	0	0	0	0.000278592375366569	0.00293255131964809	-0.401423735191309	0.210563284932507	-0.640171009611229	0.580645161290323	mouse
SRP158995	16	17325	0.125988157669742	1.01612903225806	0.125	0.125988157669742	1.01612903225806	0.954506629159612	0.866145963686423	1.01068549374897	0.926897345129518	0.613381964644563	0.850213607757888	2548	4927	0.0368607782574601	4.93042861665147	0.942704542139826	0.372901934927198	0.797197751105087	18.4721475708406	4	0.303980416827	2.19607443543685e-05	0.738701298701299	8.24840854514717	1.03172717486528	2391	0.024797300553006	0.620032074399828	0.150597960299617	0.508266551600756	0.673176007446359	147.323296293824	4	0.13223581342482	0.000186885389785294	0.858455988455989	5.33412897507389	4	0.000230880230880231	11	2537	2390	220	0	0	0	0	0	0	0	0	0	0.000454545454545455	0	-0.170468215481396	0.0103229772533717	-0.166815379268741	1	mouse
SRP159065	8	21921	0.577350269189626	1.5	0.5	0	1	1.25669916622414	1.17156046422017	1.29410595582679	1.25948140893993	0.312412768339923	0.909962399760618	633	22	0.082663987474055	1.96791528246151	0.421178421449184	0.641549886400416	0.636685681623374	70.6616701630551	5	0.269916051859066	0.0128270317982591	0.810629077140641	3.26554414254037	1.03178856983372	184	0.002080607729609	0.94813132012376	0.202378051972584	0.734595977638042	0.895446430934091	182.58301226779	5	0.035815873849835	0.000695505129782231	0.75328680260937	17.2175811546781	5	0.000228091784133936	613	20	2	452	0	0	0	0	0	0	0	0	0	0.000293637846655791	0.00163132137030995	-0.0494920914269657	0.204854224075376	-0.262616358050278	0.223491027732463	mouse
SRP160439	8	22273	0	1	0	0	1	0.997080140827224	0.910493988716775	1.03977178962	0.0427858455971656	0.24938614910601	0.990409589171062	3386	3835	0.00187806606008989	0.329049426210289	0.0840071106637208	0.800614009692664	0.859241288902667	206.085166224987	1	0.235064756038132	0.000351468765125948	0.983432855924213	125.17961665656	1.00504405570743	3503	0.00185195613619302	0.210120514447951	0.0576345901427801	0.769916064977364	0.826829237724623	373.882880866714	1	0.016207266707683	3.55039151728602e-06	0.816683877340278	8.75252325902816	1	4.48974094194765e-05	127	3259	576	252	0	0	0	0	0	0	0	0	0	7.8740157480315e-05	0	-0.000488185245591285	0.0466620715500987	-0.0475789166207831	0.0551181102362205	mouse
SRP160883	15	19319	0.426401432711221	1.22222222222222	0.4	-0.533001790889026	1.3968253968254	1.11399063037454	1.05126953617129	1.14186012527098	1.08719069693879	1.09814888055387	0.975247251593806	3406	2753	0.288580734011318	2.26222476366651	0.709097511488624	0.141749703073345	0.554870525052335	2.39101511394263	5	1.16892632737611	0.00265548654699062	0.812433355763756	4.05254771180474	1.18799016026135	2737	0.24278320949862	2.78188094630724	0.765215927000772	0.221204754376606	0.595299084370681	6.07278745651742	5	1.77769544215812	0.00113484319531494	0.760805424711424	7.32295253666639	5	0.000258812567938299	961	2445	308	1064	0	0	0	0	0	0	0	0	0	0.000260145681581686	0.00106659729448492	-0.0623507707165646	0.125041956382736	-0.200772209373607	0.351716961498439	mouse
SRP161460	8	17306	0.258198889747161	1.07142857142857	0.25	-0.258198889747161	1.07142857142857	1.02862930734481	0.973431284227124	1.05471068991896	0.053975817993524	0.262952952186853	0.979191298802686	1240	1009	0.0465616669543244	0.451197628988283	0.127517903034056	0.442442624564791	0.534356228222368	74.3551413692652	5	2.41391521757405	0.11155630112235	0.999849763087946	51.8630334645003	1.04402590465045	900	0.037195995037859	0.409919772147577	0.107697534376608	0.434777516344868	0.547189086017699	65.9678029158618	5	2.20883584372517	0.0915097548056328	0.998058476828846	59.416003984346	5	0.00028891713856466	299	941	68	380	0	0	0	0	0	0	0	0	0	0.000217391304347826	0.00334448160535117	-0.0560470923780001	0.0252685221100082	-0.0704343296948491	0.62876254180602	mouse
SRP161775	8	22541	0.377964473009227	1.16666666666667	0.25	0.377964473009227	1.16666666666667	1.1065062712301	1.023782788911	1.14507124451904	1.17246188205141	0.131065046706898	0.955942939063495	0	0	0.0634924623629618	0.574794400375214	0.165355477486747	0.329163658391032	0.543288628455233	15.0081664908726	5	1.33238167493142	0.0146157775240612	0.998988509826538	20.9903487126523	1.13105759763546	1	0.050915604648896	0.719877252200505	0.175854162926309	0.464547847815388	0.58785695030377	32.4355222665846	5	1.47064335461619	0.0135188356249522	0.995820948493856	28.912803995706	5	0.000221818020495985	0	0	0	0	0	0	0	0	0											mouse
SRP162305	12	19856	-0.169030850945703	1.02941176470588	-0.171428571428571	0.169030850945703	1.02941176470588	1.02222589167569	0.984504477334662	1.0412024755285	0.121595233243267	0.119746445428602	0.959877032872696	0	0	0.027740086510497	0.438510014701425	0.0977453760803011	0.479079983045479	0.584188721108587	40.7557153199944	5	1.24128774196112	0.0457216463220442	0.999284850926672	44.7547789563952	1.01764737227251	0	0.0244989260148675	0.43793734911818	0.0930635670579812	0.45471932713564	0.60291320525514	30.4950308226722	5	0.0880567573897901	0.000413353822313621	0.719691780821918	3.59494356799058	5	0.000251813053988719	0	0	0	0	0	0	0	0	0											mouse
SRP162318	10	20673	0	1	0	-0.408248290463863	1.2	1.03791814208038	1.01460727172754	1.04731831786871	0.0565531229713772	0.120310313983504	0.998217600514812	507	357	0.000591422013915002	0.0556460947647552	0.0171667192240623	0.795282473458988	0.817178135684752	2133.84501991795	1	0.25081450741457	0.010274164098664	0.999613021815895	424.107379959415	1.13545882054729	201	0.028231194757067	0.27580027934252	0.0818592795903565	0.406064516908994	0.547134473503133	170.842548530719	1	2.37345705567786	0.0406623492454758	0.999951627726987	84.0777934351227	1	4.83722730131089e-05	158	349	8	317	0	0	0	0	0	0	0	0	0	3.16455696202532e-05	0	-2.1960063426609e-05	0.0425929045373372	-0.0429849521033703	0.0316455696202532	mouse
SRP162383	13	14663	-0.536745040121693	1.40468227424749	-0.523809523809524	-0.21957751641342	1.05065666041276	1.18128210652201	1.09964111040375	1.2173387922791	0.945950394195869	0.895192538801448	0.930084722441811	2463	906	0.270895401116624	2.9098337511586	0.779092349844972	0.288027624378685	0.561644801678145	13.347243790031	5	2.1283096855498	0.00325097431820135	0.962340585146286	7.86564388763718	1.02214765981405	2371	0.08768352257102	2.70119398311912	0.624158483485001	0.309972181970056	0.703324264662026	13.1077468422547	5	1.32647370414971	0.00144190021242756	0.914969651503785	15.1390654438673	5	0.000340994339493964	1629	834	72	417	0	0	0	0	0	0	0	0	0	0.000392879066912216	0.00122774708410068	-0.17483008556451	0.15562197495905	-0.288161645821527	0.543891958256599	mouse
SRP162456	52	13060	-0.0329608821648696	1.00108760134467	-0.0333333333333333	-0.0329608821648696	1.00108760134467	1.00063189300169	0.988550707873991	1.00659327091649	0.891061547574416	0.714171674815517	0.994864691663546	2	2	0.040153473517591	0.436649913542391	0.113661258384375	0.253995574954833	0.57665792314806	8.33886490166835	3	0.36294290875899	0.002364855243584	0.951888718734048	9.03964085108458	1.00115102007729	2	0.033278404926719	0.38609075604791	0.105609109010664	0.287021509697039	0.589897444102704	36.1907308443339	3	0.0172332317525399	0.000260223580652446	0.497243491577335	0.517780279106375	3	0.000229709035222052	0	2	0	1	0	0	0	0	0		0		0							mouse
SRP162527	15	24172	0.0714285714285714	1.00512820512821	0.0714285714285715	0.0714285714285714	1.00512820512821	1.00372096955807	0.961196019702918	1.02392642082892	0.0433499865248552	0.077170661563311	0.989613351147326	32	31	0.00552647230860515	0.122428292630658	0.0323509078101702	0.650552505539623	0.653280013787511	364.096186542229	5	0.835077530702602	0.183373412110756	0.999106404103922	151.147652495462	1.02104553937678	24	0.00399994321132535	0.111921810587248	0.0314633604187753	0.725234463824029	0.688612991143364	403.14651090993	5	0.95161441234951	0.19131751136324	0.99980969717028	238.043375540913	5	0.000206850901869932	3	29	2	8	0	0	0	0	0	0	0	0	0	0	0					mouse
SRP163144	24	17241	0	1	0	-0.5	1.33333333333333	0.874087402547932	0.720687623529791	0.956917387751362	0.0977076020576218	0.147257907531341	0.977405552656409	0	0	0.007389512590536	0.272437627619806	0.060943873790813	0.48037634891346	0.724086559420937	38.8756965878168	5	0.260420404098293	0.00606582909581449	0.983933646540224	35.2638734709993	1.1703848553658	0	0.104344488087737	0.55916222732909	0.180041197693906	0.196900399992032	0.450061681064848	6.8842383318823	5	0.912746676411773	0.00940103784288627	0.992889043558958	8.74928854786956	5	0.000290006380140363	0	0	0	0	0	0	0	0	0											mouse
SRP164691	12	21446	0.50709255283711	1.34615384615385	0.5	-0.50709255283711	1.34615384615385	1.19007551169055	1.16079578198853	1.20451633517464	0.0850918835770531	0.183945952970664	0.943572193908916	2876	1791	0.0508221782227576	0.468340466728936	0.141388383248076	0.467485531925001	0.532829097785023	228.752940259201	5	3.84202073348482	0.203304368301891	0.999897416767696	75.6056458851302	1.20787796279788	1524	0.0421228293124115	0.3471032242472	0.0984793790655795	0.274045652235319	0.515889873786525	15.6370441461821	5	0.76794406170567	0.0218362315466901	0.999468432341695	18.2372359256485	5	0.00023314370978271	1176	1700	91	1379	0	0	0	0	0	0	0	0	0	0.000212585034013605	0.000850340136054422	-0.043877983048427	0.18026741280211	-0.230481923737682	0.153061224489796	mouse
SRP165196	36	19868	0	1	0	-0.111803398874989	1.0126582278481	0.850165619055861	0.666232352330805	0.95647033571135	0.09461746056385	0.153980368895772	0.978649443889539	2365	5097	0.0043492661795215	0.430252566021538	0.090627712820093	0.495135882952403	0.811927282532716	39.0261624118164	5	0.0246468044470221	0.00104878171464085	0.795832494463459	5.67085335941174	1.0077438310382	2522	0.013014686260997	0.243974532106694	0.0532234164293527	0.586417187896631	0.603797736585556	68.7214739518025	5	0.109129369947475	0.00109394228357649	0.967606200926112	8.38546880100244	5	0.00025166096235152	2	2363	2734	76	0	0	0	0	0	0	0	0	0	0	0					mouse
SRP165625	14	15961	-0.149071198499986	1.02272727272727	-0.142857142857143	-0.149071198499986	1.02272727272727	0.971568614022627	0.884829098675093	1.02532345088028	0.678426509091522	0.213459677213503	0.845693752445864	0	0	0.050552738721775	2.00563199049079	0.456555529291702	0.220332228911714	0.739566451346728	8.0286226070278	4	0.456645276224158	0.000363120434214304	0.803113839984963	9.03618004590577	0.939397833629858	0	0.0527604495835487	1.4399338000832	0.339578493700018	0.314808212407861	0.69282498154395	14.4435292929938	4	0.485796305911056	0.00203050279252091	0.852750454232191	9.20892753762352	4	0.000250610863980954	0	0	0	0	0	0	0	0	0											mouse
SRP165738	10	17740	0.333333333333333	1.125	0.2	0.333333333333333	1.125	1.08031697502433	1.03925081972608	1.09796832074592	0.911543723610805	0.326806434419756	0.89494957546687	0	0	0.140024754260063	1.27009107118057	0.33366321106797	0.203395368031618	0.525700209074043	4.83721450526125	1	1.49559710978206	0.00112888417209863	0.995941375422773	10.6817891644311	1.03642054208762	0	0.125885872192848	0.917663631118391	0.272898310379947	0.140373556726503	0.510940866851395	2.37207388201729	1	0.9008366026821	0.000608219676531038	0.987993235625705	7.15731216248805	1	5.6369785794814e-05	0	0	0	0	0	0	0	0	0											mouse
SRP165748	8	17889	0	1	0	0	1	0.957130171183298	0.846829854414259	1.02500146928123	0.119152503992002	0.153679660661033	0.985996691878843	7	3	0.00230158541204195	0.428945565247357	0.0910870148548437	0.645994215227138	0.8507654339228	93.9095177916553	5	0.0191705241127438	0.00470126349680162	0.787545418972553	8.33774380567183	1.07233975481785	1	0.0007716291009589	0.307440771737739	0.0635922725466088	0.698614180487629	0.885338975639742	218.113529390123	5	0.0004352075600461	0.00058660914866242	0.559751802783834	0.563999447157814	5	0.000279501369556711	5	2	1	6	0	0	0	0	0	0	0	0	0	0	0	-0.00113212045190309	-0.00414182825498112	0.00363056046770837	0.6	mouse
SRP165919	12	20625	0.50709255283711	1.34615384615385	0.5	-0.50709255283711	1.34615384615385	1.17854114995418	1.12630807039949	1.20236169827001	0.135035077200997	0.435232809696261	0.934556655132877	526	1110	0.12832793672883	1.48168236939947	0.377922316843358	0.380389608957168	0.560190546857033	26.4925241759933	3	3.0569406855765	0.01810875104429	0.999127272727273	23.8233853844638	1.06999234813534	0	0.169245926948042	1.38752601933976	0.383047636016329	0.251607426207495	0.513757684954338	10.7713566146503	3	1.32967327575971	0.0017947946501877	0.983482828282828	7.85889774741724	3	0.000145454545454545	75	451	659	526	0	0	0	0	0	0	0	0	0	6.66666666666667e-05	0	-0.0463508260267446	0.177123422476146	-0.216722328270595	0.16	mouse
SRP166762	14	21239	0.206724557648681	1.04464285714286	0.111111111111111	-0.372104203767625	1.16071428571429	1.02174245906152	0.977052962107081	1.04571204177588	0.523811603728013	0.929075404500985	0.995326084484392	7674	7477	0.080695929964107	0.52076839104677	0.156428701210765	0.163272666000423	0.479193337988687	2.91164207579154	1	0.64338539187316	0.000790157587245939	0.996939592259523	7.97305968192682	1.10614974146915	6287	0.083129561904259	0.545691051239249	0.160969361748274	0.170604366017605	0.479477019901178	3.51737297092964	1	0.0662284792252399	7.88670074746493e-06	0.405339234427233	0.796647886151462	1	4.7083196007345e-05	527	7147	330	1526	0	0	1	0	0	0	0	0.00303030303030303	0	7.59013282732448e-05	0.00189753320683112	-0.0520985618935538	0.0337452672507756	-0.0781381614457518	0.57685009487666	mouse
SRP166996	9	21285	-0.35	1.13960113960114	-0.35	0.1	1.01010101010101	1.04276468137974	0.954896047407001	1.08352313910516	0.0419528298531783	0.130520837067618	0.840603834448421	0	255	0.050194560015432	0.527627770816127	0.195337764484221	0.719692672503459	0.561642952816406	402.685273124246	5	3.48343408692765	0.0894913420376573	0.99959595959596	69.410315567322	1.01115459727643	0	0.011270221314579	0.168433577910293	0.0505731641497147	0.695419647318362	0.59714544272971	380.632140723736	5	0.82188691703574	0.115053792645642	0.998947615691802	72.9350389411228	5	0.000234907211651398	0	0	255	0	0	0	0	0	0			0								mouse
SRP167865	10	17569	-0.5	1.33333333333333	-0.4	0.5	1.33333333333333	1.17590842813227	1.08862280985303	1.22310438669839	1.12287974322014	0.530466980145474	0.914399332233334	1378	178	0.108482717579967	2.4162310345763	0.613450114136645	0.281179832329621	0.664849216112953	10.895502399637	5	0.97801429019398	0.00214496470799572	0.738437019750697	9.01614862423668	1.17922866873992	910	0.143748799995636	1.7884569430638	0.522061233049521	0.129303407636055	0.610816561829641	1.65176403240107	5	1.30010052753994	0.00148626537864179	0.913392907962889	9.05039610698556	5	0.00028459217940691	1200	178	0	640	0	0	0	0	0	0	0		0	0.000241666666666667	0.000833333333333333	-0.020183520683781	0.206742251483547	-0.239276436915097	0.1275	mouse
SRP167988	12	18382	0	1	0	-0.333333333333333	1.125	1.01580716283989	0.971553957609693	1.03557351316151	0.263634568860928	0.128093235437933	0.984865998473477	3	8	0.00139722373703835	0.244811392136509	0.0601690908850036	0.800621040965492	0.855787409690277	203.918688951619	5	0.566799885997477	0.0262833518774094	0.995386791426395	405.765157735118	1.09779702216687	0	0.0356567383444241	0.653832971972391	0.150358248310538	0.620038872343188	0.602303007299384	73.5706019316006	5	0.32110182869556	0.00122235069700799	0.970764878685671	9.00563490777739	5	0.000272005222500272	0	3	5	3	0	0	0	0	0		0	0	0							mouse
SRP168527	24	20145	0	1	0	0.333333333333333	1.125	0.989976025048245	0.951200717553453	1.0079521179039	0.0572629148974378	0.0478736472084945	0.986050352355633	1	2	0.000773660682762502	0.0711502354386531	0.0239126956209291	0.866056918954988	0.822615176010617	729.025730760299	5	0.225427588188883	0.0306742897686212	0.992861752295855	291.713634117956	1.06946957554143	0	0.01893841950798	0.163994636881383	0.0515879475281278	0.473085073678627	0.524077481270884	140.918467364224	5	1.34666989650493	0.144433615523873	0.99982129560685	71.1180188959976	5	0.000248200546041201	0	1	1	1	0	0	0	0	0		0	0	0							mouse
SRP168573	10	16576	0.2	1.04166666666667	0.2	0.2	1.04166666666667	1.05952461345149	1.01166268331014	1.08152980405442	1.0536000107226	0.752136470714054	0.996559277802689	3607	2977	0.053022476805719	1.18987103085346	0.294855874796623	0.318371081727197	0.674887524760165	15.7341686542652	3	0.383662657626361	0.00472633074191039	0.848435489060489	7.23683125866786	1.04918560769791	2924	0.0539853106927335	2.19428086917457	0.452961633128428	0.513901172768265	0.713728086961546	33.9362957066237	3	0.728913487655329	0.00806550126240382	0.917973777348777	13.503047044186	3	0.000180984555984556	689	2918	59	723	0	0	0	0	0	0	0	0	0	0.000239477503628447	0.00145137880986938	-0.0223689807987933	0.0715567945620907	-0.0885353153117493	0.271407837445573	mouse
SRP168748	12	19309	0	1	0	0.333333333333333	1.125	0.987927083659029	0.947532014336921	1.02147415395424	0.134181048914087	0.166936779677871	0.996171664226461	180	119	0.00130397005354051	0.260405539126008	0.0541739051381254	0.63928472560447	0.851955076133737	73.8057514539043	5	0.354338323056109	0.00891262207703678	0.989735356569475	272.32486420566	1.1076926486719	18	0.022448532985209	0.317703101435442	0.0978559574139046	0.598741753870874	0.600882598711902	512.890022950158	5	0.36563294723898	0.0879869004739942	0.974436791133668	16.2913092100618	5	0.000258946605210006	69	111	8	162	0	0	0	0	0	0	0	0	0	0.00036231884057971	0.000362318840579793	6.55443106711954e-05	0.0271216122953873	-0.0282767849382546	0.173913043478261	mouse
SRP170677	29	22385	0.0333333333333333	1.00111234705228	0.0333333333333333	0.171428571428571	1.03027754415475	0.996158848425191	0.973369547047888	1.01228226550199	0.099077842630206	0.290076802632227	0.99433544889282	8931	9686	0.00541697921279499	0.377209421601594	0.0798299251022572	0.639421493428953	0.780096030911668	123.467863971823	5	0.308915013895201	0.00428917290991902	0.984007147643511	57.0390042328541	1.0295437960578	8512	0.008832652699164	0.117519156958782	0.0297844719454633	0.403299925956373	0.583179248108305	34.7853382626565	5	0.031656014021282	0.000561435750231635	0.769291936564664	3.58504911462064	5	0.000223363859727496	72	8859	827	513	0	0	1	0	0	0	0	0.00120918984280532	0	6.94444444444445e-05	0	-0.0530322135782329	0.011041536908775	-0.0562799873224267	0.777777777777778	mouse
SRP171158	14	20109	-0.458333333333333	1.26593406593407	-0.458333333333333	0.125	1.01587301587302	1.12527590369986	1.08479562286253	1.14397296889979	0.691380310850212	0.301401459923579	0.899957417175286	2	0	0.115858755136998	1.17243428394037	0.306850637813952	0.29376077980188	0.542357042991263	17.8822972858746	5	4.65347615433594	0.0469719984912116	0.999870704659605	40.1678852811243	1.02112553556383	0	0.0349535264133681	0.856345359333937	0.18649570000313	0.381246336910685	0.66554873773367	19.1397101212894	5	0.51097982845487	0.00177789432154562	0.956298174946541	14.6251942043777	5	0.000248644885374708	2	0	0	2	0	0	0	0	0	0			0	0	0					mouse
SRP172565	21	23855	-0.258198889747161	1.07142857142857	-0.2	0.0430331482911935	1.00185528756957	1.03649783951295	0.985846644071479	1.05702007714785	0.923714098169843	0.259814173602317	0.960923688354617	201	101	0.0628738768945877	1.25190940645859	0.336546427118772	0.166158303775045	0.650164396938775	3.53705678399592	5	0.974840202000338	0.00199660749100083	0.96788933137707	15.5070045522432	1.01608533069539	195	0.0072891546864191	0.826695157816236	0.175896274743731	0.534225952612351	0.818917629066836	59.1422805088163	5	0.0223531059077939	7.7957260152112e-06	0.718012995179208	3.06770318898214	5	0.000209599664640537	105	96	5	34	0	0	0	0	0	0	0	0	0	0.000142857142857143	0	-0.0471303989921672	0.0484196922168964	-0.0918113967186686	0.495238095238095	mouse
SRP172733	44	12367	-0.122594720750044	1.01525879712154	-0.0905263157894737	0.00285104001744289	1.00000812849525	1.01405590558788	1.00011218366188	1.01915328884443	0.498785740206127	0.703547297057256	0.993851625722801	586	617	0.051509618977617	0.672751614736425	0.170825995033071	0.270986139086712	0.601931866792858	10.5010953906139	1	1.20076014298039	0.00397110731046173	0.99951483787499	23.3152089593307	1.00467964647966	563	0.012472489208819	0.485317695799432	0.111828089924971	0.37384431168005	0.729622014951229	21.3507971826852	1	0.05704163879881	2.03128037174373e-05	0.75135441093232	4.57366375515634	1	8.08603541683513e-05	28	558	59	37	0	0	0	0	0	0	0	0	0	0	0	-0.0319847274867182	0.0142367412678267	-0.0432962103854267	0.642857142857143	mouse
SRP173297	24	22102	0	1	0	0.176776695296637	1.03225806451613	1.00670825525719	0.986269329348619	1.01485285416172	0.0372687592122356	0.0967463203770698	0.99878060416851	4527	4580	0.000274792287615011	0.0310151327996475	0.011468340744718	0.864378028784668	0.833494938709294	1263.532877087	5	0.320305256747113	0.154345839432776	0.999755678219166	1166.85835650968	1.02406306832851	4534	0.00865109204575304	0.0849362557276662	0.0340625391140492	0.694445914021613	0.553376661577829	1171.66702323807	5	1.48420200496058	0.42537672648227	0.99987331463216	171.583095301264	5	0.000226223871142883	57	4470	110	237	0	0	0	0	0	0	0	0	0	0.000263157894736842	0	-0.000205581903913847	0.0158201360903186	-0.0166156896714211	0.105263157894737	mouse
SRP173466	23	19882	-0.0454545454545454	1.00207039337474	-0.0454545454545454	0.128787878787879	1.01686606361249	0.969319649426783	0.907218246710361	1.00104316672801	0.194461726238589	0.234438040274953	0.997909353010875	3687	4570	0.0059292849193072	0.143350433960886	0.0333885857693181	0.490741271504911	0.677446385201923	52.9488165730625	5	0.436401833356852	0.0404940460670472	0.999386379639875	73.6113234792996	1.01847357124346	3981	0.0137003732678688	0.116612382970527	0.0308536809890074	0.284228242521906	0.509870380347839	12.5960987560864	5	0.0784103036614749	0.00169553604259855	0.929534252087315	5.72477299367342	5	0.000251483754149482	1	3686	884	94	0	0	0	0	0	0	0	0	0	0	0					mouse
SRP173478	8	21389	0	1	0	-0.5	1.33333333333333	1.00147378072399	0.953902769532297	1.02383401938679	0.0287837183238431	0.0872390508056878	0.994429969716856	1091	1279	0.000594704440889798	0.0688909937775654	0.0253020636614836	0.859146618764716	0.834826777390218	1334.48898645708	5	0.882405457050874	0.264967989423303	0.99494132498013	1486.94798443918	1.18753707536655	587	0.0301395455678026	0.359529547533934	0.130191799446485	0.62256307403818	0.595365440077764	394.353293677301	5	4.07718034892546	0.253903159156228	0.999906493992239	135.305722731419	5	0.000233765019402497	14	1077	202	544	0	0	0	0	0	0	0	0	0	0.000714285714285714	0	-0.000282310853309257	0.0277859891774401	-0.0284184230605891	0	mouse
SRP173589	8	21776	0	1	0	-0.5	1.33333333333333	0.998341159649293	0.946767216144907	1.02166595703151	0.0325756307528261	0.398925449210335	0.997510759569259	10925	11062	0.0017407455531889	0.26744861178183	0.0629493985566752	0.722586479632995	0.841761924173079	364.076200605611	5	0.19639461579132	0.013379972087061	0.9873989713446	112.892889820923	1.18337146164572	9406	0.052658237724215	0.636924841443194	0.173288666397512	0.421675256651883	0.574008460023708	76.7487182310424	5	3.89291612906904	0.106233823633585	0.999889786921381	73.9422345489043	5	0.000229610580455547	178	10747	315	1828	0	0	2	0	0	0	0	0.00634920634920635	0	0.000196629213483146	0.00561797752808989	-0.00638381300294615	0.0247024483451616	-0.0390283178163469	0.348314606741573	mouse
SRP173645	8	21734	-0.377964473009227	1.16666666666667	-0.25	-0.377964473009227	1.16666666666667	1.09679168896989	1.04734675980251	1.12164228311669	0.812588595319885	0.431525418686951	0.979775320873002	6933	6295	0.0667836203802315	0.761247307540337	0.192141400815198	0.321931812207824	0.558402853774797	12.6707432726553	5	0.51323745126048	0.00305986240550221	0.955111806386307	7.6872574445511	1.0805038110201	6762	0.07418781192555	0.748266892768141	0.190375838313417	0.26723015349913	0.537715014132843	8.74431786025988	5	0.228015350422593	0.000654368707024062	0.843369835281126	3.07387425032449	5	0.000230054292813104	1040	5893	402	802	1	0	1	0	1	0.000961538461538462	0	0.00248756218905473	0	0.000163461538461538	0.000961538461538462	-0.0617560920912062	0.104020359422272	-0.170808382482394	0.375	mouse
SRP173675	24	19289	0.50709255283711	1.34615384615385	0.5	0	1	1.13250654548688	1.06790823289126	1.16851324397412	0.837476249019853	1.13988767640929	0.967815845280948	12894	9830	0.18893683837941	2.11457125835258	0.505821182225403	0.354171175862258	0.538150492759935	16.3281279836969	2	4.9738408444539	0.0104579484045204	0.999507491316294	26.3271724762569	1.00732189382076	12855	0.00321717713033998	0.422406319167158	0.0856556154950132	0.592340114420804	0.826166871500048	54.3149201099501	2	0.668380759242107	0.00812688437958089	0.990720099538597	207.907941581466	2	0.000103686038674892	3275	9619	211	165	1	0	0	0	1	0.000305343511450382	0	0	0	9.9236641221374e-05	0.000610687022900763	-0.510130781425949	0.0478094942347742	-0.535143585477263	0.909312977099237	mouse
SRP173803	14	22675	-0.447213595499958	1.25	-0.466666666666667	0.447213595499958	1.25	1.14843587985786	1.12875136447537	1.15873311871695	0.118913497686615	0.218859968808725	0.982822615544706	3127	1955	0.04318990044029	0.471625962530606	0.142872643623641	0.611944037711813	0.539948451426692	380.665129088366	5	4.72831989800244	0.248595895364063	0.999911797133407	109.507037170461	1.1320648623318	2588	0.06085238356194	0.445142114615647	0.141933101167628	0.425191580246783	0.49526328596184	157.450519104819	5	3.53741751802159	0.156751249657045	0.999902976846747	58.1742875894097	5	0.000220507166482911	1181	1946	9	701	0	0	0	0	0	0	0	0	0	0.000198983911939035	0.000846740050804403	-0.0698275532799573	0.137354659042043	-0.210751131676271	0.272650296359018	mouse
SRP173808	8	22136	0.258198889747161	1.07142857142857	0.25	0.258198889747161	1.07142857142857	1.06288944827135	1.00820633619167	1.08774596712881	0.487436708206735	0.211128242592854	0.972492116561527	4	2	0.044695459653538	0.505302474944766	0.130050096961296	0.492348827156339	0.542855621631456	67.6562276023821	1	3.13369736822604	0.0261570554095851	1	70.1135677966514	1.07249736036409	4	0.0407653764311205	0.484918327616463	0.125526707626145	0.469597277804703	0.558489109671278	62.5230507573463	1	1.27111108822583	0.00461877058468162	0.999141669678352	31.1835424224783	1	4.51752800867365e-05	2	2	0	1	0	0	0	0	0	0	0		0	0	0					mouse
SRP173935	9	23063	0.158113883008419	1.02564102564103	0.15	-0.316227766016838	1.11111111111111	1.01703208013083	0.910436154364408	1.07776284836045	0.138436312696853	0.311022056623984	0.914074517305588	0	0	0.0354509246693601	1.10841475813112	0.258840043365667	0.330937654929973	0.705341519494457	16.3956819247997	5	1.11407889358198	0.00384803654152047	0.982656202575554	31.4387019224247	1.03101798617161	0	0.106888410703794	1.5759507341088	0.379081640874556	0.315017956123269	0.60284957988726	13.9724384391346	5	1.35377293821669	0.00265551757970123	0.980349477518103	12.6667927306926	5	0.000216797467805576	0	0	0	0	0	0	0	0	0											mouse
SRP174208	37	15640	0.0187317162316339	1.000351000351	0.0175438596491229	0.134243966326709	1.01835217516451	0.99629489928744	0.971011995515397	1.00579565542646	0.296453077410899	0.425770081081951	0.995118803724324	1180	1201	0.014245905166094	0.398603607270327	0.0911243683439565	0.34256590996298	0.699765270779611	16.5248133654291	5	0.090269479322201	0.00302697513593134	0.705332480818414	6.33756688161533	1.01104386545032	1204	0.0330479314893961	0.450345305471607	0.117246292768385	0.246861736181587	0.602517737830983	8.00606815191469	5	0.116814217303969	0.000682448224382281	0.771841432225064	3.5350008279283	5	0.000319693094629156	39	1141	60	70	0	0	0	0	0	0	0	0	0	0.000384615384615385	0	-0.0654605354736279	-0.00720407897328953	-0.055868669015274	0.923076923076923	mouse
SRP174529	19	17851	0.285773803324704	1.08892921960073	0.233333333333333	0.0272165526975909	1.00074128984433	1.05856618776625	1.02958302212408	1.07038935940421	0.167595585585078	0.48104712003836	0.969085853295775	4741	4215	0.0506412664428999	1.18020768071877	0.273687582358158	0.412788839327265	0.665428022895907	140.067638105642	1	1.98369032138889	0.00290036957963072	0.999159710940564	39.1723327499133	1.0043691878443	4658	0.00686485239456203	0.759688945931655	0.157194401239265	0.508854907672197	0.822684814159082	35.4656772633443	1	0.339167953107023	0.000259659762210626	0.957537392863145	49.4075729432032	1	5.60192706290964e-05	755	3986	229	205	0	0	1	0	0	0	0	0.00436681222707424	0	3.3112582781457e-05	3.31125827814645e-05	-0.06898933073282	0.0554956217356396	-0.120808014208355	0.541721854304636	mouse
SRP175109	11	21468	0.0690065559342354	1.00478468899522	0.0666666666666667	0.0690065559342354	1.00478468899522	1.03282547702879	0.997434216849173	1.04770278471332	0.0738433680241801	0.0880373465721347	0.989928122037374	4	2	0.00461745515948585	0.138333263873827	0.0339747010143863	0.722934615176154	0.687288936107933	202.537620812832	1	1.1965460570017	0.0566835728156742	1	259.179398355605	1.02796722326415	2	0.0050091792992365	0.12989660576718	0.0301682950528636	0.673103822677045	0.663130300894752	104.787579482493	1	0.1518982871462	0.00116528915562478	0.991988075274828	30.3287737253277	1	4.65809577044904e-05	2	2	0	2	0	0	0	0	0	0	0		0	0	0					mouse
SRP176410	8	19241	0	1	0	-0.577350269189626	1.5	1.0118426109504	0.951513740375151	1.03992244636982	0.0671180030459398	0.140243904400587	0.977278299320488	0	3	0.002494132343733	0.468976265421673	0.095783569759713	0.633153560608768	0.847770466632304	63.0899047698038	4	0.400516957896938	0.0109419836249124	0.944831349721948	160.683742180174	1.20285661173234	0	0.119905629601689	1.42484620413633	0.343397045405693	0.311565699774764	0.559168693613761	13.6551051278423	4	2.10208525036891	0.00792709926275672	0.994205082895899	17.5367927975503	4	0.00020788940283769	0	0	3	0	0	0	0	0	0			0								mouse
SRP176418	10	21644	0.25	1.06666666666667	0.25	0.25	1.06666666666667	1.06676489142549	1.03777228990612	1.07958863348098	0.0768424042636219	0.251812619741056	0.991883310056626	3081	877	0.0221009112747667	0.211891831458474	0.0780932947588442	0.660167020759669	0.547853700648261	470.804310289683	5	2.50558456790012	0.23560197224256	0.999824431713177	113.404777342639	1.06301499374437	3146	0.030994912734707	0.266147271310989	0.0735506939002301	0.308672524488442	0.518311848590294	21.9859600472483	5	0.10361985276058	0.000842746408057819	0.802836813897616	3.34388267073589	5	0.000231010903714655	2205	876	1	424	0	0	0	0	0	0	0	0	0	0.000267573696145125	0.00090702947845805	-0.0237178742715167	0.0676309433320913	-0.0910817185354388	0.248072562358277	mouse
SRP178051	15	21445	-0.0545544725589981	1.00298507462687	-0.0535714285714286	-0.0545544725589981	1.00298507462687	0.987310778916534	0.943956619487959	1.0158132326578	0.0973993409530129	0.205438793053608	0.998603439091158	5121	6276	0.0054231038647545	0.0691075417430075	0.0204229981997213	0.67467756832125	0.567852981437577	698.974133900773	3	0.228441266070991	0.168537257244305	0.998523354317246	42.1291220710326	1.01147241829327	4493	0.00471340120574998	0.0566748631622671	0.0133931014336942	0.404824582899001	0.548115620988081	28.7666110608043	3	0.036693677962752	0.00585811030912175	0.719017642029999	7.78512496659731	3	0.000139892748892516	11	5110	1166	654	0	0	0	0	0	0	0	0	0	0	0	-0.0868193250724359	0.0276834913459565	-0.0980231337411515	0.636363636363636	mouse
SRP178267	8	21461	0	1	0	0	1	1.05731932509643	1.02851844531745	1.06805152675271	0.0523534799722295	0.0891137871161906	0.997769991667345	244	188	0.000367656174315001	0.0522603860648534	0.0209632728781306	0.887148087466582	0.849067564960087	1001.09405252689	5	0.200231553752151	0.0408582630556	0.998676669307115	545.002170438278	1.02082674854505	209	0.001421273960388	0.0717329009129806	0.0254529945049959	0.83063545966807	0.773321002100291	1962.83451758179	5	0.00302555079456499	0.000946234316736896	0.585601789292205	2.12896176046932	5	0.000232980755789572	60	184	4	38	0	0	0	0	0	0	0	0	0	8.33333333333333e-05	0	-0.000263319009780276	0.0587698164216997	-0.0617549170797211	0.116666666666667	mouse
SRP178890	14	21093	0	1	0	-0.288675134594813	1.09090909090909	0.996238491996195	0.945258915752319	1.01426859104405	0.121800235979711	0.178098400098422	0.988716943709277	50	100	0.00211561836114099	0.30334013679054	0.0674010289053377	0.646043011880706	0.834283170335517	114.923226513565	4	0.221671393271749	0.00304303818875941	0.970061157730053	104.837046789516	1.0574767951909	36	0.047734657807683	0.419921448070333	0.111584739816265	0.327252308180696	0.515078504106537	19.8433401626179	4	0.434721509024195	0.00784024014243827	0.876096335277106	9.10987054033294	4	0.000189636372256199	0	50	50	16	0	0	0	0	0		0	0	0							mouse
SRP181206	8	20839	0	1	0	0.577350269189626	1.5	0.909467157708284	0.783013711640025	0.983043739391343	0.810529561610879	0.185932509707082	0.978664690783576	0	0	0.00520138062269199	0.45834216345715	0.0936526098982506	0.563109103953739	0.800136175247787	70.2618861522728	5	0.0112496231822906	0.00296309463664168	0.681961706415855	2.16324023138245	1.27869686371479	0	0.153751476580965	1.20267557901675	0.332364646530436	0.217042113572936	0.503870661627158	5.86710570695722	5	0.12716122957763	0.00277612670359385	0.495302077834829	0.827035600053363	5	0.000239934737751332	0	0	0	0	0	0	0	0	0											mouse
SRP181809	45	18811	-0.196428571428571	1.04013266998342	-0.196428571428571	-0.0178571428571429	1.00031897926635	1.01792746822169	0.995374326992904	1.02769067869415	0.109745035718521	0.0880467263531754	0.97155759051228	92	83	0.0293348867703733	0.206599520247563	0.0661822167767824	0.467652414694756	0.48156715977665	181.132172855684	5	1.8111827906716	0.192469856227518	0.999883047153261	61.746082603632	1.00278572725072	96	0.00205750654901299	0.150462683975964	0.0300954763037325	0.619471015641947	0.792956134654105	64.3789057534525	5	0.0543390182433701	0.00167442001389691	0.950858540215831	26.4217388735887	5	0.000265801924405933	13	79	4	2	0	0	0	0	0	0	0	0	0	0	0	-0.0371665601315134	0.0230106305743321	-0.0601771907058453	0.692307692307692	mouse
SRP181939	10	22292	0.408248290463863	1.2	0.4	0.408248290463863	1.2	1.12828017610469	1.09526603935767	1.14216127249548	0.0732795329379456	0.134741156500589	0.958178849184968	9	1	0.0352799246241414	0.314327234424762	0.105241503731884	0.561765776242769	0.527744674100813	491.833177324715	5	3.86685757172582	0.317636718642181	0.999910281715414	109.62898401312	1.12468044577683	3	0.0404576904525194	0.394427670065035	0.119487890199375	0.526503957652266	0.538899371799664	142.891416870692	5	0.36292690932008	0.00750012089716135	0.967916741431904	8.97232596039616	5	0.000224295711465997	8	1	0	6	0	0	0	0	0	0	0		0	0	0	-0.00746540934422378	0.107132334731429	-0.107558679502039	0.125	mouse
SRP182089	24	19378	0	1	0	0.5	1.33333333333333	0.996980244426693	0.958690766055571	1.01394624695602	0.0982421693924531	0.383333018482819	0.995236867798783	6964	7056	0.00602089187423896	0.540615058982935	0.109819847397379	0.518198516478252	0.803510084720595	46.3143967068731	5	0.246194518821091	0.00150483341895104	0.931850552172567	40.9112853011373	1.15862776484806	6089	0.076573291325972	1.05941919886664	0.259634267989707	0.347233876246899	0.58745649213848	24.7901541870504	5	3.47286936108401	0.0519418441966325	0.999339457116318	45.3657398708535	5	0.000258024563938487	170	6794	262	1286	0	0	2	0	0	0	0	0.00763358778625954	0	0.000264705882352941	0.00588235294117647	-0.0526355268096736	0.0114024142799801	-0.0562160388239087	0.688235294117647	mouse
SRP182095	8	20013	0.577350269189626	1.5	0.5	0.577350269189626	1.5	1.24294049323026	1.08406557388622	1.29978289984906	0.317123372605173	0.311552364015759	0.699880747959954	2	0	0.1704792604101	3.64062091079173	0.933299196256792	0.277136734918929	0.66914822633831	11.0832878272639	2	6.17132176681593	0.00516883662171791	0.991780342777195	36.2122876083787	1.24294049323026	0	0.1704792604101	3.64062091079173	0.933299196256792	0.277136734918929	0.66914822633831	11.0832878272639	2	6.17132176681593	0.00516883662171791	0.991780342777195	36.2122876083787	2	9.99350422225553e-05	2	0	0	2	0	0	0	0	0	0			0	0	0					mouse
SRP183456	9	21435	-0.158113883008419	1.02564102564103	-0.15	-0.158113883008419	1.02564102564103	1.00820081934957	0.947829737378651	1.03654749211642	0.100994009850894	0.143276789224319	0.979059300726792	0	0	0.0215659239135386	0.277416901512732	0.0722466978797751	0.545932419765054	0.566915605741967	86.7577891616894	5	1.40433747440144	0.0885729790979907	0.998973641240961	65.1355455773736	1.02720140299814	0	0.020303130983191	0.309450060453494	0.096634382636225	0.747263663196991	0.601944654969925	210.105812278422	5	0.66420104284762	0.018173874999957	0.996286447399114	32.7278592160975	5	0.000233263354327035	0	0	0	0	0	0	0	0	0											mouse
SRP185546	22	18164	0.149071198499986	1.02272727272727	0.133333333333333	-0.260874597374976	1.07302533532042	1.01159163223073	0.975353652049934	1.02606348543923	0.0591787440849821	0.240063502279358	0.987271784875299	9	12	0.034017458300497	0.346014283452116	0.0955005404980162	0.326075763693527	0.555289076182777	26.8410632552695	1	1.5941420037505	0.0152750862291938	0.999944946047126	46.8662236073123	1.04901975621662	11	0.0621161181419981	0.582157769378954	0.152833139817134	0.301943462913748	0.529369823419047	14.90924343587	1	0.43282039965947	0.000437793361313797	0.979464875578067	6.96799527165618	1	5.50539528738163e-05	0	9	3	0	0	0	0	0	0		0	0								mouse
SRP185578	8	21200	-0.5	1.33333333333333	-0.5	0	1	1.17416017735156	1.10306299068644	1.20110374216448	0.0249416834423042	0.146403870001073	0.805272855053596	138	105	0.0595928586974863	0.918766059643645	0.223276461860192	0.543619080406795	0.585006109439816	141.512434367119	5	6.0727106626591	0.153990264446049	0.999905660377359	101.942011421906	1.02664516459924	123	0.001118629143064	0.208045439522473	0.0474192415099253	0.81520426899986	0.856918384682419	159.199730987554	5	0.28824271113731	0.0439713200094463	0.974433962264151	258.041259980774	5	0.000235849056603774	46	92	13	26	0	0	0	0	0	0	0	0	0	0.000326086956521739	0	-0.0272404768815419	0.162309650257123	-0.205866443630444	0.130434782608696	mouse
SRP185583	31	28886	-0.362774109195271	1.15154977001473	-0.422619047619048	0.112408878905577	1.0127974616605	1.07759865612718	1.05617411689409	1.08721051406345	0.834083689911623	0.683577648380643	0.942840714451727	160	119	0.236707361269722	1.45315069016556	0.45203743078964	0.177135124389497	0.480421228614172	4.37832425446715	5	0.855221907901405	0.00410347731288689	0.93009070137783	3.61413715900787	1.01409200467257	132	0.0586155437105489	0.720010412682182	0.174087649536941	0.383726736759291	0.569986582208856	25.2111831973346	5	0.103865670853521	0.000149695719791089	0.590680606522191	1.77205679883468	5	0.000173094232500173	59	101	18	29	0	0	0	0	0	0	0	0	0	8.47457627118644e-05	0	-0.0681922989523422	0.0862035189123129	-0.146807108444613	0.355932203389831	mouse
SRP185733	18	17513	0.433200112721982	1.23101518784972	0.425	-0.0254823595718813	1.0006497725796	1.11386513955848	1.06678436627559	1.13664741165322	0.914790659366272	0.480303026541329	0.858969792822326	2894	1709	0.111989246674515	3.08847640311875	0.685983616047917	0.546108521403208	0.679163644721749	43.4050183203693	5	1.91286274179587	0.00563171805880013	0.978987038200194	17.0958735407392	1.01005748360163	2798	0.0083523182277196	0.579699969142518	0.126227711703009	0.605924993893985	0.78197516259005	77.0181896423564	5	0.12739172035814	0.00212614057193169	0.918700393993034	15.2536482474203	5	0.000285502198366927	1206	1688	21	176	3	0	0	1	3	0.00248756218905473	0	0	0.00568181818181818	0.000265339966832504	0.00165837479270315	-0.142453289033342	0.100980511195232	-0.230814671411541	0.586235489220564	mouse
SRP185805	84	19063	-0.347863735201066	1.13766830696776	-0.372319688109162	0.0091063805026457	1.00008293304318	1.06335309434764	1.04425654072982	1.07011823765067	0.464827768410494	0.0987054848891955	0.694433553027	0	0	0.052185606983783	0.755587268234218	0.203673641520598	0.620685925368721	0.589745985932838	91.9008572150251	5	2.93298341450884	0.0551276109233202	0.999380999842627	56.2100739013821	1.00392470915081	0	0.000928418002339497	0.0736606121541529	0.0191359280772254	0.801406197189919	0.805682187929722	192.211187157576	5	0.40338832473264	0.106177049849084	0.999622304988722	434.671832517201	5	0.000262288202276662	0	0	0	0	0	0	0	0	0											mouse
SRP185884	16	21018	0	1	0	0.5	1.33333333333333	1.00762880627842	0.984378551878248	1.02388057793505	0.0959244493329686	0.114826380376448	0.996648905733428	30	31	0.000956273321282099	0.0685556749612127	0.0214755413350161	0.813028420471013	0.804190796954387	361.53739893923	5	0.133306573457987	0.03001121847236	0.965734132648206	139.549348705943	1.1645169755855	22	0.0821745982535668	0.505544605421891	0.15393587688848	0.221417049181562	0.46808138823648	7.67534246226045	5	0.106531465094972	0.000221290098441253	0.568179655533352	1.29652838231122	5	0.00023789133123989	1	29	2	8	0	0	0	0	0	0	0	0	0	0	0					mouse
SRP186066	8	21091	0	1	0	0.577350269189626	1.5	1.01921278081553	0.962257215363194	1.04656102097759	0.863538021567742	0.112808656393703	0.996380130958046	355	312	0.000894449600514991	0.0727978625316049	0.0294171313706735	0.897333995816282	0.818612955648914	1663.7926446797	5	1.38259805726387	0.516532728760397	0.999535346830402	1547.89383327652	1.27376008938675	287	0.0651371176281978	0.646987911655008	0.182001019157243	0.391594136106133	0.544685094402674	46.7676368708913	5	0.37983269524973	0.011038508266183	0.963292399601726	5.83302352652367	5	0.000237067943672657	61	294	18	174	0	0	0	0	0	0	0	0	0	8.19672131147541e-05	0	9.5771428294948e-05	0.0446079756225753	-0.0446135891160007	0.0163934426229508	mouse
SRP186132	12	22532	0	1	0	-0.666666666666667	1.8	0.994213072473425	0.938226997812333	1.01934172818267	0.0500530785000656	0.0521545786528705	0.978687459036289	0	0	0.000611189989930979	0.0821996887420959	0.032463852838604	0.906667028491497	0.854220968778154	475.868393924432	5	0.304803373153565	0.0415035353754009	0.992632700159773	499.612627339118	1.34795705833325	0	0.0570241101780457	0.587383958475573	0.175402171238329	0.425468607562871	0.561868019798072	59.8716998415071	5	3.17761240604925	0.0739968096570506	0.999857979762116	55.741261179277	5	0.000221906621693591	0	0	0	0	0	0	0	0	0											mouse
SRP186214	16	23366	-0.277350098112615	1.08333333333333	-0.25	-0.277350098112615	1.08333333333333	1.0272891240189	0.974787991450442	1.05462814364526	0.749052798420381	0.38893689882266	0.985099687072399	2939	2742	0.08744719227699	0.652295402398911	0.187238669666496	0.18812215349265	0.506059623142176	5.0026594803709	5	1.59030670199428	0.0161070311176939	0.999880167765129	18.1887487579049	1.02351847633058	2768	0.0971298922917605	0.725360769428426	0.211444126962897	0.171228372928835	0.508514012008916	3.4821807025231	5	0.0995312621828797	0.000170026660489412	0.596576221860824	1.02479637971646	5	0.000213986133698536	528	2411	331	619	0	4	1	0	4	0	0.00165906262961427	0.00302114803625378	0	0.000246212121212121	0.00189393939393939	-0.0629545267376152	0.0458957048004149	-0.103785921626003	0.549242424242424	mouse
SRP186363	11	21270	-0.346410161513775	1.13636363636364	-0.2	-0.346410161513775	1.13636363636364	1.10321043281768	1.06139087924132	1.12156776922474	0.998584017191336	0.476625787930381	0.99191490974951	2892	2203	0.0679844566869305	1.629148480632	0.335573590943614	0.408977598440955	0.655399079117588	22.0650951727192	3	0.512198669542417	0.000697733616371428	0.931123648330983	7.53585210571135	1.09371868034014	2375	0.0878661460350698	1.29245949328508	0.323326655514948	0.273600886670425	0.615241246926165	10.2674802968234	3	0.32725271395928	0.000811193011381655	0.689406049208588	3.72514585059584	3	0.000141043723554302	786	2106	97	742	0	0	0	0	0	0	0	0	0	8.9058524173028e-05	0.00127226463104326	0.00681311487460492	0.106159671982192	-0.0988966093753214	0.0699745547073791	mouse
SRP186486	8	17969	-0.774596669241483	2.5	-0.75	0.258198889747161	1.07142857142857	1.56276481859391	1.43641773850645	1.64798605241924	1.67604469529134	0.675495109589815	0.951016710067288	4639	1671	0.255522165582157	2.07201553429247	0.585367430180363	0.281374079403234	0.515152291793967	19.3198111158191	5	7.07966991172737	0.0416598508104253	0.999721743001836	27.7149174031238	1.09213254535231	4128	0.08916886493915	1.02716454127081	0.253746339982817	0.284070107046332	0.56189843738298	9.91089876221238	5	0.462675094214763	0.000903679139479585	0.891212643997997	5.19202846534437	5	0.000278256998163504	2986	1653	18	705	1	0	0	0	1	0.000334896182183523	0	0	0	0.000276289350301407	0.00100468854655057	-0.0769384365094226	0.437903283265405	-0.56521320328129	0.126255860683188	mouse
SRP186988	12	17932	0	1	0	0	1	0.956880197498613	0.865133069220394	0.997036683483844	0.0478241626295294	0.131717786778811	0.979846889790588	0	13	0.00268057101851042	0.20117760978002	0.0558141143425718	0.771245893067073	0.800528377612998	337.399427436658	5	0.138372284594481	0.00295331813101397	0.954907428061566	51.6597513431706	1.01360443630024	0	0.00137759025741351	0.122962041411844	0.0350591080905608	0.785221023437865	0.814399095920043	380.591099877689	5	0.0595269334755878	0.00258385939233725	0.945940218603613	43.2407088453353	5	0.0002788311398617	0	0	13	0	0	0	0	0	0			0								mouse
SRP187855	46	21045	-0.154892230079405	1.02458134890152	-0.153846153846154	-0.333018294670721	1.12473437447297	0.991036585245211	0.959174427015137	1.0175494399928	0.3493716927685	0.209251292453116	0.953205482449311	56	41	0.062299353710279	0.576924988659009	0.168466440568098	0.242305102259877	0.544880162760783	14.6283398907064	5	2.09179476138368	0.0334665084005761	0.99983844143502	33.5805710248364	1.07271196033632	29	0.0279190013487536	0.311933329058577	0.0877413589065562	0.309942864087113	0.573955986609901	18.1801373539982	5	0.64769516475286	0.0118010589442324	0.997956759325255	23.2019192409146	5	0.000237586124970302	20	36	5	27	0	0	0	0	0	0	0	0	0	0.00025	0	-0.0647524765395633	0.00213396345168162	-0.0774016748580548	0.7	mouse
SRP188688	12	18381	0.169030850945703	1.02941176470588	0.166666666666667	-0.169030850945703	1.02941176470588	1.04607200034198	1.01475630959573	1.05771647339453	0.12438337062318	0.249129995102021	0.843607097381502	0	0	0.047968565965453	1.78503075936518	0.41740561420078	0.442067801939413	0.730425392374228	35.3681842862609	3	1.04631140560299	0.00106572726080737	0.907204903614239	21.8215694541838	1.01032839041654	0	0.0613423949076734	1.87035619328613	0.413008465112309	0.455020646317027	0.697214505908191	37.4474757294353	3	1.61027248796598	0.00221146896465753	0.979870518470159	26.2551026903062	3	0.000163212012404113	0	0	0	0	0	0	0	0	0											mouse
SRP188706	8	17421	0	1	0	0.5	1.33333333333333	1.03421361747094	0.994636599186856	1.05253988192084	0.107925772567219	0.318389216215008	0.97375808769394	19	5	0.005900700859722	0.87253043631785	0.195379155157105	0.628335996324335	0.837541359540543	77.4646343848106	5	0.20988549591572	0.00165848224128178	0.935904942311004	35.6078160273977	1.20444218371025	27	0.137038018320586	1.3066007771791	0.342663898067765	0.264632474157559	0.533713025892471	10.5423840193836	5	2.09949153876798	0.0129571694149844	0.99749727340566	15.3233185832801	5	0.000287009930543597	14	5	0	4	0	0	0	0	0	0	0		0	0.000357142857142857	0	-0.00120180077219144	0.0230923650597321	-0.0204684271786839	0.357142857142857	mouse
SRP188927	8	20271	0.577350269189626	1.5	0.5	0.577350269189626	1.5	1.26016518842709	1.20303288677981	1.28743471127087	0.138276242105636	0.12683176981332	0.904997280546607	1	1	0.079749851164876	0.698875622153694	0.195575673162227	0.333938795857436	0.521350252707319	31.454576039372	1	4.31666119353616	0.0240228573544398	1	54.1309695611728	1.20965591048194	1	0.107231692791469	0.866831473276087	0.23975324013727	0.266596105109346	0.507717928241414	12.0588066674301	1	0.0620093422897501	3.29388029477768e-06	0.313403384144837	0.578198149102361	1	4.9331557397267e-05	0	1	0	0	0	0	0	0	0		0									mouse
SRP189379	8	21131	-0.577350269189626	1.5	-0.5	0	1	1.25497389494846	1.204929642167	1.27752437220731	0.119550562318377	0.118732965529866	0.868707587586513	0	0	0.071484980961686	0.459979231793115	0.156103839254448	0.353913751773346	0.489495739724493	115.528940827559	1	4.92288382012072	0.0470545638964456	1	68.8660354686852	1.02970796823385	0	0.000970381566473999	0.041742037511325	0.0166029707809387	0.857017383398158	0.75811667225513	1013.238618997	1	0.16388859262572	0.00461063293680437	0.999006199422649	168.906600406744	1	4.73238370167053e-05	0	0	0	0	0	0	0	0	0											mouse
SRP189755	12	20196	0.192450089729875	1.03846153846154	0.166666666666667	0.192450089729875	1.03846153846154	1.04747202688711	0.986922838228095	1.06291617680295	0.327069603235565	0.0861783299044758	0.91049257609287	1	0	0.0371867255090809	1.32064303785767	0.325550306360569	0.269285707886779	0.717823294667119	12.5197228616138	1	0.586662991135394	0.000153291008703752	0.916320063378887	15.7764374283279	1.04103089707112	0	0.0409782393219335	0.823284096337735	0.235240506748475	0.133802581063974	0.672762524416338	1.71111784252714	1	1.70586081732091	0.00196701009685555	1	41.631927414577	1	4.95147553971083e-05	1	0	0	1	0	0	0	0	0	0			0	0	0					mouse
SRP189776	8	22511	0	1	0	0	1	1.05824639209467	1.02829935258621	1.07041985839495	0.209572953208161	0.276723670309716	0.996726312966802	407	319	0.00551565690398204	0.373418629765355	0.0808162247371499	0.54934540725511	0.782847053637082	119.647595803631	5	0.477552918075612	0.0667810836407367	0.831771134112212	86.5903032139743	1.04996851096944	349	0.00882049199393503	0.531954360796006	0.112006713461853	0.471506733590868	0.773010515455185	37.7693658339779	5	0.042978421546909	0.00014260097556987	0.636284483141575	4.87333304768541	5	0.000222113633334814	88	319	0	66	0	0	0	0	0	0	0		0	0.000397727272727273	0.0113636363636364	-0.00223516731225644	0.0562917610456592	-0.0621740299693925	0.0454545454545455	mouse
SRP190335	39	19445	-0.172277565489137	1.03058737952355	-0.157608695652174	-0.0564357542119587	1.00319517095492	1.00696835368762	0.971770428014113	1.02342812696401	1.02923706871354	0.220533532979078	0.97856389771172	0	0	0.0439839160277359	0.597654663374457	0.152760884839009	0.494811058896097	0.583761661656039	44.8000582859371	5	0.036540162102263	8.63275222652371e-05	0.489544870146567	0.830699114037938	1.00547862783492	0	0.010865129543193	0.230348629840921	0.0533672753104366	0.572269143360579	0.64041406552472	70.3941821029041	5	0.402991310564547	0.0239384587060925	0.997521213679609	37.1093225127134	5	0.000257135510413988	0	0	0	0	0	0	0	0	0											mouse
SRP190928	8	19604	0	1	0	-0.5	1.33333333333333	1.05446341113356	1.02935925653279	1.07112192064928	0.119529692457828	0.221762752902208	0.997676383469384	1	1	0.000977228422571003	0.112875391820427	0.0281653464828304	0.744674202530182	0.830273448634205	130.475375317725	5	0.331175565486499	0.0455465678921485	0.995786574168537	339.197490836052	1.16484695142545	6	0.107302316268329	0.741693592620633	0.219285585747989	0.319423543615102	0.482066093940514	20.5361886150811	5	2.65096666281818	0.0365020424203343	0.99973474801061	24.7225483975153	5	0.000255049989798	0	1	0	0	0	0	0	0	0		0									mouse
SRP191039	9	21883	-0.158113883008419	1.02564102564103	-0.15	-0.158113883008419	1.02564102564103	1.01975848567371	0.956485096254559	1.05020960369779	0.178839665439522	0.193230916059667	0.996714503288526	5583	5479	0.01654110859511	0.23476427489549	0.0647191462479697	0.57618685532475	0.593988429885382	99.0042938710747	5	0.763289092358479	0.0277915451466427	0.974135173422291	46.16093354172	1.04784305564689	5158	0.0118546383754674	0.164264072432894	0.0476920781365089	0.602614463453283	0.588770050082829	725.996871285798	5	0.621074245544295	0.0482433117834454	0.988182607503542	52.404941873286	5	0.000228487867294247	389	5194	285	529	0	0	1	0	0	0	0	0.00350877192982456	0	0.000295629820051414	0.0025706940874036	-0.0294572508938021	0.0441585820611202	-0.0653363314546937	0.406169665809769	mouse
SRP191054	12	16967	0.192450089729875	1.03846153846154	0.166666666666667	-0.192450089729875	1.03846153846154	1.045074968902	1.02288450309067	1.05559237578041	0.0909397105776164	0.147431824300203	0.977747016689926	154	140	0.023567439274218	0.303748999624894	0.0837922757792926	0.516759788301342	0.577185615925696	167.604375209887	5	2.12707906061261	0.182771938768908	0.999846761360288	90.2906487551481	1.02077929527683	156	0.0230524281377588	0.278988467497835	0.0703239211186037	0.466213364543702	0.5555674686525	122.404060808272	5	1.30994038651094	0.117279852604599	0.999021630223375	56.8425967552546	5	0.000294689691754582	19	135	5	7	0	0	0	0	0	0	0	0	0	0.000526315789473684	0	-0.0375524938509428	0.031025364344195	-0.0616083342503089	0.526315789473684	mouse
SRP191069	10	20131	0.25	1.06666666666667	0.25	0.666666666666667	1.8	1.02173821249319	0.943228504113481	1.06120158351847	0.0703281761513061	0.190695147456841	0.97140996803096	1	3	0.0494269036929221	0.542676229662328	0.146164044292377	0.457619233299054	0.553150879738836	48.5186937807895	5	2.43634844306549	0.0648640877301994	0.999821171327803	49.3093168960522	1.34424467548368	0	0.176554276508539	1.75289480385626	0.460260897775544	0.314612020247773	0.537637530465847	18.8474873069208	5	5.93408425316461	0.0401312997085678	0.999831106254036	33.6367281907371	5	0.000248373155829318	0	1	2	1	0	0	0	0	0		0	0	0							mouse
SRP191419	21	19057	0.0301511344577764	1.00090991810737	0.0272727272727273	0.0301511344577764	1.00090991810737	0.995834014950196	0.956993470033555	1.01542590728607	0.106710560706338	0.171461056808278	0.982870194082859	2	2	0.00702038327180699	0.44089573588409	0.0915530902683298	0.497663153455071	0.774836850802319	37.9194250688518	1	0.231818164532028	0.000334432083625929	0.966678910636512	33.0212698537167	1.01137025277738	2	0.00574169622311799	0.702570598840905	0.15019671377841	0.597269848835881	0.833216322964597	58.9271621817605	1	0.150424801955388	5.25906364656188e-05	0.925066904549509	26.2021178770573	1	5.24741564779346e-05	0	2	0	0	0	0	0	0	0		0									mouse
SRP191501	10	22110	0	1	0	0	1	1.01581308876249	0.978255359733306	1.03119073574961	0.871604001267439	0.362355876010369	0.990306464110398	8292	8220	0.00209062955696962	0.305098116628658	0.112931583458363	0.882790611941341	0.85001618489836	1632.5414361168	5	5.7520592472994	0.475890600825684	0.999773857982813	2751.99693026024	1.03168213405221	7897	0.00167261185858596	0.240951939262382	0.0510648435533168	0.626353787707244	0.834666922506951	83.5300109516912	5	0.917791176089079	0.0580816849687977	0.956345545002261	549.393939869446	5	0.000226142017186793	267	8025	195	472	0	0	2	0	0	0	0	0.0102564102564103	0	0.000243445692883895	0.00374531835205993	-0.00160584588058263	0.0289838528473063	-0.0357769780707812	0.269662921348315	mouse
SRP192368	20	21068	0.100503781525921	1.01020408163265	0.101010101010101	0.100503781525921	1.01020408163265	0.856404794842425	0.674736777761159	0.960546992369278	0.035029284083887	0.107521966413446	0.956301741063599	727	2009	0.0232000303486791	0.343566204886019	0.0855671668540195	0.554559774420291	0.586337453717565	77.7810672878862	5	1.57692231622208	0.056982720175026	0.998879817733055	67.9896094633998	1.02290450251167	653	0.00564171365796599	0.108419632150196	0.0289211076801256	0.665103572982733	0.632230673581377	140.238339776094	5	0.362897849362405	0.0408737111229488	0.993876969812037	64.3289164829695	5	0.000237326751471426	1	726	1283	90	0	0	0	0	0	0	0	0	0	0	0					mouse
SRP192601	9	17501	0.1	1.01010101010101	0.1	0.55	1.4336917562724	0.9998973493906	0.916894721894755	1.03828442307396	0.0673011536426858	0.263302741815799	0.901887977516967	0	0	0.024222722321659	1.86774389929539	0.375758453374034	0.495789181145063	0.800801393339417	32.9860438917663	5	0.565476537657594	0.00212957982558382	0.94105479686875	23.3562056845296	1.24028474188101	0	0.122787911007631	2.63819556726362	0.571442856310721	0.328999062440457	0.647806042495291	14.646141192531	5	0.57366080639283	0.00173590236596917	0.764722015884807	4.67371138487308	5	0.000285697960116565	0	0	0	0	0	0	0	0	0											mouse
SRP192735	31	23048	0.260247839047585	1.07264940473852	0.204761904761905	-0.114993231207072	1.01340064590371	1.02854641636652	0.996602187017839	1.04689910264017	0.410329615286402	0.314175221198247	0.974491715875978	3519	2327	0.06404014174181	1.17734604932782	0.293329977381077	0.294003306785583	0.632769764340473	12.9230986675858	5	2.19460064874089	0.0155870012975188	0.998889274557445	34.2716363057683	1.02117075638506	3317	0.010268699940727	0.285904903458935	0.0715254620764337	0.529454545165464	0.682240043023124	135.198149989403	5	0.16957719804839	0.0502920733461004	0.813536966331135	16.518311560329	5	0.000216938562998959	1214	2305	22	248	0	0	0	0	0	0	0	0	0	0.000226523887973641	0.000844316309719939	-0.12780513800293	0.0315950462277711	-0.150490326806577	0.824546952224053	mouse
SRP193449	50	20846	-0.107443061870051	1.01167883211679	-0.177777777777778	0.161164592805076	1.02666666666667	1.00814506349882	0.993185166978402	1.01428642040053	0.346780140458499	0.594507942727689	0.997596708965282	10505	10618	0.021717522857151	0.324330975206541	0.109254200074177	0.746882958961056	0.611221989873002	244.268363071075	5	2.3247192304495	0.08993245487709	0.999443538328696	107.06913849689	1.01621384303662	10355	0.0298558266666417	0.276096602933931	0.0745315971382014	0.27831424980705	0.529425375407016	14.5487844816037	5	0.0497163817410899	0.00169457200755743	0.655243212127027	1.66535043163873	5	0.000239854168665451	160	10345	273	352	0	0	0	0	0	0	0	0	0	0.000375	0.00625	-0.0422649926493153	0.00898908265269614	-0.0520472540983039	0.83125	mouse
SRP193857	11	20531	-0.0690065559342354	1.00478468899522	-0.0714285714285714	-0.0690065559342354	1.00478468899522	1.01377288459472	0.971839821408647	1.03655735185269	0.710207995923092	0.404376582284098	0.995239874568512	3991	3786	0.0132902745241476	0.484788836082494	0.109209188606351	0.637380704687623	0.716149403864778	74.5770074360903	5	0.96836904849464	0.0201265400071	0.997603623788418	72.9041272807365	0.996415786787446	3973	0.0158509230634298	0.608170915920559	0.138948085379374	0.617468886988506	0.721964875338664	123.611001616509	5	0.0918236269458501	0.00721662397874709	0.818342993521991	5.79316444138421	5	0.000243534167843748	293	3698	88	227	0	0	0	0	0	0	0	0	0	0.000136518771331058	0.00341296928327645	-0.00945624603672701	0.0329674826624876	-0.0397348780829119	0.249146757679181	mouse
SRP195618	10	20557	0	1	0	0.408248290463863	1.2	1.00377165975143	0.95519753818606	1.02663870992291	0.0314738438991804	0.148674360631404	0.995289655085242	1646	1770	0.00114322426221321	0.142203511724877	0.038161824092264	0.751892464778959	0.833898450871779	325.239693058442	1	0.257540479908923	0.0022137197586856	0.996838060028214	225.310903767293	1.11175837566295	339	0.038003329402349	0.504562246278691	0.123432031802459	0.3907440470622	0.57527220275434	37.5449868685494	1	1.61416528352553	0.00830667544597589	0.999708128617989	42.4785427096031	1	4.86452303351656e-05	99	1547	223	1315	0	0	0	0	0	0	0	0	0	0	0	-0.000504374295642551	0.0292816199698729	-0.0323767196260168	0.0909090909090909	mouse
SRP197374	10	19328	-0.218217890235992	1.05	-0.2	0.218217890235992	1.05	1.0502288489969	1.01178315829367	1.06762664375334	0.0800472706351794	0.671652213359982	0.990982560931768	558	255	0.0660697946740907	0.796584161414007	0.210865815526419	0.21947640502272	0.587858073577725	7.07269984657502	1	1.13859835330553	0.00144179989328868	0.998654801324503	17.2334940284219	1.05235474632804	236	0.0735115675437351	0.932812522144855	0.227425894229304	0.241135885843956	0.58457238910155	6.75827162897281	1	0.56185135262366	0.000294223787512463	0.958143625827815	7.64304202205721	1	5.17384105960265e-05	307	251	4	325	0	0	0	0	0	0	0	0	0	0.00011400651465798	0.00325732899022801	-0.0142997065749829	0.0505673915159288	-0.0650023326211677	0.192182410423453	mouse
SRP197376	10	21687	-0.218217890235992	1.05	-0.2	0.218217890235992	1.05	1.06280777948945	1.03512646669333	1.07430270089024	0.0510928166539529	0.127524452646212	0.984017449169847	20	15	0.016821898151701	0.218681867855157	0.0659838060291531	0.616504225112821	0.583151309121062	244.901639819826	1	2.68016180952605	0.0759637619201303	1	159.32795964076	1.02421205268624	14	0.026570575700642	0.216713048178317	0.0652125881970927	0.447013139414436	0.508344533229126	85.2923664754529	1	0.54677684756487	0.00323558523971486	0.998985567390603	20.5784332641522	1	4.61105731544243e-05	6	14	1	7	0	0	0	0	0	0	0	0	0	0	0	-0.00480923852836804	0.0608904788243048	-0.0789853970429366	0	mouse
SRP198260	10	20049	0.612372435695795	1.6	0.5	-0.408248290463863	1.2	1.31321315386292	1.25158850814525	1.34229488595459	0.165356869123807	0.346115290676059	0.794779060302016	0	0	0.217753891228523	2.47700096884366	0.670211883675613	0.197028284491271	0.579002618779132	5.80261132149609	5	5.28760442516447	0.0152011127811692	0.999850366601826	24.3043591041426	1.11498707600811	0	0.145927463577159	1.347747346782	0.396631697812775	0.159296844413647	0.553646017848578	3.55972276174706	5	0.0899049078818504	2.01929910481036e-05	0.332854506459175	0.616016949537606	5	0.000249388996957454	0	0	0	0	0	0	0	0	0											mouse
SRP198299	12	20832	0	1	0	0.333333333333333	1.125	1.00984862020462	0.969022865071678	1.02672934911188	0.0441076099335177	0.0730681525751931	0.983073732199533	1	0	0.000792764208054853	0.116114306705918	0.0382961336812212	0.857439672351876	0.85276898428123	382.455059308078	5	0.594434615638329	0.0955324611475246	0.998569508448541	750.220646710706	1.0746628311404	0	0.0266037654867069	0.283765356544019	0.0785319999625435	0.416417641127904	0.554223258443065	73.4476047739588	5	1.47981505632672	0.0964360481210026	0.999836789554531	55.6310562950858	5	0.000240015360983103	1	0	0	1	0	0	0	0	0	0			0	0	0					mouse
SRP198351	8	20156	0.258198889747161	1.07142857142857	0.25	-0.258198889747161	1.07142857142857	1.06725343112984	1.01747560834842	1.08935973437137	0.0538085688572261	0.145949210074044	0.987761891064015	1748	1540	0.020996218039677	0.246397546175068	0.0776666388778998	0.594063575498464	0.5721497513984	289.366283021509	5	1.97277072885819	0.187640931694655	0.999811470529867	93.9851723296334	1.06582112947961	1233	0.0208188726334576	0.255072410560088	0.0733194247531596	0.520098926765778	0.575488610967646	308.339750922005	5	0.16840899983454	0.0129679064630778	0.977932129390752	8.09077812197904	5	0.000248065092280214	370	1378	162	562	0	0	1	0	0	0	0	0.00617283950617284	0	0.00027027027027027	0.0027027027027027	-0.0183954244697917	0.0754745622186132	-0.0949163179862288	0.22972972972973	mouse
SRP198592	32	20431	0.307697694415248	1.10457920792079	0.30952380952381	-0.0710071602496726	1.00506756756757	1.05783269197348	1.03509784449727	1.06737335227698	0.0551660146968066	0.103008212946487	0.925440376351098	402	332	0.033352142722476	0.340089900111289	0.12098728547623	0.668814652769196	0.555224887318135	269.786214335879	5	3.55067002866119	0.212378716999213	0.999902109539425	106.485946315163	1.01133241258701	391	0.00317772677980199	0.0738007627774168	0.0290860986926589	0.875137544797852	0.671368729397306	1366.95133559537	5	1.0827256973326	0.482751546438266	0.999892320493368	340.820869502366	5	0.000244726151436543	141	261	71	24	0	0	0	0	0	0	0	0	0	0.000425531914893617	0.00709219858156028	-0.0581057305235078	0.0576370098589714	-0.115250428189283	0.49645390070922	mouse
SRP199120	8	18941	0	1	0	-0.5	1.33333333333333	0.915420965690506	0.816308814810632	0.982728582004863	0.105599574246151	0.345647783508356	0.938616596259805	0	0	0.0198693142112104	1.37436689553378	0.301749539929171	0.36850437850413	0.782279783993375	21.0203949050721	5	0.500378724050864	0.000705983556348954	0.792735336043504	25.1867271185355	1.20233896309905	0	0.230760416599125	2.46132670774296	0.649880561798021	0.266497094784483	0.560867973795393	10.4198324993104	5	4.23468225906833	0.0106026389455329	0.998173274906288	18.3563743784147	5	0.000263977614698274	0	0	0	0	0	0	0	0	0											mouse
SRP199237	90	22135	-0.0222442026650065	1.00049504950495	-0.0222222222222222	0.111221013325032	1.0125250501002	1.00376804852295	0.999037386303399	1.00539098160402	0.0485498764424202	0.0275820993493363	0.999015736422456	123	125	0.00058433899693338	0.0117743171624045	0.0047841736045044	0.839362412605828	0.655048756767687	2648.37799267548	5	0.127240520873829	0.512577556736201	0.910720578269709	217.792113157713	1.00922112908422	118	0.0034401419362727	0.0596578502014504	0.0149037823525586	0.557000497239328	0.618058663364251	71.8107357046386	5	0.114921679567937	0.016391577007109	0.997930878698893	33.4083901528439	5	0.000225886604924328	0	123	2	9	0	0	0	0	0		0	0	0							mouse
SRP199374	20	22856	0	1	0	-0.2	1.04166666666667	1.01959578067517	1.00752126977324	1.02361531557272	0.593316901087948	0.0750474108961762	0.992878285114469	1	0	0.000181765623861796	0.0287732477232669	0.0186892137297022	0.953180543068486	0.853109776841792	4219.11823189016	5	1.15426371382339	0.809737886829547	0.999842492124606	6355.41391622118	1.0307492462013	0	0.0114140867080247	0.110647555628741	0.029070428546279	0.231667897642634	0.540388071076448	6.69431315610944	5	0.12272755426668	0.00578308970532659	0.787556877843892	10.7547459876944	5	0.000218760938046902	1	0	0	1	0	0	0	0	0	0			0	0	0					mouse
SRP199441	24	16814	0	1	0	-0.333333333333333	1.125	1.00306732670179	0.965843366023071	1.01514280085588	0.0828408231731906	0.188599363488774	0.992900990690731	1346	1652	0.00081362340627901	0.138791078906376	0.0470058657653537	0.909620307631025	0.863713436311892	382.192527494625	5	0.406264760033352	0.0268418428453577	0.991530867134531	499.930585885663	1.07461910691221	1046	0.0356685368824085	0.309303741499891	0.0839739162976564	0.270187237037879	0.521768103829526	14.5215246880267	5	0.0517937615811581	0.000344970034298281	0.624753181872249	1.45210238440451	5	0.000297371238253836	0	1346	306	337	0	0	0	0	0		0	0	0							mouse
SRP199583	15	22726	-0.339285714285714	1.13009009009009	-0.339285714285714	-0.0714285714285714	1.00512820512821	1.08176096851643	1.03191689508313	1.10094339621683	0.908240295735906	0.617982136037385	0.95041795882085	19	17	0.17975235598818	1.65275846757887	0.478804678047355	0.217493743580941	0.565579940616515	6.90336477653666	5	0.886864177644647	0.00599527222383367	0.925081404558655	4.93654923820797	1.02842285739782	19	0.0232642217727534	0.719113584851061	0.1609537958597	0.38231605012866	0.703272467108391	19.3471554125108	5	0.0417905426460599	0.000134491180843187	0.600686438440553	1.79642363452426	5	0.000220012320689959	2	17	0	0	0	0	0	0	0	0	0			0	0					mouse
SRP200316	10	14004	-0.612372435695795	1.6	-0.5	0.408248290463863	1.2	1.25692559135171	1.17114734649679	1.3054089962553	0.207217092736914	0.916663107393171	0.890055991065377	987	225	0.276564291056965	3.42015817670973	0.944496021859235	0.174895851161473	0.599477027984477	4.2491869139765	1	5.57736111059344	0.00247912816572694	1	20.1676364048206	1.05165581137321	614	0.276077726234433	2.37533397408886	0.721353485045859	0.128266861325154	0.547004695738757	2.12523286625404	1	0.18979688705394	4.8054177547666e-06	0.380605541273922	0.687435904904461	1	7.14081690945444e-05	774	213	12	421	1	0	0	1	1	0.00129198966408269	0	0	0.00237529691211401	6.45994832041344e-05	0.00129198966408269	-0.0283427286302211	0.226824416295933	-0.2750212757115	0.0956072351421188	mouse
SRP200405	25	22107	0.198717948717949	1.04111229946524	0.198717948717949	0.358974358974359	1.14792452830189	1.01699623431873	0.968667789298273	1.0384352837846	0.646449306659723	0.268643557208673	0.968509733069623	1	1	0.060379861111283	0.871655307536561	0.225823279904492	0.520478091566007	0.585842401677156	81.315026983881	5	4.85448576248822	0.0881404019986753	0.99917673135206	80.435499317475	1.05888842983881	3570	0.11613850022979	2.64064208097351	0.544430757740534	0.331005509274385	0.652046866914998	13.5399661641312	5	2.30930559571931	0.00334856512826309	0.898348939250011	19.88860758207	5	0.000226172705477903	0	1	0	0	0	0	0	0	0		0									mouse
SRP200569	16	19667	0	1	0	-0.25	1.06666666666667	1.01397883198192	0.985645545830301	1.02738095352043	0.845915843216966	0.138602251630184	0.970865326367439	0	0	0.00171993506705098	0.140000079197658	0.0859255484184506	0.967175461350631	0.837662979284844	1634.23158439312	5	4.00714145687314	0.580713557772516	0.999898306808359	2332.78504808263	0.990883860940366	0	0.049362501818661	0.431050419210414	0.111821660570732	0.303279027375249	0.511639937479916	14.5120004986975	5	0.126078488157096	0.000409325096757035	0.641419636955306	2.55430486476638	5	0.000254232979102049	0	0	0	0	0	0	0	0	0											mouse
SRP201011	27	21484	-0.0198107212937582	1.00039261876718	-0.0238095238095238	-0.376403704581406	1.16506630086877	1.00132763080935	0.974587140673525	1.0127819755593	0.0510492002385923	0.306305743477696	0.999094270832694	7903	8000	0.0027947019118259	0.13283385845346	0.0291225490498045	0.568690440490929	0.74620205517635	93.7387745479784	5	0.357439107970933	0.0365137790826449	0.994991621671942	127.988536553834	1.07600815292569	7244	0.0607713051579074	0.484532508859328	0.14231335590713	0.235724236892587	0.522434440768281	20.0079549814597	5	2.17026174638616	0.0503510428770104	0.999906907466021	35.7252014686619	5	0.000232731334946937	70	7833	167	1100	0	0	0	0	0	0	0	0	0	0.000357142857142857	0.000357142857142938	-0.00465782975644865	0.0127152510495419	-0.0169203869534602	0.3	mouse
SRP201665	16	22114	-0.125988157669742	1.01612903225806	-0.125	-0.125988157669742	1.01612903225806	1.00572543948172	0.907256224634305	1.03528415521685	0.452467387668064	0.370187708274176	0.801210251786415	6039	5968	0.0254803574012617	2.15560954442446	0.558509156418739	0.180748778018751	0.789108095320658	5.35317351741091	4	1.02701368404316	0.000559061221137388	0.888690422356878	40.3333052083171	1.01277183965467	5847	0.0273351902734975	1.09571511037746	0.239441893706088	0.400337744285217	0.717079311062505	23.0921154797258	4	1.99894423900859	0.0152212069366336	0.997501582707787	73.1438894492742	4	0.000180880889933978	264	5775	193	283	0	0	0	0	0	0	0	0	0	0.000189393939393939	0.00378787878787879	-0.0437696926358083	0.0325508921861126	-0.0674646481855764	0.579545454545455	mouse
SRP201679	19	18278	0.0555555555555555	1.0030959752322	0.0555555555555556	0.0555555555555555	1.0030959752322	0.984266191173347	0.940863350471307	1.00631463273096	0.0565331138873548	0.140095642329373	0.987643269406924	115	164	0.00813717963692601	0.22293115792146	0.0558686003678709	0.621865215699306	0.687113529185686	163.737893306913	5	0.936340529569412	0.0589200147062783	0.998030419083051	115.078517162027	1.01647993577363	94	0.00397340844245734	0.177435036939824	0.0402289936934539	0.695903216837653	0.73792756629367	154.816716857515	5	0.1231955047356	0.00483655688107915	0.933406280774702	31.0151899100275	5	0.000273552905131852	2	113	51	22	0	0	0	0	0	0	0	0	0	0	0					mouse
SRP201969	17	16018	-0.527777777777778	1.38609625668449	-0.527777777777778	0.180555555555556	1.03369890329013	1.199953747084	1.18171926733038	1.20701334304313	0.201934202686656	0.0988778918451806	0.782574556491659	7	4	0.0490605349136546	0.389808595002092	0.148889313419417	0.594465000141205	0.523766857389509	349.009119068237	5	4.38371860197542	0.260931490616529	0.999812710700462	89.3849522568648	1.03523214528996	7	0.0156243268436885	0.144248900646216	0.0431308196342397	0.567057303200706	0.520264119997554	103.106527447357	5	0.499148538638941	0.0985960376409308	0.996853539767761	31.9527661003032	5	0.000312148832563366	3	4	0	0	0	0	0	0	0	0	0			0	0					mouse
SRP211825	8	22970	-0.577350269189626	1.5	-0.5	-0.577350269189626	1.5	1.20349982665226	0.969982250909146	1.31762801257426	0.608395666915008	0.259308803204995	0.812141829929747	3591	5648	0.120472881693871	5.24834018610175	1.20803618518477	0.234456072419061	0.742916899638208	8.18730167162511	5	0.379122074594219	0.00156935079024819	0.746364823683065	3.14799530895206	1.20349982665226	5648	0.120472881693871	5.24834018610175	1.20803618518477	0.234456072419061	0.742916899638208	8.18730167162511	5	0.379122074594219	0.00156935079024819	0.746364823683065	3.14799530895206	5	0.00021767522855899	332	3259	2389	332	0	4	1	0	4	0	0.00122737035900583	0.000418585182084554	0	0.000150602409638554	0.00301204819277108	-0.194846628665573	0.198136040358719	-0.367915143546828	0.484939759036145	mouse
SRP211876	8	20070	0.258198889747161	1.07142857142857	0.25	-0.774596669241483	2.5	1.03914281397742	0.968249984743645	1.07377046815467	0.155263446453831	0.285853073070608	0.961899768116371	0	0	0.0523505129182719	1.0601798850333	0.239579455699039	0.513506309154926	0.627905882453304	50.5295808564524	5	1.10017649613714	0.0116827096356382	0.968938714499252	21.0189994843112	1.48266964320559	2119	0.345584711043623	3.67398034745226	0.899159282082367	0.255047322756596	0.54059582540273	8.43623139154201	5	2.53057718990479	0.00217673583443002	0.972615844544096	7.3241446363076	5	0.000249128051818635	0	0	0	0	0	0	0	0	0											mouse
SRP212107	15	21550	0.0714285714285714	1.00512820512821	0.0714285714285714	-0.196428571428571	1.04013266998342	0.956036095333557	0.851575989168436	0.999608334425442	0.0409309083969059	0.108551015756622	0.980956163103313	1317	2150	0.0084764867925622	0.160950213019829	0.0552020235612646	0.813490644459257	0.642435452881223	378.456152668276	5	1.7818655355388	0.194664581470917	0.999795823665893	210.288172582227	1.01690199365603	1528	0.0186065849944869	0.221430337199757	0.0988952887094119	0.85207469752358	0.583337223134026	458.887417816769	5	2.52022590322315	0.148304384634157	0.999638051044083	135.491585606371	5	0.000232018561484919	0	1317	833	82	0	0	0	0	0		0	0	0							mouse
SRP212656	9	20573	-0.35	1.13960113960114	-0.35	0.1	1.01010101010101	1.06857235657127	0.996160066375051	1.11207221064573	0.257464822532584	0.197126603624773	0.913915989323259	0	0	0.0809103181074632	0.821691431783897	0.215092272511952	0.309699681153455	0.544248999454764	19.4538382293716	5	2.77805641330265	0.0429750740368358	0.999844456326253	34.3371308970567	0.946565632001034	0	0.024284269378143	0.681991256394985	0.147207300205928	0.473026227245338	0.687038297000755	33.2511093008672	5	0.0460393455225501	4.47534767084184e-05	0.552753609099305	1.89588724101686	5	0.000243036990229913	0	0	0	0	0	0	0	0	0											mouse
SRP212923	9	17693	0.8	2.77777777777778	0.8	0.35	1.13960113960114	1.72709550034609	1.59377603643027	1.77976662645787	0.374560264485285	0.214137656241939	0.241773285402427	0	0	0.249989954616394	4.01943464293081	0.941032142113964	0.334461000475755	0.608912119796655	14.9991335120018	5	9.19807930266521	0.0223943031955496	0.985372746283841	36.8235709809682	1.10892162936497	0	0.0594466366058897	0.637346165117361	0.157578671295123	0.377374481311388	0.535726549174039	25.5057507917446	5	0.333954693353281	0.00220665607188129	0.963465777426101	5.61792878485412	5	0.000282597637483751	0	0	0	0	0	0	0	0	0											mouse
SRP212932	9	20613	0.1	1.01010101010101	0.1	0.1	1.01010101010101	1.01367309287454	0.980740035748147	1.02677232175154	0.160517820446774	0.213961002205418	0.951254379651767	8	22	0.016491345210049	1.00924809314474	0.209951720073883	0.394156785366402	0.772964013469966	20.781838623904	5	0.458309438607963	0.00184589392484897	0.94980837335662	27.792539976349	0.997990575989015	20	0.018588484637667	1.01382553621454	0.212494287310579	0.433965134956874	0.7629584909434	26.1601276706084	5	1.97091745367132	0.0236520567013009	0.999349924804735	106.098021357001	5	0.000242565371367584	0	8	14	0	0	0	0	0	0		0	0								mouse
SRP212955	12	20369	-0.447213595499958	1.25	-0.333333333333333	0	1	1.12524562405696	1.04573445005085	1.1626791236094	0.38113202188473	0.132035948258109	0.991080531004891	289	0	0.0648440735464265	0.955538490012398	0.237232782721426	0.292670058248896	0.604181913758496	12.7666557660565	1	2.7777063907793	0.00672431491709461	1	42.8376666040698	1.0294483692125	242	0.00161469454291596	0.162975238266385	0.0424603145011529	0.768821275195265	0.82395125069041	197.449176672129	1	0.950790991353594	0.0242020611352286	0.999754528941038	588.922816284902	1	4.90942117924297e-05	289	0	0	49	0	0	0	0	0	0			0	0	0	-0.105771729339504	0.183855097253572	-0.280021521504215	0.224913494809689	mouse
SRP213018	10	20480	0.166666666666667	1.02857142857143	0.166666666666667	-0.25	1.06666666666667	0.97716864280373	0.890516038408545	1.03019248508977	0.101026231931634	0.417679671291267	0.991485320822789	6065	6381	0.0392831040999259	1.20743315209868	0.243997121307498	0.640781989851254	0.674917684896362	71.9460655542626	5	0.927276315309336	0.00655253068810664	0.985283203125	23.6127853137125	1.01135697255992	6265	0.066400737679594	1.04250591075192	0.231245759161349	0.510760394195318	0.583325861344829	51.1714501481653	5	3.68961285805458	0.0590791109686553	0.9973046875	55.5769665135764	5	0.000244140625	277	5788	593	489	0	0	0	0	0	0	0	0	0	0.000288808664259928	0.0036101083032491	-0.0454139121452984	0.0150376203417646	-0.0610873364125124	0.610108303249097	mouse
SRP213838	13	27084	0.0975900072948533	1.00961538461538	0.0952380952380952	-0.536745040121693	1.40468227424749	1.0156019258537	0.973186120388713	1.03420722534367	0.162578613428404	0.448589770686157	0.988432888866215	4722	4540	0.0237483884797245	0.729439311083902	0.164309411301408	0.338639626738443	0.70138210819863	15.8028198750294	5	0.562871676518832	0.00280603307566388	0.924095406882292	23.7037095285732	1.16753802127811	3251	0.0985555009256422	1.00956310351932	0.266939595923024	0.243128777421834	0.548509554324341	8.28207544106914	5	1.09688727962071	0.00368246595183537	0.96391965736228	11.1308476931853	5	0.000184610840348545	344	4378	162	1572	0	0	0	0	0	0	0	0	0	0.000130813953488372	0.00290697674418605	-0.0228948065899493	0.0311035983310638	-0.046473864950565	0.456395348837209	mouse
SRP214273	8	21381	-0.377964473009227	1.16666666666667	-0.25	0.377964473009227	1.16666666666667	1.09810155735975	1.01845391985087	1.14157136207267	1.08310928561997	0.330270440430491	0.977910774788788	43	10	0.0855793067157127	2.20359826822762	0.424143717374059	0.435927547366947	0.642205631551541	21.5847923265519	1	1.40745310457612	0.000513788686062912	0.979514522239371	16.447781626853	1.08307403055435	3	0.128251885536179	1.85453446843815	0.478009063200526	0.222605364938225	0.618100581942318	6.89739393265058	1	0.839829715090013	0.000142945054303629	0.910855432393246	6.54970859265124	1	4.67704971703849e-05	36	7	3	40	0	0	0	0	0	0	0	0	0	0	0	-0.00764573226251951	0.130831899577625	-0.12676982532366	0.111111111111111	mouse
SRP214375	60	25036	-2.39577096356777e-20	1	0	-2.15619386721099e-20	1	1.00649378466	1.00119593274127	1.00830268933535	0.884291331096226	0.283344262409609	0.997843164694382	4971	4940	0.0012045196467	0.252235775269318	0.0542028638519717	0.619471987239444	0.854000066921979	70.197123857961	5	0.0259788345508519	0.00184196804566374	0.787458060393034	21.5745131216955	1.00467356603201	4941	0.00220937000896362	0.266329212246219	0.0607660001499183	0.6695788071182	0.827527986669603	125.858020299498	5	0.0798301488437498	0.0005633427112041	0.935916280555999	36.1495977009359	5	0.000199712414123662	78	4893	47	67	0	0	0	0	0	0	0	0	0	0.000128205128205128	0	-0.00103787285942445	0.00788314102188484	-0.00921564443088632	0.346153846153846	mouse
SRP215380	10	21240	0	1	0	0.408248290463863	1.2	0.971035227037528	0.881419721706214	1.01292703034386	0.0265387544999572	0.0528511643656289	0.988062368233802	0	0	0.000943964001230299	0.0931753533118234	0.0253021584098921	0.761642081888995	0.819136639177843	211.884940432655	1	0.178117571982854	0.00233212295556823	0.996280602636535	188.710872083206	1.12724930948946	0	0.0264862745902051	0.33892002509008	0.0904543237028844	0.422282454575393	0.583635288273675	100.060271301615	1	1.81426930999168	0.0186234459661772	0.999764595103578	68.5007699101111	1	4.70809792843691e-05	0	0	0	0	0	0	0	0	0											mouse
SRP215863	14	26204	0.438529009653515	1.23809523809524	0.25	-0.175411603861406	1.03174603174603	1.15040864061371	1.11799277456089	1.16305850502603	0.819635172711978	1.08853772502134	0.954653614478725	38	499	0.217932143448882	3.26716860935801	0.903048442479958	0.161935516152372	0.628358627186184	4.19192688659305	4	1.5814081811326	0.000758545679476304	0.794039078003358	7.2592325182423	1.02398207104234	23	0.126686027398205	0.917213179200733	0.265641421180316	0.150984678668112	0.521743799082319	2.45652511618976	4	0.20067990961359	0.000109353373048051	0.655710960158754	1.58518326472736	4	0.000152648450618226	0	38	461	15	0	0	0	0	0		0	0	0							mouse
SRP215922	24	22617	0	1	0	0.166666666666667	1.02857142857143	0.978691603751118	0.930437086396729	1.00639846832824	0.0879620505485098	0.0771186787624718	0.988017237907516	0	0	0.0016592578615427	0.0993756961007762	0.0268062628427134	0.708193969290255	0.78058936490463	313.799075535633	5	0.519644401278841	0.0814337916830634	0.999212981385683	313.276191197103	1.03014040661894	0	0.01008808547634	0.123817953064963	0.0367063695238191	0.557109241634533	0.578032621001343	311.904277464296	5	0.262980348024198	0.0121729463713916	0.997541672193483	26.074685429539	5	0.000221072644470973	0	0	0	0	0	0	0	0	0											mouse
SRP216020	10	23153	0	1	0	0	1	1.01204739255214	0.976971018136832	1.02688395901201	0.0310569427906461	0.0706126014272837	0.995409319324069	205	210	0.000751171505218293	0.0713665575307971	0.0204749457210016	0.763169074531645	0.816116653661199	345.3847772211	5	0.370954756278734	0.106017118288896	0.999395326739515	494.333191875236	1.02353657495114	201	0.000617660692560598	0.0665871486713199	0.0183130377168252	0.729661104541406	0.820459626372319	487.170900447737	5	0.13691436410531	0.0242906337257336	0.997270332138384	221.804551863883	5	0.000215954735887358	18	187	23	21	0	0	0	0	0	0	0	0	0	0.000277777777777778	0	-0.00195908261078701	0.0226112774197613	-0.0262060816289915	0.222222222222222	mouse
SRP216037	22	20891	0.0909090909090909	1.00833333333333	0.0909090909090909	0.0909090909090909	1.00833333333333	1.00561665752986	0.975963319292643	1.01984945801936	0.0827579032792235	0.188261933339104	0.994379902358879	4901	5623	0.00823791617596598	0.121708255044669	0.0358803857309765	0.665063455553819	0.590419913035967	440.703949088011	5	1.26233662196981	0.273671757366208	0.999885117993394	153.250887138221	0.976701818911334	5096	0.012049700412243	0.0894410368329834	0.0503851066777331	0.835509776385191	0.507712525937183	1608.12081831584	5	2.29691500486005	0.564873932794023	0.999904264994495	190.658963225579	5	0.000239337513761907	53	4848	775	123	0	0	4	0	0	0	0	0.00516129032258065	0	0.000283018867924528	0	-0.0152697263241824	0.0192160758623821	-0.0334043310824211	0.452830188679245	mouse
SRP216087	10	22864	0.654653670707977	1.75	0.6	-0.218217890235992	1.05	1.35255915857172	1.29289072040642	1.37764608665032	0.147492760430673	0.0605967599353053	0.765677786622879	8	3	0.0473654281731105	0.499589645755005	0.158932116370178	0.498733376600946	0.56274132188842	356.505506750148	1	5.97850268227793	0.0611292808486172	1	126.223461914944	1.05172524432124	8	0.0119163510998159	0.142903176140169	0.0496017828402613	0.636008209966638	0.584092384310961	686.394801895444	1	0.78874656011443	0.0108638921127051	0.999606368089573	66.1922821559959	1	4.37368789363191e-05	5	3	0	0	0	0	0	0	0	0	0			0	0	-0.107579733856608	0.222763595474309	-0.341952396203034	0.2	mouse
SRP217736	11	21824	0.1	1.01010101010101	0.1	0.1	1.01010101010101	0.991300141284537	0.925974103340027	1.02359706899856	0.047305265159361	0.292826785821989	0.992666759736031	6767	7217	0.0147304769137152	0.274485553855659	0.0848196944504771	0.751396781345204	0.629660386618187	568.596743640244	5	0.984470143411889	0.0313986989674145	0.998836143695015	66.8431345040662	1.01604864841109	6528	0.0115334562489395	0.25440327815021	0.0567916940804236	0.581616657695181	0.637504858396229	97.8616702894806	5	0.734933259508286	0.0711997324521882	0.999257697947214	63.7346768688916	5	0.000229105571847507	120	6647	570	359	0	0	0	0	0	0	0	0	0	0.00025	0.00833333333333333	-0.0191210899175513	0.0259194332521464	-0.0406293449466427	0.458333333333333	mouse
SRP217849	16	17816	0	1	0	0	1	0.993399623712238	0.943006333047782	1.01596524126503	0.0343623816239479	0.191713815584335	0.996080532496525	4831	5155	0.00120951047958081	0.123783447011092	0.0452084414970223	0.907191617742389	0.833482237703014	650.618281511007	5	0.148531351589508	0.00344342098493613	0.989683430624158	122.887776970939	1.01032233398164	4850	0.000679129657122989	0.125389124095876	0.0423635251039376	0.91525336244003	0.869606828882375	871.884015924809	5	1.78234623634008	0.440448991550046	0.999887741356084	2627.34606508131	5	0.000280646609788954	41	4790	365	109	0	0	1	0	0	0	0	0.00273972602739726	0	0	0	-0.0017806954853733	0.0178759616617463	-0.0250770514624459	0.292682926829268	mouse
SRP217860	9	16035	-0.8	2.77777777777778	-0.8	0.1	1.01010101010101	1.73814127640014	1.58134141958432	1.81140461256419	0.620693454930479	0.325018155723439	0.573850307707275	7	0	0.355545019257978	4.22819761203381	1.11252618212851	0.208934596321337	0.578892553679412	6.88277960017195	5	7.9896027766537	0.0184496826461272	0.999850327408793	22.4798950400045	1.02936098944372	7	0.0278262644066696	1.18830131476788	0.260376234731835	0.347640236192711	0.737413017696799	17.4344943820997	5	0.28607627764606	0.00267422420282766	0.893782351106954	10.2878013471824	5	0.000311817898347365	7	0	0	1	1	0	0	1	1	0.142857142857143			1	0	0	-0.260835020459167	0.467924049763549	-0.7298950743423	0.285714285714286	mouse
SRP217867	8	17197	0.258198889747161	1.07142857142857	0.25	0.258198889747161	1.07142857142857	1.07954528762968	1.01727510195346	1.10930808734479	0.0372831794485427	0.297783773378328	0.859358098565021	2	0	0.071864323149321	2.21932366439216	0.482741110538567	0.331656926551265	0.700122642001629	14.3070661563883	4	3.39651257886268	0.0111194015174168	0.998633482584172	47.2803847961767	1.05030973834888	0	0.057065534401205	2.01858547760125	0.421147166858601	0.358989975688936	0.713615870577767	16.0182552431459	4	2.32035402875821	0.00636016400045981	0.991379310344828	40.6773689931461	4	0.000232598709077165	2	0	0	2	0	0	0	0	0	0			0	0	0					mouse
SRP217909	8	20297	0	1	0	0	1	0.948955822118222	0.856595395385655	0.989909996398376	0.0435411002630647	0.128047003303392	0.980351175011187	0	0	0.002369444710588	0.232804398724838	0.0581492100629282	0.762977107380711	0.816301391633996	291.627463072691	5	0.29053949540361	0.0118307196330232	0.993427600137951	122.787122896473	0.973588572640651	0	0.001929607703199	0.187959254956873	0.0485954506704954	0.759353999799495	0.821149514357204	335.679468299398	5	0.00159228046399799	6.7648044414069e-05	0.602502832930975	0.825147068874131	5	0.000246341823914864	0	0	0	0	0	0	0	0	0											mouse
SRP218156	15	21499	0.0714285714285714	1.00512820512821	0.0714285714285715	0.0714285714285714	1.00512820512821	0.964609023304546	0.897599445347615	0.99733359307393	0.0579260584553115	0.0854642933523181	0.98497987213921	4	7	0.00854953356669502	0.168391152988094	0.039522852864199	0.624651090423852	0.620292616039337	232.37737423632	5	1.02731282316135	0.162505300724469	0.999460440020466	120.184834952296	1.02276678992761	3	0.0037622161583088	0.159534614559905	0.0397374478851641	0.711098545675646	0.735420131595224	647.337433167793	5	0.78917391704465	0.228540016499598	0.999395320712591	209.829968646497	5	0.00023256895669566	0	4	3	1	0	0	0	0	0		0	0	0							mouse
SRP218250	23	21680	-0.123365942804957	1.01545435812899	-0.113636363636364	0.0657951694959769	1.00434782608696	1.01803115799653	1.00141044868655	1.02705172994894	0.0785688764094358	0.114815902966094	0.984065489565377	337	330	0.0127992664697585	0.164432416228617	0.0623164531788657	0.763238815093662	0.59648661239684	246.811982100241	5	1.04288973079516	0.0685124458240895	0.999086715867159	81.5082298349198	1.0068441907473	324	0.0078753478448705	0.100711919576351	0.0270764456230138	0.580295513097673	0.568718850552024	82.6097758827508	5	0.027818039948223	0.000829849802276681	0.918071955719557	3.5340007992098	5	0.000230627306273063	24	313	17	23	0	0	0	0	0	0	0	0	0	0.000625	0	-0.0073382321248711	0.0258470896725256	-0.0303477034013013	0.291666666666667	mouse
SRP218851	12	20048	-0.577350269189626	1.5	-0.5	0.192450089729875	1.03846153846154	1.21586103936508	1.1542789887113	1.25052382655785	0.892370462254573	0.185556144377792	0.816103463437084	503	217	0.110518416419923	1.15017550241043	0.303208363072635	0.462651694904856	0.538104771076961	36.4246620582136	5	0.549221924560531	0.0123256061989772	0.962001197126895	4.97127034418873	1.05945795911398	402	0.0144061400107872	0.142391909510065	0.0383620429814757	0.349633966108411	0.538670105352908	41.5529302240694	5	0.32541176430397	0.0529169293017842	0.983549481245012	22.5969869797266	5	0.000249401436552275	314	189	28	107	0	4	1	0	4	0	0.0211640211640212	0.0357142857142857	0	0.000302547770700637	0.00318471337579618	-0.157111692427613	0.138651610614884	-0.297335956303989	0.525477707006369	mouse
SRP219516	13	26194	0.140859042454753	1.02024291497976	0.119047619047619	0.140859042454753	1.02024291497976	1.0202215842137	0.988530520430311	1.0338107391624	0.0546895752324327	0.188292271546118	0.994066615785293	5393	5488	0.011386371224546	0.379543243431751	0.0789049755450142	0.57318441937666	0.693057733506297	71.915806371495	3	0.678111299169879	0.0120816699791722	0.996945865465374	59.5755366972896	1.02953686515011	5082	0.0127661668233782	0.358253555192509	0.0777714025656847	0.500693550541622	0.678650485191053	41.6588625807323	3	0.613933662869235	0.00826103015483373	0.995876918378254	48.0967930990955	3	0.000114530045048484	207	5186	302	409	0	0	0	0	0	0	0	0	0	9.66183574879227e-05	0	-0.0234377083396618	0.0286980300992317	-0.0503991124180879	0.463768115942029	mouse
SRP220131	10	18026	0.408248290463863	1.2	0.333333333333333	-0.102062072615966	1.01052631578947	1.09941093501772	1.04556924891064	1.12631595444073	0.651332982253535	0.21368041110652	0.945461309232266	37	24	0.0790108360768536	0.849013121547131	0.214236968646892	0.262193242825867	0.552448661857562	9.82136671836564	5	1.21136618235798	0.0122731153274205	0.9980361699767	15.340243960067	1.02436848641948	31	0.014820761538362	0.501863381136354	0.10070332771851	0.496807262638411	0.695367275908942	32.5103111178529	5	0.1203616539089	0.000432201472923826	0.912348829468545	8.122525249064	5	0.000277377121934983	22	15	9	10	0	0	0	0	0	0	0	0	0	0	0	0.0130141735630202	0.118828638195127	-0.114300896213312	0.0454545454545455	mouse
SRP220333	21	15217	-0.309344112444873	1.10582010582011	-0.181818181818182	0.0154672056222437	1.00023929169658	1.06826571336227	1.05009674548656	1.07713291922436	0.618408811104749	0.551151216450795	0.968445045936511	5	0	0.08499151748335	0.788700486533895	0.213727830257112	0.191431960230113	0.539549974664534	4.75142264472825	1	1.50205532327698	0.00323575382092552	1	17.6747794493141	1.02396664707254	4	0.00521372131187303	0.294999351506943	0.0617628934063545	0.461672800369826	0.763496018622955	31.5916369144225	1	0.00779856080135999	1.03023135919007e-06	0.572188999145692	1.4958217837161	1	6.57159755536571e-05	5	0	0	1	0	0	0	0	0	0			0	0	0	-0.0401417475914065	0.049516605626573	-0.0797168256749253	0.6	mouse
SRP220671	23	20942	0.0657951694959769	1.00434782608696	0.0606060606060606	-0.31252705510589	1.10824587706147	1.00625625233583	0.973254782090145	1.01960235298756	0.0583961760324898	0.144400207868178	0.978639746547202	4	7	0.0101246645291616	0.233615248435612	0.0584400109111937	0.656131244656292	0.656088697302119	119.938148440969	4	1.11901732819872	0.069125458833572	0.999761245344284	110.541472447797	1.05069241663615	0	0.0424338330456357	0.520443670556735	0.1287568643703	0.416350094752026	0.561184440495065	37.5449208858901	4	1.37513322947769	0.0238273461735716	0.999534428421354	32.4203133682232	4	0.000191003724572629	0	4	3	4	0	0	0	0	0		0	0	0							mouse
SRP221637	32	17144	0	1	0	0.25	1.06666666666667	0.924519305552284	0.816312886829197	0.981120770985828	0.04318106579278	0.328220364221509	0.994584642345382	9751	10681	0.002819958111098	0.270525792937806	0.0978970597265963	0.875856072964715	0.8264916691825	485.360693085374	5	0.181387512402259	0.00181208120988766	0.916903873075128	64.391611439516	1.03514507756212	9618	0.0261732962951065	0.236850726772782	0.0889537861708121	0.677331178582874	0.539192604258822	375.287762760865	5	2.58216769805057	0.235778943499197	0.999615025664956	98.6825441884064	5	0.000291647223518432	17	9734	947	422	0	0	3	0	0	0	0	0.00316789862724393	0	0.000294117647058824	0	-0.18458958753177	-0.0975090266120593	-0.110944224103216	1	mouse
SRP222321	8	19784	0	1	0	0.577350269189626	1.5	1.02667084930633	0.978906447506969	1.05391774148578	0.0905459692923271	0.115334692202054	0.983284404862534	0	0	0.00193319403966299	0.309979329050804	0.0701629125144959	0.67516491750197	0.840126355853269	161.786383956846	5	0.037261421981273	0.0190931674240893	0.883198544278205	19.291759522537	1.25098628242859	1	0.133508939743377	1.28671934850257	0.314789302632242	0.290060193180647	0.519532400651881	11.8827384793783	5	3.36413304009478	0.0286193126605899	0.999858471492115	25.2026511164331	5	0.000252729478366357	0	0	0	0	0	0	0	0	0											mouse
SRP222765	17	20395	0.24514516892273	1.06393861892583	0.208333333333333	-0.588348405414552	1.52941176470588	1.01911678446832	0.949365762341099	1.05025395392257	1.03899141822771	0.327966733629477	0.913354247998061	0	0	0.10189687276454	1.79459103860947	0.435363084550517	0.379261835923495	0.629989100955202	27.6514962506005	5	0.059366948038205	0.00206760203141077	0.454748712919833	0.582617532459051	1.25638399117582	0	0.244498481863738	2.32627803047345	0.651858705389589	0.192176069390254	0.553292760020021	5.08414630294922	5	0.28287236387547	0.000216169036431134	0.559617553321893	1.15708940300398	5	0.00024515812699191	0	0	0	0	0	0	0	0	0											mouse
SRP223303	8	20687	0	1	0	0.5	1.33333333333333	1.04592376186145	1.01021221141992	1.06232266817326	0.064316038953265	0.163946968774643	0.996871080877027	21	10	0.00194376577249999	0.0955578725615995	0.0235921206354987	0.624466219531037	0.756629006860154	183.052816941318	5	0.440591326084163	0.128368883286177	0.999642287426886	226.734610657972	1.20756342318567	5	0.0596633598071333	0.502831439246053	0.155554610831824	0.372576701013134	0.53102527573618	107.06581975963	5	4.055271565313	0.147013380629114	0.999903320926185	67.9959694773731	5	0.000241697684536182	11	10	0	16	0	0	0	0	0	0	0		0	0.00136363636363636	0	1.86841216811315e-05	0.0561361499905548	-0.0558287136291122	0.181818181818182	mouse
SRP224655	12	20324	0.25	1.06666666666667	0.25	-0.125	1.01587301587302	1.04385552068948	0.982956504211685	1.07196918418441	1.06572765085081	0.203451672975612	0.927597114684858	3	4	0.0372059842444624	2.411200871054	0.494563180501381	0.526435581775304	0.770959200998765	37.0068834393679	1	0.08332085201686	1.39588427237773e-06	0.688299547333202	2.2395589202728	1.01754085586374	8	0.02057706171051	2.14499810486021	0.463426391703998	0.58383074655012	0.819242267729404	67.2688238259998	1	0.0768681935092501	1.35173907193764e-06	0.756937610706554	3.736076276242	1	4.92029128124385e-05	0	3	1	0	0	0	0	0	0		0	0								mouse
SRP225503	21	18417	0.330289129537908	1.12244897959184	0.333333333333333	0.330289129537908	1.12244897959184	1.08996832012959	1.07538635918518	1.10353516303736	0.0588895008101224	0.188118239045749	0.962314053965049	3131	2556	0.027327910901568	0.270359491200652	0.112298406182416	0.696121685091356	0.56046229684436	793.541992489867	5	4.42750774436245	0.414686922607256	0.999891404680458	162.132882453809	1.0564165975937	2465	0.0210136748544551	0.171415489276052	0.0586965795381542	0.526749869719213	0.516619687591261	538.34891128779	5	2.07436998588662	0.333134271831938	0.999880545148504	98.7300921520307	5	0.000271488298854319	675	2456	100	743	0	0	0	0	0	0	0	0	0	0.000259259259259259	0.00148148148148148	-0.046049844056871	0.0878341556164247	-0.138714347434388	0.312592592592593	mouse
SRP225660	26	17581	0	1	0	-0.154303349962092	1.02439024390244	0.973763858095741	0.900869673240089	1.00342729628397	0.0457512759520394	0.064610016334451	0.978686758928103	77	94	0.0011979185740453	0.167926795046007	0.0409560144921025	0.784887980842786	0.840345314940437	242.273013687997	5	0.187130409815019	0.0089561290409574	0.979978385757352	156.312833711926	1.02528951320427	76	0.009050519877552	0.143609519407529	0.0368315673869538	0.556892590323968	0.60381491240066	92.3110118378308	5	0.0643213925877506	0.00190847214045664	0.779876002502702	7.10718113108658	5	0.000284397929583073	0	77	17	5	0	0	0	0	0		0	0	0							mouse
SRP225812	8	18512	0.258198889747161	1.07142857142857	0.25	-0.258198889747161	1.07142857142857	1.03517543721865	0.967559894512341	1.0641763816943	0.118485286177893	0.190258063589692	0.981313192704956	1311	1309	0.0333690626169005	0.312075094784733	0.0968911960003709	0.509901867164443	0.531467384037949	274.466199725957	3	0.922137447925222	0.077331036467857	0.999423797176606	27.636467545025	1.0905319074439	830	0.022239433934909	0.234307681615742	0.0609575141016648	0.398414042357487	0.540197197461327	41.1883284923205	3	0.60903344618311	0.0115170517745665	0.989970469605301	27.389886878027	3	0.000162057044079516	203	1108	201	510	0	0	0	0	0	0	0	0	0	0.000197044334975369	0.00492610837438424	-0.0253512456413304	0.0587836797009834	-0.0798837289311748	0.349753694581281	mouse
SRP226196	12	22358	-0.50709255283711	1.34615384615385	-0.5	-0.169030850945703	1.02941176470588	1.20042844842404	1.18067940884032	1.2089230497039	0.0785953590217072	0.0661477783765919	0.823286814532251	0	0	0.0267944644049739	0.342606774471624	0.116665932224504	0.6188616882267	0.598005810550084	382.848095236573	2	3.99263933842968	0.105589221929896	0.999932909920386	149.026998439644	1.03046367965199	0	0.0124441946488458	0.113544318285997	0.0386863493650553	0.608139102040127	0.528944778231467	636.203812730066	2	0.83916943248609	0.0795419281140408	0.963279363091511	67.4513340961641	2	8.94534394847482e-05	0	0	0	0	0	0	0	0	0											mouse
SRP227165	14	23317	0.258198889747161	1.07142857142857	0.25	-0.0430331482911935	1.00185528756957	1.04465975722287	0.993458780190941	1.06530087671995	0.644819878320266	0.548938617434402	0.98453281542554	6765	7371	0.061046640909783	1.51700665623413	0.33244911348794	0.541878965338758	0.658916714263492	45.6768476415522	5	2.12841456684888	0.010165949760809	0.986533430544238	34.8793969335277	0.996615083333407	7344	0.013140566060912	0.738425737345912	0.166153197573868	0.560098292643058	0.76969006242626	61.2613353855189	5	0.46641303957749	0.00230748304033431	0.88299523952481	35.515143314246	5	0.000214435819359266	439	6326	1045	106	0	0	0	0	0	0	0	0	0	0.000193621867881549	0.00227790432801822	-0.0543227559014348	0.0563405833912047	-0.1032593893632	0.492027334851936	mouse
SRP228964	22	21179	0.193649167310371	1.03896103896104	0.25	0.193649167310371	1.03896103896104	1.02043418099891	0.976082550284946	1.03770432753308	0.0568717470017219	0.254798462524541	0.986243375449208	7542	7726	0.030425604032548	0.717588635368345	0.162746705801788	0.547343352256279	0.653171636414274	66.1835128984741	5	2.73417525397053	0.0595764083010903	0.999697813872232	89.8742034331417	1.03296809574204	7258	0.01771751610279	0.264245539922638	0.0658953857193682	0.464785194185257	0.594576154944072	57.3857988593589	5	0.32807031799838	0.00518768094866852	0.969998583502526	18.5210470675462	5	0.000236082912318806	379	7163	563	418	0	0	1	0	0	0	0	0.00177619893428064	0	0.000197889182058047	0.00263852242744063	-0.107794456872167	0.0168480062476211	-0.104477340897805	0.820580474934037	mouse
SRP229353	16	16506	0.25	1.06666666666667	0.25	0	1	1.06796962414757	1.05323081938847	1.07423678715227	1.11147233530215	0.46756383503551	0.991011433236882	32	26	0.061299415554576	0.663171385352325	0.175450267933005	0.349694246530265	0.555250199322017	24.0945307117926	5	2.43661671955618	0.0538217070988775	0.999806131103841	39.7630680168655	1.02211768368927	40	0.0409839497446089	2.25012577658616	0.503303377699446	0.302217165134276	0.77159068133963	15.9855632660404	5	0.6349728382379	0.000541882809027167	0.897455470737913	15.5029396585356	5	0.000302920150248395	6	26	0	4	0	0	0	0	0	0	0		0	0.000833333333333333	0	-0.00468386610722183	0.0702283872586352	-0.07138305634755	0.166666666666667	mouse
SRP229494	20	21547	0	1	0	-0.2	1.04166666666667	1.00337352144011	0.97611167835001	1.01714861941801	0.130745225686367	0.120545238852615	0.998043173881673	673	689	0.000429712489420003	0.0344679532633631	0.0182144785734963	0.930089274132319	0.82358728756879	1977.97196826142	5	0.918053914123021	0.521863781688758	0.999573026407388	2138.26118948986	1.03384139862215	452	0.0149839562934878	0.0998177069919221	0.0284271489737001	0.253403835143031	0.469743360269781	8.72761728350747	5	0.0238723153877301	0.000456825895537726	0.618424838724649	1.5932083217373	5	0.000232050865549729	30	643	46	223	0	0	0	0	0	0	0	0	0	0	0	-6.64617814952617e-05	0.0188346751033974	-0.0187787107550941	0	mouse
SRP229626	13	20841	-0.21957751641342	1.05065666041276	-0.214285714285714	-0.21957751641342	1.05065666041276	1.01872662419612	0.955280079721427	1.04682715324244	0.0445606411459344	0.108471992514508	0.987140366006578	790	2063	0.019378652739003	0.242748610334508	0.0649283105371175	0.459999776578872	0.578191948230462	160.771632290669	1	2.40448605110067	0.0638886336045977	1	124.086677386518	1.04507021656546	801	0.013243734364263	0.135877987819686	0.0427219775186613	0.552768608002345	0.550323016774274	261.40245066602	1	0.70998923889985	0.0131375368316111	0.99952017657502	53.6135297559645	1	4.79823424979607e-05	0	790	1273	116	0	0	0	0	0		0	0	0							mouse
SRP229965	19	20711	-0.151185789203691	1.0233918128655	-0.133333333333333	-0.151185789203691	1.0233918128655	1.0026599474882	0.961652451354957	1.02929119638722	0.888232521228835	0.134516708426664	0.976101218765458	0	0	0.01779379195246	0.690926726014843	0.146050119721364	0.625458084311223	0.688368220780658	74.3577430612704	1	2.30010080800231	0.0119757429759729	0.999758582395828	129.267864789665	1.00754309520406	0	0.0192804415521512	0.391481618884594	0.105848330091332	0.366911289480024	0.651122006688476	35.5063555089497	1	0.66859172408816	0.00188509208587141	0.997634107479117	34.6784917103048	1	4.82835208343392e-05	0	0	0	0	0	0	0	0	0											mouse
SRP230248	16	20711	0	1	0	0.25	1.06666666666667	1.00384775726022	0.973762166695618	1.02080245971798	0.0543184650412106	0.120858140470765	0.999744610017651	4684	4673	0.0004868868937059	0.0483340805247757	0.0128476661024578	0.751511801791517	0.820217120828144	254.629444891857	5	0.125247198808488	0.0258734561383566	0.987282120612235	257.287337433645	1.03651754313235	4450	0.019914829521867	0.169825798444391	0.0535491467125944	0.526760846336166	0.518357519726061	155.00382169025	5	0.607599134040385	0.0365452989097929	0.998937762541645	30.5161292245616	5	0.000241417604171696	94	4590	83	421	0	0	0	0	0	0	0	0	0	0.000265957446808511	0.000265957446808571	-9.41265892997361e-05	0.0223196461417953	-0.0235320829207498	0.117021276595745	mouse
SRP230420	84	21569	0.0273115496799568	1.00074647755902	0.0272727272727273	0.122901973559805	1.01533655211588	1.00301340136897	0.996990242965434	1.00556206033351	0.0683624747625299	0.0637202804905016	0.998568528363009	968	953	0.0010546635218605	0.0300639519972704	0.0102188031456014	0.86700648551016	0.692886793235873	956.3322368163	5	0.285844804861263	0.317695620578403	0.999758913255135	271.126091403883	1.01157230367279	812	0.004388475916039	0.0368970209165861	0.0198111968616615	0.811640775004735	0.542734673004038	1876.21825528559	5	1.07964255918546	0.577297813682505	0.999888729194678	246.103316025292	5	0.000231814177755112	28	940	13	163	0	0	1	0	0	0	0	0.0769230769230769	0	0.000357142857142857	0	-0.00878184592525567	0.00113053814691755	-0.00930265827018745	0.785714285714286	mouse
SRP230425	8	24812	-0.377964473009227	1.16666666666667	-0.25	-0.377964473009227	1.16666666666667	1.08708623635042	0.980199480560173	1.13527009474267	0.78766842225305	0.314583342154599	0.978788488064885	3214	4407	0.0762375251767825	1.35797589213373	0.3391349496612	0.271763622704163	0.642924877144143	10.746049034088	5	0.641082719135691	0.00118040619266135	0.943978719974206	8.41094846272333	1.09748015699222	2619	0.0743606354135845	1.3679327547554	0.313006526057188	0.332155140950661	0.632473318453456	14.6706049151628	5	0.8982741170203	0.001886495714004	0.894526841850717	12.0842749514952	5	0.000201515395776237	324	2890	1517	994	0	0	0	0	0	0	0	0	0	0.000185185185185185	0.00308641975308642	-0.0109879279541163	0.124112573843018	-0.126502334293071	0.104938271604938	mouse
SRP232913	12	21664	0	1	0	-0.333333333333333	1.125	0.987478353609244	0.89856386283811	1.03360815630858	0.799218986433122	0.423606945181024	0.949979518608214	460	338	0.0196761177920545	2.38040436641654	0.485627967209507	0.380548378631702	0.809116974038545	20.6256490405061	5	1.5180294327903	0.00203251273914517	0.963589364844904	77.2109703615836	1.08722534308527	317	0.0654190290234345	1.05650086664162	0.249777387065796	0.398166544299345	0.611048989628073	27.4926452558154	5	2.80643386102236	0.029589625690712	0.999566100443131	42.9133423126692	5	0.000230797636632201	155	305	33	184	0	0	0	0	0	0	0	0	0	0.000161290322580645	0.000161290322580682	-0.0131039923910827	0.0366871522727902	-0.0480395590724875	0.354838709677419	mouse
SRP233206	9	21958	0.316227766016838	1.11111111111111	0.3	-0.158113883008419	1.02564102564103	1.05861169625782	1.00874945586989	1.0797234327523	0.126547638209862	0.318027748152049	0.986851697392015	6465	5616	0.0425446143971559	0.454438265846233	0.123728326386295	0.42262702229094	0.550431571891753	77.4240547795207	3	3.08943816775903	0.0716426411117289	0.999908917023408	72.6205709449863	1.02237870793523	6188	0.0198796748045285	0.32186493849456	0.0807251175285653	0.527421333191566	0.603220545169457	177.168561028596	3	0.42494111751534	0.00869339116087733	0.787837386525792	21.3774157301897	3	0.000136624464887513	1037	5428	188	501	0	0	0	0	0	0	0	0	0	0.00014946962391514	0.000964320154291225	-0.0865077610842934	0.0585975969029151	-0.134882644801841	0.573770491803279	mouse
SRP233366	12	21079	0	1	0	-0.333333333333333	1.125	1.00944756729898	0.975607467812682	1.03104988483424	0.182340284907221	0.0732519588014723	0.990959125519741	0	0	0.00113837634286001	0.0877289774387703	0.0250531563442574	0.76729259061107	0.797559175297187	487.839132433781	5	0.518048976788916	0.0723166581014038	0.97423976469472	455.292918396784	1.09048289376822	0	0.035926632952742	0.252211867009893	0.0768504064130453	0.302601391898544	0.488424863957651	31.4216214319959	5	0.162371237061475	0.00212027178583078	0.937236111770008	4.51962431845865	5	0.000237202903363537	0	0	0	0	0	0	0	0	0											mouse
SRP234038	48	21286	0	1	0	0.166666666666667	1.02857142857143	0.983918841726403	0.94775017127684	1.00006555711695	0.0487285658752411	0.0410053157463379	0.980944919868331	0	0	0.000459697416987283	0.0483843075547077	0.0216956979264785	0.922669407052937	0.835600261767103	1708.45426177334	5	0.327035114892242	0.213639891501945	0.999004040214225	711.755540583575	1.01726499532411	0	0.00615526172696379	0.0737999934223033	0.0205766539777174	0.480909956832138	0.566677600728562	215.763035240139	5	0.513955860291518	0.151090177483022	0.958921356760312	83.5419275696302	5	0.000234896175890257	0	0	0	0	0	0	0	0	0											mouse
SRP235231	19	20589	-0.168549965615811	1.02923976608187	-0.170454545454545	0.258443280610909	1.07157353538087	1.02442159301935	0.998711680966921	1.03519389756292	0.278340089825826	0.294201349365193	0.985948576603891	0	0	0.031317385751949	0.432366481192218	0.103340754922437	0.416847539135941	0.576244495832609	34.2942765551597	5	0.919750570181842	0.0185553898092114	0.996697265530137	29.3722194068915	1.0428252093465	0	0.072754263926157	0.941709475266328	0.233370936343269	0.307037674580866	0.581980837530594	14.2527709015309	5	0.184839392123087	0.000183789196941184	0.758628393802516	2.54108702256204	5	0.000242848122784011	0	0	0	0	0	0	0	0	0											mouse
SRP237295	12	19052	-0.447213595499958	1.25	-0.333333333333333	-0.447213595499958	1.25	1.13721645709688	1.05258630912875	1.18190973560842	0.325282639542206	0.171609073871775	0.472774428299223	0	0	0.119550164911015	3.394490739049	0.995053029959774	0.137789962520944	0.708174485992776	3.06155183276871	4	3.12751167926199	0.00195746639211939	0.981235565819861	26.1670965308678	1.10717208740451	0	0.112159298974497	1.56260577166328	0.419360435431225	0.188910996901263	0.619010348472848	4.72129229525056	4	1.02037990811155	0.00117344019894577	0.943614843585975	9.10259674470289	4	0.000209951711106446	0	0	0	0	0	0	0	0	0											mouse
SRP237364	10	18531	-0.2	1.04166666666667	-0.2	0.6	1.5625	1.05495556532144	1.02908966297506	1.06677429839695	0.17457019904262	0.295051110663507	0.978083922952441	2	2	0.045062586205268	0.44913503273502	0.112700882312898	0.419224423203297	0.519903185351453	63.6960348042467	5	2.28322212897165	0.100138855162397	0.979893152015542	50.6751745894553	1.30580714534231	0	0.12111344823863	0.919984899296799	0.254882102443701	0.257895344799108	0.49394834835475	9.25949188495381	5	1.0548152113646	0.00442082416577535	0.704559926609465	8.71199489849226	5	0.000269818142571907	0	2	0	2	0	0	0	0	0		0		0							mouse
SRP237439	12	19846	0	1	0	0	1	1.01604238290014	0.97132867013743	1.03476423471816	0.326196235753597	0.185433678059414	0.997209637791176	74	78	0.00165211708046001	0.105375852843764	0.0299554188568568	0.769728345099188	0.791471806638648	322.233853888795	5	0.093189343245114	0.00239776714358925	0.981094427088582	56.4539126695731	1.02868556159392	66	0.00226428030168996	0.36014103547838	0.0778888657742573	0.718090633231483	0.847962169404911	129.083887936562	5	0.0383486063520387	5.6515302132219e-05	0.876680439383251	16.9508601377903	5	0.000251939937518896	11	63	15	16	0	0	0	0	0	0	0	0	0	0.000909090909090909	0	0.000109265998547819	0.0272157152060057	-0.0280079388452982	0.181818181818182	mouse
SRP237817	12	21672	0	1	0	-0.353553390593274	1.14285714285714	0.976233424969253	0.909787229050367	1.00749357605664	0.121721006093931	0.121529706320589	0.993256146548709	101	151	0.00157672072122846	0.122962465610786	0.0336715389366694	0.765785046053242	0.806115286864572	248.754687913956	5	0.146966864755582	0.031937021063384	0.984505352528608	93.293872926808	1.09153096254025	49	0.0301098930586245	0.332521969214475	0.0949644641667012	0.476480065056219	0.560216864444097	95.6590153937636	5	1.11772536832333	0.0682667727442961	0.999326319675157	37.1281502023215	5	0.000230712440014766	0	101	50	54	0	0	0	0	0		0	0	0							mouse
SRP237911	8	19335	0.258198889747161	1.07142857142857	0.25	0.258198889747161	1.07142857142857	1.02664925722934	0.958149963071205	1.05973858773934	0.0469818674500422	0.125936230831445	0.974948745462233	265	265	0.0357381326320143	0.315141431404644	0.0962155827579019	0.503968477141885	0.519845156006167	235.497953852687	5	2.97625985725604	0.213436975778389	0.999896560641324	83.3167676329425	1.09885078913857	198	0.016932451540979	0.259693903285116	0.0671420335645143	0.451717247058949	0.608282780280349	62.3816172001428	5	0.984459891509271	0.0714933006150081	0.999689681923972	58.1446714173516	5	0.000258598396689941	23	242	23	68	0	0	0	0	0	0	0	0	0	0.000217391304347826	0	-0.0280276570650462	0.0377834729428477	-0.061496156574896	0.434782608695652	mouse
SRP238851	13	20665	-0.0975900072948533	1.00961538461538	-0.0952380952380952	0.21957751641342	1.05065666041276	1.02395612919146	0.992995834387692	1.03667734318151	0.0769107735313823	0.123734513747743	0.994936339283733	687	808	0.0082415367332592	0.145946114590142	0.0403732304675818	0.59502799269938	0.629132591207176	320.60806329016	5	1.34822423479274	0.242188241163328	0.999893539801597	163.628342481964	1.05159562005056	577	0.0164361464832035	0.221254014718571	0.0570283603370134	0.511653568514254	0.576836020171218	93.8059490055901	5	0.0870643874496402	0.0015601377203191	0.658001451729978	5.29763518728188	5	0.000241954996370675	15	672	136	138	0	0	0	0	0	0	0	0	0	0	0	-0.00371914398261552	0.0372737942127939	-0.0433047729488121	0	mouse
SRP251172	8	23248	0	1	0	0	1	1.00847159012526	0.974294692163468	1.02441479145553	0.0454229164542472	0.175639092622745	0.990105406655365	1406	1615	0.0029661722828367	0.228901421957186	0.0539960788550689	0.655158406622918	0.797585152328494	134.332650026315	5	0.107138975589538	0.0257428434250899	0.858043702684102	36.1210344429313	1.01713361740915	1264	0.00238002200728046	0.202323210118916	0.0469198868873855	0.62620514593818	0.80221784411043	90.3730769665568	5	0.00906246095007601	0.000228433186994825	0.642549896765313	3.8086038665534	5	0.000215072264280798	16	1390	225	182	0	0	2	0	0	0	0	0.00888888888888889	0	0	0	-0.0187864846678152	0.029605521111468	-0.0557458653311587	0.4375	mouse
SRP256038	21	18756	1.10655920858603e-20	1	0	-0.204124145231932	1.04347826086957	1.00180267206998	0.969704506769303	1.01627999583138	0.0578157407641176	0.352462713827875	0.995155225922895	7045	7167	0.00330027130556049	0.401485992052137	0.0909340580002825	0.533308851701696	0.821388682037535	77.1910579967831	5	0.321748999011278	0.00841493697839245	0.964096822350181	97.5452130237286	1.0301445564698	6818	0.0240184642773071	0.444925211604508	0.110664527028383	0.592386366843508	0.618712926915332	155.686156768174	5	1.23867305688222	0.0293924420111992	0.997728726807422	51.5870471251113	5	0.000266581360631265	104	6941	226	431	0	0	3	0	0	0	0	0.0132743362831858	0	0.000192307692307692	0	-0.0215766413609391	0.0145377189520736	-0.0298144847293209	0.586538461538462	mouse
SRP281844	8	20275	0	1	0	0	1	1.00038193056763	0.922056715785509	1.03697935531405	0.16983654266469	0.146551231446549	0.985832681213142	0	0	0.002374453144246	0.403465401710269	0.0800603302779717	0.698211028540515	0.856023360244265	85.8876310443288	4	0.881371538878945	0.0280265142513679	0.969815043156597	371.217547257865	0.999570090454093	0	0.002495685221235	0.348510582906537	0.0778083606955243	0.707504703286633	0.845334207224079	222.122922612653	4	1.91639431414126	0.125591299209525	0.999334155363749	768.356991446881	4	0.000197287299630086	0	0	0	0	0	0	0	0	0											mouse
SRP316599	12	19827	0	1	0	0.333333333333333	1.125	1.00080482132997	0.960065577700793	1.01835871937995	0.0713813266455487	0.219464028377409	0.960993641357567	0	0	0.005245712898579	0.811612148117179	0.171150537692897	0.426131935776179	0.836632615589529	25.3377916362503	5	1.18289869987217	0.0130011041954822	0.984657285519746	225.818725776864	1.05303838382103	0	0.0640402617560513	1.18691751368721	0.279748556233969	0.372939955606872	0.633349034239958	45.8050027416305	5	1.68274662752319	0.0409830276572484	0.986805870782267	26.2785737461319	5	0.00025218136884047	0	0	0	0	0	0	0	0	0											mouse
SRP471095	17	21606	-0.0435194139889245	1.00189753320683	-0.0454545454545454	0.203090598614981	1.04302019315189	1.01288479919572	0.991691323638244	1.02124679583505	0.0366054370080683	0.143713355319547	0.996692821251011	3613	3546	0.00280476224839682	0.169763768814578	0.0377038731829765	0.657015002553383	0.771627218612414	94.0570141544582	5	0.487119557510333	0.0338977328968061	0.995140238822549	173.728654611872	1.03223422195693	3157	0.0143534196619915	0.266522100113886	0.0626376014028597	0.46238013090181	0.626436338742928	43.0354387654981	5	0.024097970475416	7.14511783936705e-05	0.636758307877441	1.67923253909966	5	0.000231417198926224	133	3480	66	512	0	0	0	0	0	0	0	0	0	0.000225563909774436	0.0075187969924812	-0.00724078363963805	0.0179548839227655	-0.0240883895455737	0.353383458646617	mouse
