organism	study	target_df	J_M1	J_M0perm	J_M0permw	d_across	d_within	M0_n_de	M1_n_de	M0_precision	M1_precision	fd_M0	fd_M1	M0_recall	M1_recall	M0_t_sp_ref	M1_t_sp_ref	M0_top100_ref	M1_top100_ref	M0_sexgene_de	M1_sexgene_de	n_ref_de
human	ERP109255	0	0.572976559044671	0.165407319952774	0.372119413407821	0.407569239091896	0.20085714563685	15.3	11.4	0.920067148760331	0.912765957446809	0.0799328512396695	0.0872340425531915	0.00318886144172468	0.00235796092521896	0.74901	0.7518	0.187	0.183	0	0	4453
human	ERP109255	0.2	0.475580844001897	0.158090668431502	0	0.159399507138892	0.475580844001897	191.2	120	0.382845188284519	0.429166666666667	0.617154811715481	0.570833333333333	0.0164383561643836	0.0115652369189311	0.73102	0.66529	0.152	0.116	0	0	4453
human	ERP109255	0.4	0		0		0	0	6.8		0.92156862745098		0.0784313725490195	0	0.00143723332584774	0.70101	0.65012	0.207	0.169	0	0	4453
human	ERP109255	0.6	0.0128205128205128	0.364415563705948	0.0415655612474163	-0.473066905454085	-0.0287450484269035	598.7	2.6	0.426622110832637	0.769230769230769	0.573377889167363	0.230769230769231	0.0376375477206378	0.00044913541432742	0.75604	0.64518	0.176	0.108	0.2	0	4453
human	ERP109255	0.8	0.0555555555555557	0.126313374627208	0.130685482341338	-0.232450103234687	-0.112694890178673	407.3	0.7	0.655490051584378	0.75	0.344509948415623	0.25	0.0284751852683584	0.000134740624298226	0.7264	0.57132	0.201	0.115	0	0	4453
human	ERP109626	0	0.859431333150911	0.678166469376379	0.862148005297865	0.181264863774531	-0.0027166721469539	3235.8	3158.2	0.960034382028069	0.960208474374287	0.0399656179719307	0.0397915256257125	0.317407678627471	0.310513652055654	0.91122	0.91169	0.443	0.442	0	0.8	9559
human	ERP109626	0.2	0.689731191855499	0.629521563589941	0.677325542150554	0.0602096282655583	0.0124056497049454	4145	3480.9	0.952174852802303	0.954217830709205	0.0478251471976971	0.0457821692907947	0.409561669630715	0.345810231195732	0.91961	0.90315	0.444	0.395	0	0.5	9559
human	ERP109626	0.4	0.678076538460178	0.771214277539321	0.67059303067065	-0.0931377390791428	0.00748350778952759	3639.5	3212.2	0.951820678994989	0.954375571624371	0.0481793210050113	0.0456244283756294	0.354336227638874	0.316319698713254	0.91088	0.89828	0.415	0.377	0	0.7	9559
human	ERP109626	0.6	0.335931500470746	0.616744224205558	0.306329241432229	-0.280812723734812	0.0296022590385165	4548.8	2120.9	0.918924662099417	0.946943219636004	0.0810753379005826	0.0530567803639959	0.426226592739826	0.204048540642327	0.90461	0.84281	0.364	0.275	0.2	1.5	9559
human	ERP109626	0.8	0.295819379260705	0.717883301060087	0.266607242494904	-0.422063921799382	0.0292121367658011	3888.5	1660.7	0.950817244901601	0.966305267344064	0.0491827550983993	0.0336947326559358	0.382665550789832	0.165498483104927	0.91542	0.83606	0.414	0.29	0.6	0.6	9559
mouse	ERP109959	0	0.174603174603175	0.5	0.75	0.111111111111111	-0.138888888888889	0.3	2.9	1	0.924603174603175	0	0.0753968253968254	0.00326086956521739	0.0282608695652174	0.71333	0.71633	0.451	0.522	0	0	92
mouse	ERP109959	0.2	0.12962962962963	0.5	0.833333333333333	-0.240740740740741	-0.574074074074074	0.6	3.1	0.916666666666667	0.826388888888889	0.0833333333333333	0.173611111111111	0.00543478260869565	0.025	0.74597	0.74984	0.423	0.456	0	0	92
mouse	ERP109959	0.4	0.296666666666667	0.625	0.335714285714286	-0.328333333333333	-0.0390476190476192	1.6	1.8	0.9	0.96	0.1	0.04	0.0152173913043478	0.0184782608695652	0.74453	0.72156	0.45	0.452	0	0	92
mouse	ERP109959	0.6	0.0114989177489178	0.63439862522743	0.0444145877287502	-0.622899707478512	-0.0384674934459262	21.1	0.9	0.596800756513239	1	0.403199243486761	0	0.133695652173913	0.00978260869565217	0.7059	0.65624	0.364	0.369	0	0	92
mouse	ERP109959	0.8	0.00101010101010101	0.716977734231819	0.0194578465419503	-0.715967633221719	-0.0184477455318492	127.7	0.8	0.217884455529928	0.5	0.782115544470073	0.5	0.28804347826087	0.00108695652173913	0.70816	0.51758	0.222	0.208	0.1	0	92
human	ERP114636	0	0.745271122320303	0.399879372738239	0	-0.054487623156175	0.745271122320303	74.2	64.2	0.00134770889487871	0.00155763239875389	0.998652291105121	0.998442367601246	0.1	0.1	0.81679	0.81804	0.183	0.187	0	0	1
human	ERP114636	0.2	0	1	0.5	-1	-1	0.1	0	0		1		0	0	0.81451	0.81049	0.188	0.173	0	0	1
human	ERP114636	0.4	0	0	1	0	-1	0.1	0	1		0		0.1	0	0.81256	0.79388	0.193	0.144	0	0	1
human	ERP114636	0.6	0	0.333333333333333	0	-0.333333333333333	0	0.3	0.1	0	0	1	1	0	0	0.74424	0.6817	0.159	0.094	0	0	1
human	ERP114636	0.8	0	0.734502923976608	0.186439909297052	-0.734502923976608	-0.217513227513228	4.6	0.9	0	0	1	1	0	0	0.72914	0.49147	0.138	0.037	1.7	0	1
human	ERP115010	0	0.848378210798547	0.554843906301957	0.89658606833522	0.214270889310597	-0.0482078575366726	370.3	378.3	0.956274175750906	0.958012705617006	0.0437258242490943	0.0419872943829939	0.0563084112149532	0.0576435246995994	0.7482	0.74857	0.264	0.266	0	0	5992
human	ERP115010	0.2	0.512250218784561	0.648901447900463	0.563348141969742	-0.0726199517678317	0.0129333541628891	518.7	538.3	0.943097324953199	0.947434083294788	0.056902675046801	0.0525659167052124	0.0752336448598131	0.0779205607476636	0.72773	0.74643	0.267	0.262	0	0.2	5992
human	ERP115010	0.4	0.146514111246512	0.556119243703435	0.2208927007832	-0.409605132456923	-0.0743785895366882	386.1	129.7	0.926574609956485	0.959376186800936	0.0734253900435148	0.040623813199064	0.0567923898531375	0.0201101468624834	0.63014	0.64652	0.181	0.142	0.1	0	5992
human	ERP115010	0.6	0.0684206173501686	0.642835817371451	0.0361471777533993	-0.574415200021282	0.0322734395967693	388.1	97.7	0.660125105807234	0.832727065613609	0.339874894192766	0.167272934386391	0.0563751668891856	0.0156875834445928	0.62436	0.58672	0.166	0.136	3.4	0	5992
human	ERP115010	0.8	0.00036101083032491	0.785456812995972	0.191456217558541	-0.785095802165647	-0.191095206728216	712	0.9	0.645960925585155	0.208333333333333	0.354039074414845	0.791666666666667	0.0917556742323096	8.34445927903872e-05	0.59704	0.45559	0.102	0.049	9	0	5992
mouse	ERP117312	0	0.94884202289436	0.834465850141398	0.947544970485939	0.114376172752963	0.00129705240842199	2885	2811.3	0.973371931281114	0.974885760841854	0.0266280687188855	0.0251142391581456	0.532724852633581	0.520060848069976	0.91801	0.91796	0.816	0.814	0	0	5259
mouse	ERP117312	0.2	0.917695027634962	0.868070193335853	0.909541896971679	0.0496248342991089	0.00815313066328342	3413.2	3313	0.908787632799435	0.909160840819319	0.0912123672005654	0.0908391591806813	0.567351207453889	0.555637953983647	0.8811	0.8776	0.806	0.812	0	0	5259
mouse	ERP117312	0.4	0.825587267725692	0.901431499662884	0.823876199460244	-0.0758442319371918	0.0017110682654486	3193.3	2996.5	0.936974123167226	0.924470000846362	0.0630258768327744	0.0755299991536385	0.564289788933257	0.520327058376117	0.88333	0.84497	0.789	0.789	0	0	5259
mouse	ERP117312	0.6	0.649251975520491	0.891383876997795	0.655761562754823	-0.242131901477304	-0.00650958723433221	3340.2	2782.7	0.929918312900215	0.905556538104585	0.0700816870997851	0.094443461895415	0.581935729226089	0.435177790454459	0.87732	0.81068	0.788	0.776	0	0	5259
mouse	ERP117312	0.8	0.411822328441617	0.867056477753189	0.417814550178346	-0.455234149311572	-0.0059922217367297	3235.7	1479.4	0.944879092712686	0.947192471465087	0.0551209072873139	0.0528075285349131	0.576288267731508	0.265069404829816	0.90521	0.71469	0.792	0.771	0.5	0	5259
human	SRP010181	0	0.957899833370654	0.91518404061261	0.958435349932174	0.0427157927580435	-0.000535516561519811	5494	5514.6	0.951789387241725	0.952136718230179	0.0482106127582748	0.0478632817698212	0.58582650656492	0.588183144428235	0.94128	0.94189	0.685	0.687	0	5.6	8911
human	SRP010181	0.2	0.878471699457894	0.885993378476125	0.8838042935008	-0.00752167901823101	-0.00533259404290662	5125.5	4935.5	0.961371952914317	0.962984503924208	0.0386280470856834	0.0370154960757918	0.552530580181798	0.532813376725396	0.94091	0.9389	0.695	0.685	1.3	5.1	8911
human	SRP010181	0.4	0.751963215680092	0.9223691567879	0.760203728704172	-0.170405941107809	-0.0082405130240803	5401.8	4675	0.947296794918729	0.950765254678973	0.0527032050812705	0.0492347453210274	0.574099427673662	0.498597239367074	0.93411	0.92184	0.691	0.676	8.6	4.6	8911
human	SRP010181	0.6	0.573314013832764	0.902150747278704	0.552745960052386	-0.328836733445939	0.0205680537803781	5254.7	3598.3	0.944012721590097	0.945240650126319	0.0559872784099033	0.0547593498736806	0.555661541914488	0.380462349904612	0.92755	0.88814	0.673	0.573	8.9	2.9	8911
human	SRP010181	0.8	0.278859666119666	0.926130167261013	0.325579873861515	-0.647270501141347	-0.0467202077418488	5391.3	1737.7	0.946176579149253	0.953868546902142	0.0538234208507466	0.0461314530978578	0.571933565256425	0.185568398608461	0.92925	0.81624	0.657	0.416	9.5	2	8911
mouse	SRP020636	0	0.525778471036673	0.820272020282272	0.936422590404199	-0.294493549245598	-0.410644119367526	500.8	844.5	0.977195546712379	0.964180244414588	0.0228044532876207	0.0358197555854124	0.0565778664476	0.0942495012322497	0.77015	0.77475	0.419	0.49	0	0.4	8521
mouse	SRP020636	0.2	0.569619036352447	0.713858103296356	0.660085729603119	-0.144239066943909	-0.0904666932506723	999.8	797.7	0.958722979672895	0.962679163223577	0.0412770203271051	0.0373208367764229	0.10970543363455	0.0888980166647108	0.7861	0.76016	0.392	0.456	0	0.2	8521
mouse	SRP020636	0.4	0.177386891346995	0.831633401912908	0.548852326364623	-0.654246510565913	-0.371465435017628	2016.6	493	0.897279473610026	0.953674906624549	0.102720526389974	0.0463250933754504	0.211313226147166	0.0543128740758127	0.75474	0.72402	0.385	0.432	0.3	0.4	8521
mouse	SRP020636	0.6	0.0924847946510239	0.912238194990784	0.501921984242911	-0.81975340033976	-0.409437189591887	4987	654.8	0.718965722700126	0.945148783690192	0.281034277299874	0.0548512163098083	0.41647693932637	0.0661894143879826	0.68907	0.70517	0.26	0.363	1	0.5	8521
mouse	SRP020636	0.8	0.0347576595054473	0.959195725792396	0.313098562929528	-0.924438066286949	-0.27834090342408	6880.9	310.8	0.6532465895852	0.884072355817906	0.3467534104148	0.115927644182095	0.524562844736533	0.0320150217110668	0.66758	0.61175	0.184	0.206	3.8	0.3	8521
human	SRP027383	0	0.949367864828864	0.896347029607763	0.942701820838726	0.0530208352211007	0.0066660439901381	5401.9	5317.5	0.973043213081192	0.9737618662203	0.0269567869188082	0.0262381337797003	0.383591058995969	0.377999267130817	0.91645	0.91621	0.263	0.257	0	0.5	13645
human	SRP027383	0.2	0.829591774982949	0.825337508630222	0.785370408298348	0.00425426635272641	0.0442213666846008	5998.4	5843.3	0.968883823113724	0.969647520517979	0.0311161768862757	0.0303524794820205	0.422513741297178	0.411835837303041	0.92866	0.92692	0.295	0.276	0	1.2	13645
human	SRP027383	0.4	0.604592384621237	0.786508820797157	0.620041075243788	-0.18191643617592	-0.0154486906225514	5485.6	4573.7	0.973361288701179	0.972396878065931	0.0266387112988214	0.0276031219340689	0.38884573103701	0.323810919750824	0.9261	0.91791	0.275	0.233	0.2	1.1	13645
human	SRP027383	0.6	0.460698197483545	0.733905916904511	0.429133534649748	-0.273207719420966	0.031564662833797	5196	3332.2	0.973917668803686	0.963621241750528	0.0260823311963141	0.0363787582494715	0.368567240747527	0.234635397581532	0.92161	0.87441	0.269	0.186	1.8	0.7	13645
human	SRP027383	0.8	0.0406542353894303	0.816873036223515	0.0541472784222174	-0.776218800834084	-0.0134930430327871	4688.1	346.4	0.956585818383597	0.874150104855759	0.0434141816164033	0.125849895144241	0.33489190179553	0.0235910589959693	0.92309	0.75982	0.265	0.024	9.2	0.9	13645
human	SRP035988	0	0.98912088985079	0.963981651922444	0.991357178247569	0.0251392379283465	-0.0022362883967789	14439.1	14467.4	0.983514284937792	0.983381537518143	0.0164857150622084	0.0166184624818575	0.745577731092437	0.746932773109244	0.9757	0.97584	0.754	0.75	0	1.7	19040
human	SRP035988	0.2	0.946525320667071	0.976038858762003	0.948186504151052	-0.0295135380949319	-0.00166118348397998	14199.4	13919.5	0.982210981885057	0.984934839427948	0.017789018114943	0.0150651605720522	0.732263655462185	0.719831932773109	0.97196	0.97311	0.754	0.755	0	1.4	19040
human	SRP035988	0.4	0.886619840264194	0.957207426433668	0.890937531356607	-0.0705875861694741	-0.00431769109241299	14246.4	13148.4	0.987267197192965	0.990287861978082	0.0127328028070346	0.00971213802191799	0.738608193277311	0.683823529411765	0.97787	0.97441	0.756	0.749	9	1.3	19040
human	SRP035988	0.6	0.798196620571784	0.957694012508526	0.795757426348874	-0.159497391936743	0.00243919422291	14479.8	12160	0.983242049048775	0.991164025511893	0.0167579509512253	0.0088359744881067	0.747373949579832	0.632909663865546	0.97648	0.96704	0.771	0.752	10	2	19040
human	SRP035988	0.8	0.553893292972432	0.976342031281386	0.621376906562256	-0.422448738308955	-0.0674836135898241	14310.7	8239.7	0.98313095492185	0.991206461020657	0.0168690450781499	0.00879353897934341	0.738928571428572	0.428876050420168	0.97171	0.93017	0.758	0.679	10	0.4	19040
human	SRP042228	0	0.909782939368066	0.787169310810383	0.920878080208788	0.122613628557683	-0.0110951408407224	2033.6	2048.1	0.966942546354211	0.967853906981616	0.0330574536457893	0.0321460930183842	0.213061536779976	0.214919663351186	0.79636	0.79686	0.303	0.289	0	0.1	9149
human	SRP042228	0.2	0.592766391710829	0.781800341397258	0.601351463203173	-0.189033949686429	-0.00858507149234356	1495.1	1315.7	0.971320920398019	0.974359116492248	0.0286790796019805	0.0256408835077517	0.15627937479506	0.136605093452836	0.77154	0.75295	0.301	0.284	0	0	9149
human	SRP042228	0.4	0.358769631470009	0.682380993921789	0.466127037805927	-0.32361136245178	-0.107357406335918	1507.4	941.9	0.975049642885009	0.989322364698042	0.0249503571149906	0.0106776353019576	0.159875396218166	0.101103945786425	0.79221	0.75024	0.301	0.267	0	0	9149
human	SRP042228	0.6	0.264266733501997	0.710689249801213	0.251664545504853	-0.446422516299215	0.0126021879971441	2521.2	1322.5	0.912157063064337	0.908055862946141	0.0878429369356636	0.0919441370538592	0.24521805661821	0.115378729915838	0.79468	0.7241	0.318	0.2	9.1	0	9149
human	SRP042228	0.8	0.0183242705038452	0.855285487749575	0.132965239032181	-0.83696121724573	-0.114640968528336	1877.5	66.8	0.939360861377813	0.938403807431814	0.0606391386221867	0.061596192568186	0.193256093562138	0.00704995081429665	0.79537	0.66091	0.282	0.194	10	0	9149
human	SRP044668	0	0.857902190917175	0.780453425079039	0.895836819219813	0.0774487658381358	-0.0379346283026379	7108.6	7873.9	0.983010484547385	0.978706117116204	0.0169895154526152	0.0212938828837955	0.39978813559322	0.440494732020156	0.9328	0.93522	0.254	0.258	0	0.6	17464
human	SRP044668	0.2	0.79070463332176	0.886651473549376	0.813102761935051	-0.0959468402276164	-0.0223981286132914	9034.9	8231.8	0.974907509169846	0.971672663377654	0.0250924908301536	0.0283273366223464	0.50370476408612	0.457461062757673	0.93864	0.92986	0.24	0.233	0	1.2	17464
human	SRP044668	0.4	0.782889607649132	0.84764128331481	0.804776207061232	-0.0647516756656783	-0.0218865994121	9026.7	7888.1	0.977623249306972	0.97931289525638	0.0223767506930278	0.0206871047436198	0.503601694915254	0.441044434264773	0.94644	0.93858	0.283	0.279	0	0.6	17464
human	SRP044668	0.6	0.474537795351556	0.87059269939246	0.54324501866638	-0.396054904040904	-0.0687072233148237	10226.6	5842	0.951284775854635	0.965151459497385	0.0487152241453653	0.0348485405026148	0.554724003664682	0.319978240952817	0.92566	0.89793	0.23	0.223	1.2	0.4	17464
human	SRP044668	0.8	0.411249823447073	0.801588042552141	0.539087857563787	-0.390338219105068	-0.127838034116714	9922.5	4795.9	0.954925102005282	0.97209829108714	0.0450748979947178	0.0279017089128601	0.541496793403573	0.265156894182318	0.92313	0.88866	0.279	0.257	0.8	0.2	17464
human	SRP048801	0	0.957497124438054	0.829706966713433	0.953605348451759	0.127790157724621	0.00389177598629509	3801.1	3767.6	0.967448266409712	0.968314614065356	0.0325517335902884	0.0316853859346436	0.311252237660899	0.308703435342256	0.86194	0.86232	0.349	0.341	0	0	11731
human	SRP048801	0.2	0.834873062192765	0.87650560405167	0.844796974100015	-0.0416325418589051	-0.00992391190725052	4275	4128.2	0.96781818891931	0.965962000733499	0.0321818110806898	0.034037999266501	0.349416077060779	0.336476003750746	0.85774	0.84122	0.369	0.366	0	0.4	11731
human	SRP048801	0.4	0.653428150900755	0.870337393661855	0.729857462040786	-0.2169092427611	-0.0764293111400306	4699.6	3415	0.955004900263797	0.975797873684149	0.0449950997362028	0.0242021263158515	0.37990793623732	0.281766260335862	0.84577	0.83386	0.4	0.39	4.4	0	11731
human	SRP048801	0.6	0.392755678768372	0.890208117807918	0.453556885547843	-0.497452439039546	-0.060801206779471	4272.1	2246	0.958984364906103	0.974860316213388	0.0410156350938969	0.0251396837866119	0.347319069133066	0.182968203904186	0.87246	0.79477	0.378	0.312	9.9	0	11731
human	SRP048801	0.8	0.223674890788195	0.877684462458702	0.19585341697779	-0.654009571670507	0.0278214738104054	4737.4	1580.9	0.959561425315517	0.963938742880512	0.0404385746844827	0.036061257119488	0.387025829000085	0.123544454863183	0.88942	0.76795	0.4	0.209	10	0	11731
mouse	SRP049219	0	0.780507053706851	0.703479822131131	0.725065093487473	0.0770272315757198	0.0554419602193775	23.7	21.9	0.856451856516067	0.886753848003848	0.143548143483933	0.113246151996152	0.0556962025316456	0.0528481012658228	0.68026	0.68016	0.411	0.419	0	0	316
mouse	SRP049219	0.2	0.660379027751909	0.551532209515079	0.457293200702013	0.10884681823683	0.203085827049896	19.1	17.6	0.879523605700076	0.856315708101422	0.120476394299924	0.143684291898578	0.0465189873417721	0.0427215189873418	0.64616	0.64966	0.404	0.389	0	0	316
mouse	SRP049219	0.4	0.306353695324284	0.732060606060606	0.330784235544297	-0.425706910736322	-0.0244305402200139	13.9	7.4	0.908928921568628	0.922916666666667	0.0910710784313725	0.0770833333333334	0.0382911392405063	0.0205696202531646	0.72381	0.67622	0.4	0.356	0	0	316
mouse	SRP049219	0.6	0.198435145101812	0.479205561463626	0.160330513108291	-0.280770416361814	0.0381046319935209	14.7	5.3	0.869797178130511	0.832142857142857	0.130202821869489	0.167857142857143	0.0363924050632911	0.0110759493670886	0.68404	0.61965	0.394	0.292	0	0	316
mouse	SRP049219	0.8	0.0395330275992596	0.804098883572568	0.011024714879204	-0.764565855973308	0.0285083127200555	13.4	5.6	0.833712121212121	0.47859477124183	0.166287878787879	0.52140522875817	0.0338607594936709	0.00284810126582279	0.6824	0.39454	0.343	0.102	0.2	0	316
human	SRP050000	0	0.491666666666667	0.208333333333333	0.521135265700483	0.447222222222222	0.134420289855073	2.9	1.1	0.638888888888889	0.7375	0.361111111111111	0.2625	0.00272835112692764	0.000711743772241992	0.62438	0.62713	0.127	0.137	0	0	843
human	SRP050000	0.2	0	0	0	0	0	1.2	0.3	0.416666666666667	1	0.583333333333333	0	0.000593119810201661	0.000355871886120996	0.63179	0.64894	0.088	0.105	0	0	843
human	SRP050000	0.4	0	1	0.125	-1	-0.166666666666667	0.1	61.1	1	0.115430951397494	0	0.884569048602506	0.000118623962040332	0.0167259786476868	0.66299	0.55443	0.085	0.064	0	0	843
human	SRP050000	0.6	0	0.708333333333333	0.263888888888889	-0.708333333333333	-0.351851851851852	0.3	3.8	0.666666666666667	0.394736842105263	0.333333333333333	0.605263157894737	0.000237247924080664	0.00177935943060498	0.58943	0.51336	0.072	0.051	0	0	843
human	SRP050000	0.8	0.0124066754501537	0	0.0296296296296296	0.0148880105401845	-0.0147416190894451	2.2	11.9	0.0588235294117648	0.098162177328844	0.941176470588235	0.901837822671156	0.000474495848161329	0.000948991696322657	0.60728	0.42536	0.036	0.03	0.2	0	843
mouse	SRP053396	0	0.18278919223461	0.120815495937865	0.482168330955777	0.15336829241405	-0.15314778493348	134	308.7	0.880337078651685	0.840483904409887	0.119662921348315	0.159516095590113	0.0434863523573201	0.109119106699752	0.83825	0.8443	0.247	0.268	0	0	1612
mouse	SRP053396	0.2	0.415359638815016	0.393814271860869	0.308984458381192	-0.0440903450226642	0.00338036097342767	56.3	162.9	0.882232704402516	0.800072845137253	0.117767295597484	0.199927154862747	0.0236352357320099	0.0601116625310174	0.72774	0.80017	0.195	0.259	0	0	1612
mouse	SRP053396	0.4	0.125	0.561741363211951	0.155313051146385	-0.436741363211951	-0.0363756613756614	25.7	2.2	0.791416040100251	0.933333333333333	0.208583959899749	0.0666666666666667	0.0108560794044665	0.0011166253101737	0.65491	0.75394	0.153	0.197	0	0	1612
mouse	SRP053396	0.6	0.00494584951386157	0.750523790873759	0.182528068778796	-0.745577941359898	-0.177582219264934	2777.2	27.3	0.219502532273354	0.740911947888692	0.780497467726646	0.259088052111308	0.347890818858561	0.00893300248138959	0.56195	0.71229	0.101	0.134	0.6	0	1612
mouse	SRP053396	0.8	0.00203226187372768	0.821422057915243	0.142486098638347	-0.819389796041516	-0.14045383676462	5192.8	17.6	0.148513389864154	0.354166666666667	0.851486610135846	0.645833333333333	0.478846153846154	0.00161290322580645	0.48982	0.53429	0.042	0.059	4.2	0	1612
mouse	SRP055058	0	0.634375	0.686309523809524	0.604464285714286	-0.0519345238095237	0.0299107142857143	3.3	2.8	0.49702380952381	0.50462962962963	0.50297619047619	0.49537037037037	0.0191489361702128	0.0148936170212766	0.74616	0.74594	0.347	0.345	0	0	94
mouse	SRP055058	0.2	0.452380952380952	0.530555555555556	0.476190476190476	-0.00277777777777783	-0.0277777777777778	2.2	1.1	0.833333333333333	0.75	0.166666666666667	0.25	0.0191489361702128	0.00957446808510639	0.7406	0.73705	0.365	0.357	0	0	94
mouse	SRP055058	0.4	0.652777777777778	0.888888888888889	0.627160493827161	-0.236111111111111	0.0256172839506172	2	2.3	0.817460317460317	0.773809523809524	0.182539682539683	0.226190476190476	0.0180851063829787	0.0191489361702128	0.72627	0.69874	0.361	0.306	0	0	94
mouse	SRP055058	0.6	0.0683333333333333	0.508333333333333	0.0416666666666666	-0.422916666666667	0.0266666666666667	3.6	0.7	0.739583333333333	0.333333333333333	0.260416666666667	0.666666666666667	0.025531914893617	0.00212765957446808	0.73788	0.57175	0.354	0.176	0	0.1	94
mouse	SRP055058	0.8	0	0.549603174603175	0	-0.549603174603175	0	6.7	0.4	0.522561327561328	0	0.477438672438672	1	0.0372340425531915	0	0.73714	0.47245	0.338	0.116	0.5	0	94
mouse	SRP056865	0	0.931746031746032	0.942857142857143	0.927976190476191	-0.0111111111111111	0.00376984126984129	6.3	6.4	1	1	0	0	0.0875	0.0888888888888889	0.67706	0.68294	0.425	0.361	0	0	72
mouse	SRP056865	0.2	0.891865079365079	0.923214285714286	0.962103174603175	-0.0313492063492064	-0.0702380952380953	6.4	6.8	1	1	0	0	0.0888888888888889	0.0944444444444444	0.67375	0.68002	0.442	0.369	0	0	72
mouse	SRP056865	0.4	0.66849566319787	0.887301587301587	0.830357142857143	-0.218805924103718	-0.161861479659273	6.6	672.6	0.98	0.762309611082097	0.02	0.237690388917903	0.0888888888888889	0.131944444444444	0.7247	0.66846	0.407	0.281	0	0.2	72
mouse	SRP056865	0.6	0.484657030436831	0.895595238095238	0.802994227994228	-0.410938207658408	-0.318337197557397	6.8	1125.1	0.9775	0.563564714670422	0.0225	0.436435285329578	0.0916666666666667	0.1625	0.67665	0.71876	0.379	0.184	0	0.4	72
mouse	SRP056865	0.8	0.317991132165422	0.812251938155553	0.487181019044744	-0.494260805990131	-0.169189886879322	437.9	932.6	0.880077452667814	0.498971891237227	0.119922547332186	0.501028108762773	0.175	0.145833333333333	0.49993	0.27149	0.487	0.157	0	0.2	72
mouse	SRP060296	0	0.824446495406024	0.776914620424296	0.900341422281064	0.0475318749817286	-0.0758949268750401	1426.9	1712.7	0.96147646313026	0.951985337390871	0.0385235368697398	0.0480146626091289	0.340030135610246	0.402486187845304	0.91914	0.92074	0.723	0.748	0	0	3982
mouse	SRP060296	0.2	0.783580836747775	0.791164297363197	0.87769997188777	-0.0075834606154227	-0.0941191351399953	1409.4	1754.9	0.937512184852966	0.925650094603121	0.0624878151470337	0.0743499053968785	0.326921145153189	0.401230537418383	0.86394	0.8727	0.688	0.711	0	0	3982
mouse	SRP060296	0.4	0.627296058035617	0.733290673141085	0.676502992156004	-0.105994615105467	-0.0492069341203865	1212.1	1503.9	0.957628266901821	0.938456682161821	0.0423717330981795	0.0615433178381788	0.289276745354093	0.348769462581617	0.83464	0.84768	0.705	0.719	0	0.1	3982
mouse	SRP060296	0.6	0.427590966311011	0.778013263924748	0.47936165839349	-0.350422297613737	-0.0517706920824791	1084.1	864.3	0.940256490959628	0.951486792223904	0.0597435090403721	0.0485132077760964	0.255323957810146	0.199924660974385	0.81021	0.80219	0.667	0.681	0.3	0	3982
mouse	SRP060296	0.8	0.169040329931001	0.807041957350831	0.194847385876589	-0.63800162741983	-0.0258070559455883	1412.9	273.6	0.841796242932962	0.977968843089933	0.158203757067038	0.0220311569100666	0.298543445504772	0.0668006027122049	0.76357	0.76719	0.596	0.619	4.2	0.6	3982
mouse	SRP063455	0	0.930535473435055	0.819893305866195	0.936450127639879	0.110642167568861	-0.00591465420482331	545.7	549.1	0.982896424806484	0.982985910677663	0.0171035751935156	0.0170140893223365	0.0662038184973965	0.0666253409372675	0.75598	0.75629	0.481	0.483	0	0	8066
mouse	SRP063455	0.2	0.735538688956976	0.778642365901057	0.752803132854847	-0.0431036769440809	-0.0172644438978706	641.4	683.1	0.984887039792938	0.981242243704109	0.0151129602070624	0.0187577562958906	0.0781180262831639	0.082643193652368	0.77446	0.78462	0.462	0.456	0	0.1	8066
mouse	SRP063455	0.4	0.523272991414587	0.800153501329056	0.525638336715115	-0.276880509914469	-0.00236534530052741	515.2	401.2	0.973733455762912	0.978547214644447	0.0262665442370879	0.0214527853555527	0.0620877758492437	0.0485246714604513	0.6884	0.70105	0.466	0.435	0	0	8066
mouse	SRP063455	0.6	0.238189819963149	0.82544765359833	0.254933808161882	-0.587257833635181	-0.0167439881987329	614.9	197	0.95807392931658	0.984952293532576	0.04192607068342	0.0150477064674242	0.0727622117530374	0.0239523927597322	0.68612	0.65832	0.45	0.378	1	0	8066
mouse	SRP063455	0.8	0.0422590752540039	0.832369257144635	0.111800820711227	-0.790110181890631	-0.0695417454572231	970.2	393	0.883530366478388	0.82321924309418	0.116469633521612	0.17678075690582	0.10285147532854	0.0309571038928837	0.67492	0.56569	0.375	0.183	4	0.3	8066
mouse	SRP064216	0	0.904252247872402	0.764998881361942	0.886704421109462	0.13925336651046	0.01754782676294	831.2	815.5	0.797728562237706	0.801315197077899	0.202271437762294	0.198684802922102	0.365021770682148	0.362989840348331	0.85748	0.85816	0.613	0.61	0	0	1378
mouse	SRP064216	0.2	0.771861623627352	0.752050220817814	0.767657657905473	0.0198114028095385	0.00420396572187892	517.9	441.6	0.856077124999243	0.885877304556895	0.143922875000757	0.114122695443105	0.27677793904209	0.256821480406386	0.74467	0.76275	0.618	0.626	0	0	1378
mouse	SRP064216	0.4	0.561322412873837	0.815512152323995	0.608985625799725	-0.254189739450158	-0.0476632129258883	351	217.4	0.920520394636654	0.9371143399829	0.0794796053633463	0.0628856600170996	0.22510885341074	0.142597968069666	0.74317	0.75067	0.623	0.616	0	0	1378
mouse	SRP064216	0.6	0.099616650442354	0.719115518782185	0.0835578038494921	-0.619498868339831	0.0160588465928619	185.3	23.8	0.949816929821377	0.9875	0.0501830701786226	0.0125	0.126632801161103	0.0167634252539913	0.73727	0.62514	0.637	0.512	0	0	1378
mouse	SRP064216	0.8	0.00418030503035994	0.777590843707798	0.0106453046384104	-0.773410538677438	-0.00646499960805048	247.6	2	0.877873351249377	0.875	0.122126648750623	0.125	0.158417997097242	0.000870827285921626	0.81257	0.58469	0.578	0.382	3.5	0	1378
mouse	SRP064245	0	0.90895742830625	0.777417631803225	0.923959224674039	0.131539796503025	-0.0150017963677889	752.1	730	0.797195416038757	0.800309714031611	0.202804583961243	0.199690285968389	0.143462897526502	0.140282685512368	0.84915	0.84325	0.428	0.41	0	0.1	283
mouse	SRP064245	0.2	0.462815226779075	0.551233339595345	0.635226682325831	-0.0884181128162699	-0.172411455546756	285.5	18.3	0.788434586739865	0.953076459405573	0.211565413260135	0.0469235405944267	0.132862190812721	0.0519434628975265	0.88111	0.847	0.452	0.445	0	0.1	283
mouse	SRP064245	0.4	0.292632146709817	0.435925925925926	0.251498294021658	-0.143293779216109	0.0411338526881581	14.8	7.7	0.962716049382716	0.952380952380952	0.0372839506172839	0.0476190476190476	0.0434628975265018	0.0190812720848056	0.87368	0.83096	0.487	0.432	0	0	283
mouse	SRP064245	0.6	0.05	0.651923076923077	0.0964285714285714	-0.601923076923077	-0.0464285714285714	4.6	0.1	1	1	0	0	0.0162544169611307	0.000353356890459364	0.8907	0.68585	0.468	0.346	0	0	283
mouse	SRP064245	0.8	0	0.3803524163844	0.000302283385755531	-0.3803524163844	-0.000302283385755531	7.8	0.2	0.967195767195767	0	0.0328042328042328	1	0.0243816254416961	0	0.88065	0.53742	0.338	0.12	0	0	283
mouse	SRP070673	0						0	0					0	0	0.43975	0.43984	0.107	0.108	0	0	2
mouse	SRP070673	0.2						0	0					0	0	0.43	0.42742	0.09	0.08	0	0	2
mouse	SRP070673	0.4	0		0			0	0.1		0		1	0	0	0.3569	0.31512	0.077	0.042	0	0	2
mouse	SRP070673	0.6	0		0		0	0	16.6		0		1	0	0	0.38426	0.24186	0.06	0.019	0	0	2
mouse	SRP070673	0.8	0		0		0	0	414.8		0.000266666666666667		0.999733333333333	0	0.05	0.50272	0.2547	0.104	0.004	0	0.2	2
mouse	SRP070767	0	0.827353165522502	0.660753265822195	0.71154272747879	0.166599899700307	0.115810438043712	31	32.9	0.920034915250862	0.915907393260335	0.079965084749138	0.0840926067396655	0.102290076335878	0.108778625954198	0.72131	0.72183	0.49	0.483	0	0	262
mouse	SRP070767	0.2	0.616976983229826	0.56093480957245	0.72210484399289	0.0560421736573757	-0.105127860763064	37.1	30.3	0.877618058665472	0.888682805289948	0.122381941334528	0.111317194710052	0.109160305343511	0.0954198473282442	0.67477	0.67311	0.49	0.455	0	0	262
mouse	SRP070767	0.4	0.456325302703321	0.737733890465678	0.457156862745098	-0.281408587762358	-0.000831560041777496	34.1	86.9	0.924698066761284	0.896447172619048	0.0753019332387161	0.103552827380952	0.104198473282443	0.0824427480916031	0.66425	0.64934	0.478	0.397	0	0	262
mouse	SRP070767	0.6	0.305608759571174	0.677121447523924	0.382259177137226	-0.37151268795275	-0.076650417566052	23.7	63.2	0.920797695960497	0.791176272395751	0.079202304039503	0.208823727604249	0.0801526717557253	0.0633587786259542	0.60564	0.57711	0.499	0.356	0	0	262
mouse	SRP070767	0.8	0.114626431308901	0.750913742690059	0.12010726259846	-0.636287311381158	-0.00548083128955886	34.1	11.9	0.844537822077868	0.7209926525716	0.155462177922132	0.2790073474284	0.100381679389313	0.016793893129771	0.54464	0.4548	0.438	0.257	0	0	262
mouse	SRP070769	0	0.785988743607642	0.569733534439417	0.862673248161053	0.216255209168225	-0.0766845045534108	16.2	17.1	0.881018945212494	0.8854869257087	0.118981054787506	0.1145130742913	0.0676300578034682	0.0734104046242775	0.62762	0.62682	0.433	0.434	0	0	173
mouse	SRP070769	0.2	0.852109557109557	0.691165223665224	0.748686868686869	0.160944333444333	0.103422688422688	6.1	6.3	0.970707070707071	0.924700854700855	0.0292929292929293	0.0752991452991453	0.0335260115606936	0.0317919075144508	0.62145	0.61809	0.415	0.396	0	0	173
mouse	SRP070769	0.4	0.415877126371879	0.625713410364146	0.53978813559322	-0.209836283992267	-0.123911009221341	12.6	8.3	0.886360837438424	0.908651960784314	0.113639162561576	0.0913480392156863	0.0543352601156069	0.0427745664739884	0.5933	0.55596	0.401	0.336	0	0	173
mouse	SRP070769	0.6	0.195703605691113	0.645585678715931	0.222527977544205	-0.449882073024818	-0.0268243718530918	24	12.4	0.847793622499505	0.78374711708045	0.152206377500495	0.21625288291955	0.0895953757225434	0.023121387283237	0.60188	0.5103	0.383	0.262	0	0.8	173
mouse	SRP070769	0.8	0.152515168170848	0.621228548310866	0.128476439211072	-0.468713380140017	0.0240387289597764	19.3	5.1	0.783730413078239	0.847272727272727	0.216269586921761	0.152727272727273	0.0745664739884393	0.0161849710982659	0.58074	0.46854	0.348	0.246	0	0.4	173
mouse	SRP070770	0	0.925	1	1	-0.075	-0.075	1	1.3	1	0.925	0	0.075	0.333333333333333	0.333333333333333	0.59672	0.6061	0.074	0.121	0	0	3
mouse	SRP070770	0.2	0.95	1	0.95	-0.05	0	1	1.1	1	1	0	0	0.333333333333333	0.366666666666666	0.62499	0.59726	0.092	0.113	0	0	3
mouse	SRP070770	0.4	0.875	0.95	0.883333333333333	-0.075	-0.0083333333333333	1.2	1.4	0.9	0.875	0.1	0.125	0.333333333333333	0.333333333333333	0.62236	0.52807	0.134	0.113	0	0	3
mouse	SRP070770	0.6	0.124128219527898	0.444702205884975	0.202429488468333	-0.320573986357077	-0.0783012689404356	1131.9	1.2	0.128078464511977	0.9	0.871921535488023	0.1	0.6	0.333333333333333	0.5772	0.3993	0.093	0.053	0.2	0	3
mouse	SRP070770	0.8	0.176769067773994	0.414242774177625	0.182752532424701	-0.237473706403631	-0.00598346465070644	720.1	1.3	0.177087773900726	0.85	0.822912226099274	0.15	0.466666666666667	0.333333333333333	0.56517	0.33804	0.114	0.065	0.1	0	3
mouse	SRP070775	0	0.869070472222603	0.733856834072968	0.899867554244151	0.135213638149636	-0.0307970820215477	1409.9	1463	0.945417996690712	0.924127876475056	0.0545820033092877	0.0758721235249443	0.324313052011776	0.328532875368008	0.86034	0.86597	0.635	0.627	0	0	4076
mouse	SRP070775	0.2	0.767761231595367	0.700558205580056	0.765310203965113	0.0672030260153108	0.00245102763025331	1135.3	1102.4	0.949543490966581	0.937384686340026	0.0504565090334189	0.0626153136599741	0.262365063788028	0.250907752698724	0.83828	0.82949	0.669	0.659	0	0	4076
mouse	SRP070775	0.4	0.526747016223135	0.828793160997169	0.50854003474538	-0.302046144774034	0.0182069814777543	1490	1040.1	0.907245308605836	0.878962295119128	0.0927546913941637	0.121037704880872	0.32715897939156	0.220853778213935	0.82561	0.78273	0.59	0.545	0	0	4076
mouse	SRP070775	0.6	0.488511978142882	0.761749416636729	0.531478429546858	-0.273237438493846	-0.0429664514039755	1167.1	934.1	0.946952098633776	0.84684534727855	0.0530479013662245	0.15315465272145	0.270731108930324	0.178704612365064	0.83464	0.78502	0.646	0.538	0	0	4076
mouse	SRP070775	0.8	0.192895700694828	0.753010730876215	0.181981210769819	-0.560115030181387	0.0109144899250085	1406.9	892.6	0.921722049889815	0.691910659431989	0.078277950110185	0.308089340568011	0.317541707556428	0.109617271835132	0.83038	0.68263	0.621	0.361	0	0	4076
human	SRP071758	0						0	0					0	0	0.75285	0.75086	0.097	0.094	0	0	5968
human	SRP071758	0.2	0.209412081984898	0.403722962882943	0.415011940704925	-0.124506853569746	0.00381222326487022	285.2	217.6	0.911167081629249	0.927321255299506	0.088832918370751	0.0726787447004943	0.0432640750670241	0.0322386058981233	0.79736	0.79852	0.098	0.094	0	0.2	5968
human	SRP071758	0.4	0.687533297815663	0.435748655533541	0.665641025641026	-0.183964013251419	0.021892272174637	335.9	297.6	0.741887466507889	0.799731182795699	0.258112533492111	0.200268817204301	0.0417560321715818	0.0398793565683646	0.7051	0.75317	0.069	0.078	0	0.3	5968
human	SRP071758	0.6	0	0.500990752972259	0.000264200792602378	-0.500990752972259	-0.000330250990752973	84.7	0	0.952101811662578		0.0478981883374223		0.0121648793565684	0	0.74698	0.72691	0.082	0.055	0	0	5968
human	SRP071758	0.8	0.0274059910771192	0.647249190938511	0	-0.482813244475796	0.0822179732313575	144.8	38.6	0.787983425414365	0.220976253298153	0.212016574585635	0.779023746701847	0.0191186327077748	0.00526139410187667	0.7501	0.62442	0.063	0.038	0.3	0	5968
human	SRP071965	0	0.750415075986243	0.719666896886201	0.806123184006259	0.124550063598322	-0.0557081080200159	586.8	609.1	0.888533390690062	0.898035162913844	0.111466609309938	0.101964837086156	0.0610291074630984	0.0631811284315079	0.73367	0.73388	0.273	0.273	0	0.2	7249
human	SRP071965	0.2	0.545346789693759	0.67470217043728	0.591026380263665	-0.129355380743521	-0.0456795905699061	1124.7	1240.8	0.906497273110848	0.873036173064296	0.0935027268891519	0.126963826935704	0.130114498551524	0.128583252862464	0.73684	0.71557	0.312	0.289	0	0.8	7249
human	SRP071965	0.4	0.340786472698721	0.755044837074248	0.313928746121057	-0.414258364375527	0.0268577265776639	492.2	638.2	0.944425587470232	0.88247137889196	0.0555744125297683	0.11752862110804	0.0589046765071044	0.0717754172989377	0.74293	0.70133	0.347	0.25	0.1	0.4	7249
human	SRP071965	0.6	0.0588470313414531	0.716455862518737	0.0658193545485164	-0.657608831177284	-0.0069723232070633	501.3	439.6	0.741949280908623	0.781627191983603	0.258050719091377	0.218372808016397	0.0511104979997241	0.0380052421023589	0.72162	0.6548	0.26	0.152	1.4	0.3	7249
human	SRP071965	0.8	0.0427861338793111	0.810279302509728	0.0840450165674477	-0.767493168630417	-0.0412588826881366	980.9	277.5	0.710289352690119	0.645396911687852	0.289710647309881	0.354603088312148	0.109284039177818	0.0225962201682991	0.65408	0.47241	0.224	0.109	7.8	0.2	7249
mouse	SRP073086	0						0	0					0	0	0.63686	0.63621	0.171	0.169	0	0	1
mouse	SRP073086	0.2	0	0	0	0	0	0.1	0	1		0		0.1	0	0.54867	0.51113	0.147	0.148	0	0	1
mouse	SRP073086	0.4	0.666666666666667	1	0.666666666666667	-0.333333333333333	0	0.3	0.2	1	1	0	0	0.3	0.2	0.54278	0.41479	0.198	0.162	0	0	1
mouse	SRP073086	0.6			0			0	0					0	0	0.59984	0.48929	0.149	0.103	0	0	1
mouse	SRP073086	0.8	0	0.816666666666667	0	-0.816666666666667	0	2.5	0.6	0.1	0	0.9	1	0.3	0	0.58193	0.25064	0.133	0.038	1	0	1
human	SRP074349	0	0.911425084318672	0.818699757507652	0.901301354525059	0.0927253268110196	0.0101237297936129	6754.4	6709.3	0.937061510142036	0.937162970539882	0.0629384898579636	0.0628370294601175	0.420376780721608	0.417753960857409	0.8756	0.87697	0.276	0.266	0	1.8	15022
human	SRP074349	0.2	0.752193697387849	0.783746012868756	0.813875484435211	-0.0315523154809074	-0.0616817870473622	6421.6	5452.5	0.940281792830219	0.9526604137264	0.0597182071697808	0.0473395862736001	0.397497004393556	0.343256557049661	0.88466	0.88531	0.274	0.26	0.1	3.1	15022
human	SRP074349	0.4	0.602051405072242	0.877848414371883	0.566427284663649	-0.275797009299641	0.0356241204085933	6536.9	4604.1	0.949485400315447	0.955101633606391	0.050514599684553	0.0448983663936093	0.411862601517774	0.291818665956597	0.89895	0.88347	0.341	0.316	1	2.6	15022
human	SRP074349	0.6	0.5558083060774	0.742870074126365	0.506040144882332	-0.187061768048966	0.0497681611950674	5775.2	4040	0.946915870050467	0.951129169805092	0.0530841299495327	0.0488708301949083	0.362914392224737	0.253914259086673	0.8801	0.85288	0.229	0.208	0.3	1.8	15022
human	SRP074349	0.8	0.167647249781333	0.804844938605365	0.160237023484759	-0.637197688824032	0.0074102262965735	5230.4	1092	0.937135632090191	0.931261705193404	0.0628643679098095	0.068738294806596	0.324896818000266	0.0683597390493942	0.85851	0.78981	0.226	0.151	6.5	0.4	15022
mouse	SRP078380	0	0.931666666666667	0.818045222465354	0.894230769230769	0.113621444201313	0.0374358974358975	6.2	6.8	0.901923076923077	0.851754385964912	0.0980769230769231	0.148245614035088	0.55	0.55	0.71529	0.71508	0.184	0.188	0	0	2
mouse	SRP078380	0.2	0.866666666666667	0.95	1	-0.0833333333333333	-0.133333333333333	1.5	1.4	1	0.966666666666667	0	0.0333333333333333	0.75	0.65	0.70411	0.69964	0.175	0.165	0	0	2
mouse	SRP078380	0.4	0.768956043956044	0.916666666666667	0.866666666666667	-0.147710622710623	-0.0977106227106227	1.4	2.9	0.966666666666667	0.782051282051282	0.0333333333333333	0.217948717948718	0.65	0.6	0.7423	0.65383	0.21	0.146	0	0	2
mouse	SRP078380	0.6	0.8	0.9	0.825	-0.1	-0.025	1.4	1	1	1	0	0	0.7	0.5	0.70139	0.61407	0.2	0.13	0	0	2
mouse	SRP078380	0.8	0.558333333333333	0.841666666666667	0.441666666666667	-0.283333333333333	0.116666666666667	1.9	1.2	0.9	0.933333333333333	0.1	0.0666666666666667	0.8	0.5	0.71065	0.52847	0.171	0.091	0	0	2
human	SRP081599	0	0.178571428571429	0.166666666666667	0.137254901960784	0.0158730158730157	0.100840336134454	3.2	4.5	0.875	0.95625	0.125	0.04375	0.00134292565947242	0.00182254196642686	0.69043	0.69108	0.137	0.135	0	0	2085
human	SRP081599	0.2	0.716733961955853	0.258848873895291	0.333437347355902	0.371602130095464	0.161005049696016	190.3	187.8	0.473958251765954	0.447375112447815	0.526041748234046	0.552624887552185	0.0392326139088729	0.0380815347721823	0.66186	0.65825	0.097	0.087	0	0	2085
human	SRP081599	0.4	0	0.0847187762262444	0	-0.0847187762262444	0	50.7	0.1	0.747269953428617	0	0.252730046571383	1	0.0094484412470024	0	0.65008	0.58751	0.105	0.079	0	0	2085
human	SRP081599	0.6	0.0170454545454545	0.366848597624336	0.0346895339733501	-0.347368078143817	-0.0219802711745643	15.2	1.7	0.771840659340659	0.472222222222222	0.228159340659341	0.527777777777778	0.00345323741007194	0.000383693045563549	0.66967	0.54508	0.099	0.062	0	0	2085
human	SRP081599	0.8	0.0277777777777778	0.166666666666667	0.0181818181818182	-0.0833333333333333	0.0318181818181818	2.1	13.6	0.75	0.424107142857143	0.25	0.575892857142857	0.000671462829736212	0.00124700239808154	0.69344	0.51459	0.115	0.068	0	0	2085
mouse	SRP083914	0	0.872153701876138	0.8456176040435	0.911746014920695	0.0265360978326377	-0.0395923130445575	2777.4	3002.7	0.932401451367446	0.925647756215306	0.0675985486325541	0.0743522437846944	0.339825184375854	0.36533733952472	0.91299	0.91331	0.519	0.495	0	0	7322
mouse	SRP083914	0.2	0.749411977547232	0.807549493258827	0.748373130129798	-0.0581375157115953	0.00103884741743356	1401.4	1767.1	0.978130978212996	0.969969493185426	0.0218690217870038	0.0300305068145746	0.183679322589457	0.229172357279432	0.9113	0.91685	0.645	0.638	0	0	7322
mouse	SRP083914	0.4	0.526426404767026	0.771800614294064	0.454475759776966	-0.245374209527038	0.0719506449900599	1650.1	1738.2	0.93914780120267	0.931815611638564	0.0608521987973303	0.0681843883614356	0.187885823545479	0.19543840480743	0.87518	0.86172	0.573	0.517	0	0	7322
mouse	SRP083914	0.6	0.376722883909507	0.74475152904931	0.258867459012871	-0.368028645139803	0.117855424896636	1089	1046.9	0.970542815068619	0.956881771176846	0.0294571849313806	0.0431182288231537	0.143458071565146	0.134130019120459	0.88669	0.84251	0.592	0.498	0	0.1	7322
mouse	SRP083914	0.8	0.0302379368160959	0.820952189705646	0.0529051047939947	-0.79071425288955	-0.0226671679778988	951.5	102.4	0.914857328125152	0.741802201538504	0.0851426718748478	0.258197798461496	0.118819994537012	0.00972411909314395	0.85793	0.67772	0.465	0.204	4.8	0.4	7322
mouse	SRP093288	0	0					0	1.5		0.0666666666666667		0.933333333333333	0	0.1	0.71477	0.72975	0.177	0.22	0	0	1
mouse	SRP093288	0.2		0				0	0					0	0	0.59746	0.73191	0.148	0.19	0	0	1
mouse	SRP093288	0.4	0	0.5	0	-0.5	0	0.1	0.3	0	0.333333333333333	1	0.666666666666667	0	0.1	0.42731	0.68267	0.146	0.195	0	0	1
mouse	SRP093288	0.6	0	0.30969058570944	0.0839629503563776	-0.353932097953646	-0.0839629503563776	795	0.1	0.000379650446048627	1	0.999620349553951	0	0.4	0.1	0.26958	0.57149	0.072	0.114	0.1	0	1
mouse	SRP093288	0.8	0.00080036652757708	0.908347394580509	0.228730229468404	-0.907547028052932	-0.227929862940826	7023.8	21.1	0.000143256238034792	0	0.999856743761965	1	1	0	0.16283	0.41356	0.019	0.033	2	0.1	1
human	SRP096757	0	0.873182888324785	0.635381484913015	0.887888838293073	0.23780140341177	-0.0147059499682875	1524.9	1500.4	0.955965843988624	0.958896158914949	0.0440341560113757	0.0411038410850504	0.140945593254367	0.139580405541056	0.7984	0.79894	0.242	0.24	0	0.1	9962
human	SRP096757	0.2	0.809115011343694	0.692615157139872	0.783525801408481	0.116499854203822	0.0255892099352136	2094.7	1892.5	0.928553399817817	0.93840071225545	0.071446600182183	0.0615992877445496	0.191407347922104	0.174653683999197	0.78908	0.79334	0.26	0.252	0	0.3	9962
human	SRP096757	0.4	0.349559745229923	0.711147017994821	0.353064180380009	-0.361587272764897	-0.00350443515008548	1522.5	748	0.968868715061876	0.981561586358663	0.0311312849381241	0.0184384136413369	0.146747641035937	0.0732383055611323	0.81439	0.78077	0.256	0.255	0.5	0	9962
human	SRP096757	0.6	0.239363314170372	0.739615160588253	0.295457180889676	-0.500251846417881	-0.0560938667193041	1401.2	543.1	0.957623224190572	0.95524276099701	0.0423767758094282	0.0447572390029901	0.131419393696045	0.0516362176269825	0.7995	0.74316	0.245	0.178	4.5	0	9962
human	SRP096757	0.8	0.046592343534251	0.745656368968858	0.0344463935159564	-0.699064025434607	0.0121459500182946	2270.2	1014.2	0.913590575724598	0.726950377128689	0.086409424275402	0.273049622871311	0.210791005822124	0.0582212407147159	0.80265	0.58122	0.248	0.082	9.9	0.5	9962
human	SRP098758	0	0.68642101400877	0.375053955675815	0.611290255982913	0.415156077777274	0.303937762695447	134.8	137.4	0.958125219775094	0.966773442829055	0.041874780224906	0.0332265571709445	0.0226872642356745	0.02304652416023	0.70905	0.70914	0.194	0.227	0	0	5567
human	SRP098758	0.2	0.396201702685004	0.731338028169014	0.500350324049746	-0.335136325484011	-0.354323783389616	147.3	131.9	0.945069880753943	0.90674753601213	0.054930119246057	0.09325246398787	0.0241063409376684	0.0214837434884139	0.74914	0.75458	0.241	0.204	0	0	5567
human	SRP098758	0.4	0.161623637047527	0.310335232856507	0.105753306142628	-0.14871159580898	0.0206192288573574	107.9	267.5	0.92121106144153	0.868352399696578	0.0787889385584697	0.131647600303422	0.0183222561523262	0.0401113705766122	0.68319	0.68047	0.212	0.085	0.1	0	5567
human	SRP098758	0.6	0.0648773078413546	0.727629351690499	0.0698248678679938	-0.662752043849145	-0.00494756002663923	461.6	73.2	0.868550456214616	0.871367359000338	0.131449543785385	0.128632640999662	0.0707382791449614	0.00953835099694629	0.69464	0.61486	0.311	0.174	2.8	0	5567
human	SRP098758	0.8	0.0197295559378301	0.857762562011127	0.101210046362436	-0.838033006073297	-0.0814804904246063	592.6	61.4	0.76052479944198	0.336475409836066	0.23947520055802	0.663524590163935	0.0840668223459674	0.0092868690497575	0.72037	0.57499	0.284	0.045	8.7	0	5567
mouse	SRP099592	0	0.916666666666667	0.95	1	-0.0333333333333333	-0.0833333333333333	2	2	1	1	0	0	0.666666666666667	0.666666666666667	0.4404	0.43978	0.171	0.185	0	0	3
mouse	SRP099592	0.2	0.933333333333333	0.900225479143179	0.95	0.0331078541901541	-0.0166666666666666	1.9	2.1	1	1	0	0	0.633333333333334	0.7	0.44776	0.4713	0.172	0.161	0	0	3
mouse	SRP099592	0.4	0.65	1	0.766666666666667	-0.35	-0.116666666666667	2.1	1.4	0.966666666666667	0.966666666666667	0.0333333333333333	0.0333333333333333	0.666666666666667	0.433333333333333	0.3745	0.44088	0.171	0.145	0	0	3
mouse	SRP099592	0.6	0.866666666666667	0.95	0.9	-0.0833333333333333	-0.0333333333333333	2	1.9	1	1	0	0	0.666666666666667	0.633333333333334	0.38488	0.41901	0.175	0.133	0	0	3
mouse	SRP099592	0.8	0.4125	0.966666666666667	0.47028801843318	-0.554166666666667	-0.0577880184331797	2.6	0.9	0.925	1	0.075	0	0.666666666666667	0.3	0.29908	0.28163	0.144	0.068	0	0	3
mouse	SRP100466	0	0.586206896551724	0.104166666666667	0.916666666666666	0.482040229885058	-0.330459770114943	0.6	3	0.7	0.672413793103449	0.3	0.327586206896552	0.000408719346049047	0.00149863760217984	0.63082	0.63217	0.159	0.186	0	0	734
mouse	SRP100466	0.2	0.540505050505051	0.48278297292032	0.47339321513187	0.192848340210994	0.0671118353731806	43.5	45.7	0.770090027240715	0.653357711685357	0.229909972759285	0.346642288314643	0.030108991825613	0.034741144414169	0.67314	0.68695	0.169	0.187	0	0	734
mouse	SRP100466	0.4	0.191554399537593	0.51296533105996	0.0993516399694889	-0.289485198266102	0.124128492824369	9.8	80.8	0.811807331628303	0.417401805166511	0.188192668371696	0.582598194833489	0.00871934604904632	0.0201634877384197	0.61104	0.60989	0.158	0.138	0	0	734
mouse	SRP100466	0.6	0.115341518843507	0.225585346553089	0.106060606060606	-0.109224289482796	0.0554175203203042	38.1	18.1	0.762350119904077	0.370777249328216	0.237649880095923	0.629222750671784	0.0231607629427793	0.00517711171662125	0.58423	0.59399	0.166	0.13	0	0	734
mouse	SRP100466	0.8	0.00479946625555497	0.48627084616174	0.0882936507936509	-0.577765655887423	-0.147314689505557	100.3	11.1	0.571571306082375	0.197848045674133	0.428428693917625	0.802151954325867	0.0470027247956403	0.00190735694822888	0.5522	0.49694	0.149	0.086	0	0	734
human	SRP100948	0	0.41611300358544	0.544757992039648	0.65371560768193	-0.128644988454208	-0.23760260409649	1068.9	1071.8	0.940984881566884	0.920746352057673	0.0590151184331159	0.0792536479423274	0.10916076359707	0.110193300516269	0.86492	0.8642	0.128	0.113	0	0.3	8329
human	SRP100948	0.2	0.553717120443009	0.515032912981905	0.537766877003672	0.0386842074611042	-0.252933195062499	747.1	607.8	0.872335262122135	0.881774950837368	0.127664737877865	0.118225049162632	0.0738143834794093	0.0595509665025814	0.82571	0.80938	0.157	0.15	0	0.1	8329
human	SRP100948	0.4	0.300627856132634	0.66349711007611	0.409897276380576	-0.362869253943477	-0.191248875524058	1385.6	910	0.879076099731728	0.879786901769938	0.120923900268272	0.120213098230062	0.137975747388642	0.0920038419978388	0.81446	0.76546	0.138	0.109	0	0.2	8329
human	SRP100948	0.6	0	0.818473646595253	0.12058595433003	-0.818473646595253	-0.12058595433003	435.4	0	0.747898922333705		0.252101077666295		0.0454556369312042	0	0.82708	0.69383	0.134	0.078	0.2	0	8329
human	SRP100948	0.8	0	0.146565879039788	0.00144300144300144	-0.205192230655703	-0.00202020202020202	204.4	0.9	0.768798849766006	0.111111111111111	0.231201150233994	0.888888888888889	0.0215872253571858	1.20062432464882e-05	0.83664	0.66113	0.115	0.045	0.9	0	8329
mouse	SRP102454	0	0.910562880348783	0.834252104468576	0.923332570366908	0.0763107758802073	-0.0127696900181251	864	838.6	0.923963654885426	0.925827433512997	0.0760363451145739	0.0741725664870031	0.183929168058804	0.183962579351821	0.89649	0.89673	0.655	0.645	0	0.1	2993
mouse	SRP102454	0.2	0.762227204098735	0.852658156946848	0.781949363778552	-0.0904309528481132	-0.0197221596798168	824.9	650.5	0.905387392142753	0.924129429952936	0.0946126078572468	0.0758705700470639	0.22325425993986	0.193585031740728	0.87449	0.8661	0.639	0.627	0	0	2993
mouse	SRP102454	0.4	0.493564046697118	0.843965469145283	0.5142109211371	-0.350401422448165	-0.0206468744399825	372.6	255.1	0.969823632724006	0.977615442575385	0.0301763672759938	0.0223845574246149	0.120080187103241	0.0824924824590711	0.8504	0.80386	0.643	0.597	0	0	2993
mouse	SRP102454	0.6	0.170874210290386	0.786499690072161	0.20243912953378	-0.615625479781775	-0.0315649192433945	369.6	66.6	0.956293822227162	0.989264752722328	0.0437061777728383	0.0107352472776725	0.117139993317741	0.0219846308052121	0.8811	0.80809	0.648	0.538	0.4	0	2993
mouse	SRP102454	0.8	0.0969890906169446	0.845071807525954	0.0736923311023711	-0.74808271690901	0.0232967595145735	515.6	53.8	0.918905370200067	0.964881230207126	0.0810946297999335	0.0351187697928744	0.140561309722686	0.0164717674574006	0.87743	0.72988	0.648	0.47	2.2	0.1	2993
human	SRP107025	0	0.66920029183105	0.677849273655513	0.811122866268653	-0.00864898182446309	-0.141922574437603	179	194.9	0.965784221115541	0.965080629741168	0.0342157788844589	0.0349193702588315	0.0395398993529835	0.0430385813563383	0.81073	0.81051	0.283	0.283	0	0	4173
human	SRP107025	0.2	0.494261926161037	0.653424065224035	0.595686194148099	-0.159162139062998	-0.101424267987062	210.2	177.8	0.943714346669991	0.927478131096094	0.0562856533300087	0.0725218689039061	0.0413850946561227	0.0337886412652767	0.75679	0.74261	0.277	0.288	0	0	4173
human	SRP107025	0.4	0.321469846613428	0.690658672794498	0.396668106100073	-0.36918882618107	-0.0751982594866449	410.4	152.7	0.912182050361452	0.930148885595858	0.0878179496385482	0.0698511144041422	0.083608914450036	0.0334291876347951	0.77148	0.72489	0.287	0.286	0	0	4173
human	SRP107025	0.6	0.0991124425245453	0.786375242343627	0.171081540132178	-0.687262799819081	-0.0719690976076325	509.7	74.4	0.863698681051634	0.91926375469061	0.136301318948366	0.0807362453093903	0.098705966930266	0.0158159597411934	0.77589	0.69437	0.225	0.191	7	0	4173
human	SRP107025	0.8	0.0315308840637844	0.762590511608144	0.0504309314804798	-0.731059627544359	-0.0189000474166954	460.8	68.4	0.838408588936184	0.830678560050972	0.161591411063816	0.169321439949028	0.0947519769949676	0.0130122214234364	0.80289	0.59254	0.202	0.233	10	0	4173
human	SRP109781	0	0.624903608480039	0.447773032185468	0.779604270254627	0.177130576294571	-0.154700661774587	4368.4	4584.6	0.965558312028014	0.959320529575017	0.0344416879719861	0.0406794704249836	0.250866161149128	0.260273719252821	0.53201	0.53237	0.077	0.082	0.8	0.5	16221
human	SRP109781	0.2	0.584910245404953	0.648461721024264	0.812351582826192	0.0339335652815155	-0.129956296520413	3127.4	3819.3	0.915317934164231	0.807265281462489	0.0846820658357692	0.192734718537511	0.185296837432957	0.217341717526663	0.55445	0.52109	0.13	0.113	0.6	0.9	16221
human	SRP109781	0.4	0.317868292600888	0.592575818086241	0.279748375708521	-0.221729476718537	0.0533678836493144	2842.7	5697.9	0.983570791077876	0.944976806018018	0.016429208922124	0.0550231939819825	0.171259478453856	0.328500092472721	0.56296	0.48523	0.086	0.077	0.6	0.8	16221
human	SRP109781	0.6	0.0858531239130408	0.678613020053493	0.118516120804391	-0.580495164152875	-0.0203982649037725	695.5	5349.7	0.997858275499907	0.966800994746428	0.00214172450009271	0.033199005253572	0.0422353738980334	0.318531533197707	0.62103	0.53674	0.073	0.037	0.4	0.7	16221
human	SRP109781	0.8	0.400111773472429	0.202105694026699	0.20014415453366	0.0969532324323801	0.0998955416719391	1.5	1202.6	0.741666666666667	0.983991870390851	0.258333333333333	0.0160081296091493	6.1648480364959e-05	0.0717896553849948	0.55574	0.38978	0.085	0.049	0.6	0.2	16221
mouse	SRP111520	0	0.977218566984831	0.942262628911633	0.983380137818884	0.0349559380731984	-0.00616157083405289	5058.4	5113.6	0.964942110182342	0.96388617333551	0.0350578898176581	0.0361138266644893	0.536336633663367	0.541639163916392	0.91506	0.9153	0.825	0.845	0	0.2	9090
mouse	SRP111520	0.2	0.869720096283629	0.901431787565136	0.895720881043174	-0.0317116912815077	-0.0260007847595453	5332.5	4923.7	0.958902152668258	0.962645406978466	0.041097847331742	0.0373545930215338	0.561617161716172	0.520495049504951	0.91681	0.90972	0.828	0.839	0	0.1	9090
mouse	SRP111520	0.4	0.745196765559654	0.933508501801431	0.782419551949421	-0.188311736241777	-0.0372227863897677	6055.9	4889.9	0.939029056105229	0.956597544796333	0.0609709438947704	0.043402455203667	0.624125412541254	0.513531353135314	0.9205	0.903	0.828	0.843	0.7	0.4	9090
mouse	SRP111520	0.6	0.557338783308345	0.920617693095615	0.630806513316223	-0.36327890978727	-0.0734677300078775	6302.5	3808.3	0.93486735187952	0.964350834437439	0.0651326481204802	0.0356491655625612	0.647799779977998	0.403278327832783	0.92224	0.87593	0.843	0.831	1	0.1	9090
mouse	SRP111520	0.8	0.243863009521727	0.943562617146898	0.400586815726223	-0.699699607625171	-0.156723806204496	6285.3	1757.2	0.922108536402348	0.964074185523814	0.0778914635976516	0.0359258144761856	0.635698569856986	0.183300330033003	0.9159	0.78123	0.848	0.791	2.5	0.2	9090
human	SRP113245	0	0.65108277471952	0.398532548018856	0.615938019203697	0.195617005555113	-0.0528463900847047	1266.6	1236.6	0.939522454009748	0.924606395036023	0.0604775459902516	0.0753936049639772	0.120415188817025	0.116597120801168	0.88548	0.88549	0.19	0.177	0	0.1	9586
human	SRP113245	0.2	0.408379390786225	0.479105666131868	0.37441058753195	-0.0707262753456435	0.0339688032542747	2253.1	1323.4	0.955824605919565	0.9490466713708	0.0441753940804347	0.0509533286291996	0.222313790945128	0.130377634049656	0.9187	0.88948	0.214	0.183	0	0.4	9586
human	SRP113245	0.4	0.355447285138036	0.606644918344915	0.355835979158011	-0.251197633206879	-0.000388694019974999	3078.3	2122.9	0.928951548989849	0.931348464788027	0.0710484510101509	0.0686515352119728	0.277811391612769	0.192687252242854	0.90584	0.88962	0.24	0.219	0	0.7	9586
human	SRP113245	0.6	0.0297186498820317	0.520610908859347	0.171129240473544	-0.490892258977315	-0.141410590591512	3692.2	141.1	0.895224693353124	0.959651063222492	0.104775306646876	0.0403489367775083	0.336501147506781	0.0136031712914667	0.89279	0.82471	0.211	0.16	0.9	0.1	9586
human	SRP113245	0.8	0.122135984043496	0.621023544475318	0.162628201604222	-0.498887560431822	-0.0404922175607261	3515.9	722.1	0.917372334290309	0.904109721739118	0.0826276657096911	0.0958902782608815	0.327143751303985	0.0700083455038598	0.89503	0.81927	0.193	0.154	0.7	0.3	9586
human	SRP113470	0	0.950423389037963	0.86340110899261	0.943073815509825	0.0870222800453526	0.0073495735281374	3540.7	3478.3	0.963156282590975	0.964570163752478	0.0368437174090253	0.0354298362475218	0.293844013564038	0.28934875228241	0.84196	0.84218	0.348	0.336	0	0.1	11501
human	SRP113470	0.2	0.817437507789917	0.770526580760772	0.852247178661179	0.0469109270291444	-0.0348096708712622	2579.1	2334.5	0.960210175116184	0.958719569325271	0.0397898248838155	0.0412804306747293	0.212598904443092	0.190139987827145	0.80694	0.80227	0.294	0.291	0	0	11501
human	SRP113470	0.4	0.704620233607639	0.888018899116495	0.70122850345645	-0.183398665508857	0.0033917301511884	4017	3159.7	0.960008796231857	0.970789146800542	0.0399912037681429	0.0292108531994579	0.3331884183984	0.265898617511521	0.84874	0.82629	0.293	0.286	0.6	0	11501
human	SRP113470	0.6	0.409829908050835	0.898450906597825	0.425887739479706	-0.48862099854699	-0.0160578314288719	4767.8	2750.1	0.928942391295353	0.951074659232464	0.0710576087046466	0.0489253407675363	0.381079906095122	0.222189374836971	0.85458	0.77361	0.316	0.286	9.9	0	11501
human	SRP113470	0.8	0.0843693241967727	0.822328574121642	0.0474281767037555	-0.737959249924869	0.0369411474930172	3713.4	372.9	0.949145612459822	0.974217168820962	0.0508543875401783	0.0257828311790377	0.305729936527259	0.0304321363359708	0.8426	0.67414	0.33	0.209	10	0	11501
mouse	SRP113777	0	0.867577189027789	0.695126791107586	0.901788338219222	0.172450397920203	-0.0342111491914321	2266.9	2509.5	0.941134493534655	0.925801064206449	0.0588655064653447	0.0741989357935514	0.407053140096619	0.440115942028986	0.89484	0.895	0.516	0.494	0	0.7	5175
mouse	SRP113777	0.2	0.844544087876591	0.689274050770278	0.82938574495871	0.155270037106313	0.0151583429178807	2170.5	2078	0.940921694275731	0.945267818298551	0.0590783057242692	0.0547321817014491	0.387188405797101	0.372154589371981	0.89456	0.89411	0.496	0.487	0	0	5175
mouse	SRP113777	0.4	0.409819751558756	0.827776205141324	0.589385802293971	-0.417956453582568	-0.179566050735215	1862.6	902.5	0.947455117774026	0.979100335881951	0.0525448822259742	0.0208996641180487	0.330183574879227	0.165797101449275	0.88319	0.86781	0.571	0.554	0	0	5175
mouse	SRP113777	0.6	0.129643649381422	0.741909232125227	0.185626809061025	-0.612265582743805	-0.0559831596796028	2906.6	532.5	0.88406007196603	0.948167790865739	0.11593992803397	0.051832209134261	0.482183574879227	0.0945893719806763	0.87349	0.8018	0.517	0.41	0	0	5175
mouse	SRP113777	0.8	0.081084691491392	0.798067023888733	0.296486081611957	-0.716982332397341	-0.215401390120565	2895.5	304.6	0.869125567088487	0.967716274234797	0.130874432911513	0.0322837257652029	0.472444444444445	0.0563091787439613	0.86773	0.79833	0.488	0.392	0	0	5175
mouse	SRP116137	0	0.8	0.335555555555556	0.708333333333333	0.464444444444444	0.291666666666667	1.2	1.4	0.75	0.8	0.25	0.2	0.0154929577464789	0.0183098591549296	0.73418	0.73487	0.32	0.308	0	0	71
mouse	SRP116137	0.2	0.572549019607843	0.607531380753138	0.619557195571956	-0.034982361145295	-0.0470081759641125	27.1	76.7	0.554511278195489	0.530799475753604	0.445488721804511	0.469200524246396	0.047887323943662	0.071830985915493	0.73597	0.75841	0.254	0.267	0	0	71
mouse	SRP116137	0.4	0.178571428571429	0.545454545454546	0.266666666666667	-0.337121212121212	-0.0583333333333334	1.7	1.4	0.533333333333333	0.683333333333333	0.466666666666667	0.316666666666667	0.00985915492957745	0.0084507042253521	0.6728	0.67003	0.215	0.194	0	0	71
mouse	SRP116137	0.6	0.327777777777778	0.611111111111111	0.229166666666667	-0.283333333333333	0.0986111111111112	1.4	0.8	0.666666666666667	1	0.333333333333333	0	0.0154929577464789	0.0112676056338028	0.67545	0.63946	0.249	0.223	0	0	71
mouse	SRP116137	0.8	0	0.375	0.203076923076923	-0.375	-0.253846153846154	1.3	1.1	0.125	0	0.875	1	0.00140845070422535	0	0.66462	0.56143	0.203	0.069	0.4	0	71
human	SRP119676	0	0.957291093880699	0.886282130848811	0.968244710212834	0.0710089630318883	-0.0109536163321353	7586.7	7728.2	0.966441835622544	0.963942080498599	0.0335581643774555	0.0360579195014012	0.61351985257162	0.62327860613168	0.9515	0.95171	0.584	0.57	0	2.7	11938
human	SRP119676	0.2	0.923755356928121	0.893933674643684	0.931882780056706	0.0298216822844366	-0.00812742312858581	7835.4	7771.4	0.963187793763612	0.962548608265284	0.0368122062363878	0.0374513917347158	0.631981906517005	0.626285810018429	0.9541	0.95312	0.573	0.568	0	2.3	11938
human	SRP119676	0.4	0.743299803777998	0.94074984755485	0.757951759720225	-0.197450043776852	-0.0146519559422268	7850.3	6595.5	0.959496500233167	0.961290825418308	0.0405034997668329	0.0387091745816916	0.629803987267549	0.529075221980231	0.95236	0.93905	0.578	0.548	0.1	2	11938
human	SRP119676	0.6	0.643554410766122	0.939493862654863	0.664357553444989	-0.295939451888742	-0.0208031426788679	8608.4	6202.4	0.955834705370787	0.976603161014149	0.044165294629213	0.0233968389858506	0.688741832802815	0.50696096498576	0.9569	0.94362	0.634	0.564	8.6	1.4	11938
human	SRP119676	0.8	0.290584909427589	0.934596589020521	0.22349816962093	-0.644011679592932	0.0670867398066597	9207.8	3441.2	0.914432090049592	0.898651817668177	0.085567909950408	0.101348182331823	0.704925448148769	0.252127659574468	0.93584	0.79775	0.64	0.339	10	0.7	11938
human	SRP125882	0	0.706691939195158	0	0.811421853280975	0.706691939195158	-0.104729914085817	851	631.4	0.855762818818888	0.87532649082147	0.144237181181112	0.12467350917853	0.0794104560622914	0.0595328142380423	0.88696	0.88648	0.179	0.155	0	0.2	8990
human	SRP125882	0.2	0	0.421043293115685	0	-0.421043293115685	0	262.6	0.3	0.950875856816451	1	0.049124143183549	0	0.0277753058954394	3.33704115684093e-05	0.83484	0.85372	0.125	0.101	0	0.1	8990
human	SRP125882	0.4	0.386279188431316	0.27600513330176	0.293474692286473	0.206843852237385	0.116005620181053	1085.3	1456.6	0.941528241734804	0.934865120054907	0.0584717582651957	0.065134879945093	0.106918798665183	0.143737486095662	0.90066	0.90762	0.116	0.07	0	0.5	8990
human	SRP125882	0.6	0	0.333333333333333	0	-0.5	0	0.2	0.1	1	1	0	0	2.22469410456062e-05	1.11234705228031e-05	0.84224	0.84219	0.132	0.075	0	0	8990
human	SRP125882	0.8	0	0.5	0	-0.5	0	0.4	2	0.5	0.105263157894737	0.5	0.894736842105263	2.22469410456062e-05	4.44938820912125e-05	0.71457	0.75954	0.073	0.028	0	0	8990
human	SRP126691	0	0.969435636536207	0.948938856829338	0.976916798420507	0.0204967797068697	-0.00748116188429959	8687.7	8738.3	0.980520312336637	0.980228583386013	0.0194796876633627	0.0197714166139867	0.645352539802881	0.6489613343442	0.96511	0.96522	0.728	0.742	0	1.9	13190
human	SRP126691	0.2	0.845402401355679	0.935778866170797	0.883573220199205	-0.0903764648151176	-0.0381708188435261	8477.8	7389.4	0.976502051933413	0.982203645656725	0.0234979480665873	0.0177963543432747	0.626944655041698	0.54964366944655	0.95798	0.95293	0.75	0.745	0	2	13190
human	SRP126691	0.4	0.710854578887506	0.939913631437313	0.806762288233398	-0.229059052549807	-0.0959077093458911	9736.6	7151.3	0.964140380897818	0.981349637287629	0.0358596191021816	0.0186503627123705	0.710561031084155	0.530871872630781	0.96069	0.9495	0.706	0.707	1.7	1.5	13190
human	SRP126691	0.6	0.498319012042122	0.931752344214448	0.666759558316666	-0.433433332172327	-0.168440546274544	9376.8	4882.4	0.97171000661704	0.988466829690085	0.0282899933829598	0.0115331703099147	0.69062926459439	0.365731614859742	0.96174	0.93572	0.705	0.695	3.4	0.9	13190
human	SRP126691	0.8	0.210822835367855	0.946138576887513	0.392627184649687	-0.735315741519658	-0.181804349281832	10032.5	2240.7	0.962991711017205	0.991709391263614	0.0370082889827948	0.0082906087363863	0.73221379833207	0.168294162244124	0.96089	0.90327	0.692	0.621	9	0	13190
human	SRP129004	0	0.969136975051396	0.912277675230473	0.973265813371395	0.0568592998209234	-0.00412883831999881	13630.2	13635.2	0.983097381021485	0.982854619880572	0.0169026189785151	0.0171453801194273	0.656810158854678	0.6569425377525	0.95377	0.95362	0.2	0.208	0	5.7	20396
human	SRP129004	0.2	0.957662317598143	0.903311504729982	0.95930950912674	0.0543508128681608	-0.0016471915285973	13639.5	13639.7	0.987380879798784	0.987056587505684	0.0126191202012157	0.0129434124943156	0.659776426750343	0.659531280643263	0.9622	0.96174	0.188	0.182	0	5.2	20396
human	SRP129004	0.4	0.893293907911738	0.886616081374082	0.883333142722374	0.0066778265376557	0.00996076518936398	13629.8	13055.6	0.983849884309743	0.984071868690197	0.0161501156902569	0.0159281313098032	0.657506373798784	0.629966660129437	0.95505	0.95105	0.175	0.169	0.1	4.6	20396
human	SRP129004	0.6	0.790910429238406	0.925104359238658	0.704250311935812	-0.134193930000252	0.0866601173025938	13476	11579.5	0.988195972186501	0.988615648593472	0.0118040278134985	0.0113843514065282	0.653015297117082	0.561311041380663	0.95637	0.94445	0.199	0.203	0.6	3.5	20396
human	SRP129004	0.8	0.492868238904395	0.91744575082686	0.424630521584239	-0.424577511922465	0.0682377173201558	13577	7365.3	0.984645960188782	0.98135642421003	0.0153540398112185	0.0186435757899702	0.655187291625809	0.3535006864091	0.95552	0.89608	0.204	0.147	7.7	2.2	20396
mouse	SRP132997	0	1	1	1	0	0	0.2	0.2	1	1	0	0	0.2	0.2	0.59867	0.60241	0.085	0.102	0	0	1
mouse	SRP132997	0.2	1	1	1	0	0	0.2	0.2	1	1	0	0	0.2	0.2	0.62024	0.49183	0.113	0.093	0	0	1
mouse	SRP132997	0.4	1	1	1	0	0	0.1	0.1	1	1	0	0	0.1	0.1	0.6261	0.57471	0.117	0.11	0	0	1
mouse	SRP132997	0.6	0		0			0	0.1		0		1	0	0	0.56435	0.39144	0.091	0.05	0	0	1
mouse	SRP132997	0.8	0.03125	0.5	0.0416666666666667	-0.4375	0	0.9	0.3	0.0625	0.333333333333333	0.9375	0.666666666666667	0.1	0.1	0.60666	0.41125	0.095	0.049	0	0	1
human	SRP133442	0	0.585203877263964	0.541615042982608	0.495761912037719	0.0435888342813559	0.089441965226245	259	295.8	0.904875947452576	0.84317838234107	0.0951240525474241	0.15682161765893	0.0448748510131108	0.051311084624553	0.79732	0.80022	0.303	0.287	0	0.4	3356
human	SRP133442	0.2	0.675018548333644	0.474769731754544	0.658833987228672	0.2002488165791	0.0161845611049721	246.8	250.9	0.834336791719593	0.877124982757222	0.165663208280407	0.122875017242778	0.0509833134684148	0.0501787842669845	0.78704	0.78742	0.198	0.211	0	0.1	3356
human	SRP133442	0.4	0.223712097366488	0.44879050495324	0.331092497242021	-0.180335988113454	-0.0626379804022349	44	4.8	0.924759022846842	0.884	0.0752409771531584	0.116	0.0112932061978546	0.00134088200238379	0.7968	0.79189	0.171	0.211	0	0.1	3356
human	SRP133442	0.6	0.000206440957886044	0.372793421165935	0.0127852600074822	-0.372552573381735	-0.0125444122232818	317.9	0.7	0.706602642812653	1	0.293397357187347	0	0.0523837902264601	0.000208581644815257	0.8079	0.77389	0.143	0.188	0	0	3356
human	SRP133442	0.8	0.0240626006711557	0.427878422515982	0.018985245906086	-0.399003301710595	0.00229577653686647	588	4.2	0.693632648890477	0.759615384615385	0.306367351109524	0.240384615384616	0.101638855780691	0.000715137067938022	0.78684	0.61651	0.132	0.12	0.8	0	3356
human	SRP134018	0	0.488118253762177	0.452661684430176	0.568522482187818	0.0896919308611322	-0.0804042284256407	457.5	836.5	0.982456425165646	0.977718103847683	0.0175435748343544	0.0222818961523165	0.0555513547574039	0.0995085066162571	0.87481	0.87645	0.38	0.381	0	0.4	7935
human	SRP134018	0.2	0.463592593374179	0.282076844074585	0.352786907007102	0.15017387773575	0.110805686367076	1214.8	788.8	0.964932714781465	0.966444555481541	0.0350672852185347	0.0335554445184589	0.140390674228103	0.0926402016383111	0.86413	0.82765	0.37	0.319	0	0.1	7935
human	SRP134018	0.4	0.410593220187882	0.591924556281665	0.348517780026317	-0.181331336093783	0.0620754401615651	1044.3	751.7	0.969919424487169	0.969239207165287	0.0300805755128313	0.0307607928347128	0.12364209199748	0.0869817265280403	0.87274	0.84518	0.391	0.342	0	0.5	7935
human	SRP134018	0.6	0.0614459055347653	0.489237820763443	0.120587989487058	-0.427791915228677	-0.0591420839522925	1984.5	238.3	0.944619670667056	0.879692194187586	0.0553803293329438	0.120307805812414	0.233774417139257	0.0277882797731569	0.88935	0.77385	0.389	0.222	1.9	0.1	7935
human	SRP134018	0.8	0.0985630855394562	0.575072809142652	0.0999334271935936	-0.476509723603196	-0.00137034165413743	1758.4	269.4	0.958422356608122	0.866758121760727	0.0415776433918779	0.133241878239273	0.201474480151229	0.0302961562696913	0.87198	0.73014	0.393	0.203	1.3	0.2	7935
mouse	SRP136714	0	0.872568871942272	0.757554148381282	0.882691671819964	0.115014723560989	-0.0101227998776926	3557	3604.5	0.9482373627369	0.946300125035207	0.0517626372630997	0.0536998749647932	0.476502267573696	0.481533446712018	0.93164	0.93249	0.548	0.545	0	1	7056
mouse	SRP136714	0.2	0.749433293600618	0.787200515045702	0.748888375845638	-0.0377672214450834	0.000544917754979801	3980.5	3373.2	0.940413019780701	0.950231023450681	0.0595869802192994	0.0497689765493187	0.529832766439909	0.453528911564626	0.93464	0.92716	0.513	0.516	0	0.6	7056
mouse	SRP136714	0.4	0.726997808566039	0.754396053676524	0.757707277943724	-0.0273982451104856	-0.0307094693776852	3807.1	3072.4	0.939611970783341	0.952663816475187	0.0603880292166587	0.0473361835248133	0.5046910430839	0.413166099773243	0.92764	0.91834	0.532	0.54	0	0.5	7056
mouse	SRP136714	0.6	0.390659007855564	0.732977522893815	0.452317827553662	-0.342318515038252	-0.0616588196980981	4416	1904.6	0.911573860813812	0.951003318918418	0.0884261391861877	0.0489966810815815	0.569033446712018	0.255498866213152	0.92045	0.87028	0.472	0.469	0	0.2	7056
mouse	SRP136714	0.8	0.421124397189473	0.769000306817597	0.468207336932931	-0.347875909628124	-0.047082939743458	4422.9	2132.8	0.914928715995246	0.942399988670311	0.0850712840047539	0.0576000113296887	0.572746598639456	0.281901927437642	0.92333	0.86949	0.459	0.446	0	0	7056
human	SRP136742	0	0.780759643764131	0.666146634304812	0.740097561464494	0.114613009459319	0.0406620822996374	1538.1	1602.2	0.926428824937768	0.922176099648222	0.0735711750622316	0.0778239003517775	0.162156368221942	0.168322824716267	0.8599	0.85998	0.227	0.217	0	0.1	7930
human	SRP136742	0.2	0.708308910916885	0.717548707695014	0.632151784044405	-0.00923979677812861	0.0761571268724795	1688.3	1444.4	0.921281322242303	0.923847407649479	0.0787186777576966	0.076152592350521	0.187957124842371	0.162622950819672	0.85267	0.83953	0.23	0.217	0	0.2	7930
human	SRP136742	0.4	0.310744249419567	0.71286617519409	0.345113583675848	-0.402121925774523	-0.0343693342562811	1907.1	935.6	0.916626517533494	0.948569582305567	0.0833734824665057	0.0514304176944325	0.212635561160151	0.108575031525851	0.86645	0.84447	0.241	0.218	0	0.6	7930
human	SRP136742	0.6	0.17239604453548	0.562526658592654	0.23008532792788	-0.390130614057174	-0.0576892833924003	1916.3	511.1	0.920171477825695	0.944415567569077	0.0798285221743052	0.0555844324309228	0.211815889029004	0.0595712484237075	0.8624	0.79825	0.233	0.179	0	0.6	7930
human	SRP136742	0.8	0.0529719320598581	0.669416309814119	0.0463129748589743	-0.616444377754262	0.00665895720088381	2211.2	209	0.897876383184652	0.914939399827023	0.102123616815348	0.0850606001729771	0.239646910466583	0.0239344262295082	0.86676	0.74025	0.223	0.13	3.1	0	7930
human	SRP144583	0	0.894033472755087	0.73109835278684	0.895577347365232	0.162935119968248	-0.00154387461014489	2343.1	2304.7	0.971378380790147	0.972075299357932	0.0286216192098533	0.0279247006420677	0.304417886397207	0.299677722572848	0.91998	0.91973	0.659	0.633	0	0.1	7447
human	SRP144583	0.2	0.758224447015292	0.713643006428407	0.74401525860034	0.0445814405868846	0.0142091884149521	3263.3	2946.6	0.938770752996741	0.93366444748716	0.0612292470032595	0.0663355525128396	0.407573519538069	0.363045521686585	0.92295	0.91222	0.585	0.565	0	0.4	7447
human	SRP144583	0.4	0.434441067870323	0.829818183861389	0.393660222260489	-0.395377115991066	0.0407808456098343	3518.8	1868.8	0.929643546739105	0.93734685616205	0.0703564532608947	0.0626531438379502	0.43761246139385	0.232429166107157	0.91137	0.86411	0.518	0.473	0	0.1	7447
human	SRP144583	0.6	0.43971866720165	0.791484945223567	0.49146206983577	-0.351766278021917	-0.0517434026341195	3286	1780.5	0.921147723643716	0.935636186362905	0.0788522763562836	0.0643638136370949	0.397770914462199	0.215321606015845	0.90026	0.85225	0.572	0.527	0	0.3	7447
human	SRP144583	0.8	0.199183186667741	0.78512281537261	0.257932980315754	-0.585939628704869	-0.0587497936480132	3708.4	1135.8	0.921930021033688	0.9212551837535	0.0780699789663121	0.0787448162464998	0.453041493218746	0.136108500067141	0.91364	0.78579	0.51	0.398	0.1	0.1	7447
human	SRP148556	0	0.856989913965871	0.665203023831152	0.853672396613199	0.191786890134719	0.00331751735267191	2818.8	2901.3	0.931661547090765	0.928573995340129	0.0683384529092352	0.0714260046598708	0.278270976311711	0.284823998228913	0.89344	0.89364	0.514	0.496	0	0.9	9034
human	SRP148556	0.2	0.782929397228128	0.739485628409859	0.778032880814094	0.0434437688182688	0.00489651641403401	2606.2	2475.4	0.945955619831665	0.946177387058755	0.0540443801683346	0.0538226129412446	0.255268983838831	0.242030108479079	0.8947	0.89172	0.528	0.521	0	0.4	9034
human	SRP148556	0.4	0.421107443716706	0.676289229626252	0.384534353391269	-0.255181785909547	0.0365730903254366	1881.8	1163.6	0.971729282812569	0.963476231250855	0.0282707171874309	0.0365237687491445	0.200741642683197	0.118352889085676	0.91044	0.876	0.552	0.495	0	0	9034
human	SRP148556	0.6	0.0820225474138241	0.638332918494773	0.192114233513691	-0.556310371080949	-0.110091686099867	1773.7	211.7	0.966082735816903	0.920350059232539	0.0339172641830969	0.0796499407674613	0.186794332521585	0.0210537967677662	0.89868	0.7709	0.554	0.338	1.3	0	9034
human	SRP148556	0.8	0.0571218678790285	0.674288542409636	0.111079459153807	-0.617166674530608	-0.0539575912747783	2018.1	187.1	0.962871297360855	0.847442804630817	0.0371287026391452	0.152557195369183	0.210073057338942	0.0191830861191056	0.90298	0.75238	0.568	0.339	1.2	0	9034
human	SRP149978	0	0.5	1	0.111111111111111	0	0.888888888888889	0.1	74.4	1	0.9535666218035	0	0.0464333781965005	3.02571860816944e-05	0.0204236006051437	0.75683	0.75682	0.131	0.13	0	0	3305
human	SRP149978	0.2	0.111111111111111	0.625	0.3	-0.458333333333334	-0.133333333333334	0.4	0.2	1	1	0	0	0.000121028744326778	6.05143721633888e-05	0.70178	0.70337	0.103	0.106	0	0	3305
human	SRP149978	0.4	0.278898735936075	0.714020883281584	0.322480181200453	-0.435122147345509	-0.0435814452643777	251.5	117.6	0.884606825022647	0.872013651877133	0.115393174977353	0.127986348122867	0.0670499243570348	0.0265052950075643	0.78846	0.77625	0.142	0.123	0	0.1	3305
human	SRP149978	0.6	0.119895536562203	0.249461072879529	0	-0.129565536317326	0.159860715416271	170	144.9	0.596989826451227	0.795069204152249	0.403010173548773	0.204930795847751	0.0400907715582451	0.0368229954614221	0.69799	0.5904	0.09	0.064	0	0	3305
human	SRP149978	0.8	0	0.719313535491716	0.0249787895927602	-0.719313535491716	-0.0249787895927602	53.3	1.5	0.359336075860844	0	0.640663924139156	1	0.0104084720121029	0	0.69968	0.36751	0.078	0.019	0.6	0	3305
mouse	SRP153200	0	0.884198390964114	0.808478281114092	0.772101283201217	0.0757201098500228	0.112097107762898	2173.7	2169.4	0.912161925676889	0.90766751531414	0.087838074323111	0.0923324846858605	0.192354146446673	0.189216003450879	0.89533	0.89581	0.386	0.365	0	0.1	9273
mouse	SRP153200	0.2	0.571241873525861	0.515692965164561	0.453803753397026	0.0555489083612999	0.0266773694494298	1630.2	1278.6	0.963553729579707	0.958040111698515	0.0364462704202932	0.0419598883014852	0.162061900140192	0.121514073115497	0.93371	0.91746	0.393	0.298	0	0	9273
mouse	SRP153200	0.4	0.420182663217885	0.706404564938288	0.515935094513826	-0.226195806974992	-0.0357263365505297	4522.2	4030	0.895380517362033	0.844000088049905	0.104619482637967	0.155999911950095	0.413329019734714	0.347999568640138	0.95059	0.94535	0.335	0.266	0	0.1	9273
mouse	SRP153200	0.6	0.437137177649301	0.548372036725331	0.219980166859823	-0.11123485907603	0.217157010789478	5468.9	4388.3	0.92002200991724	0.778178859765611	0.0799779900827598	0.221821140234389	0.529505014558396	0.412692763938316	0.93955	0.87393	0.344	0.232	0.3	0	9273
mouse	SRP153200	0.8	0.404992684254905	0.679948744087369	0.199570150805847	-0.274956059832463	0.205422533449058	4636.8	3090.6	0.920196877298206	0.900542101510088	0.0798031227017936	0.0994578984899118	0.446953520974873	0.300851935727381	0.94224	0.84277	0.378	0.269	0.4	0	9273
mouse	SRP154146	0	0.958922197973612	0.930575040245971	0.975292376109302	0.0283471577276419	-0.0163701781356891	6538.3	6742.7	0.961503332565963	0.957752520730274	0.0384966674340372	0.042247479269726	0.648693046802356	0.666463477631987	0.94842	0.94887	0.669	0.695	0	0	9679
mouse	SRP154146	0.2	0.929182571697869	0.920782795832488	0.935476324001795	0.00839977586538031	-0.00629375230392671	6663.1	6565.6	0.964491711251481	0.966833928960867	0.0355082887485193	0.0331660710391325	0.662919723111892	0.654902365946895	0.9521	0.95212	0.691	0.712	0	0	9679
mouse	SRP154146	0.4	0.731162676893707	0.908046097531691	0.804489112349588	-0.176883420637984	-0.0733264354558802	6914.3	5515.9	0.950025344082025	0.964805391294895	0.0499746559179749	0.0351946087051045	0.678014257671247	0.549033991114785	0.94558	0.9262	0.697	0.698	0	0.5	9679
mouse	SRP154146	0.6	0.618623280540154	0.919478355503921	0.702872232752994	-0.300855074963767	-0.0842489522128401	7426.6	4945.8	0.931191580945638	0.973211943203284	0.0688084190543617	0.0267880567967162	0.713782415538796	0.497014154354789	0.94073	0.91971	0.653	0.642	0	0.4	9679
mouse	SRP154146	0.8	0.185593176651717	0.953114898441085	0.299792362339184	-0.767521721789368	-0.114199185687468	7954.4	1547.9	0.883015581622018	0.977641617432691	0.116984418377982	0.0223583825673088	0.7252815373489	0.155863209009195	0.9186	0.8013	0.651	0.496	0.7	0	9679
human	SRP154573	0	0.594325557483452	0.472223663576403	0.523362573099415	0.0696325979541152	0.012811587372991	35.2	33.2	0.860337996182745	0.766325013276686	0.139662003817255	0.233674986723314	0.0356394129979036	0.0348008385744234	0.71409	0.71502	0.328	0.32	0	0	477
human	SRP154573	0.2	0.343637980466255	0.501713951539837	0.291325371554566	-0.158075971073582	0.0523126089116885	73.2	75.7	0.74964797448717	0.658552885941621	0.25035202551283	0.341447114058379	0.0828092243186583	0.0769392033542977	0.70667	0.69194	0.334	0.312	0	0	477
human	SRP154573	0.4	0.551006081780538	0.553298239159025	0.426533653418888	0.0589307405971285	0.185695326337266	36.1	41.5	0.842884588095316	0.717870780234516	0.157115411904684	0.282129219765484	0.0436058700209643	0.0446540880503145	0.69895	0.69157	0.331	0.293	0	0	477
human	SRP154573	0.6	0.0119047619047619	0.676190476190476	0.053781512605042	-0.65952380952381	-0.0488562091503268	3.2	2.6	0.917948717948718	0.836956521739131	0.082051282051282	0.16304347826087	0.00566037735849056	0.00230607966457023	0.65317	0.50887	0.296	0.161	0	0	477
human	SRP154573	0.8	0.0282051282051282	0.255052264808362	0.0714285714285714	-0.22281783257393	-0.0391941391941392	8.6	1.3	0.887406015037594	0.588888888888889	0.112593984962406	0.411111111111111	0.0142557651991614	0.00125786163522013	0.66827	0.50697	0.347	0.183	0	0	477
human	SRP155976	0	0.922269649867414	0.867689714931239	0.937583747219563	0.0545799349361753	-0.0153140973521484	2838.7	2901.8	0.952035634739791	0.951087814065986	0.0479643652602089	0.0489121859340138	0.291840774136794	0.298130635583902	0.88177	0.88242	0.55	0.566	0	0.1	9094
human	SRP155976	0.2	0.722471836300051	0.844883061650105	0.704012105480858	-0.122411225350054	0.0184597308191922	2405.3	2174.8	0.952646097296547	0.941710635820082	0.0473539027034529	0.0582893641799184	0.250934682208049	0.223345062678689	0.84683	0.82589	0.555	0.522	0	0.2	9094
human	SRP155976	0.4	0.363731506325652	0.826466079142388	0.525436587526674	-0.462734572816735	-0.161705081201022	2544.2	1220.9	0.954184310804579	0.974277301091672	0.0458156891954206	0.0257226989083282	0.266065537717176	0.130426654937321	0.86755	0.82621	0.569	0.508	1.3	0.2	9094
human	SRP155976	0.6	0.130530629807099	0.891128824636436	0.301813705921236	-0.760598194829336	-0.171283076114137	2792.3	446.8	0.955634738079288	0.980726245891449	0.044365261920712	0.0192737541085506	0.290752144270948	0.0476907851330548	0.88862	0.7725	0.636	0.482	7.4	0	9094
human	SRP155976	0.8	0.0677141330900448	0.912876910160796	0.131147516476159	-0.845162777070751	-0.063433383386114	3609.9	332.2	0.928295958597716	0.957604937401083	0.0717040414022835	0.0423950625989168	0.367000219925226	0.0345832416978227	0.87534	0.65337	0.602	0.286	10	0	9094
mouse	SRP162456	0	0.456071428571429	0.348354700854701	0.317857142857143	0.107716727716728	0.138214285714286	4.6	4	0.156071428571429	0.07	0.843928571428571	0.93	0.35	0.15	0.65373	0.65192	0.209	0.215	0	0	2
mouse	SRP162456	0.2	0.33499649859944	0.464038461538462	0.29503663003663	-0.129041962939022	0.0399598685628098	5.3	4.8	0.127142857142857	0.0756172839506172	0.872857142857143	0.924382716049383	0.25	0.25	0.64699	0.61352	0.192	0.167	0	0	2
mouse	SRP162456	0.4	0.269097744360902	0.277912409228199	0.230606060606061	-0.00881466486729639	0.0384916837548417	5.8	6.2	0.0763888888888889	0.0690909090909091	0.923611111111111	0.930909090909091	0.15	0.25	0.6534	0.55932	0.201	0.143	0	0	2
mouse	SRP162456	0.6	0.085442612942613	0.462186147186147	0.102721291866029	-0.376743534243534	-0.0172786789234157	4.8	16.4	0.24	0.0262004662004662	0.76	0.973799533799534	0.35	0.2	0.655	0.48508	0.217	0.118	0	0	2
mouse	SRP162456	0.8	0.00657254696402934	0.306172839506173	0.0309355662338817	-0.29887000954614	-0.0243630192698523	3.6	339.5	0	0.000572824679147533	1	0.999427175320852	0	0.1	0.65886	0.34807	0.202	0.058	0.1	0	2
mouse	SRP165196	0	0.0665338964268093	0.565804876799911	0.58816787176435	-0.499270980373102	-0.521633975337541	58.6	724.8	0.986885422038852	0.97672395623468	0.0131145779611484	0.0232760437653201	0.0113596233078281	0.136256621542084	0.89163	0.9133	0.421	0.593	0	0	5097
mouse	SRP165196	0.2	0.174231191331926	0.497798182230356	0.499051629944897	-0.32356699089843	-0.324820438612971	309	1734.8	0.972874093964488	0.902673093130632	0.0271259060355117	0.0973269068693683	0.0585442417108103	0.292603492250343	0.75841	0.86064	0.371	0.507	0	0	5097
mouse	SRP165196	0.4	0.314536712817417	0.71539344726245	0.458016832944467	-0.400856734445032	-0.14348012012705	2094.7	3087.7	0.713549549994913	0.753186717985437	0.286450450005087	0.246813282014563	0.261781440062782	0.381283107710418	0.55857	0.77316	0.3	0.349	0	0.5	5097
mouse	SRP165196	0.6	0.313587391649212	0.557661551194897	0.319286715665568	-0.244074159545685	-0.00569932401635592	1867.7	2368.4	0.751607416491385	0.820269873149498	0.248392583508615	0.179730126850502	0.246046694133804	0.336864822444575	0.59082	0.83932	0.343	0.4	0	0.1	5097
mouse	SRP165196	0.8	0.142365494257877	0.893718120897512	0.368269722163373	-0.751352626639635	-0.225904227905496	8384.9	2624.1	0.321900905172331	0.727483838632117	0.678099094827669	0.272516161367883	0.523445163821856	0.328938591328232	0.42719	0.74544	0.233	0.236	5	0.2	5097
human	SRP165679	0	0.974779725256056	0.930303963233092	0.974725143067162	0.0444757620229648	5.45821888948916e-05	11308.8	11318.4	0.981395650965762	0.981206727205869	0.018604349034238	0.0187932727941306	0.669370890886061	0.669775016587249	0.9656	0.96579	0.613	0.613	0	1.4	16579
human	SRP165679	0.2	0.946862266845662	0.919412542408398	0.942196606786223	0.0274497244372645	0.00466566005943972	11263	11183.7	0.975142445440167	0.975322829326081	0.0248575545598332	0.0246771706739187	0.662108691718439	0.657639182097835	0.96018	0.95932	0.558	0.563	0	1.1	16579
human	SRP165679	0.4	0.804451913906392	0.936567257619804	0.811086625591243	-0.132115343713413	-0.00663471168485161	10707.9	9553.2	0.982098535138315	0.979800976178139	0.0179014648616851	0.0201990238218605	0.633687194643826	0.563737257976959	0.96326	0.95106	0.586	0.555	0.7	1.3	16579
human	SRP165679	0.6	0.740198937285926	0.952634515633708	0.719648235162772	-0.212435578347783	0.0205507021231535	11029.9	9200.5	0.979257639559537	0.979822199793204	0.020742360440463	0.0201778002067961	0.651173170878822	0.542746848422703	0.96203	0.94522	0.522	0.491	3.4	1.5	16579
human	SRP165679	0.8	0.347337266749426	0.9311216142535	0.172006648101774	-0.583784347504073	0.175330618647652	11601.1	4533.3	0.9750049616591	0.96901948059302	0.0249950383409004	0.0309805194069798	0.682103866336932	0.262796308583147	0.96156	0.86818	0.524	0.295	9.9	0.7	16579
mouse	SRP168527	0			0			0	0					0	0	0.73264	0.73629	0.273	0.313	0	0	2
mouse	SRP168527	0.2	0					0	0.2		0		1	0	0	0.6917	0.68144	0.211	0.202	0	0	2
mouse	SRP168527	0.4			0			0	0					0	0	0.69383	0.68221	0.24	0.242	0	0	2
mouse	SRP168527	0.6	0.0048076923076923	0	0	0.0048076923076923	0.0048076923076923	6.5	0.3	0	0	1	1	0	0	0.52379	0.48527	0.14	0.081	0	0	2
mouse	SRP168527	0.8	0		0		0	0	13.5		0		1	0	0	0.5485	0.51343	0.162	0.104	0	0	2
mouse	SRP170677	0	0.623377340325692	0.43971230985058	0.683149991271764	0.183665030475112	-0.0597726509460715	2529	3115.6	0.957589330604765	0.952968258311003	0.0424106693952355	0.0470317416889976	0.230373735288045	0.28930415032005	0.94249	0.94624	0.496	0.478	0	0.1	9686
mouse	SRP170677	0.2	0.434573397754712	0.470968722351868	0.454145405214574	-0.036395324597156	-0.019572007459862	300.3	953.5	0.994495432745665	0.989652295335991	0.00550456725433479	0.0103477046640094	0.0307867024571547	0.0960871360726822	0.91407	0.92916	0.531	0.505	0	0	9686
mouse	SRP170677	0.4	0.336609936092892	0.528067407998526	0.261804386230239	-0.191457471905634	0.0748055498626528	150	233.4	0.995509491519194	0.994509139727586	0.0044905084808056	0.00549086027241371	0.0154036754078051	0.0238075572991947	0.9357	0.93214	0.532	0.461	0	0	9686
mouse	SRP170677	0.6	0.226405261405261	0.530332685030827	0.20704099814469	-0.303927423625566	0.0193642632605712	13.8	4	1	0.95	0	0.05	0.00142473673342969	0.00037167045219905	0.88395	0.82006	0.486	0.299	0	0	9686
mouse	SRP170677	0.8	0.199546982753504	0.672911440808705	0.214990822724403	-0.4733644580552	-0.0154438399708983	13.7	299.5	1	0.897736486486486	0	0.102263513513513	0.00141441255420194	0.0286289489985547	0.89583	0.8477	0.499	0.246	0	0	9686
mouse	SRP174208	0	0.679656946404194	0.598737859627799	0.690970234503958	0.0809190867763953	-0.0113132880997645	109.4	136	0.895720283185687	0.902739592921165	0.104279716814313	0.0972604070788347	0.079766860949209	0.0994171523730226	0.71991	0.72065	0.413	0.414	0	0	1201
mouse	SRP174208	0.2	0.429684418287794	0.471170266004019	0.441472067912597	-0.0414858477162258	-0.0117876496248036	119.2	135.4	0.927019548833258	0.904377001877002	0.0729804511667421	0.0956229981229981	0.0895087427144047	0.0939217318900917	0.71362	0.69546	0.428	0.39	0	0	1201
mouse	SRP174208	0.4	0.478064851106651	0.454754250282003	0.505635265493898	0.0233106008246475	-0.0275704143872468	104.1	98.8	0.875950324016213	0.891049690709617	0.124049675983787	0.108950309290383	0.0766028309741882	0.0730224812656119	0.68608	0.68122	0.413	0.38	0	0	1201
mouse	SRP174208	0.6	0.0744684146845649	0.455184530137626	0.13874068025052	-0.372441847154776	-0.05599799726767	57.9	6.6	0.910842275370572	0.64475881717261	0.0891577246294276	0.35524118282739	0.0430474604496253	0.00391340549542048	0.64572	0.55399	0.389	0.213	0	0	1201
mouse	SRP174208	0.8	0.0891290683655177	0.480023437658281	0.197514259589789	-0.390894369292763	-0.108385191224272	72.8	11.8	0.896845916334535	0.957252935420744	0.103154083665465	0.0427470645792563	0.0528726061615321	0.00832639467110741	0.63868	0.5678	0.392	0.238	0	0	1201
human	SRP174223	0						0	0					0	0	0.55874	0.55747	0.088	0.102	0	0	1
human	SRP174223	0.2						0	0					0	0	0.53132	0.51396	0.082	0.073	0	0	1
human	SRP174223	0.4						0	0					0	0	0.50041	0.48048	0.084	0.087	0	0	1
human	SRP174223	0.6	0	1	0	-1	0	0.1	0	0		1		0	0	0.62852	0.47089	0.14	0.087	0	0	1
human	SRP174223	0.8	0	0.684007707129094	0.00922619047619048	-0.684007707129094	-0.0153769841269841	17.5	0.4	0	0	1	1	0	0	0.49835	0.34136	0.097	0.013	0	0	1
human	SRP181886	0	0.963879056678109	0.844154879170332	0.967514892738178	0.119724177507777	-0.00363583606006921	5937	5969.4	0.956934191617019	0.957031152131352	0.0430658083829813	0.0429688478686479	0.368685865607415	0.370857332009269	0.90268	0.90276	0.291	0.29	0	0.4	15105
human	SRP181886	0.2	0.612497502330039	0.890316052568796	0.698446139864016	-0.277818550238757	-0.0859486375339773	4367.7	3614.9	0.970836474136999	0.969173776020976	0.0291635258630014	0.0308262239790239	0.279682224428997	0.23038728897716	0.87545	0.85977	0.238	0.221	0	0.2	15105
human	SRP181886	0.4	0.374359907203218	0.812939912895785	0.587942678513605	-0.438580005692567	-0.213582771310388	6020.1	2989.8	0.955541105878145	0.957895460576774	0.0444588941218553	0.0421045394232259	0.374174114531612	0.183621317444555	0.88939	0.85638	0.279	0.247	3.2	0.2	15105
human	SRP181886	0.6	0.223079367190316	0.904813266829155	0.318126177550025	-0.681733899638839	-0.0950468103597084	6981.8	2059.3	0.969267443971997	0.981800230751468	0.0307325560280025	0.0181997692485322	0.446130420390599	0.130705064548163	0.92517	0.81709	0.291	0.164	9.9	0.2	15105
human	SRP181886	0.8	0.0237370569123818	0.937304626135235	0.0570169679331226	-0.913567569222853	-0.0332799110207408	6981.5	216.2	0.935654539551171	0.985192040721888	0.0643454604488289	0.014807959278112	0.425223435948362	0.0138894405825886	0.89464	0.66596	0.262	0.083	10	0	15105
mouse	SRP182089	0	0.873735901683593	0.754196953210987	0.886212318004862	0.119538948472606	-0.012476416321269	3720.5	3807.1	0.94067161861249	0.939447290368675	0.0593283813875099	0.0605527096313247	0.493948412698413	0.504648526077098	0.92976	0.9307	0.532	0.53	0	1.5	7056
mouse	SRP182089	0.2	0.722099619524603	0.824396372489094	0.736429605932517	-0.10229675296449	-0.0143299864079142	3592.3	2939.7	0.947805611838705	0.957297428468711	0.0521943881612946	0.0427025715312891	0.480711451247166	0.396995464852608	0.92917	0.91683	0.546	0.54	0	0.5	7056
mouse	SRP182089	0.4	0.733049926132254	0.807572963273849	0.74881574451033	-0.0745230371415945	-0.0157658183780755	3840.5	3100	0.93877463991751	0.951297616334601	0.0612253600824901	0.0487023836653993	0.508602607709751	0.416284013605442	0.92927	0.91996	0.549	0.541	0	0.6	7056
mouse	SRP182089	0.6	0.409169510258003	0.820650930701573	0.448987747163092	-0.41148142044357	-0.0398182369050893	4492.1	2124.3	0.910876766846024	0.939094045990838	0.0891232331539761	0.0609059540091625	0.578840702947846	0.278075396825397	0.92364	0.8731	0.435	0.434	0	0.1	7056
mouse	SRP182089	0.8	0.410285256232086	0.742273742549056	0.454999288591191	-0.33198848631697	-0.0447140323591047	4338.7	2062.7	0.915688065130124	0.940035145206053	0.0843119348698764	0.0599648547939468	0.562457482993197	0.270677437641723	0.92134	0.86697	0.464	0.438	0	0.2	7056
human	SRP183071	0	0.938453794125207	0.85753590267212	0.945293133236591	0.080917891453087	-0.0068393391113843	1881.8	1899.5	0.963534831163213	0.961507047834712	0.0364651688367875	0.0384929521652875	0.150225488558543	0.151352931351261	0.79741	0.79702	0.512	0.51	0	0.6	11974
human	SRP183071	0.2	0.797591931311265	0.821410653490277	0.781017836406473	-0.0238187221790116	0.0165740949047922	1796.5	1692.4	0.969657966784999	0.971616085105459	0.0303420332150008	0.0283839148945408	0.140529480541173	0.132862869550693	0.81372	0.80808	0.487	0.468	0	0	11974
human	SRP183071	0.4	0.512628288655897	0.795283973800698	0.551736188927012	-0.282655685144801	-0.0391079002711149	1881.5	1182.4	0.975306515424689	0.972552600833253	0.0246934845753109	0.0274473991667475	0.152831134123935	0.0949974945715718	0.82449	0.79143	0.533	0.487	2.6	0	11974
human	SRP183071	0.6	0.354699746279463	0.864419562502855	0.305445125337585	-0.509719816223392	0.0492546209418783	1961.9	995.3	0.945445478190152	0.962075617829055	0.0545545218098481	0.0379243821709452	0.153449139802906	0.0789627526306999	0.7926	0.73378	0.529	0.419	9.5	0.2	11974
human	SRP183071	0.8	0.0563436138590954	0.845201291651479	0.121231065989352	-0.788857677792384	-0.0648874521302564	1769.3	177.5	0.950818258341854	0.938393722676265	0.0491817416581457	0.0616062773237356	0.14044596626023	0.0135293135126107	0.79056	0.60019	0.475	0.24	10	0	11974
human	SRP185902	0	0.841824297083598	0.627102778387069	0.835034473472985	0.214721518696529	0.00678982361061349	1378.6	1411.6	0.929279519537638	0.928785728472392	0.0707204804623617	0.071214271527608	0.217903372835005	0.224521422060164	0.89469	0.89834	0.548	0.539	0	0.1	5485
human	SRP185902	0.2	0.582955277667017	0.605149334854087	0.576227805657474	-0.0221940571870698	0.00672747200954337	1524.2	1089.1	0.90254678143705	0.903032002945146	0.0974532185629497	0.0969679970548538	0.242151321786691	0.173072014585232	0.89565	0.85989	0.547	0.491	0	0	5485
human	SRP185902	0.4	0.55349380483075	0.660634773121141	0.543514173612455	-0.107140968290391	0.0099796312182949	1054.2	670.6	0.933868388397183	0.924279865833493	0.0661316116028174	0.0757201341665071	0.173546034639927	0.112051048313583	0.87736	0.81888	0.517	0.477	0	0	5485
human	SRP185902	0.6	0.115059530296413	0.599481888545714	0.114055477460907	-0.484422358249301	0.00100405283550578	2439.4	374.2	0.841510198355799	0.895826903652474	0.158489801644201	0.104173096347527	0.343409298085688	0.0564083865086601	0.89678	0.81811	0.47	0.372	1.9	0	5485
human	SRP185902	0.8	0.0670460777680018	0.620766805447261	0.121194633754584	-0.553720727679259	-0.0541485559865819	1474.1	95.3	0.897866811148984	0.956023589564508	0.102133188851016	0.0439764104354916	0.225779398359161	0.0164630811303555	0.89164	0.73894	0.511	0.399	1.3	0	5485
mouse	SRP199237	0	0.972390060988651	0.926646497569038	0.965286303672173	0.0457435634196126	0.00710375731647769	40.9	41.4	0.964204243261644	0.970467045332762	0.0357957567383556	0.0295329546672382	0.3152	0.3208	0.63722	0.63781	0.643	0.648	0	0	125
mouse	SRP199237	0.2	0.784573202490656	0.875385255921842	0.759118255295968	-0.0908120534311864	0.0254549471946878	40.6	33.2	0.952141335328753	0.978876159973721	0.0478586646712475	0.0211238400262791	0.3064	0.2584	0.59286	0.58426	0.653	0.644	0	0	125
mouse	SRP199237	0.4	0.563567129409047	0.900702881872557	0.701168011051732	-0.337135752463511	-0.137600881642685	35.7	21	0.980885063566448	0.995238095238095	0.0191149364335517	0.0047619047619048	0.28	0.1672	0.6587	0.57512	0.695	0.609	0	0	125
mouse	SRP199237	0.6	0.368451671175835	0.905589448964999	0.499349415204678	-0.537137777789164	-0.130897744028843	46.7	16.4	0.892024193606182	0.986431623931624	0.107975806393818	0.0135683760683762	0.312	0.1288	0.67396	0.47902	0.661	0.501	0	0	125
mouse	SRP199237	0.8	0.146658261967597	0.913668862271378	0.217526955910561	-0.767010600303781	-0.0708686939429643	59.7	9	0.764480448923626	0.972655122655123	0.235519551076374	0.0273448773448773	0.3648	0.0696	0.64879	0.38515	0.668	0.356	1	0	125
mouse	SRP199441	0	0.695280042843006	0.529290856705053	0.702248382461653	0.165989186137953	-0.00696833961864627	168.1	222.9	0.942244538053268	0.942168402110555	0.0577554619467326	0.057831597889445	0.0906779661016949	0.119673123486683	0.82055	0.82554	0.582	0.628	0	0	1652
mouse	SRP199441	0.2	0.513877122986727	0.527612341464969	0.37910935209904	-0.0137352184782419	0.134767770887687	178	152	0.943866073900385	0.939442181644343	0.0561339260996152	0.060557818355657	0.0991525423728814	0.084685230024213	0.84235	0.81794	0.554	0.554	0	0	1652
mouse	SRP199441	0.4	0.548311991162246	0.564225109356631	0.442897440107271	-0.0159131181943846	0.105414551054975	208.7	206.2	0.928260960436684	0.903733688032855	0.0717390395633162	0.0962663119671453	0.0993946731234868	0.0904963680387409	0.82588	0.81553	0.553	0.552	0	0	1652
mouse	SRP199441	0.6	0.0607554196607161	0.515425783342143	0.0796886191647274	-0.454670363681427	-0.0189331995040113	352.6	23.8	0.855004163193889	0.951768812755158	0.144995836806111	0.0482311872448416	0.177966101694915	0.013680387409201	0.79207	0.67975	0.519	0.448	0	0	1652
mouse	SRP199441	0.8	0.0727737168549938	0.503922358380791	0.068452566054953	-0.431148641525797	0.00432115080004085	285.5	23.9	0.904355048233949	0.982105855855856	0.0956449517660508	0.0178941441441441	0.153208232445521	0.0141041162227603	0.81612	0.73336	0.536	0.459	0	0	1652
human	SRP212148	0	0.902284712823787	0.761230187399197	0.889943922680403	0.14105452542459	0.0123407901433842	1435.2	1386.3	0.908201459681679	0.914234745273938	0.0917985403183212	0.0857652547260624	0.28536422365783	0.277634216974827	0.85065	0.85188	0.471	0.478	0	0.3	4489
human	SRP212148	0.2	0.673064502679105	0.617168276974095	0.592793844301275	0.0558962257050098	0.08027065837783	1040.8	974.5	0.914231096494584	0.914488957110372	0.0857689035054166	0.0855110428896281	0.206950323011807	0.19369570060147	0.81519	0.81326	0.461	0.471	0	0.1	4489
human	SRP212148	0.4	0.497173195421528	0.571849078154565	0.411950172699232	-0.0746758827330374	0.0852230227222959	1030.6	775.8	0.913814659937802	0.907365112146726	0.0861853400621978	0.0926348878532744	0.207997326798842	0.155157050568055	0.82854	0.8184	0.414	0.37	0.2	0	4489
human	SRP212148	0.6	0.280855040503904	0.695473331874119	0.107173337031474	-0.414618291370215	0.173681703472429	1111.7	635.3	0.90506175315581	0.90587628884344	0.0949382468441899	0.0941237111565597	0.216573847182	0.122165292938294	0.82882	0.79125	0.449	0.328	1.7	0.3	4489
human	SRP212148	0.8	0.0520787052115547	0.814337933898772	0.0573715034918735	-0.762259228687217	-0.00529279828031881	636.2	135.9	0.925389755327518	0.848913282308566	0.0746102446724817	0.151086717691434	0.128469592336823	0.0233459567832479	0.7998	0.58777	0.462	0.135	3.8	0.1	4489
human	SRP212755	0	0.897241388356789	0.704708333288434	0.838589716770727	0.192533055068355	0.0586516715860626	203.8	203.9	0.924713644214287	0.919621452480638	0.0752863557857133	0.080378547519362	0.0374941009910335	0.037022180273714	0.67053	0.67023	0.264	0.262	0	0	4238
human	SRP212755	0.2	0.486070871767633	0.64277480374846	0.601126208762644	-0.156703931980827	-0.115055336995011	264.3	218.4	0.916790302850321	0.920949913184511	0.0832096971496786	0.0790500868154888	0.0531382727701746	0.0432751297781972	0.6961	0.68923	0.343	0.285	0	0	4238
human	SRP212755	0.4	0.225341730877004	0.744469178272527	0.465804914016093	-0.519127447395522	-0.240463183139089	158.4	45.5	0.923926303880059	0.831072995105253	0.0760736961199409	0.168927004894747	0.0331760264275601	0.00967437470504955	0.66914	0.62506	0.348	0.237	0.2	0	4238
human	SRP212755	0.6	0.0680757636366458	0.758573405299442	0.130906905344912	-0.690497641662796	-0.0628311417082665	408.6	38	0.816887972702892	0.905825423232731	0.183112027297108	0.0941745767672688	0.0771590372817367	0.00795186408683341	0.69382	0.6367	0.354	0.221	6.3	0	4238
human	SRP212755	0.8	0.025938427030889	0.811616262243109	0.0559846061633501	-0.78567783521222	-0.0300461791324612	440.3	27.7	0.814008737304348	0.754409241552099	0.185991262695652	0.245590758447901	0.0850401132609722	0.00559226050023596	0.69701	0.51798	0.361	0.11	8.3	0	4238
human	SRP212956	0	0.905124881534446	0.782393914103596	0.903822014931766	0.12273096743085	0.00130286660267931	3137.1	3057.9	0.941944982999341	0.940084168828931	0.0580550170006592	0.0599158311710688	0.404430030361579	0.393486061275186	0.91583	0.91558	0.435	0.43	0	2.1	7246
human	SRP212956	0.2	0.836350230142541	0.721650597107479	0.862189485167209	0.114699633035062	-0.0258392550246679	2859.1	2537.6	0.951958721604712	0.956797315419106	0.0480412783952882	0.0432026845808941	0.374510074523875	0.333963566105438	0.90944	0.90646	0.448	0.438	0	1.4	7246
human	SRP212956	0.4	0.592195820680678	0.76770805324092	0.707714526621751	-0.175512232560242	-0.115518705941073	2890.4	2002.2	0.944263980859769	0.944621129458037	0.0557360191402313	0.0553788705419633	0.374068451559481	0.256113717913332	0.90612	0.86956	0.427	0.397	0	1.3	7246
human	SRP212956	0.6	0.334958340298678	0.748125274004409	0.434241290218936	-0.413166933705731	-0.099282949920258	3321.2	1409.6	0.929828080623044	0.897761123584894	0.070171919376956	0.102238876415106	0.423902842947833	0.174827491029534	0.90492	0.82985	0.421	0.328	0	0.9	7246
human	SRP212956	0.8	0.0582542085942047	0.821844876362832	0.0856170632373519	-0.763590667768627	-0.0273628546431473	4026.7	283.4	0.912797564535858	0.843636897846617	0.087202435464142	0.156363102153383	0.503105161468396	0.0361992823626829	0.90983	0.76078	0.401	0.214	2.4	0.1	7246
human	SRP216420	0	0.942155691203256	0.876159217697374	0.949275973863009	0.0659964735058818	-0.00712028265975322	3848.7	3912.5	0.950042705417989	0.946862868952637	0.0499572945820113	0.0531371310473629	0.406486244687989	0.411820621784836	0.85668	0.85644	0.593	0.578	0	0.5	8942
human	SRP216420	0.2	0.777370098790815	0.891470788387012	0.802047534041763	-0.114100689596197	-0.0246774352509475	3454.3	3383.5	0.930789331629021	0.928836606301683	0.0692106683709788	0.0711633936983167	0.358398568552896	0.348959964213822	0.83237	0.82505	0.605	0.588	0	0.2	8942
human	SRP216420	0.4	0.702968041433742	0.866053925450899	0.698937101391396	-0.163085884017157	0.0040309400423454	3387.5	3108.1	0.937526853624567	0.937307644632304	0.0624731463754326	0.0626923553676962	0.349183627823753	0.321717736524268	0.83793	0.8138	0.592	0.566	0.2	0.4	8942
human	SRP216420	0.6	0.450460821935317	0.818900849511719	0.41696701553012	-0.368440027576403	0.0334938064051965	3273.8	1936.3	0.928645329845499	0.931189770000465	0.071354670154501	0.0688102299995349	0.338022813688213	0.200190114068441	0.8248	0.74424	0.585	0.504	6.8	0.1	8942
human	SRP216420	0.8	0.146404020933115	0.86472765221119	0.138649665755324	-0.718323631278076	0.00775435517779068	3287	656.9	0.909073788117447	0.943936097559349	0.0909262118825531	0.0560639024406506	0.330720196823977	0.0677700738089912	0.80983	0.67871	0.586	0.433	8.6	0.1	8942
human	SRP220251	0	0	0.25	0	-0.25	0	0.1	0	1		0		9.765625e-05	0	0.68456	0.68372	0.151	0.145	0	0	1024
human	SRP220251	0.2	0.626827485380117	0.583333333333333	0.523809523809524	0.0434941520467836	0.0157163742690057	3.4	1.7	0.809259259259259	0.722222222222222	0.190740740740741	0.277777777777778	0.00205078125	0.001171875	0.68189	0.64582	0.148	0.147	0	0	1024
human	SRP220251	0.4	0.174509803921569	0.219230769230769	0.0774410774410775	-0.0447209653092007	0.140696177460883	5.8	3.8	0.850961538461539	0.477777777777778	0.149038461538462	0.522222222222222	0.00263671875	0.00146484375	0.68582	0.54842	0.16	0.11	0	0	1024
human	SRP220251	0.6	0.0833333333333333	0.291666666666667	0.166666666666667	-0.354166666666667	-0.0833333333333335	0.9	0.1	0.583333333333333	0	0.416666666666667	1	0.00048828125	0	0.64294	0.51695	0.141	0.101	0	0	1024
human	SRP220251	0.8	0.0185185185185185	0.4615	0.0133520074696545	-0.439277777777778	0.00887021475256767	2.3	0.7	0.670833333333333	0.0833333333333333	0.329166666666667	0.916666666666667	0.0015625	9.765625e-05	0.67942	0.47503	0.13	0.035	0	0	1024
mouse	SRP221637	0	0.864535598591131	0.884278012192157	0.966990658793654	-0.0197424136010268	-0.102455060202523	7520.2	8661.8	0.979086186955808	0.964000217547892	0.0209138130441921	0.0359997824521079	0.688924258028275	0.781172174889992	0.97004	0.97582	0.594	0.655	0	3.1	10681
mouse	SRP221637	0.2	0.861186384198145	0.869512455351201	0.900093136146997	-0.00832607115305613	-0.0389067519488513	7512.4	7994.8	0.975274237634425	0.976377163626879	0.0247257623655744	0.023622836373121	0.685357176294355	0.730278063851699	0.96154	0.97761	0.576	0.637	0	2.9	10681
mouse	SRP221637	0.4	0.717108588006352	0.924054014253421	0.808763780728634	-0.206945426247069	-0.0916551927222815	8673.7	7648.5	0.910483352819213	0.967584203804523	0.0895166471807867	0.0324157961954773	0.739312798427114	0.692051306057485	0.9282	0.96532	0.55	0.605	0	2.5	10681
mouse	SRP221637	0.6	0.713393479860286	0.911567971659646	0.801431951968529	-0.198174491799361	-0.0880384721082431	8530	7401.6	0.921017212534468	0.976319446262274	0.078982787465532	0.0236805537377265	0.734678400898793	0.675938582529726	0.93181	0.96803	0.556	0.62	0	2.4	10681
mouse	SRP221637	0.8	0.477893123757115	0.938482158066035	0.5953709139956	-0.46058903430892	-0.117477790238486	9570.2	5248.7	0.831055386912934	0.979365224798618	0.168944613087066	0.0206347752013822	0.744359142402397	0.480947476828013	0.88494	0.93663	0.502	0.536	0.8	1.8	10681
mouse	SRP225660	0	0.643758424581954	0.685681989579049	0.820197890344949	-0.0419235649970944	-0.176439465762995	13.7	21.5	1	0.986531986531987	0	0.0134680134680135	0.145744680851064	0.224468085106383	0.6093	0.61499	0.566	0.572	0	0	94
mouse	SRP225660	0.2	0.682177868509524	0.578962647988257	0.640549351011307	0.103215220521267	0.0416285174982171	18.3	20.1	0.952339848983071	0.899808663558664	0.0476601510169285	0.100191336441336	0.18404255319149	0.190425531914894	0.55642	0.59552	0.587	0.547	0	0	94
mouse	SRP225660	0.4	0.683348840821314	0.546136821554778	0.546314192343604	0.137212019266535	0.13703464847771	15.1	15.6	0.994444444444444	0.953625541125541	0.0055555555555556	0.0463744588744588	0.159574468085106	0.157446808510638	0.58228	0.63054	0.606	0.567	0	0	94
mouse	SRP225660	0.6	0.226671309727311	0.598062866495893	0.215264104931504	-0.371391556768582	0.0114072047958073	30	10.1	0.876171589991598	0.808636363636364	0.123828410008402	0.191363636363637	0.274468085106383	0.0861702127659574	0.43635	0.49712	0.487	0.439	0	0	94
mouse	SRP225660	0.8	0.267983924691242	0.59953652247898	0.25014722868765	-0.331552597787738	0.0178366960035919	25.4	9.1	0.873419459068291	0.795039682539683	0.126580540931709	0.204960317460317	0.228723404255319	0.0776595744680851	0.42714	0.47515	0.467	0.409	0	0	94
mouse	SRP230420	0	0.892188684374907	0.830208085156505	0.897696509933593	0.0619805992184017	-0.00550782555868632	116.3	118.6	0.900362808682739	0.891230352564048	0.0996371913172612	0.108769647435952	0.102308499475341	0.101573976915005	0.74482	0.74453	0.572	0.56	0	0	953
mouse	SRP230420	0.2	0.678733806947343	0.715840362435496	0.587510224289159	-0.0371065554881528	0.0912235826581843	104.8	89.8	0.941665075220928	0.93249951133869	0.0583349247790718	0.0675004886613103	0.102413431269675	0.0865687303252886	0.80473	0.80423	0.573	0.568	0	0	953
mouse	SRP230420	0.4	0.255726460230084	0.748185172107058	0.320782958746405	-0.492458711876973	-0.0650564985163202	173.5	40.8	0.864357944883784	0.932041845099219	0.135642055116216	0.0679581549007809	0.11511017838405	0.0377754459601259	0.75798	0.69278	0.53	0.463	0	0	953
mouse	SRP230420	0.6	0.129060837070274	0.789501682883608	0.21007141282981	-0.660440845813335	-0.0810105757595362	223.8	32.2	0.833374427931092	0.977644093498385	0.166625572068908	0.0223559065016146	0.157397691500525	0.0322140608604407	0.80213	0.72588	0.538	0.465	0.2	0	953
mouse	SRP230420	0.8	0.0401150702749491	0.715328898733256	0.0477761869186735	-0.675213828458307	-0.00766111664372445	164.4	18.9	0.774318128482379	0.871875	0.225681871517621	0.128125	0.128856243441763	0.0107030430220357	0.81842	0.61223	0.512	0.274	1.8	0	953
