study	P1_H_n_sig_ref	P1_H_n_sig_alt	P1_H_jaccard	P1_H_top20_overlap	P1_H_nes_spearman	P1_H_sign_flip_sig	P1_H_top1_same	P1_R_n_sig_ref	P1_R_n_sig_alt	P1_R_jaccard	P1_R_top20_overlap	P1_R_nes_spearman	P1_R_sign_flip_sig	P1_R_top1_same	P0perm_H_n_sig_ref	P0perm_H_n_sig_alt	P0perm_H_jaccard	P0perm_H_top20_overlap	P0perm_H_nes_spearman	P0perm_H_sign_flip_sig	P0perm_H_top1_same	P0perm_R_n_sig_ref	P0perm_R_n_sig_alt	P0perm_R_jaccard	P0perm_R_top20_overlap	P0perm_R_nes_spearman	P0perm_R_sign_flip_sig	P0perm_R_top1_same	G1_n_deg0	G1_n_lost	G1_n_gained	G1_lost_frac_boundary	G1_lost_med_abs_lfc	G1_kept_med_abs_lfc	G1_lost_frac_big_lfc	G0perm_n_deg0	G0perm_n_lost	G0perm_n_gained	G0perm_lost_frac_boundary	G0perm_lost_med_abs_lfc	G0perm_kept_med_abs_lfc	G0perm_lost_frac_big_lfc	P2_H_n_sig_ref	P2_H_n_sig_alt	P2_H_jaccard	P2_H_top20_overlap	P2_H_nes_spearman	P2_H_sign_flip_sig	P2_H_top1_same	P2_R_n_sig_ref	P2_R_n_sig_alt	P2_R_jaccard	P2_R_top20_overlap	P2_R_nes_spearman	P2_R_sign_flip_sig	P2_R_top1_same	P2perm_H_n_sig_ref	P2perm_H_n_sig_alt	P2perm_H_jaccard	P2perm_H_top20_overlap	P2perm_H_nes_spearman	P2perm_H_sign_flip_sig	P2perm_H_top1_same	P2perm_R_n_sig_ref	P2perm_R_n_sig_alt	P2perm_R_jaccard	P2perm_R_top20_overlap	P2perm_R_nes_spearman	P2perm_R_sign_flip_sig	P2perm_R_top1_same	design_sex	design_age	sex_diff	age_smd	n	M1_jaccard	M0perm_jaccard	M1_n_deg_ref	M1_t_spearman	M2_jaccard	M2perm_jaccard
DRP002295	0	0		0.8	0.923	0	TRUE	52	39	0.717	0.85	0.934	0	FALSE	0	0		0.8	0.99	0	TRUE	52	54	0.963	0.85	0.982	0	FALSE	1	0	1			9.107		1	0	0			9.107																														balanced	""	0.05		25	0.5	1	1	0.969		
DRP003637	21	21	0.909	1	0.983	0	TRUE	412	411	0.892	0.9	0.992	0	TRUE	21	25	0.84	0.9	0.977	0	TRUE	412	369	0.821	0.9	0.981	0	TRUE	110	110	0	1	0.701		0.109	110	110	0	1	0.701		0.109																													partially_confounded	""	0.333		12	0	0	110	0.973		
DRP004672	4	0	0	0.75	0.61	0	FALSE	46	48	0.621	0.9	0.665	0	FALSE	4	4	1	1	0.998	0	TRUE	46	49	0.939	0.9	0.997	0	TRUE	6707	5459	278	0.357	0.963	1.144	0.481	6707	140	93	1	0.886	1.002	0.429																													partially_confounded	""	0.75		60	0.179	0.966	6707	0.672		
DRP005135	12	29	0.367	0.65	0.773	0	TRUE	139	135	0.311	0.55	0.707	0	TRUE	12	7	0.583	0.75	0.896	1	TRUE	139	29	0.175	0.45	0.878	1	TRUE	3	2	0	1	2.719	4.124	1	3	2	0	1	2.719	4.124	1																													mildly_imbalanced	""	0.25		8	0.333	0.333	3	0.914		
ERP004369	8	9	0.889	0.95	0.995	0	TRUE	58	56	0.932	0.9	0.993	0	TRUE	8	8	1	0.95	0.998	0	TRUE	58	57	0.983	0.95	0.997	0	FALSE	5951	217	264	1	0.305	0.603	0.12	5951	450	31	1	0.317	0.619	0.104																													balanced	""	0		12	0.923	0.92	5951	0.999		
ERP005175	25	24	0.96	0.9	0.946	0	TRUE	128	91	0.647	0.9	0.973	0	TRUE	25	24	0.96	1	0.986	0	TRUE	128	109	0.756	0.95	0.987	0	FALSE	82	8	36	1	0.97	1.817	0.375	82	51	2	1	1.596	1.857	0.745																													mildly_imbalanced	""	0.167		10	0.627	0.369	82	0.986		
ERP006813	20	23	0.87	1	0.995	0	TRUE	143	163	0.811	0.85	0.988	0	TRUE	20	23	0.87	0.95	0.972	0	TRUE	143	148	0.753	0.85	0.974	0	TRUE	4644	197	450	0.99	1.913	0.597	0.731	4644	2057	35	0.931	0.516	0.687	0.278																													balanced	""	0.062		20	0.873	0.553	4644	0.985		
ERP006822	28	32	0.818	0.9	0.963	0	TRUE	131	148	0.701	0.85	0.963	0	TRUE	28	28	1	1	0.996	0	TRUE	131	128	0.891	0.9	0.995	0	TRUE	12221	2693	318	0.814	1.623	2.733	0.755	12221	322	308	1	1.183	2.449	0.562																													partially_confounded	""	0.4		16	0.76	0.95	12221	0.983		
ERP012146	22	24	0.917	0.95	0.988	0	TRUE	85	106	0.705	0.8	0.981	0	FALSE	22	19	0.864	1	0.993	0	FALSE	85	74	0.787	0.8	0.99	0	FALSE	1776	173	201	1	0.235	0.321	0.006	1776	331	74	1	0.234	0.326	0.027																													mildly_imbalanced	""	0.167		12	0.811	0.781	1776	0.99		
ERP013315	7	4	0	0.4	0.294	0	FALSE	18	1	0	0	0.337	11	FALSE	7	7	1	0.85	0.929	0	FALSE	18	19	0.609	0.75	0.939	0	FALSE	5	4	89	1	8.861	4.992	1	5	4	0	1	8.861	4.992	1																													partially_confounded	""	0.833		12	0.011	0.2	5	0.178		
ERP013684	26	28	0.929	0.85	0.98	0	TRUE	380	355	0.838	0.95	0.987	0	TRUE	26	26	0.857	0.85	0.974	0	TRUE	380	267	0.634	0.95	0.96	1	FALSE	1298	635	45	0.998	1.657	3.057	0.906	1298	929	10	0.955	1.823	3.406	0.935																													partially_confounded	""	0.417		11	0.494	0.282	1298	0.978		
ERP016751	19	20	0.857	0.95	0.994	0	TRUE	389	387	0.907	0.9	0.995	0	TRUE	19	18	0.947	0.95	0.995	0	TRUE	389	399	0.913	0.95	0.994	0	TRUE	1	0	0			1.815		1	0	0			1.815																														balanced	""	0.071		15	1	1	1	0.993		
ERP020504	29	29	0.933	1	0.989	0	TRUE	343	380	0.844	1	0.991	0	FALSE	29	28	0.966	1	0.991	0	TRUE	343	351	0.784	0.95	0.982	0	TRUE	174	15	18	1	0.861	1.315	0.467	174	32	8	1	1.218	1.34	0.625																													balanced	""	0.136		23	0.828	0.78	174	0.993		
ERP021472	28	21	0.531	0.65	0.804	0	FALSE	248	146	0.382	0.75	0.805	4	FALSE	28	23	0.7	0.7	0.914	0	FALSE	248	146	0.417	0.75	0.898	3	FALSE	11	8	24	0.625	1.267	0.874	0.625	11	0	144			1.193																														partially_confounded	""	0.667		14	0.086	0.071	11	0.745		
ERP022432	38	38	0.949	0.95	0.996	0	TRUE	404	417	0.883	0.95	0.995	0	TRUE	38	38	1	0.9	0.994	0	TRUE	404	422	0.89	0.9	0.995	0	TRUE	313	0	211			0.74		313	0	191			0.74																														balanced	""	0		8	0.597	0.621	313	0.987		
ERP022747	15	16	0.938	1	0.996	0	TRUE	125	114	0.882	0.95	0.991	0	TRUE	15	15	0.875	1	0.998	0	TRUE	125	113	0.874	0.9	0.993	0	TRUE	4700	228	175	1	0.462	0.657	0.276	4700	347	97	1	0.404	0.671	0.182																													balanced	""	0.1		9	0.917	0.907	4700	0.997		
ERP023283	0	2	0	0.8	0.931	0	FALSE	1	0	0	0.5	0.918	0	FALSE	0	2	0	0.8	0.937	0	TRUE	1	1	1	0.2	0.848	0	TRUE	9	7	0	1	0.905	7.514	0.286	9	8	2	1	0.932	6.926	0.375																													balanced	""	0		8	0.222	0.091	9	0.986		
ERP104759	32	31	0.909	0.95	0.994	0	TRUE	141	136	0.847	0.85	0.985	0	TRUE	32	32	0.939	0.9	0.994	0	TRUE	141	136	0.859	0.9	0.98	0	TRUE	5467	669	207	1	0.677	1.118	0.291	5467	609	256	1	0.727	1.109	0.322																													mildly_imbalanced	""	0.25		8	0.846	0.849	5467	0.994		
ERP106455	15	15	0.875	0.85	0.957	0	TRUE	11	20	0.476	0.75	0.946	0	TRUE	15	14	0.526	0.75	0.775	0	TRUE	11	94	0.082	0.25	0.772	0	FALSE	3	1	0	1	2.313	5.286	1	3	1	0	1	2.313	5.286	1																													mildly_imbalanced	""	0.25		16	0.667	0.667	3	0.987		
ERP107948	22	21	0.593	0.7	0.873	0	TRUE	319	433	0.631	0.95	0.941	0	TRUE	22	21	0.955	1	0.999	0	TRUE	319	311	0.927	1	1	0	TRUE	2856	186	2643	0.952	0.853	0.805	0.398	2856	181	9	1	0.706	0.818	0.348																													mildly_imbalanced	""	0.278		26	0.486	0.934	2856	0.899		
ERP108446	14	14	1	0.9	0.969	0	TRUE	48	49	0.59	0.65	0.974	0	FALSE	14	16	0.875	0.9	0.992	0	FALSE	48	34	0.64	0.95	0.989	0	FALSE	69	0	106			0.908		69	63	0	1	0.879	1.691	0.333																													mildly_imbalanced	""	0.167		12	0.394	0.087	69	0.992		
ERP109057	16	15	0.632	0.85	0.806	0	TRUE	109	43	0.246	0.5	0.802	0	FALSE	16	16	1	1	0.986	0	TRUE	109	116	0.8	0.85	0.989	0	TRUE	1919	1064	108	0.967	1.565	1.892	0.97	1919	248	68	1	1.429	1.749	0.915																													partially_confounded	""	0.5		8	0.422	0.841	1919	0.89		
ERP109306	1	0	0	0.55	0.685	0	FALSE	34	7	0.206	0.5	0.762	3	FALSE	1	2	0	0.7	0.721	0	FALSE	34	6	0.143	0.25	0.758	1	FALSE	4	3	0	1	1.556	8.468	0.667	4	3	0	1	1.556	8.468	0.667																													partially_confounded	""	0.524		13	0.25	0.25	4	0.795		
ERP109959	5	7	0.714	0.95	0.98	0	TRUE	103	98	0.861	1	0.991	0	TRUE	5	6	0.571	0.9	0.979	0	TRUE	103	103	0.839	1	0.984	0	TRUE	51	1	42	1	2.283	1.055	1	51	7	4	1	0.65	1.103	0.286																													balanced	""	0		40	0.538	0.8	51	0.996		
ERP110063	17	20	0.85	0.9	0.921	0	TRUE	21	148	0.142	0.5	0.886	0	TRUE	17	20	0.85	0.95	0.921	0	TRUE	21	62	0.339	0.65	0.94	0	TRUE	2953	2882	2	1	4.759	0.687	0.865	2953	2936	0	1	4.721	1.109	0.855																													balanced	""	0		8	0.024	0.006	2953	0.989		
ERP112516	22	23	0.875	0.85	0.988	0	TRUE	28	22	0.786	0.8	0.97	0	TRUE	22	21	0.87	1	0.994	0	TRUE	28	28	0.867	1	0.986	0	TRUE	529	21	31	1	0.188	0.254	0	529	19	45	1	0.165	0.258	0																													balanced	""	0.05		40	0.907	0.889	529	0.993		
ERP114372	32	34	0.941	0.9	0.986	0	TRUE	299	319	0.807	0.95	0.982	0	TRUE	32	31	0.969	0.95	0.991	0	TRUE	299	291	0.879	1	0.994	0	TRUE	36	0	13			1.176		36	2	0	1	1.048	1.176	0.5																													balanced	""	0.095		25	0.735	0.944	36	0.99		
ERP114772	29	30	0.967	1	0.993	0	TRUE	241	241	0.826	0.9	0.986	0	TRUE	29	28	0.966	1	0.998	0	TRUE	241	237	0.92	0.95	0.998	0	TRUE	1710	110	212	1	0.25	0.418	0	1710	21	101	1	0.187	0.405	0																													mildly_imbalanced	""	0.2		20	0.832	0.933	1710	0.972		
ERP115639	17	22	0.56	0.75	0.854	1	TRUE	406	331	0.671	0.6	0.92	2	TRUE	17	28	0.552	0.75	0.869	0	TRUE	406	482	0.714	0.9	0.911	0	TRUE	1	0	1			5.701		1	0	0			5.701																														partially_confounded	""	0.333		12	0.5	1	1	0.925		
ERP117312	2	2	1	1	0.996	0	TRUE	14	5	0.357	1	0.999	0	TRUE	2	3	0.667	0.9	0.975	0	TRUE	14	17	0.632	0.9	0.993	0	TRUE	5278	57	38	1	0.218	0.357	0.018	5278	350	163	1	0.211	0.369	0.009	2	4	0.5	0.9	0.985	0	TRUE	14	15	0.933	0.95	0.991	0	TRUE	2	3	0.667	0.9	0.993	0	TRUE	14	16	0.875	0.9	0.99	0	TRUE	balanced	balanced	0	0	36	0.982	0.906	5278	1	0.928	0.909
SRP002811	10	12	0.833	0.8	0.969	0	TRUE	132	93	0.692	0.95	0.985	0	TRUE	10	10	1	0.95	0.993	0	FALSE	132	104	0.774	0.85	0.996	0	TRUE	55	1	38	1	1.258	1.615	1	55	16	0	1	0.868	1.755	0.438																													balanced	""	0		8	0.581	0.709	55	0.982		
SRP016859	10	13	0.769	0.9	0.968	0	TRUE	223	222	0.91	0.95	0.992	0	TRUE	10	10	1	1	0.998	0	TRUE	223	217	0.947	0.95	0.999	0	TRUE	403	0	152			0.493		403	52	4	1	0.347	0.529	0.058	10	15	0.667	0.85	0.947	0	TRUE	223	216	0.909	0.85	0.983	0	TRUE	10	14	0.714	0.9	0.937	0	FALSE	223	242	0.768	0.9	0.963	0	TRUE	balanced	balanced	0	0.357	20	0.726	0.862	403	0.996	0.744	0.505
SRP017560	15	18	0.737	1	0.979	0	TRUE	223	242	0.782	0.75	0.975	0	TRUE	15	18	0.737	1	0.979	0	TRUE	223	242	0.782	0.75	0.975	0	TRUE	76	39	2	1	1.834	2.021	0.974	76	39	2	1	1.834	2.021	0.974																													balanced	""	0.111		15	0.474	0.474	76	0.98		
SRP017849	17	15	0.524	0.8	0.81	0	FALSE	112	66	0.459	0.8	0.872	1	FALSE	17	25	0.68	0.9	0.981	0	TRUE	112	152	0.714	0.85	0.986	0	TRUE	970	903	78	0.837	1.185	1.462	0.617	970	67	155	1	1.146	1.211	0.597	8	24	0.28	0.6	0.642	0	FALSE	93	165	0.167	0.2	0.784	2	FALSE	8	9	0.545	0.6	0.832	0	FALSE	93	43	0.295	0.35	0.885	0	TRUE	partially_confounded	mildly_imbalanced	0.6	0.405	23	0.064	0.803	970	0.811	0.236	0.038
SRP020224	24	37	0.452	0.45	0.491	2	TRUE	373	376	0.452	0.2	0.718	32	TRUE	24	29	0.828	0.95	0.993	0	TRUE	373	391	0.9	0.8	0.991	0	TRUE	1	0	262			0.832		1	0	0			0.832																														partially_confounded	""	0.429		12	0.004	1	1	0.821		
SRP020636	27	26	0.893	0.95	0.997	0	TRUE	260	264	0.912	0.9	0.993	0	TRUE	27	27	1	0.95	1	0	TRUE	260	271	0.952	1	1	0	TRUE	8167	66	420	0.924	0.346	0.173	0.091	8167	44	47	1	0.156	0.174	0.023																													balanced	""	0.01		410	0.943	0.989	8167	0.996		
SRP023469	30	32	0.938	0.95	0.984	0	TRUE	349	347	0.744	0.85	0.956	0	TRUE	30	30	0.818	0.9	0.937	1	TRUE	349	386	0.775	0.8	0.96	0	TRUE	128	125	0	1	2.493	5.749	0.968	128	1	2572	1	9.604	2.521	1																													partially_confounded	""	0.5		8	0.023	0.047	128	0.95		
SRP026667	23	24	0.958	0.95	0.98	0	TRUE	301	256	0.757	0.6	0.977	0	TRUE	23	24	0.958	0.95	0.981	0	FALSE	301	302	0.733	0.5	0.972	0	FALSE	1	0	0			1.994		1	0	0			1.994																														mildly_imbalanced	""	0.286		14	1	1	1	0.96		
SRP029939	24	24	1	0.95	0.995	0	TRUE	363	369	0.926	1	0.996	0	TRUE	24	24	1	0.95	0.995	0	TRUE	363	357	0.915	0.95	0.997	0	TRUE	10966	367	418	1	0.281	0.35	0.079	10966	438	398	1	0.258	0.351	0.027																													balanced	""	0		10	0.931	0.926	10966	0.998		
SRP033407	26	27	0.893	1	0.994	0	TRUE	146	137	0.874	1	0.979	0	TRUE	26	28	0.588	0.65	0.778	3	FALSE	146	140	0.505	0.8	0.794	2	TRUE	6010	294	326	1	0.427	0.745	0.197	6010	4160	146	0.719	0.602	1.084	0.217																													balanced	""	0		6	0.902	0.301	6010	0.998		
SRP033501	21	18	0.857	1	0.993	0	TRUE	206	194	0.852	1	0.992	0	TRUE	21	21	1	1	0.996	0	TRUE	206	216	0.859	1	0.994	0	TRUE	401	18	20	1	0.388	0.282	0.333	401	2	51	1	0.775	0.283	0.5																													balanced	""	0		8	0.91	0.883	401	0.995		
SRP034855	9	1	0.111	0.8	0.819	0	FALSE	50	70	0.579	0.6	0.854		FALSE	9	10	0.9	0.95	0.99	0	FALSE	50	46	0.811	0.8	0.972	0	TRUE	4380	3210	334	0.864	3.039	3.932	0.997	4380	56	786	1	3.191	3.279	0.982																													partially_confounded	""	0.467		23	0.248	0.837	4380	0.832		
SRP035462	36	36	1	1	0.995	0	TRUE	609	605	0.964	0.95	1	0	TRUE	36	36	1	1	0.999	0	TRUE	609	599	0.974	0.95	1	0	TRUE	16003	74	93	1	0.798	1.084	0.338	16003	94	41	1	0.609	1.085	0.309	36	34	0.944	0.95	0.992	0	TRUE	609	577	0.913	0.95	0.993	0	TRUE	36	35	0.972	1	0.994	0	TRUE	609	606	0.966	0.95	0.999	0	TRUE	balanced	mildly_imbalanced	0.016	0.445	37	0.99	0.992	16003	1	0.933	0.961
SRP035523	21	20	0.952	1	0.997	0	TRUE	198	185	0.887	0.95	0.997	0	TRUE	21	23	0.833	0.9	0.98	0	TRUE	198	234	0.728	0.8	0.956	0	TRUE	505	46	19	1	1.113	2.009	0.587	505	130	14	1	1.302	2.215	0.723																													balanced	""	0		12	0.876	0.723	505	0.993		
SRP037555	10	8	0.2	0.35	0.478	3	FALSE	42	42	0.312	0.6	0.237	7	FALSE	10	7	0.7	0.85	0.986	0	TRUE	42	37	0.756	0.8	0.96	0	TRUE	7	7	1	1	2.431		1	7	7	0	1	2.431		1																													partially_confounded	""	0.833		12	0	0	7	0.16		
SRP038635	15	14	0.706	0.85	0.973	0	FALSE	263	261	0.801	0.7	0.965	0	FALSE	15	16	0.55	0.75	0.958		FALSE	263	298	0.775	0.9	0.979		TRUE	8	0	0			2.611		8	0	1			2.611																														mildly_imbalanced	""	0.167		12	1	0.889	8	0.929		
SRP039628	35	36	0.972	0.9	0.994	0	TRUE	224	196	0.803	0.85	0.987	0	TRUE	35	34	0.917	0.95	0.996	0	TRUE	224	208	0.831	0.85	0.984	0	TRUE	6664	967	296	1	0.576	0.875	0.225	6664	1028	371	1	0.623	0.869	0.27																													mildly_imbalanced	""	0.25		8	0.819	0.801	6664	0.988		
SRP042206	23	26	0.633	0.75	0.878	1	TRUE	196	125	0.384	0.5	0.719	9	TRUE	23	13	0.5	0.75	0.882	0	TRUE	196	181	0.611	0.9	0.893	0	TRUE	2	2	0	1	1.391		1	2	2	0	1	1.391		1																													partially_confounded	""	0.4		12	0	0	2	0.598		
SRP042289	21	25	0.84	1	0.952	0	TRUE	182	181	0.729	0.85	0.966	0	TRUE	21	22	0.955	0.95	0.994	0	TRUE	182	165	0.807	0.95	0.988	0	TRUE	1691	1068	15	0.99	0.566	1.192	0.272	1691	58	295	1	0.603	0.763	0.224																													partially_confounded	""	0.5		8	0.365	0.822	1691	0.955		
SRP043493	10	12	0.833	0.85	0.973	0	TRUE	18	18	0.895	0.85	0.981	0	TRUE	10	15	0.471	0.8	0.909	0	TRUE	18	11	0.526	0.65	0.854	0	FALSE	20	0	1			7.795		20	10	0	1	7.049	8.041	1																													balanced	""	0		12	0.952	0.5	20	0.997		
SRP043967	32	33	0.97	1	0.994	0	TRUE	477	463	0.918	0.95	0.997	0	TRUE	32	30	0.938	0.95	0.995	0	TRUE	477	474	0.937	0.95	0.998	0	TRUE	303	37	31	1	0.491	0.6	0	303	78	2	1	0.515	0.635	0.064	32	25	0.629	0.8	0.796	4	TRUE	477	344	0.504	0.3	0.833	20	FALSE	32	33	0.97	1	0.987	0	TRUE	477	442	0.883	0.9	0.993	0	TRUE	balanced	partially_confounded	0.108	0.974	23	0.796	0.738	303	0.994	0.337	0.54
SRP045223	17	16	0.941	0.9	0.988	0	TRUE	121	105	0.725	0.9	0.976	0	TRUE	17	18	0.842	0.85	0.991	0	TRUE	121	122	0.827	0.95	0.98	0	TRUE	87	87	0	1	2.377		1	87	87	0	1	2.377		1																													mildly_imbalanced	""	0.167		9	0	0	87	0.981		
SRP045747	16	17	0.833	1	0.952	0	TRUE	285	319	0.836	0.9	0.979	0	TRUE	16	27	0.536	0.85	0.863	0	TRUE	285	443	0.576	0.5	0.917	0	TRUE	29	0	48			5.457		29	20	2	1	5.23	6.4	1																													balanced	""	0		8	0.377	0.29	29	0.98		
SRP045828	27	28	0.833	1	0.987	0	FALSE	275	296	0.878	0.9	0.988	0	TRUE	27	28	0.897	0.9	0.994	0	TRUE	275	291	0.856	0.85	0.99	0	FALSE	6073	1434	164	1	0.59	1.069	0.298	6073	1660	161	1	0.641	1.064	0.331																													mildly_imbalanced	""	0.2		10	0.744	0.708	6073	0.99		
SRP048707	17	19	0.636	0.85	0.967	0	FALSE	96	94	0.743	0.85	0.972	0	TRUE	17	13	0.667	0.9	0.947	0	TRUE	96	76	0.703	0.85	0.948	0	FALSE	1812	1	892	1	0.79	0.476	0	1812	1200	15	0.854	0.401	0.599	0.151																													balanced	""	0		8	0.67	0.335	1812	0.996		
SRP049219	1	0	0	0.75	0.99	0	FALSE	0	3	0	0.85	0.99	0	TRUE	1	0	0	0.85	0.993	0	TRUE	0	6	0	0.75	0.991	0	TRUE	318	17	15	1	0.282	0.508	0.118	318	21	10	1	0.3	0.513	0.095																													balanced	""	0.067		60	0.904	0.905	318	0.998		
SRP049763	2	8	0.25	0.7	0.844	0	TRUE	3	12	0.154	0.6	0.812	0	TRUE	2	2	1	0.85	0.978	0	TRUE	3	1	0.333	0.8	0.961	0	TRUE	3766	2876	129	0.678	3.147	0.726	0.647	3766	451	139	1	2.699	3.177	0.661																													partially_confounded	""	0.536		26	0.228	0.849	3766	0.784		
SRP050894	29	28	0.966	1	0.998	0	TRUE	319	309	0.92	1	0.998	0	TRUE	29	30	0.967	0.95	0.997	0	TRUE	319	327	0.867	0.9	0.995	0	TRUE	8643	207	265	1	0.139	0.255	0	8643	770	339	1	0.159	0.262	0.01																													balanced	""	0.121		20	0.947	0.877	8643	0.998		
SRP051497	19	23	0.826	0.9	0.984	0	TRUE	175	226	0.699	0.9	0.976	0	TRUE	19	21	0.905	1	0.993	0	TRUE	175	161	0.856	0.95	0.993	0	TRUE	3800	0	3134			0.729		3800	560	66	1	0.549	0.762	0.225																													balanced	""	0		8	0.548	0.838	3800	0.981		
SRP052583	1	1	1	0.75	0.785	0	TRUE	0	0		0.6	0.832	0	FALSE	1	1	1	0.6	0.817	0	TRUE	0	0		0.55	0.8	0	FALSE	28	13	2	1	4.295	7.178	0.846	28	15	1	0.867	4.295	7.178	0.867																													partially_confounded	""	0.5		8	0.5	0.448	28	0.872		
SRP052794	11	16	0.688	0.85	0.942	0	FALSE	141	203	0.615	0.85	0.939	0	TRUE	11	12	0.533	0.7	0.884	1	TRUE	141	57	0.294	0.35	0.865	0	FALSE	1	1	0	1	1.721		1	1	0	0			1.721																														mildly_imbalanced	""	0.257		12	0	1	1	0.964		
SRP053223	9	9	0.636	0.95	0.968	0	TRUE	99	81	0.765	0.7	0.982	0	FALSE	9	6	0.5	0.85	0.876	1	FALSE	99	73	0.483	0.45	0.91	1	FALSE	2255	923	65	1	0.895	1.345	0.456	2255	1999	18	1	1.16	1.598	0.578																													balanced	""	0		10	0.574	0.113	2255	0.993		
SRP053235	7	16	0.438	0.6	0.845	0	FALSE	135	39	0.168	0.55	0.821	1	TRUE	7	7	1	0.95	0.992	0	FALSE	135	117	0.813	0.95	0.995	0	TRUE	11153	9314	237	0.981	1.912	1.55	0.724	11153	3190	17	1	1.941	1.785	0.773																													partially_confounded	""	0.625		13	0.161	0.713	11153	0.757		
SRP053389	4	6	0.667	1	0.998	0	TRUE	30	29	0.967	1	0.995	0	TRUE	4	5	0.8	1	0.999	0	TRUE	30	29	0.967	0.9	0.999	0	TRUE	9769	110	135	1	0.163	0.238	0.009	9769	207	38	1	0.137	0.239	0.005																													balanced	""	0		16	0.975	0.975	9769	1		
SRP053396	9	13	0.692	0.95	0.987	0	TRUE	107	128	0.703	0.95	0.98	0	TRUE	9	10	0.9	1	0.999	0	TRUE	107	114	0.905	0.95	0.998	0	TRUE	819	0	793			0.269		819	32	32	1	0.255	0.272	0	9	14	0.643	0.95	0.988	0	TRUE	107	131	0.712	0.95	0.974	0	TRUE	9	11	0.667	0.95	0.991	0	FALSE	107	126	0.726	0.95	0.974	0	TRUE	balanced	balanced	0.022	0.052	47	0.508	0.925	819	0.992	0.417	0.453
SRP053398	18	16	0.889	0.95	0.998	0	TRUE	102	95	0.931	1	0.998	0	TRUE	18	15	0.833	0.95	0.995	0	FALSE	102	96	0.922	0.95	1	0	TRUE	9029	12	177	1	0.109	0.181	0	9029	34	49	1	0.183	0.181	0																													balanced	""	0		56	0.979	0.991	9029	1		
SRP053401	16	17	0.833	0.95	0.993	0	TRUE	252	266	0.919	1	0.994	0	TRUE	16	17	0.941	0.9	0.994	0	TRUE	252	245	0.941	1	0.994	0	TRUE	685	9	118	1	0.183	0.323	0	685	19	99	1	0.208	0.327	0																													balanced	""	0		16	0.842	0.849	685	0.998		
SRP055058	14	14	1	0.95	0.998	0	TRUE	3	0	0	0.9	0.996	0	TRUE	14	13	0.929	0.95	0.996	0	TRUE	3	1	0.333	0.8	0.998	0	TRUE	95	4	3	1	0.704	0.357	0	95	3	3	1	0.889	0.357	0.333																													balanced	""	0		48	0.929	0.939	95	0.999		
SRP055082	12	10	0.833	0.85	0.985	0	TRUE	148	142	0.883	0.9	0.987	0	TRUE	12	10	0.833	0.95	0.988	0	TRUE	148	133	0.861	0.9	0.993	0	TRUE	5511	1125	117	1	0.451	0.61	0.075	5511	1329	32	1	0.459	0.615	0.078																													mildly_imbalanced	""	0.25		8	0.779	0.754	5511	0.993		
SRP055207	18	26	0.571	0.6	0.877	0	FALSE	212	317	0.538	0.95	0.931	0	TRUE	18	13	0.632	0.8	0.936	0	TRUE	212	185	0.647	0.95	0.954	0	FALSE	2	0	1			7.46		2	0	0			7.46																														partially_confounded	""	0.333		7	0.667	1	2	0.93		
SRP055521	26	26	1	1	0.994	0	FALSE	229	208	0.892	0.9	0.996	0	TRUE	26	26	1	0.95	0.992	0	TRUE	229	236	0.831	0.8	0.989	0	TRUE	764	99	10	1	0.643	0.895	0.242	764	65	46	1	0.662	0.889	0.277																													balanced	""	0.1		20	0.859	0.863	764	0.998		
SRP055571	24	24	0.92	0.95	0.99	0	TRUE	135	138	0.883	0.9	0.995	0	TRUE	24	23	0.958	1	0.988	0	TRUE	135	140	0.846	0.9	0.992	0	TRUE	2	1	0	1	1.549	1.943	1	2	0	0			1.746																														balanced	""	0.071		15	0.5	1	2	0.997		
SRP056447	27	26	0.963	0.85	0.993	0	TRUE	370	365	0.899	1	0.994	0	TRUE	27	32	0.788	0.8	0.937	0	TRUE	370	376	0.776	0.7	0.973	0	TRUE	8178	291	261	0.997	0.762	1.154	0.354	8178	1230	283	0.998	0.658	1.274	0.302																													balanced	""	0.143		18	0.935	0.821	8178	0.997		
SRP056865	4	4	1	0.85	0.975	0	TRUE	43	62	0.694	0.95	0.972	0	TRUE	4	4	1	0.9	0.965	0	TRUE	43	43	0.83	0.9	0.984	0	TRUE	110	39	1	1	2.341	1.743	0.846	110	42	3	1	2.062	1.937	0.786	4	5	0.8	0.8	0.823	0	TRUE	43	34	0.674	0.85	0.9	0	TRUE	4	5	0.8	0.8	0.95	0	TRUE	43	64	0.646	0.95	0.953	0	TRUE	balanced	balanced	0	0	48	0.64	0.602	110	0.994	0.357	0.532
SRP056980	24	26	0.923	1	0.999	0	TRUE	448	442	0.939	0.95	0.996	0	TRUE	24	24	0.92	1	0.997	0	TRUE	448	445	0.937	0.95	0.997	0	TRUE	7	7	0	1	2.071		1	7	7	0	1	2.071		1																													balanced	""	0		8	0	0	7	0.998		
SRP057560	27	23	0.786	0.95	0.957	1	TRUE	208	150	0.665	0.85	0.96	1	FALSE	27	31	0.871	0.75	0.945	0	TRUE	208	284	0.668	0.55	0.942	0	TRUE	133	61	6	1	1.155	1.507	0.557	133	0	127			1.313																														mildly_imbalanced	""	0.25		6	0.518	0.512	133	0.971		
SRP058363	14	16	0.875	0.85	0.977	0	TRUE	118	137	0.759	0.75	0.979	0	TRUE	14	18	0.778	0.9	0.971	0	TRUE	118	137	0.735	0.75	0.974	0	FALSE	1189	1181	0	1	2.763	7.755	1	1189	1095	1	1	2.714	4.351	1																													mildly_imbalanced	""	0.25		8	0.007	0.079	1189	0.978		
SRP058378	9	8	0.7	0.7	0.923	0	TRUE	44	44	0.66	0.75	0.947	0	FALSE	9	9	0.8	0.75	0.945	0	TRUE	44	30	0.574	0.65	0.944	0	FALSE	37	16	1	1	0.788	1.556	0.375	37	2	29	1	1.246	1.159	0.5																													mildly_imbalanced	""	0.2		10	0.553	0.53	37	0.943		
SRP058715	14	16	0.429	0.8	0.813	1	FALSE	27	41	0.447	0.6	0.695	0	FALSE	14	16	0.579	0.8	0.891	1	TRUE	27	41	0.545	0.65	0.831	0	TRUE	3605	3434	82	1	2.79	2.252	0.869	3605	3604	0	1	2.748	4.545	0.875																													partially_confounded	""	0.75		8	0.046	0	3605	0.888		
SRP059676	6	7	0.857	0.65	0.759	0	FALSE	40	52	0.438	0.8	0.872	0	TRUE	6	6	1	0.8	0.886	0	TRUE	40	28	0.511	0.95	0.958	0	FALSE	298	110	9	1	1.823	3.178	0.864	298	148	1	1	1.83	3.322	0.885																													mildly_imbalanced	""	0.25		8	0.612	0.502	298	0.923		
SRP060296	33	33	1	1	0.995	0	TRUE	147	171	0.849	1	0.997	0	TRUE	33	31	0.939	0.95	0.996	0	TRUE	147	125	0.838	0.95	0.994	0	FALSE	3696	4	290	1	0.555	0.601	0.25	3696	162	94	1	0.429	0.611	0.031	33	33	1	0.95	0.99	0	TRUE	147	131	0.829	0.95	0.994	0	FALSE	33	34	0.914	0.95	0.974	0	TRUE	147	194	0.697	0.9	0.977	0	FALSE	balanced	balanced	0	0.232	36	0.926	0.932	3696	0.999	0.902	0.789
SRP060667	10	13	0.769	0.8	0.982	0	TRUE	99	93	0.745	0.75	0.98	0	FALSE	10	10	1	0.95	0.994	0	TRUE	99	102	0.811	0.9	0.993	0	TRUE	448	20	50	1	0.618	0.735	0.25	448	74	8	1	0.531	0.777	0.149																													balanced	""	0.125		16	0.859	0.82	448	0.983		
SRP061193	3	0	0	0.95	0.977	0	TRUE	22	4	0.182	0.65	0.962	0	TRUE	3	3	1	0.95	0.964	0	TRUE	22	29	0.594	0.85	0.965	0	TRUE	4191	1091	228	0.929	2.782	3.398	0.952	4191	601	205	0.983	3.239	3.305	0.95																													balanced	""	0		24	0.702	0.817	4191	0.993		
SRP061386	24	23	0.88	0.9	0.989	0	TRUE	362	344	0.918	1	0.995	0	TRUE	24	25	0.885	0.95	0.968	0	TRUE	362	447	0.778	0.95	0.982	0	TRUE	10114	216	623	1	0.476	0.738	0.065	10114	985	1566	0.979	0.467	0.766	0.094																													mildly_imbalanced	""	0.167		12	0.922	0.782	10114	0.995		
SRP061407	14	13	0.688	0.75	0.864	1	FALSE	93	154	0.411	0.45	0.895	2	FALSE	14	18	0.684	0.95	0.987	0	TRUE	93	62	0.598	0.85	0.977	0	FALSE	11	3	0	1	2.976	6.432	1	11	0	0			5.92																														partially_confounded	""	0.333		12	0.727	1	11	0.903		
SRP061758	20	19	0.5	0.7	0.807	0	TRUE	302	319	0.692	0.8	0.915	0	TRUE	20	21	0.577	0.75	0.87	0	TRUE	302	401	0.678	0.75	0.94	0	FALSE	645	523	3	0.868	1.067	1.938	0.558	645	473	24	0.905	1.067	1.679	0.552																													partially_confounded	""	0.6		9	0.188	0.257	645	0.91		
SRP061785	10	10	0.818	0.8	0.812	0	TRUE	186	122	0.517	0.55	0.904		TRUE	10	7	0.7	0.85	0.966	0	TRUE	186	154	0.78	0.8	0.97	0	TRUE	38	0	583			4.395		38	0	149			4.395																														partially_confounded	""	0.444		15	0.061	0.203	38	0.943		
SRP061800	30	30	0.935	0.85	0.969	0	TRUE	216	197	0.735	0.8	0.95	0	TRUE	30	26	0.697	0.9	0.916	2	TRUE	216	302	0.542	0.8	0.856	3	TRUE	255	126	14	1	1.575	1.866	0.889	255	62	169	1	1.403	1.849	0.839																													partially_confounded	""	0.5		8	0.48	0.455	255	0.931		
SRP061985	6	7	0.444	0.7	0.721	0	TRUE	0	4	0	0.05	0.429	0	FALSE	6	4	0.667	0.85	0.816	0	TRUE	0	0		0.45	0.862	0	TRUE	62	62	0	0.903	6.73		1	62	34	0	1	6.616	6.972	1																													partially_confounded	""	0.8		9	0	0.452	62	0.573		
SRP062238	20	14	0.7	0.9	0.972	0	TRUE	73	82	0.649	0.9	0.946	0	FALSE	20	14	0.7	0.9	0.972	0	TRUE	73	82	0.649	0.9	0.946	0	FALSE	350	92	36	1	0.377	0.556	0.13	350	92	36	1	0.377	0.556	0.13																													mildly_imbalanced	""	0.25		8	0.668	0.668	350	0.958		
SRP063269	10	11	0.615	0.9	0.993	0	TRUE	49	53	0.759	0.8	0.978	0	TRUE	10	12	0.833	1	0.995	0	TRUE	49	48	0.732	1	0.989	0	TRUE	7	0	1			1.232		7	1	0	1	1.232	1.345	1	10	26	0.286	0.75	0.868	0	FALSE	49	104	0.254	0.85	0.776	0	FALSE	10	14	0.412	0.85	0.913	0	TRUE	49	47	0.627	0.85	0.915	0	FALSE	balanced	balanced	0.045	0.087	23	0.875	0.857	7	0.996	0.106	0.75
SRP063455	31	32	0.969	0.95	0.996	0	TRUE	276	273	0.975	0.95	0.999	0	TRUE	31	32	0.969	0.95	0.999	0	TRUE	276	273	0.968	0.95	1	0	TRUE	8058	76	84	0.974	0.521	0.222	0.013	8058	88	17	1	0.268	0.223	0																													balanced	""	0.016		384	0.98	0.987	8058	0.999		
SRP064216	19	19	1	1	0.999	0	TRUE	131	128	0.933	1	0.999	0	TRUE	19	18	0.85	1	0.996	0	TRUE	131	136	0.792	0.85	0.983	0	TRUE	1381	28	25	1	0.157	0.258	0	1381	256	15	1	0.189	0.267	0.004	19	17	0.895	0.95	0.988	0	TRUE	131	126	0.81	0.95	0.987	0	TRUE	19	15	0.7	0.95	0.986	0	TRUE	131	99	0.631	0.85	0.959	0	TRUE	balanced	balanced	0	0	48	0.962	0.806	1381	1	0.699	0.723
SRP064245	16	12	0.647	0.85	0.975	0	TRUE	64	120	0.533	0.8	0.972	0	TRUE	16	15	0.824	0.95	0.986	0	TRUE	64	126	0.508	0.7	0.979	0	TRUE	273	3	13	1	0.453	0.296	0.333	273	31	1	1	0.268	0.297	0.032	16	11	0.588	0.85	0.977	0	FALSE	64	88	0.634	0.8	0.97	0	TRUE	16	14	0.765	0.85	0.954	0	FALSE	64	212	0.296	0.6	0.944	0	FALSE	balanced	balanced	0	0	48	0.944	0.883	273	0.995	0.599	0.865
SRP064420	33	34	0.971	0.85	0.98	0	TRUE	419	426	0.874	0.9	0.987	0	TRUE	33	32	0.97	1	0.997	0	TRUE	419	386	0.872	0.9	0.993	0	TRUE	11	0	12			4.578		11	0	10			4.578																														balanced	""	0.083		7	0.478	0.524	11	0.978		
SRP064534	9	11	0.818	0.95	0.995	0	FALSE	48	46	0.88	0.9	0.993	0	TRUE	9	10	0.727	0.85	0.964	0	FALSE	48	117	0.364	0.75	0.957	0	FALSE	2113	234	71	1	0.619	0.747	0.188	2113	853	26	1	0.648	0.786	0.161																													balanced	""	0		12	0.86	0.589	2113	0.998		
SRP064923	6	2	0.333	0.7	0.852	0	TRUE	11	5	0	0.5	0.753	0	FALSE	6	15	0.4	0.65	0.801	0	TRUE	11	51	0.17	0.45	0.838	0	FALSE	1	0	0			9.567		1	0	0			9.567																														partially_confounded	""	0.467		11	1	1	1	0.879		
SRP064991	28	26	0.862	0.9	0.983	0	TRUE	131	108	0.626	0.85	0.96	0	TRUE	28	27	0.833	0.9	0.956	0	TRUE	131	73	0.478	0.95	0.967	0	FALSE	2218	580	96	1	0.334	0.514	0.045	2218	820	41	1	0.348	0.542	0.051																													partially_confounded	""	0.333		12	0.708	0.619	2218	0.98		
SRP065767	9	4	0.444	0.85	0.937	0	FALSE	42	22	0.524	0.9	0.932	0	TRUE	9	9	1	0.95	0.986	0	FALSE	42	40	0.783	1	0.983	0	TRUE	6149	575	326	1	0.793	0.903	0.376	6149	1095	35	0.998	0.661	0.959	0.274																													balanced	""	0.129		29	0.861	0.817	6149	0.981		
SRP065801	18	23	0.708	0.85	0.913	1	TRUE	362	370	0.825	0.95	0.97	0	FALSE	18	16	0.889	1	0.995	0	TRUE	362	380	0.922	0.95	0.996	0	TRUE	2112	1263	56	0.946	0.579	0.804	0.246	2112	229	107	1	0.529	0.681	0.201																													partially_confounded	""	0.5		8	0.392	0.849	2112	0.941		
SRP065842	37	36	0.973	0.95	0.989	0	TRUE	353	364	0.82	0.9	0.983	0	TRUE	37	37	0.947	0.95	0.999	0	FALSE	353	358	0.943	0.95	0.999	0	TRUE	5086	0	3260			0.402		5086	808	7	1	0.323	0.416	0.021																													balanced	""	0.014		17	0.609	0.84	5086	0.995		
SRP066097	13	9	0.571	0.85	0.959	0	TRUE	35	41	0.689	1	0.974	0	TRUE	13	3	0.231	0.75	0.869	0	FALSE	35	30	0.548	1	0.884	0	TRUE	1	1	0	1	1.995		1	1	1	0	1	1.995		1																													balanced	""	0.1		18	0	0	1	0.987		
SRP067091	23	24	0.88	0.9	0.957	0	TRUE	248	278	0.759	1	0.973	0	TRUE	23	16	0.696	0.85	0.949	0	TRUE	248	214	0.711	1	0.951	0	TRUE	805	298	63	1	0.288	0.384	0.007	805	805	0	0.995	0.348		0.011																													mildly_imbalanced	""	0.25		6	0.584	0	805	0.973		
SRP067339	21	25	0.586	0.75	0.871	0	TRUE	198	241	0.735	0.5	0.941	0	TRUE	21	18	0.857	0.9	0.985	0	TRUE	198	201	0.891	0.95	0.989	0	TRUE	1	1	1	1	1.362		1	1	1	0	1	1.362		1																													partially_confounded	""	0.464		11	0	0	1	0.92		
SRP067454	32	33	0.97	1	0.998	0	TRUE	393	385	0.95	1	0.998	0	TRUE	32	31	0.969	0.95	0.998	0	TRUE	393	379	0.964	1	0.999	0	TRUE	17619	66	130	1	0.277	1.169	0	17619	61	25	1	0.285	1.169	0																													balanced	""	0.108		27	0.989	0.995	17619	0.999		
SRP067490	19	19	1	0.95	0.982	0	TRUE	156	226	0.675	0.7	0.988	0	FALSE	19	12	0.348	0.75	0.888	0	TRUE	156	4	0.026	0.4	0.857	0	FALSE	5	0	1			0.273		5	4	1	1	0.262	1.07	0																													balanced	""	0.125		12	0.833	0.167	5	0.992		
SRP067600	23	19	0.615	0.7	0.786	0	FALSE	242	205	0.5	0.65	0.832	2	TRUE	23	23	0.84	0.9	0.973	0	TRUE	242	183	0.714	0.75	0.981	0	TRUE	479	370	223	0.962	1.447	1.433	0.668	479	60	100	1	1.104	1.497	0.533																													partially_confounded	""	0.667		15	0.155	0.724	479	0.699		
SRP067752	30	30	1	0.95	0.994	0	TRUE	247	246	0.84	0.9	0.981	0	TRUE	30	30	1	1	0.998	0	TRUE	247	241	0.906	0.95	0.995	0	TRUE	4479	1	2155	1	1.299	0.612	1	4479	183	237	1	0.33	0.63	0.169																													balanced	""	0		12	0.675	0.911	4479	0.99		
SRP068384	31	33	0.882	0.95	0.989	0	TRUE	492	482	0.888	0.95	0.99	0	TRUE	31	31	1	1	0.992	0	TRUE	492	458	0.889	0.95	0.993	0	TRUE	5360	0	2172			0.43		5360	1836	82	1	0.364	0.468	0.07																													balanced	""	0.071		15	0.712	0.648	5360	0.986		
SRP068500	12	12	0.846	0.9	0.981	0	TRUE	207	231	0.81	0.85	0.978	0	TRUE	12	5	0.214	0.6	0.702	1	FALSE	207	51	0.157	0.3	0.759	8	TRUE	71	0	32			0.774		71	18	5	1	0.537	0.813	0.167																													balanced	""	0		10	0.689	0.697	71	0.995		
SRP069292	20	23	0.593	0.8	0.874	1	TRUE	239	190	0.479	0.95	0.834	3	FALSE	20	22	0.75	0.85	0.925	1	TRUE	239	270	0.606	0.95	0.915	0	TRUE	37	27	0	1	1.1	1.652	0.556	37	27	0	1	1.095	1.652	0.519																													partially_confounded	""	0.5		8	0.27	0.27	37	0.756		
SRP069772	31	29	0.875	0.85	0.962	0	TRUE	197	148	0.651	0.8	0.94	0	TRUE	31	12	0.303	0.65	0.631	1	FALSE	197	18	0.059	0.1	0.598	19	FALSE	1	0	0			3.863		1	0	0			3.863																														balanced	""	0.143		14	1	1	1	0.916		
SRP069873	0	3	0	0.95	0.967	0	FALSE	5	3	0.6	0.6	0.964	0	TRUE	0	1	0	0.65	0.869	0	FALSE	5	5	0.25	0.7	0.831	0	TRUE	38	9	2	1	8.807	8.465	1	38	20	2	0.9	8.473	8.569	1																													mildly_imbalanced	""	0.2		10	0.725	0.45	38	0.985		
SRP070188	25	27	0.926	0.95	0.998	0	TRUE	169	168	0.872	1	0.996	0	TRUE	25	27	0.857	0.9	0.993	0	TRUE	169	159	0.726	0.9	0.985	0	TRUE	3277	332	85	1	0.659	0.959	0.22	3277	67	690	1	0.532	0.926	0.313																													balanced	""	0.111		15	0.876	0.809	3277	0.998		
SRP070440	14	14	1	1	0.997	0	TRUE	82	87	0.878	0.95	0.997	0	TRUE	14	14	0.75	0.9	0.934	0	TRUE	82	75	0.653	0.8	0.965	0	TRUE	98	13	5	1	0.663	0.997	0.154	98	31	4	1	0.688	1.008	0.323	14	12	0.733	0.85	0.936	0	TRUE	82	57	0.495	0.8	0.949	0	TRUE	14	16	0.875	0.9	0.98	0	FALSE	82	156	0.506	0.75	0.98	0	FALSE	balanced	partially_confounded	0	0.866	12	0.825	0.657	98	0.998	0.581	0.701
SRP070571	6	12	0.385	0.65	0.49	0	FALSE	35	32	0.489	0.65	0.812	0	FALSE	6	11	0.545	0.85	0.857	0	TRUE	35	65	0.389	0.55	0.934	0	FALSE	98	33	22	1	0.85	1.382	0.364	98	51	12	1	0.876	1.815	0.412																													mildly_imbalanced	""	0.25		8	0.542	0.427	98	0.948		
SRP070642	21	20	0.952	0.95	0.986	0	TRUE	201	172	0.768	0.9	0.972	0	TRUE	21	21	1	1	0.992	0	TRUE	201	199	0.843	0.95	0.988	0	TRUE	3133	2215	7	0.82	0.927	1.242	0.465	3133	273	228	1	0.822	1.052	0.414																													partially_confounded	""	0.5		15	0.292	0.851	3133	0.971		
SRP070673	6	5	0.833	0.95	0.984	0	TRUE	0	0		0.25	0.988	0	FALSE	6	5	0.833	0.95	0.976	0	TRUE	0	0		0.2	0.973	0	FALSE	2	0	0			0.792		2	0	0			0.792																														balanced	""	0.022		92	1	1	2	0.996		
SRP070767	17	15	0.882	0.95	0.997	0	TRUE	84	80	0.907	1	0.997	0	TRUE	17	23	0.667	0.9	0.962	1	FALSE	84	137	0.567	0.65	0.973	0	FALSE	237	0	25			0.256		237	19	34	1	0.228	0.263	0	17	13	0.765	0.95	0.996	0	TRUE	84	82	0.865	0.95	0.995	0	TRUE	17	14	0.722	0.9	0.958	0	FALSE	84	66	0.596	0.6	0.955	0	FALSE	balanced	balanced	0	0	48	0.905	0.804	237	1	0.765	0.806
SRP070769	13	13	1	0.95	0.997	0	TRUE	48	44	0.878	0.95	0.993	0	TRUE	13	10	0.769	0.9	0.904	0	TRUE	48	62	0.507	0.6	0.958	0	TRUE	155	0	18			0.244		155	28	8	1	0.174	0.264	0	13	14	0.929	0.95	0.967	0	TRUE	48	56	0.793	0.95	0.971	0	TRUE	13	13	1	1	0.997	0	TRUE	48	41	0.854	0.95	0.991	0	TRUE	balanced	balanced	0.033	0.065	47	0.896	0.779	155	0.999	0.477	0.916
SRP070770	15	17	0.882	0.9	0.989	0	FALSE	234	236	0.836	0.9	0.983	0	TRUE	15	15	1	0.95	0.997	0	TRUE	234	229	0.937	0.95	0.998	0	TRUE	3	0	0			0.434		3	0	0			0.434		15	17	0.882	0.85	0.987	0	FALSE	234	242	0.845	0.9	0.979	0	TRUE	15	20	0.75	0.85	0.986	0	FALSE	234	238	0.837	0.9	0.978	0	TRUE	balanced	balanced	0.033	0.065	47	1	1	3	0.99	1	0.75
SRP070775	3	5	0.6	0.85	0.971	0	TRUE	50	43	0.824	0.9	0.987	0	TRUE	3	2	0.667	0.95	0.998	0	FALSE	50	48	0.885	0.95	0.995	0	TRUE	4095	125	106	0.968	2.534	0.188	0.64	4095	94	115	1	0.13	0.194	0.053	3	2	0.667	0.8	0.976	0	TRUE	50	36	0.623	0.85	0.983	0	TRUE	3	1	0.333	0.85	0.968	0	TRUE	50	45	0.827	0.9	0.984	0	TRUE	balanced	balanced	0	0	48	0.945	0.95	4095	0.992	0.908	0.916
SRP070906	19	15	0.478	0.65	0.873	0	TRUE	251	256	0.668	0.55	0.923	1	TRUE	19	21	0.905	1	0.99	0	FALSE	251	265	0.918	1	0.997	0	TRUE	2022	1151	182	0.974	0.282	0.328	0.05	2022	245	89	1	0.286	0.312	0.057																													partially_confounded	""	0.657		12	0.395	0.842	2022	0.927		
SRP070944	12	11	0.769	0.8	0.935	0	TRUE	81	84	0.422	0.65	0.929	0	FALSE	12	11	0.917	0.95	0.984	0	TRUE	81	61	0.711	0.85	0.989	0	TRUE	3	2	0	0.5	1.908	5.791	1	3	1	0	1	1.496	4.056	1																													partially_confounded	""	0.4		10	0.333	0.667	3	0.89		
SRP071333	14	14	0.75	0.85	0.969	0	TRUE	305	314	0.853	0.85	0.981	0	TRUE	14	16	0.765	0.95	0.994	0	TRUE	305	293	0.929	0.95	0.996	0	TRUE	7	3	1	1	2.14	0.821	0.667	7	6	0	1	0.914	0.734	0.333																													mildly_imbalanced	""	0.164		21	0.5	0.143	7	0.964		
SRP071883	18	14	0.778	0.9	0.969	0	TRUE	47	52	0.623	0.8	0.926	0	FALSE	18	19	0.682	0.75	0.906	0	FALSE	47	104	0.385	0.45	0.854	0	FALSE	72	69	0	0.928	0.545	0.847	0.13	72	48	4	1	0.492	0.834	0.125																													partially_confounded	""	0.5		9	0.042	0.316	72	0.932		
SRP072457	27	29	0.931	0.85	0.975	0	FALSE	275	296	0.807	0.95	0.979	0	TRUE															979	0	2654			0.695																																					balanced	""	0		8	0.269		979	0.992		
SRP072844	19	14	0.737	0.75	0.95	0	FALSE	149	69	0.434	0.5	0.948	0	TRUE	19	12	0.348	0.45	0.555	1	FALSE	149	88	0.072	0.1	0.522	28	FALSE	2	1	0	1	0.411	1.115	0	2	2	0	0.5	0.763		0.5																													mildly_imbalanced	""	0.25		8	0.5	0	2	0.959		
SRP072877	14	20	0.478	0.8	0.905	0	TRUE	26	97	0.255	0.4	0.807	0	FALSE															530	72	227	1	0.562	0.728	0.139																																				partially_confounded	""	0.333		12	0.605		530	0.917		
SRP073042	20	18	0.81	0.95	0.917	0	FALSE	95	138	0.553	0.65	0.906	0	TRUE	20	19	0.773	0.9	0.975	0	TRUE	95	115	0.78	0.9	0.982	0	TRUE	3590	1689	111	0.85	0.804	1.55	0.368	3590	471	66	1	0.623	1.245	0.246																													partially_confounded	""	0.6		10	0.514	0.853	3590	0.945		
SRP073086	11	11	1	0.9	0.993	0	TRUE	202	209	0.885	0.95	0.996	0	TRUE	11	13	0.714	0.9	0.931	0	FALSE	202	239	0.723	0.75	0.954	0	TRUE	1	0	0			0.351		1	0	0			0.351		11	12	0.917	0.9	0.977	0	TRUE	202	235	0.791	0.9	0.983	0	FALSE	11	11	1	0.95	0.991	0	TRUE	202	234	0.787	0.85	0.984	0	TRUE	balanced	balanced	0.052	0.031	59	1	1	1	0.997	1	1
SRP073224	29	22	0.417	0.45	0.394	2	FALSE	79	265	0.135	0.05	0.463	6	FALSE	29	28	0.839	0.9	0.951	0	TRUE	79	50	0.613	0.85	0.962	0	TRUE	717	378	331	0.825	0.677	1.002	0.243	717	158	42	1	0.515	0.883	0.177																													partially_confounded	""	0.75		8	0.323	0.736	717	0.766		
SRP073498	18	15	0.833	1	0.996	0	TRUE	295	308	0.914	1	0.995	0	TRUE	18	17	0.842	0.95	0.982	0	TRUE	295	315	0.883	0.9	0.992	1	TRUE	11688	662	166	1	0.747	1.594	0.381	11688	498	407	1	0.847	1.569	0.432																													balanced	""	0.107		11	0.93	0.925	11688	0.999		
SRP073609	22	23	0.8	0.9	0.953	0	FALSE	166	173	0.712	0.85	0.957	0	FALSE	22	22	1	0.95	0.986	0	TRUE	166	173	0.873	0.95	0.994	0	TRUE	661	0	1376			0.827		661	168	11	1	0.591	0.947	0.244																													balanced	""	0		10	0.324	0.734	661	0.988		
SRP074136	32	31	0.909	0.95	0.997	0	TRUE	282	285	0.853	0.9	0.991	0	TRUE	32	32	0.882	1	0.998	0	TRUE	282	290	0.907	0.95	0.996	0	TRUE	4124	112	719	1	0.574	0.882	0.214	4124	443	146	1	0.604	0.899	0.296																													balanced	""	0.089		14	0.828	0.862	4124	0.994		
SRP074146	23	25	0.846	0.95	0.975	0	TRUE	22	36	0.526	0.75	0.955	0	FALSE	23	25	0.92	1	0.997	0	TRUE	22	27	0.815	1	0.997	0	TRUE	5157	1548	176	0.987	0.778	1.028	0.331	5157	225	69	1	0.89	0.96	0.413	23	23	0.84	0.95	0.98	0	TRUE	22	32	0.543	0.75	0.955	0	FALSE	23	26	0.815	0.95	0.974	0	TRUE	22	36	0.568	0.75	0.966	0	FALSE	partially_confounded	balanced	0.4	0.129	22	0.677	0.944	5157	0.98	0.719	0.651
SRP075249	27	31	0.871	0.9	0.992	0	TRUE	294	294	0.755	0.85	0.982	0	TRUE	27	37	0.684	0.8	0.978	0	TRUE	294	443	0.501	0.7	0.933	2	TRUE	1095	604	43	1	2.522	2.809	0.997	1095	0	2424			2.672																														mildly_imbalanced	""	0.167		9	0.431	0.311	1095	0.992		
SRP075921	22	20	0.75	0.85	0.957	0	TRUE	98	65	0.538	0.7	0.951	0	TRUE	22	22	1	0.95	0.999	0	TRUE	98	92	0.919	1	1	0	TRUE	8253	2230	145	0.877	0.212	0.418	0.037	8253	243	19	1	0.165	0.354	0.016																													partially_confounded	""	0.322		29	0.717	0.968	8253	0.981		
SRP075923	13	14	0.929	0.95	0.997	0	TRUE	175	174	0.918	0.9	0.997	0	TRUE	13	12	0.923	0.95	0.998	0	TRUE	175	184	0.88	1	0.99	0	TRUE	5696	224	52	1	1.082	0.956	0.562	5696	580	64	1	1.025	0.951	0.531																													balanced	""	0.067		35	0.952	0.888	5696	0.999		
SRP075924	18	17	0.522	0.75	0.952	0	TRUE	220	250	0.561	0.85	0.93	0	TRUE	18	21	0.857	0.9	0.996	0	TRUE	220	232	0.891	1	0.994	0	TRUE	11	11	0	1	3.462		1	11	11	0	1	3.462		1																													partially_confounded	""	0.464		11	0	0	11	0.872		
SRP076021	23	22	0.875	0.95	0.989	0	FALSE	202	178	0.863	0.85	0.986	0	FALSE	23	22	0.875	0.95	0.995	0	TRUE	202	202	0.87	0.95	0.989	0	TRUE	663	347	4	1	1.049	1.668	0.53	663	352	5	1	1.088	1.643	0.56																													mildly_imbalanced	""	0.167		12	0.474	0.466	663	0.991		
SRP076455	2	2	0.333	0.6	0.674	0	FALSE	130	84	0.408	0.6	0.858	1	TRUE	2	2	1	0.95	0.961	0	TRUE	130	149	0.8	0.9	0.981	0	TRUE	3184	2134	345	0.71	0.501	0.751	0.168	3184	112	604	1	0.402	0.568	0.125																													partially_confounded	""	0.75		16	0.298	0.811	3184	0.668		
SRP076866	27	25	0.793	0.9	0.965	0	TRUE	291	293	0.698	0.8	0.948	0	TRUE	27	25	0.793	0.8	0.958	0	TRUE	291	239	0.699	0.7	0.932	0	TRUE	21	9	2	1	1.821	3.121	0.778	21	8	1	1	1.489	3.375	0.625																													mildly_imbalanced	""	0.2		10	0.522	0.591	21	0.973		
SRP076940	17	17	1	0.95	0.99	0	TRUE	143	154	0.856	0.9	0.997	0	TRUE	17	13	0.765	0.9	0.951	0	TRUE	143	195	0.572	0.55	0.912	0	TRUE	210	43	4	1	0.329	0.395	0.093	210	53	67	1	0.309	0.418	0.057																													balanced	""	0		12	0.78	0.567	210	0.999		
SRP077095	28	28	0.867	0.95	0.99	0	TRUE	190	215	0.776	0.75	0.986	0	TRUE	28	30	0.933	0.9	0.999	0	TRUE	190	191	0.896	0.95	0.994	0	TRUE	13615	1121	290	1	1.022	1.507	0.508	13615	1952	68	1	1.089	1.537	0.522																													mildly_imbalanced	""	0.25		9	0.899	0.852	13615	0.995		
SRP077214	31	32	0.969	0.9	0.993	0	TRUE	533	524	0.936	0.95	0.996	0	TRUE	31	29	0.935	0.95	0.997	0	TRUE	533	521	0.941	0.95	0.997	0	TRUE	10029	1275	276	1	0.312	0.419	0.093	10029	1440	157	1	0.311	0.421	0.097																													partially_confounded	""	0.35		9	0.849	0.843	10029	0.991		
SRP077673	3	4	0.75	0.8	0.909	0	TRUE	9	8	0.545	0.7	0.935	0	TRUE	3	3	1	0.9	0.972	0	TRUE	9	8	0.889	0.8	0.976	0	TRUE	1594	620	76	0.963	2.832	3.675	0.679	1594	362	13	1	1.184	3.691	0.528																													partially_confounded	""	0.333		8	0.583	0.767	1594	0.964		
SRP078061	19	20	0.857	0.9	0.968	0	TRUE	202	194	0.643	0.7	0.951	0	FALSE	19	18	0.682	0.75	0.94	1	TRUE	202	188	0.461	0.65	0.886	4	FALSE	8	2	1	1	0.936	0.636	0.5	8	3	0	1	0.796	0.546	0.333																													mildly_imbalanced	""	0.167		12	0.667	0.625	8	0.97		
SRP078062	22	21	0.955	0.95	0.99	0	TRUE	137	147	0.906	1	0.995	0	TRUE	22	21	0.955	1	0.998	0	TRUE	137	160	0.845	1	0.997	0	FALSE	4291	164	161	1	0.149	0.229	0	4291	215	107	1	0.142	0.23	0																													balanced	""	0		10	0.927	0.927	4291	0.999		
SRP078270	20	18	0.9	0.95	0.993	0	TRUE	161	152	0.874	0.95	0.995	0	TRUE	20	20	0.905	0.95	0.994	0	TRUE	161	171	0.908	0.95	0.997	0	TRUE	79	4	13	1	0.631	0.902	0.25	79	20	1	1	0.601	0.974	0.25																													balanced	""	0		12	0.815	0.738	79	0.999		
SRP078380	5	5	1	0.95	0.994	0	TRUE	32	33	0.912	0.95	0.999	0	TRUE	5	5	1	0.95	0.998	0	TRUE	32	32	0.939	0.95	0.998	0	TRUE	2	0	0			0.967		2	0	0			0.967																														balanced	""	0		32	1	1	2	0.999		
SRP079900	21	22	0.955	0.95	0.997	0	TRUE	81	79	0.86	0.9	0.993	0	TRUE	21	23	0.913	1	0.997	0	TRUE	81	77	0.881	0.85	0.994	0	TRUE	4140	85	126	1	0.502	0.59	0.329	4140	191	53	1	0.681	0.589	0.398																													balanced	""	0.049		34	0.951	0.942	4140	0.998		
SRP080864	19	20	0.95	0.95	0.997	0	TRUE	245	248	0.949	1	0.996	0	TRUE	19	21	0.905	1	0.996	0	TRUE	245	249	0.922	0.85	0.995	0	TRUE	1	0	1			1.444		1	0	0			1.444																														balanced	""	0		12	0.5	1	1	0.996		
SRP081004	26	24	0.724	0.8	0.953	0	TRUE	229	206	0.635	0.7	0.952	0	TRUE	26	22	0.846	0.9	0.981	0	TRUE	229	205	0.793	0.85	0.981	0	FALSE	371	104	104	1	0.5	0.843	0.192	371	124	11	1	0.567	0.814	0.234	26	9	0.167	0.45	0.69	2	FALSE	229	132	0.352	0.5	0.715	9	FALSE	26	23	0.633	0.75	0.928	0	TRUE	229	174	0.593	0.65	0.937	0	TRUE	mildly_imbalanced	partially_confounded	0.167	1.095	16	0.562	0.647	371	0.96	0.166	0.56
SRP081089	20	20	0.818	0.9	0.974	0	TRUE	77	72	0.753	0.95	0.967	0	TRUE	20	21	0.783	0.9	0.985	0	TRUE	77	97	0.74	1	0.98	0	TRUE	75	42	0	1	5.052	6.201	1	75	10	10	1	4.731	5.686	1																													balanced	""	0.118		21	0.44	0.765	75	0.99		
SRP082219	14	12	0.857	0.95	0.991	0	TRUE	269	267	0.848	0.9	0.995	0	TRUE	14	13	0.929	1	0.991	0	TRUE	269	255	0.912	1	0.994	0	TRUE	561	12	86	1	0.312	0.346	0.083	561	37	55	1	0.302	0.352	0																													balanced	""	0.069		17	0.849	0.851	561	0.998		
SRP082273	7	8	0.875	0.95	0.983	0	FALSE	9	9	0.8	0.7	0.967	0	FALSE	7	12	0.462	0.8	0.922	0	FALSE	9	3	0.333	0.65	0.911	0	FALSE	1955	327	95	1	0.944	1.265	0.471	1955	166	476	1	0.775	1.262	0.319																													mildly_imbalanced	""	0.15		9	0.794	0.736	1955	0.987		
SRP082367	20	22	0.909	0.95	0.992	0	TRUE	237	262	0.869	0.95	0.995	0	TRUE	20	18	0.727	0.8	0.902	0	TRUE	237	124	0.421	0.7	0.802	9	TRUE	20	12	0	1	2.469	2.95	1	20	17	0	1	2.604	2.56	1																													balanced	""	0		12	0.4	0.15	20	0.993		
SRP082985	4	4	1	0.9	0.982	0	TRUE	14	13	0.688	0.8	0.954	0	FALSE	4	4	1	1	0.997	0	TRUE	14	12	0.857	0.9	0.994	0	TRUE	7047	1053	1058	0.996	0.412	1.438	0.173	7047	446	213	1	0.58	1.009	0.397																													partially_confounded	""	0.5		12	0.74	0.909	7047	0.971		
SRP083914	28	28	1	1	0.999	0	TRUE	430	446	0.955	1	1	0	TRUE	28	27	0.964	1	0.996	0	TRUE	430	424	0.932	0.95	0.998	0	TRUE	7228	52	146	1	0.314	0.429	0.058	7228	243	185	1	0.3	0.435	0.045																													balanced	""	0		56	0.973	0.942	7228	1		
SRP089713	17	16	0.941	0.95	0.963	0	TRUE	85	54	0.598	0.85	0.976	0	TRUE	17	17	0.889	0.85	0.967	0	TRUE	85	129	0.518	0.8	0.976	0	FALSE	2777	730	141	0.999	1.098	1.748	0.532	2777	1133	30	1	1.019	2.906	0.503																													mildly_imbalanced	""	0.175		18	0.702	0.586	2777	0.992		
SRP090141	15	18	0.833	0.9	0.992	0	TRUE	204	199	0.874	0.9	0.994	0	TRUE	15	34	0.441	0.75	0.867	0	FALSE	204	298	0.554	0.8	0.912	0	TRUE	566	148	28	1	0.353	0.538	0.054	566	291	108	0.997	0.371	0.597	0.103																													balanced	""	0		8	0.704	0.408	566	0.998		
SRP090360	32	16	0.412	0.85	0.914	0	FALSE	284	170	0.388	0.45	0.892	3	TRUE	32	32	1	0.95	0.998	0	TRUE	284	284	0.959	0.95	0.997	0	TRUE	380	91	71	1	1.023	1.256	0.516	380	55	4	1	0.946	1.256	0.455																													partially_confounded	""	0.3		16	0.641	0.846	380	0.796		
SRP090395	4	5	0.125	0.4	0.524	0	FALSE	0	1	0	0.45	0.627	0	FALSE	4	8	0.5	0.85	0.927	0	TRUE	0	0		0.5	0.944	0	TRUE	190	162	20	0.679	3.072	4.96	0.815	190	27	17	1	3.541	3.21	0.889																													partially_confounded	""	0.833		12	0.133	0.787	190	0.448		
SRP090476	25	24	0.96	0.9	0.943	0	TRUE	191	188	0.747	0.95	0.956	0	TRUE	25	26	0.962	0.9	0.976	0	FALSE	191	169	0.827	1	0.983	0	TRUE	161	0	4224			1.028		161	161	0	1	1.028		0.534																													mildly_imbalanced	""	0.25		8	0.037	0	161	0.952		
SRP090770	24	21	0.8	0.9	0.973	0	TRUE	141	132	0.75	0.95	0.969	0	TRUE	24	17	0.708	0.9	0.929	0	FALSE	141	84	0.531	0.95	0.935	0	TRUE	3	2	0	1	2.519	3.046	1	3	2	0	1	2.519	3.046	1																													balanced	""	0.1		9	0.333	0.333	3	0.983		
SRP091722	23	27	0.852	0.8	0.963	0	TRUE	303	287	0.782	0.8	0.968	0	TRUE	23	18	0.708	0.9	0.885	2	TRUE	303	268	0.79	0.75	0.981	0	FALSE	63	13	8	1	3.496	4.337	1	63	11	4	1	3.418	4.268	0.909																													balanced	""	0.143		19	0.704	0.776	63	0.955		
SRP091938	23	24	0.88	0.85	0.934	0	TRUE	62	67	0.697	0.75	0.927	0	TRUE	23	28	0.821	0.9	0.968	0	TRUE	62	61	0.952	0.9	0.968	0	TRUE	3	0	0			1.779		3	0	0			1.779																														partially_confounded	""	0.375		16	1	1	3	0.913		
SRP092451	15	16	0.722	0.8	0.967	0	FALSE	245	247	0.809	0.8	0.98	0	TRUE	15	17	0.882	1	0.993	0	TRUE	245	225	0.865	1	0.994	0	TRUE	7047	2548	60	1	0.352	0.485	0.029	7047	814	134	1	0.308	0.441	0.033																													mildly_imbalanced	""	0.174		35	0.633	0.868	7047	0.99		
SRP092532	10	13	0.643	0.85	0.951	0	FALSE	186	165	0.809	0.9	0.979	0	TRUE	10	10	0.429	0.7	0.892	0	TRUE	186	148	0.687	0.75	0.921	0	TRUE	63	9	10	1	1.256	2.21	0.667	63	34	9	1	1.819	2.183	0.824	10	11	0.615	0.75	0.96	0	TRUE	186	85	0.449	0.8	0.948	0	TRUE	10	11	0.5	0.7	0.955	0	FALSE	186	148	0.722	0.75	0.963	0	TRUE	balanced	balanced	0.111	0.379	13	0.74	0.403	63	0.99	0.369	0.595
SRP092552	8	10	0.8	0.8	0.993	0	TRUE	77	76	0.843	0.9	0.991	0	TRUE	8	8	1	0.8	0.998	0	TRUE	77	72	0.84	1	0.997	0	TRUE	9184	278	378	1	0.182	0.31	0.004	9184	430	89	1	0.175	0.313	0.005																													mildly_imbalanced	""	0.159		16	0.931	0.944	9184	0.997		
SRP092799	12	12	1	0.9	0.996	0	TRUE	182	217	0.83	0.95	0.997	0	TRUE	12	17	0.706	0.8	0.978	0	TRUE	182	174	0.78	0.9	0.978	0	TRUE	720	22	46	1	0.51	0.852	0.136	720	127	35	1	0.321	0.936	0.15																													balanced	""	0		12	0.911	0.785	720	0.997		
SRP092900	21	20	0.708	0.8	0.967	0	TRUE	99	114	0.704	1	0.968	0	TRUE	21	25	0.769	0.95	0.955	0	TRUE	99	124	0.715	0.9	0.975	0	TRUE	39	12	18	1	1.355	1.807	0.917	39	33	0	0.97	1.574	2.187	0.97																													mildly_imbalanced	""	0.25		5	0.474	0.154	39	0.98		
SRP093283	0	0		1	0.967	0	TRUE	0	0		0.85	0.959	0	FALSE	0	0		0.9	0.945	0	TRUE	0	0		0.65	0.92	0	TRUE	3711	1383	47	0.983	6.812	8.011	0.967	3711	850	293	0.913	5.731	7.835	0.949																													partially_confounded	""	0.35		9	0.619	0.715	3711	0.976		
SRP093288	24	23	0.958	0.95	0.985	0	TRUE	154	166	0.818	0.75	0.973	0	TRUE	24	25	0.885	0.85	0.987	0	TRUE	154	119	0.645	0.65	0.975	0	TRUE	1	0	0			0.194		1	1	0	1	0.194		0																													balanced	""	0		42	1	0	1	0.98		
SRP093302	32	32	1	0.95	0.994	0	TRUE	374	381	0.873	0.9	0.992	0	TRUE	32	33	0.97	0.9	0.99	0	TRUE	374	385	0.912	0.85	0.993	0	TRUE	13627	595	453	1	0.616	1.413	0.282	13627	630	663	0.992	0.592	1.42	0.268																													partially_confounded	""	0.3		15	0.926	0.91	13627	0.996		
SRP093925	13	15	0.75	0.85	0.891	0	TRUE	212	236	0.73	0.9	0.95	0	TRUE	13	5	0.385	0.7	0.892	0	TRUE	212	103	0.472	0.85	0.875	1	FALSE	2138	793	477	1	1.164	1.904	0.526	2138	1130	546	0.981	0.706	3.168	0.358																													partially_confounded	""	0.375		13	0.514	0.376	2138	0.939		
SRP094853	22	19	0.864	1	0.959	0	TRUE	93	50	0.521	0.8	0.958	0	TRUE	22	22	1	0.9	0.987	0	TRUE	93	111	0.594	0.8	0.965	0	TRUE	1261	1248	0	1	3.799	5.72	0.994	1261	122	461	1	3.32	3.932	0.967																													mildly_imbalanced	""	0.278		15	0.01	0.661	1261	0.986		
SRP094952	26	25	0.889	0.95	0.958	0	FALSE	242	253	0.868	0.75	0.973	0	TRUE	26	24	0.923	1	0.976	0	TRUE	242	245	0.895	0.75	0.985	0	TRUE	4852	511	546	0.998	0.425	0.605	0.127	4852	1214	78	1	0.366	0.699	0.094																													partially_confounded	""	0.4		10	0.804	0.738	4852	0.982		
SRP095064	22	24	0.917	0.95	0.997	0	TRUE	259	248	0.892	1	0.995	0	TRUE	22	22	1	1	0.994	0	TRUE	259	253	0.918	1	0.993	0	TRUE	1886	427	75	1	0.695	0.896	0.26	1886	50	375	1	0.757	0.848	0.24																													balanced	""	0.111		18	0.744	0.812	1886	0.997		
SRP095235	12	18	0.5	0.75	0.884	0	FALSE	73	134	0.511	0.65	0.898	0	TRUE	12	7	0.583	0.85	0.982	0	TRUE	73	60	0.773	0.85	0.972	0	TRUE	4306	3157	26	0.699	0.673	0.983	0.287	4306	15	1371	1	0.981	0.761	0.467	12	22	0.417	0.8	0.805	0	FALSE	73	102	0.446	0.5	0.871	0	TRUE	12	19	0.409	0.75	0.865	0	FALSE	73	122	0.477	0.65	0.898	0	TRUE	partially_confounded	balanced	0.667	0	12	0.265	0.756	4306	0.862	0.335	0.147
SRP095617	26	29	0.571	0.7	0.852	0	TRUE	213	254	0.662	0.75	0.944	0	TRUE	26	12	0.31	0.5	0.65	3	TRUE	213	91	0.305	0.75	0.737	3	TRUE	101	55	1	1	0.412	0.438	0.018	101	101	0	0.733	0.42		0.02																													mildly_imbalanced	""	0.25		8	0.451	0	101	0.931		
SRP095855	24	24	0.92	0.95	0.993	0	TRUE	309	295	0.825	0.95	0.988	0	TRUE	24	26	0.923	1	0.997	0	TRUE	309	305	0.901	0.95	0.996	0	TRUE	9465	1369	149	0.978	1.08	1.056	0.517	9465	179	161	1	0.857	1.06	0.453																													mildly_imbalanced	""	0.286		15	0.842	0.965	9465	0.986		
SRP095936	31	31	0.938	0.95	0.991	0	TRUE	269	270	0.821	0.85	0.973	0	TRUE	31	31	1	1	0.999	0	TRUE	269	266	0.904	0.95	0.996	0	TRUE	12227	1290	846	0.89	0.256	0.453	0.049	12227	244	110	1	0.27	0.435	0.078																													partially_confounded	""	0.5		8	0.837	0.971	12227	0.981		
SRP096052	9	9	0.8	0.95	0.985		FALSE	571	555	0.941	0.9	0.998		TRUE	9	7	0.778	0.9	0.987		FALSE	571	565	0.959	0.95	0.999		FALSE	20836	444	233	1	0.943	2.832	0.477	20836	1922	149	0.99	1.07	3.07	0.534																													balanced	""	0.091		15	0.968	0.901	20836	0.999		
SRP096655	0	0		0.7	0.296	0	FALSE	3	4	0	0.15	0.585	0	FALSE	0	0		0.85	0.915	0	FALSE	3	0	0	0.7	0.955	0	FALSE	1195	82	1817	1	9.908	10.264	1	1195	97	4	1	9.303	10.291	1	0	0		0.55	0.328	0	FALSE	3	2	0	0.1	0.502	0	FALSE	0	0		0.6	0.31	0	FALSE	3	7	0	0.2	0.551	0	FALSE	partially_confounded	balanced	0.5	0	8	0.37	0.916	1195	0.658	0.335	0.424
SRP096738	18	32	0.562	0.8	0.845	0	TRUE	8	74	0.108	0.4	0.704	0	TRUE	18	20	0.52	0.7	0.793	2	FALSE	8	62	0.029	0.2	0.649	0	FALSE	16	3	35	1	1.216	1.073	0.667	16	0	266			1.145																														partially_confounded	""	0.5		8	0.255	0.057	16	0.868		
SRP096963	16	10	0.625	0.9	0.967	0	TRUE	9	0	0	0.55	0.929	0	FALSE	16	18	0.889	0.95	0.944	0	TRUE	9	20	0.381	0.65	0.925	0	FALSE	74	23	7	1	0.924	1.363	0.348	74	21	5	1	0.924	1.332	0.333																													mildly_imbalanced	""	0.167		11	0.63	0.671	74	0.956		
SRP097621	39	34	0.659	0.65	0.908	6	TRUE	646	516	0.587	0.75	0.854	30	FALSE	39	38	0.974	0.95	0.999	0	TRUE	646	644	0.969	0.95	0.999	0	TRUE	3345	1412	1602	1	2.207	2.651	0.869	3345	611	82	1	1.88	2.603	0.81																													partially_confounded	""	0.5		9	0.391	0.798	3345	0.839		
SRP098045	29	12	0.414	0.7	0.789	0	TRUE	297	127	0.329	0.7	0.72	7	TRUE	29	19	0.655	0.9	0.988	0	TRUE	297	223	0.699	0.8	0.959	0	TRUE	1	1	0	1	5.187		1	1	0	0			5.187																														mildly_imbalanced	""	0.167		36	0	1	1	0.714		
SRP098725	18	16	0.789	0.9	0.962	0	TRUE	89	36	0.374	0.6	0.929	0	FALSE	18	17	0.944	0.95	0.997	0	TRUE	89	89	0.894	0.9	0.997	0	TRUE	365	232	13	0.978	0.503	0.693	0.207	365	36	4	1	0.465	0.557	0.194																													mildly_imbalanced	""	0.267		30	0.352	0.892	365	0.963		
SRP098816	7	8	0.875	0.95	0.987	0	TRUE	80	81	0.83	1	0.993	0	TRUE	7	17	0.412	0.8	0.932	0	FALSE	80	120	0.46	0.6	0.898	0	FALSE	1	0	0			5.957		1	1	0	1	5.957		1																													balanced	""	0		21	1	0	1	0.998		
SRP098946	37	34	0.919	0.9	0.977	0	TRUE	467	451	0.877	0.85	0.983	0	TRUE	37	39	0.949	0.95	0.999	0	TRUE	467	462	0.948	0.95	0.999	0	TRUE	5046	2593	33	0.918	1.114	1.491	0.557	5046	162	41	1	0.992	1.306	0.494																													partially_confounded	""	0.389		33	0.483	0.96	5046	0.981		
SRP099072	16	20	0.636	0.8	0.899	0	TRUE	13	45	0.261	0.6	0.785	0	FALSE	16	19	0.842	0.95	0.967	0	TRUE	13	29	0.355	0.6	0.926	0	TRUE	30	7	20	1	1.745	1.784	1	30	10	0	1	1.717	1.886	1																													partially_confounded	""	0.417		7	0.46	0.667	30	0.892		
SRP099234	30	29	0.844	0.9	0.988	0	TRUE	93	136	0.636	0.9	0.976	0	TRUE	30	28	0.933	0.95	0.984	0	TRUE	93	92	0.814	0.65	0.979	0	TRUE	5505	1451	171	0.999	0.858	1.067	0.367	5505	1677	132	1	0.871	1.068	0.388	30	28	0.871	0.9	0.982	0	TRUE	93	109	0.683	0.85	0.97	0	TRUE	30	29	0.844	0.9	0.991	0	TRUE	93	128	0.662	0.9	0.975	0	TRUE	partially_confounded	balanced	0.357	0.134	15	0.714	0.679	5505	0.987	0.721	0.55
SRP099448	21	22	0.792	0.95	0.962	0	TRUE	151	156	0.696	0.75	0.95	0	FALSE	21	21	0.826	0.9	0.973	0	FALSE	151	144	0.867	0.95	0.985	0	TRUE	37	22	1	1	0.639	0.829	0.227	37	8	2	1	0.388	0.763	0																													mildly_imbalanced	""	0.292		28	0.395	0.744	37	0.975		
SRP099567	25	29	0.8	0.9	0.988	0	TRUE	145	191	0.697	0.75	0.987	0	TRUE	25	18	0.654	0.7	0.893	3	TRUE	145	115	0.453	0.55	0.841	1	FALSE	61	22	1	1	0.731	1.36	0.318	61	53	1	0.736	1.087	1.572	0.566																													mildly_imbalanced	""	0.167		7	0.629	0.129	61	0.986		
SRP099592	16	15	0.938	0.9	0.997	0	TRUE	61	200	0.305	0.75	0.992	0	TRUE	16	17	0.833	0.85	0.978	0	TRUE	61	75	0.447	0.55	0.955	0	FALSE	3	0	0			1.187		3	0	0			1.187																														balanced	""	0		32	1	1	3	0.995		
SRP099973	3	6	0.5	0.9	0.976	0	TRUE	6	1	0.167	0.6	0.973	0	TRUE	3	4	0.75	0.9	0.972	0	TRUE	6	0	0	0.6	0.966	0	FALSE	49	22	1	1	5.308	8.088	1	49	28	1	1	5.462	7.957	1	3	1	0.333	0.6	0.809	0	FALSE	6	4	0.25	0.45	0.861	0	FALSE	3	5	0.6	0.8	0.948	0	TRUE	6	8	0.556	0.7	0.948	0	TRUE	mildly_imbalanced	mildly_imbalanced	0.25	0.749	8	0.54	0.42	49	0.986	0.023	0
SRP100466	10	11	0.75	0.9	0.952	0	TRUE	39	38	0.75	0.8	0.96	0	FALSE	10	12	0.833	0.9	0.997	0	TRUE	39	38	0.878	0.95	0.998	0	TRUE	602	31	163	1	0.211	0.173	0.032	602	16	12	1	0.156	0.174	0.125																													balanced	""	0.117		63	0.746	0.954	602	0.987		
SRP100979	17	18	0.944	1	0.993	0	TRUE	25	46	0.543	0.9	0.978	0	TRUE	17	20	0.609	0.8	0.95	0	TRUE	25	80	0.28	0.55	0.935	0	TRUE	385	1	196	1	2.684	1.033	1	385	129	32	1	0.827	1.14	0.349																													balanced	balanced	0	0	12	0.661	0.614	385	0.996		
SRP101363	6	5	0.571	0.8	0.838	0	TRUE	160	117	0.649	0.7	0.901	0	TRUE	6	9	0.667	0.85	0.924	0	TRUE	160	110	0.688	0.75	0.935	0	FALSE	22	0	53			1.541		22	22	0	1	1.541		0.864																													mildly_imbalanced	""	0.25		8	0.293	0	22	0.872		
SRP101373	0	4	0	0.7	0.796	0	FALSE	0	0		0.35	0.874	0	FALSE	0	0		0.75	0.848	0	FALSE	0	0		0.45	0.839	0	TRUE	40	19	3	0.895	7.511	6.952	0.947	40	8	12	1	7.332	7.21	0.875																													partially_confounded	""	0.333		8	0.488	0.615	40	0.968		
SRP101444	28	28	1	0.95	0.997	0	TRUE	261	263	0.934	0.85	0.996	0	TRUE	28	29	0.966	0.95	0.991	0	TRUE	261	277	0.888	0.9	0.991	0	TRUE	364	45	16	1	0.96	1.486	0.489	364	28	59	1	1.263	1.466	0.679																													balanced	""	0		8	0.839	0.794	364	0.999		
SRP101453	5	5	1	0.95	0.97	0	TRUE	0	0		0.65	0.929	0	TRUE	5	3	0.6	0.9	0.947	0	TRUE	0	0		0.6	0.953	0	TRUE	32	8	2	1	0.427	0.421	0	32	4	7	1	0.385	0.43	0																													balanced	""	0		10	0.706	0.718	32	0.944		
SRP101460	26	25	0.889	0.85	0.989	0	TRUE	147	174	0.663	0.65	0.952	0	FALSE	26	23	0.581	0.6	0.749	2	FALSE	147	116	0.19	0.2	0.694	20	TRUE	11	0	842			2.869		11	11	0	1	2.869		1																													balanced	""	0		16	0.013	0	11	0.955		
SRP101577	30	30	1	0.95	0.994	0	TRUE	278	266	0.882	0.95	0.995	0	TRUE	30	31	0.968	0.95	0.989	0	TRUE	278	263	0.797	0.75	0.984	0	TRUE	1291	279	27	1	0.525	0.86	0.082	1291	158	90	1	0.559	0.823	0.127																													mildly_imbalanced	""	0.2		10	0.768	0.82	1291	0.995		
SRP101579	37	37	0.947	0.95	0.995	0	TRUE	610	632	0.926	0.95	0.996	0	TRUE	37	37	1	0.95	0.997	0	TRUE	610	590	0.945	0.9	0.998	0	TRUE	9839	1189	288	1	0.527	0.661	0.298	9839	1428	296	1	0.473	0.676	0.253																													mildly_imbalanced	""	0.25		9	0.854	0.83	9839	0.992		
SRP101617	29	27	0.867	0.9	0.946	0	FALSE	370	320	0.695	0.85	0.861	0	FALSE	29	34	0.8	0.75	0.925	0	FALSE	370	1	0.003	0.1	0.903	0	FALSE	333	103	229	0.922	7.979	8.632	1	333	332	0	0.623	8.401	3.06	1																													balanced	""	0.133		8	0.409	0.003	333	0.943		
SRP101878	14	12	0.857	0.85	0.988	0	TRUE	127	130	0.836	0.85	0.983	0	TRUE	14	17	0.824	0.9	0.99	0	TRUE	127	110	0.809	0.8	0.991	0	TRUE	30	1	17	1	3.118	1.7	1	30	2	5	1	2.344	1.772	1																													balanced	""	0		12	0.617	0.8	30	0.988		
SRP101985	25	21	0.769	0.9	0.993	0	TRUE	212	216	0.853	0.85	0.994	0	TRUE	25	25	0.923	0.9	0.99	0	TRUE	212	227	0.845	0.9	0.992	0	TRUE	7487	166	691	0.988	1.202	0.695	0.542	7487	1974	66	1	1.202	0.664	0.541																													balanced	""	0.018		15	0.895	0.73	7487	0.994		
SRP102241	11	10	0.75	0.95	0.993	0	TRUE	99	112	0.715	0.8	0.993	0	TRUE	11	9	0.667	0.95	0.983	0	TRUE	99	130	0.568	0.8	0.978	0	TRUE	3077	196	164	1	0.225	0.281	0.015	3077	746	144	1	0.235	0.296	0.017																													balanced	""	0.134		23	0.889	0.724	3077	0.998		
SRP102454	17	17	1	0.95	0.999	0	TRUE	71	74	0.908	0.95	0.997	0	TRUE	17	17	0.889	0.9	0.995	0	TRUE	71	76	0.793	0.85	0.993	0	FALSE	2985	35	43	1	0.296	0.333	0	2985	407	64	1	0.266	0.346	0.017																													balanced	""	0.014		69	0.974	0.846	2985	1		
SRP102789	23	22	0.875	0.9	0.966	0	TRUE	143	143	0.744	0.75	0.975	0	TRUE	23	27	0.786	0.9	0.966	0	TRUE	143	161	0.661	0.65	0.943	0	TRUE	2499	752	165	1	1.923	2.501	0.895	2499	155	964	1	1.532	2.396	0.768																													mildly_imbalanced	""	0.167		7	0.656	0.677	2499	0.993		
SRP103932	31	31	0.938	1	0.995	0	FALSE	337	336	0.928	0.95	0.997	0	TRUE	31	25	0.647	0.8	0.857	1	TRUE	337	337	0.504	0.6	0.896	2	TRUE	53	25	0	1	0.593	0.725	0.16	53	43	2	1	0.638	0.715	0.163																													balanced	""	0.091		22	0.528	0.182	53	0.998		
SRP105166	17	22	0.773	0.85	0.978	0	TRUE	310	335	0.864	0.8	0.984	0	TRUE	17	18	0.842	0.9	0.993	0	TRUE	310	294	0.853	0.9	0.991	0	FALSE	829	15	399	1	3.274	0.896	0.933	829	135	28	1	0.732	0.946	0.281																													balanced	""	0.129		17	0.663	0.81	829	0.984		
SRP105321	26	25	0.962	0.9	0.976	0	TRUE	223	208	0.781	0.65	0.968	0	FALSE	26	25	0.962	0.95	0.96	0	TRUE	223	237	0.769	0.85	0.966	0	TRUE	79	1	133	1	6.345	2.972	1	79	3	120	1	6.111	2.943	1	26	26	1	0.85	0.973	0	TRUE	223	214	0.762	0.7	0.964	0	FALSE	26	24	0.923	0.9	0.957	0	TRUE	223	211	0.764	0.7	0.957	0	FALSE	mildly_imbalanced	balanced	0.167	0.296	9	0.368	0.382	79	0.973	0.388	0.216
SRP106312	25	26	0.889	0.95	0.963	0	TRUE	205	217	0.811	0.8	0.965	0	TRUE	25	24	0.96	1	0.961	0	TRUE	205	197	0.811	0.9	0.983	0	TRUE	3941	492	635	1	0.878	1.305	0.413	3941	753	167	1	0.988	1.319	0.494																													partially_confounded	""	0.3		11	0.754	0.776	3941	0.984		
SRP106605	17	30	0.343	0.65	0.356	1	FALSE	80	314	0.126	0.2	0.375	1	FALSE	17	21	0.81	0.9	0.993	0	TRUE	80	97	0.77	0.65	0.991	0	TRUE	12688	11426	551	0.194	2.056	4.069	0.618	12688	305	329	1	0.448	2.433	0.151																													partially_confounded	""	0.871		40	0.095	0.951	12688	0.582		
SRP107001	30	31	0.848	0.95	0.996	0	TRUE	507	541	0.878	0.85	0.988	0	TRUE	30	30	1	1	0.999	0	TRUE	507	503	0.965	1	1	0	TRUE	8	0	508			1.877		8	8	0	1	1.877		0.75																													balanced	""	0.016		16	0.016	0	8	0.987		
SRP107211	23	25	0.846	0.9	0.966	0	TRUE	287	322	0.725	0.6	0.925	0	FALSE	23	21	0.76	0.85	0.979	0	TRUE	287	260	0.811	0.8	0.966	0	TRUE	3	0	20			1.308		3	3	1	1	1.308		1																													mildly_imbalanced	""	0.25		8	0.13	0	3	0.915		
SRP107214	0	0		0.8	0.919	0	FALSE	56	67	0.708	0.85	0.934	0	FALSE	0	5	0	0.6	0.676	0	FALSE	56	53	0.535	0.4	0.802	0	FALSE	352	1	142	1	1.095	0.456	1	352	322	1	0.581	0.434	0.93	0.068																													mildly_imbalanced	""	0.25		8	0.711	0.085	352	0.951		
SRP108079	21	21	1	0.95	0.995	0	TRUE	114	133	0.79	0.9	0.997	0	TRUE	21	23	0.833	0.8	0.973	0	TRUE	114	164	0.607	0.8	0.966	0	TRUE	526	85	20	1	0.55	0.858	0.176	526	233	5	1	0.653	0.99	0.262																													balanced	""	0		14	0.808	0.552	526	0.992		
SRP108489	17	24	0.708	0.85	0.949	0	TRUE	111	133	0.671	0.65	0.94	0	FALSE	17	21	0.727	0.85	0.933	0	FALSE	111	91	0.393	0.8	0.804	0	FALSE	11	0	796			2.753		11	10	0	1	2.725	4.33	1																													balanced	""	0		8	0.014	0.091	11	0.964		
SRP108495	6	5	0.833	0.95	0.983	0	TRUE	9	7	0.6	0.8	0.974	0	TRUE	6	7	0.857	0.95	0.988	0	TRUE	9	16	0.562	0.8	0.975	0	FALSE	4512	206	281	1	2.247	2.082	0.947	4512	1238	51	1	1.619	2.256	0.957																													balanced	""	0.1		20	0.898	0.718	4512	0.995		
SRP108497	32	33	0.97	1	0.998	0	TRUE	182	171	0.929	1	0.996	0	TRUE	32	31	0.969	0.95	0.996	0	TRUE	182	159	0.833	0.95	0.996	0	TRUE	1491	47	51	1	2.099	1.126	0.553	1491	144	14	1	0.733	1.184	0.375																													balanced	""	0.045		25	0.936	0.895	1491	0.993		
SRP108593	9	10	0.727	0.9	0.985	0	TRUE	43	49	0.704	0.8	0.96	0	TRUE	9	12	0.75	0.95	0.996	0	TRUE	43	57	0.724	0.85	0.985	0	TRUE	465	132	19	1	1.101	1.438	0.591	465	151	2	1	1.025	1.549	0.517	14	11	0.562	0.9	0.962	0	FALSE	45	71	0.568	0.85	0.94	0	TRUE	14	10	0.6	0.9	0.933	0	FALSE	45	42	0.475	0.65	0.909	0	TRUE	mildly_imbalanced	balanced	0.167	0	15	0.688	0.672	465	0.974	0.396	0.239
SRP108622	18	18	1	1	0.997	0	TRUE	82	83	0.897	0.95	0.997	0	TRUE	18	19	0.947	0.95	0.997	0	FALSE	82	82	0.802	0.95	0.994	0	TRUE	10424	180	209	1	0.37	0.477	0.122	10424	735	248	1	0.281	0.491	0.087																													balanced	""	0		16	0.963	0.908	10424	0.999		
SRP108766	21	20	0.952	1	0.997	0	TRUE	68	65	0.873	0.95	0.993	0	FALSE	21	19	0.905	0.95	0.988	0	TRUE	68	63	0.679	0.8	0.97	0	FALSE	2154	81	156	1	0.443	0.449	0.136	2154	393	230	1	0.394	0.46	0.076																													balanced	""	0.071		15	0.897	0.739	2154	0.998		
SRP109283	0	1	0	0.9	0.977	0	FALSE	0	0		0.7	0.958	0	FALSE	0	2	0	0.8	0.968	0	TRUE	0	2	0	0.7	0.913	0	FALSE	98	28	2	1	7.373	7.459	1	98	28	3	1	7.722	7.4	0.964	0	3	0	0.4	0.354	0	FALSE	0	0		0.05	0.329	0	FALSE	0	1	0	0.7	0.885	0	FALSE	0	0		0.5	0.878	0	FALSE	balanced	completely_confounded	0.083	1.893	10	0.7	0.693	98	0.993	0.117	0.333
SRP109807	23	24	0.88	0.9	0.954	0	TRUE	119	124	0.699	0.85	0.955	0	FALSE	23	22	0.957	0.9	0.98	0	TRUE	119	87	0.689	0.85	0.977	0	TRUE	1312	35	426	1	0.453	0.672	0.114	1312	219	76	1	0.523	0.7	0.237																													mildly_imbalanced	""	0.2		10	0.735	0.787	1312	0.978		
SRP110495	11	12	0.769	0.9	0.984	0	FALSE	140	142	0.918	0.9	0.987	0	TRUE	11	7	0.636	0.9	0.973	0	TRUE	140	153	0.878	0.8	0.981	0	TRUE	4027	121	227	1	0.209	0.372	0.025	4027	613	135	0.998	0.26	0.388	0.021																													balanced	""	0.144		23	0.918	0.82	4027	0.983		
SRP110981	23	23	1	0.95	0.98	0	TRUE	264	301	0.717	0.95	0.977	0	TRUE	23	23	0.917	1	0.997	0	TRUE	264	259	0.875	0.95	0.995	0	TRUE	12	2	0	1	1.099	2.301	0.5	12	3	0	1	1.008	2.353	0.667																													mildly_imbalanced	""	0.167		14	0.833	0.75	12	0.982		
SRP111204	17	13	0.765	0.85	0.993	0	TRUE	79	102	0.724	0.95	0.983	0	TRUE	17	16	0.737	0.85	0.992	0	TRUE	79	69	0.827	1	0.991	0	TRUE	6417	562	561	1	0.38	0.573	0.048	6417	964	92	1	0.376	0.59	0.047																													partially_confounded	""	0.3		13	0.839	0.838	6417	0.986		
SRP111291	21	21	1	0.95	0.986	0	TRUE	119	122	0.785	0.9	0.99	0	TRUE	21	21	0.68	0.8	0.905	0	FALSE	119	78	0.481	0.7	0.909	0	TRUE	8	0	2			0.555		8	5	0	1	0.48	0.814	0																													balanced	""	0		8	0.8	0.375	8	0.997		
SRP111520	29	29	0.933	1	0.998	0	TRUE	292	298	0.954	0.95	0.996	0	TRUE	29	29	1	1	0.999	0	TRUE	292	298	0.96	1	1	0	TRUE	8892	90	288	1	0.074	0.133	0	8892	44	41	1	0.151	0.132	0	29	27	0.867	1	0.984	1	TRUE	292	272	0.88	0.85	0.991	1	TRUE	29	27	0.867	0.95	0.998	0	TRUE	292	275	0.884	0.95	0.996	0	TRUE	balanced	balanced	0.09	0.004	132	0.959	0.99	8892	0.999	0.948	0.947
SRP111981	2	3	0.25	0.65	0.742	0	TRUE	20	27	0.621	0.8	0.86	0	TRUE	2	11	0.083	0.45	0.39	0	FALSE	20	217	0.077	0.4	0.586	0	FALSE	3	0	74			1.612		3	0	0			1.612																														balanced	""	0		14	0.039	1	3	0.966		
SRP112535	16	16	0.882	0.85	0.995	0	FALSE	139	152	0.83	0.95	0.986	0	TRUE	16	15	0.938	1	0.997	0	FALSE	139	154	0.866	0.95	0.99	0	TRUE	3364	433	65	1	0.85	1.43	0.397	3364	359	78	1	0.932	1.403	0.448																													mildly_imbalanced	""	0.2		15	0.855	0.873	3364	0.949		
SRP113541	4	6	0.667	0.85	0.979	0	TRUE	65	93	0.58	0.9	0.978	0	FALSE	4	5	0.8	0.85	0.951	0	TRUE	65	81	0.537	0.65	0.942	0	TRUE	336	144	8	1	0.935	1.619	0.472	336	96	39	1	0.937	1.436	0.469																													mildly_imbalanced	""	0.2		10	0.558	0.64	336	0.989		
SRP113605	37	38	0.974	0.9	0.998	0	TRUE	297	304	0.932	0.95	0.996	0	FALSE	37	37	1	1	1	0	TRUE	297	297	0.967	1	1	0	TRUE	6376	22	482	0.909	0.595	0.462	0.318	6376	99	9	1	0.325	0.466	0.03																													balanced	""	0.02		81	0.927	0.983	6376	0.996		
SRP113655	8	4	0.5	0.55	0.788	0	FALSE	45	13	0.234	0.55	0.781	0	FALSE	8	9	0.889	0.9	0.993	0	FALSE	45	47	0.917	0.9	0.988	0	TRUE	153	8	630	1	3.46	1.693	1	153	80	0	1	1.586	1.942	0.738																													mildly_imbalanced	""	0.25		24	0.185	0.477	153	0.905		
SRP113777	28	27	0.897	1	0.982	0	TRUE	306	299	0.933	0.95	0.995	0	TRUE	28	27	0.964	0.95	0.993	0	TRUE	306	308	0.949	0.95	0.998	0	TRUE	5144	104	135	1	0.231	0.32	0.115	5144	108	107	1	0.257	0.319	0.12																													balanced	""	0.063		32	0.955	0.959	5144	0.998		
SRP114759	26	26	1	1	0.993	0	TRUE	227	234	0.882	0.95	0.992	0	TRUE	26	26	1	0.95	0.999	0	TRUE	227	236	0.905	1	0.999	0	TRUE	92	5	15	1	0.717	0.99	0	92	18	0	1	0.795	1.015	0.278																													balanced	""	0		10	0.813	0.804	92	0.998		
SRP114858	35	35	0.944	1	0.995	0	TRUE	451	461	0.846	0.9	0.992	0	FALSE	35	35	0.892	0.95	0.974	0	TRUE	451	334	0.663	0.6	0.954	3	FALSE	8969	127	900	1	0.56	0.859	0.276	8969	1975	857	0.996	0.546	0.934	0.267																													balanced	""	0.083		7	0.896	0.712	8969	0.995		
SRP114953	3	8	0.375	0.85	0.958	0	FALSE	85	73	0.681	0.85	0.979	0	FALSE	3	3	1	0.95	0.982	0	TRUE	85	60	0.593	0.7	0.982	0	FALSE	2073	423	223	0.998	1.576	2.34	0.986	2073	389	43	1	2.043	2.225	0.987	3	13	0.231	0.8	0.943	0	FALSE	85	155	0.519	0.6	0.962	0	FALSE	3	6	0.286	0.85	0.904	0	FALSE	85	58	0.336	0.5	0.844	2	FALSE	mildly_imbalanced	balanced	0.2	0.224	10	0.719	0.796	2073	0.992	0.633	0.497
SRP114994	17	17	1	0.95	0.994	0	FALSE	170	162	0.876	0.95	0.996	0	TRUE	17	17	0.889	0.95	0.978	0	FALSE	170	144	0.794	0.95	0.991	0	TRUE	1955	29	366	1	1.415	0.713	0.897	1955	332	38	1	0.741	0.719	0.343																													balanced	""	0.03		55	0.83	0.814	1955	0.998		
SRP115189	1	1	1	0.95	0.993	0	TRUE	3	2	0.667	0.9	0.992	0	TRUE	1	1	1	1	0.999	0	TRUE	3	3	1	0.9	0.996	0	TRUE	34	0	4			1.402		34	1	1	1	4.089	1.395	1																													balanced	""	0		30	0.895	0.943	34	0.994		
SRP115363	9	10	0.727	0.8	0.919	0	TRUE	12	31	0.387	0.75	0.961	0	FALSE	9	14	0.438	0.65	0.784	0	FALSE	12	82	0.146	0.5	0.801	0	TRUE	247	247	0	1	8.291		1	247	247	0	1	8.291		1																													mildly_imbalanced	""	0.167		5	0	0	247	0.985		
SRP115474	35	35	1	0.9	0.988	0	TRUE	238	265	0.829	0.8	0.986	0	FALSE	35	37	0.946	0.95	0.994	0	TRUE	238	268	0.82	0.9	0.986	0	TRUE	9010	901	375	0.993	0.523	0.903	0.162	9010	985	348	0.983	0.53	0.912	0.132																													partially_confounded	""	0.333		12	0.864	0.858	9010	0.987		
SRP115833	0	1	0	0.65	0.827	0	TRUE	4	0	0	0.3	0.811	0	FALSE	0	0		0.85	0.871	0	FALSE	4	7	0.571	0.5	0.876	0	FALSE	1	1	0	1	2.411		1	1	1	0	1	2.411		1																													mildly_imbalanced	""	0.25		8	0	0	1	0.949		
SRP115984	23	25	0.92	0.95	0.987	0	TRUE	264	276	0.895	1	0.988	0	TRUE	23	23	0.917	1	0.983	0	TRUE	264	282	0.863	0.95	0.989	0	TRUE	2	1	0	1	1.394	4.115	1	2	0	0			2.755																														balanced	""	0		8	0.5	1	2	0.987		
SRP116137	19	19	0.9	1	0.987	0	TRUE	287	296	0.893	0.9	0.995	0	TRUE	19	17	0.895	0.95	0.998	0	TRUE	287	279	0.925	0.95	0.996	0	TRUE	55	0	16			0.512		55	15	0	1	0.55	0.502	0.067																													balanced	""	0.029		35	0.775	0.727	55	0.998		
SRP116375	8	0	0	0.55	0.745	1	FALSE	33	33	0.5	0.85	0.791	1	TRUE	8	5	0.625	0.85	0.962	0	FALSE	33	26	0.735	0.85	0.87		TRUE	2	0	0			3.453		2	0	0			3.453																														partially_confounded	""	0.333		12	1	1	2	0.876		
SRP116558	27	30	0.781	0.85	0.918	1	TRUE	229	259	0.666	0.5	0.924	1	TRUE	27	26	0.963	1	0.981	1	TRUE	229	224	0.911	0.95	0.99	0	TRUE	3860	723	674	1	0.564	0.872	0.272	3860	206	146	1	0.48	0.831	0.267																													partially_confounded	""	0.5		8	0.692	0.912	3860	0.943		
SRP117060	17	15	0.455	0.6	0.571	3	FALSE	28	16	0.189	0.4	0.431	10	TRUE	17	13	0.765	0.8	0.928	0	FALSE	28	8	0.241	0.5	0.869	0	TRUE	3	0	0			2.369		3	0	0			2.369																														mildly_imbalanced	""	0.25		9	1	1	3	0.779		
SRP117567	5	16	0	0.35	-0.091	1	FALSE	42	111	0.142	0.6	0.27	18	FALSE	5	2	0.167	0.95	0.947	0	FALSE	42	46	0.872	1	0.975	0	FALSE	1949	981	1473	0.621	1.035	2.443	0.516	1949	125	212	1	0.837	1.648	0.368																													partially_confounded	""	0.833		12	0.283	0.844	1949	0.648		
SRP117580	10	12	0.833	0.95	0.926	0	TRUE	54	35	0.459	0.6	0.937	0	TRUE	10	12	0.833	0.9	0.981	0	FALSE	54	98	0.551	0.8	0.985	0	TRUE	4715	759	720	0.957	0.975	1.445	0.49	4715	312	194	1	1.526	1.371	0.66																													partially_confounded	""	0.429		15	0.728	0.897	4715	0.966		
SRP117757	27	27	1	0.9	0.996	0	TRUE	137	145	0.868	0.95	0.995	0	TRUE	27	26	0.963	0.85	0.991	0	TRUE	137	121	0.817	0.85	0.995	0	TRUE	38	6	9	1	0.515	0.55	0	38	23	0	1	0.486	0.57	0.13																													balanced	""	0		8	0.681	0.395	38	0.996		
SRP117955	14	8	0.467	0.85	0.916	0	TRUE	100	93	0.636	0.65	0.964	0	TRUE	14	15	0.706	0.9	0.977	0	TRUE	100	131	0.686	0.75	0.978	0	FALSE	387	49	54	1	0.303	0.329	0	387	84	19	1	0.304	0.334	0																													balanced	""	0.111		15	0.766	0.746	387	0.985		
SRP118141	29	23	0.529	0.65	0.863	1	TRUE	351	423	0.629	0.6	0.871	3	FALSE	29	30	0.903	0.95	0.984	0	TRUE	351	357	0.878	0.9	0.987	0	FALSE	2096	275	6668	0.971	0.656	0.802	0.284	2096	1018	6	1	0.637	0.978	0.239	29	31	0.667	0.7	0.842	3	TRUE	351	372	0.701	0.65	0.904	2	FALSE	29	21	0.562	0.7	0.86	1	TRUE	351	412	0.62	0.65	0.87	3	FALSE	partially_confounded	balanced	0.689	0.052	19	0.208	0.513	2096	0.767	0.209	0.213
SRP118346	13	15	0.867	0.95	0.997	0	TRUE	134	129	0.865	0.95	0.997	0	TRUE	13	14	0.8	0.9	0.992	0	FALSE	134	112	0.745	0.85	0.99	0	TRUE	908	72	35	1	0.396	0.523	0.014	908	252	11	1	0.395	0.553	0.02																													balanced	""	0		16	0.887	0.714	908	0.999		
SRP118401	32	32	1	1	0.998	0	TRUE	328	333	0.95	1	0.999	0	TRUE	32	29	0.906	0.95	0.997	0	TRUE	328	310	0.927	1	0.998	0	TRUE	6816	86	227	1	0.321	0.483	0.105	6816	701	76	1	0.326	0.502	0.08																													balanced	""	0		16	0.956	0.887	6816	0.999		
SRP118915	13	11	0.714	0.95	0.983	0	TRUE	56	48	0.677	0.95	0.978	0	TRUE	13	8	0.5	0.9	0.969	0	TRUE	56	36	0.586	0.95	0.945	0	TRUE	3276	907	111	1	0.618	0.944	0.279	3276	2309	15	0.797	0.694	1.282	0.32																													partially_confounded	""	0.3		9	0.699	0.294	3276	0.98		
SRP119123	15	12	0.8	0.7	0.974	0	TRUE	101	154	0.594	0.6	0.937	0	TRUE	15	17	0.684	0.9	0.986	0	TRUE	101	99	0.852	0.85	0.969	0	TRUE	26	18	0	1	5.024	5.818	1	26	0	192			5.331		15	8	0.353	0.65	0.854	0	TRUE	101	41	0.327	0.65	0.847	0	TRUE	15	11	0.733	0.8	0.98	0	TRUE	101	76	0.639	0.7	0.947	0	TRUE	mildly_imbalanced	partially_confounded	0.25	1.342	14	0.308	0.119	26	0.977	0.188	0.308
SRP119667	30	31	0.968	0.95	0.996	0	FALSE	473	489	0.909	0.85	0.992	0	TRUE	30	30	0.875	1	0.981	0	TRUE	473	513	0.878	0.95	0.989	0	TRUE	7049	1113	338	1	0.998	1.477	0.499	7049	1126	396	1	0.987	1.489	0.495																													mildly_imbalanced	""	0.286		12	0.804	0.796	7049	0.989		
SRP119675	22	20	0.909	1	0.978	0	FALSE	121	114	0.865	0.9	0.985	0	TRUE	22	19	0.864	0.95	0.972	0	TRUE	121	152	0.615	0.8	0.959	0	TRUE	132	3	37	1	0.162	1.03	0	132	7	38	1	0.767	1.03	0.286																													balanced	""	0		12	0.763	0.735	132	0.994		
SRP119934	27	20	0.621	0.9	0.945	0	TRUE	130	53	0.366	0.65	0.938	0	TRUE	27	16	0.536	0.85	0.917	0	TRUE	130	36	0.267	0.6	0.88	1	TRUE	1	0	21			2.041		1	0	0			2.041																														balanced	""	0.083		14	0.045	1	1	0.956		
SRP121631	10	10	1	0.85	0.977	0	TRUE	97	98	0.857	1	0.971	0	FALSE	10	10	1	1	0.998	0	TRUE	97	102	0.895	1	0.998	0	FALSE	3857	9	957	1	1.784	0.774	0.889	3857	102	72	1	0.45	0.781	0.255																													balanced	""	0		20	0.799	0.956	3857	0.994		
SRP123512	22	24	0.84	0.8	0.948	0	FALSE	148	151	0.759	0.75	0.963	0	TRUE	22	18	0.667	0.8	0.917	0	FALSE	148	62	0.364	0.35	0.877	1	FALSE	37	0	208			0.712		37	28	1	1	0.683	0.759	0.25																													balanced	""	0		12	0.151	0.237	37	0.986		
SRP123761	14	13	0.421	0.6	0.794	0	FALSE	75	38	0.215	0.1	0.728	0	FALSE	14	14	0.867	0.95	0.994	0	TRUE	75	90	0.813	0.85	0.989	0	TRUE	27	0	102			1.026		27	19	0	1	1.13	0.972	0.526																													partially_confounded	""	0.333		12	0.209	0.296	27	0.804		
SRP125082	17	17	1	0.95	0.991	0	TRUE	191	176	0.854	0.85	0.991	0	FALSE	17	17	1	0.95	0.995	0	TRUE	191	220	0.851	0.85	0.995	0	FALSE	446	73	6	1	1.069	2.05	0.534	446	33	19	1	1.069	1.964	0.545																													mildly_imbalanced	""	0.181		17	0.825	0.888	446	0.99		
SRP125225	13	11	0.6	0.8	0.932	0	TRUE	191	97	0.485	0.75	0.962	0	TRUE	13	11	0.846	0.9	0.95	0	FALSE	191	207	0.658	0.75	0.959	0	TRUE	32	0	10			0.454		32	18	1	1	0.369	0.527	0																													balanced	""	0.083		24	0.762	0.424	32	0.963		
SRP125336	25	26	0.962	0.95	0.997	0	TRUE	247	214	0.815	0.9	0.99	0	TRUE	25	26	0.821	0.85	0.992	0	TRUE	247	198	0.601	0.7	0.941	0	FALSE	2021	231	36	1	0.244	0.362	0.048	2021	734	96	0.939	0.28	0.388	0.054																													mildly_imbalanced	""	0.183		22	0.87	0.608	2021	0.994		
SRP125353	0	0		0.7	0.925	0	TRUE	0	0		0.6	0.94	0	FALSE	0	0		0.9	0.936	0	TRUE	0	0		0.45	0.936	0	FALSE	3123	3101	0	1	2.67	6.103	0.989	3123	3077	1	1	2.659	4.88	0.989																													partially_confounded	""	0.417		10	0.007	0.015	3123	0.971		
SRP125665	13	19	0.684	0.9	0.931	0	TRUE	79	105	0.559	0.8	0.964	0	TRUE	13	12	0.923	0.85	0.976	0	TRUE	79	54	0.642	0.85	0.979	0	TRUE	5993	1667	101	0.888	0.365	0.569	0.121	5993	213	623	1	0.38	0.514	0.16	13	22	0.591	0.9	0.929	0	TRUE	79	101	0.538	0.8	0.958	0	TRUE	13	19	0.684	0.9	0.932	0	TRUE	79	109	0.58	0.8	0.963	0	TRUE	partially_confounded	mildly_imbalanced	0.571	0.535	11	0.71	0.874	5993	0.958	0.658	0.7
SRP125705	23	15	0.652	0.85	0.941	0	TRUE	279	137	0.465	0.6	0.929	0	FALSE	23	23	1	0.95	0.998	0	TRUE	279	287	0.906	0.95	0.998	0	TRUE	14950	5864	374	0.548	1.64	2.663	0.727	14950	100	162	1	1.284	2.138	0.75																													partially_confounded	""	0.378		49	0.593	0.983	14950	0.966		
SRP125804	15	18	0.737	0.95	0.974	0	FALSE	56	65	0.729	0.8	0.91	0	FALSE	15	18	0.737	0.95	0.974	0	FALSE	56	65	0.729	0.8	0.91	0	FALSE	1537	417	192	1	0.499	0.715	0.161	1537	417	192	1	0.499	0.715	0.161																													mildly_imbalanced	""	0.2		10	0.648	0.648	1537	0.968		
SRP126161	34	34	0.943	1	0.995	0	TRUE	232	213	0.854	0.8	0.995	0	TRUE	34	32	0.941	1	0.993	0	TRUE	232	213	0.846	0.9	0.995	0	TRUE	3316	381	70	1	0.49	0.828	0.312	3316	416	54	1	0.446	0.836	0.296																													balanced	""	0.1		9	0.867	0.861	3316	0.993		
SRP126245	8	12	0.429	0.65	0.792		TRUE	144	362	0.325	0.45	0.811		FALSE	8	9	0.889	0.9	0.935	0	TRUE	144	118	0.77	0.75	0.989	0	TRUE	876	578	228	0.742	3.767	3.58	0.998	876	158	18	1	3.022	3.852	0.994																													partially_confounded	""	0.714		14	0.27	0.803	876	0.739		
SRP126416	8	8	1	0.8	0.952	0	TRUE	233	234	0.803	0.95	0.976	0	FALSE	8	8	0.778	0.8	0.961	0	TRUE	233	241	0.866	0.9	0.986	0	TRUE	31	31	0	1	4.412		1	31	31	0	1	4.412		1																													partially_confounded	""	0.5		8	0	0	31	0.971		
SRP126545	7	9	0.778	0.95	0.985	0	TRUE	26	33	0.639	0.8	0.97	0	TRUE	7	5	0.714	0.9	0.936	0	FALSE	26	29	0.667	0.8	0.946	0	TRUE	385	108	39	1	0.795	0.504	0.481	385	0	902			0.571		7	10	0.545	0.85	0.975	0	FALSE	26	25	0.545	0.65	0.954	0	TRUE	7	6	0.625	0.9	0.922	0	FALSE	26	29	0.571	0.75	0.927	0	TRUE	balanced	mildly_imbalanced	0.125	0.431	14	0.653	0.299	385	0.992	0.352	0.153
SRP126565	19	17	0.895	0.95	0.997	0	TRUE	210	212	0.876	0.9	0.994	0	TRUE	19	16	0.842	0.95	0.991	0	TRUE	210	214	0.927	0.75	0.995	0	TRUE	6827	205	250	1	0.707	1.186	0.41	6827	1047	64	0.926	0.688	1.269	0.354																													balanced	""	0.114		15	0.936	0.839	6827	0.99		
SRP126673	6	3	0.286	0.65	0.737	0	FALSE	10	4	0.273	0.6	0.811	0	FALSE	6	6	0.5	0.9	0.958	0	TRUE	10	5	0.5	0.75	0.94	0	TRUE	9	9	0	1	8.763		1	9	5	0	1	8.763	8.388	1																													partially_confounded	""	0.5		8	0	0.444	9	0.911		
SRP126777	30	27	0.9	1	0.994	0	TRUE	346	309	0.85	0.8	0.992	0	TRUE	30	29	0.967	1	0.985	0	TRUE	346	360	0.834	0.85	0.984	0	FALSE	1500	842	22	1	0.824	1.413	0.388	1500	54	663	1	1.034	1.018	0.537																													mildly_imbalanced	""	0.25		8	0.432	0.669	1500	0.989		
SRP127005	24	24	0.92	0.95	0.998	0	TRUE	136	132	0.928	0.95	0.992	0	TRUE	24	22	0.917	0.9	0.997	0	TRUE	136	135	0.95	1	0.994	0	FALSE	5257	197	140	1	0.195	0.358	0.041	5257	173	208	1	0.215	0.358	0.006																													balanced	""	0		10	0.938	0.93	5257	0.999		
SRP127264	15	14	0.933	0.85	0.99	0	FALSE	277	261	0.818	0.85	0.987	0	TRUE	15	14	0.933	0.9	0.979	0	FALSE	277	290	0.896	0.95	0.991	0	TRUE	32	2	1	1	0.822	2.15	0	32	5	1	1	1.54	2.195	0.8																													balanced	""	0.117		29	0.909	0.818	32	0.995		
SRP127681	22	15	0.682	0.95	0.994	0	TRUE	115	90	0.767	0.85	0.981	0	TRUE	22	15	0.682	0.95	0.993	0	TRUE	115	109	0.882	0.95	0.989	0	TRUE	361	57	35	1	1.489	2.14	0.807	361	167	2	1	1.689	2.465	0.862																													balanced	""	0.1		9	0.768	0.534	361	0.991		
SRP128068	0	0		0.55	0.942	0	TRUE	0	0		0.65	0.951	0	TRUE	0	0		0.7	0.937	0	FALSE	0	0		0.75	0.956	0	FALSE	60	19	1	1	1.033	1.565	0.526	60	19	3	1	1.033	1.607	0.526																													mildly_imbalanced	""	0.2		10	0.672	0.651	60	0.968		
SRP128271	0	0		0.95	0.989	0	FALSE	4	8	0.5	0.85	0.98	0	TRUE	0	5	0	0.9	0.92	0	FALSE	4	22	0.13	0.65	0.942	0	TRUE	16	0	2			1.123		16	0	6			1.123																														balanced	""	0		20	0.889	0.727	16	0.991		
SRP128663	0	1	0	0.85	0.865	0	TRUE	0	5	0	0.6	0.787	0	FALSE	0	5	0	0.55	0.683	0	TRUE	0	5	0	0.25	0.803	0	FALSE	101	101	0	1	9.557		1	101	101	0	1	9.557		1																													partially_confounded	""	0.5		5	0	0	101	0.817		
SRP128899	33	32	0.912	1	0.993	0	TRUE	148	137	0.815	0.95	0.989	0	TRUE	33	31	0.939	1	0.991	0	TRUE	148	129	0.847	0.95	0.992	0	TRUE	3481	274	93	1	0.642	0.682	0.263	3481	376	48	1	0.654	0.682	0.269																													balanced	""	0.091		22	0.897	0.88	3481	0.995		
SRP129035	20	20	0.6	0.75	0.952	0	FALSE	208	262	0.492	0.45	0.874	12	FALSE	20	24	0.76	0.9	0.968	0	TRUE	208	133	0.586	0.95	0.967	0	FALSE	2672	2274	55	0.693	0.369	0.491	0.349	2672	521	323	0.992	0.302	0.397	0.353																													partially_confounded	""	0.75		16	0.146	0.718	2672	0.825		
SRP131035	10	12	0.571	0.9	0.908	0	TRUE	31	24	0.41	0.6	0.887		FALSE	10	10	1	0.95	0.987	0	TRUE	31	46	0.674	0.8	0.988	0	TRUE	2666	0	4395			6.369		2666	843	47	1	5.627	6.749	1																													balanced	""	0.125		9	0.378	0.672	2666	0.986		
SRP131055	6	12	0.5	0.85	0.896	0	TRUE	282	247	0.69	0.85	0.934	0	FALSE	6	19	0.316	0.9	0.936	0	TRUE	282	277	0.664	0.7	0.923	0	FALSE	69	11	5	1	0.619	0.677	0.091	69	24	0	1	0.612	0.682	0.042																													mildly_imbalanced	""	0.15		9	0.784	0.652	69	0.93		
SRP131336	5	6	0.833	0.95	0.993	0	TRUE	27	20	0.741	0.9	0.993	0	TRUE	5	6	0.833	0.85	0.99	0	TRUE	27	33	0.667	0.8	0.992	0	FALSE	6	0	1			0.745		6	0	1			0.745																														balanced	""	0		12	0.857	0.857	6	0.998		
SRP131795	24	25	0.885	0.9	0.974	0	TRUE	380	348	0.742	0.8	0.958	0	TRUE	24	23	0.958	0.95	0.988	0	TRUE	380	338	0.809	0.75	0.988	0	TRUE	839	700	11	1	2.05	2.289	0.981	839	74	246	1	2.716	2.051	0.946																													partially_confounded	""	0.5		12	0.164	0.705	839	0.939		
SRP131850	25	21	0.84	0.9	0.994	0	TRUE	78	123	0.608	0.75	0.993	0	TRUE	25	22	0.88	0.95	0.983	0	TRUE	78	166	0.452	0.75	0.975	0	TRUE	1405	138	80	1	0.295	0.418	0.072	1405	237	64	1	0.33	0.428	0.084																													balanced	""	0.119		13	0.853	0.795	1405	0.995		
SRP131855	22	23	0.957	0.95	0.989	0	TRUE	345	314	0.862	0.9	0.99	0	FALSE	22	23	0.957	1	0.997	0	TRUE	345	364	0.927	0.9	0.998	0	TRUE	7312	54	1399	1	0.447	1.013	0.074	7312	139	7	1	0.565	1.015	0.273																													mildly_imbalanced	""	0.167		24	0.833	0.98	7312	0.986		
SRP131877	13	10	0.643	0.7	0.887	0	TRUE	238	227	0.722	0.75	0.943	0	TRUE	13	11	0.846	0.95	0.996	0	TRUE	238	227	0.938	0.95	0.998	0	TRUE	2	2	0	1	0.413		0	2	1	0	1	0.313	0.513	0																													mildly_imbalanced	""	0.154		31	0	0.5	2	0.941		
SRP132283	22	24	0.84	0.95	0.987	0	TRUE	69	63	0.784	0.9	0.974	0	TRUE	22	22	0.913	0.95	0.991	0	TRUE	69	67	0.863	0.95	0.98	0	FALSE	2130	367	197	1	2.651	2.884	0.785	2130	448	52	1	2.463	2.949	0.761																													mildly_imbalanced	""	0.238		13	0.758	0.771	2130	0.985		
SRP132471	25	26	0.962	0.95	0.995	0	TRUE	101	106	0.848	0.85	0.993	0	TRUE	25	25	0.923	0.85	0.978	0	TRUE	101	135	0.605	0.85	0.909	0	TRUE	20	2	2	1	3.074	1.71	1	20	9	1	1	1.75	1.711	0.889																													balanced	""	0		10	0.818	0.524	20	0.998		
SRP132851	27	25	0.926	0.95	0.962	0	TRUE	401	427	0.792	0.85	0.954	0	TRUE	27	27	0.929	0.95	0.989	0	TRUE	401	366	0.853	0.95	0.988	0	TRUE	1127	648	11	0.869	0.811	1.768	0.412	1127	821	0	0.773	0.937	2.086	0.469																													partially_confounded	""	0.5		9	0.421	0.272	1127	0.93		
SRP132854	4	4	0.6	0.85	0.952	0	FALSE	30	32	0.879	0.8	0.959	0	TRUE	4	12	0.333	0.7	0.926	0	TRUE	30	28	0.318	0.35	0.901	0	FALSE	372	49	12	1	1.578	2.057	0.735	372	0	652			2.023																														balanced	""	0.067		11	0.841	0.363	372	0.98		
SRP132873	3	4	0.75	0.5	0.753	0	TRUE	8	0	0	0.6	0.814	0	FALSE	3	3	1	0.55	0.99	0	TRUE	8	5	0.625	0.8	0.987	0	TRUE	7713	3162	1912	0.79	1.023	3.77	0.503	7713	883	125	1	0.836	3.181	0.459																													partially_confounded	""	0.714		11	0.473	0.871	7713	0.891		
SRP132932	9	11	0.818	0.95	0.995	0	TRUE	12	7	0.583	0.9	0.994	0	TRUE	9	21	0.364	0.8	0.913	0	FALSE	12	141	0.085	0.55	0.878	0	TRUE	1343	657	9	1	0.501	0.68	0.116	1343	5	2972	1	3.648	0.581	1																													balanced	""	0.071		11	0.507	0.31	1343	0.998		
SRP132997	15	15	1	0.95	0.993	0	TRUE	123	102	0.772	0.9	0.987	0	TRUE	15	13	0.867	0.9	0.976	0	TRUE	123	93	0.728	0.95	0.976	0	TRUE	1	0	0			5.605		1	0	0			5.605																														balanced	""	0.017		31	1	1	1	0.995		
SRP133024	14	18	0.684	0.9	0.97	0	TRUE	333	351	0.874	1	0.979	0	TRUE	14	16	0.875	0.95	0.998	0	TRUE	333	331	0.982	0.95	0.999	0	TRUE	801	149	237	1	0.357	0.564	0.081	801	298	2	1	0.4	0.576	0.101																													partially_confounded	""	0.333		12	0.628	0.626	801	0.961		
SRP133169	3	2	0.667	1	0.982	0	FALSE	13	14	0.929	0.75	0.983	0	TRUE	3	3	1	1	0.991	0	TRUE	13	16	0.812	0.8	0.988	0	TRUE	6651	904	153	1	0.482	0.791	0.226	6651	806	37	1	0.474	0.784	0.23																													mildly_imbalanced	""	0.222		13	0.845	0.874	6651	0.993		
SRP133375	28	28	1	0.95	0.998	0	TRUE	409	433	0.918	0.95	0.998	0	TRUE	28	28	1	0.9	0.997	0	TRUE	409	409	0.934	0.95	0.998	0	TRUE	6900	816	120	1	1.369	0.66	0.667	6900	395	141	1	0.813	0.707	0.453	28	30	0.871	0.85	0.984	0	TRUE	409	421	0.869	0.9	0.985	0	FALSE	28	30	0.933	0.95	0.993	0	FALSE	409	417	0.873	0.95	0.993	0	FALSE	balanced	balanced	0.105	0.061	24	0.867	0.924	6900	0.995	0.83	0.784
SRP133512	1	0	0	0.75	0.949	0	FALSE	12	5	0.308	0.7	0.936	0	FALSE	1	0	0	0.95	0.965	0	TRUE	12	3	0.25	0.85	0.958	0	FALSE	31	10	5	1	2.442	1.887	0.9	31	18	0	1	1.847	2.225	0.889																													mildly_imbalanced	""	0.25		8	0.583	0.419	31	0.959		
SRP133781	20	23	0.792	0.9	0.959	0	TRUE	122	152	0.681	0.9	0.974	0	TRUE	20	21	0.864	0.9	0.988	0	TRUE	122	142	0.76	0.85	0.985	0	TRUE	1500	428	185	1	0.584	0.923	0.175	1500	603	52	1	0.607	0.975	0.201																													mildly_imbalanced	""	0.25		8	0.636	0.578	1500	0.987		
SRP134051	26	25	0.962	0.95	0.996	0	TRUE	68	69	0.803	0.9	0.994	0	TRUE	26	27	0.71	0.8	0.836	2	FALSE	68	203	0.278	0.45	0.802	3	TRUE	685	9	89	1	1.696	1.301	0.667	685	475	13	0.596	1.055	1.832	0.533																													balanced	""	0.042		14	0.873	0.301	685	0.992		
SRP134375	32	31	0.969	0.9	0.985	0	TRUE	327	330	0.877	0.75	0.983	0	FALSE	32	34	0.941	0.95	0.987	0	TRUE	327	352	0.835	0.75	0.978	0	TRUE	269	59	34	1	0.855	1.09	0.407	269	15	159	1	4.12	1.068	0.733																													mildly_imbalanced	""	0.205		15	0.693	0.593	269	0.983		
SRP136494	17	17	1	0.95	0.994	0	TRUE	50	69	0.725	0.8	0.993	0	FALSE	17	22	0.773	0.95	0.99	0	TRUE	50	66	0.758	0.95	0.99	0	FALSE	1	1	0	1	4.804		1	1	1	0	1	4.804		1																													balanced	""	0		12	0	0	1	0.992		
SRP136714	21	22	0.87	1	0.985	0	TRUE	173	144	0.832	0.85	0.991	0	TRUE	21	21	0.909	0.95	0.997	0	TRUE	173	164	0.937	0.9	0.997	0	TRUE	6964	170	262	0.994	1.193	0.721	0.559	6964	205	104	1	0.944	0.725	0.473																													balanced	""	0		24	0.94	0.956	6964	0.997		
SRP136814	25	24	0.69	0.8	0.946	0	TRUE	256	221	0.639	0.9	0.913	0	TRUE	25	29	0.862	1	0.989	0	TRUE	256	273	0.818	0.95	0.975	0	TRUE	2355	1931	21	0.672	0.621	1.466	0.281	2355	35	856	1	0.751	0.732	0.314																													partially_confounded	""	0.75		8	0.178	0.723	2355	0.829		
SRP137670	20	22	0.615	0.75	0.95	0	FALSE	448	466	0.81	0.85	0.962	0	FALSE	20	26	0.704	0.85	0.983	0	FALSE	448	460	0.876	0.9	0.981	0	TRUE	68	0	156			4.9		68	0	1146			4.9																														mildly_imbalanced	""	0.286		9	0.304	0.056	68	0.907		
SRP139542	29	33	0.879	0.95	0.994	0	TRUE	166	157	0.856	1	0.991	0	TRUE	29	29	0.933	0.95	0.999	0	TRUE	166	176	0.879	1	0.996	0	TRUE	2855	288	117	1	0.801	0.955	0.413	2855	211	99	1	0.891	0.951	0.455																													balanced	""	0.121		20	0.864	0.895	2855	0.993		
SRP139918	33	32	0.97	0.95	0.996	0	TRUE	227	242	0.854	0.95	0.991	0	TRUE	33	33	1	1	0.999	0	TRUE	227	225	0.94	1	1	0	TRUE	7677	31	1372	0.968	1.642	0.915	0.839	7677	185	31	1	0.556	0.926	0.249	33	35	0.889	0.9	0.972	0	FALSE	227	269	0.632	0.75	0.929	0	TRUE	33	32	0.912	0.9	0.994	0	TRUE	227	233	0.862	0.95	0.987	0	TRUE	balanced	balanced	0	0.035	18	0.845	0.972	7677	0.996	0.669	0.853
SRP140499	30	29	0.967	0.9	0.987	0	TRUE	149	140	0.829	0.9	0.987	0	TRUE	30	31	0.968	0.95	0.999	0	TRUE	149	142	0.865	0.95	0.997	0	TRUE	4754	16	739	1	1.67	0.97	0.75	4754	512	20	1	0.615	1.028	0.188																													balanced	""	0		12	0.863	0.889	4754	0.997		
SRP141266	11	9	0.538	0.8	0.913	0	TRUE	164	141	0.597	0.6	0.923	0	TRUE	11	9	0.667	0.8	0.93	0	TRUE	164	180	0.764	0.8	0.972	0	TRUE	507	1	1012	1	3.223	0.713	1	507	82	26	1	0.543	0.754	0.146																													balanced	""	0		16	0.333	0.797	507	0.972		
SRP144047	23	23	0.917	0.9	0.986	0	TRUE	231	201	0.831	0.85	0.989	0	FALSE	23	23	0.917	0.9	0.986	0	TRUE	231	201	0.831	0.85	0.989	0	FALSE	5913	622	240	1	0.987	1.676	0.482	5913	622	240	1	0.987	1.676	0.482	23	14	0.194	0.45	0.21	6	FALSE	231	216	0.274	0.35	-0.086	126	FALSE	23	21	0.833	0.9	0.986	0	TRUE	231	180	0.749	0.9	0.982	0	TRUE	mildly_imbalanced	completely_confounded	0.167	8.165	7	0.86	0.86	5913	0.994	0.001	0.611
SRP144088	38	37	0.923	0.9	0.977	0	FALSE	393	332	0.702	0.7	0.962	0	TRUE	38	38	0.949	0.95	0.971	0	FALSE	393	349	0.738	0.85	0.958	0	FALSE	437	238	53	0.941	0.587	0.785	0.231	437	239	51	0.912	0.517	0.926	0.167																													partially_confounded	""	0.5		8	0.406	0.406	437	0.892		
SRP144211	36	34	0.892	1	0.985	0	TRUE	302	278	0.774	0.9	0.974	0	TRUE	36	36	0.895	1	0.987	0	TRUE	302	295	0.804	0.75	0.974	0	TRUE	20	3	2	1	0.743	0.699	0.333	20	2	6	1	1.082	0.672	0.5	36	36	0.946	0.9	0.977	0	TRUE	302	269	0.752	0.8	0.974	0	TRUE	36	34	0.892	1	0.98	0	TRUE	302	291	0.754	0.9	0.972	0	TRUE	balanced	balanced	0.125	0.167	16	0.773	0.692	20	0.966	0.02	0.667
SRP144907	12	0	0	0.4	0.321	2	FALSE	213	0	0	0.15	0.449	27	FALSE	12	14	0.857	0.95	0.984	0	TRUE	213	210	0.872	0.9	0.992	0	TRUE	205	190	2	0.963	1.648	4.317	0.968	205	20	26	1	1.14	1.794	0.75																													partially_confounded	""	0.75		6	0.072	0.801	205	0.6		
SRP145067	35	35	0.944	0.95	0.997	0	TRUE	412	424	0.935	0.95	0.998	0	TRUE	35	35	1	1	0.999	0	TRUE	412	425	0.942	0.95	0.998	0	TRUE	9063	101	396	0.99	1.22	0.824	0.594	9063	311	254	1	0.583	0.834	0.341																													balanced	""	0.012		27	0.947	0.939	9063	0.998		
SRP145604	24	25	0.885	0.85	0.989	0	TRUE	215	225	0.872	0.85	0.988	0	TRUE	24	26	0.667	0.8	0.953	0	TRUE	215	187	0.733	0.85	0.961	0	FALSE	201	107	1	1	5.363	6.061	1	201	120	5	1	5.486	6.044	1																													mildly_imbalanced	""	0.2		10	0.465	0.393	201	0.99		
SRP145671	34	30	0.882	0.9	0.981	1	TRUE	429	406	0.823	0.75	0.978	1	TRUE	34	34	0.943	0.95	0.995	0	TRUE	429	393	0.872	0.8	0.995	0	TRUE	4017	72	1972	1	0.622	1.971	0.306	4017	382	128	1	0.834	2.148	0.393																													mildly_imbalanced	""	0.282		19	0.659	0.877	4017	0.983		
SRP148418	27	29	0.867	1	0.985	0	TRUE	262	265	0.903	0.85	0.989	0	FALSE	27	27	0.862	0.9	0.967	0	FALSE	262	235	0.619	0.55	0.923	1	FALSE	12	0	3			1.116		12	9	0	1	0.77	1.698	0.444																													balanced	""	0		10	0.8	0.25	12	0.993		
SRP148491	12	14	0.857	0.9	0.971	0	TRUE	177	175	0.853	0.9	0.994	0	TRUE	12	16	0.75	0.9	0.964	0	TRUE	177	183	0.827	0.95	0.991	0	TRUE	719	13	76	1	0.271	0.312	0	719	1	184	1	0.798	0.311	0																													balanced	""	0.071		31	0.888	0.795	719	0.998		
SRP148574	14	9	0.533	0.7	0.801	0	TRUE	279	191	0.61	0.6	0.921	0	TRUE	14	15	0.933	0.95	0.995	0	TRUE	279	281	0.944	0.9	0.998	0	TRUE	5	0	0			1.938		5	0	1			1.938																														partially_confounded	""	0.417		21	1	0.833	5	0.909		
SRP149072	1	2	0.5	0.8	0.953	0	TRUE	12	27	0.444	0.55	0.914	0	TRUE	1	1	1	0.85	0.974	0	TRUE	12	14	0.529	0.65	0.913	0	FALSE	1	1	0	1	6.548		1	1	0	0			6.548																														mildly_imbalanced	""	0.171		12	0	1	1	0.956		
SRP149124	13	13	0.733	0.8	0.891	0	FALSE	186	188	0.7	0.6	0.911	0	FALSE	13	14	0.5	0.6	0.744	1	FALSE	186	300	0.5	0.6	0.86	0	FALSE	2	0	70			1.983		2	0	0			1.983																														balanced	""	0		12	0.028	1	2	0.947		
SRP149159	11	15	0.733	0.85	0.987	0	TRUE	80	103	0.679	1	0.983	0	TRUE	11	14	0.786	0.9	0.977	0	FALSE	80	62	0.711	0.95	0.98	0	TRUE	5	0	3			2.244		5	0	3			2.244																														balanced	""	0.048		13	0.625	0.625	5	0.991		
SRP150004	4	5	0.5	0.55	0.698	1	TRUE	177	54	0.191	0.25	0.516		FALSE	4	1	0.25	0.35	0.819		FALSE	177	54	0.269	0.6	0.8		TRUE	563	400	168	0.682	7.117	8.599	0.955	563	432	89	0.688	7.129	8.825	0.958																													partially_confounded	""	0.857		11	0.223	0.201	563	0.628		
SRP150238	21	20	0.64	0.8	0.886	0	TRUE	447	376	0.766	0.8	0.96	0	TRUE	21	19	0.818	0.9	0.966	0	TRUE	447	436	0.899	0.95	0.991	0	TRUE	3647	3189	3	1	2.163	1.14	0.733	3647	646	76	1	1.835	2.038	0.709																													mildly_imbalanced	""	0.167		18	0.125	0.806	3647	0.992		
SRP150269	20	24	0.692	0.85	0.935	0	FALSE	166	123	0.545	0.95	0.874	3	FALSE	20	19	0.95	1	0.999	0	TRUE	166	174	0.91	1	0.997	0	TRUE	1199	0	3413			0.352		1199	43	8	1	0.294	0.354	0.116																													balanced	""	0.043		48	0.26	0.958	1199	0.775		
SRP150310	13	14	0.8	0.9	0.966	0	TRUE	261	267	0.778	0.9	0.974	0	TRUE	13	12	0.923	0.9	0.991	0	TRUE	261	249	0.91	0.95	0.995	0	TRUE	131	0	324			1.487		131	40	1	1	1.246	1.611	0.75																													balanced	""	0		12	0.288	0.689	131	0.987		
SRP150873	5	6	0.833	0.8	0.917	0	FALSE	0	0		0.6	0.855	0	FALSE	5	4	0.8	0.8	0.925	0	FALSE	0	0		0.4	0.887	0	FALSE	21	7	1	1	6.062	7.132	1	21	4	2	1	7.713	6.946	1																													mildly_imbalanced	""	0.167		9	0.636	0.739	21	0.94		
SRP151246	26	23	0.815	0.85	0.917	2	TRUE	172	171	0.759	0.9	0.949	0	TRUE	26	28	0.929	0.85	0.978	0	TRUE	172	168	0.789	0.95	0.972	0	TRUE	2067	689	129	1	0.754	0.938	0.334	2067	433	189	1	0.713	0.915	0.326																													partially_confounded	""	0.333		12	0.628	0.724	2067	0.958		
SRP151455	13	16	0.812	0.9	0.978	0	TRUE	146	130	0.828	0.9	0.99	0	FALSE	13	13	1	0.95	0.982	0	TRUE	146	142	0.907	0.95	0.996	0	TRUE	15783	606	258	0.919	0.609	0.929	0.218	15783	270	170	1	0.401	0.92	0.1																													mildly_imbalanced	""	0.244		19	0.946	0.972	15783	0.992		
SRP151536	26	28	0.8	0.95	0.967	0	FALSE	67	92	0.656	0.75	0.986	0	TRUE	26	25	0.645	0.8	0.902	1	FALSE	67	55	0.544	0.85	0.883	1	TRUE	355	1	144	1	2.103	0.749	1	355	78	65	1	0.486	0.826	0.179																													balanced	""	0.056		15	0.709	0.66	355	0.995		
SRP151595	8	11	0.727	0.95	0.963	0	TRUE	103	133	0.698	0.95	0.982	0	TRUE	8	7	0.875	0.95	0.993	0	TRUE	103	112	0.87	0.85	0.994	0	TRUE	10538	1789	565	0.864	1.517	2.637	0.705	10538	592	248	1	2.25	2.49	0.792																													partially_confounded	""	0.611		15	0.788	0.922	10538	0.974		
SRP151677	30	30	0.935	0.95	0.996	0	TRUE	410	404	0.957	1	0.997	0	TRUE	30	31	0.968	1	1	0	TRUE	410	413	0.96	0.95	0.999	0	TRUE	15703	689	197	0.896	0.439	1.224	0.152	15703	121	140	1	0.424	1.195	0.05																													partially_confounded	""	0.438		29	0.944	0.984	15703	0.998		
SRP151888	31	34	0.857	0.95	0.984	0	TRUE	454	493	0.846	0.9	0.986	0	TRUE	31	34	0.912	1	0.988	0	TRUE	454	460	0.928	0.95	0.996	0	TRUE	10586	69	1415	1	0.794	0.991	0.348	10586	331	314	1	0.517	1.008	0.181																													mildly_imbalanced	""	0.171		12	0.876	0.941	10586	0.991		
SRP151927	26	30	0.806	1	0.966	0	FALSE	237	230	0.599	0.75	0.901	0	TRUE	26	28	0.929	0.95	0.983	0	TRUE	237	225	0.791	0.75	0.977	0	TRUE	974	663	71	0.917	0.519	0.633	0.228	974	137	213	1	0.319	0.626	0.058																													partially_confounded	""	0.6		10	0.298	0.705	974	0.889		
SRP153101	18	17	0.944	0.9	0.987	0	TRUE	128	125	0.946	0.95	0.988	0	TRUE	18	16	0.889	0.9	0.997	0	TRUE	128	121	0.915	1	0.989	0	TRUE	248	67	7	1	1.537	2.063	0.716	248	75	7	1	1.537	2.063	0.747																													balanced	""	0		12	0.71	0.678	248	0.996		
SRP153147	17	18	0.944	1	0.988	0	TRUE	409	404	0.931	1	0.994	0	TRUE	17	16	0.941	1	0.998	0	TRUE	409	403	0.966	1	0.998	0	FALSE	11978	729	569	0.985	0.54	0.997	0.261	11978	176	166	1	0.52	0.977	0.227																													partially_confounded	""	0.312		44	0.897	0.972	11978	0.994		
SRP153163	21	21	0.826	0.95	0.978	0	FALSE	124	68	0.536	0.65	0.936	0	TRUE	21	24	0.875	0.85	0.947	0	FALSE	124	120	0.694	0.85	0.955	0	TRUE	539	314	113	1	1.236	2.24	0.72	539	533	0	1	1.521	4.113	0.826																													partially_confounded	""	0.333		6	0.345	0.011	539	0.946		
SRP153200	33	33	1	0.95	0.998	0	TRUE	451	455	0.957	0.9	0.998	0	TRUE	33	34	0.971	1	0.999	0	TRUE	451	444	0.954	0.95	0.999	0	TRUE	9180	143	236	1	0.445	0.619	0.105	9180	794	26	1	0.386	0.644	0.067																													balanced	""	0.038		25	0.96	0.911	9180	0.999		
SRP154146	26	26	1	1	0.999	0	TRUE	345	355	0.95	0.95	0.998	0	TRUE	26	27	0.963	1	1	0	TRUE	345	352	0.969	1	1	0	TRUE	9533	25	171	1	0.348	0.223	0	9533	45	35	1	0.236	0.223	0																													balanced	""	0		58	0.98	0.992	9533	1		
SRP154425	22	22	1	0.95	0.998	0	TRUE	312	326	0.916	0.9	0.998	0	TRUE	22	22	0.913	0.95	1	0	TRUE	312	332	0.922	0.95	1	0	TRUE	3436	56	60	1	0.287	0.388	0.018	3436	65	10	1	0.275	0.389	0																													balanced	""	0.055		45	0.967	0.978	3436	0.992		
SRP154465	13	27	0.481	0.55	0.976	0	FALSE	255	277	0.767	0.7	0.971	0	FALSE	13	14	0.929	0.95	0.998	0	TRUE	255	245	0.938	0.95	0.998	0	FALSE	11336	2162	742	0.962	1.561	1.817	0.7	11336	309	135	1	0.837	1.787	0.44	13	24	0.48	0.5	0.972	0	FALSE	255	272	0.751	0.65	0.972	0	FALSE	13	28	0.414	0.45	0.961	0	FALSE	255	290	0.687	0.35	0.956	0	FALSE	partially_confounded	mildly_imbalanced	0.375	0.489	14	0.76	0.961	11336	0.977	0.765	0.63
SRP154838	11	9	0.818	0.85	0.937	0	FALSE	58	44	0.569	0.7	0.926	0	TRUE	11	12	0.917	0.95	0.977	0	TRUE	58	83	0.659	0.85	0.99	0	TRUE	31	0	32			1.857		31	1	1	1	0.666	1.858	0																													mildly_imbalanced	""	0.195		25	0.492	0.938	31	0.947		
SRP154859	27	26	0.963	0.9	0.997	0	TRUE	339	350	0.857	1	0.989	0	TRUE	27	24	0.889	0.95	0.998	0	TRUE	339	334	0.901	0.9	0.995	0	TRUE	5776	15	2124	1	1.437	0.531	0.867	5776	380	367	1	0.349	0.544	0.208																													balanced	""	0.018		33	0.729	0.878	5776	0.987		
SRP154932	35	30	0.757	0.95	0.978	0	TRUE	279	286	0.782	0.6	0.971	0	TRUE	35	35	0.892	0.9	0.984	0	TRUE	279	291	0.851	0.9	0.984	0	TRUE	3426	277	1087	1	0.784	0.89	0.375	3426	469	447	1	0.712	0.919	0.307																													balanced	""	0.143		12	0.698	0.763	3426	0.985		
SRP154934	24	24	0.714	0.85	0.877	0	TRUE	159	217	0.58	0.85	0.886	0	TRUE	24	27	0.889	1	0.986	0	TRUE	159	151	0.845	0.9	0.987	0	TRUE	349	96	282	1	0.758	0.902	0.333	349	86	9	1	0.692	0.938	0.291																													partially_confounded	""	0.375		15	0.401	0.735	349	0.9		
SRP154935	31	34	0.857	0.9	0.982	0	TRUE	193	302	0.547	0.75	0.921	1	TRUE	31	34	0.857	0.8	0.983	0	TRUE	193	287	0.553	0.45	0.941	0	TRUE	7	7	0	0.429	4.679		1	7	7	0	0.429	4.679		1																													partially_confounded	""	0.5		9	0	0	7	0.847		
SRP155851	29	27	0.867	0.85	0.967	0	FALSE	360	354	0.803	0.75	0.976	0	FALSE	29	28	0.966	1	0.997	0	TRUE	360	304	0.795	0.95	0.991	0	FALSE	970	0	2228			0.946		970	158	133	1	0.491	1.029	0.19																													balanced	""	0		12	0.303	0.736	970	0.978		
SRP155931	36	34	0.892	0.95	0.971	0	TRUE	335	356	0.763	0.7	0.965	0	TRUE	36	36	0.895	0.95	0.984	0	TRUE	335	348	0.788	0.55	0.97	0	FALSE	1	0	0			0.477		1	1	0	1	0.477		0	36	36	0.946	0.95	0.957	0	FALSE	335	290	0.671	0.75	0.921	0	TRUE	36	34	0.842	0.95	0.973	0	TRUE	335	349	0.777	0.7	0.966	0	TRUE	mildly_imbalanced	balanced	0.167	0.246	14	1	0	1	0.974	0.006	0.5
SRP155943	0	2	0	0.95	0.937	0	TRUE	4	1	0.25	0.7	0.964	0	TRUE	0	0		0.85	0.929	0	FALSE	4	1	0.25	0.7	0.949	0	TRUE	508	175	3	1	0.942	1.184	0.486	508	182	5	1	0.885	1.211	0.456																													mildly_imbalanced	""	0.222		18	0.652	0.635	508	0.988		
SRP156218	31	31	1	1	0.999	0	TRUE	397	388	0.948	1	0.998	0	TRUE	31	31	1	0.95	0.998	0	TRUE	397	403	0.961	1	0.998	0	TRUE	12153	228	127	1	0.397	0.932	0.193	12153	140	206	1	0.601	0.926	0.271																													balanced	""	0		8	0.971	0.972	12153	0.999		
SRP156285	6	13	0.462	0.8	0.924	0	FALSE	2	10	0.091	0.5	0.903	0	FALSE	6	13	0.462	0.8	0.924	0	FALSE	2	10	0.091	0.5	0.903	0	FALSE	6633	903	1011	0.996	0.515	0.8	0.186	6633	903	1011	0.996	0.515	0.8	0.186																													partially_confounded	""	0.5		10	0.75	0.75	6633	0.966		
SRP156476	13	14	0.929	0.95	0.995	0	TRUE	57	53	0.803	0.95	0.983	0	TRUE	13	13	1	0.95	0.998	0	TRUE	57	52	0.879	0.95	0.992	0	TRUE	41	0	22			0.81		41	5	0	1	0.733	0.846	0																													balanced	""	0		8	0.651	0.878	41	0.997		
SRP156859	35	39	0.897	1	0.984	0	FALSE	327	360	0.872	0.85	0.988	0	TRUE	35	36	0.919	0.95	0.988	0	TRUE	327	348	0.854	0.9	0.985	0	TRUE	397	14	202	1	0.212	0.295	0.143	397	68	76	1	0.197	0.312	0.074																													mildly_imbalanced	""	0.167		12	0.639	0.696	397	0.99		
SRP156888	33	34	0.971	0.9	0.995	0	TRUE	273	266	0.852	0.9	0.984	0	TRUE	33	32	0.97	0.95	0.992	0	FALSE	273	294	0.847	0.9	0.986	0	TRUE	1143	210	123	1	0.713	1.123	0.31	1143	361	40	1	0.747	1.177	0.36																													mildly_imbalanced	""	0.167		12	0.737	0.661	1143	0.99		
SRP158376	25	27	0.793	0.85	0.973	0	TRUE	133	123	0.79	0.75	0.965	0	TRUE	25	26	0.962	0.95	0.993	0	TRUE	133	141	0.903	1	0.996	0	TRUE	2904	607	172	1	0.663	1.065	0.259	2904	170	121	1	0.599	0.986	0.212																													partially_confounded	""	0.314		12	0.747	0.904	2904	0.977		
SRP158415	25	26	0.821	0.9	0.978	0	FALSE	92	92	0.546	0.3	0.946	0	TRUE	25	27	0.857	0.85	0.979	0	FALSE	92	53	0.422	0.75	0.936	0	FALSE	475	270	9	1	1.921	2.967	0.826	475	271	18	1	1.881	3.06	0.827																													mildly_imbalanced	""	0.167		7	0.424	0.414	475	0.976		
SRP158678	16	13	0.706	0.95	0.97	0	FALSE	79	52	0.658	0.95	0.984	0	TRUE	16	17	0.941	1	0.997	0	FALSE	79	77	0.95	1	0.999	0	TRUE	4681	764	195	0.965	0.733	1.291	0.349	4681	176	19	1	0.609	1.189	0.312																													partially_confounded	""	0.34		29	0.803	0.959	4681	0.986		
SRP158761	16	16	0.391	0.6	0.465	4	FALSE	143	75	0.135	0.15	0.335	34	FALSE	16	16	0.778	0.9	0.983	0	TRUE	143	169	0.733	0.6	0.973	0	FALSE	365	341	20	0.877	0.971	2.507	0.493	365	186	5	1	0.865	1.144	0.478																													partially_confounded	""	0.727		17	0.062	0.484	365	0.419		
SRP158995	24	20	0.692	0.9	0.962	0	TRUE	134	97	0.604	0.85	0.933	0	TRUE	24	25	0.96	0.95	0.992	0	TRUE	134	122	0.882	0.95	0.996	0	TRUE	2548	11	2390	1	2.702	1.103	1	2548	220	63	1	0.795	1.127	0.441																													balanced	""	0.125		16	0.514	0.892	2548	0.95		
SRP159065	28	24	0.733	0.95	0.93	1	TRUE	126	97	0.497	0.5	0.89	2	TRUE	28	28	0.867	0.9	0.982	0	FALSE	126	159	0.727	0.75	0.983	0	TRUE	633	613	2	0.992	0.747	2.041	0.339	633	452	3	1	0.668	1.136	0.279																													partially_confounded	""	0.5		8	0.031	0.285	633	0.942		
SRP160439	26	30	0.867	0.95	0.989	0	TRUE	225	237	0.855	0.85	0.981	0	TRUE	26	24	0.852	0.95	0.996	0	TRUE	225	198	0.815	0.8	0.982	0	TRUE	3386	127	576	1	0.503	0.745	0.252	3386	252	369	1	0.544	0.755	0.171																													balanced	""	0		8	0.823	0.835	3386	0.996		
SRP160883	4	5	0.8	0.85	0.964	0	TRUE	176	138	0.735	0.7	0.969	0	TRUE	4	2	0.5	0.7	0.9	0	TRUE	176	140	0.746	0.7	0.948	0	TRUE	3406	961	308	0.998	1.515	1.463	0.591	3406	1064	395	0.984	1.138	1.754	0.519																													partially_confounded	""	0.4		15	0.658	0.616	3406	0.975		
SRP161460	20	20	0.905	0.95	0.97	0	TRUE	136	86	0.586	0.95	0.967	1	TRUE	20	18	0.9	0.95	0.987	0	FALSE	136	125	0.788	0.9	0.973	1	TRUE	1240	299	68	1	0.66	0.977	0.231	1240	380	40	1	0.641	1.022	0.237																													mildly_imbalanced	""	0.25		8	0.719	0.672	1240	0.98		
SRP162318	34	34	0.943	0.95	0.996	0	TRUE	106	94	0.818	0.85	0.997	0	TRUE	34	33	0.914	0.9	0.929	0	TRUE	106	69	0.423	0.55	0.959	0	FALSE	507	158	8	1	0.459	0.551	0.095	507	317	11	1	0.496	0.562	0.136																													balanced	""	0		10	0.678	0.367	507	0.999		
SRP162383	6	6	0.714	0.8	0.942	0	TRUE	0	8	0	0.5	0.868	0	FALSE	6	5	0.833	0.8	0.94	0	FALSE	0	0		0.6	0.93	0	FALSE	2463	1629	72	0.897	1.935	2.414	0.713	2463	417	325	1	2.518	2.018	0.736																													partially_confounded	""	0.524		13	0.329	0.734	2463	0.943		
SRP162456	15	18	0.833	1	0.994	0	TRUE	33	29	0.771	0.75	0.986	0	FALSE	15	17	0.882	0.95	0.991	0	TRUE	33	21	0.636	0.7	0.982	0	FALSE	2	0	0			3.503		2	1	1	0	1.368	5.638	1	15	11	0.733	0.95	0.98	0	FALSE	33	1	0.03	0.65	0.964	0	FALSE	15	16	0.938	0.95	0.977	0	FALSE	33	27	0.714	0.7	0.977	0	FALSE	balanced	balanced	0.033	0.188	52	1	0.333	2	0.993	0.111	0.167
SRP162527	9	10	0.9	0.95	0.989	0	TRUE	56	42	0.719	0.9	0.979	0	TRUE	9	9	1	0.95	0.995	0	TRUE	56	58	0.81	0.9	0.99	0	TRUE	32	3	2	1	0.247	0.945	0	32	8	0	1	0.584	1.03	0.125																													balanced	""	0.071		15	0.853	0.75	32	0.995		
SRP163175	26	19	0.731	0.8	0.975		TRUE	171	140	0.69	0.85	0.97		TRUE	26	28	0.742	0.85	0.905	0	FALSE	171	272	0.549	0.65	0.917	0	TRUE	5503	3798	16	0.715	1.511	2.744	0.861	5503	2187	801	0.984	1.375	2.149	0.787																													partially_confounded	""	0.667		7	0.309	0.526	5503	0.953		
SRP164691	16	14	0.765	0.9	0.946	0	FALSE	241	149	0.579	0.85	0.974	0	TRUE	16	19	0.842	0.95	0.972	0	TRUE	241	257	0.779	0.85	0.986	0	TRUE	2876	1176	91	0.985	0.503	0.695	0.135	2876	1379	27	0.966	0.484	0.753	0.115																													partially_confounded	""	0.5		12	0.573	0.516	2876	0.961		
SRP165196	23	19	0.826	0.9	0.936	0	FALSE	149	112	0.631	0.85	0.941	0	TRUE	23	21	0.913	0.95	0.989	0	TRUE	149	158	0.861	0.9	0.992	0	TRUE	2365	2	2734	1	1.847	0.576	1	2365	76	233	1	0.376	0.584	0.145																													balanced	""	0		36	0.463	0.881	2365	0.978		
SRP165748	14	14	0.867	0.9	0.972	0	TRUE	210	220	0.878	0.95	0.985	0	TRUE	14	14	1	0.95	0.984	0	TRUE	210	216	0.928	0.95	0.991	0	TRUE	7	5	1	1	1.693	2.744	1	7	6	0	1	1.628	4.56	0.833																													balanced	""	0		8	0.25	0.143	7	0.991		
SRP165919	35	38	0.825	0.9	0.972	0	FALSE	584	545	0.848	0.8	0.974	0	TRUE	35	36	0.919	0.9	0.98	0	TRUE	584	486	0.801	0.85	0.953	0	TRUE	526	75	659	1	1.176	1.265	0.627	526	526	0	1	1.256		0.681																													partially_confounded	""	0.5		12	0.381	0	526	0.957		
SRP166762	38	39	0.925	0.95	0.998	0	TRUE	537	559	0.906	0.95	0.994	0	TRUE	38	39	0.974	1	0.997	0	TRUE	537	510	0.876	0.9	0.994	0	TRUE	7674	527	330	1	1.143	1.572	0.636	7674	1526	139	1	1.088	1.651	0.581																													balanced	""	0.111		14	0.893	0.787	7674	0.995		
SRP166848	20	19	0.696	0.8	0.98	0	TRUE	278	286	0.831	1	0.986	0	TRUE	20	16	0.714	0.8	0.952	0	TRUE	278	305	0.638	0.95	0.945	0	TRUE	362	34	73	1	1.207	1.006	0.647	362	216	19	1	0.934	1.114	0.426																													mildly_imbalanced	""	0.167		7	0.754	0.383	362	0.975		
SRP167865	20	19	0.773	0.9	0.975	0	FALSE	130	111	0.596	0.8	0.95	0	FALSE	20	21	0.64	0.8	0.938	0	FALSE	130	102	0.634	0.7	0.927	2	FALSE	1378	1200	0	0.968	1.039	1.369	0.517	1378	640	172	1	0.943	1.163	0.47																													partially_confounded	""	0.4		10	0.129	0.476	1378	0.956		
SRP167988	16	16	1	1	0.99	0	TRUE	73	82	0.845	1	0.988	0	TRUE	16	16	0.882	0.9	0.977	0	TRUE	73	106	0.598	0.9	0.959	0	TRUE	3	0	5			0.772		3	3	0	1	0.772		0.333	16	16	0.778	0.8	0.894	0	TRUE	73	124	0.515	0.95	0.927	0	FALSE	16	13	0.812	0.8	0.963	0	TRUE	73	169	0.352	0.95	0.922	0	TRUE	balanced	balanced	0	0	12	0.375	0	3	0.998	0.007	0
SRP168527	4	5	0.5	0.95	0.99	0	TRUE	54	57	0.85	1	0.991	0	TRUE	4	4	0.6	0.65	0.816	0	FALSE	54	60	0.541	0.85	0.929	0	FALSE	1	0	1			0.434		1	1	0	1	0.434		0																													balanced	""	0		24	0.5	0	1	0.997		
SRP168573	0	0		0.9	0.975	0	TRUE	0	2	0	0.8	0.978	0	FALSE	0	0		0.95	0.981	0	TRUE	0	2	0	0.8	0.98	0	FALSE	3607	689	59	1	3.744	6.65	0.672	3607	723	40	1	4.39	6.64	0.689																													mildly_imbalanced	""	0.2		10	0.796	0.791	3607	0.993		
SRP168748	34	34	1	0.95	0.998	0	TRUE	233	248	0.894	0.95	0.999	0	TRUE	34	31	0.912	0.95	0.995	0	TRUE	233	265	0.838	0.95	0.993	0	TRUE	180	69	8	1	1.375	1.041	0.58	180	162	0	1	1.079	1.729	0.543																													balanced	""	0		12	0.59	0.1	180	0.999		
SRP170244	34	35	0.769	0.8	0.946	1	FALSE	220	232	0.65	0.65	0.935	0	TRUE	34	34	1	0.9	0.969	0	TRUE	220	195	0.708	0.8	0.949	1	TRUE	2	0	113			2.897		2	2	0	1	2.897		1																													mildly_imbalanced	""	0.214		9	0.017	0	2	0.969		
SRP170677	38	38	0.949	1	0.997	0	TRUE	593	584	0.945	1	0.997	0	TRUE	38	39	0.974	1	0.998	0	TRUE	593	598	0.952	0.95	0.999	0	TRUE	8931	72	827	1	0.854	0.531	0.361	8931	513	94	1	0.42	0.538	0.172																													balanced	""	0.033		29	0.908	0.933	8931	0.998		
SRP171158	12	4	0.333	0.75	0.909	0	FALSE	59	29	0.419	0.75	0.86	0	TRUE	12	12	0.846	0.8	0.949	0	TRUE	59	57	0.841	0.9	0.956	0	TRUE	2	2	0	1	4.178		1	2	2	0	1	4.178		1																													partially_confounded	""	0.458		14	0	0	2	0.904		
SRP172565	21	14	0.591	0.85	0.965	0	TRUE	34	13	0.343	0.65	0.947	0	TRUE	21	20	0.952	1	0.991	0	TRUE	34	43	0.75	0.85	0.99	0	TRUE	201	105	5	1	0.736	0.716	0.467	201	34	28	1	0.951	0.715	0.5	21	33	0.543	0.65	0.861	0	FALSE	34	97	0.191	0.25	0.828	0	FALSE	21	18	0.625	0.75	0.907	0	TRUE	34	31	0.477	0.55	0.864	0	TRUE	mildly_imbalanced	partially_confounded	0.2	0.966	21	0.466	0.729	201	0.962	0.194	0.152
SRP172733	9	10	0.9	0.85	0.925	0	TRUE	8	10	0.8	0.85	0.977	0	TRUE	9	7	0.778	0.9	0.994	0	FALSE	8	8	1	0.95	0.99	0	FALSE	586	28	59	1	1.008	1.318	0.5	586	37	14	1	2.454	1.259	0.784	9	11	0.818	0.8	0.908	0	TRUE	8	13	0.615	0.8	0.926	0	TRUE	9	10	0.9	0.85	0.935	0	TRUE	8	9	0.889	0.75	0.944	0	TRUE	balanced	mildly_imbalanced	0.091	0.422	44	0.865	0.915	586	0.994	0.66	0.56
SRP173297	20	20	1	1	0.996	0	TRUE	134	134	0.956	0.95	0.998	0	TRUE	20	19	0.95	0.95	0.988	0	TRUE	134	154	0.846	0.85	0.993	0	TRUE	4527	57	110	1	0.163	0.239	0	4527	237	244	1	0.157	0.243	0																													balanced	""	0		24	0.964	0.899	4527	1		
SRP173466	33	35	0.943	0.95	0.998	0	TRUE	380	371	0.921	0.95	0.996	0	TRUE	33	33	1	0.95	0.998	0	TRUE	380	380	0.934	0.95	0.997	0	TRUE	3687	1	884	1	1.154	0.63	1	3687	94	388	1	0.554	0.632	0.16																													balanced	""	0.045		23	0.806	0.882	3687	0.998		
SRP173478	12	13	0.923	0.95	0.992	0	TRUE	81	64	0.768	0.85	0.991	0	TRUE	12	10	0.692	0.85	0.956	0	TRUE	81	41	0.435	0.7	0.947	0	TRUE	1091	14	202	1	0.189	0.264	0	1091	544	40	0.967	0.21	0.329	0.017																													balanced	""	0		8	0.833	0.484	1091	0.998		
SRP173589	39	36	0.923	0.95	0.995	0	TRUE	332	326	0.913	0.95	0.993	0	TRUE	39	38	0.974	0.95	0.996	0	TRUE	332	345	0.85	0.95	0.987	0	TRUE	10925	178	315	1	0.753	0.644	0.331	10925	1828	309	0.955	0.426	0.679	0.193																													balanced	""	0		8	0.956	0.81	10925	0.999		
SRP173645	31	32	0.909	0.95	0.998	0	TRUE	426	440	0.854	0.9	0.99	0	TRUE	31	34	0.912	0.9	0.985	0	TRUE	426	416	0.823	0.85	0.983	0	TRUE	6933	1040	402	1	0.636	0.932	0.237	6933	802	631	1	0.642	0.91	0.279																													mildly_imbalanced	""	0.25		8	0.803	0.811	6933	0.981		
SRP173675	37	39	0.9	0.95	0.993	0	TRUE	385	392	0.904	1	0.994	0	TRUE	37	37	1	1	0.999	0	TRUE	385	388	0.967	1	0.999	0	TRUE	12894	3275	211	0.588	1.297	1.682	0.674	12894	165	126	0.988	1.364	1.572	0.655																													partially_confounded	""	0.5		24	0.734	0.978	12894	0.985		
SRP173803	33	31	0.829	0.9	0.982	1	TRUE	155	134	0.752	0.8	0.963	0	FALSE	33	29	0.879	0.9	0.979	1	FALSE	155	118	0.551	0.8	0.933	0	FALSE	3127	1181	9	0.979	0.53	1.065	0.129	3127	701	162	1	0.499	0.895	0.131																													partially_confounded	""	0.467		14	0.621	0.738	3127	0.975		
SRP173808	14	14	0.556	0.9	0.911	0	TRUE	53	34	0.554	0.65	0.945	0	TRUE	14	20	0.619	0.9	0.94	0	TRUE	53	26	0.436	0.5	0.937	0	FALSE	4	2	0	1	1.651	4.485	1	4	1	1	1	1.31	4.268	1																													mildly_imbalanced	""	0.25		8	0.5	0.6	4	0.976		
SRP174208	23	23	1	0.95	0.998	0	TRUE	92	98	0.9	0.95	0.994	0	TRUE	23	23	0.917	0.9	0.994	0	TRUE	92	95	0.908	0.95	0.988	0	TRUE	1180	39	60	1	1.724	0.802	0.692	1180	70	94	1	0.858	0.812	0.429																													balanced	""	0.018		37	0.92	0.871	1180	0.995		
SRP174529	29	29	1	1	0.997	0	TRUE	383	389	0.925	0.9	0.993	0	TRUE	29	29	1	1	0.997	0	TRUE	383	384	0.957	0.9	0.998	0	TRUE	4741	755	229	1	0.689	0.937	0.309	4741	205	122	0.985	0.828	0.895	0.459																													mildly_imbalanced	""	0.233		19	0.802	0.933	4741	0.988		
SRP175109	5	3	0.6	0.9	0.989	0	TRUE	34	22	0.514	0.9	0.981	0	TRUE	5	4	0.8	0.85	0.976	0	TRUE	34	37	0.775	0.65	0.972	0	FALSE	4	2	0	1	1.1	2.695	0.5	4	2	0	1	1.1	2.695	0.5																													balanced	""	0.067		11	0.5	0.5	4	0.997		
SRP176418	5	5	1	0.95	0.977	0	TRUE	140	160	0.796	0.9	0.987	0	TRUE	5	6	0.833	0.9	0.958	0	TRUE	140	141	0.767	0.7	0.979	0	TRUE	3081	2205	1	1	0.572	1.271	0.198	3081	424	489	1	0.597	0.71	0.241																													mildly_imbalanced	""	0.25		10	0.284	0.744	3081	0.995		
SRP178051	15	13	0.867	0.95	0.993	0	TRUE	203	204	0.893	0.95	0.99	0	TRUE	15	14	0.933	0.95	0.996	0	TRUE	203	204	0.947	0.95	0.998	0	TRUE	5121	11	1166	1	1.568	0.412	0.636	5121	654	26	1	0.347	0.422	0.064																													balanced	""	0.054		15	0.813	0.868	5121	0.998		
SRP178267	4	9	0.444	1	0.996	0	FALSE	5	5	0.667	0.7	0.992	0	TRUE	4	4	1	0.95	0.995	0	TRUE	5	4	0.8	0.8	0.991	0	TRUE	244	60	4	1	0.752	1.225	0.317	244	38	3	1	0.791	1.157	0.342																													balanced	""	0		8	0.742	0.834	244	0.999		
SRP178890	21	21	1	0.95	0.992	0	TRUE	157	153	0.867	0.85	0.99	0	FALSE	21	22	0.955	1	0.959	0	FALSE	157	180	0.755	0.7	0.962	0	FALSE	50	0	50			1.419		50	16	2	1	1.344	1.47	0.75																													balanced	""	0		14	0.5	0.654	50	0.993		
SRP181809	15	14	0.706	0.9	0.931	0	TRUE	50	116	0.407	0.6	0.915	0	FALSE	15	11	0.733	0.95	0.995	0	TRUE	50	48	0.885	0.9	0.997	0	TRUE	92	13	4	1	0.585	0.998	0.385	92	2	6	1	0.347	0.985	0																													mildly_imbalanced	""	0.196		45	0.823	0.918	92	0.961		
SRP181939	33	30	0.8	0.9	0.979	0	TRUE	490	485	0.773	0.9	0.95	0	TRUE	33	31	0.829	0.9	0.948	0	FALSE	490	331	0.604	0.55	0.906	0	TRUE	9	8	0	1	1.506	2.535	0.875	9	6	0	1	1.506	2.155	0.833																													partially_confounded	""	0.4		10	0.111	0.333	9	0.966		
SRP182089	21	22	0.87	1	0.985	0	TRUE	173	144	0.832	0.85	0.991	0	TRUE	21	19	0.818	0.95	0.983	0	TRUE	173	105	0.598	0.5	0.973	0	TRUE	6964	170	262	0.994	1.193	0.721	0.559	6964	1286	411	0.911	0.54	0.773	0.259																													balanced	""	0		24	0.94	0.77	6964	0.997		
SRP182095	6	13	0.357	0.75	0.783	0	TRUE	16	4	0.111	0.35	0.789	0	FALSE	6	13	0.357	0.75	0.783	0	TRUE	16	4	0.111	0.35	0.789	0	FALSE	2	2	0	1	2.662		1	2	2	0	1	2.662		1																													partially_confounded	""	0.5		8	0	0	2	0.784		
SRP184756	38	36	0.947	0.95	0.982	0	TRUE	426	402	0.865	0.95	0.978	0	TRUE	38	39	0.974	1	0.987	0	TRUE	426	399	0.862	0.9	0.983	0	TRUE	6	0	0			1.836		6	3	0	1	1.602	1.864	1																													mildly_imbalanced	""	0.167		9	1	0.5	6	0.977		
SRP185546	3	1	0.333	0.8	0.906	0	TRUE	0	1	0	0.7	0.919	0	FALSE	3	3	1	0.75	0.812	0	TRUE	0	0		0.4	0.845	0	FALSE	9	0	3			5.782		9	0	2			5.782																														balanced	""	0.133		22	0.75	0.818	9	0.979		
SRP185578	18	25	0.536	0.65	0.864	0	TRUE	270	328	0.582	0.8	0.885	0	TRUE	18	16	0.889	0.95	0.99	0	TRUE	270	260	0.913	0.95	0.995	0	TRUE	138	46	13	1	0.742	0.952	0.261	138	26	11	1	0.767	0.926	0.269																													partially_confounded	""	0.5		8	0.609	0.752	138	0.894		
SRP185583	15	20	0.667	0.8	0.962	0	TRUE	57	65	0.649	0.6	0.9	0	TRUE	15	20	0.75	0.95	0.985	0	TRUE	57	54	0.82	0.95	0.978	0	TRUE	160	59	18	0.983	3.552	3.326	0.983	160	29	1	1	2.428	3.533	1																													partially_confounded	""	0.423		31	0.567	0.814	160	0.937		
SRP185733	5	5	0.667	0.7	0.819	0	TRUE	40	39	0.519	0.7	0.946	0	TRUE	5	5	1	0.9	0.983	0	TRUE	40	28	0.619	0.85	0.992	0	FALSE	2894	1206	21	0.951	0.986	0.875	0.496	2894	176	80	1	1.288	0.897	0.568																													partially_confounded	""	0.425		18	0.579	0.914	2894	0.952		
SRP185884	23	19	0.826	0.9	0.995	0	TRUE	201	188	0.87	0.95	0.997	0	TRUE	23	20	0.387	0.6	0.796	3	TRUE	201	308	0.552	0.8	0.894	1	TRUE	30	1	2	1	1.168	1.079	1	30	8	0	0.875	1.081	1.089	0.625																													balanced	balanced	0	0	16	0.906	0.733	30	0.999		
SRP186066	16	19	0.842	0.9	0.993	0	TRUE	101	128	0.762	0.85	0.994	0	TRUE	16	29	0.5	0.75	0.772	0	FALSE	101	101	0.507	0.5	0.86	0	FALSE	355	61	18	1	0.716	1.109	0.279	355	174	106	0.983	0.918	1.182	0.431																													balanced	""	0		8	0.788	0.393	355	0.998		
SRP186214	34	33	0.971	0.95	0.992	0	TRUE	476	489	0.842	0.8	0.981	3	TRUE	34	32	0.886	0.9	0.983	0	FALSE	476	444	0.829	0.8	0.972	0	TRUE	2939	528	331	1	0.842	1.351	0.402	2939	619	448	1	1.221	1.264	0.611																													mildly_imbalanced	""	0.25		16	0.737	0.685	2939	0.979		
SRP186363	5	5	1	0.75	0.991	0	TRUE	69	46	0.643	0.7	0.97		FALSE	5	8	0.625	0.95	0.964	0	TRUE	69	179	0.363	0.6	0.948	0	TRUE	2892	786	97	1	2.441	4.888	0.845	2892	742	225	1	2.357	4.903	0.868																													mildly_imbalanced	""	0.2		11	0.705	0.69	2892	0.978		
SRP186486	24	26	0.852	0.85	0.95	0	TRUE	167	138	0.723	0.85	0.891	4	TRUE	24	26	0.923	1	0.986	0	TRUE	167	170	0.872	0.9	0.98	0	TRUE	4639	2986	18	0.601	1.598	3.804	0.773	4639	705	194	1	1.197	2.441	0.603																													partially_confounded	""	0.75		8	0.355	0.814	4639	0.926		
SRP187466	12	11	0.917	0.9	0.992	0	FALSE	220	221	0.885	0.95	0.989	0	TRUE	12	12	1	0.95	0.995	0	FALSE	220	227	0.902	0.95	0.996	0	TRUE	5571	50	582	1	0.367	0.431	0.06	5571	394	102	1	0.309	0.44	0.033																													balanced	""	0		9	0.897	0.913	5571	0.997		
SRP187855	12	21	0.435	0.65	0.968	0	TRUE	56	85	0.484	0.7	0.944	0	FALSE	12	16	0.75	0.95	0.988	0	TRUE	56	53	0.758	0.9	0.98	0	TRUE	56	20	5	1	1.148	1.327	0.6	56	27	0	1	1.06	1.524	0.593																													mildly_imbalanced	""	0.154		46	0.59	0.518	56	0.956		
SRP188706	30	30	1	0.95	0.996	0	TRUE	279	264	0.892	0.9	0.995	0	TRUE	30	29	0.844	0.9	0.965	0	FALSE	279	258	0.716	0.9	0.969	0	TRUE	19	14	0	1	2.727	4.201	1	19	4	12	1	1.97	2.926	1																													balanced	""	0		8	0.263	0.484	19	0.991		
SRP188927	25	18	0.72	0.95	0.871	1	FALSE	146	168	0.554	0.65	0.899	1	TRUE	25	31	0.647	0.8	0.835	2	FALSE	146	247	0.445	0.35	0.765	2	FALSE	1	0	0			3.555		1	0	0			3.555																														partially_confounded	""	0.5		8	1	1	1	0.916		
SRP189755	17	14	0.476	0.65	0.624	0	FALSE	167	68	0.098	0.2	0.693	0	FALSE	17	14	0.632	0.85	0.881	0	FALSE	167	106	0.476	0.6	0.88	0	FALSE	1	1	0	1	4.484		1	1	1	0	1	4.484		1	17	19	0.385	0.55	0.259	3	FALSE	167	65	0.084	0.1	0.143	60	FALSE	17	9	0.529	0.6	0.66	0	FALSE	167	95	0.129	0.2	0.723	0	FALSE	mildly_imbalanced	balanced	0.167	0	12	0	0	1	0.946	0.333	0
SRP189776	3	2	0.667	1	0.994	0	TRUE	7	7	1	1	0.995	0	FALSE	3	3	1	0.9	0.995	0	TRUE	7	6	0.857	0.9	0.987	0	FALSE	407	88	0	1	3.786	5.244	1	407	66	8	1	3.496	5.146	1																													balanced	""	0		8	0.784	0.822	407	0.996		
SRP190928	23	24	0.88	0.95	0.995	0	TRUE	248	254	0.931	1	0.998	0	TRUE	23	27	0.562	0.75	0.852	1	TRUE	248	325	0.623	0.9	0.931	0	FALSE	1	0	0			2.045		1	0	5			2.045																														balanced	""	0		8	1	0.167	1	0.999		
SRP191039	0	1	0	1	0.98	0	TRUE	5	5	1	0.95	0.978	0	TRUE	0	0		0.95	0.979	0	TRUE	5	6	0.833	0.95	0.99	0	FALSE	5583	389	285	1	0.376	0.698	0.118	5583	529	104	1	0.366	0.714	0.11																													mildly_imbalanced	""	0.15		9	0.885	0.889	5583	0.994		
SRP191054	9	8	0.889	0.9	0.985	0	TRUE	79	81	0.839	0.95	0.978	0	TRUE	9	12	0.75	0.95	0.982	0	TRUE	79	83	0.78	1	0.973	0	TRUE	154	19	5	1	1.163	2.099	0.526	154	7	9	1	1.424	2.046	0.571																													mildly_imbalanced	""	0.167		12	0.849	0.902	154	0.98		
SRP191069	16	22	0.727	0.85	0.949	0	TRUE	172	140	0.584	0.6	0.95	0	TRUE	16	16	0.391	0.6	0.689	0	TRUE	172	323	0.327	0.55	0.786	1	TRUE	1	0	2			3.588		1	1	0	0	3.588		1																													mildly_imbalanced	""	0.25		10	0.333	0	1	0.964		
SRP191419	16	18	0.889	0.95	0.995	0	TRUE	199	168	0.826	0.9	0.994	0	TRUE	16	18	0.889	1	0.992	0	TRUE	199	213	0.881	1	0.99	0	TRUE	2	0	0			5.572		2	0	0			5.572																														balanced	""	0.027		21	1	1	2	0.994		
SRP191445	9	14	0.643	0.85	0.986	0	TRUE	453	478	0.833	0.7	0.973	0	TRUE	9	14	0.643	0.85	0.986	0	TRUE	453	478	0.833	0.7	0.973	0	TRUE	4132	561	199	1	4.069	5.026	1	4132	561	199	1	4.069	5.026	1																													balanced	""	0.067		8	0.825	0.825	4132	0.991		
SRP191501	39	39	1	0.95	0.997	0	TRUE	387	400	0.938	0.95	0.996	0	TRUE	39	39	1	1	0.998	0	TRUE	387	400	0.943	1	0.998	0	TRUE	8292	267	195	1	0.462	0.729	0.228	8292	472	77	1	0.415	0.737	0.178																													balanced	""	0		10	0.946	0.934	8292	0.998		
SRP192368	21	23	0.76	0.9	0.97	0	TRUE	125	126	0.651	0.8	0.923	0	FALSE	21	21	1	0.95	0.992	0	TRUE	125	126	0.887	0.9	0.994	0	FALSE	727	1	1283	1	2.209	0.42	1	727	90	16	1	0.303	0.449	0.078	21	23	0.692	0.8	0.967	0	TRUE	125	128	0.643	0.8	0.919	0	TRUE	21	24	0.731	0.85	0.963	0	TRUE	125	119	0.73	0.9	0.922	0	TRUE	balanced	balanced	0.101	0.176	20	0.361	0.857	727	0.961	0.352	0.409
SRP192735	2	1	0.5	0.9	0.941	0	TRUE	41	15	0.273	0.55	0.938		TRUE	2	1	0.5	1	0.992	0	TRUE	41	38	0.837	0.75	0.994	0	TRUE	3519	1214	22	0.951	0.992	1.973	0.497	3519	248	46	1	0.615	1.697	0.319																													mildly_imbalanced	""	0.205		31	0.651	0.918	3519	0.98		
SRP193449	32	34	0.941	1	0.998	0	TRUE	418	424	0.931	1	0.997	0	TRUE	32	33	0.97	1	0.997	0	TRUE	418	426	0.923	0.95	0.998	0	TRUE	10505	160	273	0.994	0.549	1.131	0.262	10505	352	202	1	0.626	1.139	0.324																													mildly_imbalanced	""	0.178		50	0.96	0.948	10505	0.999		
SRP193857	35	35	1	0.95	0.997	0	TRUE	409	397	0.938	1	0.998	0	TRUE	35	36	0.972	0.9	0.996	0	TRUE	409	400	0.926	0.95	0.998	0	FALSE	3991	293	88	1	0.728	1.325	0.3	3991	227	209	0.996	0.871	1.286	0.436																													balanced	""	0.071		11	0.907	0.896	3991	0.997		
SRP195618	34	35	0.971	0.9	0.993	0	TRUE	308	327	0.913	0.9	0.994	0	TRUE	34	34	0.943	0.9	0.971	0	TRUE	308	212	0.576	0.75	0.937	0	TRUE	1646	99	223	1	0.53	0.494	0.192	1646	1315	8	1	0.464	0.676	0.137																													balanced	""	0		10	0.828	0.2	1646	0.998		
SRP197374	29	27	0.931	0.95	0.993	0	TRUE	287	311	0.869	0.9	0.992	0	TRUE	29	25	0.862	0.95	0.988	0	TRUE	287	297	0.884	0.85	0.988	0	TRUE	558	307	4	1	4.482	5.688	0.769	558	325	3	1	4.591	5.683	0.785																													mildly_imbalanced	""	0.2		10	0.447	0.415	558	0.99		
SRP197376	26	26	0.857	1	0.964	0	TRUE	206	204	0.745	0.8	0.984	0	FALSE	26	20	0.769	1	0.973	0	TRUE	206	112	0.479	0.6	0.972	0	FALSE	20	6	1	1	0.924	1.073	0.167	20	7	1	1	0.893	1.095	0.143																													mildly_imbalanced	""	0.2		10	0.667	0.619	20	0.988		
SRP198299	8	7	0.875	1	0.994	0	TRUE	128	122	0.838	0.9	0.989	0	FALSE	8	16	0.412	0.7	0.942	0	FALSE	128	55	0.253	0.35	0.895	0	TRUE	1	1	0	1	0.506		0	1	1	0	1	0.506		0																													balanced	""	0		12	0	0	1	0.997		
SRP198351	22	26	0.778	0.8	0.93	0	TRUE	251	218	0.731	0.85	0.983	0	TRUE	22	24	0.917	0.9	0.984	0	TRUE	251	241	0.809	0.7	0.985	0	TRUE	1748	370	162	1	0.529	0.693	0.251	1748	562	47	1	0.509	0.733	0.224																													mildly_imbalanced	""	0.25		8	0.721	0.661	1748	0.988		
SRP198592	15	25	0.6	0.8	0.882	0	TRUE	278	342	0.623	0.65	0.899	1	TRUE	15	15	1	0.9	0.998	0	TRUE	278	287	0.915	0.95	0.998	0	TRUE	402	141	71	1	0.568	0.697	0.128	402	24	13	1	0.577	0.65	0.292																													partially_confounded	""	0.31		32	0.552	0.911	402	0.948		
SRP199131	36	37	0.872	0.95	0.983	2	TRUE	268	293	0.798	0.95	0.981	0	TRUE	36	34	0.944	0.95	0.995	0	TRUE	268	242	0.828	0.9	0.987	0	TRUE	3680	884	160	1	0.889	1.503	0.411	3680	2033	23	1	1.047	1.756	0.538																													partially_confounded	""	0.333		5	0.728	0.445	3680	0.986		
SRP199237	14	15	0.933	0.95	0.999	0	TRUE	83	61	0.714	0.9	0.998	0	TRUE	14	14	1	0.95	0.996	0	FALSE	83	64	0.69	0.9	0.992	0	TRUE	123	0	2			0.294		123	9	4	1	0.125	0.311	0																													balanced	""	0.022		90	0.984	0.898	123	0.999		
SRP199374	15	15	1	1	0.998	0	TRUE	204	200	0.942	1	0.999	0	TRUE	15	20	0.667	0.8	0.945	0	FALSE	204	167	0.718	0.85	0.97	0	TRUE	1	1	0	1	0.285		0	1	1	0	1	0.285		0																													balanced	""	0		20	0	0	1	1		
SRP199441	18	20	0.9	1	0.981	0	TRUE	181	166	0.886	1	0.989	0	TRUE	18	19	0.85	0.9	0.981	0	TRUE	181	136	0.704	0.95	0.975	0	TRUE	1346	0	306			0.546		1346	337	37	1	0.43	0.589	0.062	18	17	0.944	0.9	0.97	0	TRUE	181	162	0.796	0.9	0.968	0	TRUE	18	18	1	0.95	0.972	0	TRUE	181	132	0.701	0.95	0.968	0	TRUE	balanced	balanced	0	0	24	0.815	0.73	1346	0.997	0.344	0.753
SRP199583	1	2	0.5	0.85	0.926	0	TRUE	3	1	0.333	0.6	0.921	0	FALSE	1	0	0	0.95	0.978	0	TRUE	3	0	0	0.7	0.972	0	FALSE	19	2	0	1	3.396	4.136	1	19	0	0			4.136																														partially_confounded	""	0.339		15	0.895	1	19	0.96		
SRP200316	14	11	0.786	0.95	0.944	0	TRUE	237	161	0.645	0.55	0.952	2	FALSE	14	10	0.714	0.8	0.978	0	TRUE	237	222	0.779	0.7	0.969	0	FALSE	987	774	12	0.828	1.283	1.422	0.711	987	421	48	1	1.316	1.33	0.717																													partially_confounded	""	0.5		10	0.213	0.547	987	0.928		
SRP200405	15	16	0.722	0.75	0.949	0	TRUE	106	52	0.477	0.5	0.948	0	TRUE	15	6	0.235	0.7	0.847		FALSE	106	0	0	0.35	0.789		FALSE	1	0	0			3.64		1	0	3569			3.64																														mildly_imbalanced	""	0.199		25	1	0	1	0.98		
SRP201011	23	23	1	0.95	0.994	0	TRUE	116	113	0.877	0.95	0.996	0	TRUE	23	24	0.958	0.95	0.987	0	TRUE	116	123	0.77	0.9	0.98	0	TRUE	7903	70	167	1	0.506	0.607	0.186	7903	1100	441	0.963	0.378	0.648	0.123																													balanced	""	0.024		27	0.971	0.815	7903	0.999		
SRP201665	31	26	0.839	1	0.994	0	FALSE	466	331	0.703	0.7	0.985	0	FALSE	31	28	0.903	1	0.997	0	TRUE	466	449	0.951	0.95	0.997	0	TRUE	6039	264	193	1	0.336	0.681	0.038	6039	283	91	1	0.342	0.682	0.039																													balanced	""	0.125		16	0.927	0.939	6039	0.956		
SRP201679	18	27	0.607	0.9	0.981	0	FALSE	369	402	0.894	0.9	0.989	0	FALSE	18	20	0.9	0.95	0.977	0	FALSE	369	369	0.937	0.9	0.995	0	TRUE	115	2	51	1	4.067	0.882	1	115	22	1	1	0.685	0.943	0.227																													balanced	""	0.056		19	0.681	0.802	115	0.995		
SRP201969	11	11	0.571	0.75	0.908	0	FALSE	77	66	0.521	0.65	0.873	0	TRUE	11	14	0.786	0.85	0.975	0	TRUE	77	108	0.637	0.9	0.98	0	TRUE	7	3	0	0.333	1.091	3.961	0.667	7	0	0			2.072		11	10	0.5	0.65	0.807	1	TRUE	77	65	0.379	0.5	0.829	0	TRUE	11	3	0.167	0.6	0.768	0	FALSE	77	34	0.22	0.4	0.759	1	FALSE	partially_confounded	balanced	0.528	0.212	17	0.571	1	7	0.858	0.571	0.714
SRP211825	24	6	0.2	0.55	0.268	1	FALSE	83	81	0.139	0.15	0.563	2	FALSE	24	6	0.2	0.55	0.268	1	FALSE	83	81	0.139	0.15	0.563	2	FALSE	3591	332	2389	1	0.686	3.87	0.286	3591	332	2389	1	0.686	3.87	0.286																													partially_confounded	""	0.5		8	0.545	0.545	3591	0.766		
SRP212107	31	31	0.938	0.95	0.989	0	TRUE	305	303	0.854	0.7	0.983	0	TRUE	31	31	0.938	0.95	0.985	0	TRUE	305	389	0.784	0.65	0.984	0	TRUE	1317	0	833			0.395		1317	82	293	1	0.341	0.402	0.061																													balanced	""	0.071		15	0.613	0.767	1317	0.988		
SRP212635	9	9	0.8	0.95	0.964	0	TRUE	162	159	0.773	0.95	0.969		TRUE	9	9	1	0.95	0.98	0	TRUE	162	152	0.826	0.8	0.992		TRUE	8237	957	333	0.998	0.52	3.196	0.286	8237	518	249	1	0.512	2.924	0.328																													partially_confounded	""	0.417		7	0.849	0.91	8237	0.988		
SRP212932	14	17	0.824	0.95	0.98	0	FALSE	81	84	0.813	0.9	0.984	0	FALSE	14	16	0.765	0.9	0.98	0	TRUE	81	118	0.645	0.9	0.977	0	TRUE	8	0	14			0.763		8	0	12			0.763																														balanced	""	0.1		9	0.364	0.4	8	0.982		
SRP212955	14	17	0.722	0.85	0.963	0	FALSE	185	164	0.799	0.85	0.938	0	TRUE	14	13	0.929	0.95	0.997	0	FALSE	185	186	0.922	1	0.997	0	TRUE	289	289	0	1	4.964		0.976	289	49	2	1	3.068	5.332	0.898																													partially_confounded	""	0.333		12	0	0.825	289	0.915		
SRP213018	11	9	0.818	0.95	0.992	0	TRUE	69	95	0.673	0.8	0.985	0	TRUE	11	10	0.75	0.8	0.943	0	TRUE	69	75	0.655	0.65	0.968	0	FALSE	6065	277	593	0.993	0.988	1.54	0.491	6065	489	689	1	0.947	1.577	0.472																													mildly_imbalanced	""	0.167		10	0.869	0.826	6065	0.992		
SRP213838	28	29	0.966	0.9	0.995	0	TRUE	509	509	0.95	0.9	0.998	0	TRUE	28	29	0.9	0.8	0.988	0	TRUE	509	491	0.859	0.75	0.982	0	FALSE	4722	344	162	1	0.872	1.122	0.442	4722	1572	101	0.957	0.789	1.288	0.37																													balanced	""	0.095		13	0.896	0.653	4722	0.994		
SRP214273	7	6	0.625	0.85	0.914	0	TRUE	6	4	0.429	0.55	0.895	0	TRUE	7	6	0.3	0.75	0.925	0	FALSE	6	16	0.294	0.45	0.901	0	TRUE	43	36	3	1	2.395	3.327	0.944	43	40	0	1	2.464	3.327	0.95																													mildly_imbalanced	""	0.25		8	0.152	0.07	43	0.958		
SRP214375	28	28	1	1	0.999	0	TRUE	232	230	0.933	0.95	0.999	0	TRUE	28	28	1	1	0.999	0	TRUE	232	245	0.908	0.95	0.999	0	TRUE	4971	78	47	1	0.524	0.661	0.397	4971	67	37	1	0.637	0.658	0.403																													balanced	""	0		60	0.975	0.979	4971	0.999		
SRP215863	9	5	0.4	0.7	0.871	0	TRUE	23	16	0.5	0.75	0.873	0	TRUE	9	8	0.889	0.85	0.982	0	TRUE	23	18	0.64	0.8	0.965	0	TRUE	38	0	461			5.876		38	15	0	1	5.309	6.281	1																													mildly_imbalanced	""	0.25		14	0.076	0.605	38	0.954		
SRP216020	26	27	0.963	0.95	0.997	0	TRUE	111	63	0.54	0.9	0.996	0	TRUE	26	26	1	0.95	0.998	0	TRUE	111	126	0.756	0.95	0.996	0	TRUE	205	18	23	1	0.473	0.557	0	205	21	17	1	0.388	0.561	0.048																													balanced	""	0		10	0.82	0.829	205	0.998		
SRP216037	27	26	0.963	0.9	0.995	0	TRUE	276	260	0.868	0.9	0.989	0	FALSE	27	28	0.964	0.9	0.995	0	TRUE	276	296	0.9	0.9	0.995	0	TRUE	4901	53	775	1	0.317	0.353	0.019	4901	123	318	1	0.338	0.353	0.016																													balanced	""	0.091		22	0.854	0.916	4901	0.997		
SRP216087	28	21	0.531	0.7	0.798	1	TRUE	342	184	0.437	0.6	0.743	34	FALSE	28	25	0.893	0.95	0.985	0	TRUE	342	293	0.819	0.9	0.984	0	TRUE	8	5	0	1	1.608	0.906	0.6	8	0	0			1.257																														partially_confounded	""	0.6		10	0.375	1	8	0.746		
SRP217736	32	35	0.914	1	0.994	0	TRUE	304	324	0.897	0.95	0.994	0	TRUE	32	32	1	0.95	0.999	0	TRUE	304	323	0.894	0.9	0.994	0	TRUE	6767	120	570	1	0.48	0.613	0.175	6767	359	120	1	0.42	0.619	0.134																													balanced	""	0.1		11	0.906	0.93	6767	0.996		
SRP217849	16	10	0.625	0.95	0.973	0	TRUE	89	94	0.867	1	0.992	0	TRUE	16	15	0.824	0.95	0.998	0	TRUE	89	86	0.882	0.95	0.996	0	TRUE	4831	41	365	1	0.491	0.414	0.098	4831	109	128	1	0.264	0.417	0.018																													balanced	""	0		16	0.922	0.952	4831	0.997		
SRP217860	7	0	0	0.35	0.057	3	FALSE	18	13	0.033	0.05	0.25	3	FALSE	7	9	0.778	0.85	0.984	0	TRUE	18	18	0.714	0.9	0.979	0	TRUE	7	7	0	1	1.929		1	7	1	1	1	11.326	1.887	1																													partially_confounded	""	0.8		9	0	0.75	7	0.554		
SRP217867	24	21	0.875	0.95	0.99	0	TRUE	236	254	0.801	0.85	0.967	0	TRUE	24	23	0.808	0.9	0.987	0	TRUE	236	242	0.831	0.9	0.966	0	TRUE	2	2	0	1	0.98		0.5	2	2	0	1	0.98		0.5																													mildly_imbalanced	""	0.25		8	0	0	2	0.946		
SRP218156	6	9	0.667	0.85	0.977	0	TRUE	120	143	0.789	0.95	0.982	0	TRUE	6	6	1	0.85	0.976	0	TRUE	120	106	0.837	1	0.994	0	TRUE	4	0	3			0.551		4	1	0	1	0.485	0.618	0																													balanced	""	0.071		15	0.571	0.75	4	0.99		
SRP218250	26	27	0.893	0.9	0.997	0	TRUE	163	196	0.76	0.8	0.992	0	TRUE	26	27	0.963	0.95	0.998	0	TRUE	163	183	0.85	0.9	0.997	0	TRUE	337	24	17	1	0.443	0.964	0.167	337	23	10	1	0.474	0.969	0.13																													balanced	""	0.114		23	0.884	0.905	337	0.992		
SRP218851	26	20	0.586	0.7	0.677	0	TRUE	407	251	0.469	0.4	0.73	19	FALSE	26	29	0.897	0.95	0.987	0	TRUE	407	403	0.924	0.85	0.991	1	TRUE	503	314	28	0.818	0.962	1.671	0.478	503	107	6	1	0.847	1.288	0.402																													partially_confounded	""	0.5		12	0.356	0.778	503	0.822		
SRP219516	21	21	1	1	0.997	0	TRUE	135	130	0.853	0.9	0.994	0	TRUE	21	20	0.952	1	0.995	0	TRUE	135	139	0.903	0.9	0.995	0	FALSE	5393	207	302	1	0.35	0.532	0.193	5393	409	98	1	0.318	0.54	0.171																													balanced	""	0.119		13	0.911	0.908	5393	0.996		
SRP220131	33	34	0.811	0.85	0.948	0	TRUE	284	256	0.641	0.7	0.928	0	FALSE	33	34	0.971	0.95	0.991	0	TRUE	284	272	0.885	0.9	0.993	0	TRUE	37	22	9	1	1.041	1.082	0.545	37	10	4	1	0.94	1.082	0.5																													partially_confounded	""	0.333		10	0.326	0.659	37	0.941		
SRP220333	17	21	0.81	0.95	0.914	0	TRUE	28	45	0.553	0.7	0.95	0	TRUE	17	17	1	0.95	0.984	0	TRUE	28	27	0.964	0.85	0.993	0	TRUE	5	5	0	1	2.15		1	5	1	0	1	1.047	2.492	1																													mildly_imbalanced	""	0.182		21	0	0.8	5	0.982		
SRP220671	23	24	0.958	0.9	0.987	0	TRUE	304	294	0.881	0.95	0.983	0	TRUE	23	34	0.676	0.85	0.977	0	TRUE	304	354	0.745	0.85	0.95	0	TRUE	4	0	3			0.828		4	4	0	1	0.828		0																													balanced	""	0.061		23	0.571	0	4	0.99		
SRP221637	29	29	1	1	0.996	0	FALSE	313	320	0.89	0.9	0.992	0	TRUE	29	29	1	1	0.997	0	TRUE	313	297	0.912	0.95	0.996	1	TRUE	9751	17	947	0.941	0.749	0.579	0.176	9751	422	289	0.998	0.292	0.599	0.033																													balanced	""	0		32	0.91	0.929	9751	0.994		
SRP223303	7	6	0.857	0.95	0.995	0	TRUE	74	72	0.872	0.95	0.992	0	TRUE	7	7	0.273	0.7	0.739	0	FALSE	74	36	0.375	0.65	0.778	1	FALSE	21	11	0	1	0.99	1.953	0.455	21	16	0	0.938	0.99	2.83	0.438																													balanced	""	0		8	0.476	0.238	21	0.998		
SRP224655	17	15	0.778	0.9	0.979	0	FALSE	168	153	0.754	0.85	0.95	0	FALSE	17	17	0.789	0.85	0.986	0	TRUE	168	168	0.787	0.95	0.962	0	FALSE	3	0	1			0.74		3	0	5			0.74																														mildly_imbalanced	""	0.25		12	0.75	0.375	3	0.966		
SRP225503	21	22	0.87	0.95	0.984	0	TRUE	135	144	0.812	0.9	0.982	0	TRUE	21	20	0.864	0.9	0.983	0	TRUE	135	143	0.805	0.85	0.988	0	TRUE	3131	675	100	1	0.393	0.504	0.067	3131	743	77	1	0.379	0.513	0.066																													partially_confounded	""	0.333		21	0.76	0.744	3131	0.986		
SRP225660	3	5	0.6	0.95	0.987	0	TRUE	7	7	1	0.7	0.962	0	TRUE	3	0	0	0.85	0.968	0	FALSE	7	3	0.429	0.75	0.972	0	TRUE	77	0	17			0.788		77	5	4	1	0.391	0.813	0.2																													balanced	""	0		26	0.819	0.889	77	0.992		
SRP225812	22	18	0.818	0.9	0.957	0	FALSE	157	137	0.598	0.65	0.968	0	TRUE	22	18	0.739	0.95	0.994	0	TRUE	157	130	0.739	0.8	0.985	0	TRUE	1311	203	201	1	0.76	0.91	0.296	1311	510	29	1	0.648	1.045	0.237																													mildly_imbalanced	""	0.25		8	0.733	0.598	1311	0.982		
SRP227165	27	22	0.815	1	0.974	0	TRUE	217	196	0.836	0.95	0.987	0	TRUE	27	24	0.889	1	0.988	0	TRUE	217	211	0.853	0.95	0.993	0	TRUE	6765	439	1045	1	0.891	2.07	0.433	6765	106	685	1	1.304	1.994	0.604																													mildly_imbalanced	""	0.25		14	0.81	0.894	6765	0.986		
SRP228964	24	22	0.917	0.95	0.994	0	TRUE	205	202	0.817	0.7	0.987	0	TRUE	24	24	1	1	0.997	0	TRUE	205	205	0.889	0.85	0.995	0	TRUE	7542	379	563	0.979	0.399	0.776	0.195	7542	418	134	0.995	0.375	0.782	0.148																													mildly_imbalanced	""	0.25		22	0.884	0.928	7542	0.988		
SRP229353	4	2	0.5	0.9	0.972	0	TRUE	8	7	0.875	0.85	0.967	0	TRUE	4	3	0.75	0.8	0.958	0	TRUE	8	8	1	0.85	0.904	0	TRUE	32	6	0	1	2.748	2.634	0.833	32	4	12	1	2.748	2.634	0.75																													mildly_imbalanced	""	0.25		16	0.812	0.636	32	0.989		
SRP229494	13	14	0.929	0.95	0.996	0	TRUE	85	89	0.912	0.95	0.997	0	TRUE	13	12	0.923	0.95	0.979	0	FALSE	85	63	0.741	0.85	0.986	0	FALSE	673	30	46	1	0.506	0.531	0.1	673	223	2	1	0.423	0.576	0.112																													balanced	""	0		20	0.894	0.667	673	0.999		
SRP229626	21	22	0.87	0.9	0.976	0	TRUE	218	233	0.819	0.95	0.973	1	TRUE	21	24	0.875	0.95	0.993	0	TRUE	218	219	0.813	0.95	0.984	0	TRUE	790	0	1273			0.714		790	116	127	1	0.408	0.796	0.103	21	22	0.955	0.95	0.982	0	TRUE	218	226	0.741	0.9	0.954	3	TRUE	21	20	0.952	0.95	0.985	0	TRUE	218	218	0.809	0.95	0.966	1	TRUE	mildly_imbalanced	mildly_imbalanced	0.214	0.424	13	0.383	0.735	790	0.984	0.466	0.577
SRP230248	4	4	1	1	0.998	0	TRUE	31	31	1	1	0.994	0	TRUE	4	3	0.75	0.95	0.964	0	FALSE	31	32	0.909	0.95	0.972	0	FALSE	4684	94	83	1	0.267	0.404	0.021	4684	421	187	1	0.231	0.424	0.012																													balanced	""	0		16	0.963	0.875	4684	1		
SRP230295	1	2	0.5	0.95	0.975	0	TRUE	55	58	0.738	0.7	0.984	0	TRUE	1	7	0.143	0.8	0.847	0	FALSE	55	73	0.391	0.4	0.863	0	FALSE	4639	1323	26	0.985	3.236	4.616	1	4639	317	646	1	2.972	4.311	1																													partially_confounded	""	0.333		5	0.711	0.818	4639	0.985		
SRP230420	8	10	0.8	0.9	0.995	0	TRUE	88	78	0.844	0.9	0.997	0	TRUE	8	9	0.889	0.85	0.988	0	FALSE	88	93	0.792	0.9	0.988	0	TRUE	968	28	13	1	0.199	0.222	0.036	968	163	7	1	0.152	0.236	0.049																													balanced	""	0.027		84	0.958	0.826	968	0.999		
SRP230425	10	12	0.467	0.8	0.868	0	TRUE	31	28	0.595	0.75	0.879	0	FALSE	10	9	0.727	0.75	0.932	0	FALSE	31	14	0.184	0.35	0.908	0	FALSE	3214	324	1517	1	1.513	2.846	0.537	3214	994	399	1	0.879	2.976	0.486																													mildly_imbalanced	""	0.25		8	0.611	0.614	3214	0.977		
SRP232913	5	5	0.667	0.85	0.894	0	FALSE	35	19	0.421	0.7	0.94	0	TRUE	5	7	0.714	0.75	0.916	0	TRUE	35	39	0.609	0.85	0.958	0	TRUE	460	155	33	1	3.976	5.349	0.955	460	184	41	1	3.614	5.494	0.951																													balanced	""	0		12	0.619	0.551	460	0.979		
SRP233206	33	31	0.939	0.95	0.994	0	TRUE	471	459	0.898	0.95	0.995	0	TRUE	33	32	0.97	0.95	0.997	0	TRUE	471	472	0.948	1	0.996	0	TRUE	6465	1037	188	1	0.454	0.697	0.124	6465	501	224	1	0.446	0.672	0.138																													partially_confounded	""	0.3		9	0.816	0.892	6465	0.989		
SRP237364	13	10	0.769	0.85	0.971	0	TRUE	197	205	0.755	0.9	0.969	0	TRUE	13	11	0.6	0.85	0.864	0	TRUE	197	152	0.586	0.9	0.895	0	FALSE	2	0	0			4.82		2	2	0	0.5	4.82		1																													mildly_imbalanced	""	0.2		10	1	0	2	0.982		
SRP237439	9	12	0.75	0.9	0.984	0	TRUE	138	118	0.816	0.85	0.991	0	TRUE	9	7	0.778	0.9	0.99	0	TRUE	138	126	0.886	0.95	0.995	0	TRUE	74	11	15	1	0.649	1.313	0.091	74	16	8	1	0.678	1.316	0.25																													balanced	""	0		12	0.708	0.707	74	0.998		
SRP237817	23	23	0.917	1	0.995	0	TRUE	138	150	0.834	0.9	0.985	0	TRUE	23	23	0.84	0.95	0.982	0	TRUE	138	150	0.745	0.85	0.949	0	FALSE	101	0	50			0.768		101	54	2	1	0.484	1.25	0.13																													balanced	""	0		12	0.669	0.456	101	0.996		
SRP237911	27	25	0.793	0.95	0.987	0	TRUE	302	225	0.612	0.75	0.951	0	TRUE	27	25	0.926	0.95	0.997	0	TRUE	302	276	0.889	0.85	0.991	0	TRUE	265	23	23	1	0.551	1.509	0.13	265	68	1	1	0.571	1.829	0.265																													mildly_imbalanced	""	0.25		8	0.84	0.741	265	0.961		
SRP238215	15	13	0.75	0.8	0.878	1	TRUE	307	260	0.648	0.75	0.88		TRUE	15	15	1	0.95	0.992	0	TRUE	307	281	0.861	0.9	0.993	0	TRUE	6108	2268	642	0.853	2.135	8.565	0.96	6108	382	365	1	1.932	7.439	0.903																													partially_confounded	""	0.875		10	0.569	0.885	6108	0.916		
SRP238851	29	26	0.897	0.95	0.992	0	FALSE	203	196	0.847	0.85	0.991	0	TRUE	29	28	0.9	0.95	0.991	0	TRUE	203	219	0.827	1	0.988	0	TRUE	687	15	136	1	0.324	1.032	0	687	138	28	1	0.63	1.136	0.232	29	27	0.806	0.9	0.963	0	TRUE	203	275	0.626	0.9	0.952	0	TRUE	29	27	0.867	0.95	0.989	0	FALSE	203	192	0.787	0.85	0.985	0	TRUE	balanced	balanced	0.095	0.132	13	0.817	0.768	687	0.996	0.436	0.778
SRP251172	14	16	0.875	0.95	0.996	0	FALSE	22	22	0.692	0.8	0.989	0	TRUE	14	13	0.929	1	0.999	0	FALSE	22	21	0.87	0.9	0.993	0	TRUE	1406	16	225	1	1.492	0.393	0.625	1406	182	40	1	0.312	0.402	0.159																													balanced	""	0		8	0.852	0.846	1406	0.997		
SRP256038	25	24	0.885	0.95	0.998	0	TRUE	363	368	0.919	0.95	0.997	0	TRUE	25	27	0.926	0.9	0.991	0	TRUE	363	358	0.878	0.95	0.993	1	TRUE	7045	104	226	1	0.759	0.618	0.423	7045	431	204	1	0.472	0.628	0.232																													balanced	""	0		21	0.955	0.912	7045	0.998		
SRP471095	24	23	0.958	1	0.996	0	TRUE	195	189	0.949	1	0.999	0	TRUE	24	23	0.958	0.9	0.997	0	TRUE	195	200	0.908	0.9	0.991	0	TRUE	3613	133	66	1	0.245	0.348	0.12	3613	512	56	1	0.265	0.359	0.074	24	22	0.84	0.9	0.967	0	TRUE	195	228	0.72	0.6	0.918	0	TRUE	24	23	0.958	1	0.996	0	TRUE	195	187	0.939	1	0.997	0	TRUE	balanced	partially_confounded	0.045	1.469	17	0.946	0.845	3613	0.999	0.536	0.909
