study	P1_H_n_sig_ref	P1_H_n_sig_alt	P1_H_jaccard	P1_H_top20_overlap	P1_H_nes_spearman	P1_H_sign_flip_sig	P1_H_top1_same	P1_R_n_sig_ref	P1_R_n_sig_alt	P1_R_jaccard	P1_R_top20_overlap	P1_R_nes_spearman	P1_R_sign_flip_sig	P1_R_top1_same	P0perm_H_n_sig_ref	P0perm_H_n_sig_alt	P0perm_H_jaccard	P0perm_H_top20_overlap	P0perm_H_nes_spearman	P0perm_H_sign_flip_sig	P0perm_H_top1_same	P0perm_R_n_sig_ref	P0perm_R_n_sig_alt	P0perm_R_jaccard	P0perm_R_top20_overlap	P0perm_R_nes_spearman	P0perm_R_sign_flip_sig	P0perm_R_top1_same	P0permw_H_n_sig_ref	P0permw_H_n_sig_alt	P0permw_H_jaccard	P0permw_H_top20_overlap	P0permw_H_nes_spearman	P0permw_H_sign_flip_sig	P0permw_H_top1_same	P0permw_R_n_sig_ref	P0permw_R_n_sig_alt	P0permw_R_jaccard	P0permw_R_top20_overlap	P0permw_R_nes_spearman	P0permw_R_sign_flip_sig	P0permw_R_top1_same	G1_n_deg0	G1_n_lost	G1_n_gained	G1_lost_frac_boundary	G1_lost_med_abs_lfc	G1_kept_med_abs_lfc	G1_lost_frac_big_lfc	G0perm_n_deg0	G0perm_n_lost	G0perm_n_gained	G0perm_lost_frac_boundary	G0perm_lost_med_abs_lfc	G0perm_kept_med_abs_lfc	G0perm_lost_frac_big_lfc	P2_H_n_sig_ref	P2_H_n_sig_alt	P2_H_jaccard	P2_H_top20_overlap	P2_H_nes_spearman	P2_H_sign_flip_sig	P2_H_top1_same	P2_R_n_sig_ref	P2_R_n_sig_alt	P2_R_jaccard	P2_R_top20_overlap	P2_R_nes_spearman	P2_R_sign_flip_sig	P2_R_top1_same	P2perm_H_n_sig_ref	P2perm_H_n_sig_alt	P2perm_H_jaccard	P2perm_H_top20_overlap	P2perm_H_nes_spearman	P2perm_H_sign_flip_sig	P2perm_H_top1_same	P2perm_R_n_sig_ref	P2perm_R_n_sig_alt	P2perm_R_jaccard	P2perm_R_top20_overlap	P2perm_R_nes_spearman	P2perm_R_sign_flip_sig	P2perm_R_top1_same
DRP002295	0	0		0.75	0.923	0		52	37	0.679	0.8	0.934	0	TRUE	0	0		0.9	0.99	0		52	52	0.926	0.9	0.982	0	TRUE	0	0		0.85	0.98	0		52	52	0.962	0.9	0.982	0	TRUE	1	0	1			9.107		1	0	0			9.107																													
DRP003637	21	21	0.909	1	0.983	0	TRUE	412	409	0.896	0.9	0.992	0	TRUE	21	28	0.75	0.9	0.977	0	TRUE	412	370	0.827	0.95	0.981	0	TRUE	21	23	0.833	0.9	0.976	0	TRUE	412	456	0.851	0.95	0.985	0	TRUE	110	110	0	1	0.701		0.109	110	110	0	1	0.701		0.109																												
DRP004672	4	0	0	0.75	0.607	0	FALSE	46	46	0.643	0.9	0.665	0	FALSE	4	4	1	1	0.998	0	TRUE	46	49	0.9	0.9	0.997	0	TRUE	4	1	0.25	0.7	0.742	0	TRUE	46	40	0.593	0.9	0.775	0	FALSE	6707	5459	278	0.357	0.963	1.144	0.481	6707	140	93	1	0.886	1.002	0.429																												
DRP005135	12	29	0.367	0.6	0.773	0	TRUE	139	135	0.311	0.55	0.707	0	TRUE	12	9	0.5	0.8	0.896	1	TRUE	139	27	0.169	0.45	0.877	1	TRUE	12	13	0.667	0.8	0.873	0	TRUE	139	225	0.474	0.65	0.86	0	TRUE	3	2	0	1	2.719	4.124	1	3	2	0	1	2.719	4.124	1																												
ERP004369	8	9	0.889	0.95	0.995	0	TRUE	58	56	0.932	0.9	0.993	0	TRUE	8	8	1	0.95	0.998	0	TRUE	58	57	0.983	0.95	0.997	0	TRUE	8	8	1	0.95	0.996	0	TRUE	58	61	0.889	0.95	0.996	0	TRUE	5951	217	264	1	0.305	0.603	0.12	5951	450	31	1	0.317	0.619	0.104																												
ERP005175	25	24	0.96	0.9	0.946	0	TRUE	128	91	0.647	0.95	0.973	0	TRUE	25	24	0.96	0.95	0.986	0	TRUE	128	110	0.763	0.9	0.987	0	FALSE	25	21	0.769	0.95	0.96	0	TRUE	128	99	0.657	0.65	0.95	0	TRUE	82	8	36	1	0.97	1.817	0.375	82	51	2	1	1.596	1.857	0.745																												
ERP006813	20	23	0.87	0.95	0.995	0	TRUE	143	162	0.815	0.8	0.988	0	TRUE	20	24	0.833	0.95	0.972	0	TRUE	143	143	0.776	0.85	0.974	0	TRUE	20	21	0.952	1	0.988	0	FALSE	143	145	0.895	0.85	0.996	0	TRUE	4644	197	450	0.99	1.913	0.597	0.731	4644	2057	35	0.931	0.516	0.687	0.278																												
ERP006822	28	32	0.818	0.9	0.963	0	TRUE	131	148	0.701	0.85	0.963	0	TRUE	28	28	1	1	0.996	0	TRUE	131	128	0.891	0.9	0.995	0	TRUE	28	30	0.933	1	0.994	0	TRUE	131	136	0.854	0.85	0.983	0	TRUE	12221	2693	318	0.814	1.623	2.733	0.755	12221	322	308	1	1.183	2.449	0.562																												
ERP012146	22	24	0.917	0.95	0.988	0	TRUE	85	106	0.705	0.8	0.981	0	FALSE	22	19	0.864	1	0.993	0	FALSE	85	74	0.807	0.8	0.99	0	FALSE	22	20	0.909	1	0.994	0	TRUE	85	79	0.843	0.95	0.992	0	FALSE	1776	173	201	1	0.235	0.321	0.006	1776	331	74	1	0.234	0.326	0.027																												
ERP013315	7	5	0	0.4	0.294	0	FALSE	18	1	0	0	0.34	11	FALSE	7	7	1	0.85	0.929	0	FALSE	18	18	0.636	0.75	0.939	0	FALSE	7	15	0.1	0.35	0.086	2	FALSE	18	151	0.037	0.2	0.157	9	FALSE	5	4	89	1	8.861	4.992	1	5	4	0	1	8.861	4.992	1																												
ERP016751	19	20	0.857	0.95	0.994	0	TRUE	389	388	0.904	0.9	0.995	0	TRUE	19	18	0.947	0.95	0.995	0	TRUE	389	399	0.913	0.95	0.994	0	TRUE	19	17	0.895	0.95	0.99	0	TRUE	389	389	0.888	0.9	0.995	0	TRUE	1	0	0			1.815		1	0	0			1.815																													
ERP020504	29	29	0.933	1	0.989	0	TRUE	343	377	0.846	1	0.991	0	FALSE	29	28	0.966	1	0.991	0	TRUE	343	345	0.773	0.95	0.982	0	TRUE	29	31	0.935	1	0.991	0	TRUE	343	330	0.907	0.95	0.995	0	TRUE	174	15	18	1	0.861	1.315	0.467	174	32	8	1	1.218	1.34	0.625																												
ERP021472	28	22	0.562	0.65	0.804	0	FALSE	248	148	0.389	0.75	0.805	4	FALSE	28	24	0.733	0.65	0.916	0	FALSE	248	143	0.406	0.75	0.898	3	FALSE	28	18	0.438	0.55	0.856	1	TRUE	248	165	0.465	0.7	0.869	3	TRUE	11	8	24	0.625	1.267	0.874	0.625	11	0	144			1.193																													
ERP022432	38	38	0.949	0.9	0.996	0	TRUE	404	422	0.894	0.95	0.995	0	TRUE	38	38	1	0.95	0.994	0	TRUE	404	422	0.89	0.9	0.995	0	TRUE	38	37	0.923	0.9	0.991	0	TRUE	404	384	0.899	0.95	0.997	0	TRUE	313	0	211			0.74		313	0	191			0.74																													
ERP022747	15	16	0.938	1	0.996	0	TRUE	125	114	0.882	0.95	0.991	0	TRUE	15	15	0.875	1	0.998	0	TRUE	125	113	0.859	0.95	0.993	0	TRUE	15	16	0.824	1	0.996	0	TRUE	125	110	0.822	0.85	0.994	0	TRUE	4700	228	175	1	0.462	0.657	0.276	4700	347	97	1	0.404	0.671	0.182																												
ERP023283	0	2	0	0.8	0.931	0		1	0	0	0.55	0.918	0	FALSE	0	2	0	0.8	0.937	0		1	1	1	0.15	0.848	0	TRUE	0	0		0.85	0.967	0		1	0	0	0.5	0.937	0	TRUE	9	7	0	1	0.905	7.514	0.286	9	8	2	1	0.932	6.926	0.375																												
ERP104759	32	31	0.909	0.95	0.994	0	TRUE	141	137	0.841	0.9	0.985	0	TRUE	32	32	0.939	0.9	0.994	0	TRUE	141	138	0.872	0.9	0.98	0	TRUE	32	34	0.886	0.95	0.982	0	FALSE	141	184	0.658	0.75	0.956	0	FALSE	5467	669	207	1	0.677	1.118	0.291	5467	609	256	1	0.727	1.109	0.322																												
ERP106455	15	15	0.875	0.85	0.957	0	TRUE	11	18	0.526	0.7	0.946	0	TRUE	15	14	0.526	0.75	0.775	0	TRUE	11	89	0.087	0.25	0.772	0	FALSE	15	14	0.706	0.8	0.942	0	TRUE	11	3	0.273	0.7	0.844	0	TRUE	3	1	0	1	2.313	5.286	1	3	1	0	1	2.313	5.286	1																												
ERP107948	22	21	0.593	0.7	0.873	0	TRUE	319	433	0.631	0.9	0.941	0	TRUE	22	21	0.955	1	0.999	0	TRUE	319	311	0.927	1	1	0	TRUE	22	21	0.955	0.95	0.995	0	TRUE	319	366	0.836	0.95	0.993	0	TRUE	2856	186	2643	0.952	0.853	0.805	0.398	2856	181	9	1	0.706	0.818	0.348																												
ERP108446	14	14	1	0.9	0.969	0	TRUE	48	46	0.593	0.65	0.974	0	TRUE	14	16	0.875	0.9	0.992	0	FALSE	48	34	0.64	0.95	0.989	0	TRUE	14	13	0.8	0.9	0.97	0	TRUE	48	30	0.472	0.85	0.964	0	FALSE	69	0	106			0.908		69	63	0	1	0.879	1.691	0.333																												
ERP109057	16	15	0.632	0.85	0.806	0	TRUE	109	42	0.238	0.5	0.802	0	FALSE	16	16	1	1	0.986	0	TRUE	109	116	0.8	0.85	0.989	0	TRUE	16	11	0.588	0.9	0.921	0	TRUE	109	99	0.677	0.7	0.902	0	TRUE	1919	1064	108	0.967	1.565	1.892	0.97	1919	248	68	1	1.429	1.749	0.915																												
ERP109306	1	0	0	0.55	0.684	0	FALSE	34	8	0.235	0.5	0.762	3	FALSE	1	2	0	0.7	0.721	0	FALSE	34	6	0.143	0.25	0.758	1	FALSE	1	1	1	0.55	0.745	0	TRUE	34	35	0.643	0.75	0.858	0	FALSE	4	3	0	1	1.556	8.468	0.667	4	3	0	1	1.556	8.468	0.667																												
ERP109959	5	6	0.571	0.9	0.98	0	TRUE	103	99	0.853	1	0.991	0	TRUE	5	6	0.571	0.9	0.979	0	TRUE	103	103	0.839	1	0.984	0	TRUE	5	7	0.714	0.95	0.995	0	TRUE	103	104	0.882	1	0.998	0	FALSE	51	1	42	1	2.283	1.055	1	51	7	4	1	0.65	1.103	0.286																												
ERP110063	17	21	0.81	0.9	0.921	0	TRUE	21	144	0.146	0.5	0.886	0	TRUE	17	20	0.85	0.95	0.921	0	TRUE	21	61	0.344	0.65	0.94	0	TRUE	17	19	0.895	0.95	0.923	0	TRUE	21	53	0.396	0.7	0.946	0	TRUE	2953	2882	2	1	4.759	0.687	0.865	2953	2936	0	1	4.721	1.109	0.855																												
ERP112516	22	22	0.833	0.85	0.988	0	TRUE	28	22	0.786	0.8	0.97	0	TRUE	22	21	0.87	1	0.994	0	TRUE	28	29	0.839	1	0.986	0	TRUE	22	22	0.833	1	0.992	0	TRUE	28	29	0.9	1	0.988	0	TRUE	529	21	31	1	0.188	0.254	0	529	19	45	1	0.165	0.258	0																												
ERP114372	32	34	0.941	0.95	0.986	0	TRUE	299	319	0.807	0.95	0.982	0	TRUE	32	31	0.969	0.9	0.991	0	TRUE	299	291	0.885	1	0.994	0	TRUE	32	31	0.909	0.9	0.992	0	TRUE	299	278	0.861	0.95	0.991	0	TRUE	36	0	13			1.176		36	2	0	1	1.048	1.176	0.5																												
ERP114772	29	30	0.967	1	0.993	0	TRUE	241	240	0.815	0.9	0.986	0	TRUE	29	28	0.966	1	0.998	0	TRUE	241	237	0.92	0.95	0.998	0	TRUE	29	28	0.966	1	0.998	0	TRUE	241	242	0.902	0.9	0.993	0	TRUE	1710	110	212	1	0.25	0.418	0	1710	21	101	1	0.187	0.405	0																												
ERP115639	17	22	0.56	0.75	0.854	1	TRUE	406	327	0.67	0.6	0.92	2	TRUE	17	28	0.552	0.75	0.869	0	TRUE	406	479	0.722	0.9	0.911	0	TRUE	17	29	0.533	0.8	0.9	0	TRUE	406	386	0.61	0.75	0.831	1	FALSE	1	0	1			5.701		1	0	0			5.701																													
ERP117312	2	2	1	1	0.996	0	TRUE	14	5	0.357	0.95	0.999	0	TRUE	2	3	0.667	0.95	0.975	0	TRUE	14	17	0.632	0.9	0.993	0	TRUE	2	2	1	1	0.999	0	TRUE	14	7	0.5	0.95	0.999	0	TRUE	5278	57	38	1	0.218	0.357	0.018	5278	350	163	1	0.211	0.369	0.009	2	4	0.5	0.95	0.985	0	TRUE	14	15	0.933	0.95	0.991	0	TRUE	2	3	0.667	0.95	0.993	0	TRUE	14	16	0.875	0.85	0.99	0	TRUE
SRP002811	10	12	0.833	0.8	0.969	0	TRUE	132	98	0.716	0.95	0.985	0	TRUE	10	10	1	0.95	0.993	0	TRUE	132	103	0.741	0.85	0.996	0	TRUE	10	11	0.909	0.9	0.984	0	TRUE	132	91	0.64	0.85	0.976	0	TRUE	55	1	38	1	1.258	1.615	1	55	16	0	1	0.868	1.755	0.438																												
SRP016859	10	13	0.769	0.9	0.968	0	TRUE	223	222	0.91	0.95	0.992	0	TRUE	10	10	1	1	0.998	0	TRUE	223	217	0.947	0.95	0.999	0	TRUE	10	8	0.8	1	0.977	0	TRUE	223	214	0.925	0.95	0.998	0	TRUE	403	0	152			0.493		403	52	4	1	0.347	0.529	0.058	10	15	0.667	0.85	0.947	0	TRUE	223	217	0.905	0.85	0.983	0	TRUE	10	13	0.769	0.9	0.937	0	FALSE	223	245	0.759	0.9	0.963	0	TRUE
SRP017560	15	18	0.737	1	0.979	0	TRUE	223	242	0.782	0.75	0.975	0	TRUE	15	18	0.737	1	0.979	0	TRUE	223	242	0.782	0.75	0.975	0	TRUE	15	18	0.737	1	0.979	0	TRUE	223	242	0.782	0.75	0.975	0	TRUE	76	39	2	1	1.834	2.021	0.974	76	39	2	1	1.834	2.021	0.974																												
SRP017849	17	15	0.524	0.75	0.81	0	FALSE	112	64	0.443	0.75	0.872	1	FALSE	17	26	0.654	0.95	0.981	0	TRUE	112	153	0.699	0.9	0.986	0	TRUE	17	21	0.652	0.8	0.898	0	FALSE	112	135	0.462	0.85	0.888	0	TRUE	970	903	78	0.837	1.185	1.462	0.617	970	67	155	1	1.146	1.211	0.597	8	24	0.28	0.55	0.644	0	FALSE	103	166	0.159	0.2	0.784	2	FALSE	8	9	0.545	0.65	0.831	0	FALSE	103	49	0.288	0.25	0.885	0	TRUE
SRP018846	34	33	0.861	0.9	0.955	0	TRUE	503	316	0.551	0.3	0.891	7	FALSE	34	36	0.795	0.95	0.934	2	TRUE	503	538	0.779	0.8	0.958	1	TRUE	34	37	0.868	0.95	0.976	1	TRUE	503	543	0.875	0.95	0.992	0	TRUE	7	0	26			5.161		7	7	0	1	5.161		1																												
SRP020224	24	37	0.452	0.45	0.486	2	TRUE	373	376	0.454	0.2	0.718	32	TRUE	24	29	0.828	0.95	0.993	0	TRUE	373	391	0.9	0.85	0.991	0	TRUE	24	30	0.742	0.85	0.949	0	TRUE	373	372	0.765	0.7	0.954	1	TRUE	1	0	262			0.832		1	0	0			0.832																													
SRP020636	27	26	0.893	0.95	0.997	0	TRUE	260	264	0.912	0.9	0.993	0	TRUE	27	27	1	0.95	1	0	TRUE	260	271	0.952	1	1	0	TRUE	27	27	1	0.95	1	0	TRUE	260	264	0.963	0.95	1	0	TRUE	8167	66	420	0.924	0.346	0.173	0.091	8167	44	47	1	0.156	0.174	0.023																												
SRP023469	30	32	0.938	0.95	0.984	0	TRUE	349	350	0.748	0.85	0.956	0	TRUE	30	30	0.818	0.9	0.937	1	TRUE	349	385	0.782	0.8	0.96	0	TRUE	30	32	0.938	1	0.981	0	TRUE	349	337	0.801	0.9	0.974	0	TRUE	128	125	0	1	2.493	5.749	0.968	128	1	2572	1	9.604	2.521	1																												
SRP026667	23	24	0.958	0.95	0.98	0	TRUE	301	256	0.757	0.6	0.977	0	TRUE	23	24	0.958	0.95	0.981	0	FALSE	301	298	0.731	0.5	0.972	0	FALSE	23	27	0.852	0.95	0.99	0	TRUE	301	351	0.772	0.8	0.982	0	FALSE	1	0	0			1.994		1	0	0			1.994																													
SRP029939	24	24	1	0.9	0.995	0	TRUE	363	369	0.926	1	0.996	0	TRUE	24	24	1	0.9	0.995	0	TRUE	363	357	0.915	0.95	0.997	0	TRUE	24	23	0.958	0.9	0.999	0	TRUE	363	351	0.951	1	0.997	0	TRUE	10966	367	418	1	0.281	0.35	0.079	10966	438	398	1	0.258	0.351	0.027																												
SRP033501	21	18	0.857	1	0.993	0	TRUE	206	193	0.856	1	0.992	0	TRUE	21	21	1	1	0.996	0	TRUE	206	214	0.867	1	0.994	0	TRUE	21	22	0.955	0.95	0.997	0	TRUE	206	210	0.865	1	0.997	0	TRUE	401	18	20	1	0.388	0.282	0.333	401	2	51	1	0.775	0.283	0.5																												
SRP034855	9	1	0.111	0.8	0.819	0	FALSE	50	67	0.603	0.65	0.854		FALSE	9	10	0.9	0.95	0.99	0	FALSE	50	46	0.811	0.8	0.972	0	TRUE	9	12	0.615	0.85	0.924	0	TRUE	50	34	0.424	0.85	0.895	0	FALSE	4380	3210	334	0.864	3.039	3.932	0.997	4380	56	786	1	3.191	3.279	0.982																												
SRP035462	36	36	1	1	0.995	0	TRUE	609	605	0.964	0.95	1	0	TRUE	36	36	1	1	0.999	0	TRUE	609	599	0.974	0.95	1	0	TRUE	36	36	1	1	0.998	0	TRUE	609	598	0.969	1	1	0	TRUE	16003	74	93	1	0.798	1.084	0.338	16003	94	41	1	0.609	1.085	0.309	36	34	0.944	0.95	0.992	0	TRUE	609	575	0.91	0.95	0.993	0	TRUE	36	35	0.972	1	0.994	0	TRUE	609	607	0.964	0.95	0.999	0	TRUE
SRP035523	21	20	0.952	1	0.997	0	TRUE	198	185	0.887	0.95	0.997	0	TRUE	21	23	0.833	0.9	0.98	0	TRUE	198	234	0.728	0.8	0.956	0	TRUE	21	21	1	1	0.997	0	TRUE	198	195	0.88	0.9	0.996	0	TRUE	505	46	19	1	1.113	2.009	0.587	505	130	14	1	1.302	2.215	0.723																												
SRP037555	10	7	0.214	0.4	0.479	3	FALSE	42	41	0.317	0.6	0.237	7	FALSE	10	7	0.7	0.9	0.986	0	TRUE	42	38	0.739	0.8	0.96	0	TRUE	10	7	0.214	0.4	0.479	3	FALSE	42	41	0.317	0.6	0.237	7	FALSE	7	7	1	1	2.431		1	7	7	0	1	2.431		1																												
SRP038635	15	14	0.706	0.8	0.973	0	FALSE	263	263	0.801	0.75	0.965	0	TRUE	15	15	0.579	0.8	0.958		FALSE	263	296	0.78	0.9	0.979		TRUE	15	17	0.778	0.8	0.966	0	TRUE	263	239	0.839	0.85	0.987	0	TRUE	8	0	0			2.611		8	0	1			2.611																													
SRP039628	35	36	0.972	0.9	0.994	0	TRUE	224	196	0.81	0.85	0.987	0	TRUE	35	33	0.889	0.95	0.996	0	TRUE	224	207	0.834	0.85	0.984	0	TRUE	35	33	0.889	0.95	0.996	0	TRUE	224	207	0.834	0.85	0.984	0	TRUE	6664	967	296	1	0.576	0.875	0.225	6664	1028	371	1	0.623	0.869	0.27																												
SRP042206	23	27	0.613	0.8	0.878	1	TRUE	196	123	0.381	0.5	0.719	9	TRUE	23	13	0.5	0.75	0.882	0	TRUE	196	181	0.611	0.9	0.893	0	TRUE	23	17	0.667	0.75	0.928	0	TRUE	196	120	0.443	0.7	0.782	2	TRUE	2	2	0	1	1.391		1	2	2	0	1	1.391		1																												
SRP042289	21	25	0.84	1	0.952	0	TRUE	182	174	0.72	0.8	0.966	0	TRUE	21	22	0.955	0.95	0.994	0	TRUE	182	165	0.807	0.95	0.988	0	TRUE	21	19	0.905	0.95	0.948	0	TRUE	182	162	0.695	0.75	0.958	0	TRUE	1691	1068	15	0.99	0.566	1.192	0.272	1691	58	295	1	0.603	0.763	0.224																												
SRP043493	10	12	0.833	0.85	0.973	0	TRUE	18	19	0.947	0.9	0.981	0	TRUE	10	16	0.444	0.8	0.909	0	TRUE	18	11	0.526	0.7	0.854	0	FALSE	10	10	1	0.85	0.978	0	TRUE	18	22	0.818	0.9	0.982	0	TRUE	20	0	1			7.795		20	10	0	1	7.049	8.041	1																												
SRP043967	32	33	0.97	1	0.994	0	TRUE	477	462	0.916	0.95	0.997	0	TRUE	32	30	0.938	0.95	0.995	0	TRUE	477	471	0.931	1	0.998	0	TRUE	32	33	0.97	1	0.997	0	TRUE	477	489	0.955	0.9	0.998	0	TRUE	303	37	31	1	0.491	0.6	0	303	78	2	1	0.515	0.635	0.064	32	25	0.629	0.8	0.796	4	FALSE	477	351	0.511	0.3	0.833	20	FALSE	32	33	0.97	1	0.987	0	FALSE	477	442	0.883	0.9	0.993	0	TRUE
SRP045747	16	17	0.833	1	0.952	0	TRUE	285	319	0.836	0.9	0.979	0	FALSE	16	24	0.6	0.85	0.863	0	TRUE	285	437	0.583	0.5	0.917	0	TRUE	16	20	0.8	1	0.996	0	TRUE	285	268	0.92	0.95	0.998	0	TRUE	29	0	48			5.457		29	20	2	1	5.23	6.4	1																												
SRP045828	27	28	0.833	1	0.987	0	FALSE	275	294	0.878	0.9	0.988	0	TRUE	27	28	0.897	0.9	0.994	0	TRUE	275	291	0.856	0.85	0.99	0	FALSE	27	28	0.964	0.9	0.99	0	FALSE	275	271	0.923	0.9	0.995	0	FALSE	6073	1434	164	1	0.59	1.069	0.298	6073	1660	161	1	0.641	1.064	0.331																												
SRP048707	17	19	0.636	0.85	0.967	0	FALSE	96	94	0.743	0.85	0.972	0	TRUE	17	13	0.667	0.9	0.947	0	TRUE	96	80	0.692	0.85	0.948	0	FALSE	17	19	0.895	0.9	0.991	0	TRUE	96	106	0.836	0.95	0.992	0	TRUE	1812	1	892	1	0.79	0.476	0	1812	1200	15	0.854	0.401	0.599	0.151																												
SRP049219	1	0	0	0.8	0.99	0	FALSE	0	3	0	0.85	0.99	0		1	0	0	0.9	0.993	0	TRUE	0	6	0	0.75	0.991	0		1	1	1	0.95	0.991	0	TRUE	0	0		0.8	0.991	0		318	17	15	1	0.282	0.508	0.118	318	21	10	1	0.3	0.513	0.095																												
SRP049763	2	8	0.25	0.7	0.845	0	TRUE	3	15	0.125	0.6	0.812	0	TRUE	2	2	1	0.8	0.978	0	TRUE	3	1	0.333	0.8	0.961	0	TRUE	2	3	0.667	0.85	0.966	0	TRUE	3	7	0.429	0.8	0.932	0	TRUE	3766	2876	129	0.678	3.147	0.726	0.647	3766	451	139	1	2.699	3.177	0.661																												
SRP050894	29	28	0.966	1	0.998	0	TRUE	319	309	0.92	1	0.998	0	TRUE	29	30	0.967	0.95	0.997	0	TRUE	319	327	0.867	0.9	0.995	0	TRUE	29	27	0.931	0.9	0.999	0	TRUE	319	320	0.907	0.95	0.997	0	TRUE	8643	207	265	1	0.139	0.255	0	8643	770	339	1	0.159	0.262	0.01																												
SRP051497	19	23	0.826	0.9	0.984	0	TRUE	175	227	0.711	0.9	0.976	0	TRUE	19	21	0.905	0.95	0.993	0	TRUE	175	163	0.867	0.95	0.993	0	TRUE	19	21	0.905	0.95	0.993	0	TRUE	175	163	0.867	0.95	0.993	0	TRUE	3800	0	3134			0.729		3800	560	66	1	0.549	0.762	0.225																												
SRP052583	1	1	1	0.7	0.785	0	TRUE	0	0		0.6	0.832	0		1	1	1	0.6	0.817	0	TRUE	0	0		0.5	0.8	0		1	4	0.25	0.6	0.799	0	TRUE	0	4	0	0.6	0.807	0		28	13	2	1	4.295	7.178	0.846	28	15	1	0.867	4.295	7.178	0.867																												
SRP052794	11	16	0.688	0.85	0.942	0	FALSE	141	202	0.618	0.9	0.939	0	TRUE	11	12	0.533	0.7	0.884	1	TRUE	141	58	0.301	0.35	0.865	0	FALSE	11	9	0.429	0.75	0.813	0	TRUE	141	110	0.651	0.6	0.869	0	FALSE	1	1	0	1	1.721		1	1	0	0			1.721																													
SRP053223	9	9	0.636	0.95	0.968	0	TRUE	99	80	0.772	0.75	0.982	0	TRUE	9	6	0.5	0.85	0.876	1	FALSE	99	73	0.483	0.45	0.91	1	FALSE	9	8	0.889	0.9	0.981	0	TRUE	99	110	0.756	0.7	0.983	0	FALSE	2255	923	65	1	0.895	1.345	0.456	2255	1999	18	1	1.16	1.598	0.578																												
SRP053235	7	16	0.438	0.65	0.845	0	FALSE	135	36	0.163	0.6	0.821	1	TRUE	7	7	1	0.95	0.992	0	TRUE	135	117	0.813	1	0.995	0	TRUE	7	13	0.538	0.75	0.896	0	FALSE	135	143	0.598	0.9	0.936	0	TRUE	11153	9314	237	0.981	1.912	1.55	0.724	11153	3190	17	1	1.941	1.785	0.773																												
SRP053389	4	6	0.667	1	0.998	0	TRUE	30	29	0.967	0.95	0.995	0	TRUE	4	5	0.8	1	0.999	0	TRUE	30	29	0.967	0.95	0.999	0	TRUE	4	4	1	1	0.998	0	TRUE	30	30	1	0.9	0.997	0	TRUE	9769	110	135	1	0.163	0.238	0.009	9769	207	38	1	0.137	0.239	0.005																												
SRP053396	9	13	0.692	0.95	0.987	0	FALSE	107	128	0.691	0.95	0.98	0	TRUE	9	10	0.9	1	0.999	0	FALSE	107	114	0.905	0.95	0.998	0	TRUE	9	12	0.75	1	0.997	0	FALSE	107	111	0.929	0.95	0.999	0	TRUE	819	0	793			0.269		819	32	32	1	0.255	0.272	0	9	14	0.643	0.95	0.988	0	FALSE	107	122	0.709	0.95	0.974	0	TRUE	9	11	0.667	0.95	0.991	0	FALSE	107	118	0.731	0.95	0.974	0	TRUE
SRP053398	18	16	0.889	0.95	0.998	0	TRUE	102	95	0.931	1	0.998	0	TRUE	18	15	0.833	0.95	0.995	0	TRUE	102	96	0.922	0.95	1	0	TRUE	18	17	0.944	0.9	1	0	TRUE	102	89	0.873	1	0.999	0	TRUE	9029	12	177	1	0.109	0.181	0	9029	34	49	1	0.183	0.181	0																												
SRP053401	16	17	0.833	0.95	0.993	0	TRUE	252	266	0.919	1	0.994	0	TRUE	16	17	0.941	0.9	0.994	0	TRUE	252	246	0.938	1	0.994	0	TRUE	16	15	0.938	1	0.998	0	TRUE	252	249	0.949	1	0.998	0	TRUE	685	9	118	1	0.183	0.323	0	685	19	99	1	0.208	0.327	0																												
SRP055058	14	14	1	0.95	0.998	0	TRUE	3	0	0	0.8	0.996	0	TRUE	14	13	0.929	0.95	0.996	0	TRUE	3	1	0.333	0.8	0.998	0	TRUE	14	13	0.929	1	0.998	0	TRUE	3	1	0.333	0.9	0.999	0	TRUE	95	4	3	1	0.704	0.357	0	95	3	3	1	0.889	0.357	0.333																												
SRP055082	12	10	0.833	0.9	0.985	0	TRUE	148	143	0.865	0.85	0.987	0	TRUE	12	10	0.833	0.95	0.988	0	TRUE	148	135	0.874	0.9	0.993	0	TRUE	12	14	0.857	0.95	0.988	0	TRUE	148	143	0.877	0.95	0.989	0	TRUE	5511	1125	117	1	0.451	0.61	0.075	5511	1329	32	1	0.459	0.615	0.078																												
SRP055521	26	26	1	1	0.994	0	TRUE	229	208	0.892	0.85	0.996	0	TRUE	26	26	1	0.95	0.992	0	TRUE	229	237	0.827	0.8	0.989	0	TRUE	26	26	0.926	0.95	0.993	0	TRUE	229	223	0.883	0.85	0.994	0	TRUE	764	99	10	1	0.643	0.895	0.242	764	65	46	1	0.662	0.889	0.277																												
SRP055571	24	24	0.92	1	0.99	0	TRUE	135	142	0.884	0.9	0.995	0	TRUE	24	23	0.958	1	0.988	0	TRUE	135	142	0.859	0.9	0.992	0	TRUE	24	24	1	0.95	0.996	0	TRUE	135	135	0.888	0.95	0.994	0	TRUE	2	1	0	1	1.549	1.943	1	2	0	0			1.746																													
SRP056447	27	26	0.963	0.9	0.993	0	TRUE	370	365	0.899	1	0.994	0	TRUE	27	30	0.839	0.8	0.937	0	TRUE	370	373	0.782	0.7	0.973	0	TRUE	27	29	0.931	0.95	0.998	0	TRUE	370	375	0.94	0.9	0.999	0	TRUE	8178	291	261	0.997	0.762	1.154	0.354	8178	1230	283	0.998	0.658	1.274	0.302																												
SRP056865	4	4	1	0.8	0.975	0	TRUE	43	62	0.694	0.95	0.972	0	TRUE	4	4	1	0.95	0.965	0	TRUE	43	43	0.83	0.9	0.984	0	TRUE	4	4	1	0.9	0.989	0	TRUE	43	38	0.8	0.95	0.994	0	TRUE	110	39	1	1	2.341	1.743	0.846	110	42	3	1	2.062	1.937	0.786	4	5	0.8	0.75	0.823	0	TRUE	43	35	0.66	0.85	0.901	0	FALSE	4	5	0.8	0.8	0.95	0	TRUE	43	64	0.646	0.95	0.953	0	TRUE
SRP056980	24	26	0.923	1	0.999	0	TRUE	448	442	0.939	0.95	0.996	0	TRUE	24	24	0.92	1	0.997	0	TRUE	448	445	0.937	0.95	0.997	0	TRUE	24	24	0.92	1	0.997	0	TRUE	448	445	0.937	0.95	0.997	0	TRUE	7	7	0	1	2.071		1	7	7	0	1	2.071		1																												
SRP058363	14	16	0.875	0.8	0.977	0	TRUE	118	135	0.769	0.8	0.979	0	FALSE	14	18	0.778	0.85	0.971	0	TRUE	118	136	0.752	0.8	0.974	0	FALSE	14	13	0.929	0.8	0.931	0	TRUE	118	101	0.672	0.8	0.958	0	FALSE	1189	1181	0	1	2.763	7.755	1	1189	1095	1	1	2.714	4.351	1																												
SRP058378	9	8	0.7	0.75	0.923	0	TRUE	44	44	0.63	0.8	0.947	0	FALSE	9	9	0.8	0.8	0.945	0	TRUE	44	34	0.592	0.65	0.944	0	FALSE	9	9	0.8	0.8	0.945	0	TRUE	44	34	0.592	0.65	0.944	0	FALSE	37	16	1	1	0.788	1.556	0.375	37	2	29	1	1.246	1.159	0.5																												
SRP058715	14	16	0.429	0.75	0.813	1	FALSE	27	39	0.467	0.6	0.695	0	FALSE	14	16	0.579	0.8	0.892	1	TRUE	27	41	0.545	0.7	0.831	0	TRUE	14	17	0.348	0.55	0.76	3	FALSE	27	175	0.11	0.1	0.655	1	FALSE	3605	3434	82	1	2.79	2.252	0.869	3605	3604	0	1	2.748	4.545	0.875																												
SRP059676	6	7	0.857	0.75	0.76	0	FALSE	40	53	0.431	0.8	0.872	0	TRUE	6	7	0.857	0.8	0.886	0	TRUE	40	27	0.558	0.95	0.958	0	FALSE	6	8	0.273	0.55	0.684	1	TRUE	40	36	0.382	0.85	0.695	0	FALSE	298	110	9	1	1.823	3.178	0.864	298	148	1	1	1.83	3.322	0.885																												
SRP060296	33	33	1	0.95	0.995	0	TRUE	147	169	0.859	1	0.997	0	FALSE	33	31	0.939	0.95	0.996	0	TRUE	147	124	0.819	0.95	0.994	0	FALSE	33	32	0.97	0.95	0.999	0	TRUE	147	173	0.839	1	0.999	0	TRUE	3696	4	290	1	0.555	0.601	0.25	3696	162	94	1	0.429	0.611	0.031	33	33	1	0.95	0.99	0	TRUE	147	131	0.829	0.95	0.994	0	FALSE	33	34	0.914	0.9	0.974	0	TRUE	147	194	0.705	0.9	0.977	0	FALSE
SRP060667	10	11	0.615	0.8	0.982	0	TRUE	99	95	0.748	0.7	0.98	0	FALSE	10	10	1	0.95	0.994	0	TRUE	99	102	0.811	0.95	0.993	0	TRUE	10	14	0.714	0.8	0.987	0	FALSE	99	92	0.769	0.9	0.982	0	TRUE	448	20	50	1	0.618	0.735	0.25	448	74	8	1	0.531	0.777	0.149																												
SRP061193	3	0	0	0.95	0.977	0	FALSE	22	5	0.227	0.75	0.962	0	TRUE	3	3	1	0.95	0.964	0	FALSE	22	29	0.594	0.8	0.965	0	FALSE	3	2	0.667	0.95	0.987	0	TRUE	22	31	0.656	0.75	0.983	0	TRUE	4191	1091	228	0.929	2.782	3.398	0.952	4191	601	205	0.983	3.239	3.305	0.95																												
SRP061386	24	23	0.88	0.85	0.989	0	TRUE	362	344	0.918	1	0.995	0	TRUE	24	25	0.885	0.9	0.968	0	TRUE	362	448	0.776	0.95	0.982	0	TRUE	24	24	0.846	1	0.997	0	TRUE	362	368	0.952	1	0.999	0	TRUE	10114	216	623	1	0.476	0.738	0.065	10114	985	1566	0.979	0.467	0.766	0.094																												
SRP061407	14	13	0.688	0.7	0.864	1	FALSE	93	152	0.416	0.45	0.895	2	FALSE	14	18	0.684	0.95	0.987	0	TRUE	93	62	0.598	0.85	0.977	0	TRUE	14	6	0.333	0.75	0.858	0	TRUE	93	44	0.384	0.75	0.936	1	FALSE	11	3	0	1	2.976	6.432	1	11	0	0			5.92																													
SRP061758	20	19	0.5	0.7	0.809	0	TRUE	302	319	0.692	0.8	0.915	0	TRUE	20	22	0.556	0.75	0.87	0	TRUE	302	402	0.676	0.8	0.94	0	FALSE	20	23	0.654	0.7	0.918	0	TRUE	302	441	0.605	0.65	0.922	0	TRUE	645	523	3	0.868	1.067	1.938	0.558	645	473	24	0.905	1.067	1.679	0.552																												
SRP061785	10	10	0.818	0.75	0.812	0	TRUE	186	122	0.517	0.55	0.904		TRUE	10	7	0.7	0.8	0.966	0	TRUE	186	154	0.78	0.85	0.97	0	TRUE	10	11	0.615	0.7	0.917	0	TRUE	186	208	0.713	0.75	0.943	0	TRUE	38	0	583			4.395		38	0	149			4.395																													
SRP061800	30	29	0.967	0.85	0.969	0	TRUE	216	199	0.744	0.8	0.95	0	TRUE	30	25	0.719	0.9	0.917	2	TRUE	216	299	0.542	0.8	0.856	3	TRUE	30	27	0.9	0.95	0.955	0	TRUE	216	198	0.732	0.8	0.942	0	TRUE	255	126	14	1	1.575	1.866	0.889	255	62	169	1	1.403	1.849	0.839																												
SRP061985	6	7	0.444	0.7	0.722	0	TRUE	0	7	0	0.05	0.431	0		6	4	0.667	0.85	0.816	0	TRUE	0	0		0.45	0.863	0		6	2	0.143	0.5	0.139	2	TRUE	0	3	0	0.1	0.51	0		62	62	0	0.903	6.73		1	62	34	0	1	6.616	6.972	1																												
SRP062238	20	14	0.7	0.9	0.972	0	TRUE	73	84	0.688	0.9	0.946	0	TRUE	20	14	0.7	0.9	0.972	0	TRUE	73	84	0.688	0.9	0.946	0	TRUE	20	19	0.773	0.85	0.983	0	TRUE	73	62	0.709	0.95	0.956	0	FALSE	350	92	36	1	0.377	0.556	0.13	350	92	36	1	0.377	0.556	0.13																												
SRP063269	10	11	0.615	0.9	0.993	0	TRUE	49	53	0.759	0.8	0.978	0	TRUE	10	12	0.833	1	0.995	0	TRUE	49	48	0.732	1	0.989	0	TRUE	10	7	0.7	0.95	0.977	0	TRUE	49	52	0.741	0.9	0.972	0	TRUE	7	0	1			1.232		7	1	0	1	1.232	1.345	1	10	25	0.296	0.75	0.868	0	FALSE	49	101	0.261	0.85	0.776	0	TRUE	10	13	0.438	0.85	0.913	0	TRUE	49	45	0.649	0.85	0.915	0	FALSE
SRP063455	31	32	0.969	0.95	0.996	0	TRUE	276	278	0.965	0.95	0.999	0	TRUE	31	32	0.969	1	0.999	0	TRUE	276	273	0.968	0.95	1	0	TRUE	31	30	0.968	0.95	0.999	0	TRUE	276	275	0.989	0.95	1	0	TRUE	8058	76	84	0.974	0.521	0.222	0.013	8058	88	17	1	0.268	0.223	0																												
SRP064216	19	19	1	1	0.999	0	TRUE	131	129	0.94	1	0.999	0	TRUE	19	19	0.9	1	0.996	0	TRUE	131	131	0.758	0.85	0.983	0	TRUE	19	19	1	1	1	0	TRUE	131	132	0.934	1	1	0	TRUE	1381	28	25	1	0.157	0.258	0	1381	256	15	1	0.189	0.267	0.004	19	17	0.895	0.95	0.988	0	TRUE	131	126	0.81	0.95	0.987	0	FALSE	19	15	0.7	0.95	0.986	0	TRUE	131	101	0.645	0.85	0.959	0	TRUE
SRP064245	16	12	0.647	0.85	0.975	0	FALSE	64	117	0.547	0.85	0.972	0	TRUE	16	15	0.824	0.95	0.986	0	TRUE	64	129	0.496	0.7	0.979	0	TRUE	16	15	0.824	1	0.996	0	TRUE	64	96	0.667	0.75	0.995	0	FALSE	273	3	13	1	0.453	0.296	0.333	273	31	1	1	0.268	0.297	0.032	16	11	0.588	0.9	0.977	0	FALSE	64	88	0.652	0.75	0.97	0	TRUE	16	14	0.765	0.85	0.954	0	FALSE	64	211	0.297	0.65	0.944	0	FALSE
SRP064534	9	11	0.818	1	0.995	0	TRUE	48	46	0.88	0.9	0.993	0	TRUE	9	10	0.727	0.9	0.964	0	FALSE	48	117	0.364	0.7	0.957	0	FALSE	9	11	0.818	1	0.997	0	TRUE	48	48	0.846	0.85	0.994	0	TRUE	2113	234	71	1	0.619	0.747	0.188	2113	853	26	1	0.648	0.786	0.161																												
SRP064923	6	4	0.25	0.7	0.852	0	TRUE	11	5	0	0.45	0.753	0	FALSE	6	14	0.429	0.6	0.801	0	TRUE	11	54	0.161	0.45	0.838	0	FALSE	6	9	0.25	0.65	0.829	0	FALSE	11	60	0.127	0.3	0.769	0	FALSE	1	0	0			9.567		1	0	0			9.567																													
SRP064991	28	26	0.862	0.9	0.983	0	TRUE	131	113	0.627	0.85	0.96	0	TRUE	28	27	0.833	0.9	0.954	0	TRUE	131	73	0.489	0.95	0.967	0	FALSE	28	26	0.862	0.9	0.948	0	TRUE	131	70	0.426	0.9	0.959	0	FALSE	2218	580	96	1	0.334	0.514	0.045	2218	820	41	1	0.348	0.542	0.051																												
SRP065767	9	4	0.444	0.8	0.937	0	FALSE	42	24	0.5	0.9	0.932	0	TRUE	9	9	1	0.95	0.986	0	FALSE	42	40	0.783	1	0.983	0	TRUE	9	5	0.556	0.95	0.994	0	TRUE	42	31	0.738	0.95	0.99	0	TRUE	6149	575	326	1	0.793	0.903	0.376	6149	1095	35	0.998	0.661	0.959	0.274																												
SRP065801	18	23	0.708	0.8	0.913	1	TRUE	362	372	0.826	0.95	0.97	0	FALSE	18	16	0.889	1	0.995	0	TRUE	362	380	0.922	0.95	0.996	0	TRUE	18	23	0.708	0.8	0.913	1	TRUE	362	372	0.826	0.95	0.97	0	FALSE	2112	1263	56	0.946	0.579	0.804	0.246	2112	229	107	1	0.529	0.681	0.201																												
SRP065842	37	36	0.973	0.95	0.989	0	TRUE	353	368	0.816	0.9	0.983	0	TRUE	37	37	0.947	0.95	0.999	0	FALSE	353	358	0.943	0.95	0.999	0	TRUE	37	37	0.947	0.95	0.997	0	TRUE	353	361	0.946	0.95	0.998	0	TRUE	5086	0	3260			0.402		5086	808	7	1	0.323	0.416	0.021																												
SRP066097	13	9	0.571	0.85	0.959	0	TRUE	35	41	0.689	1	0.974	0	TRUE	13	3	0.231	0.75	0.866	0	FALSE	35	30	0.548	1	0.883	0	TRUE	13	11	0.846	0.85	0.98	0	TRUE	35	38	0.698	1	0.974	0	TRUE	1	1	0	1	1.995		1	1	1	0	1	1.995		1																												
SRP067339	21	25	0.586	0.75	0.871	0	TRUE	198	242	0.732	0.5	0.941	0	TRUE	21	18	0.857	0.95	0.985	0	TRUE	198	198	0.886	0.95	0.989	0	TRUE	21	14	0.591	0.75	0.909	0	TRUE	198	179	0.698	0.8	0.945	1	TRUE	1	1	1	1	1.362		1	1	1	0	1	1.362		1																												
SRP067454	32	33	0.97	0.95	0.998	0	TRUE	393	383	0.945	1	0.998	0	TRUE	32	31	0.969	0.95	0.998	0	TRUE	393	379	0.964	1	0.999	0	TRUE	32	32	1	0.95	0.999	0	TRUE	393	376	0.942	1	1	0	TRUE	17619	66	130	1	0.277	1.169	0	17619	61	25	1	0.285	1.169	0																												
SRP067490	19	19	1	0.95	0.982	0	TRUE	156	224	0.681	0.7	0.988	0	FALSE	19	13	0.391	0.8	0.888	0	TRUE	156	3	0.019	0.4	0.856	0	FALSE	19	19	1	1	0.983	0	TRUE	156	145	0.813	0.75	0.987	0	FALSE	5	0	1			0.273		5	4	1	1	0.262	1.07	0																												
SRP067600	23	19	0.615	0.7	0.786	0	FALSE	242	202	0.5	0.65	0.832	2	TRUE	23	23	0.84	0.9	0.973	0	TRUE	242	177	0.696	0.75	0.981	0	TRUE	23	27	0.515	0.7	0.759	1	TRUE	242	205	0.437	0.35	0.864	3	FALSE	479	370	223	0.962	1.447	1.433	0.668	479	60	100	1	1.104	1.497	0.533																												
SRP067752	30	30	1	0.95	0.994	0	TRUE	247	246	0.84	0.9	0.981	0	TRUE	30	30	1	1	0.998	0	TRUE	247	241	0.906	0.9	0.995	0	TRUE	30	30	1	1	0.999	0	TRUE	247	237	0.952	0.9	0.998	0	TRUE	4479	1	2155	1	1.299	0.612	1	4479	183	237	1	0.33	0.63	0.169																												
SRP068384	31	33	0.882	0.95	0.989	0	TRUE	492	482	0.888	0.95	0.99	0	FALSE	31	31	1	1	0.992	0	TRUE	492	458	0.885	0.95	0.993	0	TRUE	31	33	0.939	0.95	0.999	0	TRUE	492	491	0.97	1	0.999	0	FALSE	5360	0	2172			0.43		5360	1836	82	1	0.364	0.468	0.07																												
SRP068500	12	12	0.846	0.9	0.981	0	TRUE	207	235	0.819	0.85	0.978	0	TRUE	12	5	0.214	0.65	0.702	1	FALSE	207	51	0.152	0.25	0.759	8	TRUE	12	11	0.917	0.95	0.996	0	TRUE	207	204	0.939	0.95	0.998	0	TRUE	71	0	32			0.774		71	18	5	1	0.537	0.813	0.167																												
SRP069292	20	23	0.593	0.75	0.874	1	TRUE	239	194	0.483	0.95	0.834	3	FALSE	20	22	0.75	0.85	0.925	1	TRUE	239	269	0.613	0.95	0.916	0	TRUE	20	23	0.792	0.85	0.958	0	TRUE	239	145	0.5	0.9	0.91	0	TRUE	37	27	0	1	1.1	1.652	0.556	37	27	0	1	1.095	1.652	0.519																												
SRP069772	31	29	0.875	0.85	0.962	0	TRUE	197	148	0.651	0.75	0.94	0	TRUE	31	12	0.303	0.65	0.631	1	FALSE	197	19	0.064	0.1	0.598	19	FALSE	31	34	0.857	1	0.97	0	FALSE	197	200	0.772	0.7	0.972	0	FALSE	1	0	0			3.863		1	0	0			3.863																													
SRP069873	0	3	0	0.95	0.967	0		5	3	0.6	0.75	0.964	0	FALSE	0	1	0	0.65	0.869	0		5	5	0.25	0.6	0.831	0	TRUE	0	1	0	0.9	0.962	0		5	1	0.2	0.45	0.904	0	TRUE	38	9	2	1	8.807	8.465	1	38	20	2	0.9	8.473	8.569	1																												
SRP070188	25	27	0.926	0.95	0.998	0	TRUE	169	167	0.877	1	0.996	0	TRUE	25	27	0.857	0.9	0.993	0	TRUE	169	159	0.726	0.9	0.985	0	TRUE	25	25	1	0.9	0.999	0	TRUE	169	170	0.883	1	0.997	0	TRUE	3277	332	85	1	0.659	0.959	0.22	3277	67	690	1	0.532	0.926	0.313																												
SRP070440	14	14	1	1	0.997	0	TRUE	82	87	0.878	0.85	0.997	0	TRUE	14	14	0.75	0.9	0.934	0	TRUE	82	76	0.646	0.8	0.965	0	TRUE	14	14	1	1	0.994	0	TRUE	82	84	0.844	0.85	0.996	0	TRUE	98	13	5	1	0.663	0.997	0.154	98	31	4	1	0.688	1.008	0.323	14	12	0.733	0.85	0.936	0	TRUE	82	56	0.484	0.8	0.949	0	TRUE	14	16	0.875	0.9	0.98	0	FALSE	82	154	0.513	0.75	0.98	0	FALSE
SRP070571	6	12	0.385	0.65	0.49	0	FALSE	35	32	0.489	0.65	0.812	0	FALSE	6	11	0.545	0.85	0.857	0	TRUE	35	66	0.384	0.55	0.934	0	FALSE	6	12	0.385	0.65	0.49	0	FALSE	35	32	0.489	0.65	0.812	0	FALSE	98	33	22	1	0.85	1.382	0.364	98	51	12	1	0.876	1.815	0.412																												
SRP070642	21	20	0.952	0.95	0.986	0	TRUE	201	169	0.754	0.9	0.972	0	TRUE	21	21	1	0.95	0.992	0	TRUE	201	199	0.843	0.95	0.988	0	TRUE	21	20	0.952	0.95	0.986	0	TRUE	201	169	0.754	0.9	0.972	0	TRUE	3133	2215	7	0.82	0.927	1.242	0.465	3133	273	228	1	0.822	1.052	0.414																												
SRP070673	6	5	0.833	0.95	0.984	0	TRUE	0	0		0.9	0.988	0		6	6	1	0.95	0.976	0	TRUE	0	0		0.75	0.973	0		6	7	0.857	0.95	0.99	0	TRUE	0	0		0.75	0.983	0		2	0	0			0.792		2	0	0			0.792																													
SRP070767	17	15	0.882	0.9	0.997	0	TRUE	84	80	0.907	1	0.997	0	TRUE	17	22	0.696	0.85	0.962	1	FALSE	84	138	0.563	0.65	0.973	0	TRUE	17	14	0.824	0.9	0.999	0	TRUE	84	84	0.976	0.95	0.999	0	TRUE	237	0	25			0.256		237	19	34	1	0.228	0.263	0	17	13	0.765	0.9	0.996	0	TRUE	84	82	0.865	0.95	0.995	0	TRUE	17	13	0.667	0.9	0.958	0	FALSE	84	66	0.579	0.55	0.955	0	FALSE
SRP070769	13	13	1	0.95	0.997	0	TRUE	48	44	0.878	1	0.993	0	TRUE	13	10	0.769	0.9	0.904	0	TRUE	48	65	0.487	0.65	0.958	0	TRUE	13	13	1	1	0.998	0	TRUE	48	49	0.83	1	0.995	0	TRUE	155	0	18			0.244		155	28	8	1	0.174	0.264	0	13	14	0.929	0.9	0.967	0	TRUE	48	52	0.786	0.9	0.971	0	TRUE	13	13	1	0.95	0.997	0	TRUE	48	43	0.896	0.95	0.991	0	TRUE
SRP070770	15	17	0.882	0.9	0.989	0	FALSE	234	240	0.852	0.9	0.983	0	TRUE	15	15	1	0.95	0.997	0	TRUE	234	229	0.937	0.95	0.998	0	TRUE	15	15	0.875	0.95	0.997	0	TRUE	234	229	0.874	1	0.998	0	TRUE	3	0	0			0.434		3	0	0			0.434		15	18	0.833	0.9	0.987	0	FALSE	234	243	0.842	0.9	0.979	0	TRUE	15	20	0.75	0.85	0.986	0	TRUE	234	239	0.84	0.9	0.978	0	TRUE
SRP070775	3	5	0.6	0.9	0.971	0	TRUE	50	43	0.824	0.9	0.987	0	TRUE	3	2	0.667	0.9	0.998	0	TRUE	50	51	0.906	0.95	0.995	0	TRUE	3	3	1	0.85	0.986	0	TRUE	50	41	0.784	0.95	0.99	0	TRUE	4095	125	106	0.968	2.534	0.188	0.64	4095	94	115	1	0.13	0.194	0.053	3	2	0.667	0.85	0.976	0	TRUE	50	36	0.623	0.85	0.983	0	TRUE	3	1	0.333	0.9	0.968	0	TRUE	50	46	0.846	0.9	0.984	0	TRUE
SRP070906	19	15	0.478	0.65	0.873	0	FALSE	251	261	0.668	0.55	0.923	1	TRUE	19	21	0.905	0.95	0.99	0	TRUE	251	264	0.922	1	0.997	0	TRUE	19	22	0.464	0.6	0.813	0	TRUE	251	279	0.704	0.85	0.94	0	TRUE	2022	1151	182	0.974	0.282	0.328	0.05	2022	245	89	1	0.286	0.312	0.057																												
SRP070944	12	11	0.769	0.8	0.935	0	TRUE	81	87	0.436	0.6	0.929	0	FALSE	12	11	0.917	1	0.984	0	TRUE	81	62	0.702	0.9	0.989	0	TRUE	12	7	0.583	0.8	0.931	0	TRUE	81	48	0.402	0.7	0.925	0	FALSE	3	2	0	0.5	1.908	5.791	1	3	1	0	1	1.496	4.056	1																												
SRP071333	14	14	0.75	0.85	0.969	0	TRUE	305	317	0.857	0.8	0.981	0	TRUE	14	16	0.765	0.95	0.994	0	TRUE	305	291	0.923	0.95	0.996	0	TRUE	14	16	0.765	0.95	0.988	0	FALSE	305	323	0.897	1	0.991	0	TRUE	7	3	1	1	2.14	0.821	0.667	7	6	0	1	0.914	0.734	0.333																												
SRP072457	27	29	0.931	0.85	0.975	0	FALSE	275	298	0.813	0.95	0.979	0	TRUE															27	27	1	0.95	0.998	0	TRUE	275	270	0.933	0.95	0.999	0	TRUE	979	0	2654			0.695																																				
SRP072844	19	14	0.737	0.75	0.95	0	FALSE	149	70	0.441	0.5	0.948	0	TRUE	19	11	0.304	0.45	0.551	1	FALSE	149	93	0.071	0.1	0.521	28	FALSE	19	21	0.818	0.9	0.966	0	FALSE	149	187	0.672	0.7	0.975	0	TRUE	2	1	0	1	0.411	1.115	0	2	2	0	0.5	0.763		0.5																												
SRP072877	14	20	0.478	0.8	0.905	0	TRUE	26	96	0.258	0.4	0.807	0	FALSE															14	19	0.5	0.8	0.927	0	TRUE	26	55	0.446	0.7	0.857	0	TRUE	530	72	227	1	0.562	0.728	0.139																																			
SRP073042	20	18	0.81	0.95	0.917	0	FALSE	95	138	0.553	0.65	0.906	0	TRUE	20	19	0.773	0.9	0.975	0	TRUE	95	115	0.78	0.9	0.982	0	TRUE	20	19	0.696	0.8	0.856	0	FALSE	95	75	0.518	0.75	0.929	0	TRUE	3590	1689	111	0.85	0.804	1.55	0.368	3590	471	66	1	0.623	1.245	0.246																												
SRP073086	11	11	1	0.9	0.993	0	TRUE	202	209	0.885	0.95	0.996	0	TRUE	11	13	0.714	0.9	0.931	0	FALSE	202	244	0.715	0.75	0.954	0	TRUE	11	11	1	0.95	0.997	0	TRUE	202	185	0.87	0.9	0.996	0	TRUE	1	0	0			0.351		1	0	0			0.351		11	12	0.917	0.9	0.977	0	FALSE	202	233	0.79	0.85	0.983	0	FALSE	11	12	0.917	0.95	0.991	0	TRUE	202	236	0.788	0.85	0.984	0	TRUE
SRP073224	29	22	0.417	0.45	0.394	2	FALSE	79	274	0.142	0.1	0.462	6	FALSE	29	28	0.839	0.9	0.951	0	TRUE	79	50	0.613	0.85	0.962	0	TRUE	29	27	0.75	0.7	0.891	0	FALSE	79	97	0.285	0.4	0.779	5	FALSE	717	378	331	0.825	0.677	1.002	0.243	717	158	42	1	0.515	0.883	0.177																												
SRP073495	30	29	0.967	0.95	0.962	0	TRUE	304	234	0.73	0.8	0.946	3	TRUE	30	29	0.967	0.9	0.988	0	FALSE	304	220	0.69	0.85	0.974	4	TRUE	30	28	0.871	0.9	0.886	2	TRUE	304	282	0.809	0.85	0.963	4	TRUE	14165	167	3074	1	3.786	5.576	1	14165	8205	38	1	5.731	5.213	1																												
SRP073498	18	15	0.833	1	0.996	0	TRUE	295	306	0.914	1	0.995	0	TRUE	18	17	0.842	0.95	0.982	0	TRUE	295	313	0.877	0.9	0.992	1	TRUE	18	18	1	1	0.998	0	TRUE	295	292	0.912	0.95	0.997	0	TRUE	11688	662	166	1	0.747	1.594	0.381	11688	498	407	1	0.847	1.569	0.432																												
SRP073609	22	23	0.8	0.9	0.953	0	FALSE	166	172	0.716	0.85	0.957	0	FALSE	22	22	1	0.95	0.986	0	TRUE	166	174	0.868	0.95	0.994	0	TRUE	22	22	1	0.95	0.998	0	TRUE	166	170	0.898	0.95	0.992	0	FALSE	661	0	1376			0.827		661	168	11	1	0.591	0.947	0.244																												
SRP074136	32	31	0.909	0.95	0.997	0	TRUE	282	283	0.865	0.95	0.991	0	TRUE	32	32	0.882	1	0.998	0	TRUE	282	290	0.907	0.95	0.996	0	TRUE	32	31	0.909	0.95	0.997	0	TRUE	282	283	0.865	0.95	0.991	0	TRUE	4124	112	719	1	0.574	0.882	0.214	4124	443	146	1	0.604	0.899	0.296																												
SRP074146	23	25	0.846	0.95	0.975	0	TRUE	22	36	0.526	0.75	0.955	0	FALSE	23	25	0.92	1	0.997	0	TRUE	22	27	0.815	1	0.997	0	TRUE	23	26	0.815	0.9	0.959	0	FALSE	22	69	0.3	0.75	0.931	0	FALSE	5157	1548	176	0.987	0.778	1.028	0.331	5157	225	69	1	0.89	0.96	0.413	23	23	0.84	0.95	0.981	0	TRUE	22	32	0.543	0.75	0.955	0	FALSE	23	26	0.815	0.95	0.974	0	TRUE	22	35	0.583	0.75	0.966	0	FALSE
SRP075924	18	17	0.522	0.75	0.952	0	TRUE	220	251	0.56	0.85	0.93	0	TRUE	18	21	0.857	0.9	0.996	0	TRUE	220	232	0.891	1	0.994	0	TRUE	18	22	0.739	0.85	0.97	0	TRUE	220	249	0.693	0.9	0.958	0	TRUE	11	11	0	1	3.462		1	11	11	0	1	3.462		1																												
SRP076021	23	22	0.875	0.95	0.989	0	FALSE	202	178	0.863	0.85	0.986	0	FALSE	23	22	0.875	0.95	0.995	0	TRUE	202	202	0.87	0.95	0.989	0	TRUE	23	25	0.92	0.95	0.982	0	TRUE	202	231	0.718	0.85	0.944	0	TRUE	663	347	4	1	1.049	1.668	0.53	663	352	5	1	1.088	1.643	0.56																												
SRP076455	2	2	0.333	0.6	0.674	0	FALSE	130	94	0.427	0.6	0.858	1	FALSE	2	2	1	0.95	0.961	0	TRUE	130	149	0.8	0.9	0.981	0	TRUE	2	5	0.4	0.7	0.765	0	FALSE	130	152	0.699	0.75	0.922	0	FALSE	3184	2134	345	0.71	0.501	0.751	0.168	3184	112	604	1	0.402	0.568	0.125																												
SRP076866	27	25	0.793	0.9	0.965	0	TRUE	291	288	0.703	0.75	0.948	0	TRUE	27	25	0.793	0.8	0.958	0	TRUE	291	241	0.689	0.7	0.932	0	TRUE	27	25	0.857	0.95	0.988	0	FALSE	291	297	0.76	0.8	0.965	0	TRUE	21	9	2	1	1.821	3.121	0.778	21	8	1	1	1.489	3.375	0.625																												
SRP076940	17	17	1	0.95	0.99	0	TRUE	143	155	0.851	0.85	0.997	0	FALSE	17	13	0.765	0.9	0.951	0	TRUE	143	195	0.579	0.6	0.912	0	FALSE	17	16	0.941	1	0.991	0	TRUE	143	133	0.865	0.95	0.996	0	FALSE	210	43	4	1	0.329	0.395	0.093	210	53	67	1	0.309	0.418	0.057																												
SRP077095	28	27	0.833	0.95	0.99	0	TRUE	190	216	0.796	0.8	0.986	0	TRUE	28	30	0.933	0.9	0.999	0	TRUE	190	193	0.896	0.9	0.994	0	TRUE	28	30	0.933	0.9	0.999	0	TRUE	190	193	0.896	0.9	0.994	0	TRUE	13615	1121	290	1	1.022	1.507	0.508	13615	1952	68	1	1.089	1.537	0.522																												
SRP077214	31	32	0.969	0.9	0.993	0	TRUE	533	526	0.932	0.95	0.996	0	TRUE	31	29	0.935	0.95	0.997	0	TRUE	533	521	0.941	0.95	0.997	0	TRUE	31	32	0.969	0.95	0.997	0	TRUE	533	518	0.943	0.95	0.996	0	TRUE	10029	1275	276	1	0.312	0.419	0.093	10029	1440	157	1	0.311	0.421	0.097																												
SRP078061	19	21	0.818	0.9	0.968	0	TRUE	202	193	0.646	0.75	0.951	0	FALSE	19	18	0.682	0.75	0.94	1	TRUE	202	186	0.459	0.65	0.886	4	FALSE	19	24	0.72	0.9	0.947	0	FALSE	202	270	0.645	0.55	0.953	0	FALSE	8	2	1	1	0.936	0.636	0.5	8	3	0	1	0.796	0.546	0.333																												
SRP078062	22	21	0.955	0.95	0.99	0	TRUE	137	147	0.906	1	0.995	0	FALSE	22	21	0.955	1	0.998	0	TRUE	137	160	0.845	1	0.997	0	TRUE	22	21	0.955	1	0.998	0	TRUE	137	163	0.84	0.95	0.997	0	TRUE	4291	164	161	1	0.149	0.229	0	4291	215	107	1	0.142	0.23	0																												
SRP078270	20	18	0.9	0.95	0.993	0	TRUE	161	152	0.874	0.95	0.995	0	TRUE	20	20	0.905	0.95	0.994	0	TRUE	161	171	0.908	0.95	0.997	0	TRUE	20	19	0.95	1	0.996	0	TRUE	161	169	0.919	1	0.998	0	TRUE	79	4	13	1	0.631	0.902	0.25	79	20	1	1	0.601	0.974	0.25																												
SRP078380	5	5	1	0.95	0.994	0	TRUE	32	38	0.842	0.9	0.999	0	TRUE	5	5	1	0.95	0.998	0	TRUE	32	32	0.939	0.9	0.998	0	TRUE	5	5	1	0.95	0.997	0	TRUE	32	39	0.821	0.9	0.998	0	TRUE	2	0	0			0.967		2	0	0			0.967																													
SRP079900	21	22	0.955	0.95	0.997	0	TRUE	81	80	0.851	0.85	0.993	0	TRUE	21	23	0.913	1	0.997	0	TRUE	81	77	0.881	0.9	0.994	0	TRUE	21	18	0.857	0.95	0.999	0	TRUE	81	84	0.875	0.9	0.998	0	TRUE	4140	85	126	1	0.502	0.59	0.329	4140	191	53	1	0.681	0.589	0.398																												
SRP080864	19	20	0.95	0.95	0.997	0	TRUE	245	248	0.949	0.95	0.996	0	TRUE	19	21	0.905	1	0.996	0	TRUE	245	249	0.922	0.85	0.995	0	TRUE	19	19	1	1	0.998	0	TRUE	245	240	0.956	0.95	0.995	0	TRUE	1	0	1			1.444		1	0	0			1.444																													
SRP081004	26	24	0.724	0.8	0.953	0	TRUE	229	207	0.639	0.7	0.952	0	FALSE	26	22	0.846	0.9	0.981	0	TRUE	229	204	0.797	0.9	0.981	0	TRUE	26	26	1	0.9	0.986	0	TRUE	229	199	0.798	0.85	0.986	0	FALSE	371	104	104	1	0.5	0.843	0.192	371	124	11	1	0.567	0.814	0.234	26	7	0.138	0.45	0.689	2	TRUE	229	128	0.357	0.5	0.714	9	FALSE	26	23	0.633	0.75	0.928	0	TRUE	229	178	0.602	0.7	0.937	0	FALSE
SRP081089	20	20	0.818	0.9	0.974	0	TRUE	77	71	0.783	1	0.967	0	TRUE	20	21	0.783	0.9	0.985	0	TRUE	77	94	0.763	1	0.98	0	TRUE	20	18	0.9	0.9	0.985	0	TRUE	77	81	0.775	0.95	0.982	0	TRUE	75	42	0	1	5.052	6.201	1	75	10	10	1	4.731	5.686	1																												
SRP082219	14	12	0.857	0.9	0.991	0	TRUE	269	267	0.848	0.9	0.995	0	FALSE	14	13	0.929	1	0.991	0	TRUE	269	255	0.912	0.95	0.994	0	FALSE	14	14	1	0.95	0.996	0	TRUE	269	223	0.829	0.9	0.996	0	FALSE	561	12	86	1	0.312	0.346	0.083	561	37	55	1	0.302	0.352	0																												
SRP082273	7	8	0.875	0.95	0.983	0	FALSE	9	11	0.818	0.7	0.967	0	FALSE	7	13	0.538	0.8	0.922	0	FALSE	9	3	0.333	0.65	0.911	0	TRUE	7	9	0.778	0.9	0.936	0	TRUE	9	22	0.409	0.75	0.966	0	TRUE	1955	327	95	1	0.944	1.265	0.471	1955	166	476	1	0.775	1.262	0.319																												
SRP082367	20	22	0.909	0.95	0.992	0	TRUE	237	262	0.869	0.95	0.995	0	TRUE	20	18	0.727	0.8	0.902	0	TRUE	237	117	0.41	0.7	0.802	9	TRUE	20	23	0.87	0.95	0.995	0	TRUE	237	264	0.876	1	0.995	0	TRUE	20	12	0	1	2.469	2.95	1	20	17	0	1	2.604	2.56	1																												
SRP082985	4	4	1	0.9	0.982	0	TRUE	14	13	0.688	0.8	0.954	0	FALSE	4	4	1	0.95	0.997	0	TRUE	14	17	0.824	0.9	0.994	0	TRUE	4	3	0.75	0.8	0.928	0	TRUE	14	17	0.632	0.8	0.963	1	FALSE	7047	1053	1058	0.996	0.412	1.438	0.173	7047	446	213	1	0.58	1.009	0.397																												
SRP083914	28	28	1	1	0.999	0	TRUE	430	438	0.968	1	1	0	TRUE	28	27	0.964	1	0.996	0	TRUE	430	422	0.928	1	0.998	0	TRUE	28	27	0.964	1	1	0	TRUE	430	437	0.975	1	1	0	TRUE	7228	52	146	1	0.314	0.429	0.058	7228	243	185	1	0.3	0.435	0.045																												
SRP089713	17	16	0.941	0.95	0.963	0	TRUE	85	58	0.644	0.85	0.976	0	TRUE	17	17	0.889	0.85	0.968	0	TRUE	85	121	0.515	0.75	0.976	0	TRUE	17	17	1	1	0.996	0	TRUE	85	84	0.724	0.85	0.993	0	TRUE	2777	730	141	0.999	1.098	1.748	0.532	2777	1133	30	1	1.019	2.906	0.503																												
SRP090141	15	18	0.833	0.9	0.992	0	TRUE	204	199	0.874	0.9	0.994	0	TRUE	15	34	0.441	0.75	0.867	0	FALSE	204	302	0.547	0.8	0.912	0	TRUE	15	14	0.812	1	0.982	0	TRUE	204	195	0.891	0.9	0.996	0	TRUE	566	148	28	1	0.353	0.538	0.054	566	291	108	0.997	0.371	0.597	0.103																												
SRP090360	32	16	0.412	0.85	0.914	0	FALSE	284	167	0.383	0.5	0.892	3	TRUE	32	32	1	0.95	0.998	0	TRUE	284	284	0.959	0.95	0.997	0	TRUE	32	26	0.758	0.95	0.975	0	TRUE	284	217	0.659	0.65	0.944	0	TRUE	380	91	71	1	1.023	1.256	0.516	380	55	4	1	0.946	1.256	0.455																												
SRP090395	4	5	0.125	0.4	0.51	0	FALSE	0	1	0	0.4	0.628	0		4	8	0.5	0.85	0.927	0	TRUE	0	1	0	0.6	0.944	0		4	0	0	0.45	0.446	0	FALSE	0	8	0	0.15	0.461	0		190	162	20	0.679	3.072	4.96	0.815	190	27	17	1	3.541	3.21	0.889																												
SRP090476	25	24	0.96	0.9	0.943	0	FALSE	191	193	0.761	0.9	0.956	0	TRUE	25	26	0.962	0.9	0.976	0	TRUE	191	169	0.827	0.95	0.983	0	TRUE	25	26	0.759	0.9	0.963	0	TRUE	191	120	0.603	0.95	0.956	0	TRUE	161	0	4224			1.028		161	161	0	1	1.028		0.534																												
SRP090770	24	21	0.8	0.95	0.973	0	TRUE	141	130	0.748	0.95	0.969	0	TRUE	24	17	0.708	0.9	0.929	0	FALSE	141	85	0.537	0.95	0.935	0	TRUE	24	24	1	0.95	0.993	0	FALSE	141	134	0.786	0.95	0.987	0	TRUE	3	2	0	1	2.519	3.046	1	3	2	0	1	2.519	3.046	1																												
SRP091722	23	28	0.821	0.8	0.963	0	TRUE	303	290	0.77	0.9	0.968	0	TRUE	23	18	0.708	0.9	0.885	2	TRUE	303	276	0.804	0.8	0.981	0	FALSE	23	31	0.742	0.9	0.963	0	TRUE	303	312	0.783	0.75	0.958	1	TRUE	63	13	8	1	3.496	4.337	1	63	11	4	1	3.418	4.268	0.909																												
SRP091938	23	24	0.88	0.85	0.934	0	TRUE	62	66	0.684	0.8	0.927	0	TRUE	23	29	0.793	0.9	0.969	0	TRUE	62	63	0.923	0.9	0.968	0	TRUE	23	25	0.778	0.8	0.858	0	TRUE	62	69	0.617	0.7	0.855	0	TRUE	3	0	0			1.779		3	0	0			1.779																													
SRP092451	15	16	0.722	0.8	0.967	0	FALSE	245	243	0.821	0.8	0.98	0	TRUE	15	17	0.882	1	0.993	0	TRUE	245	230	0.87	0.9	0.994	0	TRUE	15	13	0.867	0.9	0.986	0	TRUE	245	205	0.786	0.95	0.989	0	TRUE	7047	2548	60	1	0.352	0.485	0.029	7047	814	134	1	0.308	0.441	0.033																												
SRP092532	10	13	0.643	0.85	0.951	0	FALSE	186	165	0.809	0.9	0.979	0	TRUE	10	9	0.462	0.7	0.892	0	TRUE	186	149	0.709	0.7	0.921	0	TRUE	10	9	0.727	0.85	0.982	0	TRUE	186	199	0.851	0.9	0.98	0	TRUE	63	9	10	1	1.256	2.21	0.667	63	34	9	1	1.819	2.183	0.824	10	11	0.615	0.75	0.96	0	TRUE	186	85	0.449	0.8	0.948	0	TRUE	10	12	0.571	0.7	0.955	0	FALSE	186	153	0.747	0.75	0.963	0	TRUE
SRP092552	8	10	0.8	0.8	0.993	0	TRUE	77	74	0.841	0.9	0.991	0	TRUE	8	8	1	0.8	0.998	0	TRUE	77	70	0.838	1	0.997	0	TRUE	8	9	0.889	0.85	0.994	0	TRUE	77	84	0.75	0.9	0.995	0	TRUE	9184	278	378	1	0.182	0.31	0.004	9184	430	89	1	0.175	0.313	0.005																												
SRP092799	12	12	1	0.9	0.996	0	TRUE	182	217	0.83	0.95	0.997	0	TRUE	12	17	0.706	0.85	0.978	0	TRUE	182	173	0.784	0.9	0.978	0	TRUE	12	12	1	1	0.995	0	TRUE	182	185	0.942	1	0.998	0	TRUE	720	22	46	1	0.51	0.852	0.136	720	127	35	1	0.321	0.936	0.15																												
SRP093283	0	0		0.9	0.967	0		0	0		0.7	0.959	0		0	0		0.9	0.945	0		0	0		0.7	0.92	0		0	0		0.95	0.953	0		0	0		0.7	0.967	0		3711	1383	47	0.983	6.812	8.011	0.967	3711	850	293	0.913	5.731	7.835	0.949																												
SRP093288	24	23	0.958	1	0.985	0	TRUE	154	164	0.828	0.75	0.973	0	TRUE	24	25	0.885	0.85	0.987	0	TRUE	154	117	0.623	0.65	0.975	0	TRUE	24	24	1	1	0.999	0	TRUE	154	142	0.897	0.85	0.999	0	TRUE	1	0	0			0.194		1	1	0	1	0.194		0																												
SRP093302	32	32	1	0.95	0.994	0	TRUE	374	381	0.873	0.9	0.992	0	TRUE	32	33	0.97	0.9	0.99	0	TRUE	374	384	0.909	0.9	0.993	0	TRUE	32	32	1	1	0.998	0	FALSE	374	382	0.929	0.95	0.997	0	TRUE	13627	595	453	1	0.616	1.413	0.282	13627	630	663	0.992	0.592	1.42	0.268																												
SRP093925	13	15	0.75	0.85	0.891	0	TRUE	212	237	0.734	0.9	0.95	0	TRUE	13	5	0.385	0.7	0.891	0	TRUE	212	101	0.469	0.85	0.875	1	FALSE	13	13	0.444	0.85	0.928	0	TRUE	212	247	0.772	0.9	0.974	0	TRUE	2138	793	477	1	1.164	1.904	0.526	2138	1130	546	0.981	0.706	3.168	0.358																												
SRP094853	22	19	0.864	1	0.959	0	TRUE	93	50	0.521	0.8	0.958	0	TRUE	22	22	1	0.9	0.987	0	TRUE	93	110	0.586	0.85	0.965	0	TRUE	22	22	0.913	0.95	0.994	0	TRUE	93	98	0.752	0.95	0.969	0	TRUE	1261	1248	0	1	3.799	5.72	0.994	1261	122	461	1	3.32	3.932	0.967																												
SRP094952	26	25	0.889	0.95	0.958	0	FALSE	242	258	0.873	0.75	0.973	0	TRUE	26	24	0.923	0.95	0.976	0	TRUE	242	244	0.898	0.75	0.985	0	TRUE	26	22	0.846	0.9	0.989	0	FALSE	242	239	0.909	0.8	0.982	0	TRUE	4852	511	546	0.998	0.425	0.605	0.127	4852	1214	78	1	0.366	0.699	0.094																												
SRP095064	22	24	0.917	0.95	0.997	0	TRUE	259	246	0.884	1	0.995	0	TRUE	22	22	1	1	0.994	0	TRUE	259	253	0.918	1	0.993	0	TRUE	22	24	0.917	1	0.997	0	TRUE	259	256	0.929	1	0.996	0	TRUE	1886	427	75	1	0.695	0.896	0.26	1886	50	375	1	0.757	0.848	0.24																												
SRP095235	12	18	0.5	0.75	0.884	0	FALSE	73	135	0.507	0.65	0.898	0	TRUE	12	7	0.583	0.8	0.982	0	TRUE	73	58	0.747	0.85	0.972	0	TRUE	12	14	0.368	0.75	0.737	0	FALSE	73	30	0.256	0.6	0.691	6	TRUE	4306	3157	26	0.699	0.673	0.983	0.287	4306	15	1371	1	0.981	0.761	0.467	12	22	0.417	0.8	0.805	0	FALSE	73	104	0.451	0.5	0.871	0	TRUE	12	19	0.409	0.75	0.865	0	FALSE	73	113	0.512	0.65	0.898	0	TRUE
SRP095617	26	29	0.571	0.7	0.852	0	TRUE	213	254	0.656	0.8	0.944	0	TRUE	26	12	0.31	0.5	0.65	3	TRUE	213	88	0.297	0.7	0.738	3	TRUE	26	20	0.769	0.9	0.943	0	TRUE	213	206	0.703	0.85	0.961	0	TRUE	101	55	1	1	0.412	0.438	0.018	101	101	0	0.733	0.42		0.02																												
SRP095855	24	25	0.96	0.95	0.993	0	TRUE	309	290	0.821	0.95	0.988	0	TRUE	24	26	0.923	1	0.997	0	TRUE	309	305	0.901	0.95	0.996	0	TRUE	24	24	0.92	0.95	0.991	0	TRUE	309	326	0.862	0.95	0.994	0	FALSE	9465	1369	149	0.978	1.08	1.056	0.517	9465	179	161	1	0.857	1.06	0.453																												
SRP095936	31	31	0.938	0.95	0.991	0	TRUE	269	270	0.821	0.85	0.973	0	TRUE	31	31	1	1	0.999	0	TRUE	269	266	0.904	0.95	0.996	0	TRUE	31	33	0.939	1	0.987	0	TRUE	269	304	0.848	0.95	0.993	0	TRUE	12227	1290	846	0.89	0.256	0.453	0.049	12227	244	110	1	0.27	0.435	0.078																												
SRP096052	9	9	0.8	0.95	0.985		FALSE	571	555	0.941	0.9	0.998		TRUE	9	7	0.778	0.95	0.987		FALSE	571	567	0.955	0.95	0.999		TRUE	9	8	0.889	0.9	0.989	0	TRUE	571	572	0.954	0.9	0.999	0	FALSE	20836	444	233	1	0.943	2.832	0.477	20836	1922	149	0.99	1.07	3.07	0.534																												
SRP096655	0	0		0.65	0.28	0		3	4	0	0.15	0.585	0	FALSE	0	0		0.8	0.915	0		3	0	0	0.7	0.955	0	FALSE	0	0		0.8	0.735	0		3	0	0	0.15	0.787	0	FALSE	1195	82	1817	1	9.908	10.264	1	1195	97	4	1	9.303	10.291	1	0	0		0.45	0.32	0		3	2	0	0.1	0.502	0	FALSE	0	0		0.6	0.337	0		3	4	0	0.2	0.552	0	FALSE
SRP096738	18	32	0.562	0.75	0.845	0	TRUE	8	74	0.108	0.45	0.704	0	FALSE	18	20	0.52	0.7	0.793	2	FALSE	8	65	0.028	0.25	0.649	0	TRUE	18	10	0.474	0.75	0.779	0	TRUE	8	60	0.115	0.45	0.694	0	FALSE	16	3	35	1	1.216	1.073	0.667	16	0	266			1.145																													
SRP096963	16	10	0.625	0.85	0.967	0	TRUE	9	0	0	0.6	0.929	0	TRUE	16	18	0.889	0.95	0.944	0	TRUE	9	19	0.4	0.65	0.925	0	FALSE	16	16	1	0.9	0.976	0	TRUE	9	25	0.36	0.75	0.958	0	FALSE	74	23	7	1	0.924	1.363	0.348	74	21	5	1	0.924	1.332	0.333																												
SRP097621	39	33	0.674	0.65	0.908	6	TRUE	646	518	0.592	0.8	0.854	30	TRUE	39	38	0.974	1	0.999	0	TRUE	646	643	0.968	0.95	0.999	0	TRUE	39	35	0.805	0.9	0.975	0	TRUE	646	648	0.841	0.9	0.979	3	TRUE	3345	1412	1602	1	2.207	2.651	0.869	3345	611	82	1	1.88	2.603	0.81																												
SRP098045	29	12	0.414	0.7	0.789	0	TRUE	297	127	0.325	0.7	0.72	7	TRUE	29	20	0.69	0.9	0.988	0	TRUE	297	227	0.696	0.8	0.959	0	TRUE	29	25	0.862	0.95	0.985	0	TRUE	297	275	0.827	0.85	0.978	0	TRUE	1	1	0	1	5.187		1	1	0	0			5.187																													
SRP098725	18	16	0.789	0.9	0.962	0	TRUE	89	36	0.374	0.65	0.929	0	FALSE	18	17	0.944	0.95	0.997	0	TRUE	89	89	0.894	0.95	0.997	0	TRUE	18	18	0.895	0.95	0.951	0	TRUE	89	151	0.472	0.75	0.937	0	TRUE	365	232	13	0.978	0.503	0.693	0.207	365	36	4	1	0.465	0.557	0.194																												
SRP098816	7	8	0.875	0.95	0.987	0	TRUE	80	81	0.83	0.95	0.993	0	TRUE	7	17	0.412	0.75	0.932	0	FALSE	80	112	0.477	0.6	0.898	0	FALSE	7	11	0.636	1	0.991	0	TRUE	80	76	0.857	1	0.995	0	TRUE	1	0	0			5.957		1	1	0	1	5.957		1																												
SRP098946	37	34	0.919	0.85	0.977	0	TRUE	467	451	0.877	0.85	0.983	0	TRUE	37	39	0.949	0.95	0.999	0	TRUE	467	462	0.948	1	0.999	0	TRUE	37	36	0.698	0.9	0.958	0	TRUE	467	450	0.823	0.85	0.973	0	TRUE	5046	2593	33	0.918	1.114	1.491	0.557	5046	162	41	1	0.992	1.306	0.494																												
SRP099234	30	29	0.844	0.9	0.988	0	TRUE	93	136	0.636	0.85	0.976	0	TRUE	30	28	0.933	0.95	0.984	0	TRUE	93	90	0.794	0.6	0.979	0	TRUE	30	32	0.879	0.85	0.98	0	FALSE	93	113	0.689	0.8	0.973	0	TRUE	5505	1451	171	0.999	0.858	1.067	0.367	5505	1677	132	1	0.871	1.068	0.388	30	28	0.871	0.9	0.982	0	TRUE	93	109	0.683	0.8	0.97	0	TRUE	30	29	0.844	0.9	0.991	0	TRUE	93	122	0.654	0.95	0.975	0	TRUE
SRP099448	21	22	0.792	0.95	0.962	0	TRUE	151	156	0.696	0.75	0.95	0	TRUE	21	21	0.826	0.9	0.973	0	FALSE	151	144	0.867	0.9	0.985	0	TRUE	21	25	0.84	0.95	0.974	0	TRUE	151	149	0.685	0.85	0.948	0	FALSE	37	22	1	1	0.639	0.829	0.227	37	8	2	1	0.388	0.763	0																												
SRP099592	16	17	0.941	0.9	0.997	0	TRUE	61	208	0.293	0.8	0.992	0	TRUE	16	17	0.833	0.85	0.978	0	TRUE	61	75	0.447	0.55	0.955	0	FALSE	16	18	0.889	0.9	0.997	0	TRUE	61	87	0.682	0.75	0.997	0	TRUE	3	0	0			1.187		3	0	0			1.187																													
SRP099973	3	6	0.5	0.9	0.976	0	TRUE	6	1	0.167	0.65	0.973	0	TRUE	3	4	0.75	0.9	0.972	0	TRUE	6	0	0	0.6	0.966	0	FALSE	3	3	0.5	0.8	0.945	0	TRUE	6	0	0	0.6	0.946	0	TRUE	49	22	1	1	5.308	8.088	1	49	28	1	1	5.462	7.957	1	3	1	0.333	0.6	0.809	0	FALSE	6	4	0.25	0.5	0.861	0	TRUE	3	5	0.6	0.8	0.948	0	FALSE	6	9	0.667	0.7	0.948	0	TRUE
SRP100466	10	11	0.75	0.9	0.952	0	TRUE	39	39	0.733	0.8	0.96	0	FALSE	10	12	0.833	0.95	0.997	0	TRUE	39	38	0.878	0.95	0.998	0	TRUE	10	11	0.75	1	0.992	0	TRUE	39	37	0.9	0.85	0.989	0	TRUE	602	31	163	1	0.211	0.173	0.032	602	16	12	1	0.156	0.174	0.125																												
SRP100979	17	18	0.944	0.95	0.993	0	TRUE	25	39	0.6	0.9	0.978	0	TRUE	17	20	0.609	0.8	0.95	0	TRUE	25	85	0.264	0.55	0.935	0	TRUE	17	16	0.941	0.9	0.997	0	TRUE	25	23	0.846	0.95	0.998	0	TRUE	385	1	196	1	2.684	1.033	1	385	129	32	1	0.827	1.14	0.349																												
SRP101363	6	5	0.571	0.8	0.838	0	TRUE	160	116	0.653	0.6	0.901	0	FALSE	6	8	0.75	0.85	0.924	0	TRUE	160	111	0.694	0.75	0.935	0	FALSE	6	11	0.545	0.9	0.841	0	TRUE	160	143	0.762	0.6	0.917	0	TRUE	22	0	53			1.541		22	22	0	1	1.541		0.864																												
SRP101444	28	28	1	0.95	0.997	0	TRUE	261	261	0.933	0.9	0.996	0	TRUE	28	29	0.966	0.95	0.991	0	TRUE	261	277	0.888	0.9	0.991	0	TRUE	28	29	0.966	0.95	0.998	0	TRUE	261	259	0.933	0.9	0.996	0	TRUE	364	45	16	1	0.96	1.486	0.489	364	28	59	1	1.263	1.466	0.679																												
SRP101453	5	5	1	0.95	0.97	0	TRUE	0	1	0	0.55	0.929	0		5	3	0.6	0.9	0.947	0	TRUE	0	0		0.65	0.954	0		5	5	1	1	0.963	0	TRUE	0	0		0.5	0.945	0		32	8	2	1	0.427	0.421	0	32	4	7	1	0.385	0.43	0																												
SRP101460	26	25	0.889	0.85	0.989	0	TRUE	147	177	0.645	0.65	0.952	0	FALSE	26	24	0.562	0.65	0.749	2	FALSE	147	119	0.198	0.2	0.694	20	TRUE	26	27	0.963	0.9	0.996	0	TRUE	147	181	0.783	0.95	0.989	0	TRUE	11	0	842			2.869		11	11	0	1	2.869		1																												
SRP101577	30	30	1	0.95	0.994	0	TRUE	278	269	0.88	1	0.995	0	TRUE	30	31	0.968	0.95	0.989	0	TRUE	278	267	0.805	0.75	0.984	0	TRUE	30	30	0.875	1	0.991	0	TRUE	278	324	0.792	0.85	0.988	0	TRUE	1291	279	27	1	0.525	0.86	0.082	1291	158	90	1	0.559	0.823	0.127																												
SRP101579	37	38	0.923	0.95	0.995	0	TRUE	610	631	0.924	1	0.996	0	TRUE	37	37	1	0.95	0.997	0	TRUE	610	594	0.948	0.9	0.998	0	TRUE	37	38	0.923	0.95	0.995	0	TRUE	610	631	0.924	1	0.996	0	TRUE	9839	1189	288	1	0.527	0.661	0.298	9839	1428	296	1	0.473	0.676	0.253																												
SRP101878	14	12	0.857	0.85	0.988	0	TRUE	127	128	0.835	0.85	0.983	0	TRUE	14	17	0.824	0.9	0.99	0	TRUE	127	112	0.824	0.8	0.991	0	TRUE	14	17	0.824	0.9	0.979	0	TRUE	127	112	0.797	0.85	0.99	0	TRUE	30	1	17	1	3.118	1.7	1	30	2	5	1	2.344	1.772	1																												
SRP101985	25	21	0.769	0.9	0.993	0	TRUE	212	216	0.861	0.9	0.994	0	TRUE	25	25	0.923	0.9	0.99	0	TRUE	212	228	0.857	0.95	0.992	0	TRUE	25	23	0.846	0.8	0.998		TRUE	212	201	0.921	0.9	0.998	0	TRUE	7487	166	691	0.988	1.202	0.695	0.542	7487	1974	66	1	1.202	0.664	0.541																												
SRP102241	11	10	0.75	0.95	0.993	0	TRUE	99	112	0.715	0.85	0.993	0	TRUE	11	9	0.667	0.95	0.983	0	TRUE	99	128	0.566	0.8	0.978	0	TRUE	11	10	0.909	1	0.996	0	TRUE	99	103	0.741	0.9	0.997	0	TRUE	3077	196	164	1	0.225	0.281	0.015	3077	746	144	1	0.235	0.296	0.017																												
SRP102454	17	17	1	0.95	0.999	0	TRUE	71	74	0.908	0.95	0.997	0	TRUE	17	17	0.889	0.85	0.995	0	TRUE	71	76	0.793	0.85	0.993	0	FALSE	17	17	1	1	0.999	0	TRUE	71	72	0.81	0.95	0.999	0	TRUE	2985	35	43	1	0.296	0.333	0	2985	407	64	1	0.266	0.346	0.017																												
SRP103932	31	31	0.938	1	0.995	0	FALSE	337	336	0.928	0.95	0.997	0	TRUE	31	26	0.676	0.8	0.857	1	TRUE	337	338	0.507	0.6	0.896	2	TRUE	31	30	0.968	1	0.998	0	TRUE	337	337	0.899	0.95	0.997	0	TRUE	53	25	0	1	0.593	0.725	0.16	53	43	2	1	0.638	0.715	0.163																												
SRP105166	17	22	0.773	0.9	0.978	0	TRUE	310	335	0.87	0.85	0.984	0	TRUE	17	18	0.842	0.9	0.993	0	TRUE	310	292	0.847	0.9	0.991	0	TRUE	17	18	0.842	0.9	0.987	0	TRUE	310	292	0.893	0.9	0.992	0	TRUE	829	15	399	1	3.274	0.896	0.933	829	135	28	1	0.732	0.946	0.281																												
SRP106312	25	26	0.889	0.95	0.963	0	TRUE	205	223	0.798	0.8	0.965	0	TRUE	25	23	0.92	0.95	0.961	0	TRUE	205	195	0.818	0.9	0.983	0	TRUE	25	24	0.96	1	0.97	0	TRUE	205	225	0.845	0.95	0.988	0	TRUE	3941	492	635	1	0.878	1.305	0.413	3941	753	167	1	0.988	1.319	0.494																												
SRP106605	17	31	0.371	0.65	0.359	1	FALSE	80	319	0.127	0.2	0.374	1	FALSE	17	21	0.81	0.9	0.993	0	TRUE	80	91	0.781	0.7	0.991	0	TRUE	17	11	0.647	0.8	0.927	1	TRUE	80	39	0.368	0.5	0.857		TRUE	12688	11426	551	0.194	2.056	4.069	0.618	12688	305	329	1	0.448	2.433	0.151																												
SRP107001	30	31	0.848	0.95	0.996	0	TRUE	507	528	0.868	0.85	0.988	0	TRUE	30	30	1	0.95	0.999	0	TRUE	507	504	0.975	0.95	1	0	TRUE	30	30	0.935	1	0.998	0	TRUE	507	494	0.94	0.95	0.999	0	TRUE	8	0	508			1.877		8	8	0	1	1.877		0.75																												
SRP107211	23	26	0.815	0.9	0.966	0	TRUE	287	322	0.725	0.6	0.925	0	FALSE	23	21	0.76	0.85	0.979	0	TRUE	287	259	0.808	0.8	0.966	0	TRUE	23	26	0.815	0.9	0.966	0	TRUE	287	322	0.725	0.6	0.925	0	FALSE	3	0	20			1.308		3	3	1	1	1.308		1																												
SRP107214	0	0		0.75	0.919	0		56	68	0.722	0.75	0.934	0	TRUE	0	3	0	0.6	0.672	0		56	52	0.521	0.35	0.802	0	FALSE	0	0		0.8	0.957	0		56	63	0.566	0.65	0.964	0	TRUE	352	1	142	1	1.095	0.456	1	352	322	1	0.581	0.434	0.93	0.068																												
SRP108079	21	21	1	0.95	0.995	0	TRUE	114	133	0.816	0.95	0.997	0	TRUE	21	23	0.833	0.8	0.973	0	TRUE	114	163	0.601	0.75	0.966	0	TRUE	21	22	0.955	1	0.995	0	TRUE	114	103	0.839	0.85	0.996	0	TRUE	526	85	20	1	0.55	0.858	0.176	526	233	5	1	0.653	0.99	0.262																												
SRP108489	17	24	0.708	0.9	0.949	0	TRUE	111	131	0.669	0.65	0.94	0	FALSE	17	21	0.727	0.8	0.933	0	FALSE	111	91	0.403	0.85	0.802	0	FALSE	17	24	0.708	0.9	0.949	0	TRUE	111	131	0.669	0.65	0.94	0	FALSE	11	0	796			2.753		11	10	0	1	2.725	4.33	1																												
SRP108495	6	5	0.833	0.95	0.983	0	TRUE	9	8	0.545	0.9	0.974	0	TRUE	6	7	0.857	1	0.988	0	TRUE	9	16	0.562	0.85	0.975	0	FALSE	6	7	0.857	0.9	0.991	0	TRUE	9	12	0.75	0.95	0.988	0	TRUE	4512	206	281	1	2.247	2.082	0.947	4512	1238	51	1	1.619	2.256	0.957																												
SRP108497	32	33	0.97	1	0.998	0	TRUE	182	171	0.929	1	0.996	0	TRUE	32	31	0.969	0.95	0.996	0	TRUE	182	157	0.832	0.95	0.996	0	TRUE	32	32	0.882	0.95	0.998	0	TRUE	182	167	0.876	0.95	0.992	0	TRUE	1491	47	51	1	2.099	1.126	0.553	1491	144	14	1	0.733	1.184	0.375																												
SRP108593	9	10	0.727	0.9	0.985	0	TRUE	43	49	0.704	0.8	0.96	0	TRUE	9	12	0.75	0.95	0.996	0	TRUE	43	60	0.689	0.85	0.985	0	TRUE	9	10	0.9	0.95	0.974	0	TRUE	43	57	0.724	0.85	0.979	0	FALSE	465	132	19	1	1.101	1.438	0.591	465	151	2	1	1.025	1.549	0.517	15	13	0.75	0.9	0.962	0	FALSE	49	71	0.579	0.9	0.94	0	TRUE	15	9	0.5	0.9	0.933	0	FALSE	49	43	0.438	0.7	0.909	0	TRUE
SRP108622	18	18	1	1	0.997	0	TRUE	82	83	0.897	0.95	0.997	0	TRUE	18	19	0.947	0.95	0.997	0	FALSE	82	82	0.802	0.95	0.994	0	TRUE	18	16	0.889	1	0.998	0	FALSE	82	82	0.885	1	0.997	0	TRUE	10424	180	209	1	0.37	0.477	0.122	10424	735	248	1	0.281	0.491	0.087																												
SRP108766	21	20	0.952	1	0.997	0	TRUE	68	65	0.873	0.95	0.993	0	FALSE	21	19	0.905	0.95	0.988	0	TRUE	68	62	0.711	0.8	0.97	0	FALSE	21	21	1	0.95	0.996	0	TRUE	68	69	0.877	1	0.993	0	FALSE	2154	81	156	1	0.443	0.449	0.136	2154	393	230	1	0.394	0.46	0.076																												
SRP109283	0	1	0	0.9	0.977	0		0	0		0.65	0.958	0		0	2	0	0.8	0.968	0		0	2	0	0.7	0.913	0		0	1	0	0.9	0.983	0		0	0		0.85	0.96	0		98	28	2	1	7.373	7.459	1	98	28	3	1	7.722	7.4	0.964	0	3	0	0.35	0.351	0		0	0		0.05	0.329	0		0	1	0	0.7	0.885	0		0	0		0.5	0.878	0	
SRP109807	23	24	0.88	0.9	0.954	0	TRUE	119	125	0.694	0.75	0.955	0	FALSE	23	22	0.957	0.85	0.98	0	TRUE	119	88	0.683	0.85	0.977	0	TRUE	23	22	0.957	0.9	0.993	0	TRUE	119	108	0.773	0.8	0.975	0	TRUE	1312	35	426	1	0.453	0.672	0.114	1312	219	76	1	0.523	0.7	0.237																												
SRP110495	11	12	0.769	0.85	0.984	0	FALSE	140	142	0.918	0.9	0.987	0	TRUE	11	7	0.636	0.9	0.973	0	TRUE	140	151	0.89	0.9	0.981	0	TRUE	11	10	0.909	0.9	0.992	0	TRUE	140	139	0.885	0.9	0.992	0	TRUE	4027	121	227	1	0.209	0.372	0.025	4027	613	135	0.998	0.26	0.388	0.021																												
SRP110981	23	23	1	0.95	0.98	0	TRUE	264	300	0.72	0.95	0.977	0	TRUE	23	23	0.917	1	0.997	0	TRUE	264	257	0.861	0.95	0.995	0	TRUE	23	15	0.652	0.95	0.987	0	TRUE	264	215	0.755	0.95	0.985	0	TRUE	12	2	0	1	1.099	2.301	0.5	12	3	0	1	1.008	2.353	0.667																												
SRP111204	17	13	0.765	0.85	0.993	0	TRUE	79	102	0.724	0.95	0.983	0	TRUE	17	16	0.737	0.85	0.992	0	TRUE	79	69	0.827	1	0.991	0	TRUE	17	15	0.778	0.9	0.99	0	TRUE	79	113	0.67	0.95	0.988	0	TRUE	6417	562	561	1	0.38	0.573	0.048	6417	964	92	1	0.376	0.59	0.047																												
SRP111291	21	21	1	0.95	0.986	0	TRUE	119	122	0.785	0.9	0.99	0	TRUE	21	21	0.68	0.8	0.905	0	FALSE	119	81	0.493	0.75	0.909	0	TRUE	21	23	0.833	0.95	0.991	0	TRUE	119	108	0.831	0.8	0.993	0	TRUE	8	0	2			0.555		8	5	0	1	0.48	0.814	0																												
SRP111520	29	29	0.933	1	0.998	0	TRUE	292	298	0.954	0.95	0.996	0	TRUE	29	29	1	1	0.999	0	TRUE	292	298	0.96	1	1	0	TRUE	29	29	1	1	0.999	0	TRUE	292	293	0.963	1	0.999	0	TRUE	8892	90	288	1	0.074	0.133	0	8892	44	41	1	0.151	0.132	0	29	27	0.867	1	0.984	1	TRUE	292	275	0.884	0.85	0.991	1	TRUE	29	27	0.867	0.95	0.998	0	TRUE	292	276	0.887	0.95	0.996	0	TRUE
SRP111981	2	3	0.25	0.7	0.747	0	FALSE	20	28	0.6	0.8	0.861	0	TRUE	2	11	0.083	0.45	0.39	0	FALSE	20	219	0.081	0.4	0.586	0	FALSE	2	2	1	0.95	0.953	0	FALSE	20	24	0.833	0.95	0.994	0	FALSE	3	0	74			1.612		3	0	0			1.612																													
SRP113541	4	6	0.667	0.9	0.979	0	TRUE	65	92	0.602	0.9	0.978	0	FALSE	4	5	0.8	0.85	0.951	0	TRUE	65	78	0.554	0.65	0.942	0	TRUE	4	6	0.667	0.85	0.942	0	TRUE	65	53	0.735	0.7	0.966	0	TRUE	336	144	8	1	0.935	1.619	0.472	336	96	39	1	0.937	1.436	0.469																												
SRP113605	37	38	0.974	0.95	0.998	0	TRUE	297	304	0.932	0.95	0.996	0	FALSE	37	37	1	1	1	0	TRUE	297	297	0.967	1	1	0	TRUE	37	37	1	1	1	0	TRUE	297	302	0.958	0.9	1	0	TRUE	6376	22	482	0.909	0.595	0.462	0.318	6376	99	9	1	0.325	0.466	0.03																												
SRP113655	8	4	0.5	0.55	0.788	0	FALSE	45	13	0.234	0.5	0.781	0	FALSE	8	9	0.889	0.9	0.993	0	FALSE	45	47	0.917	0.9	0.988	0	TRUE	8	10	0.636	0.85	0.958	0	FALSE	45	49	0.741	0.8	0.949	0	TRUE	153	8	630	1	3.46	1.693	1	153	80	0	1	1.586	1.942	0.738																												
SRP113777	28	27	0.897	1	0.982	0	TRUE	306	299	0.933	0.9	0.995	0	TRUE	28	27	0.964	0.95	0.993	0	TRUE	306	308	0.949	1	0.998	0	TRUE	28	27	0.964	1	0.989	0	TRUE	306	312	0.937	1	0.994	1	TRUE	5144	104	135	1	0.231	0.32	0.115	5144	108	107	1	0.257	0.319	0.12																												
SRP114759	26	27	0.963	0.95	0.993	0	TRUE	227	230	0.888	0.95	0.992	0	TRUE	26	26	1	0.95	0.999	0	TRUE	227	236	0.905	1	0.999	0	TRUE	26	26	1	0.95	0.995	0	TRUE	227	220	0.918	1	0.995	0	TRUE	92	5	15	1	0.717	0.99	0	92	18	0	1	0.795	1.015	0.278																												
SRP114953	3	8	0.375	0.85	0.958	0	FALSE	85	73	0.663	0.8	0.979	0	FALSE	3	3	1	0.95	0.982	0	TRUE	85	63	0.591	0.8	0.982	0	FALSE	3	7	0.429	0.9	0.954	0	TRUE	85	76	0.66	0.75	0.962	0	FALSE	2073	423	223	0.998	1.576	2.34	0.986	2073	389	43	1	2.043	2.225	0.987	3	13	0.231	0.8	0.943	0	FALSE	85	153	0.526	0.6	0.962	0	FALSE	3	6	0.286	0.85	0.904	0	FALSE	85	60	0.343	0.45	0.844	2	FALSE
SRP114994	17	17	1	0.95	0.994	0	FALSE	170	162	0.876	0.95	0.996	0	TRUE	17	18	0.944	0.95	0.978	0	FALSE	170	144	0.794	0.95	0.991	0	TRUE	17	17	1	0.95	0.997	0	FALSE	170	162	0.844	0.95	0.998	0	TRUE	1955	29	366	1	1.415	0.713	0.897	1955	332	38	1	0.741	0.719	0.343																												
SRP115189	1	1	1	0.95	0.993	0	TRUE	3	2	0.667	0.9	0.992	0	FALSE	1	1	1	0.95	0.999	0	TRUE	3	3	1	0.9	0.996	0	TRUE	1	2	0.5	1	0.997	0	TRUE	3	3	1	1	0.995	0	FALSE	34	0	4			1.402		34	1	1	1	4.089	1.395	1																												
SRP115474	35	35	1	0.9	0.988	0	TRUE	238	265	0.829	0.8	0.986	0	FALSE	35	37	0.946	0.95	0.994	0	TRUE	238	269	0.817	0.9	0.986	0	TRUE	35	34	0.971	0.95	0.994	0	TRUE	238	269	0.857	0.85	0.992	0	FALSE	9010	901	375	0.993	0.523	0.903	0.162	9010	985	348	0.983	0.53	0.912	0.132																												
SRP115833	0	1	0	0.65	0.828	0		4	0	0	0.3	0.811	0	FALSE	0	0		0.85	0.87	0		4	7	0.571	0.5	0.876	0	FALSE	0	1	0	0.7	0.782	0		4	14	0.125	0.5	0.799	0	FALSE	1	1	0	1	2.411		1	1	1	0	1	2.411		1																												
SRP115984	23	25	0.92	0.95	0.987	0	TRUE	264	276	0.895	1	0.988	0	TRUE	23	23	0.917	1	0.983	0	TRUE	264	282	0.863	0.95	0.989	0	TRUE	23	23	0.917	1	0.983	0	TRUE	264	282	0.863	0.95	0.989	0	TRUE	2	1	0	1	1.394	4.115	1	2	0	0			2.755																													
SRP116137	19	19	0.9	1	0.987	0	TRUE	287	296	0.893	0.95	0.995	0	TRUE	19	18	0.947	0.95	0.998	0	TRUE	287	280	0.929	0.95	0.995	0	TRUE	19	19	1	1	0.996	0	TRUE	287	287	0.907	0.95	0.996	0	TRUE	55	0	16			0.512		55	15	0	1	0.55	0.502	0.067																												
SRP116375	8	0	0	0.6	0.745	1	FALSE	33	33	0.5	0.85	0.791	1	TRUE	8	5	0.625	0.85	0.962	0	FALSE	33	26	0.735	0.8	0.87		TRUE	8	11	0.267	0.75	0.891	0	TRUE	33	37	0.556	0.5	0.81	0	FALSE	2	0	0			3.453		2	0	0			3.453																													
SRP116558	27	30	0.781	0.85	0.918	1	TRUE	229	256	0.667	0.5	0.924	1	TRUE	27	26	0.963	0.95	0.981	1	TRUE	229	224	0.919	0.95	0.99	0	TRUE	27	30	0.781	0.85	0.918	1	TRUE	229	256	0.667	0.5	0.924	1	TRUE	3860	723	674	1	0.564	0.872	0.272	3860	206	146	1	0.48	0.831	0.267																												
SRP117060	17	15	0.455	0.6	0.575	3	FALSE	28	17	0.216	0.35	0.431	10	TRUE	17	12	0.706	0.8	0.93	0	FALSE	28	8	0.241	0.45	0.869	0	TRUE	17	13	0.5	0.7	0.776	0	FALSE	28	243	0.111	0.45	0.759	0	FALSE	3	0	0			2.369		3	0	0			2.369																													
SRP117567	5	16	0	0.3	-0.091	1	FALSE	42	112	0.141	0.6	0.27	18	FALSE	5	2	0.167	0.8	0.947	0	FALSE	42	45	0.891	0.95	0.975	0	FALSE	5	15	0.333	0.6	0.488	0	FALSE	42	167	0.244	0.95	0.699	0	FALSE	1949	981	1473	0.621	1.035	2.443	0.516	1949	125	212	1	0.837	1.648	0.368																												
SRP117580	10	12	0.833	0.95	0.926	0	TRUE	54	30	0.424	0.65	0.937	0	FALSE	10	12	0.833	0.9	0.981	0	TRUE	54	98	0.551	0.8	0.985	0	TRUE	10	7	0.7	0.9	0.958	0	FALSE	54	45	0.597	0.7	0.947	0	TRUE	4715	759	720	0.957	0.975	1.445	0.49	4715	312	194	1	1.526	1.371	0.66																												
SRP117757	27	27	1	0.9	0.996	0	TRUE	137	145	0.868	0.95	0.995	0	TRUE	27	26	0.963	0.9	0.991	0	TRUE	137	121	0.817	0.8	0.995	0	TRUE	27	28	0.964	0.85	0.987	0	TRUE	137	145	0.796	0.95	0.992	0	TRUE	38	6	9	1	0.515	0.55	0	38	23	0	1	0.486	0.57	0.13																												
SRP117955	14	8	0.467	0.85	0.916	0	FALSE	100	93	0.636	0.65	0.964	0	TRUE	14	14	0.75	0.9	0.977	0	TRUE	100	133	0.676	0.75	0.978	0	FALSE	14	11	0.786	0.95	0.996	0	TRUE	100	107	0.832	0.8	0.988	0	TRUE	387	49	54	1	0.303	0.329	0	387	84	19	1	0.304	0.334	0																												
SRP118141	29	23	0.529	0.7	0.863	1	TRUE	351	420	0.623	0.65	0.871	3	FALSE	29	30	0.903	0.95	0.984	0	TRUE	351	357	0.888	0.9	0.987	0	FALSE	29	26	0.897	0.85	0.967	0	FALSE	351	305	0.807	0.85	0.972	1	TRUE	2096	275	6668	0.971	0.656	0.802	0.284	2096	1018	6	1	0.637	0.978	0.239	29	31	0.667	0.75	0.845	3	TRUE	351	355	0.705	0.65	0.904	2	FALSE	29	22	0.545	0.7	0.861	1	TRUE	351	410	0.623	0.6	0.87	3	FALSE
SRP118346	13	15	0.867	0.95	0.997	0	TRUE	134	129	0.865	0.95	0.997	0	TRUE	13	14	0.8	0.9	0.992	0	FALSE	134	109	0.723	0.8	0.99	0	TRUE	13	12	0.923	0.95	0.999	0	TRUE	134	144	0.878	0.95	0.999	0	TRUE	908	72	35	1	0.396	0.523	0.014	908	252	11	1	0.395	0.553	0.02																												
SRP118401	32	32	1	0.95	0.998	0	TRUE	328	333	0.95	0.95	0.999	0	TRUE	32	30	0.938	0.95	0.997	0	TRUE	328	309	0.924	1	0.998	0	TRUE	32	32	1	1	0.999	0	TRUE	328	330	0.964	0.95	1	0	TRUE	6816	86	227	1	0.321	0.483	0.105	6816	701	76	1	0.326	0.502	0.08																												
SRP118915	13	10	0.769	0.9	0.983	0	TRUE	56	46	0.645	1	0.978	0	TRUE	13	8	0.5	0.9	0.969	0	TRUE	56	41	0.672	0.95	0.945	0	TRUE	13	11	0.846	0.85	0.993	0	TRUE	56	55	0.762	1	0.983	0	TRUE	3276	907	111	1	0.618	0.944	0.279	3276	2309	15	0.797	0.694	1.282	0.32																												
SRP119123	15	12	0.8	0.7	0.974	0	TRUE	101	152	0.601	0.6	0.937	0	TRUE	15	16	0.722	0.9	0.986	0	TRUE	101	100	0.844	0.85	0.969	0	TRUE	15	16	0.938	0.95	0.984	0	TRUE	101	59	0.538	0.8	0.955	1	TRUE	26	18	0	1	5.024	5.818	1	26	0	192			5.331		15	8	0.353	0.65	0.855	0	TRUE	101	40	0.318	0.65	0.847	0	TRUE	15	11	0.733	0.75	0.98	0	TRUE	101	80	0.661	0.65	0.947	0	TRUE
SRP119667	30	31	0.968	0.95	0.996	0	FALSE	473	487	0.905	0.85	0.992	0	TRUE	30	30	0.875	1	0.981	0	TRUE	473	513	0.878	0.95	0.989	0	TRUE	30	25	0.833	0.9	0.992	0	TRUE	473	435	0.853	0.85	0.986	0	TRUE	7049	1113	338	1	0.998	1.477	0.499	7049	1126	396	1	0.987	1.489	0.495																												
SRP119675	22	20	0.909	1	0.978	0	FALSE	121	114	0.865	0.9	0.985	0	TRUE	22	19	0.864	0.95	0.972	0	TRUE	121	152	0.615	0.75	0.959	0	TRUE	22	21	0.955	0.95	0.983	0	TRUE	121	95	0.756	0.9	0.983	0	TRUE	132	3	37	1	0.162	1.03	0	132	7	38	1	0.767	1.03	0.286																												
SRP119934	27	20	0.621	0.9	0.946	0	TRUE	130	53	0.376	0.65	0.938	0	TRUE	27	16	0.536	0.85	0.917	0	TRUE	130	36	0.267	0.6	0.88	1	TRUE	27	26	0.963	0.95	0.992	0	TRUE	130	148	0.817	0.75	0.994	0	TRUE	1	0	21			2.041		1	0	0			2.041																													
SRP121631	10	10	1	0.9	0.977	0	TRUE	97	98	0.857	1	0.971	0	FALSE	10	10	1	1	0.998	0	TRUE	97	102	0.895	1	0.998	0	FALSE	10	10	1	1	0.994	0	TRUE	97	93	0.9	1	0.999	0	FALSE	3857	9	957	1	1.784	0.774	0.889	3857	102	72	1	0.45	0.781	0.255																												
SRP123512	22	24	0.84	0.8	0.948	0	FALSE	148	152	0.775	0.7	0.963	0	TRUE	22	18	0.667	0.8	0.925	0	FALSE	148	62	0.373	0.35	0.878	1	FALSE	22	23	0.875	0.95	0.961	0	FALSE	148	147	0.867	0.9	0.987	0	TRUE	37	0	208			0.712		37	28	1	1	0.683	0.759	0.25																												
SRP123761	14	15	0.526	0.6	0.794	0	FALSE	75	37	0.204	0.1	0.728	0	FALSE	14	14	0.867	0.95	0.994	0	TRUE	75	90	0.833	0.9	0.989	0	TRUE	14	15	0.706	0.8	0.914	0	TRUE	75	84	0.432	0.5	0.896	0	TRUE	27	0	102			1.026		27	19	0	1	1.13	0.972	0.526																												
SRP125082	17	17	1	0.95	0.991	0	TRUE	191	175	0.848	0.85	0.991	0	FALSE	17	17	1	0.95	0.995	0	TRUE	191	220	0.851	0.85	0.995	0	TRUE	17	20	0.85	1	0.995	0	TRUE	191	203	0.85	0.9	0.994	0	TRUE	446	73	6	1	1.069	2.05	0.534	446	33	19	1	1.069	1.964	0.545																												
SRP125225	13	11	0.6	0.8	0.932	0	TRUE	191	95	0.474	0.75	0.962	0	FALSE	13	11	0.846	0.9	0.95	0	TRUE	191	207	0.658	0.75	0.959	0	TRUE	13	12	0.923	0.95	0.987	0	FALSE	191	191	0.891	0.85	0.994	0	TRUE	32	0	10			0.454		32	18	1	1	0.369	0.527	0																												
SRP125336	25	26	0.962	0.95	0.997	0	TRUE	247	213	0.811	0.9	0.99	0	TRUE	25	26	0.821	0.85	0.992	0	TRUE	247	192	0.596	0.7	0.941	0	FALSE	25	25	1	0.95	0.997	0	TRUE	247	246	0.867	0.95	0.995	0	TRUE	2021	231	36	1	0.244	0.362	0.048	2021	734	96	0.939	0.28	0.388	0.054																												
SRP125353	0	0		0.8	0.925	0		0	0		0.8	0.94	0		0	0		0.85	0.936	0		0	0		0.6	0.936	0		0	0		0.95	0.939	0		0	1	0	0.5	0.941	0		3123	3101	0	1	2.67	6.103	0.989	3123	3077	1	1	2.659	4.88	0.989																												
SRP125665	13	19	0.684	0.85	0.931	0	TRUE	79	98	0.566	0.8	0.964	0	TRUE	13	11	0.846	0.9	0.976	0	TRUE	79	51	0.605	0.85	0.979	0	TRUE	13	19	0.684	0.9	0.932	0	TRUE	79	163	0.44	0.9	0.97	0	TRUE	5993	1667	101	0.888	0.365	0.569	0.121	5993	213	623	1	0.38	0.514	0.16	13	22	0.591	0.85	0.928	0	TRUE	79	103	0.569	0.8	0.958	0	TRUE	13	19	0.684	0.85	0.932	0	TRUE	79	107	0.563	0.8	0.963	0	TRUE
SRP125705	23	15	0.652	0.85	0.941	0	TRUE	279	141	0.479	0.55	0.929	0	FALSE	23	23	1	0.95	0.998	0	TRUE	279	287	0.906	0.95	0.998	0	TRUE	23	21	0.913	1	0.993	0	TRUE	279	235	0.823	0.85	0.992	0	TRUE	14950	5864	374	0.548	1.64	2.663	0.727	14950	100	162	1	1.284	2.138	0.75																												
SRP125804	15	18	0.737	0.95	0.973	0	FALSE	56	65	0.729	0.85	0.91	0	FALSE	15	18	0.737	0.95	0.973	0	FALSE	56	65	0.729	0.85	0.91	0	FALSE	15	16	0.722	0.85	0.956	0	TRUE	56	54	0.833	0.9	0.954	0	TRUE	1537	417	192	1	0.499	0.715	0.161	1537	417	192	1	0.499	0.715	0.161																												
SRP126161	34	34	0.943	1	0.995	0	TRUE	232	210	0.849	0.85	0.995	0	TRUE	34	32	0.941	1	0.993	0	TRUE	232	210	0.842	0.9	0.995	0	TRUE	34	33	0.971	1	0.996	0	TRUE	232	244	0.852	0.9	0.997	0	TRUE	3316	381	70	1	0.49	0.828	0.312	3316	416	54	1	0.446	0.836	0.296																												
SRP126245	8	12	0.429	0.55	0.794		TRUE	144	360	0.323	0.45	0.811		FALSE	8	9	0.889	0.95	0.935	0	TRUE	144	119	0.777	0.8	0.989	0	TRUE	8	7	0.5	0.6	0.698		TRUE	144	288	0.35	0.55	0.867		TRUE	876	578	228	0.742	3.767	3.58	0.998	876	158	18	1	3.022	3.852	0.994																												
SRP126416	8	8	1	0.8	0.952	0	TRUE	233	232	0.816	0.9	0.976	0	TRUE	8	8	0.778	0.8	0.961	0	TRUE	233	242	0.87	1	0.986	0	TRUE	8	8	1	0.8	0.952	0	TRUE	233	232	0.816	0.9	0.976	0	TRUE	31	31	0	1	4.412		1	31	31	0	1	4.412		1																												
SRP126545	7	9	0.778	0.95	0.985	0	FALSE	26	33	0.639	0.85	0.97	0	TRUE	7	6	0.625	0.9	0.936	0	TRUE	26	23	0.633	0.8	0.946	0	TRUE	7	9	0.778	0.85	0.951	0	FALSE	26	30	0.806	0.85	0.98	0	TRUE	385	108	39	1	0.795	0.504	0.481	385	0	902			0.571		7	10	0.545	0.85	0.974	0	TRUE	26	23	0.485	0.7	0.954	0	TRUE	7	6	0.625	0.95	0.922	0	FALSE	26	27	0.606	0.7	0.927	0	TRUE
SRP126565	19	17	0.895	0.95	0.997	0	TRUE	210	214	0.868	0.9	0.994	0	TRUE	19	16	0.842	0.95	0.991	0	TRUE	210	214	0.927	0.75	0.995	0	TRUE	19	19	0.9	0.95	0.996	0	TRUE	210	208	0.926	0.9	0.997	0	TRUE	6827	205	250	1	0.707	1.186	0.41	6827	1047	64	0.926	0.688	1.269	0.354																												
SRP126673	6	3	0.286	0.65	0.737	0	FALSE	10	4	0.273	0.6	0.811	0	FALSE	6	6	0.5	0.9	0.958	0	FALSE	10	5	0.5	0.75	0.94	0	TRUE	6	4	0.429	0.8	0.869	0	FALSE	10	5	0.25	0.5	0.745	0	FALSE	9	9	0	1	8.763		1	9	5	0	1	8.763	8.388	1																												
SRP126777	30	28	0.933	1	0.994	0	TRUE	346	309	0.85	0.85	0.992	0	TRUE	30	29	0.967	1	0.985	0	TRUE	346	362	0.829	0.85	0.984	0	FALSE	30	28	0.933	1	0.994	0	TRUE	346	309	0.85	0.85	0.992	0	TRUE	1500	842	22	1	0.824	1.413	0.388	1500	54	663	1	1.034	1.018	0.537																												
SRP127005	24	24	0.92	0.95	0.998	0	TRUE	136	132	0.928	0.95	0.992	0	TRUE	24	22	0.917	0.9	0.997	0	TRUE	136	134	0.942	0.95	0.994	0	TRUE	24	26	0.923	0.9	0.994	0	TRUE	136	143	0.924	0.9	0.997	0	TRUE	5257	197	140	1	0.195	0.358	0.041	5257	173	208	1	0.215	0.358	0.006																												
SRP127264	15	15	0.875	0.9	0.99	0	FALSE	277	257	0.823	0.95	0.987	0	TRUE	15	14	0.933	0.9	0.979	0	FALSE	277	293	0.887	0.9	0.991	0	TRUE	15	14	0.933	0.95	0.979	0	TRUE	277	253	0.84	0.95	0.986	0	TRUE	32	2	1	1	0.822	2.15	0	32	5	1	1	1.54	2.195	0.8																												
SRP127681	22	15	0.682	1	0.994	0	TRUE	115	90	0.767	0.85	0.981	0	TRUE	22	15	0.682	0.95	0.993	0	TRUE	115	109	0.882	0.95	0.989	0	TRUE	22	21	0.955	1	0.997	0	TRUE	115	86	0.733	0.95	0.986	0	TRUE	361	57	35	1	1.489	2.14	0.807	361	167	2	1	1.689	2.465	0.862																												
SRP128068	0	0		0.75	0.942	0		0	0		0.55	0.951	0		0	0		0.75	0.937	0		0	0		0.7	0.956	0		0	0		0.75	0.922	0		0	0		0.65	0.917	0		60	19	1	1	1.033	1.565	0.526	60	19	3	1	1.033	1.607	0.526																												
SRP128271	0	4	0	0.95	0.989	0		4	6	0.667	0.95	0.98	0	TRUE	0	5	0	0.9	0.92	0		4	20	0.143	0.65	0.942	0	TRUE	0	2	0	1	0.973	0		4	5	0.8	0.9	0.987	0	TRUE	16	0	2			1.123		16	0	6			1.123																													
SRP128899	33	33	0.886	1	0.993	0	TRUE	148	143	0.83	1	0.989	0	TRUE	33	31	0.939	1	0.991	0	TRUE	148	126	0.827	1	0.992	0	TRUE	33	32	0.97	0.95	0.994	0	TRUE	148	144	0.872	1	0.992	0	TRUE	3481	274	93	1	0.642	0.682	0.263	3481	376	48	1	0.654	0.682	0.269																												
SRP129035	20	20	0.6	0.75	0.952	0	FALSE	208	264	0.484	0.45	0.874	12	FALSE	20	24	0.76	0.9	0.968	0	TRUE	208	134	0.591	0.95	0.967	0	FALSE	20	4	0.2	0.75	0.854	1	FALSE	208	4	0.019	0.2	0.716		FALSE	2672	2274	55	0.693	0.369	0.491	0.349	2672	521	323	0.992	0.302	0.397	0.353																												
SRP131055	6	11	0.545	0.85	0.895	0	TRUE	282	250	0.694	0.85	0.934	0	TRUE	6	19	0.316	0.9	0.936	0	TRUE	282	277	0.664	0.65	0.923	0	FALSE	6	12	0.5	0.95	0.978	0	TRUE	282	296	0.865	0.85	0.981	0	FALSE	69	11	5	1	0.619	0.677	0.091	69	24	0	1	0.612	0.682	0.042																												
SRP131336	5	6	0.833	0.9	0.993	0	TRUE	27	20	0.741	0.9	0.993	0	TRUE	5	6	0.833	0.85	0.99	0	TRUE	27	30	0.676	0.8	0.992	0	FALSE	5	5	1	0.95	0.992	0	TRUE	27	30	0.839	0.85	0.995	0	TRUE	6	0	1			0.745		6	0	1			0.745																													
SRP131795	24	25	0.885	0.9	0.974	0	TRUE	380	351	0.745	0.8	0.958	0	TRUE	24	22	0.917	0.95	0.988	0	TRUE	380	335	0.801	0.7	0.988	0	TRUE	24	23	0.88	0.95	0.957	0	TRUE	380	337	0.788	0.9	0.972	0	TRUE	839	700	11	1	2.05	2.289	0.981	839	74	246	1	2.716	2.051	0.946																												
SRP131850	25	21	0.84	0.9	0.994	0	TRUE	78	110	0.664	0.85	0.993	0	TRUE	25	22	0.88	0.95	0.983	0	TRUE	78	168	0.447	0.7	0.975	0	TRUE	25	23	0.92	0.95	0.995	0	TRUE	78	73	0.606	0.85	0.987	0	TRUE	1405	138	80	1	0.295	0.418	0.072	1405	237	64	1	0.33	0.428	0.084																												
SRP131855	22	23	0.957	0.95	0.989	0	TRUE	345	311	0.853	0.9	0.99	0	TRUE	22	23	0.957	1	0.997	0	TRUE	345	364	0.927	0.9	0.998	0	TRUE	22	22	1	1	0.996	0	TRUE	345	330	0.907	0.95	0.997	0	TRUE	7312	54	1399	1	0.447	1.013	0.074	7312	139	7	1	0.565	1.015	0.273																												
SRP131877	13	10	0.643	0.7	0.887	0	TRUE	238	227	0.722	0.65	0.943	0	TRUE	13	11	0.846	0.95	0.996	0	TRUE	238	226	0.933	0.95	0.998	0	TRUE	13	14	0.688	0.8	0.918	0	TRUE	238	283	0.737	0.85	0.958	0	TRUE	2	2	0	1	0.413		0	2	1	0	1	0.313	0.513	0																												
SRP132283	22	24	0.84	0.95	0.987	0	TRUE	69	63	0.784	0.9	0.974	0	TRUE	22	22	0.913	0.95	0.991	0	TRUE	69	67	0.863	0.95	0.98	0	TRUE	22	21	0.955	0.9	0.991	0	TRUE	69	67	0.863	0.95	0.978	0	TRUE	2130	367	197	1	2.651	2.884	0.785	2130	448	52	1	2.463	2.949	0.761																												
SRP132471	25	26	0.962	0.95	0.995	0	TRUE	101	112	0.821	0.95	0.993	0	TRUE	25	24	0.96	0.85	0.978	0	TRUE	101	138	0.604	0.85	0.909	0	TRUE	25	26	0.821	0.9	0.995	0	TRUE	101	114	0.838	0.9	0.983	0	TRUE	20	2	2	1	3.074	1.71	1	20	9	1	1	1.75	1.711	0.889																												
SRP132851	27	25	0.926	0.95	0.962	0	TRUE	401	425	0.788	0.85	0.954	0	TRUE	27	27	0.929	0.95	0.989	0	TRUE	401	368	0.853	0.95	0.988	0	TRUE	27	28	0.964	0.95	0.993	0	TRUE	401	400	0.889	0.95	0.99	0	TRUE	1127	648	11	0.869	0.811	1.768	0.412	1127	821	0	0.773	0.937	2.086	0.469																												
SRP132854	4	4	0.6	0.85	0.952	0	FALSE	30	32	0.879	0.8	0.959	0	FALSE	4	12	0.333	0.65	0.926	0	TRUE	30	28	0.318	0.4	0.901	0	FALSE	4	13	0.308	0.85	0.965	0	FALSE	30	42	0.674	0.65	0.954	0	FALSE	372	49	12	1	1.578	2.057	0.735	372	0	652			2.023																													
SRP132873	3	4	0.75	0.65	0.753	0	TRUE	8	0	0	0.4	0.814	0	FALSE	3	3	1	0.95	0.99	0	TRUE	8	5	0.625	0.75	0.987	0	TRUE	3	11	0.273	0.55	0.7	0	FALSE	8	135	0.051	0.25	0.74	0	FALSE	7713	3162	1912	0.79	1.023	3.77	0.503	7713	883	125	1	0.836	3.181	0.459																												
SRP132932	9	11	0.818	0.95	0.995	0	TRUE	12	7	0.583	0.9	0.994	0	TRUE	9	21	0.364	0.8	0.913	0	FALSE	12	146	0.082	0.55	0.878	0	TRUE	9	11	0.818	0.95	0.995	0	TRUE	12	8	0.667	0.85	0.99	0	TRUE	1343	657	9	1	0.501	0.68	0.116	1343	5	2972	1	3.648	0.581	1																												
SRP132997	15	15	1	0.95	0.993	0	TRUE	123	102	0.772	0.9	0.987	0	TRUE	15	13	0.867	0.9	0.976	0	TRUE	123	92	0.706	0.95	0.976	0	TRUE	15	15	1	0.95	0.997	0	TRUE	123	132	0.903	0.95	0.997	0	TRUE	1	0	0			5.605		1	0	0			5.605																													
SRP133024	14	18	0.684	0.95	0.97	0	TRUE	333	351	0.874	0.95	0.979	0	TRUE	14	16	0.875	0.95	0.998	0	TRUE	333	331	0.982	0.95	0.999	0	TRUE	14	13	0.929	0.8	0.983	0	TRUE	333	282	0.814	0.85	0.976	0	TRUE	801	149	237	1	0.357	0.564	0.081	801	298	2	1	0.4	0.576	0.101																												
SRP133169	3	2	0.667	1	0.982	0	FALSE	13	14	0.929	0.8	0.983	0	TRUE	3	3	1	1	0.991	0	TRUE	13	16	0.812	0.9	0.988	0	TRUE	3	3	1	1	0.992	0	TRUE	13	14	0.929	0.95	0.99	0	TRUE	6651	904	153	1	0.482	0.791	0.226	6651	806	37	1	0.474	0.784	0.23																												
SRP133375	28	28	1	0.95	0.998	0	TRUE	409	437	0.918	1	0.998	0	TRUE	28	28	1	0.9	0.997	0	TRUE	409	409	0.934	0.95	0.998	0	TRUE	28	28	1	0.9	0.998	0	TRUE	409	414	0.941	1	0.998	0	TRUE	6900	816	120	1	1.369	0.66	0.667	6900	395	141	1	0.813	0.707	0.453	28	30	0.871	0.85	0.984	0	TRUE	409	422	0.872	0.9	0.985	0	FALSE	28	30	0.933	0.95	0.993	0	TRUE	409	418	0.88	0.95	0.993	0	FALSE
SRP133512	1	0	0	0.75	0.949	0	FALSE	12	5	0.308	0.7	0.936	0	FALSE	1	0	0	0.85	0.965	0	TRUE	12	3	0.25	0.9	0.958	0	FALSE	1	1	0	0.85	0.963	0	FALSE	12	11	0.643	0.8	0.951	0	FALSE	31	10	5	1	2.442	1.887	0.9	31	18	0	1	1.847	2.225	0.889																												
SRP133781	20	23	0.792	0.9	0.959	0	TRUE	122	143	0.732	0.9	0.974	0	TRUE	20	23	0.792	0.95	0.988	0	TRUE	122	139	0.74	0.85	0.985	0	TRUE	20	18	0.9	0.95	0.989	0	TRUE	122	133	0.821	0.8	0.985	0	TRUE	1500	428	185	1	0.584	0.923	0.175	1500	603	52	1	0.607	0.975	0.201																												
SRP134051	26	25	0.962	0.95	0.996	0	TRUE	68	69	0.803	0.9	0.994	0	TRUE	26	27	0.71	0.8	0.836	2	FALSE	68	203	0.278	0.45	0.802	3	TRUE	26	26	1	0.95	0.993	0	TRUE	68	105	0.648	0.85	0.996	0	TRUE	685	9	89	1	1.696	1.301	0.667	685	475	13	0.596	1.055	1.832	0.533																												
SRP134375	32	31	0.969	0.9	0.985	0	TRUE	327	327	0.869	0.8	0.983	0	FALSE	32	33	0.97	0.95	0.987	0	TRUE	327	350	0.835	0.7	0.978	0	TRUE	32	34	0.886	0.95	0.993	0	TRUE	327	326	0.887	0.85	0.993	0	TRUE	269	59	34	1	0.855	1.09	0.407	269	15	159	1	4.12	1.068	0.733																												
SRP136494	17	17	1	0.95	0.994	0	TRUE	50	67	0.746	0.8	0.993	0	FALSE	17	22	0.773	1	0.99	0	TRUE	50	68	0.735	0.95	0.99	0	FALSE	17	18	0.944	0.95	0.996	0	TRUE	50	61	0.82	0.85	0.992	0	TRUE	1	1	0	1	4.804		1	1	1	0	1	4.804		1																												
SRP136714	21	22	0.87	1	0.985	0	TRUE	173	144	0.832	0.85	0.991	0	TRUE	21	21	0.909	0.95	0.997	0	TRUE	173	164	0.937	0.9	0.997	0	TRUE	21	23	0.833	0.95	0.995	0	TRUE	173	153	0.863	0.95	0.997	0	TRUE	6964	170	262	0.994	1.193	0.721	0.559	6964	205	104	1	0.944	0.725	0.473																												
SRP136814	25	25	0.667	0.8	0.946	0	TRUE	256	220	0.636	0.9	0.913	0	TRUE	25	29	0.862	1	0.989	0	TRUE	256	272	0.808	0.95	0.975	0	TRUE	25	25	0.667	0.8	0.946	0	TRUE	256	220	0.636	0.9	0.913	0	TRUE	2355	1931	21	0.672	0.621	1.466	0.281	2355	35	856	1	0.751	0.732	0.314																												
SRP139542	29	31	0.935	0.95	0.994	0	TRUE	166	164	0.864	1	0.991	0	TRUE	29	29	0.933	0.95	0.999	0	TRUE	166	174	0.868	1	0.996	0	TRUE	29	32	0.906	0.9	0.991	0	TRUE	166	170	0.816	1	0.987	0	TRUE	2855	288	117	1	0.801	0.955	0.413	2855	211	99	1	0.891	0.951	0.455																												
SRP139918	33	32	0.97	0.95	0.996	0	TRUE	227	243	0.85	0.9	0.991	0	TRUE	33	33	1	1	0.999	0	TRUE	227	225	0.94	1	1	0	TRUE	33	30	0.909	0.95	0.998	0	TRUE	227	229	0.924	1	0.998	0	TRUE	7677	31	1372	0.968	1.642	0.915	0.839	7677	185	31	1	0.556	0.926	0.249	33	33	0.833	0.9	0.972	0	FALSE	227	262	0.635	0.75	0.929	0	TRUE	33	32	0.912	0.9	0.994	0	TRUE	227	235	0.863	0.95	0.987	0	TRUE
SRP140499	30	29	0.967	0.9	0.988	0	TRUE	149	146	0.832	0.95	0.987	0	TRUE	30	31	0.968	0.95	0.999	0	TRUE	149	145	0.885	0.95	0.997	0	TRUE	30	31	0.968	0.95	0.998	0	TRUE	149	148	0.868	0.9	0.993	0	TRUE	4754	16	739	1	1.67	0.97	0.75	4754	512	20	1	0.615	1.028	0.188																												
SRP141266	11	8	0.583	0.8	0.913	0	FALSE	164	141	0.605	0.55	0.923	0	TRUE	11	9	0.667	0.8	0.93	0	FALSE	164	178	0.754	0.85	0.972	0	TRUE	11	12	0.917	0.95	0.995	0	TRUE	164	166	0.875	0.95	0.992	0	TRUE	507	1	1012	1	3.223	0.713	1	507	82	26	1	0.543	0.754	0.146																												
SRP144088	38	38	0.949	0.95	0.977	0	FALSE	393	332	0.698	0.7	0.962	0	TRUE	38	37	0.923	0.95	0.971	0	FALSE	393	351	0.738	0.85	0.958	0	FALSE	38	39	0.925	0.95	0.98	0	FALSE	393	306	0.684	0.75	0.967	0	FALSE	437	238	53	0.941	0.587	0.785	0.231	437	239	51	0.912	0.517	0.926	0.167																												
SRP144211	36	34	0.892	1	0.985	0	TRUE	302	274	0.767	0.85	0.974	0	TRUE	36	36	0.895	1	0.987	0	TRUE	302	291	0.808	0.7	0.974	0	TRUE	36	36	0.895	0.9	0.983	0	TRUE	302	250	0.736	0.7	0.956	0	TRUE	20	3	2	1	0.743	0.699	0.333	20	2	6	1	1.082	0.672	0.5	36	36	0.946	0.9	0.977	0	TRUE	302	272	0.745	0.8	0.974	0	TRUE	36	34	0.892	0.95	0.98	0	TRUE	302	293	0.755	0.9	0.972	0	TRUE
SRP145067	35	35	0.944	0.95	0.997	0	TRUE	412	424	0.935	0.95	0.998	0	TRUE	35	35	1	1	0.999	0	TRUE	412	425	0.942	0.95	0.998	0	TRUE	35	35	1	0.95	0.999	0	TRUE	412	417	0.969	0.95	0.999	0	TRUE	9063	101	396	0.99	1.22	0.824	0.594	9063	311	254	1	0.583	0.834	0.341																												
SRP145604	24	24	0.846	0.85	0.989	0	TRUE	215	225	0.864	0.85	0.988	0	FALSE	24	26	0.667	0.8	0.953	0	TRUE	215	187	0.733	0.85	0.961	0	FALSE	24	25	0.885	0.9	0.984	0	TRUE	215	203	0.817	0.9	0.984	0	FALSE	201	107	1	1	5.363	6.061	1	201	120	5	1	5.486	6.044	1																												
SRP145671	34	30	0.882	0.9	0.981	1	TRUE	429	406	0.823	0.75	0.978	1	TRUE	34	34	0.943	0.95	0.995	0	TRUE	429	393	0.872	0.85	0.995	0	TRUE	34	35	0.971	0.95	0.996	0	FALSE	429	388	0.874	0.95	0.996	0	TRUE	4017	72	1972	1	0.622	1.971	0.306	4017	382	128	1	0.834	2.148	0.393																												
SRP148418	27	29	0.867	1	0.985	0	TRUE	262	265	0.903	0.85	0.989	0	FALSE	27	26	0.828	0.9	0.967	0	FALSE	262	235	0.614	0.55	0.923	1	FALSE	27	26	0.893	1	0.998	0	FALSE	262	282	0.889	0.95	0.996	0	TRUE	12	0	3			1.116		12	9	0	1	0.77	1.698	0.444																												
SRP148491	12	14	0.857	0.95	0.971	0	TRUE	177	178	0.859	0.9	0.994	0	TRUE	12	17	0.706	0.9	0.964	0	TRUE	177	188	0.816	0.95	0.991	0	TRUE	12	16	0.75	0.95	0.976	0	TRUE	177	172	0.928	0.95	0.997	0	TRUE	719	13	76	1	0.271	0.312	0	719	1	184	1	0.798	0.311	0																												
SRP148574	14	9	0.533	0.7	0.801	0	TRUE	279	193	0.611	0.65	0.921	0	TRUE	14	15	0.933	0.95	0.995	0	TRUE	279	280	0.948	1	0.998	0	TRUE	14	17	0.55	0.7	0.948	0	TRUE	279	255	0.701	0.7	0.943	0	FALSE	5	0	0			1.938		5	0	1			1.938																													
SRP149072	1	2	0.5	0.9	0.953	0	TRUE	12	28	0.429	0.55	0.914	0	TRUE	1	1	1	0.85	0.974	0	TRUE	12	20	0.391	0.65	0.913	0	FALSE	1	1	1	0.85	0.929	0	TRUE	12	26	0.407	0.7	0.919	0	TRUE	1	1	0	1	6.548		1	1	0	0			6.548																													
SRP149124	13	13	0.733	0.8	0.891	0	FALSE	186	187	0.703	0.55	0.911	0	FALSE	13	14	0.5	0.6	0.744	1	FALSE	186	298	0.503	0.6	0.86	0	FALSE	13	13	0.733	0.9	0.95	0	FALSE	186	233	0.683	0.85	0.956	0	TRUE	2	0	70			1.983		2	0	0			1.983																													
SRP149159	11	15	0.733	0.85	0.987	0	FALSE	80	101	0.708	1	0.983	0	TRUE	11	14	0.786	0.9	0.977	0	FALSE	80	62	0.711	0.95	0.98	0	TRUE	11	14	0.786	0.9	0.987	0	FALSE	80	107	0.716	0.95	0.986	0	TRUE	5	0	3			2.244		5	0	3			2.244																													
SRP150004	4	5	0.5	0.6	0.698	1	TRUE	177	50	0.188	0.25	0.516		FALSE	4	1	0.25	0.35	0.818		FALSE	177	53	0.264	0.6	0.801		TRUE	4	1	0.25	0.55	0.734		FALSE	177	19	0.107	0.1	0.77		FALSE	563	400	168	0.682	7.117	8.599	0.955	563	432	89	0.688	7.129	8.825	0.958																												
SRP150238	21	21	0.615	0.8	0.886	0	TRUE	447	380	0.775	0.85	0.96	0	TRUE	21	19	0.818	0.85	0.966	0	TRUE	447	440	0.891	0.95	0.991	0	TRUE	21	20	0.783	0.85	0.946	0	TRUE	447	466	0.867	0.9	0.971	0	TRUE	3647	3189	3	1	2.163	1.14	0.733	3647	646	76	1	1.835	2.038	0.709																												
SRP150269	20	24	0.692	0.85	0.935	0	FALSE	166	120	0.546	0.95	0.874	3	FALSE	20	19	0.95	1	0.999	0	TRUE	166	174	0.91	1	0.997	0	TRUE	20	21	0.952	1	0.997	0	TRUE	166	175	0.916	0.95	0.995	0	TRUE	1199	0	3413			0.352		1199	43	8	1	0.294	0.354	0.116																												
SRP150310	13	14	0.8	0.85	0.966	0	TRUE	261	266	0.78	0.9	0.974	0	TRUE	13	12	0.923	0.9	0.991	0	TRUE	261	249	0.91	0.95	0.995	0	TRUE	13	13	1	0.95	0.995	0	TRUE	261	249	0.932	0.9	0.997	0	TRUE	131	0	324			1.487		131	40	1	1	1.246	1.611	0.75																												
SRP151246	26	23	0.815	0.9	0.917	2	TRUE	172	171	0.759	0.9	0.949	0	TRUE	26	28	0.929	0.85	0.978	0	TRUE	172	168	0.789	0.95	0.972	0	TRUE	26	24	0.852	0.9	0.956	1	TRUE	172	153	0.816	0.95	0.975	0	TRUE	2067	689	129	1	0.754	0.938	0.334	2067	433	189	1	0.713	0.915	0.326																												
SRP151455	13	16	0.812	0.9	0.978	0	TRUE	146	129	0.821	0.8	0.99	0	FALSE	13	13	1	0.95	0.982	0	TRUE	146	142	0.907	0.95	0.996	0	TRUE	13	11	0.846	0.95	0.996	0	TRUE	146	140	0.869	0.9	0.997	0	FALSE	15783	606	258	0.919	0.609	0.929	0.218	15783	270	170	1	0.401	0.92	0.1																												
SRP151536	26	28	0.8	0.95	0.967	0	TRUE	67	95	0.636	0.75	0.986	0	TRUE	26	24	0.667	0.75	0.902	1	FALSE	67	57	0.531	0.85	0.883	1	TRUE	26	23	0.885	0.9	0.959	0	FALSE	67	53	0.791	0.85	0.993	0	TRUE	355	1	144	1	2.103	0.749	1	355	78	65	1	0.486	0.826	0.179																												
SRP151595	8	11	0.727	0.95	0.963	0	TRUE	103	132	0.703	1	0.982	0	TRUE	8	7	0.875	1	0.993	0	TRUE	103	112	0.87	0.85	0.994	0	TRUE	8	11	0.727	0.9	0.985	0	TRUE	103	158	0.631	0.95	0.98	0	TRUE	10538	1789	565	0.864	1.517	2.637	0.705	10538	592	248	1	2.25	2.49	0.792																												
SRP151677	30	29	0.967	0.95	0.996	0	TRUE	410	404	0.957	0.95	0.997	0	TRUE	30	31	0.968	1	1	0	TRUE	410	413	0.96	0.95	0.999	0	TRUE	30	30	0.935	0.95	0.994	0	TRUE	410	429	0.938	0.9	0.998	0	TRUE	15703	689	197	0.896	0.439	1.224	0.152	15703	121	140	1	0.424	1.195	0.05																												
SRP151888	31	34	0.857	0.95	0.984	0	TRUE	454	493	0.842	0.85	0.986	0	TRUE	31	33	0.939	1	0.988	0	TRUE	454	466	0.933	0.95	0.996	0	TRUE	31	31	0.938	1	0.993	0	TRUE	454	456	0.928	0.95	0.998	0	TRUE	10586	69	1415	1	0.794	0.991	0.348	10586	331	314	1	0.517	1.008	0.181																												
SRP151927	26	30	0.806	1	0.966	0	FALSE	237	229	0.601	0.7	0.901	0	TRUE	26	28	0.929	0.95	0.983	0	TRUE	237	220	0.792	0.75	0.977	0	TRUE	26	28	0.742	0.95	0.952	1	TRUE	237	218	0.643	0.75	0.905	1	TRUE	974	663	71	0.917	0.519	0.633	0.228	974	137	213	1	0.319	0.626	0.058																												
SRP153101	18	17	0.944	0.9	0.987	0	FALSE	128	125	0.946	0.95	0.988	0	TRUE	18	16	0.889	0.9	0.997	0	TRUE	128	121	0.915	1	0.989	0	TRUE	18	17	0.944	0.95	0.986	0	TRUE	128	113	0.84	1	0.987	0	TRUE	248	67	7	1	1.537	2.063	0.716	248	75	7	1	1.537	2.063	0.747																												
SRP153147	17	18	0.944	1	0.988	0	TRUE	409	402	0.936	1	0.994	0	TRUE	17	16	0.941	1	0.998	0	TRUE	409	403	0.966	1	0.998	0	TRUE	17	16	0.941	0.95	0.98	0	TRUE	409	401	0.966	0.95	0.996	0	FALSE	11978	729	569	0.985	0.54	0.997	0.261	11978	176	166	1	0.52	0.977	0.227																												
SRP153200	33	33	1	0.95	0.998	0	TRUE	451	455	0.957	0.9	0.998	0	TRUE	33	34	0.971	1	0.999	0	TRUE	451	444	0.954	0.95	0.999	0	TRUE	33	33	1	1	0.999	0	TRUE	451	452	0.972	0.9	1	0	TRUE	9180	143	236	1	0.445	0.619	0.105	9180	794	26	1	0.386	0.644	0.067																												
SRP154146	26	26	1	1	0.999	0	TRUE	345	355	0.95	0.95	0.998	0	TRUE	26	27	0.963	1	1	0	TRUE	345	352	0.969	0.95	1	0	TRUE	26	25	0.962	1	1	0	TRUE	345	357	0.961	1	1	0	TRUE	9533	25	171	1	0.348	0.223	0	9533	45	35	1	0.236	0.223	0																												
SRP154425	22	22	1	0.95	0.998	0	TRUE	312	326	0.916	0.9	0.998	0	TRUE	22	22	0.913	0.95	1	0	TRUE	312	331	0.925	0.95	1	0	TRUE	22	23	0.957	1	0.999	0	TRUE	312	308	0.962	0.85	0.999	0	TRUE	3436	56	60	1	0.287	0.388	0.018	3436	65	10	1	0.275	0.389	0																												
SRP154465	13	26	0.5	0.5	0.976	0	FALSE	255	274	0.763	0.75	0.971	0	FALSE	13	14	0.929	0.95	0.998	0	TRUE	255	246	0.949	0.85	0.998	0	TRUE	13	15	0.75	0.9	0.995	0	TRUE	255	257	0.829	0.8	0.984	0	FALSE	11336	2162	742	0.962	1.561	1.817	0.7	11336	309	135	1	0.837	1.787	0.44	13	24	0.48	0.5	0.972	0	FALSE	255	274	0.752	0.65	0.972	0	FALSE	13	28	0.414	0.45	0.958	0	FALSE	255	294	0.694	0.3	0.956	0	FALSE
SRP154838	11	9	0.818	0.85	0.937	0	TRUE	58	42	0.562	0.7	0.926	0	TRUE	11	12	0.917	0.95	0.977	0	TRUE	58	76	0.718	0.85	0.99	0	TRUE	11	14	0.786	0.95	0.97	0	TRUE	58	71	0.613	0.75	0.953	0	TRUE	31	0	32			1.857		31	1	1	1	0.666	1.858	0																												
SRP154859	27	26	0.963	0.9	0.997	0	TRUE	339	353	0.855	0.95	0.989	0	FALSE	27	24	0.889	0.95	0.998	0	TRUE	339	334	0.901	1	0.995	0	TRUE	27	28	0.964	1	0.999	0	TRUE	339	343	0.938	0.95	1	0	TRUE	5776	15	2124	1	1.437	0.531	0.867	5776	380	367	1	0.349	0.544	0.208																												
SRP154932	35	31	0.784	0.95	0.978	0	TRUE	279	285	0.779	0.6	0.971	0	TRUE	35	35	0.892	0.9	0.984	0	TRUE	279	290	0.847	0.9	0.984	0	TRUE	35	37	0.895	0.9	0.986	0	TRUE	279	283	0.88	0.9	0.988	0	TRUE	3426	277	1087	1	0.784	0.89	0.375	3426	469	447	1	0.712	0.919	0.307																												
SRP154934	24	21	0.731	0.85	0.877	0	TRUE	159	219	0.575	0.85	0.886	0	TRUE	24	28	0.857	1	0.986	0	TRUE	159	152	0.862	0.9	0.987	0	TRUE	24	18	0.615	0.85	0.845	1	TRUE	159	224	0.508	0.75	0.841	1	TRUE	349	96	282	1	0.758	0.902	0.333	349	86	9	1	0.692	0.938	0.291																												
SRP155851	29	28	0.9	0.85	0.967	0	FALSE	360	348	0.797	0.75	0.976	0	FALSE	29	28	0.966	1	0.997	0	TRUE	360	311	0.814	0.95	0.991	0	TRUE	29	27	0.931	1	0.997	0	TRUE	360	336	0.876	0.9	0.997	0	FALSE	970	0	2228			0.946		970	158	133	1	0.491	1.029	0.19																												
SRP155931	36	34	0.892	0.95	0.971	0	FALSE	335	356	0.758	0.7	0.965	0	TRUE	36	36	0.895	0.95	0.984	0	TRUE	335	349	0.781	0.6	0.97	0	FALSE	36	34	0.892	0.95	0.971	0	FALSE	335	356	0.758	0.7	0.965	0	TRUE	1	0	0			0.477		1	1	0	1	0.477		0	36	36	0.946	0.95	0.957	0	FALSE	335	279	0.659	0.75	0.921	0	TRUE	36	35	0.868	0.95	0.973	0	FALSE	335	351	0.782	0.7	0.966	0	TRUE
SRP155943	0	2	0	0.95	0.937	0		4	1	0.25	0.7	0.964	0	TRUE	0	0		0.85	0.929	0		4	1	0.25	0.6	0.949	0	TRUE	0	1	0	0.85	0.903	0		4	3	0.75	0.45	0.896	0	TRUE	508	175	3	1	0.942	1.184	0.486	508	182	5	1	0.885	1.211	0.456																												
SRP156218	31	31	1	1	0.999	0	TRUE	397	388	0.948	1	0.998	0	TRUE	31	31	1	0.95	0.998	0	TRUE	397	402	0.958	1	0.998	0	TRUE	31	29	0.935	0.95	0.996	0	TRUE	397	416	0.908	1	0.994	0	TRUE	12153	228	127	1	0.397	0.932	0.193	12153	140	206	1	0.601	0.926	0.271																												
SRP156285	6	12	0.5	0.8	0.924	0	TRUE	2	10	0.091	0.45	0.903	0	FALSE	6	12	0.5	0.8	0.924	0	TRUE	2	10	0.091	0.45	0.903	0	FALSE	6	11	0.545	0.8	0.949	0	FALSE	2	2	0.333	0.7	0.945	0	TRUE	6633	903	1011	0.996	0.515	0.8	0.186	6633	903	1011	0.996	0.515	0.8	0.186																												
SRP156476	13	14	0.929	0.95	0.995	0	TRUE	57	53	0.803	0.95	0.983	0	TRUE	13	13	1	0.95	0.998	0	TRUE	57	52	0.879	0.95	0.992	0	TRUE	13	13	1	1	0.998	0	TRUE	57	58	0.855	0.95	0.992	0	TRUE	41	0	22			0.81		41	5	0	1	0.733	0.846	0																												
SRP156859	35	39	0.897	1	0.984	0	FALSE	327	363	0.865	0.85	0.988	0	TRUE	35	36	0.919	0.95	0.988	0	TRUE	327	350	0.85	0.9	0.985	0	TRUE	35	34	0.971	0.95	0.996	0	TRUE	327	307	0.87	0.9	0.99	0	TRUE	397	14	202	1	0.212	0.295	0.143	397	68	76	1	0.197	0.312	0.074																												
SRP156888	33	34	0.971	0.9	0.995	0	TRUE	273	266	0.846	0.9	0.984	0	TRUE	33	32	0.97	0.95	0.992	0	FALSE	273	294	0.853	0.9	0.986	0	TRUE	33	33	1	0.9	0.996	0	TRUE	273	288	0.858	0.9	0.989	0	TRUE	1143	210	123	1	0.713	1.123	0.31	1143	361	40	1	0.747	1.177	0.36																												
SRP158376	25	25	0.852	0.85	0.973	0	TRUE	133	124	0.785	0.8	0.965	0	TRUE	25	26	0.962	0.95	0.993	0	TRUE	133	141	0.903	1	0.996	0	TRUE	25	28	0.767	0.95	0.951	0	TRUE	133	219	0.551	0.9	0.96	0	FALSE	2904	607	172	1	0.663	1.065	0.259	2904	170	121	1	0.599	0.986	0.212																												
SRP158678	16	13	0.706	0.95	0.97	0	FALSE	79	52	0.658	1	0.984	0	TRUE	16	17	0.941	1	0.997	0	TRUE	79	77	0.95	1	0.999	0	TRUE	16	11	0.588	0.85	0.985	0	TRUE	79	59	0.725	1	0.986	0	FALSE	4681	764	195	0.965	0.733	1.291	0.349	4681	176	19	1	0.609	1.189	0.312																												
SRP158761	16	15	0.409	0.6	0.464	4	FALSE	143	71	0.138	0.15	0.335	34	FALSE	16	15	0.824	0.9	0.983	0	TRUE	143	173	0.727	0.6	0.973	0	FALSE	16	16	0.778	0.85	0.957	0	TRUE	143	110	0.622	0.6	0.933	0	FALSE	365	341	20	0.877	0.971	2.507	0.493	365	186	5	1	0.865	1.144	0.478																												
SRP158995	24	20	0.692	0.9	0.962	0	TRUE	134	97	0.604	0.85	0.933	0	TRUE	24	25	0.96	0.95	0.992	0	TRUE	134	124	0.897	0.9	0.996	0	TRUE	24	19	0.792	0.95	0.992	0	TRUE	134	145	0.86	0.9	0.995	0	TRUE	2548	11	2390	1	2.702	1.103	1	2548	220	63	1	0.795	1.127	0.441																												
SRP159065	28	24	0.733	0.95	0.93	1	TRUE	126	92	0.473	0.45	0.89	2	FALSE	28	28	0.867	0.9	0.982	0	FALSE	126	159	0.727	0.75	0.983	0	TRUE	28	24	0.733	0.95	0.93	1	TRUE	126	92	0.473	0.45	0.89	2	FALSE	633	613	2	0.992	0.747	2.041	0.339	633	452	3	1	0.668	1.136	0.279																												
SRP160439	26	30	0.867	0.95	0.989	0	TRUE	225	237	0.855	0.9	0.981	0	TRUE	26	24	0.852	0.95	0.996	0	TRUE	225	199	0.82	0.85	0.982	0	TRUE	26	27	0.963	1	0.996	0	TRUE	225	222	0.918	0.95	0.99	0	TRUE	3386	127	576	1	0.503	0.745	0.252	3386	252	369	1	0.544	0.755	0.171																												
SRP160883	4	5	0.8	0.8	0.964	0	FALSE	176	135	0.728	0.7	0.969	0	TRUE	4	2	0.5	0.75	0.9	0	FALSE	176	139	0.74	0.7	0.948	0	TRUE	4	4	0.6	0.9	0.984	0	TRUE	176	184	0.856	0.7	0.98	0	TRUE	3406	961	308	0.998	1.515	1.463	0.591	3406	1064	395	0.984	1.138	1.754	0.519																												
SRP161460	20	20	0.905	0.95	0.97	0	FALSE	136	83	0.564	0.95	0.967	1	TRUE	20	18	0.9	0.9	0.987	0	FALSE	136	124	0.806	0.9	0.973	1	TRUE	20	20	0.905	0.95	0.981	0	FALSE	136	106	0.704	0.9	0.975	0	TRUE	1240	299	68	1	0.66	0.977	0.231	1240	380	40	1	0.641	1.022	0.237																												
SRP162318	34	34	0.943	0.95	0.996	0	TRUE	106	99	0.864	0.85	0.997	0	TRUE	34	33	0.914	0.9	0.929	0	TRUE	106	73	0.444	0.55	0.959	0	FALSE	34	33	0.971	1	0.996	0	TRUE	106	100	0.873	0.9	0.998	0	TRUE	507	158	8	1	0.459	0.551	0.095	507	317	11	1	0.496	0.562	0.136																												
SRP162383	6	6	0.714	0.8	0.941	0	TRUE	0	8	0	0.35	0.868	0		6	5	0.833	0.85	0.94	0	FALSE	0	0		0.45	0.93	0		6	9	0.667	0.9	0.962	0	TRUE	0	0		0.25	0.883	0		2463	1629	72	0.897	1.935	2.414	0.713	2463	417	325	1	2.518	2.018	0.736																												
SRP162456	15	18	0.833	1	0.994	0	TRUE	33	29	0.771	0.75	0.986	0	FALSE	15	17	0.882	0.95	0.991	0	FALSE	33	21	0.636	0.7	0.982	0	FALSE	15	17	0.882	0.95	0.994	0	FALSE	33	21	0.543	0.65	0.98	0	FALSE	2	0	0			3.503		2	1	1	0	1.368	5.638	1	15	11	0.733	0.95	0.98	0	TRUE	33	1	0.03	0.65	0.964	0	FALSE	15	16	0.938	0.95	0.977	0	FALSE	33	27	0.714	0.7	0.977	0	FALSE
SRP162527	9	9	1	0.95	0.989	0	TRUE	56	43	0.737	0.95	0.979	0	TRUE	9	9	1	0.95	0.995	0	TRUE	56	58	0.81	0.95	0.99	0	TRUE	9	9	1	0.95	0.991	0	TRUE	56	54	0.833	0.95	0.99	0	TRUE	32	3	2	1	0.247	0.945	0	32	8	0	1	0.584	1.03	0.125																												
SRP164691	16	14	0.765	0.9	0.946	0	FALSE	241	146	0.58	0.85	0.974	0	TRUE	16	19	0.842	0.95	0.972	0	TRUE	241	259	0.786	0.85	0.987	0	TRUE	16	13	0.706	0.8	0.936	0	TRUE	241	297	0.741	0.85	0.97	0	TRUE	2876	1176	91	0.985	0.503	0.695	0.135	2876	1379	27	0.966	0.484	0.753	0.115																												
SRP165196	23	19	0.826	0.9	0.936	0	FALSE	149	114	0.634	0.85	0.941	0	TRUE	23	21	0.913	0.95	0.989	0	TRUE	149	160	0.85	0.9	0.992	0	TRUE	23	23	1	1	0.998	0	TRUE	149	156	0.918	0.95	0.998	0	TRUE	2365	2	2734	1	1.847	0.576	1	2365	76	233	1	0.376	0.584	0.145																												
SRP165748	14	14	0.867	0.9	0.972	0	TRUE	210	221	0.882	1	0.985	0	TRUE	14	14	1	0.95	0.984	0	TRUE	210	216	0.928	0.95	0.991	0	TRUE	14	14	1	0.95	0.984	0	TRUE	210	216	0.928	0.95	0.991	0	TRUE	7	5	1	1	1.693	2.744	1	7	6	0	1	1.628	4.56	0.833																												
SRP165919	35	38	0.825	0.9	0.972	0	FALSE	584	544	0.849	0.8	0.974	0	FALSE	35	36	0.919	0.9	0.98	0	TRUE	584	489	0.797	0.9	0.953	0	FALSE	35	37	0.946	0.85	0.98	0	TRUE	584	594	0.873	0.8	0.977	0	TRUE	526	75	659	1	1.176	1.265	0.627	526	526	0	1	1.256		0.681																												
SRP166762	38	39	0.925	0.95	0.998	0	TRUE	537	557	0.903	0.95	0.994	0	TRUE	38	39	0.974	1	0.997	0	TRUE	537	510	0.876	0.9	0.994	0	TRUE	38	39	0.974	0.95	0.993	0	TRUE	537	545	0.908	0.85	0.994	0	FALSE	7674	527	330	1	1.143	1.572	0.636	7674	1526	139	1	1.088	1.651	0.581																												
SRP167865	20	19	0.773	0.9	0.975	0	FALSE	130	112	0.613	0.75	0.95	0	FALSE	20	21	0.64	0.8	0.938	0	FALSE	130	104	0.614	0.65	0.927	2	TRUE	20	16	0.8	0.85	0.966	0	TRUE	130	78	0.541	0.75	0.912	0	TRUE	1378	1200	0	0.968	1.039	1.369	0.517	1378	640	172	1	0.943	1.163	0.47																												
SRP167988	16	16	1	0.95	0.99	0	TRUE	73	80	0.821	1	0.988	0	TRUE	16	16	0.882	0.9	0.977	0	TRUE	73	107	0.607	0.9	0.959	0	TRUE	16	16	1	0.95	0.99	0	TRUE	73	83	0.857	0.95	0.992	0	TRUE	3	0	5			0.772		3	3	0	1	0.772		0.333	16	16	0.778	0.75	0.894	0	TRUE	73	127	0.504	0.95	0.927	0	FALSE	16	13	0.812	0.85	0.963	0	TRUE	73	170	0.358	0.95	0.922	0	TRUE
SRP168527	4	5	0.5	1	0.99	0	TRUE	54	56	0.833	1	0.991	0	TRUE	4	4	0.6	0.65	0.814	0	FALSE	54	62	0.547	0.85	0.929	0	FALSE	4	3	0.75	1	0.982	0	TRUE	54	59	0.915	1	0.994	0	TRUE	1	0	1			0.434		1	1	0	1	0.434		0																												
SRP168573	0	0		0.9	0.975	0		0	2	0	0.85	0.978	0		0	0		0.95	0.981	0		0	2	0	0.8	0.98	0		0	0		0.8	0.94	0		0	1	0	0.7	0.947	0		3607	689	59	1	3.744	6.65	0.672	3607	723	40	1	4.39	6.64	0.689																												
SRP168748	34	34	1	0.9	0.998	0	TRUE	233	247	0.89	0.95	0.999	0	TRUE	34	31	0.912	0.95	0.995	0	TRUE	233	264	0.841	0.95	0.993	0	TRUE	34	33	0.971	0.95	0.999	0	TRUE	233	231	0.909	0.95	0.997	0	TRUE	180	69	8	1	1.375	1.041	0.58	180	162	0	1	1.079	1.729	0.543																												
SRP170677	38	38	0.949	1	0.997	0	TRUE	593	584	0.945	0.95	0.997	0	FALSE	38	39	0.974	1	0.998	0	TRUE	593	594	0.956	0.95	0.999	0	TRUE	38	39	0.974	1	0.999	0	TRUE	593	586	0.955	0.95	0.999	0	TRUE	8931	72	827	1	0.854	0.531	0.361	8931	513	94	1	0.42	0.538	0.172																												
SRP171158	12	4	0.333	0.75	0.909	0	FALSE	59	30	0.435	0.75	0.86	0	TRUE	12	12	0.846	0.85	0.949	0	TRUE	59	57	0.841	0.9	0.956	0	TRUE	12	9	0.615	0.75	0.911	0	FALSE	59	43	0.545	0.85	0.863	0	FALSE	2	2	0	1	4.178		1	2	2	0	1	4.178		1																												
SRP172565	21	13	0.619	0.85	0.965	0	TRUE	34	12	0.314	0.6	0.947	0	TRUE	21	21	0.909	1	0.992	0	TRUE	34	49	0.694	0.85	0.99	0	TRUE	21	18	0.773	0.85	0.952	0	FALSE	34	32	0.5	0.75	0.958	0	TRUE	201	105	5	1	0.736	0.716	0.467	201	34	28	1	0.951	0.715	0.5	21	34	0.528	0.65	0.861	0	FALSE	34	94	0.196	0.25	0.828	0	FALSE	21	16	0.542	0.75	0.908	0	FALSE	34	30	0.455	0.6	0.864	0	TRUE
SRP172733	9	10	0.9	0.9	0.925	0	TRUE	8	10	0.8	0.85	0.977	0	TRUE	9	7	0.778	0.85	0.994	0	FALSE	8	9	0.889	0.95	0.99	0	TRUE	9	12	0.75	0.8	0.966	0	TRUE	8	12	0.667	0.85	0.975	0	FALSE	586	28	59	1	1.008	1.318	0.5	586	37	14	1	2.454	1.259	0.784	9	11	0.818	0.8	0.908	0	TRUE	8	13	0.615	0.8	0.926	0	FALSE	9	10	0.9	0.85	0.935	0	TRUE	8	9	0.889	0.7	0.944	0	FALSE
SRP173297	20	20	1	1	0.996	0	TRUE	134	134	0.956	1	0.998	0	TRUE	20	19	0.95	0.95	0.987	0	TRUE	134	156	0.835	0.85	0.993	0	TRUE	20	20	1	1	0.998	0	TRUE	134	134	0.971	1	0.999	0	TRUE	4527	57	110	1	0.163	0.239	0	4527	237	244	1	0.157	0.243	0																												
SRP173466	33	35	0.943	0.95	0.998	0	TRUE	380	370	0.918	0.95	0.996	0	TRUE	33	33	1	0.95	0.998	0	TRUE	380	380	0.934	0.95	0.997	0	TRUE	33	33	1	0.95	0.999	0	TRUE	380	371	0.961	0.95	0.999	0	TRUE	3687	1	884	1	1.154	0.63	1	3687	94	388	1	0.554	0.632	0.16																												
SRP173478	12	12	1	0.9	0.992	0	TRUE	81	65	0.759	0.85	0.991	0	TRUE	12	10	0.692	0.85	0.956	0	TRUE	81	43	0.442	0.75	0.947	0	TRUE	12	12	1	0.9	0.992	0	TRUE	81	65	0.759	0.85	0.991	0	TRUE	1091	14	202	1	0.189	0.264	0	1091	544	40	0.967	0.21	0.329	0.017																												
SRP173589	39	36	0.923	0.95	0.995	0	TRUE	332	326	0.913	0.95	0.993	0	TRUE	39	38	0.974	0.95	0.996	0	TRUE	332	345	0.85	0.95	0.987	0	TRUE	39	37	0.949	0.95	0.995	0	TRUE	332	327	0.938	0.95	0.998	0	TRUE	10925	178	315	1	0.753	0.644	0.331	10925	1828	309	0.955	0.426	0.679	0.193																												
SRP173645	31	32	0.909	0.95	0.998	0	TRUE	426	440	0.854	0.9	0.99	0	TRUE	31	34	0.912	0.9	0.985	0	TRUE	426	416	0.823	0.85	0.983	0	TRUE	31	32	0.909	0.95	0.998	0	TRUE	426	440	0.854	0.9	0.99	0	TRUE	6933	1040	402	1	0.636	0.932	0.237	6933	802	631	1	0.642	0.91	0.279																												
SRP173675	37	39	0.9	0.95	0.993	0	TRUE	385	392	0.904	1	0.994	0	TRUE	37	37	1	1	0.999	0	TRUE	385	388	0.967	1	0.999	0	TRUE	37	31	0.838	0.95	0.995	0	TRUE	385	361	0.898	0.95	0.992	0	TRUE	12894	3275	211	0.588	1.297	1.682	0.674	12894	165	126	0.988	1.364	1.572	0.655																												
SRP173803	33	31	0.829	0.9	0.982	1	TRUE	155	136	0.753	0.8	0.963	0	FALSE	33	30	0.909	0.9	0.978	1	FALSE	155	118	0.569	0.8	0.934	0	FALSE	33	31	0.882	0.95	0.965	2	TRUE	155	116	0.673	0.8	0.977	0	FALSE	3127	1181	9	0.979	0.53	1.065	0.129	3127	701	162	1	0.499	0.895	0.131																												
SRP173808	14	14	0.556	0.9	0.911	0	TRUE	53	34	0.554	0.65	0.945	0	TRUE	14	20	0.619	0.9	0.94	0	TRUE	53	26	0.436	0.5	0.937	0	FALSE	14	14	0.474	0.75	0.883	0	FALSE	53	65	0.573	0.75	0.926	0	FALSE	4	2	0	1	1.651	4.485	1	4	1	1	1	1.31	4.268	1																												
SRP174208	23	22	0.957	1	0.998	0	TRUE	92	99	0.891	0.95	0.994	0	TRUE	23	23	0.917	0.9	0.994	0	TRUE	92	95	0.908	0.95	0.988	0	TRUE	23	23	1	1	0.998	0	TRUE	92	97	0.929	0.95	0.995	0	TRUE	1180	39	60	1	1.724	0.802	0.692	1180	70	94	1	0.858	0.812	0.429																												
SRP174529	29	29	1	1	0.997	0	TRUE	383	389	0.925	0.9	0.993	0	TRUE	29	29	1	1	0.997	0	TRUE	383	384	0.957	0.9	0.998	0	TRUE	29	27	0.931	1	0.992	0	TRUE	383	388	0.918	0.85	0.992	0	TRUE	4741	755	229	1	0.689	0.937	0.309	4741	205	122	0.985	0.828	0.895	0.459																												
SRP175109	5	3	0.6	0.9	0.989	0	TRUE	34	21	0.528	0.9	0.981	0	TRUE	5	5	1	0.85	0.976	0	TRUE	34	35	0.769	0.7	0.972	0	FALSE	5	5	1	0.9	0.97	0	TRUE	34	53	0.611	0.8	0.965	0	FALSE	4	2	0	1	1.1	2.695	0.5	4	2	0	1	1.1	2.695	0.5																												
SRP176418	5	5	1	0.85	0.977	0	TRUE	140	162	0.808	0.9	0.987	0	TRUE	5	6	0.833	0.8	0.958	0	TRUE	140	137	0.787	0.75	0.979	0	TRUE	5	4	0.8	0.85	0.918	0	TRUE	140	67	0.428	0.8	0.96	0	TRUE	3081	2205	1	1	0.572	1.271	0.198	3081	424	489	1	0.597	0.71	0.241																												
SRP178051	15	13	0.867	0.95	0.993	0	TRUE	203	204	0.893	0.95	0.99	0	TRUE	15	14	0.933	0.95	0.996	0	TRUE	203	204	0.947	0.95	0.998	0	TRUE	15	16	0.938	0.95	0.998	0	TRUE	203	197	0.951	1	0.995	0	TRUE	5121	11	1166	1	1.568	0.412	0.636	5121	654	26	1	0.347	0.422	0.064																												
SRP178267	4	9	0.444	1	0.996	0	TRUE	5	5	0.667	0.75	0.992	0	TRUE	4	5	0.8	0.95	0.995	0	TRUE	5	4	0.8	0.85	0.991	0	TRUE	4	4	1	1	0.997	0	TRUE	5	4	0.8	0.8	0.989	0	TRUE	244	60	4	1	0.752	1.225	0.317	244	38	3	1	0.791	1.157	0.342																												
SRP178890	21	21	1	0.95	0.992	0	TRUE	157	155	0.868	0.85	0.99	0	FALSE	21	23	0.913	1	0.959	0	FALSE	157	179	0.759	0.75	0.962	0	FALSE	21	21	1	1	0.996	0	TRUE	157	161	0.904	0.95	0.995	0	FALSE	50	0	50			1.419		50	16	2	1	1.344	1.47	0.75																												
SRP181809	15	14	0.706	0.85	0.928	0	TRUE	50	111	0.4	0.6	0.915	0	FALSE	15	11	0.733	0.95	0.995	0	TRUE	50	48	0.885	0.9	0.997	0	TRUE	15	10	0.667	0.9	0.964	0	TRUE	50	39	0.459	0.75	0.966	0	FALSE	92	13	4	1	0.585	0.998	0.385	92	2	6	1	0.347	0.985	0																												
SRP181939	33	30	0.8	0.9	0.98	0	FALSE	490	485	0.766	0.9	0.95	0	TRUE	33	31	0.829	0.9	0.948	0	FALSE	490	325	0.598	0.6	0.906	0	TRUE	33	30	0.75	0.85	0.903	0	FALSE	490	302	0.538	0.55	0.87	1	FALSE	9	8	0	1	1.506	2.535	0.875	9	6	0	1	1.506	2.155	0.833																												
SRP182089	21	22	0.87	1	0.985	0	TRUE	173	144	0.832	0.85	0.991	0	TRUE	21	19	0.818	0.95	0.983	0	TRUE	173	110	0.617	0.5	0.973	0	TRUE	21	23	0.913	1	0.995	0	TRUE	173	162	0.872	0.85	0.997	0	TRUE	6964	170	262	0.994	1.193	0.721	0.559	6964	1286	411	0.911	0.54	0.773	0.259																												
SRP182095	6	13	0.357	0.8	0.787	0	TRUE	16	5	0.167	0.35	0.789	0	FALSE	6	13	0.357	0.8	0.787	0	TRUE	16	5	0.167	0.35	0.789	0	FALSE	6	7	0.857	0.8	0.921	0	FALSE	16	1	0	0.4	0.84	0	FALSE	2	2	0	1	2.662		1	2	2	0	1	2.662		1																												
SRP185546	3	1	0.333	0.8	0.906	0	TRUE	0	1	0	0.7	0.919	0		3	3	1	0.75	0.812	0	TRUE	0	0		0.5	0.845	0		3	2	0.667	0.85	0.93	0	TRUE	0	2	0	0.65	0.93	0		9	0	3			5.782		9	0	2			5.782																													
SRP185578	18	24	0.556	0.65	0.864	0	TRUE	270	326	0.585	0.8	0.885	0	TRUE	18	16	0.889	0.95	0.99	0	TRUE	270	260	0.913	0.95	0.995	0	TRUE	18	15	0.737	0.85	0.945	0	TRUE	270	278	0.815	0.85	0.954	0	TRUE	138	46	13	1	0.742	0.952	0.261	138	26	11	1	0.767	0.926	0.269																												
SRP185583	15	19	0.7	0.8	0.962	0	TRUE	57	66	0.662	0.6	0.9	0	TRUE	15	20	0.75	0.95	0.985	0	TRUE	57	55	0.836	0.9	0.978	0	TRUE	15	22	0.609	0.9	0.965	0	TRUE	57	29	0.433	0.7	0.941	0	TRUE	160	59	18	0.983	3.552	3.326	0.983	160	29	1	1	2.428	3.533	1																												
SRP185733	5	5	0.667	0.75	0.819	0	FALSE	40	38	0.5	0.7	0.946	0	TRUE	5	5	1	0.9	0.983	0	TRUE	40	28	0.619	0.9	0.992	0	FALSE	5	6	0.833	0.75	0.945	0	FALSE	40	12	0.3	0.65	0.959	0	TRUE	2894	1206	21	0.951	0.986	0.875	0.496	2894	176	80	1	1.288	0.897	0.568																												
SRP185884	23	19	0.826	0.9	0.995	0	TRUE	201	189	0.866	0.95	0.997	0	TRUE	23	20	0.387	0.6	0.796	3	TRUE	201	300	0.561	0.8	0.894	1	TRUE	23	23	1	0.95	0.99	0	TRUE	201	201	0.914	0.95	0.996	0	TRUE	30	1	2	1	1.168	1.079	1	30	8	0	0.875	1.081	1.089	0.625																												
SRP186066	16	19	0.842	0.9	0.993	0	TRUE	101	128	0.762	0.85	0.994	0	FALSE	16	29	0.5	0.75	0.772	0	FALSE	101	103	0.522	0.55	0.86	0	FALSE	16	18	0.889	0.95	0.995	0	TRUE	101	110	0.901	0.9	0.993	0	FALSE	355	61	18	1	0.716	1.109	0.279	355	174	106	0.983	0.918	1.182	0.431																												
SRP186214	34	33	0.971	0.95	0.992	0	TRUE	476	489	0.842	0.8	0.981	3	TRUE	34	32	0.886	0.9	0.983	0	FALSE	476	445	0.831	0.8	0.972	0	TRUE	34	33	0.861	0.95	0.994	0	TRUE	476	499	0.879	0.9	0.99	0	TRUE	2939	528	331	1	0.842	1.351	0.402	2939	619	448	1	1.221	1.264	0.611																												
SRP186363	5	5	1	0.85	0.991	0	TRUE	69	49	0.662	0.7	0.97		FALSE	5	8	0.625	0.95	0.964	0	TRUE	69	178	0.365	0.6	0.948	0	TRUE	5	5	1	0.9	0.98	0	TRUE	69	47	0.657	0.7	0.967		FALSE	2892	786	97	1	2.441	4.888	0.845	2892	742	225	1	2.357	4.903	0.868																												
SRP186486	24	26	0.852	0.85	0.95	0	TRUE	167	139	0.739	0.85	0.891	4	TRUE	24	26	0.923	1	0.986	0	TRUE	167	165	0.876	0.9	0.98	0	TRUE	24	23	0.741	0.9	0.93	0	TRUE	167	131	0.544	0.8	0.885	1	TRUE	4639	2986	18	0.601	1.598	3.804	0.773	4639	705	194	1	1.197	2.441	0.603																												
SRP187855	12	23	0.458	0.65	0.968	0	TRUE	56	86	0.479	0.7	0.944	0	FALSE	12	17	0.706	0.95	0.988	0	TRUE	56	54	0.746	0.9	0.98	0	TRUE	12	12	0.714	0.85	0.964	0	TRUE	56	75	0.701	0.75	0.984	0	TRUE	56	20	5	1	1.148	1.327	0.6	56	27	0	1	1.06	1.524	0.593																												
SRP188706	30	30	1	0.95	0.996	0	TRUE	279	267	0.896	0.9	0.995	0	TRUE	30	29	0.844	0.9	0.965	0	FALSE	279	256	0.72	0.9	0.969	0	TRUE	30	30	1	0.95	0.996	0	TRUE	279	267	0.896	0.9	0.995	0	TRUE	19	14	0	1	2.727	4.201	1	19	4	12	1	1.97	2.926	1																												
SRP188927	25	18	0.72	0.95	0.871	1	TRUE	146	163	0.545	0.65	0.899	1	TRUE	25	31	0.647	0.8	0.835	2	FALSE	146	249	0.442	0.35	0.765	2	FALSE	25	31	0.647	0.8	0.835	2	FALSE	146	249	0.442	0.35	0.765	2	FALSE	1	0	0			3.555		1	0	0			3.555																													
SRP189755	17	14	0.476	0.6	0.62	0	FALSE	167	63	0.09	0.2	0.692	0	FALSE	17	14	0.632	0.85	0.881	0	FALSE	167	109	0.484	0.6	0.88	0	FALSE	17	22	0.56	0.75	0.699	0	FALSE	167	40	0.203	0.5	0.678	0	FALSE	1	1	0	1	4.484		1	1	1	0	1	4.484		1	17	18	0.346	0.55	0.258	3	FALSE	167	63	0.085	0.1	0.142	60	FALSE	17	8	0.471	0.6	0.662	0	FALSE	167	91	0.127	0.15	0.724	0	FALSE
SRP189776	3	2	0.667	0.95	0.994	0	TRUE	7	7	1	0.95	0.995	0	FALSE	3	3	1	0.95	0.995	0	TRUE	7	7	1	0.9	0.987	0	FALSE	3	3	1	0.95	0.986	0	TRUE	7	6	0.857	0.85	0.981	0	FALSE	407	88	0	1	3.786	5.244	1	407	66	8	1	3.496	5.146	1																												
SRP190928	23	24	0.88	0.95	0.995	0	TRUE	248	254	0.931	1	0.998	0	TRUE	23	27	0.562	0.75	0.852	1	TRUE	248	328	0.618	0.95	0.931	0	FALSE	23	25	0.846	0.9	0.994	0	TRUE	248	250	0.93	1	0.998	0	TRUE	1	0	0			2.045		1	0	5			2.045																													
SRP191039	0	1	0	1	0.98	0		5	4	0.8	0.95	0.978	0	FALSE	0	0		0.95	0.979	0		5	6	0.833	0.9	0.99	0	FALSE	0	0		1	0.996	0		5	3	0.6	0.85	0.992	0	FALSE	5583	389	285	1	0.376	0.698	0.118	5583	529	104	1	0.366	0.714	0.11																												
SRP191054	9	8	0.889	0.9	0.985	0	TRUE	79	81	0.839	0.95	0.978	0	TRUE	9	12	0.75	0.95	0.982	0	TRUE	79	83	0.78	1	0.973	0	TRUE	9	12	0.615	0.85	0.95	0	TRUE	79	66	0.747	1	0.946	0	TRUE	154	19	5	1	1.163	2.099	0.526	154	7	9	1	1.424	2.046	0.571																												
SRP191069	16	22	0.727	0.85	0.949	0	TRUE	172	131	0.586	0.6	0.95	0	TRUE	16	16	0.391	0.6	0.688	0	TRUE	172	327	0.32	0.55	0.786	1	TRUE	16	17	0.941	0.95	0.986	0	TRUE	172	125	0.659	0.95	0.976	0	TRUE	1	0	2			3.588		1	1	0	0	3.588		1																												
SRP191419	16	19	0.842	0.95	0.995	0	TRUE	199	169	0.822	0.9	0.994	0	TRUE	16	19	0.842	1	0.992	0	TRUE	199	211	0.881	0.95	0.99	0	TRUE	16	21	0.762	1	0.995	0	TRUE	199	205	0.879	0.95	0.992	0	TRUE	2	0	0			5.572		2	0	0			5.572																													
SRP191501	39	39	1	0.95	0.997	0	TRUE	387	400	0.938	0.95	0.996	0	TRUE	39	39	1	1	0.998	0	TRUE	387	405	0.941	1	0.998	0	TRUE	39	37	0.949	0.95	0.998	0	TRUE	387	385	0.94	0.9	0.998	0	TRUE	8292	267	195	1	0.462	0.729	0.228	8292	472	77	1	0.415	0.737	0.178																												
SRP192368	21	23	0.76	0.85	0.97	0	TRUE	125	124	0.66	0.8	0.923	0	TRUE	21	21	1	0.95	0.992	0	TRUE	125	126	0.887	0.9	0.994	0	FALSE	21	22	0.87	0.85	0.992	0	TRUE	125	128	0.874	0.95	0.99	0	FALSE	727	1	1283	1	2.209	0.42	1	727	90	16	1	0.303	0.449	0.078	21	23	0.692	0.8	0.967	0	TRUE	125	126	0.641	0.8	0.919	0	TRUE	21	23	0.76	0.85	0.963	0	TRUE	125	118	0.723	0.9	0.922	0	TRUE
SRP192735	2	1	0.5	0.65	0.942	0	TRUE	41	16	0.295	0.55	0.938		TRUE	2	1	0.5	0.95	0.992	0	TRUE	41	38	0.837	0.75	0.994	0	TRUE	2	1	0.5	0.9	0.882	0	TRUE	41	50	0.717	0.85	0.974	0	TRUE	3519	1214	22	0.951	0.992	1.973	0.497	3519	248	46	1	0.615	1.697	0.319																												
SRP193449	32	34	0.941	1	0.998	0	TRUE	418	424	0.931	1	0.997	0	TRUE	32	33	0.97	1	0.997	0	TRUE	418	426	0.923	0.95	0.998	0	TRUE	32	32	1	1	0.998	0	TRUE	418	415	0.937	1	0.998	0	TRUE	10505	160	273	0.994	0.549	1.131	0.262	10505	352	202	1	0.626	1.139	0.324																												
SRP193857	35	35	1	0.9	0.997	0	TRUE	409	397	0.938	1	0.998	0	TRUE	35	36	0.972	0.9	0.996	0	TRUE	409	399	0.928	0.95	0.998	0	FALSE	35	36	0.972	0.95	0.997	0	TRUE	409	407	0.947	0.9	0.997	0	TRUE	3991	293	88	1	0.728	1.325	0.3	3991	227	209	0.996	0.871	1.286	0.436																												
SRP195618	34	35	0.971	0.9	0.993	0	TRUE	308	325	0.924	0.9	0.994	0	TRUE	34	34	0.943	0.9	0.971	0	TRUE	308	209	0.576	0.75	0.937	0	TRUE	34	35	0.971	0.95	0.995	0	TRUE	308	321	0.929	0.95	0.995	0	TRUE	1646	99	223	1	0.53	0.494	0.192	1646	1315	8	1	0.464	0.676	0.137																												
SRP197374	29	27	0.931	0.95	0.993	0	TRUE	287	311	0.869	0.9	0.992	0	TRUE	29	25	0.862	0.95	0.988	0	TRUE	287	295	0.89	0.85	0.988	0	TRUE	29	27	0.931	0.95	0.993	0	TRUE	287	311	0.869	0.9	0.992	0	TRUE	558	307	4	1	4.482	5.688	0.769	558	325	3	1	4.591	5.683	0.785																												
SRP197376	26	25	0.821	1	0.964	0	TRUE	206	201	0.754	0.8	0.984	0	FALSE	26	20	0.769	1	0.973	0	TRUE	206	114	0.488	0.7	0.972	0	FALSE	26	24	0.852	0.9	0.99	0	TRUE	206	199	0.816	0.85	0.989	0	TRUE	20	6	1	1	0.924	1.073	0.167	20	7	1	1	0.893	1.095	0.143																												
SRP198299	8	7	0.875	1	0.994	0	TRUE	128	122	0.838	0.85	0.989	0	TRUE	8	16	0.412	0.75	0.942	0	FALSE	128	56	0.252	0.3	0.895	0	TRUE	8	10	0.636	0.9	0.994	0	TRUE	128	115	0.841	0.9	0.994	0	TRUE	1	1	0	1	0.506		0	1	1	0	1	0.506		0																												
SRP198351	22	26	0.778	0.8	0.93	0	TRUE	251	219	0.728	0.8	0.983	0	TRUE	22	24	0.917	0.9	0.984	0	TRUE	251	244	0.807	0.75	0.985	0	FALSE	22	19	0.864	0.9	0.978	0	TRUE	251	275	0.725	0.7	0.971	2	FALSE	1748	370	162	1	0.529	0.693	0.251	1748	562	47	1	0.509	0.733	0.224																												
SRP198592	15	25	0.6	0.8	0.882	0	TRUE	278	341	0.62	0.65	0.899	1	TRUE	15	15	1	0.9	0.998	0	TRUE	278	291	0.916	0.95	0.998	0	TRUE	15	17	0.882	0.9	0.957	0	TRUE	278	279	0.785	0.75	0.97	0	TRUE	402	141	71	1	0.568	0.697	0.128	402	24	13	1	0.577	0.65	0.292																												
SRP199237	14	15	0.933	1	0.999	0	TRUE	83	61	0.714	0.9	0.998	0	TRUE	14	14	1	0.95	0.996	0	FALSE	83	64	0.69	0.9	0.992	0	TRUE	14	15	0.933	1	0.999	0	TRUE	83	85	0.888	0.95	0.998	0	TRUE	123	0	2			0.294		123	9	4	1	0.125	0.311	0																												
SRP199374	15	15	1	0.95	0.998	0	TRUE	204	200	0.942	1	0.999	0	TRUE	15	20	0.667	0.8	0.945	0	TRUE	204	167	0.718	0.8	0.97	0	TRUE	15	15	1	0.9	0.996	0	TRUE	204	204	0.934	0.95	0.999	0	TRUE	1	1	0	1	0.285		0	1	1	0	1	0.285		0																												
SRP199441	18	20	0.9	0.95	0.981	0	TRUE	181	166	0.886	1	0.989	0	TRUE	18	19	0.85	0.95	0.981	0	TRUE	181	136	0.695	0.95	0.975	0	TRUE	18	19	0.947	0.95	0.996	0	TRUE	181	186	0.963	1	0.997	0	TRUE	1346	0	306			0.546		1346	337	37	1	0.43	0.589	0.062	18	17	0.944	0.9	0.97	0	TRUE	181	167	0.803	0.9	0.968	0	TRUE	18	18	1	0.9	0.972	0	TRUE	181	132	0.701	0.95	0.968	0	TRUE
SRP199583	1	1	1	0.85	0.926	0	TRUE	3	1	0.333	0.6	0.921	0	FALSE	1	0	0	0.95	0.978	0	TRUE	3	0	0	0.75	0.972	0	FALSE	1	1	1	0.85	0.968	0	TRUE	3	0	0	0.5	0.912	0	FALSE	19	2	0	1	3.396	4.136	1	19	0	0			4.136																													
SRP200316	14	11	0.786	0.9	0.944	0	TRUE	237	159	0.636	0.55	0.952	2	TRUE	14	11	0.786	0.85	0.978	0	TRUE	237	219	0.774	0.7	0.969	0	TRUE	14	10	0.714	0.8	0.948	0	TRUE	237	169	0.657	0.8	0.958	0	TRUE	987	774	12	0.828	1.283	1.422	0.711	987	421	48	1	1.316	1.33	0.717																												
SRP200405	15	16	0.722	0.75	0.949	0	TRUE	106	52	0.477	0.6	0.948	0	FALSE	15	6	0.235	0.75	0.847		TRUE	106	0	0	0.3	0.789		FALSE	15	16	0.722	0.9	0.991	0	TRUE	106	82	0.694	0.75	0.984	0	TRUE	1	0	0			3.64		1	0	3569			3.64																													
SRP201011	23	23	1	0.95	0.994	0	TRUE	116	112	0.869	0.95	0.996	0	TRUE	23	24	0.958	0.95	0.987	0	TRUE	116	126	0.754	0.95	0.98	0	TRUE	23	23	1	0.95	0.998	0	TRUE	116	114	0.901	0.95	0.996	0	TRUE	7903	70	167	1	0.506	0.607	0.186	7903	1100	441	0.963	0.378	0.648	0.123																												
SRP201665	31	26	0.839	1	0.994	0	FALSE	466	331	0.703	0.7	0.985	0	FALSE	31	28	0.903	1	0.997	0	TRUE	466	451	0.951	1	0.997	0	TRUE	31	24	0.774	1	0.988	0	FALSE	466	334	0.706	0.8	0.985	0	FALSE	6039	264	193	1	0.336	0.681	0.038	6039	283	91	1	0.342	0.682	0.039																												
SRP201679	18	28	0.586	0.9	0.981	0	TRUE	369	400	0.894	0.9	0.989	0	FALSE	18	20	0.9	0.95	0.977	0	TRUE	369	369	0.937	0.9	0.995	0	TRUE	18	19	0.947	0.95	0.983	0	TRUE	369	357	0.952	0.95	0.997	0	TRUE	115	2	51	1	4.067	0.882	1	115	22	1	1	0.685	0.943	0.227																												
SRP201969	11	11	0.571	0.75	0.908	0	FALSE	77	70	0.515	0.65	0.874	0	TRUE	11	14	0.786	0.85	0.975	0	TRUE	77	107	0.643	0.9	0.98	0	TRUE	11	17	0.4	0.65	0.842	0	FALSE	77	92	0.341	0.65	0.85	0	FALSE	7	3	0	0.333	1.091	3.961	0.667	7	0	0			2.072		11	10	0.5	0.65	0.807	1	TRUE	77	63	0.373	0.5	0.829	0	TRUE	11	3	0.167	0.6	0.768	0	FALSE	77	36	0.242	0.35	0.759	1	FALSE
SRP211825	24	6	0.2	0.5	0.27	1	FALSE	83	82	0.138	0.2	0.563	2	FALSE	24	6	0.2	0.5	0.27	1	FALSE	83	82	0.138	0.2	0.563	2	FALSE	24	26	0.786	0.8	0.93	0	FALSE	83	102	0.504	0.4	0.936	0	FALSE	3591	332	2389	1	0.686	3.87	0.286	3591	332	2389	1	0.686	3.87	0.286																												
SRP212107	31	31	0.938	0.95	0.989	0	TRUE	305	302	0.856	0.75	0.983	0	TRUE	31	31	0.938	0.95	0.985	0	TRUE	305	387	0.788	0.7	0.984	0	TRUE	31	31	1	1	0.993	0	TRUE	305	302	0.939	0.9	0.998	0	TRUE	1317	0	833			0.395		1317	82	293	1	0.341	0.402	0.061																												
SRP212932	14	16	0.875	0.95	0.98	0	FALSE	81	87	0.806	0.95	0.984	0	FALSE	14	17	0.824	0.9	0.98	0	TRUE	81	116	0.669	0.9	0.977	0	TRUE	14	16	0.875	0.95	0.986	0	TRUE	81	78	0.787	0.9	0.985	0	TRUE	8	0	14			0.763		8	0	12			0.763																													
SRP212955	14	17	0.722	0.85	0.963	0	TRUE	185	159	0.792	0.85	0.938	0	TRUE	14	13	0.929	0.95	0.997	0	TRUE	185	187	0.927	1	0.997	0	TRUE	14	0	0	0.65	0.73	0	FALSE	185	19	0.097	0.65	0.711	2	TRUE	289	289	0	1	4.964		0.976	289	49	2	1	3.068	5.332	0.898																												
SRP213018	11	9	0.818	0.95	0.992	0	TRUE	69	96	0.667	0.85	0.985	0	FALSE	11	10	0.75	0.8	0.943	0	TRUE	69	77	0.64	0.65	0.968	0	TRUE	11	11	0.833	0.9	0.986	0	TRUE	69	75	0.756	0.85	0.99	0	TRUE	6065	277	593	0.993	0.988	1.54	0.491	6065	489	689	1	0.947	1.577	0.472																												
SRP213838	28	29	0.9	0.95	0.995	0	TRUE	509	508	0.948	0.85	0.998	0	TRUE	28	30	0.871	0.8	0.988	0	TRUE	509	494	0.854	0.75	0.982	0	TRUE	28	31	0.844	0.95	0.997	0	TRUE	509	498	0.948	0.9	0.998	0	TRUE	4722	344	162	1	0.872	1.122	0.442	4722	1572	101	0.957	0.789	1.288	0.37																												
SRP214273	7	6	0.625	0.85	0.914	0	TRUE	6	4	0.429	0.6	0.895	0	TRUE	7	6	0.3	0.75	0.925	0	FALSE	6	13	0.267	0.45	0.901	0	TRUE	7	8	0.875	0.85	0.936	0	TRUE	6	3	0.286	0.55	0.891	0	TRUE	43	36	3	1	2.395	3.327	0.944	43	40	0	1	2.464	3.327	0.95																												
SRP214375	28	28	1	1	0.999	0	TRUE	232	230	0.933	0.95	0.999	0	TRUE	28	28	1	1	0.999	0	TRUE	232	245	0.916	0.95	0.999	0	TRUE	28	27	0.964	1	1	0	TRUE	232	246	0.92	1	0.999	0	TRUE	4971	78	47	1	0.524	0.661	0.397	4971	67	37	1	0.637	0.658	0.403																												
SRP215863	9	3	0.333	0.7	0.871	0	TRUE	23	16	0.5	0.7	0.873	0	TRUE	9	9	1	0.9	0.982	0	FALSE	23	19	0.615	0.8	0.965	0	TRUE	9	5	0.556	0.85	0.965	0	FALSE	23	13	0.385	0.7	0.933	0	TRUE	38	0	461			5.876		38	15	0	1	5.309	6.281	1																												
SRP216020	26	27	0.963	0.95	0.997	0	TRUE	111	62	0.545	0.9	0.996	0	TRUE	26	26	1	0.95	0.998	0	TRUE	111	134	0.738	0.95	0.996	0	TRUE	26	22	0.846	1	0.999	0	TRUE	111	101	0.893	1	0.995	0	TRUE	205	18	23	1	0.473	0.557	0	205	21	17	1	0.388	0.561	0.048																												
SRP216037	27	26	0.963	0.9	0.995	0	TRUE	276	260	0.868	0.9	0.989	0	FALSE	27	28	0.964	0.9	0.995	0	TRUE	276	296	0.9	0.9	0.995	0	TRUE	27	28	0.897	0.95	0.996	0	TRUE	276	265	0.932	0.95	0.994	0	FALSE	4901	53	775	1	0.317	0.353	0.019	4901	123	318	1	0.338	0.353	0.016																												
SRP216087	28	20	0.548	0.7	0.798	1	TRUE	342	185	0.44	0.55	0.743	34	FALSE	28	25	0.893	0.95	0.985	0	TRUE	342	292	0.822	0.95	0.984	0	TRUE	28	4	0.067	0.5	0.562	7	TRUE	342	19	0.04	0.15	0.535	75	FALSE	8	5	0	1	1.608	0.906	0.6	8	0	0			1.257																													
SRP217736	32	35	0.914	1	0.994	0	TRUE	304	324	0.897	0.95	0.994	0	TRUE	32	32	1	0.95	0.999	0	TRUE	304	323	0.894	0.9	0.994	0	TRUE	32	29	0.906	0.9	0.987	0	TRUE	304	296	0.863	0.85	0.986	0	TRUE	6767	120	570	1	0.48	0.613	0.175	6767	359	120	1	0.42	0.619	0.134																												
SRP217849	16	10	0.625	0.9	0.973	0	TRUE	89	89	0.874	0.95	0.992	0	TRUE	16	15	0.824	0.95	0.998	0	TRUE	89	86	0.862	0.95	0.996	0	TRUE	16	12	0.75	1	0.999	0	TRUE	89	84	0.84	0.95	0.997	0	TRUE	4831	41	365	1	0.491	0.414	0.098	4831	109	128	1	0.264	0.417	0.018																												
SRP217860	7	0	0	0.35	0.057	3	FALSE	18	13	0.033	0.1	0.25	3	FALSE	7	10	0.7	0.9	0.985	0	TRUE	18	17	0.667	0.9	0.979	0	TRUE	7	1	0	0.55	0.137	3	FALSE	18	19	0	0	0.23		FALSE	7	7	0	1	1.929		1	7	1	1	1	11.326	1.887	1																												
SRP217867	24	21	0.875	0.9	0.99	0	TRUE	236	253	0.804	0.85	0.967	0	TRUE	24	23	0.808	0.9	0.987	0	TRUE	236	241	0.828	0.9	0.966	0	TRUE	24	24	0.92	0.9	0.986	0	TRUE	236	279	0.788	0.8	0.96	0	TRUE	2	2	0	1	0.98		0.5	2	2	0	1	0.98		0.5																												
SRP218156	6	9	0.667	0.9	0.977	0	TRUE	120	145	0.791	0.95	0.982	0	TRUE	6	6	1	0.9	0.976	0	TRUE	120	104	0.821	1	0.994	0	TRUE	6	8	0.75	0.9	0.956	0	TRUE	120	119	0.882	1	0.99	0	TRUE	4	0	3			0.551		4	1	0	1	0.485	0.618	0																												
SRP218250	26	27	0.893	0.9	0.997	0	TRUE	163	197	0.756	0.85	0.992	0	TRUE	26	27	0.963	0.95	0.998	0	TRUE	163	180	0.844	0.9	0.997	0	TRUE	26	26	1	0.9	0.987	0	TRUE	163	177	0.838	0.8	0.99	0	TRUE	337	24	17	1	0.443	0.964	0.167	337	23	10	1	0.474	0.969	0.13																												
SRP218851	26	20	0.586	0.7	0.669	0	TRUE	407	252	0.478	0.35	0.73	19	FALSE	26	28	0.862	0.9	0.987	0	TRUE	407	408	0.927	0.8	0.991	1	TRUE	26	25	0.645	0.75	0.904	0	TRUE	407	350	0.694	0.35	0.897	2	TRUE	503	314	28	0.818	0.962	1.671	0.478	503	107	6	1	0.847	1.288	0.402																												
SRP219516	21	21	1	1	0.997	0	TRUE	135	131	0.847	0.85	0.994	0	TRUE	21	20	0.952	1	0.995	0	TRUE	135	139	0.903	0.9	0.995	0	TRUE	21	21	1	1	0.997	0	TRUE	135	131	0.914	0.8	0.997	0	TRUE	5393	207	302	1	0.35	0.532	0.193	5393	409	98	1	0.318	0.54	0.171																												
SRP220131	33	34	0.811	0.9	0.948	0	TRUE	284	259	0.645	0.7	0.928	0	FALSE	33	34	0.971	0.95	0.991	0	TRUE	284	272	0.885	0.9	0.993	0	TRUE	33	38	0.821	0.9	0.959	0	TRUE	284	299	0.746	0.9	0.954	0	TRUE	37	22	9	1	1.041	1.082	0.545	37	10	4	1	0.94	1.082	0.5																												
SRP220333	17	21	0.81	0.95	0.914	0	TRUE	28	45	0.553	0.7	0.95	0	TRUE	17	17	1	0.95	0.984	0	TRUE	28	27	0.964	0.85	0.993	0	TRUE	17	19	0.8	0.85	0.972	0	TRUE	28	49	0.571	0.7	0.965	0	TRUE	5	5	0	1	2.15		1	5	1	0	1	1.047	2.492	1																												
SRP220671	23	24	0.958	0.9	0.987	0	TRUE	304	296	0.887	0.95	0.983	0	TRUE	23	34	0.676	0.85	0.977	0	TRUE	304	355	0.743	0.85	0.95	0	TRUE	23	27	0.852	1	0.999	0	TRUE	304	304	0.936	0.9	0.995	0	TRUE	4	0	3			0.828		4	4	0	1	0.828		0																												
SRP221637	29	29	1	1	0.996	0	FALSE	313	318	0.895	0.95	0.992	0	TRUE	29	29	1	1	0.997	0	FALSE	313	297	0.912	0.95	0.996	1	TRUE	29	29	1	0.95	1	0	FALSE	313	312	0.965	0.95	1	0	TRUE	9751	17	947	0.941	0.749	0.579	0.176	9751	422	289	0.998	0.292	0.599	0.033																												
SRP223303	7	6	0.857	0.95	0.995	0	TRUE	74	72	0.872	0.95	0.992	0	TRUE	7	10	0.417	0.7	0.739	0	FALSE	74	27	0.312	0.6	0.778	1	FALSE	7	6	0.857	0.95	0.995	0	TRUE	74	72	0.872	0.95	0.992	0	TRUE	21	11	0	1	0.99	1.953	0.455	21	16	0	0.938	0.99	2.83	0.438																												
SRP224655	17	15	0.778	0.9	0.979	0	FALSE	168	154	0.75	0.85	0.95	0	FALSE	17	17	0.789	0.85	0.986	0	TRUE	168	167	0.791	0.95	0.962	0	FALSE	17	21	0.727	0.85	0.885	1	FALSE	168	244	0.628	0.75	0.939	0	FALSE	3	0	1			0.74		3	0	5			0.74																													
SRP225503	21	22	0.87	0.95	0.984	0	TRUE	135	145	0.806	0.9	0.982	0	TRUE	21	20	0.864	0.9	0.983	0	TRUE	135	143	0.805	0.85	0.988	0	TRUE	21	23	0.913	0.9	0.988	0	TRUE	135	126	0.706	0.9	0.982	0	TRUE	3131	675	100	1	0.393	0.504	0.067	3131	743	77	1	0.379	0.513	0.066																												
SRP225660	3	5	0.6	0.95	0.987	0	TRUE	7	7	1	0.7	0.962	0	TRUE	3	0	0	0.85	0.968	0	TRUE	7	3	0.429	0.75	0.972	0	TRUE	3	3	1	0.95	0.995	0	TRUE	7	7	1	0.8	0.991	0	TRUE	77	0	17			0.788		77	5	4	1	0.391	0.813	0.2																												
SRP225812	22	18	0.818	0.9	0.957	0	FALSE	157	137	0.607	0.6	0.968	0	TRUE	22	15	0.609	0.95	0.994	0	TRUE	157	136	0.734	0.8	0.985	0	TRUE	22	18	0.818	0.9	0.957	0	FALSE	157	137	0.607	0.6	0.968	0	TRUE	1311	203	201	1	0.76	0.91	0.296	1311	510	29	1	0.648	1.045	0.237																												
SRP227165	27	22	0.815	1	0.974	0	TRUE	217	191	0.821	0.95	0.987	0	TRUE	27	24	0.889	1	0.988	0	TRUE	217	210	0.857	0.95	0.993	0	TRUE	27	29	0.867	1	0.987	0	TRUE	217	259	0.783	0.9	0.991		TRUE	6765	439	1045	1	0.891	2.07	0.433	6765	106	685	1	1.304	1.994	0.604																												
SRP228964	24	22	0.917	0.95	0.994	0	TRUE	205	204	0.826	0.7	0.987	0	TRUE	24	24	1	1	0.997	0	TRUE	205	205	0.889	0.85	0.995	0	TRUE	24	23	0.88	1	0.997	0	TRUE	205	198	0.883	0.8	0.995	0	TRUE	7542	379	563	0.979	0.399	0.776	0.195	7542	418	134	0.995	0.375	0.782	0.148																												
SRP229353	4	2	0.5	0.95	0.972	0	TRUE	8	8	1	0.9	0.967	0	TRUE	4	3	0.75	0.8	0.958	0	TRUE	8	8	1	0.8	0.904	0	TRUE	4	8	0.5	0.75	0.963	0	TRUE	8	18	0.444	0.75	0.945	0	TRUE	32	6	0	1	2.748	2.634	0.833	32	4	12	1	2.748	2.634	0.75																												
SRP229494	13	14	0.929	0.9	0.996	0	TRUE	85	87	0.955	0.9	0.997	0	TRUE	13	12	0.923	0.95	0.979	0	FALSE	85	63	0.721	0.8	0.986	0	FALSE	13	14	0.929	1	0.999	0	TRUE	85	83	0.953	0.9	0.997	0	TRUE	673	30	46	1	0.506	0.531	0.1	673	223	2	1	0.423	0.576	0.112																												
SRP229626	21	22	0.87	0.9	0.976	0	TRUE	218	228	0.828	0.95	0.973	1	TRUE	21	24	0.875	0.95	0.993	0	TRUE	218	216	0.808	0.95	0.984	0	TRUE	21	24	0.875	0.95	0.992	0	TRUE	218	208	0.828	0.95	0.987	0	TRUE	790	0	1273			0.714		790	116	127	1	0.408	0.796	0.103	21	22	0.955	0.95	0.982	0	TRUE	218	225	0.737	0.9	0.954	3	TRUE	21	20	0.952	0.95	0.985	0	TRUE	218	219	0.813	0.95	0.966	1	TRUE
SRP230248	4	4	1	1	0.998	0	FALSE	31	31	1	1	0.994	0	TRUE	4	3	0.75	0.95	0.964	0	FALSE	31	32	0.909	0.95	0.972	0	FALSE	4	4	1	1	0.997	0	FALSE	31	33	0.939	0.95	0.996	0	TRUE	4684	94	83	1	0.267	0.404	0.021	4684	421	187	1	0.231	0.424	0.012																												
SRP230420	8	10	0.8	0.95	0.995	0	TRUE	88	78	0.844	0.9	0.997	0	TRUE	8	9	0.889	0.85	0.988	0	FALSE	88	93	0.792	0.95	0.988	0	TRUE	8	8	1	1	0.996	0	TRUE	88	101	0.835	0.9	0.998	0	TRUE	968	28	13	1	0.199	0.222	0.036	968	163	7	1	0.152	0.236	0.049																												
SRP230425	10	12	0.467	0.85	0.868	0	TRUE	31	23	0.5	0.75	0.879	0	FALSE	10	8	0.636	0.75	0.932	0	FALSE	31	15	0.179	0.35	0.908	0	FALSE	10	12	0.467	0.85	0.868	0	TRUE	31	23	0.5	0.75	0.879	0	FALSE	3214	324	1517	1	1.513	2.846	0.537	3214	994	399	1	0.879	2.976	0.486																												
SRP232913	5	7	0.5	0.75	0.894	0	TRUE	35	23	0.487	0.7	0.94	0	TRUE	5	7	0.714	0.7	0.916	0	TRUE	35	40	0.63	0.85	0.958	0	TRUE	5	9	0.4	0.75	0.925	0	TRUE	35	35	0.556	0.65	0.946	0	TRUE	460	155	33	1	3.976	5.349	0.955	460	184	41	1	3.614	5.494	0.951																												
SRP233206	33	31	0.939	0.95	0.994	0	TRUE	471	462	0.9	0.95	0.995	0	TRUE	33	32	0.97	0.95	0.997	0	TRUE	471	472	0.944	1	0.996	0	TRUE	33	32	0.912	1	0.997	0	TRUE	471	458	0.915	1	0.995	1	TRUE	6465	1037	188	1	0.454	0.697	0.124	6465	501	224	1	0.446	0.672	0.138																												
SRP237364	13	10	0.769	0.85	0.971	0	TRUE	197	208	0.769	0.9	0.969	0	TRUE	13	11	0.6	0.85	0.864	0	TRUE	197	154	0.581	0.9	0.895	0	FALSE	13	13	0.733	0.95	0.968	0	TRUE	197	201	0.817	1	0.981	0	FALSE	2	0	0			4.82		2	2	0	0.5	4.82		1																												
SRP237439	9	12	0.75	0.9	0.984	0	TRUE	138	114	0.813	0.8	0.991	0	TRUE	9	7	0.778	0.9	0.99	0	TRUE	138	127	0.893	1	0.995	0	TRUE	9	7	0.778	0.9	0.99	0	TRUE	138	127	0.893	1	0.995	0	TRUE	74	11	15	1	0.649	1.313	0.091	74	16	8	1	0.678	1.316	0.25																												
SRP237817	23	23	0.917	1	0.995	0	TRUE	138	152	0.824	0.9	0.985	0	TRUE	23	23	0.84	0.95	0.982	0	TRUE	138	155	0.744	0.85	0.949	0	FALSE	23	25	0.92	1	0.998	0	TRUE	138	136	0.903	0.95	0.997	0	TRUE	101	0	50			0.768		101	54	2	1	0.484	1.25	0.13																												
SRP237911	27	25	0.793	0.95	0.987	0	TRUE	302	223	0.606	0.75	0.951	0	TRUE	27	25	0.926	0.95	0.997	0	TRUE	302	276	0.889	0.9	0.991	0	TRUE	27	22	0.815	1	0.993	0	TRUE	302	260	0.801	0.8	0.986	0	TRUE	265	23	23	1	0.551	1.509	0.13	265	68	1	1	0.571	1.829	0.265																												
SRP238851	29	26	0.897	0.95	0.992	0	FALSE	203	194	0.838	0.9	0.991	0	TRUE	29	28	0.9	0.95	0.991	0	TRUE	203	219	0.827	1	0.988	0	TRUE	29	28	0.966	1	0.997	0	FALSE	203	214	0.922	1	0.997	0	TRUE	687	15	136	1	0.324	1.032	0	687	138	28	1	0.63	1.136	0.232	29	27	0.806	0.9	0.963	0	TRUE	203	278	0.625	0.9	0.952	0	TRUE	29	27	0.867	0.95	0.989	0	FALSE	203	195	0.801	0.85	0.985	0	TRUE
SRP251172	14	16	0.875	0.95	0.996	0	FALSE	22	20	0.615	0.75	0.989	0	TRUE	14	13	0.929	1	0.999	0	TRUE	22	21	0.87	0.9	0.993	0	TRUE	14	18	0.778	1	0.994	0	FALSE	22	17	0.773	0.9	0.989	0	TRUE	1406	16	225	1	1.492	0.393	0.625	1406	182	40	1	0.312	0.402	0.159																												
SRP256038	25	24	0.885	0.95	0.998	0	TRUE	363	368	0.919	0.95	0.997	0	TRUE	25	27	0.926	0.9	0.991	0	TRUE	363	358	0.878	0.9	0.993	1	TRUE	25	24	0.96	1	0.999	0	TRUE	363	374	0.96	0.95	0.999	0	TRUE	7045	104	226	1	0.759	0.618	0.423	7045	431	204	1	0.472	0.628	0.232																												
SRP471095	24	23	0.958	1	0.996	0	TRUE	195	189	0.949	1	0.999	0	TRUE	24	22	0.917	0.9	0.997	0	TRUE	195	198	0.899	0.9	0.991	0	TRUE	24	23	0.958	1	0.999	0	TRUE	195	186	0.905	1	0.999	0	TRUE	3613	133	66	1	0.245	0.348	0.12	3613	512	56	1	0.265	0.359	0.074	24	22	0.84	0.9	0.966	0	TRUE	195	226	0.718	0.6	0.918	0	TRUE	24	23	0.958	1	0.996	0	TRUE	195	187	0.939	1	0.997	0	TRUE
